5.000000000000000000e-01 0.000000000000000000e+00
4.973375290146292982e-01 -5.132327617432751871e-02
4.893795030611939878e-01 -1.020906494107005902e-01
4.762137445086147003e-01 -1.517524793447245501e-01
4.579854998564314994e-01 -1.997715767328763492e-01
4.348957679301554968e-01 -2.456292453935372821e-01
4.071989876653083762e-01 -2.888311063756662800e-01
3.752001133554405676e-01 -3.289126359681516787e-01
3.392511125952872852e-01 -3.654443526952966259e-01
2.997469290609123260e-01 -3.980365927728891084e-01
2.571209586474267894e-01 -4.263438185689401028e-01
2.118400932519044488e-01 -4.500684103579838946e-01
1.643993915727420263e-01 -4.689638980037608151e-01
1.153164406776730627e-01 -4.828375960601449801e-01
6.512547546817322452e-02 -4.915526131366346196e-01
1.437132603673717257e-02 -4.950292138959658250e-01
-3.639673519317424694e-02 -4.932455199876238372e-01
-8.663117398011144221e-02 -4.862375442808766213e-01
-1.357923296586921458e-01 -4.740985607483416686e-01
-1.833544335501022526e-01 -4.569778203576805864e-01
-2.288114402741087128e-01 -4.350786311511974924e-01
-2.716826044537606899e-01 -4.086558282521468577e-01
-3.115177387291732103e-01 -3.780126667382086580e-01
-3.479020931934115879e-01 -3.434971770776834021e-01
-3.804608012740674505e-01 -3.054980290496190354e-01
-4.088628426422682427e-01 -2.644399556897389925e-01
-4.328244798622188916e-01 -2.207787937524000044e-01
-4.521121321176052033e-01 -1.749962013967485963e-01
-4.665446563791002532e-01 -1.275941172444363392e-01
-4.759950137179989049e-01 -7.908902757884637980e-02
-4.803913060294050519e-01 -3.000611023474492739e-02
-4.797171761070804230e-01 1.912667535325630191e-02
-4.740115717128827177e-01 6.778448241966494869e-02
-4.633678819090043532e-01 1.154513867327939258e-01
-4.479324613751529127e-01 1.616260449752260075e-01
-4.279025656225712848e-01 2.058271370131011802e-01
-4.035237268538691691e-01 2.475985306527157259e-01
-3.750866066188967562e-01 2.865141114323874749e-01
-3.429233673967412854e-01 3.221822245102801130e-01
-3.074036102250156111e-01 3.542496813785591114e-01
-2.689299304363495513e-01 3.824052892403215220e-01
-2.279331477589764399e-01 4.063828671961158823e-01
-1.848672697374339757e-01 4.259637204646868902e-01
-1.402042502179994821e-01 4.409785502415097813e-01
-9.442860624982707396e-02 4.513087839474774210e-01
-4.803195762366885280e-02 4.568873177450675782e-01
-1.507553338151474071e-03 4.576986703293062231e-01
4.465515144129183350e-02 4.537785540452379252e-01
8.997580586348272180e-02 4.452128762541157636e-01
1.339883014858953281e-01 4.321361904822773603e-01
1.762456811001257284e-01 4.147296231593738947e-01
2.163247650063533090e-01 3.932183076115278175e-01
2.538304456548686749e-01 3.678683623518957391e-01
2.883996063100091045e-01 3.389834555450856879e-01
3.197046245972563483e-01 3.069010017601004892e-01
3.474564273937695291e-01 2.719880407247461940e-01
3.714070694382049509e-01 2.346368507176909146e-01
3.913518141863696620e-01 1.952603514569754284e-01
4.071307017423925756e-01 1.542873528498267810e-01
4.186295950673919464e-01 1.121577067518840787e-01
4.257807020263341125e-01 6.931741894786040692e-02
4.285625770978476190e-01 2.621377792313572472e-02
4.269996126628420874e-01 -1.670944433119038106e-02
4.211610356355086626e-01 -5.901666595322607040e-02
4.111594308281294463e-01 -1.002849934174479540e-01
3.971488171880325768e-01 -1.401084963044039455e-01
3.793223082301067084e-01 -1.781022142319841350e-01
3.579093920605024293e-01 -2.139058570773377521e-01
3.331728699690484907e-01 -2.471871630785271445e-01
3.054054957330136766e-01 -2.776448845223722373e-01
2.749263602914057136e-01 -3.050113758391150842e-01
2.420770683518395361e-01 -3.290547642226175906e-01
2.072177547716200774e-01 -3.495806883037998469e-01
1.707229892101958524e-01 -3.664335958521137138e-01
1.329776175891218826e-01 -3.794975968934848343e-01
9.437258833385304968e-02 -3.886968739439262133e-01
5.530081023256286366e-02 -3.939956561997162154e-01
1.615308706150051996e-02 -3.953977694353298933e-01
-2.268582806844841523e-02 -3.929457779817455698e-01
-6.084101834997401176e-02 -3.867197394382750342e-01
-9.795099168616207275e-02 -3.768355966647347621e-01
-1.336710380918697261e-01 -3.634432350682457180e-01
-1.676763260654685617e-01 -3.467242362078254980e-01
-1.996647119052712971e-01 -3.268893612651477820e-01
-2.293592401312599949e-01 -3.041757999537191282e-01
-2.565103174852317314e-01 -2.788442219511471643e-01
-2.808975473596659334e-01 -2.511756689374616824e-01
-3.023312158870428146e-01 -2.214683258112184194e-01
-3.206534249708504203e-01 -1.900342100444889493e-01
-3.357388730498500617e-01 -1.571958161714587243e-01
-3.474952864371984584e-01 -1.232827529980339565e-01
-3.558635085763699468e-01 -8.862841034623702985e-02
-3.608172594111611620e-01 -5.356668818203470794e-02
-3.623625790687689530e-01 -1.842882035052718914e-02
-3.605369733811728539e-01 1.645967760134327620e-02
-3.554082813863688184e-01 5.078190971035149298e-02
-3.470732871939214981e-01 8.423232607513347903e-02
-3.356561004545393079e-01 1.165192536628923831e-01
-3.213063311329288352e-01 1.473672137455082076e-01
-3.041970853453502266e-01 1.765190114943594457e-01
-2.845228096923864691e-01 2.037375865067080349e-01
-2.624970118036123456e-01 2.288076162484100340e-01
-2.383498847296610101e-01 2.515368675337735227e-01
-2.123258623892291530e-01 2.717572941824826227e-01
-1.846811325289014205e-01 2.893258818582092884e-01
-1.556811326113275440e-01 3.041252437705447842e-01
-1.255980527445733352e-01 3.160639733824616160e-01
-9.470836823737802113e-02 3.250767624857782145e-01
-6.329042264856570010e-02 3.311242949682394188e-01
-3.162208033222511927e-02 3.341929282842666660e-01
2.153449765437761448e-05 3.342941760488407632e-01
3.137019720988541011e-02 3.314640062972312173e-01
6.216062781798384340e-02 3.257619707943371634e-01
9.213841011656020985e-02 3.172701817184044870e-01
1.210597785387405312e-01 3.060921511650186444e-01
1.486932640858762977e-01 2.923515096690188497e-01
1.748211930936936498e-01 2.761906211846866244e-01
1.992410380326293806e-01 2.577691092888818591e-01
2.217666180107421559e-01 2.372623099924577039e-01
2.422291489022694311e-01 2.148596656206959443e-01
2.604781443008286068e-01 1.907630733787408772e-01
2.763821695879641882e-01 1.651852012774879530e-01
2.898294523107760590e-01 1.383477830891595151e-01
3.007283527765980957e-01 1.104799029596016391e-01
3.090076993022610741e-01 8.181627925499389276e-02
3.146169929084630112e-01 5.259555619153480355e-02
3.175264864379914731e-01 2.305861081311730634e-02
3.177271431151852954e-01 -6.553118033067004133e-03
3.152304794711646707e-01 -3.599927289964390681e-02
3.100682973556146416e-01 -6.504218801888539403e-02
3.022923094637979258e-01 -9.344846216011354345e-02
2.919736624510100853e-01 -1.209904900404609046e-01
2.792023613107122992e-01 -1.474479486061496536e-01
2.640865982822455105e-01 -1.726092347076573774e-01
2.467519891542411248e-01 -1.962728507654551979e-01
2.273407194646392959e-01 -2.182487349695652612e-01
2.060106027903015891e-01 -2.383595323857654324e-01
1.829340530893533989e-01 -2.564418030670739257e-01
1.582969742131132007e-01 -2.723471629979418718e-01
1.322975644590205502e-01 -2.859433534804416421e-01
1.051450407003483856e-01 -2.971152325044650877e-01
7.705828694259708733e-02 -3.057656835085596492e-01
4.826442588888670698e-02 -3.118164353691625368e-01
1.899731783317515355e-02 -3.152087867789726272e-01
-1.050400942033662306e-02 -3.159042279433172395e-01
-3.999699512585694339e-02 -3.138849521751666538e-01
-6.923723925777039434e-02 -3.091542497213967677e-01
-9.798024885352941971e-02 -3.017367760276012945e-01
-1.259832295181991524e-01 -2.916786866667948064e-01
-1.530069133939032378e-01 -2.790476313368325245e-01
-1.788174136738243103e-01 -2.639325996873848057e-01
-2.031880944964004621e-01 -2.464436122816175689e-01
-2.259014438187917362e-01 -2.267112507383523823e-01
-2.467509356688435129e-01 -2.048860220414751021e-01
-2.655428670418021331e-01 -1.811375531445641451e-01
-2.820981536723832783e-01 -1.556536133356447027e-01
-2.962540680045838704e-01 -1.286389633507939168e-01
-3.078659019300775679e-01 -1.003140319228188054e-01
-3.168085362988344311e-01 -7.091342230498103028e-02
-3.229778988483494873e-01 -4.068425329826851761e-02
-3.262922920734856458e-01 -9.884341408784358407e-03
-3.266935726871736390e-01 2.121976705923500628e-02
-3.241481647191574722e-01 5.235490294111544429e-02
-3.186478907538449201e-01 8.324350641080441315e-02
-3.102105998387639230e-01 1.136059712329215848e-01
-2.988805799340376601e-01 1.431630804084997599e-01
-2.847287455454007854e-01 1.716385136604765549e-01
-2.678525835570039759e-01 1.987614069951813556e-01
-2.483758493096879238e-01 2.242689400583804393e-01
-2.264480056936714336e-01 2.479089263274677490e-01
-2.022434006041429200e-01 2.694423798813842530e-01
-1.759601808907428899e-01 2.886460314679642480e-01
-1.478189438859685845e-01 3.053147658739895354e-01
-1.180611306876356709e-01 3.192639522219200554e-01
-8.694716855765238783e-02 3.303316387904407514e-01
-5.475437304138555672e-02 3.383805843002603564e-01
-2.177462366424458284e-02 3.433000983335155465e-01
1.168816972162052548e-02 3.450076646706801142e-01
4.532078973496080770e-02 3.434503228333236624e-01
7.880360020079174577e-02 3.386057850087634269e-01
1.118135747950000369e-01 3.304832677919606887e-01
1.440274369736206650e-01 3.191240207933332962e-01
1.751248802366065782e-01 3.046015371049965448e-01
2.047918357629458230e-01 2.870214338631874029e-01
2.327237527925177796e-01 2.665209946567507759e-01
2.586288558550213779e-01 2.432683692711333778e-01
2.822313420879535295e-01 2.174614301803436678e-01
3.032744814691101798e-01 1.893262892579054002e-01
3.215235848992483159e-01 1.591154836492082447e-01
3.367687978656537240e-01 1.271058376352068031e-01
3.488276866080712857e-01 9.359602140440909102e-02
3.575475880137483631e-01 5.890382814086808638e-02
3.628076850689265220e-01 2.336318885161227030e-02
3.645207798453172221e-01 -1.267904566186730045e-02
3.626347371352819926e-01 -4.886652455259169608e-02
3.571335751250315771e-01 -8.483698408698864268e-02
3.480381831517270208e-01 -1.202259650822784798e-01
3.354066505883865901e-01 -1.546706210703830686e-01
3.193341951948359680e-01 -1.878135756578067916e-01
2.999526838133499962e-01 -2.193067860506843214e-01
2.774297430194490044e-01 -2.488153687227626920e-01
2.519674622030932953e-01 -2.760213427455900370e-01
2.238006964918438924e-01 -3.006272463918447380e-01
1.931949818718433631e-01 -3.223595832745673739e-01
1.604440797498346838e-01 -3.409720554995744890e-01
1.258671729645897130e-01 -3.562485430803860598e-01
8.980573983429400442e-02 -3.680057911817728455e-01
5.262013715429060545e-02 -3.760957695990372329e-01
1.468592707612762817e-02 -3.804076722174479785e-01
-2.361001355367554899e-02 -3.808695279947298395e-01
-6.187355959200253885e-02 -3.774493992272316412e-01
-9.970753517831074109e-02 -3.701561474491483761e-01
-1.367159956997101855e-01 -3.590397522199819669e-01
-1.725085477178348592e-01 -3.441911755294426722e-01
-2.067046520796450015e-01 -3.257417596653928715e-01
-2.389378615000077311e-01 -3.038621667199790100e-01
-2.688599486772226821e-01 -2.787608700524940586e-01
-2.961448699411063923e-01 -2.506822025574474977e-01
-3.204925180740653134e-01 -2.199039822331896321e-01
-3.416322184205811130e-01 -1.867347381343635870e-01
-3.593259249746427186e-01 -1.515105648593092491e-01
-3.733710762775229175e-01 -1.145916384979233094e-01
-3.836030746356606236e-01 -7.635843138163972421e-02
-3.898973563384974250e-01 -3.720766697451787647e-02
-3.921710251702806294e-01 2.451940232746973279e-03
-3.903840265130151255e-01 4.220411196562950246e-02
-3.845398446692667171e-01 8.162955025444534884e-02
-3.746857116278370925e-01 1.203105462512463614e-01
-3.609123212828635463e-01 1.578356004631533693e-01
-3.433530490250235601e-01 1.938040005491518392e-01
-3.221826825774093961e-01 2.278303029510873601e-01
-2.976156758723810802e-01 2.595486654214663180e-01
-2.699039435832655265e-01 2.886169789651653605e-01
-2.393342195609989287e-01 3.147207498149869886e-01
-2.062250078075493487e-01 3.375766847892542888e-01
-1.709231596749324900e-01 3.569359367020599194e-01
-1.338001156444897644e-01 3.725869703741163663e-01
-9.524785425430488950e-02 3.843580141776848369e-01
-5.567459272465315190e-02 3.921190701948156776e-01
-1.550029241978982675e-02 3.957834471986835800e-01
2.484797844435139569e-02 3.953088055126530165e-01
6.494077699784656099e-02 3.906977060232800780e-01
1.043510531584187773e-01 3.819976452970626490e-01
1.426588975798136205e-01 3.693005789324026455e-01
1.794562145279017251e-01 3.527419378274141426e-01
2.143512649104427070e-01 3.324991481522872050e-01
2.469730261704760343e-01 3.087896717996787554e-01
2.769753178985323583e-01 2.818685898717474547e-01
3.040406447987446525e-01 2.520257572741711471e-01
3.278837120236233194e-01 2.195825616554936688e-01
3.482545718290414594e-01 1.848883246886100229e-01
3.649413649448711716e-01 1.483163879795950102e-01
3.777726249511317302e-01 1.102599296530646228e-01
3.866191192320073133e-01 7.112756085532238870e-02
3.913952056832235016e-01 3.133875399669217021e-02
3.920596902004709894e-01 -8.680843509301658725e-03
3.886161760031484058e-01 -4.850415498341014570e-02
3.811129019718104138e-01 -8.770742408167664372e-02
3.696420733214309529e-01 -1.258749127483492769e-01
3.543386940178991917e-01 -1.626034927954911335e-01
3.353789162950286395e-01 -1.975070778434945828e-01
3.129779283687781910e-01 -2.302208444683137012e-01
2.873874069022868682e-01 -2.604051941358611066e-01
2.588925647919736450e-01 -2.877494150205522350e-01
2.278088320197230177e-01 -3.119749892622336596e-01
1.944782128746220251e-01 -3.328385182668893716e-01
1.592653585068464217e-01 -3.501342421923124837e-01
1.225534046312744957e-01 -3.636961136289023067e-01
8.473962416578753598e-02 -3.733994083130225405e-01
4.623094663283970618e-02 -3.791618570592673598e-01
7.439397399378146376e-03 -3.809442889394120124e-01
-3.122248958609549416e-02 -3.787507816592739496e-01
-6.934623198229740437e-02 -3.726283210144985536e-01
-1.065318793339731090e-01 -3.626659771671916221e-01
-1.423923619910932581e-01 -3.489936112035736393e-01
-1.765576592269773037e-01 -3.317801309370973506e-01
-2.086787397133690325e-01 -3.112313201437840737e-01
-2.384312306630291811e-01 -2.875872702931758229e-01
-2.655187756109061437e-01 -2.611194483106387687e-01
-2.896760449220838751e-01 -2.321274379219345763e-01
-3.106713676316957273e-01 -2.009353956426595811e-01
-3.283089580773831950e-01 -1.678882654439853850e-01
-3.424307159134376000e-01 -1.333477985202861649e-01
-3.529175834293593050e-01 -9.768842637970737153e-02
-3.596904495641558563e-01 -6.129303665960818270e-02
-3.627105955402479265e-01 -2.454870162739995060e-02
-3.619796825663162410e-01 1.215759073585549223e-02
-3.575392875067248677e-01 4.844315384796547136e-02
-3.494699974899366790e-01 8.393372478537194925e-02
-3.378900782080426768e-01 1.182674306422292904e-01
-3.229537422615351705e-01 1.510985651324967538e-01
-3.048490391890722462e-01 1.821011449828359996e-01
-2.837953965235645581e-01 2.109721936324568947e-01
-2.600408461076412769e-01 2.374347233482844433e-01
-2.338589722617494537e-01 2.612403861414512307e-01
-2.055456211055418092e-01 2.821717682796151538e-01
-1.754154125120639951e-01 3.000443078341799574e-01
-1.437980978056564996e-01 3.147078195189976224e-01
-1.110348073870956465e-01 3.260476160031628434e-01
-7.747423297950185861e-02 3.339852198502936687e-01
-4.346878913964688507e-02 3.384786651860145490e-01
-9.370798082526591091e-03 3.395223930613872065e-01
2.447125925948757247e-02 3.371467492021833490e-01
5.771638465317402433e-02 3.314170973545979559e-01
9.003455727249774776e-02 3.224325657034584625e-01
1.211100450568795006e-01 3.103244477998379214e-01
1.506444990168216425e-01 2.952542830468745660e-01
1.783598000717196985e-01 2.774116450167729564e-01
2.040006315917850255e-01 2.570116686755860580e-01
2.273367546496363190e-01 2.342923499489752981e-01
2.481649670122890172e-01 2.095116529517740966e-01
2.663107310646319337e-01 1.829444616136189916e-01
2.816294600941588455e-01 1.548794133556685715e-01
2.940074574082021108e-01 1.256156475315494681e-01
3.033625013845279161e-01 9.545952261180906673e-02
3.096440862849255682e-01 6.472133003359778480e-02
3.128333227589978893e-01 3.371202916424644036e-02
3.129425043547225949e-01 2.740054827023669613e-03
3.100143554223706022e-01 -2.789177426453378142e-02
3.041209771700738029e-01 -5.788921486870952926e-02
2.953625116345460211e-01 -8.696939753149207641e-02
2.838655459996199948e-01 -1.148634377449785915e-01
2.697812820038523185e-01 -1.413188368030717512e-01
2.532834971076441954e-01 -1.661016523637990350e-01
2.345663256270680841e-01 -1.889984220232054091e-01
2.138418891786959541e-01 -2.098178265945045418e-01
1.913378065157437247e-01 -2.283920832202521456e-01
1.672946131750123189e-01 -2.445780618778433946e-01
1.419631213060363883e-01 -2.582581222242848473e-01
1.156017496333220929e-01 -2.693406710217495781e-01
8.847385272907604126e-02 -2.777604435504466007e-01
6.084507767125953148e-02 -2.834785154125865625e-01
3.298077475783543072e-02 -2.864820539272153188e-01
5.143487273732674087e-03 -2.867838208809791456e-01
-2.240945660391082533e-02 -2.844214407094695640e-01
-4.942822878833479094e-02 -2.794564502172978693e-01
-7.567264445460693267e-02 -2.719731476868931241e-01
-1.009141471007915236e-01 -2.620772606655280557e-01
-1.249376235538757207e-01 -2.498944472209029544e-01
-1.475430294202899340e-01 -2.355686681064459442e-01
-1.685468264342800115e-01 -2.192604427549594281e-01
-1.877832255276535300e-01 -2.011449976286940611e-01
-2.051052249363548574e-01 -1.814103456245801937e-01
-2.203854450069344662e-01 -1.602553130240090828e-01
-2.335167605581242034e-01 -1.378875349824075780e-01
-2.444127337558242852e-01 -1.145214397433181319e-01
-2.530078523957031700e-01 -9.037624074908284788e-02
-2.592575802380779892e-01 -6.567395463248326681e-02
-2.631382275904682322e-01 -4.063746173921557042e-02
-2.646466516738839592e-01 -1.548862437924793979e-02
-2.637997974332094153e-01 9.553523534350049848e-03
-2.606340903576619406e-01 3.427450339796765666e-02
-2.552046935657454330e-01 5.846602494673117795e-02
-2.475846418855945918e-01 8.192751659344445214e-02
-2.378638659347329654e-01 1.044675458726124773e-01
-2.261481192848324440e-01 1.259051243379959162e-01
-2.125578217016292626e-01 1.460708927437632532e-01
-1.972268311947233954e-01 1.648081837302113051e-01
-1.803011572155588105e-01 1.819739605188287479e-01
-1.619376268250233009e-01 1.974396312848980262e-01
-1.423025150364856384e-01 2.110917399088341750e-01
-1.215701498480218218e-01 2.228325347033204007e-01
-9.992150173155894821e-02 2.325804174686154357e-01
-7.754276358089395860e-02 2.402702701687177422e-01
-5.462394094978228337e-02 2.458536784927238816e-01
-3.135744758305457347e-02 2.492990484636962156e-01
-7.936710487070655975e-03 2.505916057681970566e-01
1.544519912993811209e-02 2.497332986045878167e-01
3.859690787391856226e-02 2.467426032953209392e-01
6.133005037438848256e-02 2.416542367253708967e-01
8.346054341201915305e-02 2.345187795314476742e-01
1.048098200880882569e-01 2.254022137798057934e-01
1.252060204653276387e-01 2.143853786523794991e-01
1.444851353215323708e-01 2.015633474298744177e-01
1.624920997770122055e-01 1.870447288342646230e-01
1.790818335892386537e-01 1.709508955891638760e-01
1.941202248601971159e-01 1.534151428909021064e-01
2.074850537837966691e-01 1.345817793705689769e-01
2.190668528842271978e-01 1.146051530806782986e-01
2.287696999753098259e-01 9.364861507025577791e-02
2.365119398211919521e-01 7.188342322749328994e-02
2.422268302169290066e-01 4.948758927549395947e-02
2.458631079511679474e-01 2.664467210718611881e-02
2.473854698803158725e-01 3.542521040496491441e-03
2.467749641522667403e-01 -1.962802693824156064e-02
2.440292864856086763e-01 -4.267449130135816948e-02
2.391629763540189801e-01 -6.540412818461491251e-02
2.322075079608762194e-01 -8.762534065810967387e-02
2.232112669075717593e-01 -1.091491067533687520e-01
2.122394228338053412e-01 -1.297904325071461695e-01
1.993736792390254642e-01 -1.493698155689119900e-01
1.847118916914760878e-01 -1.677146952966790394e-01
1.683675650658628398e-01 -1.846608952413475724e-01
1.504692222260141932e-01 -2.000540426740235744e-01
1.311596427412905497e-01 -2.137509535939560168e-01
1.105949712959932579e-01 -2.256209710268784474e-01
8.894369664676117504e-02 -2.355472439006484064e-01
6.638550329268824712e-02 -2.434279333875550844e-01
4.310999943241135973e-02 -2.491773333495800602e-01
1.931532627461599039e-02 -2.527268914315743964e-01
-4.793344676423304251e-03 -2.540261174329312976e-01
-2.900541814255537532e-02 -2.530433658635581895e-01
-5.310657557004248158e-02 -2.497664800645872651e-01
-7.688055816961075761e-02 -2.442032859550172241e-01
-1.001110194950336346e-01 -2.363819243556533611e-01
-1.225834330520302329e-01 -2.263510119410913068e-01
-1.440870390156832881e-01 -2.141796221751606222e-01
-1.644168128402283546e-01 -1.999570790875860038e-01
-1.833754373970832574e-01 -1.837925584382625599e-01
-2.007752593013437115e-01 -1.658144926754678006e-01
-2.164402093079965672e-01 -1.461697781069777047e-01
-2.302076660989850476e-01 -1.250227848465485792e-01
-2.419302424606454283e-01 -1.025541723475983935e-01
-2.514774675164824780e-01 -7.895952084450350017e-02
-2.587373624561018493e-01 -5.444777292253175777e-02
-2.636178730758752531e-01 -2.923949915565829047e-02
-2.660481318139550355e-01 -3.565014966688193065e-03
-2.659795479259123296e-01 2.233765135925035172e-02
-2.633867022861783869e-01 4.822491876093665947e-02
-2.582680311873296053e-01 7.384992263664798273e-02
-2.506462853802243207e-01 9.896487232451499361e-02
-2.405687527166868733e-01 1.233234741590058664e-01
-2.281072351026849077e-01 1.466833958926165027e-01
-2.133577730195813649e-01 1.688087469806353602e-01
-1.964401135961512945e-01 1.894725482132847694e-01
-1.774969210832563205e-01 2.084591634669513971e-01
-1.566927315619844885e-01 2.255666659542591990e-01
-1.342126567676845128e-01 2.406091112970064894e-01
-1.102608449975574223e-01 2.534186900376990681e-01
-8.505871014764854188e-02 2.638477328510856479e-01
-5.884294295453548762e-02 2.717705427184115008e-01
-3.186332145566774660e-02 2.770850296807049751e-01
-4.380340488314497273e-03 2.797141254848662939e-01
2.333731732061451042e-02 2.796069574641809052e-01
5.101544420258515011e-02 2.767397633346671548e-01
7.837707649379738184e-02 2.711165312171520680e-01
1.051453415579003958e-01 2.627693520843303321e-01
1.310463518979967101e-01 2.517584749502488339e-01
1.558121083357245085e-01 2.381720630403531824e-01
1.791834012211984684e-01 2.221256369901082328e-01
2.009126587699324729e-01 2.037612073362974618e-01
2.207666988794548257e-01 1.832461150571485509e-01
2.385293722963529039e-01 1.607715754622175974e-01
2.540040579027387779e-01 1.365509401438087800e-01
2.670159793476008514e-01 1.108176921626454342e-01
2.774143138341053638e-01 8.382319307645128004e-02
2.850740658511691783e-01 5.583420368574794346e-02
2.898976809875912775e-01 2.713020342108087360e-02
2.918163776654073560e-01 -1.999463913198976008e-03
2.907911776465270104e-01 -3.125858783196382162e-02
2.868136194690175667e-01 -6.034719993740240984e-02
2.799061425181351703e-01 -8.896475961469489657e-02
2.701221331900799938e-01 -1.168133811199055655e-01
2.575456285178583937e-01 -1.436010655582304896e-01
2.422906766502236353e-01 -1.690449007237953549e-01
2.245003576560450631e-01 -1.928741916973458759e-01
2.043454722157977133e-01 -2.148334854820425355e-01
1.820229098066498963e-01 -2.346854538007501212e-01
1.577537119353520922e-01 -2.522135994751859012e-01
1.317808497720054373e-01 -2.672247535464333246e-01
1.043667391374891174e-01 -2.795513324600257254e-01
7.579051914966505876e-02 -2.890533272036296397e-01
4.634512389311646469e-02 -2.956199992223467743e-01
1.633418672602344329e-02 -2.991712649746901542e-01
-1.393121282811437579e-02 -2.996587428228005834e-01
-4.413590413501364967e-02 -2.970664464241058456e-01
-7.396403100178029766e-02 -2.914111275637489840e-01
-1.031024925629306366e-01 -2.827422523253393938e-01
-1.312443717864662796e-01 -2.711416106789769631e-01
-1.580923119600415871e-01 -2.567225618936057052e-01
-1.833618019049086112e-01 -2.396289225343167795e-01
-2.067843315385641256e-01 -2.200335081005322935e-01
-2.281103807573524878e-01 -1.981363435430789632e-01
-2.471122064228924720e-01 -1.741625619132868286e-01
-2.635863944901691847e-01 -1.483600141936276262e-01
-2.773561469836608451e-01 -1.209966168879181292e-01
-2.882732765786276130e-01 -9.235746716397029432e-02
-2.962198849402439826e-01 -6.274175820092869893e-02
-3.011097046715636161e-01 -3.245952986010019331e-02
-3.028890886762491963e-01 -1.828291839587744931e-03
-3.015376349040269077e-01 2.883044193727909987e-02
-2.970684387635886270e-01 5.919466783279345862e-02
-2.895279699047310085e-01 8.894541540865835705e-02
-2.789955745331066383e-01 1.177702381128991616e-01
-2.655826088706632060e-01 1.453666314745298560e-01
-2.494312137564086707e-01 1.714453393984277374e-01
-2.307127446402141013e-01 1.957335104931385017e-01
-2.096258753032387012e-01 2.179776681698002982e-01
-1.863944059982879375e-01 2.379464630996774022e-01
-1.612647748223007826e-01 2.554331726571895667e-01
-1.345033210063787121e-01 2.702579142904268372e-01
-1.063933485029916332e-01 2.822695594680691977e-01
-7.723199772911018557e-02 2.913473208596107367e-01
-4.732697081173262155e-02 2.974019960941701735e-01
-1.699314841565188403e-02 3.003768548864110266e-01
1.345086262333245603e-02 3.002481605851908819e-01
4.368621097641919165e-02 2.970253215591071583e-01
7.339727175689618466e-02 2.907506722278273559e-01
1.022750669764632969e-01 2.814988879235056918e-01
1.300205965876691516e-01 2.693760420677599465e-01
1.563480424476967889e-01 2.545183183229333124e-01
1.809878092598463661e-01 2.370903943700246319e-01
2.036893686963525407e-01 2.172835177306886578e-01
2.242238754496996556e-01 1.953132975413929551e-01
2.423865268644741500e-01 1.714172393622940271e-01
2.579986410287435361e-01 1.458520529242733621e-01
2.709094317097953120e-01 1.188907651523053999e-01
2.809974622574042402e-01 9.081967282467057201e-02
2.881717645195960853e-01 6.193517081384034700e-02
2.923726128701860105e-01 3.254049299033018317e-02
2.935719475820184887e-01 2.942403545658148992e-03
2.917734459421030269e-01 -2.655212329897204890e-02
2.870122436422509193e-01 -5.563919748316856900e-02
2.793543222823888228e-01 -8.402124531673250962e-02
2.688955450042728734e-01 -1.114101446161045728e-01
2.557603739620913363e-01 -1.375302199922205648e-01
2.401003065401077774e-01 -1.621210748838123328e-01
2.220920229640434840e-01 -1.849402288960942387e-01
2.019352786713189962e-01 -2.057655321706557405e-01
1.798505681777798904e-01 -2.243973323833904632e-01
1.560765894676593435e-01 -2.406603731686847714e-01
1.308675398394134604e-01 -2.544054061777170639e-01
1.044902756447109449e-01 -2.655105025506701577e-01
7.722136944881083376e-02 -2.738820532696206733e-01
4.934409881093409361e-02 -2.794554516128003874e-01
2.114540113174313493e-02 -2.821954547036610306e-01
-7.087171154067298598e-03 -2.820962248921811688e-01
-3.506846133917861791e-02 -2.791810553747426371e-01
-6.251865242850923599e-02 -2.735017880081518360e-01
-8.916611296090737326e-02 -2.651379346608221943e-01
-1.147501149744152155e-01 -2.541955166305298053e-01
-1.390233964363780106e-01 -2.408056396076827255e-01
-1.617545427634843602e-01 -2.251228243436843024e-01
-1.827301646148896119e-01 -2.073231155679239601e-01
-2.017568519162748764e-01 -1.876019937608542076e-01
-2.186628870243877421e-01 -1.661721161159081250e-01
-2.332997030292149054e-01 -1.432609143959366893e-01
-2.455430763725380272e-01 -1.191080784016353145e-01
-2.552940557938053190e-01 -9.396295499920026550e-02
-2.624795944427415484e-01 -6.808188623168938414e-02
-2.670529021723518914e-01 -4.172552833169840270e-02
-2.689935410641530744e-01 -1.515617527910494144e-02
-2.683072400583183525e-01 1.136488858118367765e-02
-2.650254458727699935e-01 3.757997686954495098e-02
-2.592046208617744263e-01 6.323750449068767099e-02
-2.509253009765787801e-01 8.809438160722536659e-02
-2.402909292736121472e-01 1.119182757955913821e-01
-2.274264824483039904e-01 1.344897219801950705e-01
-2.124769096372410293e-01 1.556040619832336491e-01
-1.956054042149302785e-01 1.750731979085929924e-01
-1.769915305048409548e-01 1.927271460640919698e-01
-1.568292282228653800e-01 2.084153806820005783e-01
-1.353247180742474520e-01 2.220079592886071707e-01
-1.126943322358007066e-01 2.333964241656945049e-01
-8.916229348116977427e-02 2.424944769073967277e-01
-6.495846645890199222e-02 2.492384255740073551e-01
-4.031610412546839800e-02 2.535874063509057086e-01
-1.546961158540101182e-02 2.555233839092973525e-01
9.347651381641841617e-03 2.550509368120849607e-01
3.390550899959556691e-02 2.521968362920519180e-01
5.797903062183142053e-02 2.470094285329639539e-01
8.135049704470104226e-02 2.395578321928610588e-01
1.038112563727845439e-01 2.299309643118000457e-01
1.251634650015275851e-01 2.182364113332926070e-01
1.452216739531754786e-01 2.045991489767421678e-01
1.638142661011650070e-01 1.891601426931906749e-01
1.807847579024677298e-01 1.720748437717072310e-01
1.959929306297560903e-01 1.535115886361881898e-01
2.093157950593871053e-01 1.336499228021374164e-01
2.206483865949427914e-01 1.126788664818942909e-01
2.299043894949486244e-01 9.079513858810675520e-02
2.370165904735143936e-01 6.820135548465776354e-02
2.419371634393295278e-01 4.510422028842434039e-02
2.446377885196268087e-01 2.171271785205343419e-02
2.451096097720132649e-01 -1.763670223915544261e-03
2.433630371117875557e-01 -2.511671707259748379e-02
2.394273989715173245e-01 -4.814115600058164329e-02
2.333504530618857320e-01 -7.063632834347845224e-02
2.251977633192475958e-01 -9.240776322038604662e-02
2.150519517094689470e-01 -1.132686797116583266e-01
2.030118340150461886e-01 -1.330414030247724921e-01
1.891914490707850005e-01 -1.515586872379827421e-01
1.737189911416195942e-01 -1.686649382077445858e-01
1.567356552650491508e-01 -1.842173311824108761e-01
1.383944054217484954e-01 -1.980868185722371444e-01
1.188586753635419574e-01 -2.101590241771918999e-01
9.830101183088525707e-02 -2.203350209644592272e-01
7.690166974516708664e-02 -2.285319902140275916e-01
5.484715990921507078e-02 -2.346837646481742812e-01
3.232878340336699935e-02 -2.387412380639384046e-01
9.541149030204740256e-03 -2.406726594685819343e-01
-1.331933941074461315e-02 -2.404638144417132750e-01
-3.605599133179383103e-02 -2.381180796986697157e-01
-5.847333249047546172e-02 -2.336563577550327953e-01
-8.037859491808362067e-02 -2.271168929668920533e-01
-1.015831856772523856e-01 -2.185549705558090805e-01
-1.219041266201903312e-01 -2.080425005476067568e-01
-1.411654574309658128e-01 -1.956674888698916592e-01
-1.591995943225005261e-01 -1.815333981742472680e-01
-1.758486368249497223e-01 -1.657584012844680044e-01
-1.909656151519053269e-01 -1.484745305304512042e-01
-2.044156706709173155e-01 -1.298267266158303623e-01
-2.160771620431551632e-01 -1.099717910922559660e-01
-2.258426896427916941e-01 -8.907724697908797618e-02
-2.336200309300086042e-01 -6.732011257716431774e-02
-2.393329795432189711e-01 -4.488559408046056964e-02
-2.429220810074107784e-01 -2.196570318914229172e-02
-2.443452581377756339e-01 1.242193430957786110e-03
-2.435783194621586323e-01 2.453688531874131940e-02
-2.406153443029825645e-01 4.771488178532827529e-02
-2.354689385589885942e-01 7.057201891491107770e-02
-2.281703557181136155e-01 9.290510029296716876e-02
-2.187694782224063050e-01 1.145135610142375832e-01
-2.073346471769833554e-01 1.352011494242889300e-01
-1.939523581699222898e-01 1.547775941086921014e-01
-1.787268118940177342e-01 1.730602637174583069e-01
-1.617792973456667616e-01 1.898758130645324949e-01
-1.432474299253745087e-01 2.050617829862632358e-01
-1.232842389315182141e-01 2.184681471139607312e-01
-1.020571066696494694e-01 2.299587911948878238e-01
-7.974656280331267333e-02 2.394129104161170363e-01
-5.654493904551548961e-02 2.467263101481834975e-01
-3.265489081739627458e-02 2.518125956438121427e-01
-8.287794064944238592e-03 2.546042365129125296e-01
1.633797299346507331e-02 2.550534922582136654e-01
4.099885183745343581e-02 2.531331858036959259e-01
6.546801642898823770e-02 2.488373127851527811e-01
8.951736240335447792e-02 2.421814754007453052e-01
1.129195568295331409e-01 2.332031308382782608e-01
1.354501313709516042e-01 2.219616457010147315e-01
1.568896004682917011e-01 2.085381494378112655e-01
1.770255851032924710e-01 1.930351815356620981e-01
1.956549218093464049e-01 1.755761291396313040e-01
2.125857358929200969e-01 1.563044538097652092e-01
2.276394573394308896e-01 1.353827082870507625e-01
2.406527576160312210e-01 1.129913463981872673e-01
2.514793855671247358e-01 8.932733155667596514e-02
2.599918808388068103e-01 6.460255168806450232e-02
2.660831373007025991e-01 3.904204403127136541e-02
2.696678127360626065e-01 1.288206582337122347e-02
2.706835606985482090e-01 -1.363199501857184463e-02
2.690920479516218933e-01 -4.024786202285648984e-02
2.648797594727356208e-01 -6.670872380898182352e-02
2.580585717149103675e-01 -9.275568605259078281e-02
2.486660817560810699e-01 -1.181302987527246967e-01
2.367656822852446108e-01 -1.425771342020805965e-01
2.224463748970206545e-01 -1.658463897169394630e-01
2.058223168674963299e-01 -1.876964881041918998e-01
1.870320994355630928e-01 -2.078966480519662818e-01
1.662377585837024885e-01 -2.262293961481011140e-01
1.436235223659717286e-01 -2.424929920738555789e-01
1.193943019321160870e-01 -2.565037387016304016e-01
9.377393650684838489e-02 -2.680981493536469529e-01
6.700320566259937438e-02 -2.771349453575995825e-01
3.933762523191623728e-02 -2.834968582646685276e-01
1.104504610138867284e-02 -2.870922126695922283e-01
-1.759692212788396479e-02 -2.878562674815353661e-01
-4.630363807717909064e-02 -2.857522957232329630e-01
-7.478627926717879015e-02 -2.807723854645818307e-01
-1.027547876226520551e-01 -2.729379473011633306e-01
-1.299208791360490223e-01 -2.622999168394631320e-01
-1.560010855940421326e-01 -2.489386439161030418e-01
-1.807197951991887930e-01 -2.329634637218649107e-01
-2.038122532484315796e-01 -2.145119410964857198e-01
-2.250275003839568577e-01 -1.937488153786525724e-01
-2.441312132791492173e-01 -1.708646314957966705e-01
-2.609083982432591209e-01 -1.460740546358400282e-01
-2.751659187233882475e-01 -1.196139060203822990e-01
-2.867348222509183975e-01 -9.174092856591758993e-02
-2.954724373661517522e-01 -6.272930309027274776e-02
-3.012642132116544191e-01 -3.286793900188324236e-02
-3.040252770137301663e-01 -2.457566460469579137e-03
-3.037016875475672117e-01 2.819234022380989746e-02
-3.002713658748606407e-01 5.876677571970857772e-02
-2.937446881183652936e-01 8.894851898308042681e-02
-2.841647287568452307e-01 1.184215146596910018e-01
-2.716071468433437497e-01 1.468742831742761434e-01
-2.561797116234090788e-01 1.740033212071123714e-01
-2.380214682089120126e-01 1.995164538208782368e-01
-2.173015481963079254e-01 2.231360995264386193e-01
-1.942176343530847005e-01 2.446024100729402573e-01
-1.689940926793825904e-01 2.636762477157965079e-01
-1.418797892300010521e-01 2.801419641501383673e-01
-1.131456130024812157e-01 2.938099471853848343e-01
-8.308172990831125260e-02 3.045189035609001671e-01
-5.199459629725181053e-02 3.121378490395654848e-01
-2.020376365279157385e-02 3.165677800361363370e-01
1.196149112330353696e-02 3.177430045058209918e-01
4.416566954443698623e-02 3.156321057583804657e-01
7.607065759561126850e-02 3.102385500730322487e-01
1.073393959506428880e-01 3.016009085115460842e-01
1.376395599311173168e-01 2.897926727797812130e-01
1.666472160749360443e-01 2.749216885845684466e-01
1.940504115769951243e-01 2.571292014332337006e-01
2.195526549733168853e-01 2.365885228343166391e-01
2.428762473920491605e-01 2.135033293929866627e-01
2.637654251479903400e-01 1.881056117140159079e-01
2.819892763973963490e-01 1.606532942727675883e-01
2.973443969761119798e-01 1.314275514361483155e-01
3.096572533897405943e-01 1.007298485590315817e-01
3.187862241769844895e-01 6.887874049868754345e-02
3.246232944883784555e-01 3.620646293556984557e-02
3.270953826693747679e-01 3.055354523214947639e-03
3.261652818616749272e-01 -3.022584992210422539e-02
3.218322040885831514e-01 -6.328581326953940100e-02
3.141319189145552748e-01 -9.577443382511710568e-02
3.031364835091800991e-01 -1.273466831568439706e-01
2.889535657429819770e-01 -1.576663999964516005e-01
2.717253667371484216e-01 -1.864099965851284402e-01
2.516271540218937841e-01 -2.132700347239147032e-01
2.288654210695832691e-01 -2.379586302021641786e-01
2.036756934013234099e-01 -2.602106461933803572e-01
1.763200056639477875e-01 -2.797866386041107378e-01
1.470840800045834784e-01 -2.964755113292577016e-01
1.162742350932015889e-01 -3.100968753146687851e-01
8.421405568697083732e-02 -3.205030663526444168e-01
5.124087051195544418e-02 -3.275807828263356813e-01
1.770207418030888755e-02 -3.312523488723382314e-01
-1.604866460136222459e-02 -3.314765802771786340e-01
-4.965526519551207579e-02 -3.282492432288437456e-01
-8.276312342805702826e-02 -3.216031008221520993e-01
-1.150229818010565508e-01 -3.116075470513857693e-01
-1.460947373744993782e-01 -2.983678328552403225e-01
-1.756511439623264503e-01 -2.820238935479718601e-01
-2.033813666020590771e-01 -2.627487916177410066e-01
-2.289943480740415649e-01 -2.407467933413566241e-01
-2.522219495414679269e-01 -2.162511018991546408e-01
-2.728218301261519096e-01 -1.895212736229899830e-01
-2.905800333919203449e-01 -1.608403476264676779e-01
-3.053132522369561563e-01 -1.305117223062289555e-01
-3.168707475532009932e-01 -9.885581502791651598e-02
-3.251359001459300235e-01 -6.620654368744546825e-02
-3.300273797674107001e-01 -3.290767074029685851e-02
-3.314999196501513534e-01 6.909483021685729719e-04
-3.295446895707780932e-01 3.423716901439900762e-02
-3.241892651770896805e-01 6.738037156359311108e-02
-3.154971960100512174e-01 9.977524045086100246e-02
-3.035671792915421441e-01 1.310854680114452997e-01
-2.885318517535703786e-01 1.609873326702281893e-01
-2.705562168812029600e-01 1.891731358861388212e-01
-2.498357200583216364e-01 2.153544443300496047e-01
-2.265940024552575149e-01 2.392650862265021383e-01
-2.010803607078416599e-01 2.606638933686065140e-01
-1.735669420162369581e-01 2.793371523195022355e-01
-1.443457080952735561e-01 2.951007395735841254e-01
-1.137252037691835471e-01 3.078019193125103858e-01
-8.202716791643804850e-02 3.173207864673801559e-01
-4.958302591628166445e-02 3.235713420370760485e-01
-1.673030371512409381e-02 3.265021919598274369e-01
1.619099588799633935e-02 3.260968652360534126e-01
4.884201414207250264e-02 3.223737514009513694e-01
8.088861431977245608e-02 3.153856617912711435e-01
1.120048776076483926e-01 3.052190232898513989e-01
1.418764791503059619e-01 2.919927173134019283e-01
1.702039083134365416e-01 2.758565806860801550e-01
1.967054994533608547e-01 2.569895886692436515e-01
2.211202420676406932e-01 2.355977437558550991e-01
2.432103421152186362e-01 2.119116968501437714e-01
2.627635094947286531e-01 1.861841301077906408e-01
2.795949501123908276e-01 1.586869329826472719e-01
2.935490446102657636e-01 1.297082048917068409e-01
3.045006996138888700e-01 9.954911935510375731e-02
3.123563612467313289e-01 6.852068548233784806e-02
3.170546840532222910e-01 3.694045056402572164e-02
3.185668579364211439e-01 5.129158461164563983e-03
3.168965850840106402e-01 -2.659258617390428819e-02
3.120797162179959061e-01 -5.790759613985694415e-02
3.041835584221703748e-01 -8.850531006524325894e-02
2.933058649060940049e-01 -1.180848908462819175e-01
2.795735224754287152e-01 -1.463581829113376476e-01
2.631409555030350123e-01 -1.730524992210822344e-01
2.441882679385976584e-01 -1.979132113414807104e-01
2.229191473303799020e-01 -2.207061186056407665e-01
1.995585569392231973e-01 -2.412195752717977981e-01
1.743502437850899811e-01 -2.592663576481474830e-01
1.475540918681314539e-01 -2.746852563496009481e-01
1.194433508421754997e-01 -2.873423821349911367e-01
9.030177108628723026e-02 -2.971321771040110193e-01
6.042067642202121613e-02 -3.039781263699861125e-01
3.009600566714017503e-02 -3.078331686274136669e-01
-3.746461877365940833e-04 -3.086798072636051105e-01
-3.069495712941760698e-02 -3.065299267854268983e-01
-6.057274859836521419e-02 -3.014243223113144965e-01
-8.972276962925902766e-02 -2.934319526846009829e-01
-1.178693685983853157e-01 -2.826489303692229504e-01
-1.447490283610898820e-01 -2.691972636690138088e-01
-1.701127426098540119e-01 -2.532233689468447735e-01
-1.937282135058207844e-01 -2.348963723934445191e-01
-2.153818513276481161e-01 -2.144062292636534084e-01
-2.348805691796473916e-01 -1.919616632926459121e-01
-2.520533490592727355e-01 -1.677879611441696062e-01
-2.667525705160850857e-01 -1.421246618527349515e-01
-2.788551011210463892e-01 -1.152231456618518779e-01
-2.882631408490034519e-01 -8.734415339310930282e-02
-2.949048181315959694e-01 -5.875526114859590948e-02
-2.987345377953038450e-01 -2.972833481188613680e-02
-2.997330834558526447e-01 -5.369882378864053061e-04
-2.979074791735578098e-01 2.854593177257137848e-02
-2.932906172650398546e-01 5.725081161127514723e-02
-2.859406610986550135e-01 8.531366718367219826e-02
-2.759402334605692286e-01 1.124784508081089762e-01
-2.633954026553446126e-01 1.384992505466548784e-01
-2.484344798919937147e-01 1.631423653860054057e-01
-2.312066426994683899e-01 1.861882413356615307e-01
-2.118804001132089665e-01 2.074332552194630697e-01
-1.906419161781492400e-01 2.266913346829696752e-01
-1.676932089275073867e-01 2.437954047015833403e-01
-1.432502424271671626e-01 2.585986526325262935e-01
-1.175409297309565199e-01 2.709756055892828530e-01
-9.080306468290584576e-02 2.808230156131827915e-01
-6.328220044040266945e-02 2.880605497587337416e-01
-3.522949238997166721e-02 2.926312837845118642e-01
-6.899522798999847134e-03 2.945019996394957484e-01
2.145187319210641042e-02 2.936632944129051181e-01
4.956977482052749018e-02 2.901294865130092937e-01
7.720230810224526508e-02 2.839383320104431063e-01
1.041027268272425865e-01 2.751505713601488101e-01
1.300314374073583967e-01 2.638492948836771990e-01
1.547579500891079762e-01 2.501391395976436116e-01
1.780627438353622471e-01 2.341453254826027508e-01
1.997390330214633414e-01 2.160125400438589749e-01
2.195944249459621800e-01 1.959036806912985706e-01
2.374524580165671694e-01 1.739984650656059284e-01
2.531540113325351227e-01 1.504919199700898158e-01
2.665585772416541599e-01 1.255927600379190268e-01
2.775453893007583384e-01 9.952166768092518545e-02
2.860143989124669939e-01 7.250948623505619473e-02
2.918870947480451394e-01 4.479533854530824005e-02
2.951071598986686473e-01 1.662468352501473082e-02
2.956409625277748865e-01 -1.175267651473801099e-02
2.934778766292838181e-01 -4.008462473665294623e-02
2.886304303346595712e-01 -6.811878161324440295e-02
2.811342800608339632e-01 -9.560456630807258327e-02
2.710480096559060303e-01 -1.222952540255050347e-01
2.584527545851324493e-01 -1.479500156223059748e-01
2.434516521105849207e-01 -1.723359256751735291e-01
2.261691193579036252e-01 -1.952299251347817122e-01
2.067499621359172035e-01 -2.164207246749592084e-01
1.853583219910982793e-01 -2.357106400651185207e-01
1.621764531054938618e-01 -2.529173316845738650e-01
1.374033481523341538e-01 -2.678754405652779558e-01
1.112532242720605247e-01 -2.804381212588480388e-01
8.395386525488973684e-02 -2.904784433613221140e-01
5.574483398613934437e-02 -2.978906532847385158e-01
2.687556571625804303e-02 -3.025912840857604702e-01
-2.396646103930473708e-03 -3.045201017781165032e-01
-3.180875850947898625e-02 -3.036408772914283016e-01
-6.109416816160667674e-02 -2.999419741005120987e-01
-8.998496575337519565e-02 -2.934367425414345365e-01
-1.182142394195630497e-01 -2.841637129566960684e-01
-1.455184098824856831e-01 -2.721865810731690649e-01
-1.716395791415803174e-01 -2.575939804118814735e-01
-1.963278736920212597e-01 -2.404990380551312035e-01
-2.193437625549355396e-01 -2.210387117479452046e-01
-2.404603298373566289e-01 -1.993729080792011610e-01
-2.594654811318352072e-01 -1.756833833617907348e-01
-2.761640628307627243e-01 -1.501724307974181549e-01
-2.903798733849111691e-01 -1.230613595537730642e-01
-3.019575456938603519e-01 -9.458877348124435092e-02
-3.107642801903580110e-01 -6.500865933205669800e-02
-3.166914087814922674e-01 -3.458829649362945430e-02
-3.196557706445048441e-01 -3.606002385144678815e-03
-3.196008819489666308e-01 2.765127023474201612e-02
-3.164978872500254781e-01 5.889046991693679817e-02
-3.103462623903916473e-01 8.981508631311888036e-02
-3.011742690257442900e-01 1.201278741702970776e-01
-2.890391559214850470e-01 1.495336498275267600e-01
-2.740270837796589531e-01 1.777421233163278824e-01
-2.562527721498427113e-01 2.044707427144680512e-01
-2.358588644068372320e-01 2.294475232641764451e-01
-2.130150095315755387e-01 2.524138329856943641e-01
-1.879166623131414138e-01 2.731271060178861454e-01
-1.607836065698124428e-01 2.913634547186728652e-01
-1.318582090334303736e-01 3.069201516753746750e-01
-1.014034146196440278e-01 3.196179532211895213e-01
-6.970049688013578437e-02 3.293032368376073160e-01
-3.704658046378681707e-02 3.358499259480363097e-01
-3.751955362752967382e-03 3.391611770753280020e-01
2.986279445298702095e-02 3.391708061406955577e-01
6.346982274248398614e-02 3.358444328144863378e-01
9.673718530537639415e-02 3.291803242763915449e-01
1.293321069326949790e-01 3.192099224852694150e-01
1.609243190765360376e-01 3.059980420734685347e-01
1.911894346708666037e-01 2.896427292396127617e-01
2.198123252267547290e-01 2.702747754852176110e-01
2.464904643821495545e-01 2.480568836883721984e-01
2.709372015324708061e-01 2.231824877926007200e-01
2.928849290228491276e-01 1.958742312683815490e-01
3.120881115566567776e-01 1.663821104818236085e-01
3.283261261001810261e-01 1.349813027081034622e-01
3.414058909508663753e-01 1.019696955756144441e-01
3.511642595739444817e-01 6.766512881996131212e-02
3.574701328188467642e-01 3.240238063136218621e-02
3.602262665649291207e-01 -3.470075437186184806e-03
3.593707492272408266e-01 -3.959351201512371909e-02
3.548781267375527571e-01 -7.560255400894573541e-02
3.467601561403438892e-01 -1.111289127561269768e-01
3.350661727726436667e-01 -1.458052095344082866e-01
3.198830600904374877e-01 -1.792688479173922822e-01
3.013348155182533628e-01 -2.111658931030379882e-01
2.795817101841379659e-01 -2.411549154451162191e-01
2.548190450077325031e-01 -2.689107550106212829e-01
2.272755102801041205e-01 -2.941281640843099732e-01
1.972111605538523771e-01 -3.165252851545663493e-01
1.649150212929381687e-01 -3.358469230458015486e-01
1.307023482552678584e-01 -3.518675715081365230e-01
9.491156493906244274e-02 -3.643941567249908697e-01
5.790090755921131760e-02 -3.732684628365252610e-01
2.004481087666849445e-02 -3.783692076781738911e-01
-1.826992827046468315e-02 -3.796137404688288974e-01
-5.664816974086495094e-02 -3.769593371165772533e-01
-9.469058845753380860e-02 -3.704040730994129227e-01
-1.319979274070477437e-01 -3.599872584769491235e-01
-1.681753037312710419e-01 -3.457894227996480829e-01
-2.028365035666776783e-01 -3.279318470197249424e-01
-2.356082291204991963e-01 -3.065756448406333767e-01
-2.661342592469698176e-01 -2.819203912483883578e-01
-2.940794592147213393e-01 -2.542023123666460327e-01
-3.191335979912503507e-01 -2.236920516373483991e-01
-3.410149276183306322e-01 -1.906920329315610341e-01
-3.594734814813394519e-01 -1.555334461412624936e-01
-3.742940510515531116e-01 -1.185728855042508106e-01
-3.852988039761552908e-01 -8.018867530962338341e-02
-3.923495101716489297e-01 -4.077692166217094377e-02
-3.953493468015800150e-01 -7.473325961752533362e-04
-3.942442576418168088e-01 3.948114802714811772e-02
-3.890238473033315603e-01 7.948484477320469366e-02
-3.797217960357388566e-01 1.188399428929452911e-01
-3.664157863127313619e-01 1.571271169436925796e-01
-3.492269380374781185e-01 1.939361432374943905e-01
-3.283187549337592825e-01 2.288704433156642237e-01
-3.038955904370760353e-01 2.615515060143692172e-01
-2.762006470981756556e-01 2.916231366867430008e-01
-2.455135290884394861e-01 3.187554837752133441e-01
-2.121473727822882349e-01 3.426487951686809641e-01
-1.764455855180115107e-01 3.630368596100750356e-01
-1.387782274397459381e-01 3.796900918101798750e-01
-9.953807573792071428e-02 3.924182238356414554e-01
-5.913640943589363458e-02 4.010725694265804830e-01
-1.799857720205598477e-02 4.055478315920986176e-01
2.344061256468110005e-02 4.057834358102671013e-01
6.474163815480116213e-02 4.017643669865240685e-01
1.054650779341773925e-01 3.935214981563845971e-01
1.451764409077418438e-01 3.811314058405179672e-01
1.834509591402510020e-01 3.647156721324347206e-01
2.198782869361643189e-01 3.444396796273048733e-01
2.540670525677625746e-01 3.205109112798614213e-01
2.856492098839809035e-01 2.931767731358780882e-01
3.142841393153974483e-01 2.627219635424637434e-01
3.396624505886043366e-01 2.294654178368254471e-01
3.615094428431233631e-01 1.937568625737131345e-01
3.795881817659624291e-01 1.559730180150577794e-01
3.937021577757253699e-01 1.165134918127842117e-01
4.036974941463795652e-01 7.579641051449159672e-02
4.094646792011528702e-01 3.425383866507492742e-02
4.109398022654482396e-01 -7.672962174216856404e-03
4.081052788758656735e-01 -4.953838024646820687e-02
4.009900567289305662e-01 -9.089735074671469184e-02
3.896692999441668803e-01 -1.313102471810110861e-01
3.742635553365668555e-01 -1.703477108936884421e-01
3.549374104678003627e-01 -2.075953634656599878e-01
3.318976591987666258e-01 -2.426583480971436502e-01
3.053909962249873322e-01 -2.751656481451461578e-01
2.757012627718275488e-01 -3.047741346514931116e-01
2.431462896787595640e-01 -3.311722917992463433e-01
2.080743665000332754e-01 -3.540835857173235124e-01
1.708603668302095813e-01 -3.732694375862562475e-01
1.319015893119937777e-01 -3.885317639653533828e-01
9.161335812931180322e-02 -3.997150584611541824e-01
5.042443392939091606e-02 -4.067079922929979219e-01
8.772288163982344678e-03 -4.094445170133663159e-01
-3.290170475700376213e-02 -4.079044585219694929e-01
-7.415710236096566266e-02 -4.021135975002089191e-01
-1.145592008376982163e-01 -3.921432374124768083e-01
-1.536837589557139838e-01 -3.781092671984965792e-01
-1.911215857641069271e-01 -3.601707316432296024e-01
-2.264829405398964546e-01 -3.385279280862434903e-01
-2.594016959127846134e-01 -3.134200535521232123e-01
-2.895392181435369472e-01 -2.851224314823916917e-01
-3.165879221076610683e-01 -2.539433519668429229e-01
-3.402744625951656943e-01 -2.202205636527656274e-01
-3.603625280266115616e-01 -1.843174593047145204e-01
-3.766552075470249172e-01 -1.466190002522818059e-01
-3.889969076299248929e-01 -1.075274276627372627e-01
-3.972747997376451234e-01 -6.745781068089877486e-02
-4.014197861727765160e-01 -2.683348296936900051e-02
-4.014069769487256245e-01 1.391857995452230184e-02
-3.972556762342245862e-01 5.437238995788751250e-02
-3.890288784390810162e-01 9.410753200907201466e-02
-3.768322954609214515e-01 1.327136468090410748e-01
-3.608129245997800383e-01 1.697947697521846877e-01
-3.411571670694868996e-01 2.049734804350503148e-01
-3.180885346809538827e-01 2.378948106209833324e-01
-2.918649708782927177e-01 2.682298721985084677e-01
-2.627758200376025255e-01 2.956791673580212998e-01
-2.311384825977644830e-01 3.199755472972340420e-01
-1.972947967612273257e-01 3.408867902003251960e-01
-1.616071901481784256e-01 3.582177739600007627e-01
-1.244546468843925474e-01 3.718122240639173404e-01
-8.622853713340383752e-02 3.815540221833654821e-01
-4.732835703690104617e-02 3.873680662177958478e-01
-8.157427400278397314e-03 3.892206777984276722e-01
3.088140074262384072e-02 3.871195584730924844e-01
6.938998631885300028e-02 3.811133009193328203e-01
1.069790381062274975e-01 3.712904665024744921e-01
1.432721101042584433e-01 3.577782452518125655e-01
1.779094104901190188e-01 3.407407188167285716e-01
2.105513850397419118e-01 3.203767511354122521e-01
2.408820390807069056e-01 2.969175353567246045e-01
2.686119655941906492e-01 2.706238289608859926e-01
2.934810509476641904e-01 2.417829119932489168e-01
3.152608338650080833e-01 2.107053058297680970e-01
3.337564975707756898e-01 1.777212919117095447e-01
3.488084761741820916e-01 1.431772683493758025e-01
3.602936730382289010e-01 1.074319971401125895e-01
3.681262816828902995e-01 7.085277460826308604e-02
3.722581980331320928e-01 3.381156332292902661e-02
3.726790362359020392e-01 -3.318862474013538604e-03
3.694157524676872639e-01 -4.016872064276760107e-02
3.625318879460929233e-01 -7.637493453850185965e-02
3.521264463170199477e-01 -1.115847182818971162e-01
3.383324242769720769e-01 -1.454589984017453375e-01
3.213150176700969585e-01 -1.776756389318390750e-01
3.012695283389814627e-01 -2.079324399445543481e-01
2.784189996794687594e-01 -2.359498826723681053e-01
2.530116111308175486e-01 -2.614735977601831407e-01
2.253178637069890855e-01 -2.842765367583353631e-01
1.956275901320516653e-01 -3.041608306602432421e-01
1.642468241776475768e-01 -3.209593230613546067e-01
1.314945644137741898e-01 -3.345367693193862513e-01
9.769946778183051517e-02 -3.447906968829757002e-01
6.319650819215019699e-02 -3.516519256816710848e-01
2.832363475315669010e-02 -3.550847510918584415e-01
-6.581536723641819020e-03 -3.550867954707830343e-01
-4.118496660475939181e-02 -3.516885375475627407e-01
-7.515933798513096953e-02 -3.449525320429957520e-01
-1.081870780961265155e-01 -3.349723347300390675e-01
-1.399632279148013692e-01 -3.218711507193480204e-01
-1.701981332836927374e-01 -3.058002222975177431e-01
-1.986199413902370869e-01 -2.869369907896655580e-01
-2.249768831587486140e-01 -2.654830460593719521e-01
-2.490393174930606579e-01 -2.416618823539008476e-01
-2.706015304841728475e-01 -2.157164985275905333e-01
-2.894832775168637573e-01 -1.879068652545347051e-01
-3.055310606133581630e-01 -1.585072864128536096e-01
-3.186191361820268075e-01 -1.278036819097416732e-01
-3.286502510957128309e-01 -9.609081901435144457e-02
-3.355561076788639019e-01 -6.366951879166168893e-02
-3.392975607093258184e-01 -3.084386350477694855e-02
-3.398645519167669549e-01 2.081570102085669380e-03
-3.372757896659063781e-01 3.480442788815853172e-02
-3.315781835331795824e-01 6.702722335669074327e-02
-3.228460453079019521e-01 9.845988973341683603e-02
-3.111800695646353976e-01 1.288222197845143024e-01
-2.967061083570914359e-01 1.578461757946222344e-01
-2.795737557736466261e-01 1.852780539172433905e-01
-2.599547590717405376e-01 2.108804889486976808e-01
-2.380412738774279058e-01 2.344342874382805419e-01
-2.140439815042157745e-01 2.557400789085290671e-01
-1.881900868215625466e-01 2.746197767994953964e-01
-1.607212152996502774e-01 2.909178425507756294e-01
-1.318912278866272159e-01 3.045023479781492348e-01
-1.019639722521995528e-01 3.152658327739192856e-01
-7.121099009332834684e-02 3.231259513443753839e-01
-3.990919600026211073e-02 3.280259222807220820e-01
-8.338543233339150429e-03 3.299347719086209718e-01
2.322030073775330217e-02 3.288473664842634925e-01
5.448825614213136798e-02 3.247842499973363495e-01
8.519009427686871638e-02 3.177912880684147789e-01
1.150566475561706492e-01 3.079391238408186182e-01
1.438269522242055787e-01 2.953224526649550485e-01
1.712503104971825896e-01 2.800591231818135296e-01
1.970882596899933281e-01 2.622890731388379248e-01
2.211164366725270058e-01 2.421731089240613533e-01
2.431263267848311482e-01 2.198915383919493038e-01
2.629268871147608655e-01 1.956426670859014727e-01
2.803460348046963868e-01 1.696411684468360770e-01
2.952319918052193626e-01 1.421163390433754781e-01
3.074544782349498129e-01 1.133102502748741802e-01
3.169057472402855291e-01 8.347580839096253869e-02
3.235014549811325857e-01 5.287473504631669263e-02
3.271813601046160702e-01 2.177548097154613505e-02
3.279098478148377294e-01 -9.548914306626103340e-03
3.256762744102355556e-01 -4.082300341903208341e-02
3.204951289485442611e-01 -7.177113917012710453e-02
3.124060095202983445e-01 -1.021196956818160029e-01
3.014734124724752218e-01 -1.315992884227030479e-01
2.877863338308410124e-01 -1.599469785940987043e-01
2.714576835676293931e-01 -1.869084425907775460e-01
2.526235146414341215e-01 -2.122401053439504082e-01
2.314420647875107262e-01 -2.357112130628616908e-01
2.080926185853113342e-01 -2.571058207226754044e-01
1.827741940746392679e-01 -2.762246927895870563e-01
1.557040592521190536e-01 -2.928870974124365145e-01
1.271160856378833193e-01 -3.069324789403821696e-01
9.725894745283532317e-02 -3.182219938790246117e-01
6.639417633321118006e-02 -3.266398957727858487e-01
3.479408291983717566e-02 -3.320947550108437341e-01
2.739558080675795482e-03 -3.345205002077938916e-01
-2.948223205880260572e-02 -3.338772686172163384e-01
-6.158024170982433904e-02 -3.301520540033949236e-01
-9.326201472053841091e-02 -3.233591415283178505e-01
-1.242362093754089680e-01 -3.135403205101232604e-01
-1.542151592828321927e-01 -3.007648673750136226e-01
-1.829174498423848660e-01 -2.851292927541841382e-01
-2.100704888143981874e-01 -2.667568484643072502e-01
-2.354130486971394987e-01 -2.457967920453389687e-01
-2.586977579725893150e-01 -2.224234086004504007e-01
-2.796935178314666204e-01 -1.968347918742621439e-01
-2.981878207511980405e-01 -1.692513887987035226e-01
-3.139889472945318061e-01 -1.399143141093060483e-01
-3.269280177367970830e-01 -1.090834440644151554e-01
-3.368608756290712991e-01 -7.703530075905934416e-02
-3.436697806305248348e-01 -4.406074563884684880e-02
-3.472648932743204186e-01 -1.046248475017827820e-02
-3.475855254850145348e-01 2.344758703976056180e-02
-3.446011407751456979e-01 5.735117143814787849e-02
-3.383120904991415157e-01 9.092647265051699568e-02
-3.287500704578589228e-01 1.238511942520960640e-01
-3.159782860728088116e-01 1.558056000614863601e-01
-3.000913169599163099e-01 1.864756105075976444e-01
-2.812146745528579794e-01 2.155559046727439088e-01
-2.595040494299488687e-01 2.427529971708362044e-01
-2.351442481568796206e-01 2.677882583050336662e-01
-2.083478227374990777e-01 2.904008455662414057e-01
-1.793533991304476771e-01 3.103505145010723165e-01
-1.484237147021909287e-01 3.274202773099064712e-01
-1.158433779061314867e-01 3.414188782427050595e-01
-8.191636686052604366e-02 3.521830559477470146e-01
-4.696328680131391792e-02 3.595795643970505218e-01
-1.131840956551815117e-02 3.635069258573224715e-01
2.467347872745291257e-02 3.638968915870510745e-01
6.066039282886286771e-02 3.607155885037215404e-01
9.628659483317802970e-02 3.539643329597734756e-01
1.311961382013355770e-01 3.436800959664099153e-01
1.650364736428623358e-01 3.299356076803434679e-01
1.974620796066728079e-01 3.128390926850816989e-01
2.281380789673288223e-01 2.925336315161403689e-01
2.567438012025119454e-01 2.691961526392814830e-01
2.829762574181208246e-01 2.430360451139670919e-01
3.065534804978388150e-01 2.142934072854936756e-01
3.272176916556142068e-01 1.832369548901925382e-01
3.447382615792008442e-01 1.501615910639602647e-01
3.589144276378997134e-01 1.153856630570774811e-01
3.695777331998529869e-01 7.924793019719203468e-02
3.765941575891705861e-01 4.210427141334135287e-02
3.798659081267359849e-01 4.324164150264729611e-03
3.793328490141739118e-01 -3.371303028574267752e-02
3.749735455056974476e-01 -7.162193704744375389e-02
3.668059058293742236e-01 -1.090151533656204680e-01
3.548874076245850384e-01 -1.455073070658587375e-01
3.393149002082345156e-01 -1.807191440182392972e-01
3.202239787166554219e-01 -2.142815994875124641e-01
2.977879310376543298e-01 -2.458398078036883039e-01
2.722162633895042760e-01 -2.750570047618460801e-01
2.437528153605608150e-01 -3.016182776953384437e-01
2.126734801329110136e-01 -3.252341192514979773e-01
1.792835504139391745e-01 -3.456437425294128230e-01
1.439147152291333775e-01 -3.626181174041515076e-01
1.069217371272513928e-01 -3.759626905426791676e-01
6.867884345653496592e-02 -3.855197547883268960e-01
2.957586913225334138e-02 -3.911704372209932612e-01
-9.985808320654184292e-03 -3.928362792507897328e-01
-4.959749515077949145e-02 -3.904803910776342701e-01
-8.884753298399089561e-02 -3.841081504559494264e-01
-1.273257172868518527e-01 -3.737674392299299986e-01
-1.646277309068109318e-01 -3.595484220348407756e-01
-2.003595514634785857e-01 -3.415828520308595295e-01
-2.341417787445591314e-01 -3.200429111865173426e-01
-2.656138322255787720e-01 -2.951395942384674176e-01
-2.944379698749959862e-01 -2.671206508849192640e-01
-3.203030810496618752e-01 -2.362681060803256961e-01
-3.429282085157442372e-01 -2.028953834212399721e-01
-3.620657574252748034e-01 -1.673440614818036687e-01
-3.775043524090503366e-01 -1.299802975088150958e-01
-3.890713077761598915e-01 -9.119095706097435361e-02
-3.966346800955842244e-01 -5.137949191918685099e-02
-4.001048771265446335e-01 -1.096161185429193538e-02
-3.994358021063226794e-01 2.963920142938474001e-02
-3.946255177369220046e-01 6.999628768992859074e-02
-3.857164197707930176e-01 1.096844568290963884e-01
-3.727949158130506868e-01 1.482846398562766843e-01
-3.559906107628871275e-01 1.853884888207038006e-01
-3.354750061382596460e-01 2.206028727304077952e-01
-3.114597262928204824e-01 2.535542174537176452e-01
-2.841942901701481894e-01 2.838926392122749220e-01
-2.539634526765657263e-01 3.112958235066372592e-01
-2.210841449213216403e-01 3.354726041417974702e-01
-1.859020510637827417e-01 3.561662045957825207e-01
-1.487878473120979039e-01 3.731570926709243952e-01
-1.101331575665201179e-01 3.862654187537025718e-01
-7.034627661768549922e-02 3.953530204079133137e-01
-2.984769773295040118e-02 4.003249576461955228e-01
1.093449963406133846e-02 4.011305639599428985e-01
5.156934903858419184e-02 3.977640005974181214e-01
9.162772909003871757e-02 3.902643074392363465e-01
1.306870738663588050e-01 3.787149497676284282e-01
1.683360074512167959e-01 3.632428661868207787e-01
2.041788492427013824e-01 3.440170288519825981e-01
2.378399382254545447e-01 3.212465329297103378e-01
2.689677265714265908e-01 2.951782377718157879e-01
2.972385957100557863e-01 2.660939875667672205e-01
3.223603513518836783e-01 2.343074441735615299e-01
3.440753578181449668e-01 2.001605693795345253e-01
3.621632763737707705e-01 1.640197979003548689e-01
3.764433770274856483e-01 1.262719460068422173e-01
3.867763983898784841e-01 8.731990367559322452e-02
3.930659356035675067e-01 4.757816058217013977e-02
3.952593420102528121e-01 7.468218057962021893e-03
3.933481360261936732e-01 -3.258605970605877450e-02
3.873679105872637751e-01 -7.216310141610286777e-02
3.773977484232030610e-01 -1.108482377477559289e-01
3.635591522540777554e-01 -1.482382108884390537e-01
3.460145093451171272e-01 -1.839455367049820100e-01
3.249650950064097987e-01 -2.176026615146463006e-01
3.006486537341662713e-01 -2.488658683640124769e-01
2.733365958420208019e-01 -2.774189002379255364e-01
2.433308294521202009e-01 -3.029762505675097084e-01
2.109602720035300139e-01 -3.252860878870744710e-01
1.765770836375991637e-01 -3.441327836081625735e-01
1.405526677960534099e-01 -3.593390168019473530e-01
1.032734867690160430e-01 -3.707674350851519196e-01
6.513674173102534937e-02 -3.783218561222363441e-01
2.654596798551655049e-02 -3.819479998180654867e-01
-1.209340330762402604e-02 -3.816337469096311996e-01
-5.037846572251961780e-02 -3.774089253012280487e-01
-8.791318997581391848e-02 -3.693446310539356681e-01
-1.243126589608697929e-01 -3.575520963680123288e-01
-1.592071381091902105e-01 -3.421811221189342000e-01
-1.922459362310446895e-01 -3.234180974607022696e-01
-2.231010149576089230e-01 -3.014836336341802370e-01
-2.514703083540650308e-01 -2.766298433589595152e-01
-2.770807181482656811e-01 -2.491373009954966911e-01
-2.996907542689088433e-01 -2.193117219970923404e-01
-3.190927949525900198e-01 -1.874804029923989590e-01
-3.351149454990760002e-01 -1.539884661193944848e-01
-3.476224797645514619e-01 -1.191949529493231685e-01
-3.565188536176242540e-01 -8.346881447983045543e-02
-3.617462902300841998e-01 -4.718484155507534500e-02
-3.632859190709956110e-01 -1.071958836195678610e-02
-3.611574870948810467e-01 2.555266352276583386e-02
-3.554186616511603725e-01 6.126386487325805041e-02
-3.461639223517664066e-01 9.605603179061966701e-02
-3.335230667847590702e-01 1.295849119620967049e-01
-3.176593532622625227e-01 1.615234454890014659e-01
-2.987673076444606890e-01 1.915649846546382817e-01
-2.770702247352320735e-01 2.194262404687321588e-01
-2.528173977625323698e-01 2.448499276186445472e-01
-2.262811120074847138e-01 2.676070835257377545e-01
-1.977534407066562361e-01 2.874990414906650193e-01
-1.675428829054352864e-01 3.043590423552938184e-01
-1.359708839770603084e-01 3.180534736515934213e-01
-1.033682800390238188e-01 3.284827297891163567e-01
-7.007170750056683495e-02 3.355816913933333812e-01
-3.642001847286640420e-02 3.393198263891307187e-01
-2.750741784857230112e-03 3.397009197715969431e-01
3.060337210386561771e-02 3.367624431670870333e-01
6.331768588655144192e-02 3.305745792123929161e-01
9.507885576649910409e-02 3.212389194238396417e-01
1.255878259087677973e-01 3.088868575512186410e-01
1.545626084673178136e-01 2.936777033788877111e-01
1.817408238988597879e-01 2.757965445189249354e-01
2.068819797263687088e-01 2.554518859156992838e-01
2.297694755159603863e-01 2.328730969053424971e-01
2.502123007484450268e-01 2.083077008168322808e-01
2.680464285088767773e-01 1.820185445087537934e-01
2.831359098601105018e-01 1.542808742177914083e-01
2.953736472512628608e-01 1.253793554631350560e-01
3.046818538004800736e-01 9.560507039504112514e-02
3.110122026745721358e-01 6.525252543781520642e-02
3.143456741902670437e-01 3.461670088458106836e-02
3.146921114526070040e-01 3.990172560338956821e-03
3.120894982903568704e-01 -2.633966618679288441e-02
3.066029759157988255e-01 -5.609325604298303486e-02
2.983236171013872728e-01 -8.500137308995152352e-02
2.873669787080043725e-01 -1.128074588047250360e-01
2.738714551038236023e-01 -1.392697602708312388e-01
2.579964563692734858e-01 -1.641632650281246442e-01
2.399204361878401193e-01 -1.872814179154593250e-01
2.198387949752703130e-01 -2.084376102175745094e-01
1.979616841070476752e-01 -2.274664343732992478e-01
1.745117370765507936e-01 -2.442247003966938890e-01
1.497217530693517318e-01 -2.585922129684893878e-01
1.238323577921089796e-01 -2.704723108374027518e-01
9.708966547060256247e-02 -2.797921726980893142e-01
6.974296475703709031e-02 -2.865028960567596594e-01
4.204244989090041851e-02 -2.905793577329002231e-01
1.423701687167003294e-02 -2.920198665563668583e-01
-1.342786352053857747e-02 -2.908456199598962177e-01
-4.071216075442201515e-02 -2.870999768992035239e-01
-6.738318614441446419e-02 -2.808475680325567270e-01
-9.321738175096568046e-02 -2.721732533535852205e-01
-1.180019674662357715e-01 -2.611809438784624682e-01
-1.415364443053546972e-01 -2.479923049382232458e-01
-1.636339477575305679e-01 -2.327453579341196288e-01
-1.841224469640669048e-01 -2.155929973296518698e-01
-2.028457873090324659e-01 -1.967014393580473752e-01
-2.196645757104535301e-01 -1.762486184384177423e-01
-2.344569094662703468e-01 -1.544225466397894930e-01
-2.471189509242206483e-01 -1.314196507337253850e-01
-2.575653514962461532e-01 -1.074431004586799548e-01
-2.657295296176663268e-01 -8.270114060872296724e-02
-2.715638081546997151e-01 -5.740543848227142032e-02
-2.750394174901294453e-01 -3.176945710921871835e-02
-2.761463710687950268e-01 -6.006863542848676039e-03
-2.748932205683690122e-01 1.967001961951863817e-02
-2.713066980859364929e-01 4.505171241339098187e-02
-2.654312528095270074e-01 6.993301934500241457e-02
-2.573284895907856917e-01 9.411440981986991805e-02
-2.470765166674140922e-01 1.174033329709560647e-01
-2.347692095206004026e-01 1.396154634752794499e-01
-2.205153975134346855e-01 1.605758756187222469e-01
-2.044379795621426299e-01 1.801201434243875354e-01
-1.866729685735473154e-01 1.980953655786899803e-01
-1.673684882574414667e-01 2.143611094941072770e-01
-1.466837159060187246e-01 2.287902812982351985e-01
-1.247877622374805040e-01 2.412699173469762259e-01
-1.018585109747654621e-01 2.517018933382819124e-01
-7.808141620964816065e-02 2.600035516067558117e-01
-5.364826122185606394e-02 2.661082452152512823e-01
-2.875588228947180414e-02 2.699657972426561248e-01
-3.604860989742304268e-03 2.715428734120551857e-01
2.160181144563355637e-02 2.708232659294576017e-01
4.666009398686389587e-02 2.678080861300339843e-01
7.136627586592730887e-02 2.625158632763517352e-01
9.551837245663925835e-02 2.549825466412804498e-01
1.189175321222559339e-01 2.452614078562285749e-01
1.413694486240794357e-01 2.334228404312501670e-01
1.626857730586666884e-01 2.195540533738810085e-01
1.826855186085154237e-01 2.037586559629168126e-01
2.011964506689269683e-01 1.861561309840574774e-01
2.180564541715183935e-01 1.668811941160562029e-01
2.331148691835390196e-01 1.460830376755197779e-01
2.462337851438929082e-01 1.239244575894225958e-01
2.572892834244244753e-01 1.005808632670648212e-01
2.661726173017175401e-01 7.623917098455726404e-02
2.727913179132511745e-01 5.109658246844183543e-02
2.770702143744223078e-01 2.535925156084816237e-02
2.789523501603132782e-01 -7.591581664072635230e-04
2.783998005498910522e-01 -2.703901261889830182e-02
2.753943691755368350e-01 -5.325634548318462086e-02
2.699381383474878660e-01 -7.918458577724628300e-02
2.620538791703853065e-01 -1.045963592280932386e-01
2.517853052910429823e-01 -1.292653543567088281e-01
2.391971603661754431e-01 -1.529682400674183818e-01
2.243751304182748929e-01 -1.754866200723403935e-01
2.074255735375129805e-01 -1.966090081004698842e-01
1.884750608808828387e-01 -2.161328065744995142e-01
1.676697246061902291e-01 -2.338662703155350853e-01
1.451744102433997485e-01 -2.496304358841776594e-01
1.211716330308502815e-01 -2.632609964121977453e-01
9.586033990692048590e-02 -2.746101012463033064e-01
6.945448112341078006e-02 -2.835480594357689954e-01
4.218139780668994643e-02 -2.899649260673762829e-01
1.428003420532460502e-02 -2.937719506991558482e-01
-1.400101420502218585e-02 -2.949028676799266280e-01
-4.240560317241068300e-02 -2.933150089715174658e-01
-7.067227672426530660e-02 -2.889902212173741103e-01
-9.853662060258015776e-02 -2.819355702229022764e-01
-1.257337117058872911e-01 -2.721838177226181821e-01
-1.520006411812534763e-01 -2.597936572954129830e-01
-1.770790870249231708e-01 -2.448496985357467848e-01
-2.007179104988521257e-01 -2.274621910745387443e-01
-2.226757439298025776e-01 -2.077664807674889369e-01
-2.427235575292811809e-01 -1.859222036989167381e-01
-2.606471682311938820e-01 -1.621122080213636407e-01
-2.762496484128525998e-01 -1.365412065969598410e-01
-2.893536217679092970e-01 -1.094341742578435195e-01
-2.998034128828431233e-01 -8.103449642157925514e-02
-3.074670227341791406e-01 -5.160188217209013550e-02
-3.122379034781476159e-01 -2.141005811248554436e-02
-3.140365074359199316e-01 9.255737608431504823e-03
-3.128115870771073781e-01 4.010143874458857449e-02
-3.085412250575736426e-01 7.082698676534963933e-02
-3.012335759550257563e-01 1.011292913959929013e-01
-2.909273042422579336e-01 1.307052859979074833e-01
-2.776917062132288061e-01 1.592550459613325253e-01
-2.616265069965413304e-01 1.864849366914378415e-01
-2.428613274152451318e-01 2.121107565542833528e-01
-2.215548192382419956e-01 2.358608393388147706e-01
-1.978934712706964250e-01 2.574790804056631410e-01
-1.720900926997999680e-01 2.767278507487750394e-01
-1.443819840970457513e-01 2.933907637017181269e-01
-1.150288104265235617e-01 3.072752599807551666e-01
-8.431019426771338421e-02 3.182149781691588908e-01
-5.252305117802488765e-02 3.260718796031547573e-01
-1.997869264298322151e-02 3.307380989044622632e-01
1.300027465979710153e-02 3.321374940966487221e-01
4.608321646353616408e-02 3.302268708081902426e-01
7.893488533680509400e-02 3.249968709084312124e-01
1.112189382398195009e-01 3.164724989199707572e-01
1.426015059387643891e-01 3.047132725634134065e-01
1.727547894272952744e-01 2.898129985839636436e-01
2.013606380856823308e-01 2.718991670610922951e-01
2.281140683005959680e-01 2.511319654692140690e-01
2.527266813318895244e-01 2.277029183159257064e-01
2.749299397898720132e-01 2.018331627427136510e-01
2.944782631778986581e-01 1.737713749721256085e-01
3.111519045541383810e-01 1.437913668661400246e-01
3.247595724597240885e-01 1.121893760645903265e-01
3.351407648279889351e-01 7.928107714329533928e-02
3.421677846043584270e-01 4.539834491470080835e-02
3.457474102356389301e-01 1.088580433820337569e-02
3.458221979919333111e-01 -2.390279553433131282e-02
3.423713972197901523e-01 -5.860834362268899783e-02
3.354114640421334559e-01 -9.287022287335407189e-02
3.249961636654292718e-01 -1.263302167209751636e-01
3.112162562702703306e-01 -1.586364213290494540e-01
2.941987663881044379e-01 -1.894471184817175802e-01
2.741058406421802984e-01 -2.184345640511215769e-01
2.511332036917111599e-01 -2.452886475752768802e-01
2.255082271011789874e-01 -2.697203796469750392e-01
1.974876305985593938e-01 -2.914651655246596751e-01
1.673548445159498410e-01 -3.102858226139357245e-01
1.354170485594525519e-01 -3.259753164673910852e-01
1.020019250179530490e-01 -3.383591705047910847e-01
6.745417468098623137e-02 -3.472975165989278801e-01
3.213182048985978312e-02 -3.526867710213510421e-01
-3.597655361307720238e-03 -3.544609104348216411e-01
-3.936129697133259470e-02 -3.525923312606450977e-01
-7.478473734603367784e-02 -3.470922806422116480e-01
-1.094962913807954741e-01 -3.380108522872720123e-01
-1.431310319609080672e-01 -3.254365456370591492e-01
-1.753348019578162553e-01 -3.094953920151391480e-01
-2.057681155097237369e-01 -2.903496565868383672e-01
-2.341099031608934455e-01 -2.681961300454397956e-01
-2.600610571820266004e-01 -2.432640288692364539e-01
-2.833477356834822602e-01 -2.158125277010898291e-01
-3.037243869358886017e-01 -1.861279518291909518e-01
-3.209764585942176951e-01 -1.545206618376709085e-01
-3.349227602406666393e-01 -1.213216661962806669e-01
-3.454174517719783566e-01 -8.687900082230808063e-02
-3.523516346062779969e-01 -5.155391743365698304e-02
-3.556545274168039228e-01 -1.571692478423112119e-02
-3.552942130550825195e-01 2.025627139720668352e-02
-3.512779484412871800e-01 5.598888277725082990e-02
-3.436520344098272783e-01 9.110715952135869933e-02
-3.325012477376038111e-01 1.252444705511139567e-01
-3.179478472426404689e-01 1.580452924315859098e-01
-3.001501545905408408e-01 1.891690737326906513e-01
-2.793007318968085406e-01 2.182939187067505227e-01
-2.556241903736237719e-01 2.451200439282070764e-01
-2.293746437662796955e-01 2.693729805069771110e-01
-2.008328408119632591e-01 2.908064815618647825e-01
-1.703030110536691843e-01 3.092051027058215773e-01
-1.381094615842018980e-01 3.243864273231155670e-01
-1.045929650612034828e-01 3.362029127720811417e-01
-7.010698159147873976e-02 3.445433382693499080e-01
-3.501375880593179252e-02 3.493338400424255141e-01
3.196443833731956070e-04 3.505385243148690377e-01
3.552536424639584495e-02 3.481596537484127896e-01
7.023872278268632197e-02 3.422374080445315103e-01
1.041021567435179984e-01 3.328492244400979017e-01
1.367690405981428214e-01 3.201087287545403282e-01
1.679073605283559756e-01 3.041642723980918506e-01
1.972031986605312648e-01 2.851970952736828102e-01
2.243639893482499148e-01 2.634191387436956577e-01
2.491215123642577245e-01 2.390705367362283840e-01
2.712345913049903912e-01 2.124168165876699210e-01
2.904914693067586762e-01 1.837458443185975843e-01
3.067118382681969235e-01 1.533645516835555611e-01
3.197485021137147498e-01 1.215954844937486429e-01
3.294886591597956382e-01 8.877321336335576574e-02
3.358547973258616537e-01 5.524065325114307923e-02
3.388051862995829500e-01 2.134532047219626569e-02
3.383339689645014636e-01 -1.256441723855045156e-02
3.344708674670513471e-01 -4.614304911619202670e-02
3.272805009427162681e-01 -7.905156004916960577e-02
3.168613307361967668e-01 -1.109609546129324831e-01
3.033442500902241434e-01 -1.415556283081729205e-01
2.868908391801358593e-01 -1.705365502166859837e-01
2.676913099578273059e-01 -1.976242240448113363e-01
2.459621684988496093e-01 -2.225613976380357295e-01
2.219436253852067054e-01 -2.451154944752640119e-01
1.958967870744900974e-01 -2.650807443387173112e-01
1.681006631801246209e-01 -2.822799942539614970e-01
1.388490261006811721e-01 -2.965661848508395759e-01
1.084471604778539100e-01 -3.078234814556027876e-01
7.720854052864990769e-02 -3.159680534324155188e-01
4.545147338984323326e-02 -3.209484994941725344e-01
1.349574624028883688e-02 -3.227459208448339445e-01
-1.834068585620285755e-02 -3.213736480467396239e-01
-4.974493569784425168e-02 -3.168766313776232302e-01
-8.041230924989531403e-02 -3.093305081074403384e-01
-1.100492885079606825e-01 -2.988403635425835869e-01
-1.383763422913037999e-01 -2.855392058166901781e-01
-1.651305380103861575e-01 -2.695861772199014128e-01
-1.900679303845561885e-01 -2.511645273239964671e-01
-2.129657096481584189e-01 -2.304793799006703559e-01
-2.336240834468072680e-01 -2.077553070901378141e-01
-2.518678796252436514e-01 -1.832337542035791245e-01
-2.675478698942153621e-01 -1.571703540462623394e-01
-2.805417979019471098e-01 -1.298321476178780631e-01
-2.907551104769629524e-01 -1.014947483462458611e-01
-2.981213919446998872e-01 -7.243948144382195142e-02
-3.026025047670435342e-01 -4.295052931644539884e-02
-3.041884429532689671e-01 -1.331211294138427183e-02
-3.028969077060932324e-01 1.619426220836762964e-02
-2.987726175645439297e-01 4.529246875597328637e-02
-2.918863678570737252e-01 7.371430349817735539e-02
-2.823338565591477223e-01 1.012018940776729103e-01
-2.702342956393492535e-01 1.275099456963584288e-01
-2.557288286616420936e-01 1.524078098103773260e-01
-2.389787767784017081e-01 1.756813593621279757e-01
-2.201637362936831599e-01 1.971346577987210524e-01
-1.994795516982398598e-01 2.165914118615828166e-01
-1.771361884810435106e-01 2.338962008698632633e-01
-1.533555301149338024e-01 2.489154779242430671e-01
-1.283691234092135536e-01 2.615383410928248664e-01
-1.024158959360179089e-01 2.716770751746386270e-01
-7.573986849012906419e-02 2.792674670393393010e-01
-4.858788455662668704e-02 2.842688997875625900e-01
-2.120737756298774965e-02 2.866642330423231910e-01
6.155807295097744103e-03 2.864594836262738253e-01
3.325951320906913450e-02 2.836833009030294561e-01
5.986727695013049910e-02 2.783862619725385734e-01
8.575023381733697103e-02 2.706400092727709317e-01
1.106889028949160497e-01 2.605362289363719053e-01
1.344748432967861340e-01 2.481854905616799334e-01
1.569121725018627345e-01 2.337159640268644534e-01
1.778189397191274335e-01 2.172720292493169336e-01
1.970283490076512878e-01 1.990127948557798288e-01
2.143898285903536038e-01 1.791105415964360514e-01
2.297699444204002739e-01 1.577491060252794730e-01
2.430531575678522571e-01 1.351222194986431979e-01
2.541424263766120517e-01 1.114318169346068255e-01
2.629596555862717122e-01 8.688632905021535791e-02
2.694459957118874871e-01 6.169897097389542839e-02
2.735619969220701164e-01 3.608603924034770732e-02
2.752876224505106939e-01 1.026522823758813964e-02
2.746221272197870156e-01 -1.554602378681963284e-02
2.715838078537196609e-01 -4.113215001949666050e-02
2.662096306131981893e-01 -6.628102348381456621e-02
2.585547440204280512e-01 -9.078547127511914228e-02
2.486918830503412059e-01 -1.144447282164474666e-01
2.367106717798286020e-01 -1.370658243218264849e-01
2.227168313113641607e-01 -1.584649011774951488e-01
2.068312996445560159e-01 -1.784684529901745254e-01
1.891892683329908509e-01 -1.969144938805184875e-01
1.699391447621941276e-01 -2.136536314430112771e-01
1.492414489245182663e-01 -2.285500559178675895e-01
1.272676432355868692e-01 -2.414824525669568289e-01
1.041989047941416502e-01 -2.523448183651143539e-01
8.022484499292764637e-02 -2.610471862119839170e-01
5.554218169876498634e-02 -2.675162544041064239e-01
3.035336913963556163e-02 -2.716959191023730069e-01
4.865190624626310884e-03 -2.735477074868358227e-01
-2.071268071430258997e-02 -2.730511092246981630e-01
-4.616914782738680556e-02 -2.702038038045537216e-01
-7.129317674464785703e-02 -2.650217812275669771e-01
-9.587529880955213135e-02 -2.575393535113995047e-01
-1.197091219152645741e-01 -2.478090544720857324e-01
-1.425928440651464679e-01 -2.359014253188326249e-01
-1.643307620760877108e-01 -2.219046837418361118e-01
-1.847347676941493155e-01 -2.059242744071164144e-01
-2.036258228112097501e-01 -1.880822991066760652e-01
-2.208354048751749732e-01 -1.685168252563617186e-01
-2.362069129928074940e-01 -1.473810719945671255e-01
-2.495970246525922309e-01 -1.248424738165463260e-01
-2.608769924654104067e-01 -1.010816224828659515e-01
-2.699338698537334102e-01 -7.629108886464200379e-02
-2.766716542361748465e-01 -5.067412742777112344e-02
-2.810123359737574655e-01 -2.444326720532229505e-02
-2.828968405472990777e-01 2.181210833748723106e-03
-2.822858516479753166e-01 2.897288761245679981e-02
-2.791605081328735749e-01 5.570091405253860956e-02
-2.735229583816684018e-01 8.213181490892347558e-02
-2.653967619086232133e-01 1.080313616718401176e-01
-2.548271284545629567e-01 1.331665075726474190e-01
-2.418809851582012227e-01 1.573073710934695946e-01
-2.266468634875246357e-01 1.802292529983119673e-01
-2.092345988909931342e-01 2.017146706005248924e-01
-1.897748375999488424e-01 2.215553917858796851e-01
-1.684183466689307129e-01 2.395544502494741934e-01
-1.453351251668587585e-01 2.555281225047885130e-01
-1.207133164128906255e-01 2.693078465097895058e-01
-9.475792326620534334e-02 2.807420612515807434e-01
-6.768933070570565258e-02 2.896979463590194648e-01
-3.974164224724914540e-02 2.960630407905473493e-01
-1.116083911334689316e-02 2.997467198876545003e-01
1.779722653824195380e-02 3.006815106048285613e-01
4.686899063842209223e-02 2.988242255326001851e-01
7.578547245666783505e-02 2.941568974252775082e-01
1.042746877926189336e-01 2.866874973287445449e-01
1.320641596836434617e-01 2.764504210713091270e-01
1.588835042136580444e-01 2.635067308224824933e-01
1.844670672072209472e-01 2.479441406266059966e-01
2.085565860132768679e-01 2.298767372617084304e-01
2.309038495243613542e-01 2.094444256407823612e-01
2.512733252870086864e-01 1.868121100213753216e-01
2.694447308556828236e-01 1.621686018178202238e-01
2.852155173018605661e-01 1.357252465386105666e-01
2.984032336687335030e-01 1.077142906629017793e-01
3.088477446413987471e-01 7.838699334640389371e-02
3.164132730860225728e-01 4.801149574824360028e-02
3.209902401819921258e-01 1.687046400771975013e-02
3.224968773205245665e-01 -1.474147494757934579e-02
3.208805857653969085e-01 -4.652048255835903451e-02
3.161190222546597650e-01 -7.815641770343471906e-02
3.082208912492361286e-01 -1.093358780025082133e-01
2.972264273826286662e-01 -1.397453433035819870e-01
2.832075548078343274e-01 -1.690743892390064174e-01
2.662677135403695994e-01 -1.970189370034038934e-01
2.465413465228457057e-01 -2.232845041457795776e-01
2.241930449454890284e-01 -2.475894202056738436e-01
1.994163533034217228e-01 -2.696679704831553281e-01
1.724322397073691226e-01 -2.892734311334966280e-01
1.434872410392692699e-01 -3.061809591326444813e-01
1.128512966057378386e-01 -3.201903014762947919e-01
8.081528793713209369e-02 -3.311282892545963641e-01
4.768830625433689158e-02 -3.388510839810054964e-01
1.379467282604194579e-02 -3.432461457360601043e-01
-2.052925908597336146e-02 -3.442338952969419275e-01
-5.493848976539577461e-02 -3.417690412450427595e-01
-8.908290646441309468e-02 -3.358415628817107423e-01
-1.226109341612195147e-01 -3.264773241590477326e-01
-1.551732634142105882e-01 -3.137382952509307765e-01
-1.864266104157491499e-01 -2.977223849442461878e-01
-2.160374688887216621e-01 -2.785628750371497708e-01
-2.436858109268543182e-01 -2.564274564382169608e-01
-2.690686937134804668e-01 -2.315168713745738849e-01
-2.919037294154480100e-01 -2.040631708633540708e-01
-3.119323764439653202e-01 -1.743276013187830820e-01
-3.289230117002435727e-01 -1.425981387958842328e-01
-3.426737453715310022e-01 -1.091866938504519047e-01
-3.530149422962573502e-01 -7.442601426378342433e-02
-3.598114168522235090e-01 -3.866631688178723963e-02
-3.629642717091230431e-01 -2.271683496241003186e-03
-3.624123545897488530e-01 3.438374100062915190e-02
-3.581333113606492979e-01 7.091970707602779367e-02
-3.501442182748436549e-01 1.069539321026923562e-01
-3.385017809636752251e-01 1.421062395491368424e-01
-3.233020927648868614e-01 1.760027189912977130e-01
-3.046799501189335069e-01 2.082798592997865406e-01
-2.828077280019800632e-01 2.385886071088962057e-01
-2.578938236266691830e-01 2.665983030105234519e-01
-2.301806818641325969e-01 2.920004488407902388e-01
-1.999424209562597476e-01 3.145122609342555497e-01
-1.674820806120205785e-01 3.338799627988124352e-01
-1.331285265803148488e-01 3.498817867392934322e-01
-9.723303752101251918e-02 3.623306419486616581e-01
-6.016561024746303055e-02 3.710764069009168664e-01
-2.231102873957239996e-02 3.760078268590418826e-01
1.593526173151183639e-02 3.770539883082678068e-01
5.417142920917197846e-02 3.741853500569964908e-01
9.199363010326072621e-02 3.674143158580714941e-01
1.290004348520072674e-01 3.567953387381003205e-01
1.647972534039863213e-01 3.424245527166235870e-01
1.990007093909622604e-01 3.244389331820842770e-01
2.312429121459023684e-01 3.030149927980643199e-01
2.611755766270504320e-01 2.783670253707719588e-01
2.884739428309530673e-01 2.507449155471079272e-01
3.128404483990383511e-01 2.204315374628344204e-01
3.340081108202397897e-01 1.877397704554817359e-01
3.517435788751626657e-01 1.530091646327274013e-01
3.658498167171753135e-01 1.166022933839454129e-01
3.761683881976374266e-01 7.890083378498249922e-02
3.825813136652141400e-01 4.030141922390616249e-02
3.850124764463541127e-01 1.211311424471181366e-03
3.834285614842904977e-01 -3.795605867295843983e-02
3.778395141121753120e-01 -7.678563002647181834e-02
3.682985125939164939e-01 -1.148652783889975437e-01
3.549014538134927510e-01 -1.517903583366283504e-01
3.377859556094233717e-01 -1.871681651575225480e-01
3.171298928757908531e-01 -2.206222728114347886e-01
2.931494774036444428e-01 -2.517966942076259040e-01
2.660969017106569190e-01 -2.803598085079889723e-01
2.362575794638628879e-01 -3.060080183499822581e-01
2.039470120240321482e-01 -3.284690924241349674e-01
1.695073172773862158e-01 -3.475051549737081524e-01
1.333034608899409112e-01 -3.629152879780237484e-01
9.571923359851032542e-02 -3.745377163863556902e-01
5.715302109761678795e-02 -3.822515517281465103e-01
1.801341545741242528e-02 -3.859780746752849989e-01
-2.128528121422725364e-02 -3.856815426072602859e-01
-6.032760899276966987e-02 -3.813695138614783264e-01
-9.870150584038453467e-02 -3.730926860683455026e-01
-1.360028144984939125e-01 -3.609442517024782360e-01
-1.718396890166480340e-01 -3.450587796562183396e-01
-2.058368507259989988e-01 -3.256106371891416273e-01
-2.376396454282277970e-01 -3.028119719589881242e-01
-2.669178561077449330e-01 -2.769102789297454570e-01
-2.933692285520605458e-01 -2.481855817194793257e-01
-3.167226708414074832e-01 -2.169472623363618569e-01
-3.367410916968425205e-01 -1.835305772038189898e-01
-3.532238471035059613e-01 -1.482929008482548883e-01
-3.660087693950324628e-01 -1.116097415752907857e-01
-3.749737580348835309e-01 -7.387057585964217077e-02
-3.800379148527952000e-01 -3.547455223352483089e-02
-3.811622199316655468e-01 3.173891549805071995e-03
-3.783497376002441515e-01 4.166944532447304506e-02
-3.716453512389875091e-01 7.961032086563657462e-02
-3.611350390835532664e-01 1.166025804653810782e-01
-3.469447005352423452e-01 1.522643493333720177e-01
-3.292385498165781854e-01 1.862298650030405067e-01
-3.082170986993442163e-01 2.181533192381522324e-01
-2.841147546133299673e-01 2.477124507600847458e-01
-2.571970646632694146e-01 2.746118504127836868e-01
-2.277576398906508981e-01 2.985859441043445250e-01
-1.961147974736850985e-01 3.194016229607315460e-01
-1.626079614264331896e-01 3.368604945433195108e-01
-1.275938647072962506e-01 3.508007336593413905e-01
-9.144259745511644499e-02 3.610985161719047487e-01
-5.453354732258567511e-02 3.676690242312071200e-01
-1.725127856338403223e-02 3.704670164371691166e-01
2.001860334933848462e-02 3.694869615420792175e-01
5.689355523342069093e-02 3.647627393469301538e-01
9.299812248086614108e-02 3.563669173754263619e-01
1.279678442663284010e-01 3.444096166660384206e-01
1.614529958409493537e-01 3.290369845489634071e-01
1.931221285450333003e-01 3.104292965192583797e-01
2.226653710743708159e-01 2.887987132319937422e-01
2.497974588213180969e-01 2.643867221873261175e-01
2.742604599483319805e-01 2.374612985337285209e-01
2.958261787265962783e-01 2.083138159543983514e-01
3.142982092029248942e-01 1.772557465895527873e-01
3.295136193436883354e-01 1.446151943054369282e-01
3.413442587664519134e-01 1.107332970266541872e-01
3.496976797195201492e-01 7.596054077507702340e-02
3.545176676082217870e-01 4.065302699708521483e-02
3.557843818363868316e-01 5.168734506759698789e-03
3.535141120991802666e-01 -3.013618336145443971e-02
3.477586594778342421e-01 -6.491102699159755074e-02
3.386043556995443904e-01 -9.881406634731849936e-02
3.261707376922413082e-01 -1.315159087209586131e-01
3.106088980437514135e-01 -1.627026850417009896e-01
2.920995351322870914e-01 -1.920790241511866059e-01
2.708507294996296833e-01 -2.193707874822368731e-01
2.470954754644612561e-01 -2.443275398488760075e-01
2.210889990013285011e-01 -2.667247355270706555e-01
1.931058945266292126e-01 -2.863656024275288980e-01
1.634371144284742228e-01 -3.030827108859152075e-01
1.323868459497050398e-01 -3.167392173733757921e-01
1.002693103856859280e-01 -3.272297772134691862e-01
6.740551949912200469e-02 -3.344811241339499808e-01
3.412002359655690736e-02 -3.384523181387971147e-01
7.376848736521780065e-04 -3.391346667153636862e-01
-3.241949155848034003e-02 -3.365513277545250093e-01
-6.503543625399625661e-02 -3.307566069544546350e-01
-9.680298062227538081e-02 -3.218349612590473696e-01
-1.274266768239708525e-01 -3.098997258101278129e-01
-1.566254446278404211e-01 -2.950915878166443518e-01
-1.841350289543666752e-01 -2.775768255781781990e-01
-2.097102466161277212e-01 -2.575453368283975308e-01
-2.331270056105854693e-01 -2.352084811916613227e-01
-2.541840831960841540e-01 -2.107967626531320748e-01
-2.727046518975604350e-01 -1.845573787205152250e-01
-2.885375455074480344e-01 -1.567516634086607852e-01
-3.015582600337762820e-01 -1.276524513156767904e-01
-3.116696873678224122e-01 -9.754138989373374591e-02
-3.188025821666541915e-01 -6.670622656573597931e-02
-3.229157650430758419e-01 -3.543809662000724225e-02
-3.239960676016035990e-01 -4.028836851303121795e-03
-3.220580271322320831e-01 2.723165126770234201e-02
-3.171433408555782152e-01 5.805796647852545095e-02
-3.093200914888320496e-01 8.817167983135383580e-02
-2.986817575608730624e-01 1.173036948034915233e-01
-2.853460233397264179e-01 1.451964780555838053e-01
-2.694534044426746822e-01 1.716061453125181657e-01
-2.511657061787834766e-01 1.963043887818904654e-01
-2.306643324286587193e-01 2.190802344749068209e-01
-2.081484634033454462e-01 2.397416197470612076e-01
-1.838331209526655463e-01 2.581167833051556393e-01
-1.579471420593645536e-01 2.740554624957351471e-01
-1.307310734233726734e-01 2.874298925643492542e-01
-1.024350100014470161e-01 2.981356048652241131e-01
-7.331639915912727123e-02 3.060920260527035253e-01
-4.363782234578883479e-02 3.112428774475170523e-01
-1.366477327807834319e-02 3.135563771467149152e-01
1.633655103198955461e-02 3.130252484743438757e-01
4.610143085310671601e-02 3.096665395480917571e-01
7.536876120655892908e-02 3.035212597912630983e-01
1.038831324088547725e-01 2.946538401516030636e-01
1.313968407677914008e-01 2.831514246029737669e-01
1.576718174323860078e-01 2.691230012089380619e-01
1.824814643120078184e-01 2.526983816268754679e-01
2.056123868812430588e-01 2.340270384366729128e-01
2.268660145656712646e-01 2.132768100996631222e-01
2.460601002531328241e-01 1.906324837024162555e-01
2.630300912906727295e-01 1.662942659276791524e-01
2.776303651068007805e-01 1.404761529326549463e-01
2.897353233417144791e-01 1.134042100140830178e-01
2.992403390764142301e-01 8.531477211072521771e-02
3.060625524287250987e-01 5.645257634645960837e-02
3.101415104352964192e-01 2.706883795959632785e-02
3.114396477702566779e-01 -2.580718896815166908e-03
3.099426054710473499e-01 -3.223786385773929480e-02
3.056593854586012737e-01 -6.164388477934454325e-02
2.986223410057934902e-01 -9.054162203490037641e-02
2.888869969062822229e-01 -1.186775011716750677e-01
2.765317025108137705e-01 -1.458035498628887650e-01
2.616571217511445280e-01 -1.716793880171001985e-01
2.443855559608947847e-01 -1.960741786814459986e-01
2.248601031327454036e-01 -2.187685267052721372e-01
2.032436563726559564e-01 -2.395563123271277350e-01
1.797177452058131286e-01 -2.582464467627306193e-01
1.544812243421777587e-01 -2.746645368328552994e-01
1.277488155217365862e-01 -2.886544456909191370e-01
9.974950912862726171e-02 -3.000797368036251522e-01
7.072483338466380165e-02 -3.088249885177643539e-01
4.092700009956162788e-02 -3.147969668253955966e-01
1.061693715813992814e-02 -3.179256443307486024e-01
-1.993778084754854740e-02 -3.181650539370320385e-01
-5.046509119452084052e-02 -3.154939664202959793e-01
-8.069067693295275956e-02 -3.099163818493795297e-01
-1.103402610256037919e-01 -3.014618257526012757e-01
-1.391419444596048716e-01 -2.901854420277996116e-01
-1.668285709587359888e-01 -2.761678758446953763e-01
-1.931400998983127115e-01 -2.595149411966515274e-01
-2.178259681035131234e-01 -2.403570693192044194e-01
-2.406474204174001708e-01 -2.188485358986355933e-01
-2.613797882787730065e-01 -1.951664668356586363e-01
-2.798146950733719773e-01 -1.695096242941943332e-01
-2.957621682087826498e-01 -1.420969774442988331e-01
-3.090526321265907317e-01 -1.131660613857488618e-01
-3.195387629800844342e-01 -8.297113524556226638e-02
-3.270971874807022672e-01 -5.178115024740166661e-02
-3.316300011162370831e-01 -1.987753831878767002e-02
-3.330660874976054675e-01 1.244816284137365350e-02
-3.313622204369021662e-01 4.489683098971448266e-02
-3.265039317765566218e-01 7.716440745958465242e-02
-3.185061296675941733e-01 1.089446507279374921e-01
-3.074134539275203970e-01 1.399319720700698544e-01
-2.933003572843702056e-01 1.698243282063034709e-01
-2.762709037180464122e-01 1.983261443093032317e-01
-2.564582777241643519e-01 2.251512394381360027e-01
-2.340240011262659792e-01 2.500257254236881721e-01
-2.091568570226604862e-01 2.726908494756372092e-01
-1.820715235440166502e-01 2.929057503369345006e-01
-1.530069232836586690e-01 3.104500976975088089e-01
-1.222242975079419064e-01 3.251265848106939527e-01
-9.000501752037103065e-02 3.367632448456550631e-01
-5.664814879958044586e-02 3.452155624642734844e-01
-2.246778671588295015e-02 3.503683534342555972e-01
1.220981428908318386e-02 3.521373867793767820e-01
4.704929324309842231e-02 3.504707260153764881e-01
8.170938934655438968e-02 3.453497684135285462e-01
1.158462727709148876e-01 3.367899639555644864e-01
1.491169682304460398e-01 3.248411998920321397e-01
1.811828346728752148e-01 3.095878347832491939e-01
2.117130658086958384e-01 2.911483770168764584e-01
2.403881773948713385e-01 2.696748050954315690e-01
2.669034407298865874e-01 2.453515249822444122e-01
2.909722248531911304e-01 2.183939691800753369e-01
3.123292093132719605e-01 1.890468449418586661e-01
3.307334298897363078e-01 1.575820431630603480e-01
3.459711206381026471e-01 1.242962236296394629e-01
3.578583170720630036e-01 8.950809634191747577e-02
3.662431872012308354e-01 5.355542254971706190e-02
3.710080594910613039e-01 1.679176286518101885e-02
3.720711195877564048e-01 -2.041699668497891709e-02
3.693877508304775348e-01 -5.769630659633913361e-02
3.629514971260897060e-01 -9.466676686455027800e-02
3.527946306523161435e-01 -1.309480515563218039e-01
3.389883110426796797e-01 -1.661629034437084318e-01
3.216423271451859800e-01 -1.999411555427148268e-01
3.009044170862659739e-01 -2.319237352517736217e-01
2.769591671582590231e-01 -2.617666061486990658e-01
2.500264949257546832e-01 -2.891446023950444144e-01
2.203597268542011323e-01 -3.137551111266597137e-01
1.882432856424506307e-01 -3.353215591841364196e-01
1.539900072276666476e-01 -3.535966620552302153e-01
1.179381120646005032e-01 -3.683653949546368267e-01
8.044785940897732079e-02 -3.794476502179219835e-01
4.189791790095029334e-02 -3.867005413834174177e-01
2.681490771924497762e-03 -3.900203266268517099e-01
-3.679776567827795081e-02 -3.893439280598600671e-01
-7.612998640096518832e-02 -3.846500191362099974e-01
-1.149034586959463006e-01 -3.759596639767228687e-01
-1.527090521390029876e-01 -3.633364957102673820e-01
-1.891446679336081793e-01 -3.468864261381248149e-01
-2.238196573985083981e-01 -3.267568844063072353e-01
-2.563591590152196065e-01 -3.031355878503506074e-01
-2.864083037788603403e-01 -2.762488536927530380e-01
-3.136362395263639358e-01 -2.463594657562653834e-01
-3.377399264544950208e-01 -2.137641157378250834e-01
-3.584476581748519686e-01 -1.787904437996479801e-01
-3.755222653649992193e-01 -1.417937082087504241e-01
-3.887639623371914599e-01 -1.031531184291010483e-01
-3.980128006246060335e-01 -6.326787037993901464e-02
-4.031506979383375766e-01 -2.255292646174609367e-02
-4.041030155288332093e-01 1.856541363511170217e-02
-4.008396620391742049e-01 5.965410243245157507e-02
-3.933757073054998110e-01 1.002780432420624646e-01
-3.817714951781920329e-01 1.400048448535935464e-01
-3.661322502386306077e-01 1.784095782611991032e-01
-3.466071791998582285e-01 2.150794808962188664e-01
-3.233880737327862742e-01 2.496185540274817594e-01
-2.967074278960704636e-01 2.816520017478144067e-01
-2.668360862180237381e-01 3.108304540577873087e-01
-2.340804497194192979e-01 3.368339272921084815e-01
-1.987792691622990715e-01 3.593754793055514152e-01
-1.613000580664122330e-01 3.782045100155728146e-01
-1.220351656187128597e-01 3.931096692234311574e-01
-8.139755291066200216e-02 4.039213363042152283e-01
-3.981631966224902230e-02 4.105136412154390957e-01
2.267968234590642031e-03 4.128060015284886752e-01
4.440809743943846533e-02 4.107641557740511762e-01
8.615511728665246893e-02 4.044006792440286713e-01
1.270632851428085963e-01 3.937749744369342664e-01
1.666949902079368773e-01 3.789927344972274792e-01
2.046255990295762217e-01 3.602048842054634270e-01
2.404481667440142578e-01 3.376060092486981024e-01
2.737779594833957830e-01 3.114322905626393245e-01
3.042567354750473907e-01 2.819589664130761619e-01
3.315567350862669294e-01 2.494973505008159231e-01
3.553843334016930089e-01 2.143914396614720885e-01
3.754833128210890991e-01 1.770141496228079259e-01
3.916377175856358139e-01 1.377632217166473716e-01
4.036742570265523522e-01 9.705684736406344770e-02
4.114642296210864192e-01 5.532906051251656326e-02
4.149249455724017266e-01 1.302495095979785272e-02
4.140206315320692498e-01 -2.940424638234818977e-02
4.087628085244254805e-01 -7.150613165570988972e-02
3.992101341058019726e-01 -1.128321273212956194e-01
3.854677157394370557e-01 -1.529424172386132375e-01
3.676859054134000715e-01 -1.914107858229977255e-01
3.460585855696617363e-01 -2.278292964060338877e-01
3.208209685629550556e-01 -2.618127568447767839e-01
2.922469358364367387e-01 -2.930029214970007456e-01
2.606459483547248213e-01 -3.210723818905466542e-01
2.263595647951260337e-01 -3.457281021921141950e-01
1.897576085045655503e-01 -3.667145598763115188e-01
1.512340282285789261e-01 -3.838164567547970862e-01
1.112025010620408261e-01 -3.968609706875606546e-01
7.009182891859945530e-02 -4.057195237985522507e-01
2.834118203429526056e-02 -4.103090487867028791e-01
-1.360475541409861266e-02 -4.105927408884881835e-01
-5.530068160013727058e-02 -4.065802891350215886e-01
-9.630555905438123454e-02 -3.983275866794995235e-01
-1.361874266515138154e-01 -3.859359260737269537e-01
-1.745280869683737413e-01 -3.695506913703063834e-01
-2.109276161781910019e-01 -3.493595647465225773e-01
-2.450086460443050285e-01 -3.255902709163455144e-01
-2.764203705641032349e-01 -2.985078878512966161e-01
-3.048422333498940762e-01 -2.684117572065915502e-01
-3.299872558703234038e-01 -2.356320322886781560e-01
-3.516049711601706984e-01 -2.005259053526592672e-01
-3.694839345695819510e-01 -1.634735578043808313e-01
-3.834537791636725146e-01 -1.248738853410248928e-01
-3.933868018660762189e-01 -8.514004762086657685e-02
-3.991990694950411922e-01 -4.469488937549762758e-02
-4.008510295031035842e-01 -3.966290418340365741e-03
-3.983476251604717855e-01 3.661750330351479926e-02
-3.917379183131596276e-01 7.663251462665610081e-02
-3.811142285313038336e-01 1.156635839906464680e-01
-3.666108029814027502e-01 1.533087816239684098e-01
-3.484020366424286919e-01 1.891836346792052925e-01
-3.267002674776133819e-01 2.229251235710351109e-01
-3.017531758133656372e-01 2.541954049552435091e-01
-2.738408214115934380e-01 2.826852224397279345e-01
-2.432723555048431907e-01 3.081169701885100309e-01
-2.103824483545955193e-01 3.302473790116073893e-01
-1.755274756580788298e-01 3.488697992679068993e-01
-1.390815093414681236e-01 3.638160598825815328e-01
-1.014321599181396416e-01 3.749578879306062484e-01
-6.297631864808138358e-02 3.822078784977436250e-01
-2.411584820454594491e-02 3.855200098338170678e-01
1.474672955999684412e-02 3.848897040944349035e-01
5.321250084377916745e-02 3.803534391621861688e-01
9.089033545922860224e-02 3.719879220844660161e-01
1.274009258409069256e-01 3.599088395031950771e-01
1.623806468815883752e-01 3.442692050261486614e-01
1.954851994346263611e-01 3.252573265117650325e-01
2.263929919728735196e-01 3.030944238587983119e-01
2.548082339271385832e-01 2.780319296997933454e-01
2.804637163771225850e-01 2.503485030365313335e-01
3.031232463174355352e-01 2.203467962534238489e-01
3.225837165392704819e-01 1.883500142598985849e-01
3.386767947481075236e-01 1.546983067214264262e-01
3.512702201323070761e-01 1.197450354279658291e-01
3.602687002322790266e-01 8.385295942331152941e-02
3.656144055775555901e-01 4.739038058370198536e-02
3.672870641036458661e-01 1.072729190003526324e-02
3.653036617782734474e-01 -2.576843019774394811e-02
3.597177601067380603e-01 -6.173474951025006985e-02
3.506184452014086128e-01 -9.681907157392928565e-02
3.381289268475895504e-01 -1.306816870470014769e-01
3.224048094385618679e-01 -1.629990235850113101e-01
3.036320597528225917e-01 -1.934666756986292979e-01
2.820246992780581219e-01 -2.218021852459663990e-01
2.578222511263258965e-01 -2.477475486010391748e-01
2.312869735161507956e-01 -2.710714301113505420e-01
2.027009133083772230e-01 -2.915710651620780913e-01
1.723628141680290382e-01 -3.090738399531088310e-01
1.405849145841806536e-01 -3.234385389195426619e-01
1.076896712194785888e-01 -3.345562545388117703e-01
7.400644289128981146e-02 -3.423509580224428639e-01
3.986816670465576085e-02 -3.467797322969682350e-01
5.608070207889384248e-03 -3.478326737082937936e-01
-2.844355501493957619e-02 -3.455324737810213653e-01
-6.196249385632596196e-02 -3.399336892259210985e-01
-9.463362329928837191e-02 -3.311217167643502046e-01
-1.261537795612545643e-01 -3.192114903467133669e-01
-1.562344522698699834e-01 -3.043459206817890061e-01
-1.846042837243198065e-01 -2.866940990076313756e-01
-2.110113539912769898e-01 -2.664492887316886049e-01
-2.352252353855395217e-01 -2.438267299408602984e-01
-2.570388027535854270e-01 -2.190612828291564063e-01
-2.762697888762605802e-01 -1.924049368135501703e-01
-2.927620771985621206e-01 -1.641242125139153740e-01
-3.063867269457221654e-01 -1.344974838709125375e-01
-3.170427284635081167e-01 -1.038122474803019613e-01
-3.246574892973995152e-01 -7.236236575060754628e-02
-3.291870540735812867e-01 -4.044530976339453382e-02
-3.306160636411727971e-01 -8.359426754114723454e-03
-3.289574611598660159e-01 2.359874403905942719e-02
-3.242519548537389773e-01 5.513708476484911053e-02
-3.165672489876454887e-01 8.597042070365096267e-02
-3.059970562480192058e-01 1.158229311234851705e-01
-2.926599061195361284e-01 1.444304317438948881e-01
-2.766977650406457490e-01 1.715425131197649555e-01
-2.582744850955824290e-01 1.969245211203147494e-01
-2.375740951563647396e-01 2.203593673648273910e-01
-2.147989635333013014e-01 2.416491585031203815e-01
-1.901678433678113955e-01 2.606166399933353417e-01
-1.639138116844018056e-01 2.771064450059170237e-01
-1.362821317691815526e-01 2.909861436679967439e-01
-1.075280537851158319e-01 3.021470903253276608e-01
-7.791457179617596041e-02 3.105050675043141140e-01
-4.771015495821424868e-02 3.160007267634104000e-01
-1.718647011414529621e-02 3.185998280272781535e-01
1.338388757806628464e-02 3.182932802941881301e-01
4.372964003733527394e-02 3.150969877953535558e-01
7.358303246144885790e-02 3.090515067645452363e-01
1.026819859079649566e-01 3.002215189500205827e-01
1.307721826292045364e-01 2.886951288728801801e-01
1.576090713584284153e-01 2.745829926124922493e-01
1.829597805713474301e-01 2.580172865879616917e-01
2.066049285707831362e-01 2.391505254131711389e-01
2.283403200559488144e-01 2.181542384407753055e-01
2.479785196368023970e-01 1.952175150871909848e-01
2.653502935355399606e-01 1.705454294556336958e-01
2.803059114807664454e-01 1.443573551569043711e-01
2.927163015462050377e-01 1.168851815766462077e-01
3.024740514176640360e-01 8.837144316108097586e-02
3.094942502935102979e-01 5.906737359758902628e-02
3.137151663404938451e-01 2.923089705739855340e-02
3.150987514479220430e-01 -8.754314435473047615e-04
3.136309812341404046e-01 -3.098652086460718796e-02
3.093220203476345631e-01 -6.083686646248275681e-02
3.022062021901424922e-01 -9.016268445677767807e-02
2.923418335478971675e-01 -1.187040434811772738e-01
2.798108199344668257e-01 -1.462069803204482099e-01
2.647181120370398766e-01 -1.724255859843258909e-01
2.471909745890210341e-01 -1.971240479877205409e-01
2.273780799762658844e-01 -2.200786345645282249e-01
2.054484299244122569e-01 -2.410796064502460645e-01
1.815901097109227091e-01 -2.599330418380441654e-01
1.560088804961045628e-01 -2.764625601560494195e-01
1.289266165688328913e-01 -2.905109304428034611e-01
1.005795955491594340e-01 -3.019415503256008826e-01
7.121665087338971412e-02 -3.106397819448145636e-01
4.109719719732620596e-02 -3.165141316278094474e-01
1.048914067783554213e-02 -3.194972607090271199e-01
-2.033331258268271380e-02 -3.195468156273350013e-01
-5.109193533618852645e-02 -3.166460663151342558e-01
-8.150682936649822352e-02 -3.108043429313736561e-01
-1.112988299569923206e-01 -3.020572621856230100e-01
-1.401919464142289129e-01 -2.904667358533352117e-01
-1.679158193610580385e-01 -2.761207555912623679e-01
-1.942081745770275203e-01 -2.591329498217520011e-01
-2.188172523658422353e-01 -2.396419102574094129e-01
-2.415041866959828920e-01 -2.178102865409691502e-01
-2.620453238876064295e-01 -1.938236555512870829e-01
-2.802344517530418466e-01 -1.678891623298899571e-01
-2.958849071426045696e-01 -1.402339392214537739e-01
-3.088315519246889185e-01 -1.111033155276091033e-01
-3.189325918245192737e-01 -8.075882634826599127e-02
-3.260712169882271638e-01 -4.947603352333611315e-02
-3.301570440818009100e-01 -1.754217390242034103e-02
-3.311273409414872693e-01 1.474634756719130427e-02
-3.289480162632566485e-01 4.708660026430715184e-02
-3.236143585500272368e-01 7.917188409505666880e-02
-3.151515105185433985e-01 1.106945758198349811e-01
-3.036146673912009653e-01 1.413490401155671206e-01
-2.890889899457232404e-01 1.708345784535422185e-01
-2.716892258475247512e-01 1.988583875823056735e-01
-2.515590356221037993e-01 2.251384983802313389e-01
-2.288700226105042368e-01 2.494066651082760822e-01
-2.038204693590541794e-01 2.714111746720043183e-01
-1.766337860914382607e-01 2.909195454118209123e-01
-1.475566801602630762e-01 3.077210851962826066e-01
-1.168570586379683446e-01 3.216292792060122530e-01
-8.482167944283482142e-02 3.324839787713309569e-01
-5.175356956334462716e-02 3.401533639667242981e-01
-1.796923200102484852e-02 3.445356543662804749e-01
1.620433404413398545e-02 3.455605444178279084e-01
5.043276832450763886e-02 3.431903405702660947e-01
8.437762219056325896e-02 3.374207888145123735e-01
1.176997307109809293e-01 3.282815690324066837e-01
1.500626401818389299e-01 3.158364432227646068e-01
1.811360680827650838e-01 3.001830551390484159e-01
2.105993552610737896e-01 2.814523738356009552e-01
2.381448730534736213e-01 2.598077800812267357e-01
2.634813477021000216e-01 2.354437985861189964e-01
2.863370645052444874e-01 2.085844830429779972e-01
3.064629146740406873e-01 1.794814650566320391e-01
3.236352488496962443e-01 1.484116820780370660e-01
3.376585026709724158e-01 1.156748034167099370e-01
3.483675616618440718e-01 8.159037722876599785e-02
3.556298350219362914e-01 4.649472501459362556e-02
3.593470106287272037e-01 1.073761356081800490e-02
3.594564666760483584e-01 -2.532126262248582393e-02
3.559323188478291655e-01 -6.131595253180058963e-02
3.487860857236593226e-01 -9.687803531516331335e-02
3.380669591929125195e-01 -1.316404820752517801e-01
3.238616709716330422e-01 -1.652415510126337139e-01
3.062939508218520679e-01 -1.973286730023605662e-01
2.855235767137477843e-01 -2.275622841032281518e-01
2.617450218915373106e-01 -2.556195614170668762e-01
2.351857085465801078e-01 -2.811980191558961506e-01
2.061038825068872427e-01 -3.040189227415508455e-01
1.747861321205954888e-01 -3.238304778164015074e-01
1.415445633483158883e-01 -3.404107647422789928e-01
1.067136640167647282e-01 -3.535703728669632451e-01
7.064689962729130135e-02 -3.631546989898180589e-01
3.371306389256329555e-02 -3.690458885954299717e-01
-3.707573887005846842e-03 -3.711643906134708404e-01
-4.122728316508094543e-02 -3.694701039391651287e-01
-7.845500438324067016e-02 -3.639630984591657459e-01
-1.150005533855688322e-01 -3.546838981043577421e-01
-1.504788509471512714e-01 -3.417133184378526867e-01
-1.845141295472065013e-01 -3.251718564234895026e-01
-2.167440692852156126e-01 -3.052186352450844131e-01
-2.468238151858409835e-01 -2.820499122951246607e-01
-2.744298290679634822e-01 -2.558971636581749975e-01
-2.992635306596697631e-01 -2.270247635133301467e-01
-3.210546847118125324e-01 -1.957272818066291276e-01
-3.395644934777362622e-01 -1.623264282350268539e-01
-3.545883570585833255e-01 -1.271676749772368553e-01
-3.659582677279710206e-01 -9.061659464572563438e-02
-3.735448084059467266e-01 -5.305495356455892930e-02
-3.772587299030576435e-01 -1.487660365068098692e-02
-3.770520863487176744e-01 2.351678115197762195e-02
-3.729189132965352038e-01 6.172007580284497724e-02
-3.648954383015099445e-01 9.932913281274530215e-02
-3.530598192252322742e-01 1.359452179917742254e-01
-3.375314150689467940e-01 1.711793991441921958e-01
-3.184695851019351265e-01 2.046568483966508534e-01
-2.960720322740751920e-01 2.360209975270067817e-01
-2.705727190938083671e-01 2.649374938630331688e-01
-2.422393670529643106e-01 2.910979210292438113e-01
-2.113705703239352196e-01 3.142232369477152565e-01
-1.782925559242338753e-01 3.340668886586652397e-01
-1.433556268310459125e-01 3.504175672254878360e-01
-1.069303283865560977e-01 3.631015701477242619e-01
-6.940338171372566201e-02 3.719847432736546056e-01
-3.117343071797515353e-02 3.769739791259648087e-01
7.353348454386163247e-03 3.780182537686627708e-01
4.576772492532273778e-02 3.751091897865383995e-01
8.366192589454402029e-02 3.682811385523337422e-01
1.206341326183962420e-01 3.576107806515163023e-01
1.562929075984529903e-01 3.432162490489565343e-01
1.902615018246111289e-01 3.252557852443389574e-01
2.221819923458346890e-01 3.039259442028107161e-01
2.517192024762400782e-01 2.794593691947431791e-01
2.785643595595723165e-01 2.521221627665103937e-01
3.024384483784017252e-01 2.222108848291969307e-01
3.230952219656308411e-01 1.900492132345782681e-01
3.403238357086869059e-01 1.559843061529939401e-01
3.539510751787106613e-01 1.203829090269401408e-01
3.638431530105765144e-01 8.362725180473866426e-02
3.699070590104858725e-01 4.611078842385024634e-02
3.720914400944680955e-01 8.233814926223945521e-03
3.703870041477211328e-01 -2.960097096089410809e-02
3.648264555953443233e-01 -6.699291139154299468e-02
3.554839551436228540e-01 -1.035477923789986932e-01
3.424741148069784247e-01 -1.388821548716258902e-01
3.259505420937695019e-01 -1.726274635559948423e-01
3.061039525063668498e-01 -2.044340859537568944e-01
2.831598745325100142e-01 -2.339750368850585238e-01
2.573759760041268718e-01 -2.609494464123933155e-01
2.290390450192937577e-01 -2.850857129136908918e-01
1.984616625107512300e-01 -3.061443069149109575e-01
1.659786069541295539e-01 -3.239201956877053590e-01
1.319430346010358746e-01 -3.382448633293516638e-01
9.672248096354675584e-02 -3.489879060286336654e-01
6.069473104193956470e-02 -3.560581874180155371e-01
2.424360695880848487e-02 -3.594045442523966516e-01
-1.224527777002631761e-02 -3.590160380696670317e-01
-4.838874813635754557e-02 -3.549217539094528528e-01
-8.381023316018318403e-02 -3.471901525255871590e-01
-1.181438197046116856e-01 -3.359279877580522711e-01
-1.510381490523508008e-01 -3.212788057667614328e-01
-1.821601130418376291e-01 -3.034210476110200672e-01
-2.111983093951456392e-01 -2.825657811271541364e-01
-2.378662191661595482e-01 -2.589540921595767653e-01
-2.619050761294266505e-01 -2.328541734678184483e-01
-2.830863912995463250e-01 -2.045581329930867831e-01
-3.012141085552267339e-01 -1.743785737966106475e-01
-3.161263811964022952e-01 -1.426449952670847121e-01
-3.276969452982334552e-01 -1.097000445561443771e-01
-3.358360814652532889e-01 -7.589566814685833052e-02
-3.404911594994019519e-01 -4.158920886640180004e-02
-3.416467654981318880e-01 -7.139493655415437429e-03
-3.393244158340923966e-01 2.709704314600020619e-02
-3.335818672745883839e-01 6.077015732709994955e-02
-3.245120371181462460e-01 9.353947108991390869e-02
-3.122415516014140913e-01 1.250779881240161873e-01
-2.969289449106921608e-01 1.550754100605940267e-01
-2.787625348716373241e-01 1.832412198594577379e-01
-2.579580047463936876e-01 2.093075010181970619e-01
-2.347557235035331313e-01 2.330314651493816669e-01
-2.094178394128666520e-01 2.541976643973430372e-01
-1.822251838309393024e-01 2.726198693058318190e-01
-1.534740235670578601e-01 2.881425970450008367e-01
-1.234727012439854610e-01 3.006422793029588370e-01
-9.253820358875775032e-02 3.100280635855411915e-01
-6.099269761093104036e-02 3.162422460904470434e-01
-2.916007415804939412e-02 3.192603386723493752e-01
2.637462602411270746e-03 3.190907766398718981e-01
3.408272261652869201e-02 3.157742781721527559e-01
6.486674147465437690e-02 3.093828751270575328e-01
9.469183761778504627e-02 3.000186166376996866e-01
1.232744835513814308e-01 2.878119798724084744e-01
1.503479724475069723e-01 2.729200216430855419e-01
1.756648489771085730e-01 2.555242813895792775e-01
1.989990844751216015e-01 2.358284700911003895e-01
2.201479787321877213e-01 2.140559757937040564e-01
2.389337743490569932e-01 1.904472177414233969e-01
2.552049733016746313e-01 1.652568819685993340e-01
2.688373490964268142e-01 1.387510716530473975e-01
2.797346515970052239e-01 1.112044055504591289e-01
2.878290052295341961e-01 8.289709744198757446e-02
2.930810047760217807e-01 5.411204874672320003e-02
2.954795163058498986e-01 2.513198530104801195e-02
2.950411939323667188e-01 -3.763332185568310593e-03
2.918097259820812139e-01 -3.229979629315581774e-02
2.858548267972550461e-01 -6.021151404924718342e-02
2.772709927332272506e-01 -8.724321778238040836e-02
2.661760429389359861e-01 -1.131525048958962887e-01
2.527094672072211501e-01 -1.377118884724460590e-01
2.370306045401795458e-01 -1.607106434244746085e-01
2.193166770888548833e-01 -1.819564357880505967e-01
1.997607047957370430e-01 -2.012767256751694933e-01
1.785693263977301271e-01 -2.185199373123962452e-01
1.559605524459760639e-01 -2.335563924623452747e-01
1.321614739564741514e-01 -2.462790119100455033e-01
1.074059540721438166e-01 -2.566037690574294317e-01
8.193232971634493988e-02 -2.644699127856117715e-01
5.598113824673214833e-02 -2.698399771074622144e-01
2.979289446142525249e-02 -2.726995689299612780e-01
3.605937253193227700e-03 -2.730569504702033412e-01
-2.234563606136933528e-02 -2.709424287318819569e-01
-4.783393156429895793e-02 -2.664075658976523542e-01
-7.263910248685878646e-02 -2.595242256868714459e-01
-9.655106267769963946e-02 -2.503834716647747594e-01
-1.193710596213028580e-01 -2.390943341692635671e-01
-1.409130988814838725e-01 -2.257824629502917790e-01
-1.610052138555301271e-01 -2.105886828032754732e-01
-1.794905766760552801e-01 -1.936674694344619474e-01
-1.962284479642551482e-01 -1.751853625383711366e-01
-2.110949648970863457e-01 -1.553193326136575181e-01
-2.239837686821586071e-01 -1.342551174147651738e-01
-2.348064740213063328e-01 -1.121855431551999072e-01
-2.434929844738070726e-01 -8.930884466818872491e-02
-2.499916587935346601e-01 -6.582699771693388546e-02
-2.542693343050311250e-01 -4.194407555504944818e-02
-2.563112141991925608e-01 -1.786464069350202771e-02
-2.561206262710914450e-01 6.207818341637467811e-03
-2.537186610948147791e-01 3.007239665215776306e-02
-2.491436979406262686e-01 5.353222156002214460e-02
-2.424508260767776757e-01 7.639583964710211506e-02
-2.337111697623874829e-01 9.847851896435354246e-02
-2.230111304858403420e-01 1.196034743957739288e-01
-2.104515487340616053e-01 1.396030248280809294e-01
-1.961467943928048019e-01 1.583196615524956608e-01
-1.802237937539423740e-01 1.756070318589731394e-01
-1.628210002139351964e-01 1.913308365011631984e-01
-1.440873153016674069e-01 2.053696401786938575e-01
-1.241809662179184093e-01 2.176155945406464953e-01
-1.032683456216116485e-01 2.279750734646927846e-01
-8.152281897716361081e-02 2.363692205173712757e-01
-5.912350439872130631e-02 2.427344085620057046e-01
-3.625402960491791449e-02 2.470226114636610293e-01
-1.310127034389001188e-02 2.492016877590941260e-01
1.014592552784431695e-02 2.492555760292701761e-01
3.329802422059838229e-02 2.471844015492827562e-01
5.616609835166860853e-02 2.430044936128570032e-01
7.856312127429102010e-02 2.367483127538323462e-01
1.003052590440680625e-01 2.284642869329197856e-01
1.212131554126268107e-01 2.182165556419313202e-01
1.411132049029229785e-01 2.060846208160873605e-01
1.598388086186827983e-01 1.921629034531305846e-01
1.772316069842539143e-01 1.765602049294170695e-01
1.931426831150368228e-01 1.593990721895347518e-01
2.074337299989666983e-01 1.408150662766668171e-01
2.199781742551975283e-01 1.209559282385768708e-01
2.306622456155535961e-01 9.998066037643935089e-02
2.393859907705504497e-01 7.805851266850094561e-02
2.460642189565772908e-01 5.536786342349980794e-02
2.506273685431742448e-01 3.209501457185830881e-02
2.530222866195912523e-01 8.432899517429955430e-03
2.532129120433799785e-01 -1.542029181647964868e-02
2.511808523889439981e-01 -3.926256498614022483e-02
2.469258453514173446e-01 -6.288964312334896500e-02
2.404660954338176948e-01 -8.609655095101970135e-02
2.318384771834881009e-01 -1.086792512910948472e-01
2.210985968548832281e-01 -1.304363233891697171e-01
2.083207051641947083e-01 -1.511706711575975248e-01
1.935974547682666191e-01 -1.706912482667680420e-01
1.770394972434027603e-01 -1.888147859180847876e-01
1.587749156532001216e-01 -2.053675081372723366e-01
1.389484902690714119e-01 -2.201868185579402004e-01
1.177207966297852126e-01 -2.331229419467791275e-01
9.526713688090346355e-02 -2.440405031759055599e-01
7.177630720195719849e-02 -2.528200259953747309e-01
4.744920608612098606e-02 -2.593593338180749108e-01
2.249729025887387338e-02 -2.635748348157163634e-01
-2.859112918831709527e-03 -2.654026739509207089e-01
-2.839262565048047970e-02 -2.647997351455714798e-01
-5.387075955079289463e-02 -2.617444776149560615e-01
-7.905796118743840806e-02 -2.562375858706611442e-01
-1.037177409157252206e-01 -2.483024363491825870e-01
-1.276148747982944198e-01 -2.379853589741846853e-01
-1.505176575724013754e-01 -2.253556706561788414e-01
-1.722001806969588322e-01 -2.105054895353374589e-01
-1.924446147356898285e-01 -1.935493188507665108e-01
-2.110434721455379803e-01 -1.746233969884317949e-01
-2.278018258107902538e-01 -1.538848128282590821e-01
-2.425394582204565275e-01 -1.315103881998590241e-01
-2.550929160472144019e-01 -1.076953320328828956e-01
-2.653174450646071381e-01 -8.265167361672931534e-02
-2.730887808448646537e-01 -5.660648522772304680e-02
-2.783047715178451065e-01 -2.979990720102930826e-02
-2.808868100425683245e-01 -2.482991279579759014e-03
-2.807810549421661528e-01 2.508461927702802796e-02
-2.779594202713976392e-01 5.263715183425985572e-02
-2.724203177088381778e-01 7.990528546246179753e-02
-2.641891360742806838e-01 1.066188255399104501e-01
-2.533184462419650895e-01 1.325094446181930841e-01
-2.398879223237310454e-01 1.573134607319874589e-01
-2.240039731007109625e-01 1.807746230968248491e-01
-2.057990809516865860e-01 2.026468742442502635e-01
-1.854308489213637445e-01 2.226970571154939238e-01
-1.630807600504801114e-01 2.407075354892768415e-01
-1.389526566075241221e-01 2.564786963686522259e-01
-1.132709486171345620e-01 2.698312983932871223e-01
-8.627857396723939698e-02 2.806086515469441989e-01
-5.823471864177809376e-02 2.886785918747913349e-01
-2.941231808911255741e-02 2.939352123193281208e-01
-9.537042517212136316e-05 2.963003410228058354e-01
2.942391440546809553e-02 2.957247408023163660e-01
5.884810003981926635e-02 2.921890110873123780e-01
8.787761202647446923e-02 2.857041767943859223e-01
1.162138955960586445e-01 2.763119520573159016e-01
1.435626079489343565e-01 2.640846703915162297e-01
1.696368091030915348e-01 2.491248767071813086e-01
1.941601147423077656e-01 2.315645805476116426e-01
2.168697743483400941e-01 2.115641739688547129e-01
2.375196382007708495e-01 1.893110215424906040e-01
2.558829775878251889e-01 1.650177340025505424e-01
2.717551237884582860e-01 1.389201410171328199e-01
2.849558930515198041e-01 1.112749823925300724e-01
2.953317668968927223e-01 8.235734066087843641e-02
3.027577995751676854e-01 5.245784141152694258e-02
3.071392274198221362e-01 2.187965085402698504e-02
3.084127580766453103e-01 -9.064697097451548599e-03
3.065475211617635920e-01 -4.005660949284878258e-02
3.015456657398662976e-01 -7.077484200937968206e-02
2.934425940817286804e-01 -1.008989672505807844e-01
2.823068254049823089e-01 -1.301128641819079002e-01
2.682394853036347282e-01 -1.581081838470913825e-01
2.513734326623222048e-01 -1.845877641429352900e-01
2.318720210218737088e-01 -2.092689472840062459e-01
2.099275039091473838e-01 -2.318867489687098660e-01
1.857591080730250366e-01 -2.521968552060921964e-01
1.596107911251521960e-01 -2.699784067038314972e-01
1.317487073521887431e-01 -2.850365370441902968e-01
1.024584091382379630e-01 -2.972046335796737493e-01
7.204181479433514890e-02 -3.063462930902678405e-01
4.081397659113097237e-02 -3.123569477223337998e-01
9.099685390364974438e-03 -3.151651405333227296e-01
-2.277004956538757410e-02 -3.147334340496950045e-01
-5.446160544711661777e-02 -3.110589395570477200e-01
-8.564239375225828066e-02 -3.041734593274806331e-01
-1.159845091701822012e-01 -2.941432385930879412e-01
-1.451683370533195239e-01 -2.810683287377598871e-01
-1.728860774894207530e-01 -2.650815678428337652e-01
-1.988451448339795535e-01 -2.463471893258831202e-01
-2.227714029371515858e-01 -2.250590738970833782e-01
-2.444121981704334423e-01 -2.014386643664620447e-01
-2.635391547022645220e-01 -1.757325669124916168e-01
-2.799506992596160759e-01 -1.482098662153576996e-01
-2.934742858096793805e-01 -1.191591853179602839e-01
-3.039682941616739797e-01 -8.888552415971000265e-02
-3.113235803783962474e-01 -5.770691339282836563e-02
-3.154646582145423928e-01 -2.595092643477790034e-02
-3.163505084603745465e-01 6.048920882375662285e-03
-3.139749969321067313e-01 3.795683653318036171e-02
-3.083668934832939357e-01 6.943843097405835718e-02
-2.995895019568236561e-01 1.001643775610502884e-01
-2.877399024591562049e-01 1.298140089482424930e-01
-2.729478156232692521e-01 1.580788079728751294e-01
-2.553741030160291414e-01 1.846657529033606249e-01
-2.352089221471945213e-01 2.093004787875044903e-01
-2.126695585967472990e-01 2.317302189648704491e-01
-1.879979615439210938e-01 2.517264935681887139e-01
-1.614580124083375978e-01 2.690875149970985425e-01
-1.333325593589204938e-01 2.836402838614022204e-01
-1.039202530727773716e-01 2.952423527139476644e-01
-7.353222130274532364e-02 3.037832389749897111e-01
-4.248862151358517858e-02 3.091854727369904299e-01
-1.111511205407780117e-02 3.114052695754974120e-01
2.026071696669341088e-02 3.104328230205347650e-01
5.131291174125518495e-02 3.062922159055725402e-01
8.172068072730337418e-02 2.990409543492508759e-01
1.111718382998324595e-01 2.887691325810531895e-01
1.393661271900808740e-01 2.755982411399348631e-01
1.660183825878415453e-01 2.596796351007297221e-01
1.908615030021431902e-01 2.411926828661249411e-01
2.136491956015185711e-01 2.203426196549443383e-01
2.341584635560037819e-01 1.973581366316621288e-01
2.521918206854110722e-01 1.724887266629326343e-01
2.675792007871664047e-01 1.460018226901754201e-01
2.801795386834342594e-01 1.181797734430006658e-01
2.898820190358343263e-01 8.931668277415891199e-02
2.966069787043954520e-01 5.971515294048632821e-02
3.003064565394399366e-01 2.968297004444496456e-02
3.009643887372549509e-01 -4.702299690096584973e-04
2.985964520966772895e-01 -3.043627665921851480e-02
2.932495616308435915e-01 -5.991172443640895712e-02
2.850010329650375929e-01 -8.860101976840656368e-02
2.739574237390599576e-01 -1.162195417368792616e-01
2.602530717853421827e-01 -1.424964834590665141e-01
2.440483511304531727e-01 -1.671775442826149150e-01
2.255276698303011473e-01 -1.900274053812547326e-01
2.048972362656727442e-01 -2.108319643871211513e-01
1.823826227673327749e-01 -2.294003079478948437e-01
1.582261572867907362e-01 -2.455664045474278412e-01
1.326841752637606953e-01 -2.591905035291001691e-01
1.060241648538448045e-01 -2.701602299626588155e-01
7.852183926548954307e-02 -2.783913687481190391e-01
5.045817011503618554e-02 -2.838283351050966963e-01
2.211641544969421974e-02 -2.864443323042936140e-01
-6.220824577026536593e-03 -2.862412011129826794e-01
-3.427449244676853551e-02 -2.832489689036665759e-01
-6.177186444391252057e-02 -2.775251126388023071e-01
-8.844923135216287147e-02 -2.691535426676238685e-01
-1.140544318417471142e-01 -2.582433262549806985e-01
-1.383492087309310115e-01 -2.449271793649868967e-01
-1.611113776245597373e-01 -2.293597403530840129e-01
-1.821367848973036718e-01 -2.117156515441609155e-01
-2.012410389532810207e-01 -1.921874741018980703e-01
-2.182610017324414786e-01 -1.709834627998842449e-01
-2.330560305418557521e-01 -1.483252281491697355e-01
-2.455089634240943397e-01 -1.244453138194778763e-01
-2.555268443932869338e-01 -9.958471741707980440e-02
-2.630413879317219372e-01 -7.399038246092566606e-02
-2.680091851074462017e-01 -4.791268884423057622e-02
-2.704116565102225311e-01 -2.160296819977242100e-02
-2.702547598763131442e-01 4.688930574007855144e-03
-2.675684627521888181e-01 3.071700179664063265e-02
-2.624059928074266579e-01 5.624134733490452481e-02
-2.548428804257891755e-01 8.103032448560479328e-02
-2.449758099630313102e-01 1.048625591651552447e-01
-2.329212975469886759e-01 1.275288083437831621e-01
-2.188142145010615602e-01 1.488336579505539492e-01
-2.028061763918420635e-01 1.685970448322116066e-01
-1.850638183352784905e-01 1.866555937389529629e-01
-1.657669775476029450e-01 2.028637626994659604e-01
-1.451068042054882989e-01 2.170947925030162762e-01
-1.232838251987433964e-01 2.292414606409542699e-01
-1.005059689814322976e-01 2.392166345006245809e-01
-7.698658118975422460e-02 2.469536264035849527e-01
-5.294245633693757391e-02 2.524063623365113140e-01
-2.859189165991010348e-02 2.555493640307114900e-01
-4.152783917096441492e-03 2.563775534578191517e-01
2.015921551553466473e-02 2.549058887319690103e-01
4.413247333984682969e-02 2.511688416110519628e-01
6.756106242401996309e-02 2.452197277865369451e-01
9.024635444540547724e-02 2.371299019413014852e-01
1.119985078291791530e-01 2.269878301400314324e-01
1.326378432990801548e-01 2.148980525025145083e-01
1.519961009017143649e-01 2.009800493052210646e-01
1.699175738589482065e-01 1.853670236725361020e-01
1.862601160235988207e-01 1.682046138700066251e-01
2.008960210442425898e-01 1.496495479144190344e-01
2.137127725705939563e-01 1.298682527876097725e-01
2.246136659395750468e-01 1.090354300022818301e-01
2.335183027649907483e-01 8.733260863936850860e-02
2.403629607048782535e-01 6.494668627880267886e-02
2.451008413974871125e-01 4.206846750017453895e-02
2.477022001398925810e-01 1.889120885761265412e-02
2.481543613358635769e-01 -4.390821545536430746e-03
2.464616240679914638e-01 -2.758376252301103504e-02
2.426450623619827440e-01 -5.049554969016296913e-02
2.367422286637134998e-01 -7.293727250054514444e-02
2.288067528533073158e-01 -9.472448983526196575e-02
2.189078508034413284e-01 -1.156784982364483239e-01
2.071297541486205318e-01 -1.356275547924757074e-01
1.935710535206383864e-01 -1.544080465816792536e-01
1.783439635162296366e-01 -1.718656039192331675e-01
1.615735133532612000e-01 -1.878561540858942891e-01
1.433966669792562654e-01 -2.022469123543204628e-01
1.239613762275674907e-01 -2.149173071853801575e-01
1.034255704872225484e-01 -2.257598364510093880e-01
8.195608627598188756e-02 -2.346808514618042851e-01
5.972754009423342225e-02 -2.416012654487890987e-01
