5.000000000000000000e-01 0.000000000000000000e+00
4.973376316790015794e-01 -5.132340266661773731e-02
4.893798556571054004e-01 -1.020911980800560531e-01
4.762143995556405440e-01 -1.517537936877454419e-01
4.579864056635575276e-01 -1.997740273912355091e-01
4.348967628870397673e-01 -2.456332080149473684e-01
4.071997984791768110e-01 -2.888369386120046012e-01
3.752003573337080455e-01 -3.289206542406404310e-01
3.392503039811807786e-01 -3.654548093642774331e-01
2.997444893367099961e-01 -3.980496543445717905e-01
2.571162306290937227e-01 -4.263595455537583234e-01
2.118323587114832596e-01 -4.500867393652772108e-01
1.643878920423916812e-01 -4.689846266160326849e-01
1.153004009812942376e-01 -4.828603709308456615e-01
6.510412957070067785e-02 -4.915769218164179333e-01
1.434394464261257857e-02 -4.950543807801502938e-01
-3.643081596550680479e-02 -4.932707065627206511e-01
-8.667252344546352849e-02 -4.862617539051703464e-01
-1.358413936010727796e-01 -4.741206480724282635e-01
-1.834115061300300720e-01 -4.569965053982377734e-01
-2.288766374935202741e-01 -4.350925179368189122e-01
-2.717558398559135613e-01 -4.086634278653564767e-01
-3.115987019897913379e-01 -3.780124244843002801e-01
-3.479902322260525760e-01 -3.434875034203225819e-01
-3.805553084276957487e-01 -3.054773338666746385e-01
-4.089626455128451687e-01 -2.644066853219865787e-01
-4.329282371734783919e-01 -2.207314702439239218e-01
-4.522182350499354131e-01 -1.749334632602982664e-01
-4.666512356405906892e-01 -1.275147610288412114e-01
-4.760999525593607173e-01 -7.899204946988493126e-02
-4.804922593058757463e-01 -2.989074688651951681e-02
-4.798115953869090955e-01 1.926090758160482405e-02
-4.740967363249847799e-01 6.793775065652805922e-02
-4.634409357133743024e-01 1.156235080468174525e-01
-4.479904549301728101e-01 1.618164569017637167e-01
-4.279425033150406898e-01 2.060348729370379550e-01
-4.035426184520168325e-01 2.478222007857412423e-01
-3.750815226074400432e-01 2.867518900648398095e-01
-3.428914972113291104e-01 3.224318439983550610e-01
-3.073423229219374719e-01 3.545084336294756500e-01
-2.688368368101713424e-01 3.826700352352970236e-01
-2.278061626277636531e-01 4.066500545665663324e-01
-1.847046735450881549e-01 4.262294094451013482e-01
-1.400047488834728904e-01 4.412384480836792910e-01
-9.419138816435101980e-02 4.515582877498725001e-01
-4.775674668381068438e-02 4.571215655148870294e-01
-1.194656905356793544e-03 4.579125999547551951e-01
4.500480074435012079e-02 4.539669697137649340e-01
9.036061557245476938e-02 4.453705217105572434e-01
1.344059929283647203e-01 4.322578283811537858e-01
1.766932721692685282e-01 4.148101196300107429e-01
2.167985629110185664e-01 3.932527210253794481e-01
2.543260503758223989e-01 3.678520351605551464e-01
2.889119253691067035e-01 3.389121079471122400e-01
3.202278996079231388e-01 3.067708258570907565e-01
3.479842727085682430e-01 2.717957937440436123e-01
3.719325230438916829e-01 2.343799458127253654e-01
3.918674008204051651e-01 1.949369445482589391e-01
4.076285080193169930e-01 1.538964239417627555e-01
4.191013562109819901e-01 1.116991341542467042e-01
4.262178996064367453e-01 6.879204484731740732e-02
4.289565469718321644e-01 2.562346379050924397e-02
4.273416621234926716e-01 -1.736177394738374832e-02
4.214425681743995122e-01 -5.972699229383345021e-02
4.113720780857043069e-01 -1.010481867461648919e-01
3.972845763380035145e-01 -1.409183149044766492e-01
3.793736822455416324e-01 -1.789513194571593357e-01
3.578695314501814106e-01 -2.147858454308172738e-01
3.330357139829688840e-01 -2.480886158652020890e-01
3.051659109292504946e-01 -2.785574353917664725e-01
2.745802742749017811e-01 -3.059237962912227937e-01
2.416215964417050555e-01 -3.299550668888092675e-01
2.066513173295156658e-01 -3.504562475431875490e-01
1.700454173703842553e-01 -3.672712849235724164e-01
1.321902451724726590e-01 -3.802839406785696319e-01
9.347832780474246706e-02 -3.894182159101686747e-01
5.430421067004767566e-02 -3.946383380113902550e-01
1.506037226468179106e-02 -3.959483213441481464e-01
-2.386674303650280007e-02 -3.933911178675605913e-01
-6.210053365576163886e-02 -3.870473781243063960e-01
-9.927785347927965687e-02 -3.770338469077074706e-01
-1.350523944556764611e-01 -3.635014214256144793e-01
-1.690978087871342905e-01 -3.466329028163671611e-01
-2.011105443462084530e-01 -3.266404744317751296e-01
-2.308123711149483448e-01 -3.037629423642953519e-01
-2.579525807369071888e-01 -2.782627752498594842e-01
-2.823098456359746655e-01 -2.504229814210087723e-01
-3.036937285287227839e-01 -2.205438620212315515e-01
-3.219458362659208817e-01 -1.889396796268764944e-01
-3.369406214634220742e-01 -1.559352784251760715e-01
-3.485858319316337273e-01 -1.218626936288821627e-01
-3.568226132162218844e-01 -8.705778890555432303e-02
-3.616252790623790125e-01 -5.185695364995995815e-02
-3.630007626428807810e-01 -1.659389294526311329e-02
-3.609877657805391493e-01 1.840345991954498231e-02
-3.556556260531631430e-01 5.281588114196904965e-02
-3.471029239591728044e-01 8.633561992435093146e-02
-3.354558542298226032e-01 1.186689664529280847e-01
-3.208663868911230121e-01 1.495386061097499775e-01
-3.035102448025934208e-01 1.786857448971479467e-01
-2.835847251346019227e-01 2.058719942842384132e-01
-2.613063926005251836e-01 2.308810068908183910e-01
-2.369086722490044705e-01 2.535198575622397144e-01
-2.106393692647460236e-01 2.736201674186832244e-01
-1.827581425476893229e-01 2.910389713465174610e-01
-1.535339578678415196e-01 3.056593321049619894e-01
-1.232425451578749442e-01 3.173907067193254550e-01
-9.216388304154694844e-02 3.261690730986421261e-01
-6.057973203897108055e-02 3.319568268314926351e-01
-2.877123607687256598e-02 3.347424598651506655e-01
2.983389999016566874e-03 3.345400342510487790e-01
3.441107122363947640e-02 3.313884653400580582e-01
6.524596799332225971e-02 3.253506297353131460e-01
9.523144205445985278e-02 3.165123148379161977e-01
1.241218917628670870e-01 3.049810248707742200e-01
1.516844429208876466e-01 2.908846585935955242e-01
1.777004845652468135e-01 2.743700788378466426e-01
2.019670539699502665e-01 2.556015879010143932e-01
2.242980658969499219e-01 2.347593247483784618e-01
2.445253853659135057e-01 2.120375990602851035e-01
2.624997445502891269e-01 1.876431764047424844e-01
2.780915055698338634e-01 1.617935279551663275e-01
2.911912719348287992e-01 1.347150572398831125e-01
3.017103522034444985e-01 1.066413154318535395e-01
3.095810800442858612e-01 7.781121569150023509e-02
3.147569953580042768e-01 4.846725608864040774e-02
3.172128914155293855e-01 1.885375967558131083e-02
3.169447331296328385e-01 -1.078486061563088856e-02
3.139694516077151665e-01 -4.020580540379067175e-02
3.083246200557585581e-01 -6.916955450365458447e-02
3.000680159370585631e-01 -9.744148930397608654e-02
2.892770740567406906e-01 -1.247934669161171323e-01
2.760482349671077862e-01 -1.510053415321968573e-01
2.604961927927597620e-01 -1.758664287131108117e-01
2.427530462811468004e-01 -1.991769084899647213e-01
2.229673566159213749e-01 -2.207491632128730785e-01
2.013031153080175051e-01 -2.404090460274441732e-01
1.779386253218906699e-01 -2.579970757135564008e-01
1.530653029160563006e-01 -2.733695535186643211e-01
1.268863899090374725e-01 -2.863995988437901263e-01
9.961558840035737716e-02 -2.969780938359432576e-01
7.147563075567013591e-02 -3.050145348104442711e-01
4.269677524636851518e-02 -3.104377853207180848e-01
1.351523598853954580e-02 -3.131967239395397895e-01
-1.582844789642398609e-02 -3.132607803981464767e-01
-4.509109826244912106e-02 -3.106203535354453149e-01
-7.402863260627054465e-02 -3.052871044083513841e-01
-1.023978400609253936e-01 -2.972941179262564848e-01
-1.299581903751473588e-01 -2.866959265160080039e-01
-1.564736665058758525e-01 -2.735683896143678018e-01
-1.817146103869062002e-01 -2.580084232357313656e-01
-2.054595703650694549e-01 -2.401335744836965991e-01
-2.274971377419956475e-01 -2.200814366721787207e-01
-2.476277588514259609e-01 -1.980089016977116811e-01
-2.656655081668169993e-01 -1.740912474579681679e-01
-2.814398070993610612e-01 -1.485210594369741344e-01
-2.947970724398019660e-01 -1.215069870655316464e-01
-3.056022778448475585e-01 -9.327233710252129384e-02
-3.137404113952342311e-01 -6.405350805170820228e-02
-3.191178120801924645e-01 -3.409827150841347049e-02
-3.216633681121306432e-01 -3.663908296526055021e-03
-3.213295602626549119e-01 2.698479071864206755e-02
-3.180933339498670520e-01 5.757764720231543093e-02
-3.119567907755016467e-01 8.784132568783752093e-02
-3.029476671392989373e-01 1.175016634196493631e-01
-2.911195971188040299e-01 1.462860714051653077e-01
-2.765521625053395383e-01 1.739259877679227850e-01
-2.593507019024088867e-01 2.001593682566029653e-01
-2.396458770219390966e-01 2.247331879934527932e-01
-2.175929909549485231e-01 2.474059301930896793e-01
-1.933710557059384327e-01 2.679500365266568873e-01
-1.671816089662744031e-01 2.861542930221416259e-01
-1.392472829301263093e-01 3.018261249051089057e-01
-1.098101308927392217e-01 3.147937736171669276e-01
-7.912972037728126240e-02 3.249083294200550975e-01
-4.748100457303022076e-02 3.320455935146475746e-01
-1.515198689192577552e-02 3.361077444847550555e-01
1.755880358119174187e-02 3.370247851185206867e-01
5.034500510149445690e-02 3.347557472631574882e-01
8.289526137427399854e-02 3.292896343238969070e-01
1.148961788624926483e-01 3.206460833118812692e-01
1.460353750898918390e-01 3.088757309593547218e-01
1.760045877079274845e-01 2.940602713294871440e-01
2.045028123751602700e-01 2.763121955229643767e-01
2.312394361228663486e-01 2.557742074896969808e-01
2.559373318811408171e-01 2.326183135527774282e-01
2.783358792416830152e-01 2.070445870003366773e-01
2.981938763577835494e-01 1.792796129529538873e-01
3.152923155005365463e-01 1.495746269774923254e-01
3.294369678137981095e-01 1.182033439179021317e-01
3.404607537378934734e-01 8.545951092924525261e-02
3.482258865857982832e-01 5.165420948663117934e-02
3.526257384658403327e-01 1.711291571641640821e-02
3.535864079488759137e-01 -1.782764744912456942e-02
3.510679655162996515e-01 -5.282283552961141576e-02
3.450653560707133138e-01 -8.752355157570727850e-02
3.356089413758814866e-01 -1.215798230034986355e-01
3.227646691772788068e-01 -1.546444480363398100e-01
3.066338598946170002e-01 -1.863766719546329498e-01
2.873526061242861473e-01 -2.164458521635382882e-01
2.650907846898767350e-01 -2.445350703851218721e-01
2.400506855768877734e-01 -2.703446500844274847e-01
2.124652667250151450e-01 -2.935955375613087948e-01
1.825960482680345776e-01 -3.140325059876171720e-01
1.507306643464315643e-01 -3.314271430414506003e-01
1.171800950108191491e-01 -3.455805846784347213e-01
8.227560492494502553e-02 -3.563259599690428159e-01
4.636541950760110498e-02 -3.635305147983374230e-01
9.811172767492116684e-03 -3.670973855409484510e-01
-2.701583566801522840e-02 -3.669669975537952489e-01
-6.373853399828315058e-02 -3.631180674300949485e-01
-9.997807946471623519e-02 -3.555681923830118496e-01
-1.353579227558046327e-01 -3.443740148233731535e-01
-1.695078971333153772e-01 -3.296309628173811346e-01
-2.020682664327395628e-01 -3.114725376899842857e-01
-2.326936907408081456e-01 -2.900691757976431862e-01
-2.610570845911259763e-01 -2.656267040817464897e-01
-2.868533009274873424e-01 -2.383843777633854466e-01
-3.098026022897106824e-01 -2.086125278859516929e-01
-3.296538771512234067e-01 -1.766098420959867354e-01
-3.461875619565276674e-01 -1.427003066707029089e-01
-3.592182325409479793e-01 -1.072298421188624673e-01
-3.685968322295601896e-01 -7.056266864187653309e-02
-3.742125079651092978e-01 -3.307744128994303395e-02
-3.759940302580648264e-01 4.836802265359598299e-03
-3.739107775321741656e-01 4.278483583882139452e-02
-3.679732704975503532e-01 8.036953317663221574e-02
-3.582332474579308368e-01 1.171962017279393198e-01
-3.447832768834606654e-01 1.528769118595383336e-01
-3.277559090869399672e-01 1.870347713679389734e-01
-3.073223743602054858e-01 2.193080954982170594e-01
-2.836908403878949936e-01 2.493544236509555034e-01
-2.571042470883335151e-01 2.768543355382614424e-01
-2.278377421671020642e-01 3.015150217203566019e-01
-1.961957455416802609e-01 3.230735661907904177e-01
-1.625086753422177732e-01 3.412999019485842833e-01
-1.271293723548645449e-01 3.559994042601374309e-01
-9.042926349587278312e-02 3.670150905264399910e-01
-5.279430190381959043e-02 3.742294113808881661e-01
-1.462074404230485208e-02 3.775655749912623649e-01
2.368918694248063617e-02 3.769884173529707838e-01
6.173172262201276350e-02 3.725048270667468131e-01
9.910598769750175729e-02 3.641636840818447407e-01
1.354184076649226631e-01 3.520553249739842849e-01
1.702870346440578664e-01 3.363105407586755025e-01
2.033457412429876821e-01 3.170991188186502718e-01
2.342482339059834551e-01 2.946279459605586903e-01
2.626718393653426631e-01 2.691386948420506631e-01
2.883210205585396979e-01 2.409051209598301324e-01
3.109305816459578820e-01 2.102300019999161496e-01
3.302685255293312250e-01 1.774417555652575418e-01
3.461385314784395373e-01 1.428907750604423710e-01
3.583820250695146648e-01 1.069455267818366223e-01
3.668798175641951875e-01 6.998845399397160549e-02
3.715532970496161491e-01 3.241173593635444938e-02
3.723651590519096999e-01 -5.387048726443908683e-03
3.693196698582856818e-01 -4.300930354226709107e-02
3.624624613667060125e-01 -8.005979019304013122e-02
3.518798618562572478e-01 -1.161509481866686289e-01
3.376977725653971252e-01 -1.509071087117476451e-01
3.200801053103823901e-01 -1.839685545567810998e-01
2.992268015057912289e-01 -2.149953800850570029e-01
2.753714577996942414e-01 -2.436711078964123589e-01
2.487785842618580046e-01 -2.697060358418186810e-01
2.197405341542398305e-01 -2.928402339793231834e-01
1.885741514248654715e-01 -3.128461906710814922e-01
1.556171586954598618e-01 -3.295311067338539956e-01
1.212243376743337153e-01 -3.427387710565831802e-01
8.576354682350963154e-02 -3.523510136489889089e-01
4.961162331727207719e-02 -3.582887228366510302e-01
1.315021728780043503e-02 -3.605124185879340359e-01
-2.323839328223271591e-02 -3.590223792770683153e-01
-5.917545888913894325e-02 -3.538583244883113377e-01
-9.428983874208829441e-02 -3.450986616818535468e-01
-1.282219589650453739e-01 -3.328593096082338998e-01
-1.606276047563441334e-01 -3.172921162123736316e-01
-1.911815049356484497e-01 -2.985828933521929018e-01
-2.195806702258143450e-01 -2.769490949156149240e-01
-2.455474499701025826e-01 -2.526371688039004693e-01
-2.688322757257079476e-01 -2.259196167144797984e-01
-2.892160642506539925e-01 -1.970917986645391307e-01
-3.065122567570196521e-01 -1.664685217157984010e-01
-3.205684758806098822e-01 -1.343804543661828166e-01
-3.312677865548288025e-01 -1.011704095474749709e-01
-3.385295518127754422e-01 -6.718954009874161803e-02
-3.423098794140984613e-01 -3.279349096980198330e-02
-3.426016600401025070e-01 1.661447749172240661e-03
-3.394342025613931169e-01 3.582214356602584499e-02
-3.328724759545404477e-01 6.934235345242190096e-02
-3.230159669954461577e-01 1.018862968775767347e-01
-3.099971893818007640e-01 1.331320629802663913e-01
-2.939798546552174763e-01 1.627748490330085118e-01
-2.751567293003485126e-01 1.905299497865498848e-01
-2.537472101072080211e-01 2.161354835386612716e-01
-2.299946497331756268e-01 2.393548290314384541e-01
-2.041634666878691662e-01 2.599787511221674507e-01
-1.765360757916207279e-01 2.778271972019812353e-01
-1.474096765132077713e-01 2.927507504993628884e-01
-1.170929374678228996e-01 3.046317306467366537e-01
-8.590261575149521489e-02 3.133849361528117106e-01
-5.416014970912336191e-02 3.189580276567204331e-01
-2.218826319186798651e-02 3.213315549897141632e-01
9.692381626358270719e-03 3.205186350858877375e-01
4.116644721095967518e-02 3.165642916177068833e-01
7.192706554549420372e-02 3.095444708411523305e-01
1.016788332264585704e-01 2.995647514792595389e-01
1.301406275578985139e-01 2.867587695164323658e-01
1.570482171980872033e-01 2.712863814887450098e-01
1.821566439197907228e-01 2.533315922123002273e-01
2.052423552509986815e-01 2.331002748728334406e-01
2.261050711182485962e-01 2.108177129908894720e-01
2.445693710729089365e-01 1.867259949694552168e-01
2.604859921951059865e-01 1.610812927218850943e-01
2.737328341859101011e-01 1.341510403154867193e-01
2.842156527453118531e-01 1.062110916230347285e-01
2.918684659437429385e-01 7.754286034650204051e-02
2.966536722696492268e-01 4.843043700608149621e-02
2.985618750219435347e-01 1.915776066620522577e-02
2.976114292476642609e-01 -9.994141274946426526e-03
2.938477238232120592e-01 -3.874981860357106650e-02
2.873422137520684205e-01 -6.684194441474761161e-02
2.781912199563787991e-01 -9.401371928813294365e-02
2.665145157566366496e-01 -1.200211132882266218e-01
2.524537208499387231e-01 -1.446349280365030743e-01
2.361705249046281152e-01 -1.676426636842943130e-01
2.178447638839152989e-01 -1.888501782668645101e-01
1.976723728941235381e-01 -2.080831296035079991e-01
1.758632397297447691e-01 -2.251881925896905834e-01
1.526389833667954610e-01 -2.400340473707891498e-01
1.282306814511526560e-01 -2.525121364604680507e-01
1.028765703561814182e-01 -2.625371913402524404e-01
7.681974066367758258e-02 -2.700475314233120594e-01
5.030584997623343407e-02 -2.750051404608976346e-01
2.358087382205335120e-02 -2.773955274936826809e-01
-3.111085908799177818e-03 -2.772273812854414432e-01
-2.952991702734613158e-02 -2.745320288096914085e-01
-5.544152122746162648e-02 -2.693627097815072813e-01
-8.061973168610254981e-02 -2.617936804307948728e-01
-1.048481170714602312e-01 -2.519191454871059777e-01
-1.279216358309877843e-01 -2.398520767970302170e-01
-1.496481607463189534e-01 -2.257229108961413544e-01
-1.698498680494850699e-01 -2.096781046443633445e-01
-1.883644637700866986e-01 -1.918786100725390353e-01
-2.050462522393083076e-01 -1.724982708158424582e-01
-2.197670441154898069e-01 -1.517221558967695172e-01
-2.324169027961305867e-01 -1.297448462712396389e-01
-2.429047294743871266e-01 -1.067686890695674490e-01
-2.511586883741307452e-01 -8.300203386888908852e-02
-2.571264748491550178e-01 -5.865746464474306393e-02
-2.607754300547576176e-01 -3.395004028675974866e-02
-2.620925067920719664e-01 -9.095555746373091763e-03
-2.610840918883111650e-01 1.569116496791146328e-02
-2.577756911131385831e-01 4.019793360192713827e-02
-2.522114831486523268e-01 6.421681079866099762e-02
-2.444537495359790091e-01 8.754565895334696923e-02
-2.345821878250109460e-01 1.099896269902752854e-01
-2.226931153666475149e-01 1.313625600605347887e-01
-2.088985713214055184e-01 1.514883279018589268e-01
-1.933253245276065901e-01 1.702020662891285119e-01
-1.761137948901451977e-01 1.873513266324786652e-01
-1.574168959307458149e-01 2.027971293472716763e-01
-1.373988060960334157e-01 2.164149171266160632e-01
-1.162336763634511244e-01 2.280954046950034175e-01
-9.410427338030835642e-02 2.377453082904888992e-01
-7.120059684798270283e-02 2.452879901290252185e-01
-4.771844631943837622e-02 2.506639978712442707e-01
-2.385793696676549724e-02 2.538314618115010135e-01
1.780000809078602624e-04 2.547663880703165407e-01
2.418513638314378350e-02 2.534628345571469654e-01
4.795947617166444049e-02 2.499329683500187693e-01
7.129878987763038634e-02 2.442070034017444213e-01
9.400414322603861672e-02 2.363330177707941293e-01
1.158814137078697515e-01 2.263766498992973997e-01
1.367427860047478461e-01 2.144206738310422411e-01
1.564082176903920651e-01 2.005644536875309525e-01
1.747068662782385595e-01 1.849232782074898274e-01
1.914784684368783241e-01 1.676275767103559966e-01
2.065746619671320339e-01 1.488220184709475591e-01
2.198602409402202196e-01 1.286644981923950326e-01
2.312143342496894294e-01 1.073250110369473459e-01
2.405314977448138603e-01 8.498442151660226540e-02
2.477227101042339674e-01 6.183313145244985487e-02
2.527162626892633934e-01 3.806965317565749740e-02
2.554585337993608429e-01 1.389909515436408075e-02
2.559146380493258488e-01 -1.046843172254280016e-02
2.540689420089103367e-01 -3.481947790566648077e-02
2.499254377989928999e-01 -5.893897861643906944e-02
2.435079670304260979e-01 -8.261202551441287900e-02
2.348602785951875715e-01 -1.056256621593034684e-01
2.240459494451982614e-01 -1.277707217822580121e-01
2.111481305171871437e-01 -1.488436805468838497e-01
1.962691021921224022e-01 -1.686484786364851884e-01
1.795296694956840799e-01 -1.869983277404907440e-01
1.610683843840096108e-01 -2.037174788613644871e-01
1.410405962235670163e-01 -2.186429335264858664e-01
1.196173332866768552e-01 -2.316260812233509325e-01
9.698401987179072758e-02 -2.425342457919089922e-01
7.333903549981966863e-02 -2.512521236184718232e-01
4.889212451216056604e-02 -2.576830967925596849e-01
2.386266627837313123e-02 -2.617504049197256766e-01
-1.522181913994577560e-03 -2.633981600353051955e-01
-2.702945539492533633e-02 -2.625921900384772800e-01
-5.242245043230209234e-02 -2.593206972619306883e-01
-7.746287304839136190e-02 -2.535947202052679095e-01
-1.019130495227504735e-01 -2.454483880819907926e-01
-1.255381784051103622e-01 -2.349389596488799248e-01
-1.481086026750175200e-01 -2.221466397877031318e-01
-1.694020797024953784e-01 -2.071741694739991646e-01
-1.892060259079463291e-01 -1.901461870744811655e-01
-2.073197125098148741e-01 -1.712083613387553882e-01
-2.235563885021917552e-01 -1.505262989651698913e-01
-2.377453070354204057e-01 -1.282842321950061482e-01
-2.497336316912696919e-01 -1.046834944921953003e-01
-2.593881892506678111e-01 -7.994080530320837874e-02
-2.665970835993012322e-01 -5.428635047449989481e-02
-2.712711170983038711e-01 -2.796168231156279105e-02
-2.733449851181286583e-01 -1.217486927986683636e-03
-2.727782605461351317e-01 2.568879011678631627e-02
-2.695561402359954450e-01 5.249542970703927058e-02
-2.636899402277231852e-01 7.893901237663424053e-02
-2.552173290804491956e-01 1.047570530169712744e-01
-2.442022913721920152e-01 1.296906699377702865e-01
-2.307348163022724385e-01 1.534872600891745154e-01
-2.149303093500848638e-01 1.759031515258597800e-01
-1.969287280632984471e-01 1.967062037981829881e-01
-1.768934462315775447e-01 2.156783269055706498e-01
-1.550098539091758210e-01 2.326178897526251232e-01
-1.314837039405608032e-01 2.473419897134608303e-01
-1.065392187761733250e-01 2.596885559344572769e-01
-8.041697439898094768e-02 2.695182603849394787e-01
-5.337158107554406533e-02 2.767162123893772696e-01
-2.566918335782007732e-02 2.811934144287713266e-01
2.415195744565230840e-03 2.828879593634908707e-01
3.060043926360118960e-02 2.817659518808663388e-01
5.860222033629008259e-02 2.778221398799984865e-01
8.613595509431509756e-02 2.710802446411802458e-01
1.129197923573342782e-01 2.615929819521158883e-01
1.386776071904639862e-01 2.494417698387165760e-01
1.631419539108781569e-01 2.347361311212887436e-01
1.860569823067013129e-01 2.176127713530165986e-01
2.071812515109019426e-01 1.982343437567526401e-01
2.262903919922377161e-01 1.767879383875542443e-01
2.431796194856871152e-01 1.534832841956245142e-01
2.576660581004899808e-01 1.285506876013324806e-01
2.695908444284986216e-01 1.022387280871375065e-01
2.788209867168930933e-01 7.481173438648761054e-02
2.852509557528436490e-01 4.654706767473410639e-02
2.888039870047728885e-01 1.773224070305865971e-02
2.894330767424039275e-01 -1.133809597202080355e-02
2.871216582786484950e-01 -4.036526765530505656e-02
2.818839480998869829e-01 -6.904975459480172661e-02
2.737649554335606639e-01 -9.709440093067861488e-02
2.628401526969850743e-01 -1.242076173186029558e-01
2.492148082307385215e-01 -1.501065408249108168e-01
2.330229866945118244e-01 -1.745201159221581588e-01
2.144262264429211973e-01 -1.971920610863179268e-01
1.936119070535831654e-01 -2.178836866060719357e-01
1.707913239005563466e-01 -2.363765307494482271e-01
1.461974902053303771e-01 -2.524747833769679928e-01
1.200826903092143266e-01 -2.660074684215871232e-01
9.271581095225647773e-02 -2.768303593469466084e-01
6.437948007502608538e-02 -2.848276047148626811e-01
3.536704504485103234e-02 -2.899130443042449712e-01
5.979435526670247303e-03 -2.920312076437144855e-01
-2.347809145950721307e-02 -2.911579640247993206e-01
-5.269925595067349866e-02 -2.873008180578740522e-01
-8.138005301331401042e-02 -2.804988714328853217e-01
-1.092220428200271903e-01 -2.708224291880353962e-01
-1.359355824836426807e-01 -2.583722596624274948e-01
-1.612429627524052389e-01 -2.432785161868280255e-01
-1.848814137483822395e-01 -2.256993325484194790e-01
-2.066059454451528721e-01 -2.058191081048477145e-01
-2.261919905113889961e-01 -1.838465020717854892e-01
-2.434378194700781983e-01 -1.600121599209201051e-01
-2.581667008097303095e-01 -1.345661979590252466e-01
-2.702287817001222114e-01 -1.077754749745284957e-01
-2.795026682729335188e-01 -7.992068230082235991e-02
-2.858966879852231080e-01 -5.129328572514298135e-02
-2.893498203461627449e-01 -2.219235434285388164e-02
-2.898322862072975625e-01 7.078687300586939193e-03
-2.873457898444415903e-01 3.621534663823760408e-02
-2.819234121445081676e-01 6.491535259130536140e-02
-2.736291573018598267e-01 9.288190977688212668e-02
-2.625571594750515381e-01 1.198268805888677985e-01
-2.488305598057888590e-01 1.454738593276713454e-01
-2.326000680086664496e-01 1.695611039827307487e-01
-2.140422263560028682e-01 1.918442931082978975e-01
-1.933573972628002402e-01 2.120990774521476219e-01
-1.707675105132543114e-01 2.301234053001203206e-01
-1.465135584950200964e-01 2.457395815747011325e-01
-1.208529001573553502e-01 2.587960385824765175e-01
-9.405642551306087062e-02 2.691688229401191790e-01
-6.640557668451839424e-02 2.767627659670859330e-01
-3.818927302755775743e-02 2.815123306071031228e-01
-9.700775719614293524e-03 2.833821277962420004e-01
1.876547239930489303e-02 2.823670990975479245e-01
4.691699597608130212e-02 2.784923663263825233e-01
7.446638998854010483e-02 2.718127527482551153e-01
1.011343418682554562e-01 2.624119841944380638e-01
1.266525397698730071e-01 2.504015820642603862e-01
1.507664355214952401e-01 2.359194636231508047e-01
1.732378328154624836e-01 2.191282682215988931e-01
1.938472735521680201e-01 2.002134310149343011e-01
2.123961978979901355e-01 1.793810284237316033e-01
2.287088565252646255e-01 1.568554219105093295e-01
2.426339566278549187e-01 1.328767286355481969e-01
2.540460266084222374e-01 1.076981491732905277e-01
2.628464877693731938e-01 8.158318370610581627e-02
2.689644248639919133e-01 5.480276895462161957e-02
2.723570509323336442e-01 2.763236854893466252e-02
2.730098654130584945e-01 3.490495936513668190e-04
2.709365080432766248e-01 -2.677142216220415247e-02
2.661783144907445275e-01 -5.345743686093915731e-02
2.588035950915690830e-01 -7.944431956155495467e-02
2.489066097568556624e-01 -1.044769937621224803e-01
2.366062847283286197e-01 -1.283124984626003717e-01
2.220447112035873749e-01 -1.507223536272516706e-01
2.053854080535083837e-01 -1.714947371389581865e-01
1.868113842665587443e-01 -1.904364552912834463e-01
1.665230255125336178e-01 -2.073746889923679948e-01
1.447358307196764393e-01 -2.221585007264536005e-01
1.216780257231960261e-01 -2.346600903044623598e-01
9.758808186315426347e-02 -2.447757904950247088e-01
7.271216788351171634e-02 -2.524267967219990250e-01
4.730156361430102457e-02 -2.575596281046874103e-01
2.161006371240369039e-02 -2.601463201644705348e-01
-4.108600795606539430e-03 -2.601843524898416748e-01
-2.960329626745996853e-02 -2.576963175061280364e-01
-5.462794972882554362e-02 -2.527293392043082898e-01
-7.894391732265751416e-02 -2.453542532158125844e-01
-1.023222352079108249e-01 -2.356645619507133915e-01
-1.245457320556049852e-01 -2.237751806223734763e-01
-1.454109843416538650e-01 -2.098209918431480081e-01
-1.647300978432218732e-01 -1.939552280777016025e-01
-1.823323010763324425e-01 -1.763477025713678092e-01
-1.980653388341291343e-01 -1.571829104232045915e-01
-2.117966564645527017e-01 -1.366580222433588510e-01
-2.234143680305516466e-01 -1.149807933223620238e-01
-2.328280162506911888e-01 -9.236740771321796939e-02
-2.399690833603082274e-01 -6.904028604877468500e-02
-2.447912820836805337e-01 -4.522588680152513779e-02
-2.472706529891987859e-01 -2.115250637708014636e-02
-2.474054349525957874e-01 2.951891805421166283e-03
-2.452157285700972134e-01 2.686179980094431999e-02
-2.407429614117196914e-01 5.035621999292332757e-02
-2.340491657095878919e-01 7.322063446648788276e-02
-2.252160805919240782e-01 9.524887254652980584e-02
-2.143440922903433465e-01 1.162448617557650526e-01
-2.015510268595836763e-01 1.360242491469574044e-01
-1.869708108512881939e-01 1.544158817267557160e-01
-1.707520160765629569e-01 1.712631364909978637e-01
-1.530563050783191326e-01 1.864250924084150940e-01
-1.340567942192768258e-01 1.997775384980654267e-01
-1.139363513829425023e-01 2.112138139235734124e-01
-9.288584519321935185e-02 2.206454777540826362e-01
-7.110236239596962049e-02 2.280028076993974584e-01
-4.878740962699338463e-02 2.332351286988897654e-01
-2.614511523113628028e-02 2.363109737164447444e-01
-3.380446113325909913e-03 2.372180804555049094e-01
1.930254618824386176e-02 2.359632289501190083e-01
4.170243689589060720e-02 2.325719261032550278e-01
6.362208449236031460e-02 2.270879442284309269e-01
8.487022096907687052e-02 2.195727215032819424e-01
1.052629773610467556e-01 2.101046310702589792e-01
1.246252983985727536e-01 1.987781283412300981e-01
1.427922638442928605e-01 1.857027963181788754e-01
1.596103332974092015e-01 1.710022863962807615e-01
1.749384717230897113e-01 1.548131681448433605e-01
1.886491626150999523e-01 1.372836992500133801e-01
2.006293046184696172e-01 1.185725260852882185e-01
2.107809883426050579e-01 9.884732534888554523e-02
2.190221509443467662e-01 7.828339711259540978e-02
2.252871068517265929e-01 5.706221947634252528e-02
2.295269537311125374e-01 3.536997482766261747e-02
2.317098534733259274e-01 1.339605747656563706e-02
2.318211885901283464e-01 -8.668427815948944945e-03
2.298635949746279938e-01 -3.063216716380259483e-02
2.258568724923798454e-01 -5.230512975647999552e-02
2.198377753401289381e-01 -7.350004222583679525e-02
2.118596845429757125e-01 -9.403383673495631367e-02
2.019921653656225891e-01 -1.137290645986430565e-01
1.903204127970133941e-01 -1.324152674856018119e-01
1.769445886379837907e-01 -1.499302984786434478e-01
1.619790540862281469e-01 -1.661215854820594917e-01
1.455515020793048953e-01 -1.808473296668208774e-01
1.278019940312378755e-01 -1.939776318381259135e-01
1.088819059873620820e-01 -2.053955398009955913e-01
8.895278963019873086e-02 -2.149980099942169209e-01
6.818514322373928072e-02 -2.226967767083160021e-01
4.675713165772951013e-02 -2.284191181466961040e-01
2.485324076185311745e-02 -2.321085255782788792e-01
2.662850356958105895e-03 -2.337252617138779187e-01
-1.962123318240802106e-02 -2.332468010271457615e-01
-4.180428707065787786e-02 -2.306681491892123848e-01
-6.369121602471133903e-02 -2.260020370007697343e-01
-8.508812045439087535e-02 -2.192789847173399753e-01
-1.058038788813124298e-01 -2.105472332496307608e-01
-1.256517339993723226e-01 -1.998725393861282285e-01
-1.444508712786228555e-01 -1.873378329328555247e-01
-1.620279785426577412e-01 -1.730427344973270720e-01
-1.782187745307077797e-01 -1.571029335601016597e-01
-1.928694941029899801e-01 -1.396494274759993992e-01
-2.058383174751311773e-01 -1.208276231239758663e-01
-2.169967306882297220e-01 -1.007963040737352156e-01
-2.262308044484090397e-01 -7.972646735021363118e-02
-2.334423785158786235e-01 -5.780003514379997154e-02
-2.385501389998304633e-01 -3.520844812232330756e-02
-2.414905762318693139e-01 -1.215114833631552801e-02
-2.422188113554192279e-01 1.116603894398897345e-02
-2.407092803880602760e-01 3.453261378037050106e-02
-2.369562652923298263e-01 5.773518851092436510e-02
-2.309742625301000885e-01 8.055933981834528801e-02
-2.227981806757274585e-01 1.027915114455791451e-01
-2.124833508403434212e-01 1.242209530562292247e-01
-2.001053712787738414e-01 1.446416711338690264e-01
-1.857597651387341564e-01 1.638543872472074114e-01
-1.695614287336031090e-01 1.816684811985666559e-01
-1.516438971090723620e-01 1.979038949182143625e-01
-1.321584194246547272e-01 2.123929809570916094e-01
-1.112728473147244768e-01 2.249822761444122410e-01
-8.917034143797192280e-02 2.355341809891907667e-01
-6.604790350516132058e-02 2.439285256398296409e-01
-4.211474316775143389e-02 2.500640036818208567e-01
-1.759049122776512597e-02 2.538594557558169207e-01
7.296727335290052914e-03 2.552549859190879622e-01
3.231234505990562139e-02 2.542128948516599318e-01
5.721751109432678117e-02 2.507184154197696913e-01
8.177133862034592637e-02 2.447802377457017065e-01
1.057332199620257401e-01 2.364308127831358797e-01
1.288651873312719465e-01 2.257264254459027120e-01
1.509342959683311614e-01 2.127470305672129192e-01
1.717150054718706298e-01 1.975958473544845162e-01
1.909915344013013161e-01 1.803987105273250624e-01
2.085601627917210432e-01 1.613031789557722862e-01
2.242314570645325134e-01 1.404774053228463326e-01
2.378323919562794764e-01 1.181087730880338305e-01
2.492083445327532010e-01 9.440230979302451086e-02
2.582249361092878170e-01 6.957888849314421142e-02
2.647696918985321113e-01 4.387323019366067695e-02
2.687535174256435733e-01 1.753173242468410165e-02
2.701119593534540564e-01 -9.189868024734778804e-03
2.688062164527761921e-01 -3.602897462276732909e-02
2.648239060439028791e-01 -6.271872258506019926e-02
2.581795658943110139e-01 -8.899065968172754915e-02
2.489148808284717684e-01 -1.145774889698463195e-01
2.370986261939329320e-01 -1.392158447407321753e-01
2.228263233799765430e-01 -1.626490719631089321e-01
2.062196057667614602e-01 -1.846299788268742637e-01
1.874252967569926265e-01 -2.049235316640430349e-01
1.666142048697874523e-01 -2.233094615559309271e-01
1.439796442168702895e-01 -2.395847523365606802e-01
1.197356919928356800e-01 -2.535659804747744106e-01
9.411519785172856034e-02 -2.650914784599487373e-01
6.736756316942242584e-02 -2.740232948219568088e-01
3.975631116367528417e-02 -2.802489257736421879e-01
1.155647162094944162e-02 -2.836827956572481879e-01
-1.694819347748223806e-02 -2.842674658839523527e-01
-4.546809486419373103e-02 -2.819745548523949763e-01
-7.371082089305112939e-02 -2.768053543880750200e-01
-1.013842102728481076e-01 -2.687911315270858914e-01
-1.281994591775197645e-01 -2.579931079376665548e-01
-1.538742283878516692e-01 -2.445021128912234498e-01
-1.781357156230209959e-01 -2.284379094180123693e-01
-2.007236529815956683e-01 -2.099481958257710945e-01
-2.213932100409133907e-01 -1.892072959665218879e-01
-2.399177598894322028e-01 -1.664145406044925946e-01
-2.560914635908677628e-01 -1.417923557406852442e-01
-2.697316574774029085e-01 -1.155840810079991066e-01
-2.806810093735617739e-01 -8.805153737956417093e-02
-2.888094169852379878e-01 -5.947236896896328923e-02
-2.940156243869367914e-01 -3.013718660671004315e-02
-2.962285355593333724e-01 -3.465434837503342702e-04
-2.954082072348804267e-01 2.959222457597871642e-02
-2.915465068635038626e-01 5.936825974770634784e-02
-2.846674252718864873e-01 8.867050776690554859e-02
-2.748270375138320842e-01 1.171910713513257818e-01
-2.621131094486299773e-01 1.446285537588777870e-01
-2.466443516901382083e-01 1.706913545463927262e-01
-2.285693266911575927e-01 1.951008798382672937e-01
-2.080650188146103696e-01 2.175946301127243965e-01
-1.853350812441337536e-01 2.379291296619052420e-01
-1.606077774517233048e-01 2.558826634695105517e-01
-1.341336386201777420e-01 2.712577892598206364e-01
-1.061828618664417967e-01 2.838835948826887723e-01
-7.704247728437739473e-02 2.936176739833399885e-01
-4.701331468104951589e-02 3.003477960314019368e-01
-1.640680338217455347e-02 3.039932502138713577e-01
1.445835940286795129e-02 3.045058463909814939e-01
4.525963070707164637e-02 3.018705599851254084e-01
7.567410732101281789e-02 2.961058145163714683e-01
1.053820281910313600e-01 2.872633921332237716e-01
1.340702459190352414e-01 2.754279741672827075e-01
1.614356393513617371e-01 2.607163172433210607e-01
1.871884247616056873e-01 2.432760721114190783e-01
2.110553278408169864e-01 2.232842576349103325e-01
2.327825802354283047e-01 2.009454064073187551e-01
2.521387063367640513e-01 1.764894023224530539e-01
2.689170684025836144e-01 1.501690340366821086e-01
2.829381408521613461e-01 1.222572915963900525e-01
2.940514876883301709e-01 9.304443651549890171e-02
3.021374204246973227e-01 6.283487824054585780e-02
3.071083175919094299e-01 3.194389220151095526e-02
3.089095908180181649e-01 6.942164877149068674e-04
3.075202865764630755e-01 -3.058743441270225447e-02
3.029533169205729792e-01 -6.157389943071470834e-02
2.952553168238463144e-01 -9.194110444189440567e-02
2.845061300678338179e-01 -1.213715596533559565e-01
2.708179299112942195e-01 -1.495577814835072350e-01
2.543339849829505672e-01 -1.762056005100753608e-01
2.352270849144806331e-01 -2.010373184598750473e-01
2.136976441209108291e-01 -2.237946790471866398e-01
1.899715057954973196e-01 -2.442416197124964716e-01
1.642974715716884471e-01 -2.621667739407649855e-01
1.369445884862463270e-01 -2.773856978301351139e-01
1.081992145517453735e-01 -2.897427952557067865e-01
7.836190389613369167e-02 -2.991129193125478536e-01
4.774415292443606740e-02 -3.054026378721302337e-01
1.666503476515475771e-02 -3.085511480621854208e-01
-1.455223665889688114e-02 -3.085308312826542387e-01
-4.558377426917756270e-02 -3.053474442499798380e-01
-7.610847837261225379e-02 -2.990399457523853499e-01
-1.058114516155207463e-01 -2.896799629645675500e-01
-1.343873306275778501e-01 -2.773709052610858761e-01
-1.615434978375986097e-01 -2.622467374346421631e-01
-1.870031385664785717e-01 -2.444704280214343717e-01
-2.105081105218265525e-01 -2.242320920163877462e-01
-2.318215952056352780e-01 -2.017468505850112670e-01
-2.507305034683429690e-01 -1.772524334082090092e-01
-2.670476104635978176e-01 -1.510065519979522097e-01
-2.806133985383634233e-01 -1.232840746661533482e-01
-2.912975900903159721e-01 -9.437403579197657655e-02
-2.990003560941815741e-01 -6.457651359487563691e-02
-3.036531897945754510e-01 -3.419941176775553177e-02
-3.052194389378053430e-01 -3.555181048076694675e-03
-3.036944938214723444e-01 2.704248289886779927e-02
-2.991056323312201726e-01 5.728192903886915321e-02
-2.915115269621935679e-01 8.685679227059101004e-02
-2.810014225436950341e-01 1.154691517225428510e-01
-2.676940001261386981e-01 1.428325747215879737e-01
-2.517359321139245876e-01 1.686750099072490405e-01
-2.333001561571813876e-01 1.927415000968820680e-01
-2.125838948497672520e-01 2.147966944469882622e-01
-1.898064353795514414e-01 2.346271295768186660e-01
-1.652066992773873755e-01 2.520432591864500971e-01
-1.390406307875934055e-01 2.668812134599879982e-01
-1.115784339648442924e-01 2.790042727851292925e-01
-8.310168981552194800e-02 2.883040436822105201e-01
-5.390038563837826896e-02 2.947013282769839204e-01
-2.426988917724908282e-02 2.981466821294730396e-01
5.492099720307120660e-03 2.986206587045730498e-01
3.508858753339882952e-02 2.961337421977203732e-01
6.422628382975417716e-02 2.907259737716156867e-01
9.261852559272353014e-02 2.824662794802029753e-01
1.199880996618680334e-01 2.714515112188445323e-01
1.460699354520052784e-01 2.578052149126434656e-01
1.706136420072409399e-01 2.416761428090223596e-01
1.933858655847819907e-01 2.232365291503199956e-01
2.141724463172334225e-01 2.026801506453080326e-01
2.327803550387844977e-01 1.802201950170495559e-01
2.490393940460403077e-01 1.560869624643204390e-01
2.628036483632460452e-01 1.305254261248530445e-01
2.739526769588471744e-01 1.037926785649857797e-01
2.823924362804567378e-01 7.615529194003815838e-02
2.880559350503226201e-01 4.788661714619887877e-02
2.909036062487435070e-01 1.926405618556550556e-02
2.909234075779158490e-01 -9.433665445405838013e-03
2.881306601771582709e-01 -3.792920759122504065e-02
2.825676203014863552e-01 -6.594927208197010060e-02
2.743027970428441598e-01 -9.322718385845463196e-02
2.634300273578364937e-01 -1.195053728400758408e-01
2.500673218102035800e-01 -1.445377343475731935e-01
2.343554963771370403e-01 -1.680918476262486250e-01
2.164566073917124356e-01 -1.899510339057959851e-01
1.965522081883286365e-01 -2.099162374539824683e-01
1.748414472764696637e-01 -2.278077152057756960e-01
1.515390288858958767e-01 -2.434665227498243323e-01
1.268730575022353202e-01 -2.567557867034921393e-01
1.010827885475499843e-01 -2.675617557795851309e-01
7.441630766031757938e-02 -2.757946251171509711e-01
4.712816110054589280e-02 -2.813891306912250645e-01
1.947695965796131939e-02 -2.843049128096419298e-01
-8.277021913924853189e-03 -2.845266498283294254e-01
-3.587422846404032806e-02 -2.820639652511237050e-01
-6.305817026413093607e-02 -2.769511133094768596e-01
-8.957771122721644441e-02 -2.692464499271338130e-01
-1.151892807031726085e-01 -2.590316976528833637e-01
-1.396589911927167138e-01 -2.464110146811163138e-01
-1.627646455921208934e-01 -2.315098794677880878e-01
-1.842976230583658059e-01 -2.144738011244098908e-01
-2.040646162383063233e-01 -1.954668752773676688e-01
-2.218892188673602384e-01 -1.746701999315296017e-01
-2.376133601613791280e-01 -1.522801583918959034e-01
-2.510985638399397812e-01 -1.285065922584698039e-01
-2.622270288953459927e-01 -1.035708794784125780e-01
-2.709025261805251827e-01 -7.770393434156602774e-02
-2.770511064191205075e-01 -5.114414648618732795e-02
-2.806216167416802909e-01 -2.413527603375831970e-02
-2.815860243135620000e-01 3.075678096557849482e-03
-2.799395470351203064e-01 3.024061982293616002e-02
-2.757005926565232468e-01 5.711249089648545024e-02
-2.689105089531242387e-01 8.344738304366683401e-02
-2.596331488490097317e-01 1.090066115011508741e-01
-2.479542555536590198e-01 1.335587347237401079e-01
-2.339806738881756165e-01 1.568815056485577675e-01
-2.178393950228371123e-01 1.787637405613967112e-01
-1.996764428270399183e-01 1.990070923272392323e-01
-1.796556109470298090e-01 2.174277155106087711e-01
-1.579570605774187897e-01 2.338578117175686144e-01
-1.347757896809939071e-01 2.481470443356577626e-01
-1.103199851393765196e-01 2.601638127275469614e-01
-8.480926998624971347e-02 2.697963768462064982e-01
-5.847285848645496220e-02 2.769538241821016267e-01
-3.154763237920138463e-02 2.815668719252821250e-01
-4.276147907514064005e-03 2.835884961631752188e-01
2.309539841757175457e-02 2.829943873695921486e-01
5.031924140063981366e-02 2.797832290000749622e-01
7.714814860574557842e-02 2.739767888262596429e-01
1.033375231682596013e-01 2.656198265671151915e-01
1.286474970977285748e-01 2.547798160529632372e-01
1.528449995019683094e-01 2.415464824189735848e-01
1.757057841034129486e-01 2.260311560265960973e-01
1.970164004375805356e-01 2.083659460382881745e-01
2.165760932258913030e-01 1.887027378200890060e-01
2.341986146068029129e-01 1.672120196142598270e-01
2.497139341962794357e-01 1.440815452054584056e-01
2.629698323369071278e-01 1.195148405926467067e-01
2.738333623901993419e-01 9.372956396786442934e-02
2.821921685340408881e-01 6.695572958360672400e-02
2.879556462514014648e-01 3.943380735309937046e-02
2.910559335411505022e-01 1.141271126137999824e-02
2.914487218497067711e-01 -1.685230914222483542e-02
2.891138768147679672e-01 -4.510185876083698531e-02
2.840558601294584373e-01 -7.307465199546429868e-02
2.763039451752527520e-01 -1.005098153496131741e-01
2.659122205315465060e-01 -1.271492192315525627e-01
2.529593770434645505e-01 -1.527398198128716855e-01
2.375482758101231107e-01 -1.770359911493966099e-01
2.198052962337965488e-01 -1.998018272600678436e-01
1.998794614286602267e-01 -2.208133919795791655e-01
1.779413559080362806e-01 -2.398608986763429152e-01
1.541818313060572820e-01 -2.567508003280208340e-01
1.288105003228357803e-01 -2.713077633574607628e-01
1.020540395649010001e-01 -2.833765088227361839e-01
7.415430839814858566e-02 -2.928235006333291257e-01
4.536629693298821486e-02 -2.995384619517102442e-01
1.595591825061443841e-02 -3.034357019753985418e-01
-1.380233810068055150e-02 -3.044552365479555323e-01
-4.362787248417462210e-02 -3.025636875155403027e-01
-7.323654086615433156e-02 -2.977549474230091753e-01
-1.023432976943228767e-01 -2.900505980214896362e-01
-1.306648924417440627e-01 -2.795000731262561877e-01
-1.579225950906657516e-01 -2.661805586049266203e-01
-1.838449248399702529e-01 -2.501966246738793198e-01
-2.081703555636131853e-01 -2.316795882148648400e-01
-2.306499710438450479e-01 -2.107866054708968651e-01
-2.510500427685146696e-01 -1.876994982149096935e-01
-2.691545031298990254e-01 -1.626233192784203307e-01
-2.847672872038812808e-01 -1.357846661505695551e-01
-2.977145169302022332e-01 -1.074297541788286348e-01
-3.078465024607472955e-01 -7.782226368849455567e-02
-3.150395366934952701e-01 -4.724097805506049380e-02
-3.191974605611077043e-01 -1.597723237747313008e-02
-3.202529784874572627e-01 1.566780512303654269e-02
-3.181687027932186829e-01 4.738599319150256506e-02
-3.129379200139705830e-01 7.886519542770165092e-02
-3.045850585572865699e-01 1.097923481730562340e-01
-2.931658422709227940e-01 1.398565834542328523e-01
-2.787671311202268298e-01 1.687523792255863353e-01
-2.615064416748780762e-01 1.961827038916849897e-01
-2.415311464646991146e-01 2.218621221450361447e-01
-2.190173547137687082e-01 2.455198288516623473e-01
-1.941684804692657695e-01 2.669025777828136770e-01
-1.672135076662044639e-01 2.857774724341010097e-01
-1.384049651699723049e-01 3.019345869984790820e-01
-1.080166282729677490e-01 3.151893867669264271e-01
-7.634096644695374800e-02 3.253849188156447969e-01
-4.368636032656214585e-02 3.323937457915522309e-01
-1.037411388007210104e-02 3.361195979143326018e-01
2.326470952908711587e-02 3.364987209540537538e-01
5.689259601098803354e-02 3.335009008944783693e-01
9.016900160066122771e-02 3.271301492252424725e-01
1.227538491169676560e-01 3.174250362884835086e-01
1.543110647948839620e-01 3.044586638008102697e-01
1.845121169932294747e-01 2.883382715397648788e-01
2.130395186313420453e-01 2.692044771821923699e-01
2.395902547911963887e-01 2.472301523646995847e-01
2.638790971468995550e-01 2.226189421561978188e-01
2.856417675570154802e-01 1.956034392405074651e-01
3.046379125758711393e-01 1.664430299608318231e-01
3.206538599394157529e-01 1.354214268262244614e-01
3.335051184650437150e-01 1.028439120131497408e-01
3.430385885100321053e-01 6.903432367178850837e-02
3.491344608159425156e-01 3.433180980142467448e-02
3.517077770690378302e-01 -9.126159818378728073e-04
3.507096310807945594e-01 -3.633968117305367423e-02
3.461279932892609157e-01 -7.158558569756412471e-02
3.379881453325721541e-01 -1.062858180350925025e-01
3.263527157051519523e-01 -1.400790149204933221e-01
3.113213119264873208e-01 -1.726108224137253844e-01
2.930297491806938548e-01 -2.035377156335854976e-01
2.716488799691093026e-01 -2.325307344450910085e-01
2.473830339032521697e-01 -2.592790928854218357e-01
2.204680812962753478e-01 -2.834936211081860447e-01
1.911691386322088015e-01 -3.049100001143643102e-01
1.597779382491409939e-01 -3.232917515083204574e-01
1.266098886118096345e-01 -3.384329469502706522e-01
9.200085531974160069e-02 -3.501606048481455957e-01
5.630369645078014268e-02 -3.583367451117257518e-01
1.988458893168998029e-02 -3.628600764447016958e-01
-1.688081468324957243e-02 -3.636672946353607938e-01
-5.361135739437468406e-02 -3.607339745788656904e-01
-8.992443348771575473e-02 -3.540750432744993459e-01
-1.254400841181345372e-01 -3.437448257373638683e-01
-1.597850862984032116e-01 -3.298366634357824956e-01
-1.925969938918250524e-01 -3.124820987753412216e-01
-2.235280798644245503e-01 -2.918496365452649122e-01
-2.522491351731932507e-01 -2.681431006953335916e-01
-2.784530846874876953e-01 -2.415995941694672744e-01
-3.018583771953019523e-01 -2.124870851691964546e-01
-3.222121105089769122e-01 -1.811016450525728683e-01
-3.392928555246608191e-01 -1.477643671866883113e-01
-3.529131463682895209e-01 -1.128179998609197821e-01
-3.629216074406178549e-01 -7.662332978598186684e-02
-3.692046922124030961e-01 -3.955535570792288735e-02
-3.716880129710322667e-01 -1.999294218341036208e-03
-3.703372453305033840e-01 3.565353809023836390e-02
-3.651585961330583441e-01 7.300992041834390711e-02
-3.561988283355612683e-01 1.096789547724425218e-01
-3.435448415275606515e-01 1.452762769867650128e-01
-3.273228118102060047e-01 1.794282046172817613e-01
-3.076968998146766832e-01 2.117757751972558777e-01
-2.848675405946706762e-01 2.419786295165864132e-01
-2.590693339300009224e-01 2.697186962932939802e-01
-2.305685581694633945e-01 2.947036368251387262e-01
-1.996603350654752029e-01 3.166700109162594590e-01
-1.666654770583530232e-01 3.353861285356748434e-01
-1.319270521062728407e-01 3.506545552435836322e-01
-9.580670438423030677e-02 3.623142433746388003e-01
-5.868077287676105869e-02 3.702422693992553637e-01
-2.093624654353583303e-02 3.743551461540711722e-01
1.703339207139695916e-02 3.746097025163452887e-01
5.483238931780237690e-02 3.710035307245023173e-01
9.206696560767144155e-02 3.635749844355660731e-01
1.283495341468720852e-01 3.524027320182328005e-01
1.633028463204747038e-01 3.376048708004415477e-01
1.965640177619888129e-01 3.193376129734821767e-01
2.277883906098638611e-01 2.977935586990552164e-01
2.566531894416308468e-01 2.731995766137739756e-01
2.828609308513089227e-01 2.458143163225080807e-01
3.061425495676229902e-01 2.159253815661420772e-01
3.262602073621601040e-01 1.838461964931745740e-01
3.430097547257899837e-01 1.499126008150387102e-01
3.562228193521106423e-01 1.144792125441002062e-01
3.657684998081131567e-01 7.791559946847709250e-02
3.715546473413363637e-01 4.060230248249835361e-02
3.735287235136515172e-01 2.926755345357958879e-03
3.716782262069391329e-01 -3.472085363069451341e-02
3.660306814567422240e-01 -7.195173206497192109e-02
3.566532034776956905e-01 -1.083826004051994113e-01
3.436516300908424304e-01 -1.436397301408423866e-01
3.271692454907895176e-01 -1.773628594177371065e-01
3.073851068448696933e-01 -2.092089438169395521e-01
2.845119955445583604e-01 -2.388557022121573503e-01
2.587940195735937698e-01 -2.660049254706769450e-01
2.305038883681923556e-01 -2.903854983266280776e-01
1.999399013900881317e-01 -3.117561117231626433e-01
1.674226850661990063e-01 -3.299076506747199433e-01
1.332917095538815322e-01 -3.446652185181356409e-01
9.790162762099249849e-02 -3.558897830982897803e-01
6.161847682787268549e-02 -3.634794300403292322e-01
2.481578732517242952e-02 -3.673702127658149408e-01
-1.212936178667556146e-02 -3.675365934839657789e-01
-4.884029445490749993e-02 -3.639914739768941865e-01
-8.494465530329647907e-02 -3.567858195453336156e-01
-1.200782510037883832e-01 -3.460078839360087866e-01
-1.538887748037721936e-01 -3.317820473826005312e-01
-1.860393753663082128e-01 -3.142672840107342824e-01
-2.162120332413086377e-01 -2.936552787382407659e-01
-2.441107108312293994e-01 -2.701682174032876138e-01
-2.694642446097563204e-01 -2.440562771371176665e-01
-2.920289515571194428e-01 -2.155948469317535143e-01
-3.115909252488080483e-01 -1.850815109076905385e-01
-3.279680007308758416e-01 -1.528328289388459216e-01
-3.410113711880940479e-01 -1.191809510237318848e-01
-3.506068434130428235e-01 -8.447010309025243524e-02
-3.566757231663181260e-01 -4.905298277937729379e-02
-3.591753256318117593e-01 -1.328710416838102017e-02
-3.580991102685389116e-01 2.246886962913751187e-02
-3.534764461128614421e-01 5.785877324229841273e-02
-3.453720039344841952e-01 9.253251142945789764e-02
-3.338847983007686149e-01 1.261495288388271852e-01
-3.191468959460144195e-01 1.583821566917882617e-01
-3.013217988594061314e-01 1.889187867640635954e-01
-2.806025270845813879e-01 2.174668472726687674e-01
-2.572094251071794235e-01 2.437555528670009020e-01
-2.313877181972197605e-01 2.675384037671499904e-01
-2.034048472275696851e-01 2.885954121486486446e-01
-1.735476122918446495e-01 3.067350371009556764e-01
-1.421191568832005370e-01 3.217958128465573941e-01
-1.094358254626141974e-01 3.336476583577650534e-01
-7.582392793893649729e-02 3.421928600082826399e-01
-4.161644490531260510e-02 3.473667224061476877e-01
-7.149707433827858123e-03 3.491378860345724089e-01
2.723991516711523828e-02 3.475083137398849997e-01
6.121928696587361496e-02 3.425129514154797716e-01
9.446170478450018060e-02 3.342190714040942923e-01
1.266499950946897712e-01 3.227253101471534436e-01
1.574794798273733143e-01 3.081604144216628649e-01
1.866607843816051604e-01 2.906817130976712682e-01
2.139224632326942044e-01 2.704733337015873262e-01
2.390134208473889965e-01 2.477441851650614424e-01
2.617051080844273181e-01 2.227257299617641795e-01
2.817934768603124196e-01 1.956695703749601334e-01
2.991006823806199866e-01 1.668448694444628067e-01
3.134765071120890201e-01 1.365356483347290317e-01
3.247995114234730196e-01 1.050379814399805545e-01
3.329779090650656914e-01 7.265710286758166048e-02
3.379501512870139446e-01 3.970446818093453789e-02
3.396852239157128195e-01 6.494794851967983923e-03
3.381826594327264623e-01 -2.665689107730498386e-02
3.334722686620614773e-01 -5.943817530021663909e-02
3.256135991121436035e-01 -9.154211659791747224e-02
3.146951293195474619e-01 -1.226700244333018830e-01
3.008332106859772925e-01 -1.525341292860058762e-01
2.841707702742987673e-01 -1.808601237036381870e-01
2.648757898222731111e-01 -2.073895536690804065e-01
2.431395778353129256e-01 -2.318820416358574887e-01
2.191748530258522121e-01 -2.541173244415539934e-01
1.932136585729649914e-01 -2.738970912515453771e-01
1.655051276801556281e-01 -2.910466086908474748e-01
1.363131217124225192e-01 -3.054161223703208972e-01
1.059137627983692403e-01 -3.168820260853562609e-01
7.459288319367912701e-02 -3.253477920421608549e-01
4.264341392462469432e-02 -3.307446575317156134e-01
1.036273527178795117e-02 -3.330320655086259074e-01
-2.194998847676908268e-02 -3.321978585270943807e-01
-5.399646786765748691e-02 -3.282582274262255684e-01
-8.548191903146602766e-02 -3.212574180304901827e-01
-1.161176496522585144e-01 -3.112671963614946913e-01
-1.456235642935219676e-01 -2.983860909997518296e-01
-1.737305836219362465e-01 -2.827384170813810882e-01
-2.001829650877920974e-01 -2.644730789592867337e-01
-2.247404930780509957e-01 -2.437621758429732166e-01
-2.471805274710962841e-01 -2.207994195801707693e-01
-2.672998954183453124e-01 -1.957983784456399368e-01
-2.849166124683275569e-01 -1.689905619018445548e-01
-2.998714205008503053e-01 -1.406233622847579967e-01
-3.120291313443601111e-01 -1.109578702452979626e-01
-3.212797664010162979e-01 -8.026658154256692546e-02
-3.275394840943568475e-01 -4.883101343925105864e-02
-3.307512884772670914e-01 -1.693924949231195506e-02
-3.308855138872393020e-01 1.511656803630669933e-02
-3.279400821059891835e-01 4.704277860378548032e-02
-3.219405300659485269e-01 7.854675689093715274e-02
-3.129398077417204771e-01 1.093394595349113790e-01
-3.010178474650760938e-01 1.391379452520243032e-01
-2.862809075022136329e-01 1.676678486393969325e-01
-2.688606943263446847e-01 1.946657881843767424e-01
-2.489132696014207946e-01 2.198816893655879956e-01
-2.266177494578681118e-01 2.430810042000674243e-01
-2.021748051818692271e-01 2.640468091784575200e-01
-1.758049759488567731e-01 2.825817642357079662e-01
-1.477468057016318725e-01 2.985099162290322794e-01
-1.182548134569423870e-01 3.116783277676319908e-01
-8.759732645695449127e-02 3.219585257897228381e-01
-5.605417971287458834e-02 3.292477544156495739e-01
-2.391429291961381931e-02 3.334700093710321611e-01
8.526843018662444082e-03 3.345768533365118258e-01
4.096975521400922360e-02 3.325480005626643698e-01
7.311363327080534769e-02 3.273916632795113024e-01
1.046590077124144175e-01 3.191446541640718948e-01
1.353104403937555322e-01 3.078722409569916163e-01
1.647792044174866410e-01 2.936677512315048477e-01
1.927859307122224419e-01 2.766519273043456795e-01
2.190631982412035161e-01 2.569720333266519163e-01
2.433580447992068074e-01 2.348007186896809151e-01
2.654343755333200550e-01 2.103346440100586079e-01
2.850752466973688892e-01 1.837928781055553629e-01
3.020850027266175353e-01 1.554150765168428316e-01
3.162912455035151726e-01 1.254594542539405888e-01
3.275466156794680228e-01 9.420056752757645369e-02
3.357303671225439490e-01 6.192692124402489340e-02
3.407497169750079991e-01 2.893842097504194591e-02
3.425409554235702148e-01 -4.456310060274665252e-03
3.410703011026108289e-01 -3.794272677017732770e-02
3.363344900571923479e-01 -7.120324694837508461e-02
3.283610883764783717e-01 -1.039201998759494150e-01
3.172085209546760542e-01 -1.357788124574369759e-01
3.029658079178234598e-01 -1.664702026361314091e-01
2.857520180524010800e-01 -1.956943596283178266e-01
2.657154291556153569e-01 -2.231630806336361017e-01
2.430323933474419218e-01 -2.486028264793926079e-01
2.179059243355634112e-01 -2.717574760463353223e-01
1.905640114472328950e-01 -2.923909491059558663e-01
1.612576721182881201e-01 -3.102896700365764815e-01
1.302587573625060557e-01 -3.252648458500775330e-01
9.785752750802115263e-02 -3.371545332248915838e-01
6.436001814905521756e-02 -3.458254708003364319e-01
3.008521878811332845e-02 -3.511746548353049668e-01
-4.637910996212805254e-03 -3.531306384599401937e-01
-3.947356085912522711e-02 -3.516545371375554563e-01
-7.408229554759797331e-02 -3.467407255874706551e-01
-1.081243567013199236e-01 -3.384172142757358448e-01
-1.412630085997590157e-01 -3.267456966346022895e-01
-1.731678947746010666e-01 -3.118212613945280931e-01
-2.035183716518019770e-01 -2.937717677729922428e-01
-2.320067849791477288e-01 -2.727568847282397790e-01
-2.583416547476861114e-01 -2.489667990168217548e-01
-2.822507346388666849e-01 -2.226206003530065702e-01
-3.034839127297234707e-01 -1.939643555159624444e-01
-3.218159212675750780e-01 -1.632688867461395688e-01
-3.370488247805671911e-01 -1.308272731741322858e-01
-3.490142576133597463e-01 -9.695209729207915350e-02
-3.575753817865543471e-01 -6.197246474072444500e-02
-3.626285496583570023e-01 -2.623081686975832494e-02
-3.641046414978236778e-01 9.920429938460775809e-03
-3.619700570018777319e-01 4.612237665050634983e-02
-3.562273538195426248e-01 8.201323993292847225e-02
-3.469155188124853906e-01 1.172320173056449893e-01
-3.341098646161531072e-01 1.514221812291069169e-01
-3.179215480224393264e-01 1.842353633839498572e-01
-2.984967107678353493e-01 2.153349899493579300e-01
-2.760152474349088503e-01 2.443998286673564335e-01
-2.506892093125359100e-01 2.711274089029169221e-01
-2.227608571633582779e-01 2.952372767771068163e-01
-1.925003798666551358e-01 3.164740487601133134e-01
-1.602032997926036151e-01 3.346102288549546167e-01
-1.261875894718054447e-01 3.494487566677526580e-01
-9.079052760544348288e-02 3.608252562278211895e-01
-5.436532567195595522e-02 3.686099583665748969e-01
-1.727755928368784541e-02 3.727092727593533383e-01
2.009855900722164190e-02 3.730669893449685137e-01
5.738402659553647894e-02 3.696650927259205743e-01
9.419897680286930253e-02 3.625241772756913061e-01
1.301666420543511338e-01 3.517034549926464915e-01
1.649173115234268128e-01 3.373003525942736003e-01
1.980922401649283515e-01 3.194496988897248535e-01
2.293474661961596439e-01 2.983225080501438198e-01
2.583574930335271747e-01 2.741243730440782733e-01
2.848188015251097993e-01 2.470934723426344848e-01
3.084531447482274369e-01 2.174982148766275714e-01
3.290105872200104198e-01 1.856345565798455943e-01
3.462722596321148316e-01 1.518230035857300875e-01
3.600527945673577257e-01 1.164053365662647554e-01
3.702024145685040568e-01 7.974109044506876021e-02
3.766086476407946027e-01 4.220382670208653458e-02
3.791976492975725477e-01 4.177238065176715372e-03
3.779351145571174797e-01 -3.394887247973431277e-02
3.728267678194274182e-01 -7.178269476236727453e-02
3.639184232419611642e-01 -1.089345518160770993e-01
3.512956130385124776e-01 -1.450210321498318911e-01
3.350827859888824145e-01 -1.796690683358812546e-01
3.154420833111659106e-01 -2.125199167344570539e-01
2.925717038552022031e-01 -2.432329940926549472e-01
2.667038752673412949e-01 -2.714895281886453016e-01
2.381024522965121959e-01 -2.969959816301722677e-01
2.070601677047837486e-01 -3.194872103372518035e-01
1.738955652598584978e-01 -3.387293211163546758e-01
1.389496479730782663e-01 -3.545221960346882084e-01
1.025822780592275801e-01 -3.667016549906347844e-01
6.516836799277765657e-02 -3.751412319072556789e-01
2.709390448325493458e-02 -3.797535443028980939e-01
-1.124815084038790353e-02 -3.804912405654367613e-01
-4.946203699609626192e-02 -3.773475193389732585e-01
-8.715340714006181155e-02 -3.703561997403728712e-01
-1.239335236710259053e-01 -3.595913496245681795e-01
-1.594233884148287539e-01 -3.451664886506635166e-01
-1.932577687734069183e-01 -3.272333591874204139e-01
-2.250890723626475243e-01 -3.059802836052554764e-01
-2.545910273219575970e-01 -2.816301263925397036e-01
-2.814621277088627527e-01 -2.544378840041380263e-01
-3.054288060933464388e-01 -2.246879295507622221e-01
-3.262482986063274804e-01 -1.926909433187697918e-01
-3.437111712366412442e-01 -1.587805636254177311e-01
-3.576434800682616322e-01 -1.233097956227118125e-01
-3.679085423570376823e-01 -8.664721832738955798e-02
-3.744082998129456552e-01 -4.917303234430342451e-02
-3.770842601257409221e-01 -1.127499244045032829e-02
-3.759180075924796749e-01 2.665572970169430983e-02
-3.709312786165764875e-01 6.422870658243867714e-02
-3.621856027908236797e-01 1.010583937619946859e-01
-3.497815151919079213e-01 1.367682008760777723e-01
-3.338573503427795242e-01 1.709944501105843950e-01
-3.145876329844206620e-01 2.033901789316654996e-01
-2.921810852848392148e-01 2.336287458378316362e-01
-2.668782743479080621e-01 2.614072003395389032e-01
-2.389489278187741095e-01 2.864493812472567735e-01
-2.086889489707947076e-01 3.085087106243802335e-01
-1.764171685996277494e-01 3.273706606714373857e-01
-1.424718599337408687e-01 3.428548507173445059e-01
-1.072070688970191005e-01 3.548167625580826989e-01
-7.098880275081005664e-02 3.631490731676531580e-01
-3.419111024940243992e-02 3.677825743591089935e-01
2.807898889934378004e-03 3.686866777407535878e-01
3.963005112793996365e-02 3.658695025074801821e-01
7.590107895914600944e-02 3.593775483152250039e-01
1.112545202700241237e-01 3.492949601259365822e-01
1.453355051634771800e-01 3.357423964267585159e-01
1.778043898637135800e-01 3.188755165677245595e-01
2.083401994147097980e-01 2.988831070773386167e-01
2.366438434039020433e-01 2.759848706584299705e-01
2.624410718457950709e-01 2.504289050949943807e-01
2.854851416088767802e-01 2.224889024760366985e-01
3.055591673208242764e-01 1.924611019312456317e-01
3.224781344955445772e-01 1.606610314473179146e-01
3.360905566426023450e-01 1.274200762700455625e-01
3.462797622946143239e-01 9.308191287870391795e-02
3.529648021695779292e-01 5.799884853447300620e-02
3.561009710205962353e-01 2.252810694811710479e-02
3.556799430629140613e-01 -1.297189931563274071e-02
3.517295241562111707e-01 -4.814526947242836474e-02
3.443130281087402045e-01 -8.264224881298298797e-02
3.335282885111778839e-01 -1.161227585619284269e-01
3.195063255453196582e-01 -1.482597913428962133e-01
3.024096710196846338e-01 -1.787426203018143145e-01
2.824303895155297339e-01 -2.072797978349679160e-01
2.597878253551539340e-01 -2.336019315646145622e-01
2.347260891149040851e-01 -2.574641927475342928e-01
2.075113194559943253e-01 -2.786485396962124494e-01
1.784287524801114744e-01 -2.969656368980216343e-01
1.477796323637997344e-01 -3.122564541503682900e-01
1.158779981633614176e-01 -3.243935337697298471e-01
8.304738240562779816e-02 -3.332819177337522643e-01
4.961745738978434739e-02 -3.388597304322774617e-01
1.592066502684202564e-02 -3.410984164903020921e-01
-1.771113445336331901e-02 -3.400026368398410548e-01
-5.094996047765233682e-02 -3.356098298167748961e-01
-8.347492358128333345e-02 -3.279894475037460344e-01
-1.149753187143287836e-01 -3.172418807946166819e-01
-1.451535706792459746e-01 -3.034970896867608126e-01
-1.737280041583770251e-01 -2.869129580849908989e-01
-2.004354132234056063e-01 -2.676733948995667078e-01
-2.250334078683970673e-01 -2.459862054189828062e-01
-2.473025179374388205e-01 -2.220807588188273840e-01
-2.670480377893814095e-01 -1.962054792181324447e-01
-2.841015981174789817e-01 -1.686251889058553166e-01
-2.983224544824205071e-01 -1.396183332284594014e-01
-3.095984852853240210e-01 -1.094741171553113984e-01
-3.178469005925086410e-01 -7.848957808818714244e-02
-3.230146414907550390e-01 -4.696663959062347127e-02
-3.250784894177092266e-01 -1.520917087167169418e-02
-3.240448982759145946e-01 1.647993505853204144e-02
-3.199495389603720374e-01 4.780162077729369768e-02
-3.128565732864347360e-01 7.846343918909577664e-02
-3.028576700823931711e-01 1.081822186648701695e-01
-2.900707784225599051e-01 1.366865953808212575e-01
-2.746386749601935628e-01 1.637193915919774867e-01
-2.567273040618463509e-01 1.890398206656450641e-01
-2.365239309357891340e-01 2.124255019154266955e-01
-2.142351291806622315e-01 2.336742705878204485e-01
-1.900846251534922260e-01 2.526057707311543665e-01
-1.643110222691062661e-01 2.690628210917973551e-01
-1.371654287993123444e-01 2.829125466071916728e-01
-1.089090129465302426e-01 2.940472704724930164e-01
-7.981050893209556962e-02 3.023851641222572439e-01
-5.014369757596510990e-02 3.078706547672567240e-01
-2.018488436594756755e-02 3.104745923378213757e-01
9.789602663354400602e-03 3.101941797899813724e-01
3.950587378166574987e-02 3.070526727124360256e-01
6.869487670741120100e-02 3.010988560167919825e-01
9.709471477600337130e-02 2.924063071889546062e-01
1.244528661543022746e-01 2.810724571169403996e-01
1.505282875190410152e-01 2.672174608831589526e-01
1.750933932559172457e-01 2.509828879949290714e-01
1.979358760507720916e-01 2.325302564144397233e-01
2.188603738746675575e-01 2.120394247939215160e-01
2.376899832199359242e-01 1.897068460052493688e-01
2.542675901744502198e-01 1.657437098995772629e-01
2.684570191552222429e-01 1.403739897119155866e-01
2.801439937893365206e-01 1.138324094330021991e-01
2.892369059983068147e-01 8.636234955862021057e-02
2.956673908666813122e-01 5.821370858324706465e-02
2.993907063478022934e-01 2.964073744076170178e-02
3.003859182713780607e-01 8.998638204758360216e-04
2.986558924628884837e-01 -2.775247708724541684e-02
2.942270970593961477e-01 -5.606198932435238480e-02
2.871492193071056298e-01 -8.377862482729719895e-02
2.774946022514250821e-01 -1.106586390775654155e-01
2.653575077799644188e-01 -1.364665794689195466e-01
2.508532134535209068e-01 -1.609771928391237339e-01
2.341169514612503610e-01 -1.839772393762066638e-01
2.153026988661685681e-01 -2.052672009077741999e-01
1.945818290686585628e-01 -2.246628724108169772e-01
1.721416351118288945e-01 -2.419968264341919029e-01
1.481837360865980169e-01 -2.571197410028396857e-01
1.229223784693957156e-01 -2.699015824691734511e-01
9.658264474424831103e-02 -2.802326356911765681e-01
6.939858212624276657e-02 -2.880243748476432053e-01
4.161125883590990199e-02 -2.932101666908175086e-01
1.346678021265190761e-02 -2.957458063311156349e-01
-1.478573580758258538e-02 -2.956098835148402437e-01
-4.289622018739600029e-02 -2.928039673018614231e-01
-7.061571871712697679e-02 -2.873526136132515951e-01
-9.769845403840089759e-02 -2.793031937709075652e-01
-1.239038691150959326e-01 -2.687255443532698962e-01
-1.489986374614853948e-01 -2.557114397748062040e-01
-1.727586254580221192e-01 -2.403738901013128260e-01
-1.949707921748390638e-01 -2.228462677370483813e-01
-2.154350122868990691e-01 -2.032812677610250085e-01
-2.339658079084713238e-01 -1.818497078452409321e-01
-2.503939755040405224e-01 -1.587391748528799995e-01
-2.645680944535768186e-01 -1.341525263840404880e-01
-2.763559043678443516e-01 -1.083062567036369161e-01
-2.856455388690939401e-01 -8.142873764276928328e-02
-2.923466042784258478e-01 -5.375834620194839403e-02
-2.963910924868007890e-01 -2.554149169182902412e-02
-2.977341182345526471e-01 2.969443686763399183e-03
-2.963544720854500159e-01 3.151823590895232868e-02
-2.922549815555616215e-01 5.984700597707827419e-02
-2.854626741425275727e-01 8.769844582955121925e-02
-2.760287373937386213e-01 1.148180658069690302e-01
-2.640282726469377894e-01 1.409564455103174963e-01
-2.495598406665592295e-01 1.658714693430511922e-01
-2.327447945639946614e-01 1.893305263272818950e-01
-2.137264159844051159e-01 2.111126567269647480e-01
-1.926688474336011869e-01 2.310106286297531897e-01
-1.697558174899722327e-01 2.488329191248722927e-01
-1.451891801318371533e-01 2.644055839196750024e-01
-1.191872725727223248e-01 2.775739964091297751e-01
-9.198310259908684672e-02 2.882044381297768632e-01
-6.382237826623282650e-02 2.961855233659703157e-01
-3.496139461844103430e-02 3.014294417123258851e-01
-5.664793836303317828e-03 3.038730036311361182e-01
2.379678314502749192e-02 3.034784754733049206e-01
5.314913398121606097e-02 3.002341920496477967e-01
8.211700028213247959e-02 2.941549366369294871e-01
1.104266188309286911e-01 2.852820802677605294e-01
1.378082954641973445e-01 2.736834742706732992e-01
1.639989775903234470e-01 2.594530922788771954e-01
1.887448007167161768e-01 2.427104202933380306e-01
2.118035839879344184e-01 2.235995958456021837e-01
2.329472496193522313e-01 2.022882998336204552e-01
2.519641412558641380e-01 1.789664071733019224e-01
2.686612167002299656e-01 1.538444049915293488e-01
2.828660911459240923e-01 1.271515896535845291e-01
2.944289080164264605e-01 9.913405643904184272e-02
3.032240157549291881e-01 7.005249812435282442e-02
3.091514304200515539e-01 4.017983106658441772e-02
3.121380628840023652e-01 9.798670630205036369e-03
3.121387034209516242e-01 -2.080132313133811056e-02
3.091367425763866805e-01 -5.132620611068941519e-02
3.031446115314851975e-01 -8.148058652816235481e-02
2.942039418411950269e-01 -1.109705120663447425e-01
2.823854353646293447e-01 -1.395063786516707316e-01
2.677884411780395157e-01 -1.668058313924178360e-01
2.505402393163409513e-01 -1.925966277028530460e-01
2.307950343148380545e-01 -2.166194324873319810e-01
2.087326646832078358e-01 -2.386305154359309455e-01
1.845570376023575876e-01 -2.584043210005760871e-01
1.584943012540383500e-01 -2.757358824794479690e-01
1.307907702351681356e-01 -2.904430528352532903e-01
1.017106224359253103e-01 -3.023685264029953856e-01
7.153338853554445931e-02 -3.113816274941412776e-01
4.055125785622887280e-02 -3.173798440611771410e-01
9.066226679147172673e-03 -3.202900870299618674e-01
-2.261288276539120956e-02 -3.200696586135430288e-01
-5.417350259874923607e-02 -3.167069158629223224e-01
-8.530246734054337809e-02 -3.102216188568946431e-01
-1.156891969812827992e-01 -3.006649562506245599e-01
-1.450288815425566369e-01 -2.881192443544225990e-01
-1.730256331388572988e-01 -2.726972994612625878e-01
-1.993955714904326881e-01 -2.545414867430786932e-01
-2.238698091612910945e-01 -2.338224526496126277e-01
-2.461973021417577234e-01 -2.107375530851764711e-01
-2.661475388978684076e-01 -1.855089866851830638e-01
-2.835130325372398619e-01 -1.583816524230243217e-01
-2.981115859708915461e-01 -1.296207570329334924e-01
-3.097883082799002263e-01 -9.950919082405920713e-02
-3.184173567119948367e-01 -6.834469977626753123e-02
-3.239033833151019337e-01 -3.643688291110135785e-02
-3.261826683212395439e-01 -4.104046140567045933e-03
-3.252239257379327397e-01 2.833005433279682864e-02
-3.210287701478988232e-01 6.053954448478088279e-02
-3.136318374206121806e-01 9.219980510735675816e-02
-3.031005558586541970e-01 1.229908481987674052e-01
-2.895345681927147807e-01 1.526006603879123402e-01
-2.730648087556946102e-01 1.807284767967280437e-01
-2.538522440617813625e-01 2.070879492908240249e-01
-2.320862888436707738e-01 2.314101740368524340e-01
-2.079829133138925423e-01 2.534465446664233013e-01
-1.817824609690913695e-01 2.729713991271433549e-01
-1.537471996054154966e-01 2.897844304627743006e-01
-1.241586313174240647e-01 3.037128342829370498e-01
-9.331459007349546253e-02 3.146131685300019853e-01
-6.152615796225574529e-02 3.223729042943372369e-01
-2.911443335546266831e-02 3.269116498326351539e-01
3.592813994283435355e-03 3.281820335678549139e-01
3.626456453046305456e-02 3.261702356507800715e-01
6.857000917185557265e-02 3.208961646703916148e-01
1.001820137874839811e-01 3.124132680298356557e-01
1.307805449696934907e-01 3.008079828198488848e-01
1.600560204365781836e-01 2.861988399641823833e-01
1.877125498705158324e-01 2.687352219879230453e-01
2.134710293154856997e-01 2.485957907739125838e-01
2.370720552015405935e-01 2.259866025376398579e-01
2.582786260977175119e-01 2.011389307773165103e-01
2.768786026982216764e-01 1.743068212408651341e-01
2.926868992920119705e-01 1.457644059558446947e-01
3.055473830198165985e-01 1.158030060560185925e-01
3.153344605482195084e-01 8.472805547736722565e-02
3.219543353474961789e-01 5.285587955926821652e-02
3.253459225053130788e-01 2.051036415044589153e-02
3.254814118969099335e-01 -1.198044803382617221e-02
3.223664745169518842e-01 -4.428779633958834783e-02
3.160401108108324419e-01 -7.608563864323168724e-02
3.065741438753278314e-01 -1.070540477765173359e-01
2.940723643818312638e-01 -1.368825309164518056e-01
2.786693379623981226e-01 -1.652732359693926956e-01
2.605288895433938157e-01 -1.919440104115141266e-01
2.398422826695248422e-01 -2.166312798735596512e-01
2.168261151908358608e-01 -2.390927159526977930e-01
1.917199557483468542e-01 -2.591096652698344771e-01
1.647837482553774213e-01 -2.764893146344792885e-01
1.362950147785138566e-01 -2.910665747305600237e-01
1.065458840940094049e-01 -3.027056505693814792e-01
7.583998608373911099e-02 -3.113012913334040621e-01
4.448924511172076129e-02 -3.167797183093423175e-01
1.281060456794227455e-02 -3.190992098634339302e-01
-1.887727966357240911e-02 -3.182503438051242917e-01
-5.025734076473314937e-02 -3.142558971811804103e-01
-8.101736189793629084e-02 -3.071704073596658868e-01
-1.108531615830674194e-01 -2.970794019988124979e-01
-1.394716698195639093e-01 -2.840983091059191556e-01
-1.665938627859880894e-01 -2.683710618343270737e-01
-1.919575258517708938e-01 -2.500684159031360543e-01
-2.153198168634924969e-01 -2.293860005185389961e-01
-2.364596041907403579e-01 -2.065421263948322150e-01
-2.551795568004507908e-01 -1.817753768884249055e-01
-2.713079666370816212e-01 -1.553420103448402978e-01
-2.847002867801271542e-01 -1.275132034965004713e-01
-2.952403721897923217e-01 -9.857216712233267397e-02
-3.028414132942645609e-01 -6.881116617798005430e-02
-3.074465561755389542e-01 -3.852847722152738519e-02
-3.090292066326490450e-01 -8.025316192873790944e-03
-3.075930188993654668e-01 2.239723054134638847e-02
-3.031715732269185115e-01 5.244123948299526244e-02
-2.958277498715307097e-01 8.181491611991165147e-02
-2.856528102139960223e-01 1.102354635661742938e-01
-2.727652003754109100e-01 1.374318302879326270e-01
-2.573090864842095815e-01 1.631472945988196310e-01
-2.394526501530142293e-01 1.871418696562360262e-01
-2.193861652422970099e-01 2.091945191036143348e-01
-1.973198731844081344e-01 2.291051475360099676e-01
-1.734816847648012750e-01 2.466963534357277110e-01
-1.481147348804845720e-01 2.618149302447227433e-01
-1.214748178657813621e-01 2.743331042007627341e-01
-9.382773171493911935e-02 2.841495005873203028e-01
-6.544655993921710824e-02 2.911898330959249992e-01
-3.660891987610303405e-02 2.954073140379109286e-01
-7.594206027559731453e-03 2.967827861348524277e-01
2.131914354620881996e-02 2.953245795297171905e-01
4.985633059642793907e-02 2.910681004620072621e-01
7.774880376042198060e-02 2.840751607102935394e-01
1.047367646617786419e-01 2.744330593975305432e-01
1.305715499683558767e-01 2.622534310542889990e-01
1.550178681596933450e-01 2.476708759215208167e-01
1.778558717545734025e-01 2.308413903299812997e-01
1.988830478999117357e-01 2.119406166037232087e-01
2.179159124941771053e-01 1.911619332894123335e-01
2.347914953819542905e-01 1.687144076044057861e-01
2.493686065808213836e-01 1.448206328209271643e-01
2.615288759574551647e-01 1.197144738610868009e-01
2.711775612275879044e-01 9.363874467107052846e-02
2.782441243077850568e-01 6.684283552542488738e-02
2.826825649404894336e-01 3.958032895690909853e-02
2.844715253398482635e-01 1.210661968838514652e-02
2.836141719694977859e-01 -1.532345280226202894e-02
2.801378512040310631e-01 -4.245792162524041763e-02
2.740935309434429645e-01 -6.904994412274111093e-02
2.655550381612108990e-01 -9.485996870364515887e-02
2.546181039815080260e-01 -1.196577991315727757e-01
2.413992293173330139e-01 -1.432245400246718037e-01
2.260343853516614543e-01 -1.653544089223591973e-01
2.086775642033726064e-01 -1.858564019494743369e-01
1.894991959866474396e-01 -2.045558018396564925e-01
1.686844491473431518e-01 -2.212955188454149291e-01
1.464314314454899513e-01 -2.359372568413695692e-01
1.229493092547416233e-01 -2.483624986996126049e-01
9.845636297460440278e-02 -2.584733067634712445e-01
7.317799630866898830e-02 -2.661929359511247539e-01
4.734471696249557132e-02 -2.714662586681661494e-01
2.119010597023012615e-02 -2.742600022847558883e-01
-5.051207617569091618e-03 -2.745628014268939321e-01
-3.114555054730811651e-02 -2.723850687328907005e-01
-5.686217223830680040e-02 -2.677586890276873466e-01
-8.197516007129999893e-02 -2.607365430635980585e-01
-1.062652893033334406e-01 -2.513918680625798485e-01
-1.295217947479475051e-01 -2.398174632703749531e-01
-1.515440558952002026e-01 -2.261247447188897697e-01
-1.721431715342136015e-01 -2.104426722090989021e-01
-1.911434267926310770e-01 -1.929165535043936286e-01
-2.083836479038402578e-01 -1.737067237675037346e-01
-2.237184249881802589e-01 -1.529871258203604756e-01
-2.370192006866552181e-01 -1.309437990578537214e-01
-2.481752189416215892e-01 -1.077732890983293529e-01
-2.570943292248283329e-01 -8.368099044320040369e-02
-2.637036424956708536e-01 -5.887943453596100607e-02
-2.679500361284257726e-01 -3.358653566427349801e-02
-2.698005059746392820e-01 -8.023807144451798601e-03
-2.692423646249477165e-01 1.758543982798799546e-02
-2.662832858036535688e-01 4.301790237912889170e-02
-2.609511956704436697e-01 6.805208506763568699e-02
-2.532940126185556640e-01 9.247007994215672433e-02
-2.433792379497807523e-01 1.160593157913614448e-01
-2.312934005766984213e-01 1.386142650729507153e-01
-2.171413596543300406e-01 1.599380972767947551e-01
-2.010454697798606805e-01 1.798442677744078733e-01
-1.831446141229052804e-01 1.981580315328092812e-01
-1.635931115622654974e-01 2.147178714268837829e-01
-1.425595046100133767e-01 2.293768312728892145e-01
-1.202252356010934942e-01 2.420037441297550052e-01
-9.678321931673117273e-02 2.524843468778436573e-01
-7.243632089204195268e-02 2.607222725908879268e-01
-4.739574473230692003e-02 2.666399088475523982e-01
-2.187935796465936139e-02 2.701791248433270676e-01
3.890052894586956776e-03 2.713018572926010896e-01
2.968658588535121046e-02 2.699905380810345146e-01
5.528306366283060325e-02 2.662483696553371026e-01
8.045290165440943664e-02 2.600994408384770806e-01
1.049719911898539665e-01 2.515886796740293696e-01
1.286205840143724854e-01 2.407816408891856885e-01
1.511851641894103038e-01 2.277641266195735703e-01
1.724602930524752331e-01 2.126416401586314897e-01
1.922504126551586312e-01 1.955386736765409028e-01
2.103715929382021510e-01 1.765978320937631185e-01
2.266532078442203835e-01 1.559787965856345715e-01
2.409395256223954562e-01 1.338571325291365299e-01
2.530911987543846831e-01 1.104229480711930445e-01
2.629866392352219195e-01 8.587941088840676807e-02
2.705232653844727442e-01 6.044113210828799820e-02
2.756186069472976174e-01 3.433242775763639676e-02
2.782112559768611937e-01 7.785469479490914578e-03
2.782616518714134402e-01 -1.896166240043802020e-02
2.757526899721458591e-01 -4.566700909092455407e-02
2.706901443103272298e-01 -7.208683125430974392e-02
2.631028964207819953e-01 -9.797775792058982525e-02
2.530429636077778932e-01 -1.230989686720399545e-01
2.405853216507425896e-01 -1.472143904820845950e-01
2.258275153122935586e-01 -1.700948868030094652e-01
2.088890667802699164e-01 -1.915204266665076205e-01
1.899106722466938901e-01 -2.112822113002436053e-01
1.690531841861178663e-01 -2.291847287812653899e-01
1.464963947544556944e-01 -2.450477246674418463e-01
1.224376229859548970e-01 -2.587080659498339208e-01
9.709011453825988625e-02 -2.700214783129989971e-01
7.068126483865772025e-02 -2.788641373269599710e-01
4.345067855298611476e-02 -2.851340950599152158e-01
1.564808030659248922e-02 -2.887525246947145185e-01
-1.246890649199766318e-02 -2.896647670516266371e-01
-4.063709406559372350e-02 -2.878411644588724783e-01
-6.859015759212901131e-02 -2.832776691615720432e-01
-9.606113360282225733e-02 -2.759962154067749363e-01
-1.227849663016605808e-01 -2.660448464716950734e-01
-1.485010775453994847e-01 -2.534975901957457478e-01
-1.729559353466268989e-01 -2.384540790132450572e-01
-1.959055951353915748e-01 -2.210389130388765444e-01
-2.171181876534171717e-01 -2.014007674059063724e-01
-2.363763272721430553e-01 -1.797112477694013111e-01
-2.534794147317197544e-01 -1.561635006330948372e-01
-2.682458087992634632e-01 -1.309705879075377111e-01
-2.805148421442113515e-01 -1.043636378260904690e-01
-2.901486578258870574e-01 -7.658978700089334735e-02
-2.970338441789148187e-01 -4.790993095969382082e-02
-3.010828451457341348e-01 -1.859630556045999486e-02
-3.022351360373819462e-01 1.107008556645192737e-02
-3.004581403634203340e-01 4.080217105467218858e-02
-2.957478706143947256e-01 7.030960600527653981e-02
-2.881292896423612304e-01 9.930164030278321174e-02
-2.776563812444519663e-01 1.274900301382872192e-01
-2.644119245098225379e-01 1.545919628463456874e-01
-2.485069696173612952e-01 1.803329644604305670e-01
-2.300800159896020658e-01 2.044497590239245932e-01
-2.092958969808760838e-01 2.266930486715023896e-01
-1.863443785668573716e-01 2.468301838269520432e-01
-1.614384827692524060e-01 2.646476935514259221e-01
-1.348125497539216233e-01 2.799536471197340282e-01
-1.067200556436091602e-01 2.925798192960639699e-01
-7.743120604857682554e-02 3.023836335144285403e-01
-4.723032810172977242e-02 3.092498592287051817e-01
-1.641308635274148567e-02 3.130920420635328050e-01
1.471644980627362376e-02 3.138536480475477841e-01
4.584885747481082241e-02 3.115089061175447260e-01
7.667249890373493970e-02 3.060633362155148474e-01
1.068767146579155530e-01 2.975539536261790352e-01
1.361550374283532761e-01 2.860491436837438450e-01
1.642083919858224328e-01 2.716482045737602102e-01
1.907482465026711649e-01 2.544805596277764925e-01
2.154996806018498468e-01 2.347046442119807841e-01
2.382043346532474182e-01 2.125064788809429006e-01
2.586232126887582639e-01 1.880979331141897637e-01
2.765393008519337337e-01 1.617146996499418676e-01
2.917599704969411900e-01 1.336140059542974823e-01
3.041191426956887933e-01 1.040720768843089589e-01
3.134791865349360052e-01 7.338137657753419918e-02
3.197325283238042215e-01 4.184765780807583879e-02
3.228029518694426336e-01 9.786849459284636607e-03
3.226465732738695302e-01 -2.247818515856468344e-02
3.192524772212693152e-01 -5.462098469921622401e-02
3.126430054222050781e-01 -8.631488509932644382e-02
3.028736917166894305e-01 -1.172364371135020955e-01
2.900328422671540340e-01 -1.470688088401016225e-01
2.742407632488599312e-01 -1.755051359258139876e-01
2.556486424220429932e-01 -2.022517824816254250e-01
2.344370948995943282e-01 -2.270314765174995530e-01
2.108143872591261569e-01 -2.495862849015337559e-01
1.850143578425084423e-01 -2.696803944598615277e-01
1.572940545944675472e-01 -2.871026678393709952e-01
1.279311150717374890e-01 -3.016689451346432072e-01
9.722091626528112096e-02 -3.132240650068975341e-01
6.547352458309999013e-02 -3.216435820653191779e-01
3.301047870655964001e-02 -3.268351606050486358e-01
1.614400294486009193e-04 -3.287396283628862270e-01
-3.273925300893809620e-02 -3.273316777197873284e-01
-6.535608854986184324e-02 -3.226202094326810488e-01
-9.735590837829091737e-02 -3.146483032850428407e-01
-1.284114140478838095e-01 -3.034928216674626089e-01
-1.582046150220150216e-01 -2.892636582249794586e-01
-1.864301837374414683e-01 -2.721026279988580932e-01
-2.127986792580778830e-01 -2.521820142303765611e-01
-2.370396040891834533e-01 -2.297027873689323207e-01
-2.589042605663137153e-01 -2.048925155156978983e-01
-2.781683754650720042e-01 -1.780029890028460293e-01
-2.946344640705292339e-01 -1.493075850159536477e-01
-3.081339078682902577e-01 -1.190984010756631489e-01
-3.185287232376821653e-01 -8.768318876983817456e-02
-3.257130020029989637e-01 -5.538212133921841668e-02
-3.296140083896724193e-01 -2.252443054236396777e-02
-3.301929207946021072e-01 1.055505036136315453e-02
-3.274452107676417700e-01 4.351939968466210507e-02
-3.214006556670204739e-01 7.603313806363223848e-02
-3.121229855470596948e-01 1.077657384003026658e-01
-2.997091689135524262e-01 1.383950768403167386e-01
-2.842883459925972800e-01 1.676107873966334316e-01
-2.660204220555919541e-01 1.951174840218152240e-01
-2.450943370811375643e-01 2.206378155321060963e-01
-2.217260315705854579e-01 2.439153207752878250e-01
-1.961561316273891520e-01 2.647170537858711259e-01
-1.686473794239392310e-01 2.828359513559302596e-01
-1.394818384114235033e-01 2.980929233192757821e-01
-1.089579005507540083e-01 3.103386296651029497e-01
-7.738713562390510392e-02 3.194549354993727608e-01
-4.509101494727648513e-02 3.253560406047240061e-01
-1.239754276372074387e-02 3.279892583517390880e-01
2.036216634739006909e-02 3.273354420558213795e-01
5.285732695176258850e-02 3.234090561530162944e-01
8.476090210893899579e-02 3.162578934921337903e-01
1.157529660470554139e-01 3.059624439182913602e-01
1.455239745138377783e-01 2.926349231098230308e-01
1.737779084392270246e-01 2.764179742832597042e-01
2.002352582050536123e-01 2.574830588587075364e-01
2.246358178289109553e-01 2.360285554419580822e-01
2.467412607057186402e-01 2.122775894945946595e-01
2.663374711807364736e-01 1.864756187970924295e-01
2.832366091181717782e-01 1.588878022341596030e-01
2.972788877435356691e-01 1.297961815220979032e-01
3.083340483369068630e-01 9.949670723484213553e-02
3.163025187978900643e-01 6.829614185312149477e-02
3.211162466498325707e-01 3.650887354904343990e-02
3.227392006586680129e-01 4.453675020242055249e-03
3.211675388684149812e-01 -2.754955809790725352e-02
3.164294444591113642e-01 -5.918305488343923726e-02
3.085846343730170860e-01 -9.013436903027625957e-02
2.977235490918929695e-01 -1.200994981011028334e-01
2.839662363394131472e-01 -1.487858964337309409e-01
2.674609374327103217e-01 -1.759153341589544950e-01
2.483824031758848916e-01 -2.012265844590573338e-01
2.269299577388889932e-01 -2.244779267387409516e-01
2.033253286793472725e-01 -2.454494242055162978e-01
1.778102704115840649e-01 -2.639449604847032838e-01
1.506440078635399304e-01 -2.797940171555431954e-01
1.221005285645030969e-01 -2.928531770627925690e-01
9.246575257924447011e-02 -3.030073413381898506e-01
6.203461054077086256e-02 -3.101706512217574652e-01
3.110806053205659311e-02 -3.142871089673594520e-01
-9.925271619990123215e-06 -3.153308953139641879e-01
-3.101537345823929953e-02 -3.133063841682391937e-01
-6.160729148337135141e-02 -3.082478582412577217e-01
-9.149058957605173126e-02 -3.002189323796193299e-01
-1.203789140944770963e-01 -2.893116941986128565e-01
-1.479973653499693231e-01 -2.756455743339299991e-01
-1.740850745409671940e-01 -2.593659611531904385e-01
-1.983976162913759222e-01 -2.406425770863086788e-01
-2.207092353436112264e-01 -2.196676358246703598e-01
-2.408148681887145315e-01 -1.966538014865660267e-01
-2.585319427954406168e-01 -1.718319724369618828e-01
-2.737019420978361040e-01 -1.454489137733999682e-01
-2.861917194867703573e-01 -1.177647635399259318e-01
-2.958945571953210396e-01 -8.905043850398915162e-02
-3.027309633027757130e-01 -5.958495928650436868e-02
-3.066491940335601685e-01 -2.965274020549838602e-02
-3.076255121445163332e-01 4.591398857214161965e-04
-3.056641828492497326e-01 3.046367525550589678e-02
-3.007972032294634057e-01 6.007663428269221367e-02
-2.930837750812113063e-01 8.901920483203223933e-02
-2.826095298757352325e-01 1.170205601705666398e-01
-2.694855166597161511e-01 1.438203227896148739e-01
-2.538469657061725449e-01 1.691709048905053192e-01
-2.358518425406936903e-01 1.928397058486983617e-01
-2.156792085964108208e-01 2.146111486696654080e-01
-1.935274061858192896e-01 2.342885392692278246e-01
-1.696120867114755126e-01 2.516957343292009486e-01
-1.441641020663025907e-01 2.666786054743234824e-01
-1.174272799956891933e-01 2.791062895669371713e-01
-8.965610480795642434e-02 2.888722170005670331e-01
-6.111332522939492279e-02 2.958949119720616916e-01
-3.206751140913479542e-02 3.001185608047565179e-01
-2.790583093627025963e-03 3.015133464637933525e-01
2.644466918192657848e-02 3.000755494320717642e-01
5.536704838825334124e-02 2.958274170854852114e-01
8.370937980406424617e-02 2.888168056047398236e-01
1.112108840216133737e-01 2.791166002752818454e-01
1.376194746715030948e-01 2.668239217453457490e-01
1.626939623343552910e-01 2.520591274251058889e-01
1.862061505575154652e-01 2.349646122305398821e-01
2.079427944872946910e-01 2.157034388079875353e-01
2.277074212865601022e-01 1.944578018309552625e-01
2.453220013481274830e-01 1.714273244239891414e-01
2.606284463113960337e-01 1.468272211986928200e-01
2.734899278388689403e-01 1.208863386033397352e-01
2.837920078957620329e-01 9.384508959533188754e-02
2.914435728258926162e-01 6.595330023630177618e-02
2.963775650887788271e-01 3.746798626784244440e-02
2.985515081063610521e-01 8.651078053680131066e-03
2.979478212536411097e-01 -2.023288752593817297e-02
2.945739236070912814e-01 -4.891908956679132114e-02
2.884621266298745268e-01 -7.714474140579881400e-02
2.796693175162528466e-01 -1.046513862088969682e-01
2.682764364321008066e-01 -1.311871517108032792e-01
2.543877523677393615e-01 -1.565089463253110658e-01
2.381299437573534128e-01 -1.803845793410912002e-01
2.196509914103167427e-01 -2.025947885173626506e-01
1.991188926384059865e-01 -2.229351590924659454e-01
1.767202067438977398e-01 -2.412179190126211847e-01
1.526584432517972822e-01 -2.572735960742866257e-01
1.271523054198542280e-01 -2.709525236478964594e-01
1.004338026374898968e-01 -2.821261827096048225e-01
7.274624632416007430e-02 -2.906883690471759873e-01
4.434214485374905063e-02 -2.965561757223548756e-01
1.548100950520363110e-02 -2.996707763539176450e-01
-1.357289562887904755e-02 -2.999980175613747302e-01
-4.255285735054101237e-02 -2.975288083904732428e-01
-7.119205768498819420e-02 -2.922792867660771732e-01
-9.922592558310122657e-02 -2.842907769068089840e-01
-1.263944825621412249e-01 -2.736295317108198843e-01
-1.524446631341123404e-01 -2.603862604503409672e-01
-1.771325908206429212e-01 -2.446754437548853134e-01
-2.002257906354325268e-01 -2.266344395260272704e-01
-2.215053191349007078e-01 -2.064223851009515665e-01
-2.407677934987293156e-01 -1.842189026568559762e-01
-2.578273016078297397e-01 -1.602226165124959190e-01
-2.725171757404171724e-01 -1.346494926245613288e-01
-2.846916133088749912e-01 -1.077310121822645517e-01
-2.942271290113495641e-01 -7.971219275996041520e-02
-3.010238238716830828e-01 -5.084947198074721286e-02
-3.050064578872098142e-01 -2.140847005925104046e-02
-3.061253143923574060e-01 8.338351085710037081e-03
-3.043568457716587794e-01 3.811411324311961279e-02
-2.997040918117483410e-01 6.764001184887356855e-02
-2.921968637595353524e-01 9.663784949980752659e-02
-2.818916890426183541e-01 1.248325912875219990e-01
-2.688715135959464653e-01 1.519549195593554725e-01
-2.532451608118537756e-01 1.777437652544793523e-01
-2.351465482732850720e-01 2.019487926935467359e-01
-2.147336608246613321e-01 2.243328098377976032e-01
-1.921873023032062422e-01 2.446740933221325243e-01
-1.677096187459141130e-01 2.627686016954273729e-01
-1.415223962235498678e-01 2.784320410782078481e-01
-1.138651612836860533e-01 2.915017754986046761e-01
-8.499309267282653679e-02 3.018385579827689291e-01
-5.517476083527377700e-02 3.093280633539250424e-01
-2.468971366154456767e-02 3.138822051618739839e-01
6.174071189933011752e-03 3.154402208438800148e-01
3.712284537082981284e-02 3.139695110988184878e-01
6.785983676083172378e-02 3.094662215268220162e-01
9.808805932516395654e-02 3.019555568313708749e-01
1.275131598837589419e-01 2.914918202822273652e-01
1.558462748682434285e-01 2.781581736756348899e-01
1.828068694958843998e-01 2.620661156803030245e-01
2.081255314062353257e-01 2.433546791992632630e-01
2.315466906988474516e-01 2.221893511821094180e-01
2.528312384886253761e-01 1.987607211611238378e-01
2.717590165658653745e-01 1.732828676286776726e-01
2.881311515141972701e-01 1.459914941913428021e-01
3.017722077017164772e-01 1.171418301969011089e-01
3.125321349152733186e-01 8.700631320200948038e-02
3.202879880483788799e-01 5.587207319887568802e-02
3.249453981691419191e-01 2.403824091754450804e-02
3.264397764721732043e-01 -8.186895264277320103e-03
3.247372303860400766e-01 -4.048885345446261164e-02
3.198351942700675687e-01 -7.255002459307396956e-02
3.117627504861801291e-01 -1.040528090653971838e-01
3.005806260337868796e-01 -1.346827811352882820e-01
2.863808753859532485e-01 -1.641318599122762178e-01
2.692862429985748429e-01 -1.921014516672817640e-01
2.494492077078750425e-01 -2.183055307841393899e-01
2.270507146191640124e-01 -2.424736267522690225e-01
2.022986034801745048e-01 -2.643536850808168581e-01
1.754257458871250619e-01 -2.837147708485913133e-01
1.466879069521058176e-01 -3.003495847951482833e-01
1.163613502276756861e-01 -3.140767634001198072e-01
8.474020770043547146e-02 -3.247429362797381036e-01
5.213363949245609918e-02 -3.322245164366228187e-01
1.886281051196541866e-02 -3.364292014121806340e-01
-1.474228636123399785e-02 -3.372971661873732652e-01
-4.834612891604546381e-02 -3.348019317302315945e-01
-8.161105270096312425e-02 -3.289508963667944763e-01
-1.142006917988896419e-01 -3.197855206224167190e-01
-1.457834374933073274e-01 -3.073811598059650874e-01
-1.760358783907114699e-01 -2.918465423511530932e-01
-2.046461853185989888e-01 -2.733228957459230557e-01
-2.313174044785393790e-01 -2.519827257295494394e-01
-2.557706229041706303e-01 -2.280282582741368635e-01
-2.777479712537884726e-01 -2.016895576479673657e-01
-2.970154262626871766e-01 -1.732223407372396884e-01
-3.133653949317042886e-01 -1.429055002766964066e-01
-3.266190389430787544e-01 -1.110383624474550746e-01
-3.366283057457750139e-01 -7.793771554978816407e-02
-3.432776551919243802e-01 -4.393463071704867273e-02
-3.464854558801946927e-01 -9.371109279103805034e-03
-3.462050334967435861e-01 2.540340863286828094e-02
-3.424253571048264666e-01 6.003563780516608939e-02
-3.351713531899919718e-01 9.417210609790971354e-02
-3.245038412764924551e-01 1.274628381152611845e-01
-3.105190890470665988e-01 1.595650248579022767e-01
-2.933479890758891595e-01 1.901466396593231578e-01
-2.731548634752791749e-01 2.188899609879932096e-01
-2.501359069121098511e-01 2.454949634263196290e-01
-2.245172825210882683e-01 2.696825393100046875e-01
-1.965528891811242629e-01 2.911975151182392696e-01
-1.665218223808980769e-01 3.098114287310809734e-01
-1.347255544352807255e-01 3.253250360950830089e-01
-1.014848630825732761e-01 3.375705186366521615e-01
-6.713654045357973776e-02 3.464133659048853620e-01
-3.202991702070024510e-02 3.517539113775830506e-01
3.476762624295876708e-03 3.535285030876594292e-01
3.902007347988824260e-02 3.517102946805905628e-01
7.423521324160957391e-02 3.463096466522328498e-01
1.087598337574142704e-01 3.373741317931493455e-01
1.422378558523551273e-01 3.249881463228014855e-01
1.743232378154166984e-01 3.092721216850787269e-01
2.046836459386569551e-01 2.903813463065513800e-01
2.330039818349558534e-01 2.685044179014501875e-01
2.589897388376902199e-01 2.438613333643180059e-01
2.823701464193231203e-01 2.167012382956082783e-01
3.029010678594451500e-01 1.872998597798652964e-01
3.203676190413622393e-01 1.559566496167242022e-01
3.345864792767776486e-01 1.229916684860896253e-01
3.454078684162744661e-01 8.874224447152989637e-02
3.527171681608523013e-01 5.355944193511879420e-02
3.564361694047121776e-01 1.780437890204966331e-02
3.565239315667008135e-01 -1.815556715149442557e-02
3.529772441596286114e-01 -5.395062392929170225e-02
3.458306852532746500e-01 -8.921251736859750481e-02
3.351562759571866112e-01 -1.235783507776041096e-01
3.210627345314374659e-01 -1.566944278560312431e-01
3.036943381752186810e-01 -1.882199780144275525e-01
2.832294048929863139e-01 -2.178307434955214783e-01
2.598784120453387358e-01 -2.452223893472298966e-01
2.338817722082240369e-01 -2.701136992833908512e-01
2.055072907430232076e-01 -2.922495228714380722e-01
1.750473329780352083e-01 -3.114034422776172373e-01
1.428157320788711326e-01 -3.273801299469324966e-01
1.091444715050617770e-01 -3.400173720596775806e-01
7.438018140754526497e-02 -3.491877397436567443e-01
3.888047653500988771e-02 -3.547998816845166492e-01
3.010185610076265839e-03 -3.567994279904803112e-01
-3.286248281538012989e-02 -3.551695058071031585e-01
-6.836980629788257102e-02 -3.499308523712037489e-01
-1.031484006441673595e-01 -3.411415279840726011e-01
-1.368430166727814812e-01 -3.288962331441572795e-01
-1.691102407678274355e-01 -3.133252384225821974e-01
-1.996220596098826627e-01 -2.945929398929113541e-01
-2.280692511214591767e-01 -2.728960569914268275e-01
-2.541645657350418142e-01 -2.484614935399218349e-01
-2.776456645545450352e-01 -2.215438862664560471e-01
-2.982777838053395913e-01 -1.924228684707963155e-01
-3.158560981191624872e-01 -1.614000794641786973e-01
-3.302077586398880493e-01 -1.287959530355126114e-01
-3.411935856229504904e-01 -9.494632043062437021e-02
-3.487093990911458441e-01 -6.019886515479562494e-02
-3.526869751565769318e-01 -2.490946830394104305e-02
-3.530946197751743121e-01 1.056151591632378123e-02
-3.499373559181491733e-01 4.585301431905556419e-02
-3.432567243753227304e-01 8.060697829215737742e-02
-3.331302026002007088e-01 1.144720769548916439e-01
-3.196702501184833789e-01 1.471073009180817459e-01
-3.030229930044841535e-01 1.781854389071862166e-01
-2.833665637397145276e-01 2.073963911699371332e-01
-2.609091194201169639e-01 2.344502894627089606e-01
-2.358865505070666391e-01 2.590803817915547369e-01
-2.085599170067623520e-01 2.810456569159950346e-01
-1.792126448735924249e-01 3.001331931894795080e-01
-1.481475039057136567e-01 3.161601980938794632e-01
-1.156834044138954215e-01 3.289757224110495537e-01
-8.215204773819365092e-02 3.384620335707742012e-01
-4.789446691662543887e-02 3.445356365021514655e-01
-1.325749462976019526e-02 3.471479341880333580e-01
2.140980404880749380e-02 3.462855240351037089e-01
5.575969657281883152e-02 3.419701300812824085e-01
8.944930840492149038e-02 3.342581749238190403e-01
1.221440727601340037e-01 3.232399990233861820e-01
1.535210695041571149e-01 3.090387386811097037e-01
1.832722196548344507e-01 2.918088774582709988e-01
2.111073038308276806e-01 2.717344890765454046e-01
2.367567752015423133e-01 2.490271928671324853e-01
2.599743399872045946e-01 2.239238456003977695e-01
2.805392813057249191e-01 1.966839959976011964e-01
2.982585051292676037e-01 1.675871303806802937e-01
3.129682902621468976e-01 1.369297397366790736e-01
3.245357275453072954e-01 1.050222399461165912e-01
3.328598368927906948e-01 7.218577803945989968e-02
3.378723542334340912e-01 3.874895809726747187e-02
3.395381839278429625e-01 5.044520796008396604e-03
3.378555192000489149e-01 -2.859399342266273972e-02
3.328556206486444347e-01 -6.183555319593234817e-02
3.246022703257274156e-01 -9.435488791860434377e-02
3.131909150290084765e-01 -1.258356614875174029e-01
2.987474994800221051e-01 -1.559735258012548420e-01
2.814270087872300374e-01 -1.844790281303244073e-01
2.614117379997282775e-01 -2.110803451700359601e-01
2.389093090344336090e-01 -2.355258187168982331e-01
2.141504574858536236e-01 -2.575862702547457306e-01
1.873866137851186719e-01 -2.770570742697129885e-01
1.588873048495098583e-01 -2.937599728030907964e-01
1.289374037443588306e-01 -3.075446165665621234e-01
9.783425595851281964e-02 -3.182898208534342688e-01
6.588471166854936723e-02 -3.259045274502669898e-01
3.340209383497903806e-02 -3.303284667539285735e-01
7.031321384371338025e-04 -3.315325172984604496e-01
-3.189510736887869735e-02 -3.295187628639413280e-01
-6.407826744277488051e-02 -3.243202502468691684e-01
-9.553769090268195152e-02 -3.160004535909572976e-01
-1.259733301704429598e-01 -3.046524538829670781e-01
-1.550965485084452589e-01 -2.903978447866394363e-01
-1.826327878110693415e-01 -2.733853783974099505e-01
-2.083240794499391368e-01 -2.537893667322108637e-01
-2.319313765072360811e-01 -2.318078568055944866e-01
-2.532366877298317109e-01 -2.076605989714429001e-01
-2.720449997247397778e-01 -1.815868259802894957e-01
-2.881859580845462232e-01 -1.538428751905496772e-01
-3.015153069865348368e-01 -1.246996749577782143e-01
-3.119160827077162024e-01 -9.444010874142716450e-02
-3.192995398106925897e-01 -6.335629314627692910e-02
-3.236058092498499406e-01 -3.174679282810215913e-02
-3.248042853233008009e-01 8.620176634912407598e-05
-3.228937408553637090e-01 3.183970790431910058e-02
-3.179021724094241996e-01 6.321276967089288490e-02
-3.098863796821880734e-01 9.390923751693631971e-02
-2.989312854993503299e-01 1.236404837938313572e-01
-2.851490050027388201e-01 1.521280307097735984e-01
-2.686776746748026357e-01 1.791060682160935391e-01
-2.496800537742496218e-01 2.043238405735722518e-01
-2.283419125446099762e-01 2.275478817433508327e-01
-2.048702231950787489e-01 2.485640812794848165e-01
-1.794911711313825486e-01 2.671795640547376949e-01
-1.524480052263726126e-01 2.832243689118418284e-01
-1.239987470599059477e-01 2.965529131830440535e-01
-9.441378002111897039e-02 3.070452319451382195e-01
-6.397333995067001899e-02 3.146079828594060546e-01
-3.296492960444039749e-02 3.191752094701989506e-01
-1.680679643348256857e-03 3.207088578868724227e-01
2.958532090264978653e-02 3.191990438364491478e-01
6.053970168262250845e-02 3.146640691342773022e-01
9.089247709080834625e-02 3.071501854746038762e-01
1.203596638857124673e-01 2.967311162985465933e-01
1.486658405956535478e-01 2.835073406913451444e-01
1.755466343282810759e-01 2.676051362953607016e-01
2.007510999960552267e-01 2.491753988564957556e-01
2.240439770711887546e-01 2.283922468633952652e-01
2.452078050119659847e-01 2.054514235672637579e-01
2.640448796837243095e-01 1.805685102557369470e-01
2.803790344036100612e-01 1.539769661330169237e-01
2.940572306597817320e-01 1.259260115218937826e-01
3.049509450839347768e-01 9.667837234325178664e-02
3.129573408812693636e-01 6.650790493776244372e-02
3.180002136343786923e-01 3.569712126580638217e-02
3.200307031866981844e-01 4.534635348886241479e-03
3.190277651663209757e-01 -2.668744750687512823e-02
3.149983976209895231e-01 -5.767617664226625668e-02
3.079776201883633879e-01 -8.814041470595612715e-02
2.980282052102358192e-01 -1.177934864200889109e-01
2.852401622028429284e-01 -1.463557947931499459e-01
2.697299791049797557e-01 -1.735573822592851312e-01
2.516396257281298676e-01 -1.991404145304981332e-01
2.311353268147144646e-01 -2.228615654268725488e-01
2.084061140579638316e-01 -2.444942815999268382e-01
1.836621683357567147e-01 -2.638309068842054628e-01
1.571329652466625648e-01 -2.806846469999590976e-01
1.290652344950702912e-01 -2.948913541500953195e-01
9.972076375729931053e-02 -3.063111198166971194e-01
6.937405388499399972e-02 -3.148296608106065375e-01
3.830983741701715628e-02 -3.203594767818628286e-01
6.820494864571222636e-03 -3.228407733856243356e-01
-2.479661398019248827e-02 -3.222421396592254350e-01
-5.624188074144839677e-02 -3.185609714918577473e-01
-8.721621737144907849e-02 -3.118236351656192840e-01
-1.174238388500173508e-01 -3.020853671329968848e-01
-1.465750348055289976e-01 -2.894299084556500867e-01
-1.743889049566835769e-01 -2.739688746456798718e-01
-2.005960332527006451e-01 -2.558408640052391436e-01
-2.249410757869511335e-01 -2.352103099341360526e-01
-2.471852379800165700e-01 -2.122660850477868788e-01
-2.671086171753895289e-01 -1.872198672983939327e-01
-2.845123876651476924e-01 -1.603042805988678376e-01
-2.992208062625396070e-01 -1.317708246896218682e-01
-3.110830178598418816e-01 -1.018876111404725116e-01
-3.199746419471546366e-01 -7.093692442102955686e-02
-3.257991228127001815e-01 -3.921262888093188237e-02
-3.284888280870224553e-01 -7.017444234294277841e-03
-3.280058824192434996e-01 2.533988628029275672e-02
-3.243427253678245470e-01 5.754750951195743147e-02
-3.175223850334996101e-01 8.929343106359667603e-02
-3.075984615383821619e-01 1.202685113594683664e-01
-2.946548134871249114e-01 1.501694591480317587e-01
-2.788049588224856268e-01 1.787017969588386990e-01
-2.601911833001501750e-01 2.055827706207409844e-01
-2.389833552197023758e-01 2.305441679719079373e-01
-2.153774660507432326e-01 2.533350225538408274e-01
-1.895939039855417119e-01 2.737241738301967597e-01
-1.618754741820171428e-01 2.915026572485391876e-01
-1.324851821681878872e-01 3.064858987431863246e-01
-1.017037994723834632e-01 3.185156898376142465e-01
-6.982723299285208129e-02 3.274619213358475056e-01
-3.716372189683782995e-02 3.332240556811585930e-01
-4.030887914880825103e-03 3.357323203911404264e-01
2.924733325544314963e-02 3.349486075317298361e-01
6.234385012559217482e-02 3.308670669470102910e-01
9.493163253907838106e-02 3.235143838916247905e-01
1.266869560809164852e-01 3.129497347909221960e-01
1.572926413970441306e-01 2.992644180506916496e-01
1.864412556572179469e-01 2.825811601215456603e-01
2.138382433416248785e-01 2.630531003590316774e-01
2.392049538222558169e-01 2.408624615743231723e-01
2.622815338485741665e-01 2.162189165057891715e-01
2.828296540329220954e-01 1.893576637221589809e-01
3.006350397602213231e-01 1.605372296565097667e-01
3.155097786106142443e-01 1.300370165303188219e-01
3.272943783705933307e-01 9.815461882236801994e-02
3.358595493395915010e-01 6.520293503989692263e-02
3.411076986400580213e-01 3.150709954878296720e-02
3.429741113242121275e-01 -2.598735850803447246e-03
3.414277985340400390e-01 -3.677473375874239919e-02
3.364720093005431067e-01 -7.067878661879453683e-02
3.281443946733058614e-01 -1.039699802273420515e-01
3.165168193880702474e-01 -1.363120696572674984e-01
3.016948199713623824e-01 -1.673769314352631377e-01
2.838167119308754316e-01 -1.968479556859175916e-01
2.630523524471352070e-01 -2.244233422249424792e-01
2.396015687238891856e-01 -2.498192652494452271e-01
2.136922658292302879e-01 -2.727728723331009908e-01
1.855782314244832920e-01 -2.930450848817703347e-01
1.555366581916657331e-01 -3.104231690293353108e-01
1.238654079924344648e-01 -3.247230481383741596e-01
9.088004478308470135e-02 -3.357913305955283478e-01
5.691066603473147328e-02 -3.435070294325441309e-01
2.229856483130123260e-02 -3.477829534324318739e-01
-1.260724309051163700e-02 -3.485667527637383856e-01
-4.745359136299620584e-02 -3.458416057889330819e-01
-8.188679672522974906e-02 -3.396265374767322709e-01
-1.155563161841221959e-01 -3.299763637716117137e-01
-1.481183887756648554e-01 -3.169812602934705681e-01
-1.792396230001185309e-01 -3.007659578115267074e-01
-2.086004913338058986e-01 -2.814885710130377028e-01
-2.358986922865073665e-01 -2.593390729340875889e-01
-2.608523493754138500e-01 -2.345374248451628785e-01
-2.832030063879384385e-01 -2.073313814546544342e-01
-3.027183836597719946e-01 -1.779939985305037942e-01
-3.191948702853418807e-01 -1.468208631429541999e-01
-3.324597223017331515e-01 -1.141270764388614273e-01
-3.423729420291533598e-01 -8.024402032275977648e-02
-3.488288171233355772e-01 -4.551594193756380163e-02
-3.517571015262943579e-01 -1.029639198962466196e-02
-3.511238243514678281e-01 2.505544527808575492e-02
-3.469317167645207811e-01 6.017849131715798106e-02
-3.392202510765804924e-01 9.471354165104778344e-02
-3.280652905053369484e-01 1.283070228752092590e-01
-3.135783523328984357e-01 1.606146977450058078e-01
-2.959054914484567367e-01 1.913052782600180024e-01
-2.752258154596222139e-01 2.200639075492905605e-01
-2.517496466401311639e-01 2.465954727017394266e-01
-2.257163499060312606e-01 2.706277124555109270e-01
-1.973918497316423937e-01 2.919140858405985806e-01
-1.670658623870750203e-01 3.102363704365864727e-01
-1.350488730601674126e-01 3.254069618334485270e-01
-1.016688902799740002e-01 3.372708491349960536e-01
-6.726801255277536917e-02 3.457072448850326274e-01
-3.219884422555853443e-02 3.506308515852072927e-01
3.179200718858808065e-03 3.519927509676273325e-01
3.850366583102818319e-02 3.497809090589086289e-01
7.341285432789122767e-02 3.440202839185223516e-01
1.075496195358760509e-01 3.347725388777812450e-01
1.405651022180060827e-01 3.221353712784960632e-01
1.721223784565416859e-01 3.062414561915459688e-01
2.018999769925979570e-01 2.872570192752448293e-01
2.295952281265254968e-01 2.653800546164129526e-01
2.549274081862470398e-01 2.408382072923752060e-01
2.776406458771478181e-01 2.138863440597834897e-01
2.975065595093466242e-01 1.848038389742248100e-01
3.143265971246325119e-01 1.538916038342663939e-01
3.279340548803575395e-01 1.214688960899279052e-01
3.381957526519728252e-01 8.786993922770590382e-02
3.450133496474193096e-01 5.344039261581071121e-02
3.483242868403362280e-01 1.853370934267397491e-02
3.481023471781947154e-01 -1.649257830740507441e-02
3.443578287577159780e-01 -5.128060543666670967e-02
3.371373304341109822e-01 -8.547591266431550650e-02
3.265231535934161600e-01 -1.187311355458757628e-01
3.126323280194580057e-01 -1.507096057246022358e-01
2.956152738806849811e-01 -1.810888254012742726e-01
2.756541158007237424e-01 -2.095637782775134073e-01
2.529606687155536160e-01 -2.358500421018416560e-01
2.277741187178395910e-01 -2.596866703020376810e-01
2.003584253064398801e-01 -2.808388128926039840e-01
1.709994756179281372e-01 -2.991000536522575026e-01
1.400020169473510101e-01 -3.142944292307165988e-01
1.076864085639789165e-01 -3.262781160883512777e-01
7.438522863247989947e-02 -3.349407782079795726e-01
4.043976879468316049e-02 -3.402065519836030560e-01
6.196456635694312653e-03 -3.420346634023449517e-01
-2.799675529002561281e-02 -3.404196732924267277e-01
-6.179399511783491283e-02 -3.353913504911121835e-01
-9.485503361557470758e-02 -3.270141768353300171e-01
-1.268487647851626876e-01 -3.153864918482465196e-01
-1.574565686870771086e-01 -3.006392888428107701e-01
-1.863755216338581211e-01 -2.829346778455513189e-01
-2.133214208525534561e-01 -2.624640342204375143e-01
-2.380315930153532600e-01 -2.394458551059873708e-01
-2.602674586525444700e-01 -2.141233487348519204e-01
-2.798168273591357114e-01 -1.867617843533822819e-01
-2.964959018499374044e-01 -1.576456327726435402e-01
-3.101509722689183568e-01 -1.270755295397147655e-01
-3.206597856768062527e-01 -9.536509430109997576e-02
-3.279325792842542331e-01 -6.283764112543817337e-02
-3.319127697236370911e-01 -2.982281535196194822e-02
-3.325772944175384715e-01 3.346807069446728136e-03
-3.299366048632361159e-01 3.633912178029496259e-02
-3.240343153676852883e-01 6.882586418419858743e-02
-3.149465143955152424e-01 1.004859087890525721e-01
-3.027807512000327272e-01 1.310084706303950575e-01
-2.876747035665436214e-01 1.600961637463844678e-01
-2.697945530664788705e-01 1.874678928776005171e-01
-2.493330889496452041e-01 2.128615615153136575e-01
-2.265075562409530618e-01 2.360365569853610790e-01
-2.015572760594674107e-01 2.567759934159729029e-01
-1.747410652727031666e-01 2.748886922811548672e-01
-1.463344843329468514e-01 2.902108832375121517e-01
-1.166269435392367493e-01 3.026076111360077037e-01
-8.591869901912704832e-02 3.119738383536379556e-01
-5.451777042333189049e-02 3.182352349155045390e-01
-2.273681267277728388e-02 3.213486522274542900e-01
9.110025905474994357e-03 3.213022795761125150e-01
4.071022706262404645e-02 3.181154858404403596e-01
7.175597641955146211e-02 3.118383520619180116e-01
1.019471572471111059e-01 3.025509036059551016e-01
1.309942352124114917e-01 2.903620535840410466e-01
1.586210066431161803e-01 2.754082719658076939e-01
1.845671846931450089e-01 2.578519973666447695e-01
2.085907998555280585e-01 2.378798108267330402e-01
2.304703935340794985e-01 2.157003929814684806e-01
2.500069858260337563e-01 1.915422878446560728e-01
2.670258012526580682e-01 1.656514979712993274e-01
2.813777388731023565e-01 1.382889370265084350e-01
2.929405759970142298e-01 1.097277667547061769e-01
3.016199006442841224e-01 8.025064130134068607e-02
3.073497561069134520e-01 5.014689978182015895e-02
3.100930068821484697e-01 1.970972965310018726e-02
3.098414298804890166e-01 -1.076668356585543107e-02
3.066155236609826584e-01 -4.098997903301176970e-02
3.004640456594538933e-01 -7.067239297325371428e-02
2.914632858284721961e-01 -9.953345496874317633e-02
2.797160874850378454e-01 -1.273025836087337825e-01
2.653506283780360242e-01 -1.537215583789903472e-01
2.485189770248040775e-01 -1.785468462828042613e-01
2.293954412095655648e-01 -2.015517634664227009e-01
2.081747271734855076e-01 -2.225284540486612839e-01
1.850699294468368949e-01 -2.412896704040665419e-01
1.603103724709920297e-01 -2.576703412973205265e-01
1.341393261270287796e-01 -2.715289164895692831e-01
1.068116180266013571e-01 -2.827484787111935183e-01
7.859116592971493453e-02 -2.912376161968004973e-01
4.974845393585274750e-02 -2.969310512841398797e-01
2.055797615443454018e-02 -2.997900228674328926e-01
-8.704328595326436477e-03 -2.998024227465063141e-01
-3.776362786768872049e-02 -2.969826881066988666e-01
-6.634870982819754404e-02 -2.913714544827772923e-01
-9.419443876094997503e-02 -2.830349755865703698e-01
-1.210441308751982192e-01 -2.720643182978468300e-01
-1.466518305136601252e-01 -2.585743429180711872e-01
-1.707844721778710995e-01 -2.427024763096478355e-01
-1.932238967405663921e-01 -2.246073019138874471e-01
-2.137687187645572195e-01 -2.044669779484329930e-01
-2.322360365105244628e-01 -1.824774878775316800e-01
-2.484629584952066095e-01 -1.588507518845295730e-01
-2.623079404955261373e-01 -1.338126140637330985e-01
-2.736519237211673672e-01 -1.076007239419220218e-01
-2.823992666523522099e-01 -8.046233151734183409e-02
-2.884784648326072509e-01 -5.265201541941236935e-02
-2.918426547043461161e-01 -2.442936404810264542e-02
-2.924698993649501033e-01 3.943370348587576200e-03
-2.903632558903725402e-01 3.220362475289147847e-02
-2.855506256106167262e-01 6.009086590404340289e-02
-2.780843904160429925e-01 8.734889890596669870e-02
-2.680408398154964789e-01 1.137281250222451218e-01
-2.555193950477258613e-01 1.389877303661377073e-01
-2.406416380582762082e-01 1.628977879150204366e-01
-2.235501545875674678e-01 1.852412561129849478e-01
-2.044072019655626127e-01 2.058158582647403589e-01
-1.833932134682517423e-01 2.244358279606803730e-01
-1.607051522557979006e-01 2.409335068991057538e-01
-1.365547289768501427e-01 2.551607826792969269e-01
-1.111664980839185413e-01 2.669903554205096952e-01
-8.477584875705648781e-02 2.763168234090974118e-01
-5.762690707407543134e-02 2.830575793810106711e-01
-2.997036211455952545e-02 2.871535074494568907e-01
-2.061249022135123836e-03 2.885694824279685933e-01
2.584330531046138968e-02 2.872946668925710489e-01
5.348636319358281155e-02 2.833425938949147294e-01
8.061345050181550898e-02 2.767510428594581184e-01
1.069748109855817031e-01 2.675817074904925930e-01
1.323276220332344766e-01 2.559196580845337632e-01
1.564381536140229678e-01 2.418726022242593254e-01
1.790838524894280415e-01 2.255699493949451517e-01
2.000553342641968324e-01 2.071616866041577909e-01
2.191582664583565931e-01 1.868170735909728819e-01
2.362151265164156300e-01 1.647231676726698402e-01
2.510668195281389736e-01 1.410831896848961931e-01
2.635741414142567796e-01 1.161147438157188044e-01
2.736190744269914044e-01 9.004790540464654991e-02
2.811059030253331703e-01 6.312319196435177415e-02
2.859621395035897296e-01 3.558943377514175999e-02
2.881392501729214684e-01 7.701561390013747857e-03
2.876131744124501011e-01 -2.028167173872435017e-02
2.843846305110334094e-01 -4.810001255164619849e-02
2.784792039038501144e-01 -7.549405801888438294e-02
2.699472151593599323e-01 -1.022076110751826417e-01
2.588633668806432087e-01 -1.279900224866943048e-01
2.453261705381633573e-01 -1.525984981211166158e-01
2.294571561352712896e-01 -1.758003510963432880e-01
2.113998651782201810e-01 -1.973751766142004260e-01
1.913186476245403722e-01 -2.171169331370708111e-01
1.693972607303975975e-01 -2.348359117226903603e-01
1.458372722878564509e-01 -2.503605678241777599e-01
1.208562941257525919e-01 -2.635392023428549946e-01
9.468605523130672885e-02 -2.742414742606901767e-01
6.757033014893860934e-02 -2.823597292738391218e-01
3.976273986693913687e-02 -2.878101302553686680e-01
1.152444383658698425e-02 -2.905335769425304582e-01
-1.687825693538936786e-02 -2.904964039624421956e-01
-4.517638463808829052e-02 -2.876908481682419194e-01
-7.310079519661094594e-02 -2.821352782423356964e-01
-1.003847117592110288e-01 -2.738741816190167211e-01
-1.267662577006099245e-01 -2.629779059684472786e-01
-1.519909653317927656e-01 -2.495421547490645764e-01
-1.758142363477986359e-01 -2.336872386556382297e-01
-1.980037301143593720e-01 -2.155570871438630132e-01
-2.183416561976049552e-01 -1.953180265767501533e-01
-2.366269480820641924e-01 -1.731573338894923098e-01
-2.526772958019504189e-01 -1.492815769834608952e-01
-2.663310162277586768e-01 -1.239147553117516676e-01
-2.774487410004498056e-01 -9.729625628321822428e-02
-2.859149035820741092e-01 -6.967864516432574484e-02
-2.916390085849908664e-01 -4.132530807407343992e-02
-2.945566684396485058e-01 -1.250796942300813445e-02
-2.946303911098795969e-01 1.649589231413571208e-02
-2.918501191537847261e-01 4.540570761178189252e-02
-2.862335039673881143e-01 7.394053421775619028e-02
-2.778259029789942325e-01 1.018218000317365340e-01
-2.667001074869887467e-01 1.287760457325812791e-01
-2.529557972913240582e-01 1.545376395867666952e-01
-2.367187246283780078e-01 1.788514369643491309e-01
-2.181396327182231198e-01 2.014753572749225230e-01
-1.973929170248149290e-01 2.221828515122975523e-01
-1.746750400824571281e-01 2.407652343638387871e-01
-1.502027134251232021e-01 2.570338558959661124e-01
-1.242108627379187591e-01 2.708220891652701190e-01
-9.695039480167461088e-02 2.819871117156591001e-01
-6.868578709280466488e-02 2.904114607932099523e-01
-3.969252300278841572e-02 2.960043442259162605e-01
-1.025439752818449804e-02 2.987026912561059344e-01
1.933928007181562325e-02 2.984719301567319016e-01
4.879655877004921566e-02 2.953064821840269416e-01
7.782576443747073192e-02 2.892299642906242529e-01
1.061384348988999166e-01 2.802950960153225424e-01
1.334522411088612526e-01 2.685833090464839756e-01
1.594938640136051577e-01 2.542040610922591259e-01
1.840017968310932173e-01 2.372938588478203104e-01
2.067290429792365269e-01 2.180149979922181291e-01
2.274456807130215974e-01 1.965540312396034106e-01
2.459412644558410244e-01 1.731199791933717702e-01
2.620270436679000836e-01 1.479422997147823993e-01
2.755379693282595244e-01 1.212686343690777824e-01
2.863344614545377254e-01 9.336235720177937791e-02
2.943039244832121315e-01 6.449994864536215400e-02
2.993619906211432702e-01 3.496822135102244794e-02
3.014534764325231264e-01 5.061426322259587017e-03
3.005530409142636583e-01 -2.492173077458757768e-02
2.966655364576661902e-01 -5.468113206802535653e-02
2.898260473605230869e-01 -8.391831680818634398e-02
2.800996139052835399e-01 -1.123395451674726875e-01
2.675806434178640281e-01 -1.396588239807181608e-01
2.523920131294591362e-01 -1.656008621131080105e-01
2.346838730412126872e-01 -1.899039237287951654e-01
2.146321602997428579e-01 -2.123225486760782210e-01
1.924368397916414453e-01 -2.326301104979786316e-01
1.683198887195567206e-01 -2.506211842076699337e-01
1.425230457951238427e-01 -2.661136979199033026e-01
1.153053483405297452e-01 -2.789508446819299881e-01
8.694048299888590403e-02 -2.890027333761734929e-01
5.771397788466088585e-02 -2.961677603444175522e-01
2.792026583307228443e-02 -3.003736863787795919e-01
-2.140350091074343011e-03 -3.015784069046163474e-01
-3.216479650788495875e-02 -2.997704065088024894e-01
-6.185036194599986825e-02 -2.949688924056751982e-01
-9.089782668953114153e-02 -2.872236060726994222e-01
-1.190145607155680962e-01 -2.766143117689694453e-01
-1.459175526785949917e-01 -2.632499680386949370e-01
-1.713363359181225842e-01 -2.472675940964537133e-01
-1.950157837144717021e-01 -2.288308399169924068e-01
-2.167187423529549906e-01 -2.081282761796864611e-01
-2.362284737084603958e-01 -1.853714224513416664e-01
-2.533508811519629700e-01 -1.607925348727735071e-01
-2.679164949665215345e-01 -1.346421772574885045e-01
-2.797821961153153514e-01 -1.071866018839621459e-01
-2.888326600974728264e-01 -7.870496833884715882e-02
-2.949815057251857220e-01 -4.948643052290148392e-02
-2.981721369218259809e-01 -1.982712334424188705e-02
-2.983782690374057189e-01 9.972918321421987004e-03
-2.956041346651333002e-01 3.961287513847500802e-02
-2.898843674803218140e-01 6.879425971347170876e-02
-2.812835661693206535e-01 9.722400038951047041e-02
-2.698955440302359121e-01 1.246174593804336567e-01
-2.558422732682384404e-01 1.507013530140010882e-01
-2.392725363364223701e-01 1.752165430361425080e-01
-2.203602998502091903e-01 1.979206694577204662e-01
-1.993028295928231663e-01 2.185905972819305598e-01
-1.763185678973971104e-01 2.370246516116143176e-01
-1.516447972066635730e-01 2.530446180748894824e-01
-1.255351158459125094e-01 2.664974881950040730e-01
-9.825675449236867531e-02 2.772569342013287974e-01
-7.008776036617542227e-02 2.852244931631989222e-01
-4.131408349685775083e-02 2.903304525223524557e-01
-1.222659633660251252e-02 2.925344338620631257e-01
1.688192299036913799e-02 2.918256645643759195e-01
4.571981039641842548e-02 2.882229381655319611e-01
7.399950623620454859e-02 2.817742658260484201e-01
1.014404847006470933e-01 2.725562246920666953e-01
1.277720913942867464e-01 2.606730121932720468e-01
1.527362595337062035e-01 2.462552184628112595e-01
1.760900767682799517e-01 2.294583320409803173e-01
1.976081764881369163e-01 2.104609968041088186e-01
2.170849296233900161e-01 1.894630406127628952e-01
2.343364153259335780e-01 1.666832984718899513e-01
2.492021515302222656e-01 1.423572550159312444e-01
2.615465691799660486e-01 1.167345328539062949e-01
2.712602168492980748e-01 9.007625471650522464e-02
2.782606855439951898e-01 6.265230842678622125e-02
2.824932466041299994e-01 3.473854445963859422e-02
2.839311988069541104e-01 6.613936258373500493e-03
2.825759239507489307e-01 -2.144226646056278385e-02
2.784566533501640073e-01 -4.915336145790439454e-02
2.716299507554147397e-01 -7.624796542318469650e-02
2.621789201871902453e-01 -1.024627046943993175e-01
2.502121500235581220e-01 -1.275447980350705723e-01
2.358624078196203677e-01 -1.512545086192417232e-01
2.192850995786728152e-01 -1.733674328622065441e-01
2.006565166600148276e-01 -1.936766091499370068e-01
1.801718899489276882e-01 -2.119944333258275138e-01
1.580432718064944675e-01 -2.281543549653662906e-01
1.344972709363980445e-01 -2.420123423534909779e-01
1.097726654088514303e-01 -2.534481040644757655e-01
8.411791998569666251e-02 -2.623660577991718812e-01
5.778863449360460702e-02 -2.686960399433495628e-01
3.104495029320230096e-02 -2.723937521408376639e-01
4.148941893471944607e-03 -2.734409439936192898e-01
-2.263797953097641119e-02 -2.718453337763941935e-01
-4.905762453771626841e-02 -2.676402717548768129e-01
-7.485752039416675163e-02 -2.608841532964054077e-01
-9.979331840238811480e-02 -2.516595914312683702e-01
-1.236310906783407992e-01 -2.400723608386680363e-01
-1.461494950499807877e-01 -2.262501273700621707e-01
-1.671417884900028850e-01 -2.103409791649951954e-01
-1.864176714205993957e-01 -1.925117771435579106e-01
-2.038049472935985484e-01 -1.729463441613016128e-01
-2.191509840330903569e-01 -1.518435133759494515e-01
-2.323239662018647678e-01 -1.294150573927836667e-01
-2.432139290900691975e-01 -1.058835205224836762e-01
-2.517335682969117361e-01 -8.147997699988028530e-02
-2.578188207569199752e-01 -5.644173827602555482e-02
-2.614292163724832863e-01 -3.101002906290126898e-02
-2.625479966913061847e-01 -5.427665085142820665e-03
-2.611820093232662399e-01 2.006325069086699331e-02
-2.573613824297337205e-01 4.522359969907133181e-02
-2.511389830359782027e-01 6.981945598679246967e-02
-2.425896697849271588e-01 9.362421432455669823e-02
-2.318093509285172882e-01 1.164206195884838202e-01
-2.189138599715058364e-01 1.380026801719130558e-01
-2.040376628304045870e-01 1.581774496949467645e-01
-1.873324116379073978e-01 1.767666629030521241e-01
-1.689653614040350360e-01 1.936082133576915165e-01
-1.491176666349048330e-01 2.085574623019097462e-01
-1.279825757065830849e-01 2.214883699107875747e-01
-1.057635412952189907e-01 2.322944419899894974e-01
-8.267226547815410831e-02 2.408894870452279457e-01
-5.892669824852836413e-02 2.472081804921316961e-01
-3.474900813453936366e-02 2.512064345916523722e-01
-1.036354339215225795e-02 2.528615744639285956e-01
1.400519814362600514e-02 2.521723222380097273e-01
3.813457299781711218e-02 2.491585930221088541e-01
6.180575290604822108e-02 2.438611079168416795e-01
8.480562649538830877e-02 2.363408307316552937e-01
1.069286266235737193e-01 2.266782363934770061e-01
1.279784692119295408e-01 2.149724202494374126e-01
1.477697904981205290e-01 2.013400585569599943e-01
1.661296721550172828e-01 1.859142278271218029e-01
1.828990377829693981e-01 1.688431053670622628e-01
1.979339182661150331e-01 1.502885584509058015e-01
2.111065781716521261e-01 1.304246267245116331e-01
2.223064913873786796e-01 1.094359224001812125e-01
2.314411625835731123e-01 8.751595922537079575e-02
2.384367902576030596e-01 6.486542463708215578e-02
2.432387684073063494e-01 4.169040962176448484e-02
2.458120251429479763e-01 1.820061080192104247e-02
2.461411977797546280e-01 -5.392480828599581152e-03
2.442306451470494244e-01 -2.887739029189948653e-02
2.401042990002957289e-01 -5.204445418766878023e-02
2.338053575242861892e-01 -7.468758784180788701e-02
2.253958249655960699e-01 -9.660601088921454138e-02
2.149559024274536601e-01 -1.176059186394990963e-01
2.025832357982860210e-01 -1.375020871366934849e-01
1.883920276650070946e-01 -1.561194004410854375e-01
1.725120208828058999e-01 -1.732942893276332441e-01
1.550873622343907354e-01 -1.888760713059234320e-01
1.362753553133100037e-01 -2.027281826167798562e-01
1.162451124083457715e-01 -2.147292936463582047e-01
9.517611574936379881e-02 -2.247743000163293647e-01
7.325669899971654075e-02 -2.327751824554701587e-01
5.068246034661325061e-02 -2.386617294309656967e-01
2.765461894889417391e-02 -2.423821174147120228e-01
4.378325160815642672e-03 -2.439033412255641187e-01
-1.893905639403809654e-02 -2.432115005575800071e-01
-4.208968553328171214e-02 -2.403119358276769035e-01
-6.486699545055006622e-02 -2.352292035388552083e-01
-8.706743304768059522e-02 -2.280069006964491052e-01
-1.084921801083868625e-01 -2.187073360338247230e-01
-1.289488423796273930e-01 -2.074110497171141321e-01
-1.482530937178717367e-01 -1.942161842201730604e-01
-1.662302626198082223e-01 -1.792377100875381934e-01
-1.827168486934349634e-01 -1.626065113310917465e-01
-1.975619569386901642e-01 -1.444683362311379449e-01
-2.106286380994940866e-01 -1.249826203297865340e-01
-2.217951238237582945e-01 -1.043211894083382607e-01
-2.309559459267264414e-01 -8.266685122450150025e-02
-2.380229296976813791e-01 -6.021188574279780215e-02
-2.429260519216965286e-01 -3.715644451485651534e-02
-2.456141551071775175e-01 -1.370687074726892676e-02
-2.460555103160793067e-01 9.926047575461088845e-03
-2.442382219855469827e-01 3.352887837571734420e-02
-2.401704692049755063e-01 5.688738613831393481e-02
-2.338805790676681817e-01 7.978839807934773320e-02
-2.254169289467111426e-01 1.020216808397174657e-01
-2.148476758444296530e-01 1.233818122823468200e-01
-2.022603123266432101e-01 1.436700326481231693e-01
-1.877610499684120582e-01 1.626960591188390259e-01
-1.714740310366275888e-01 1.802798447881860111e-01
-1.535403786899907086e-01 1.962532742914157857e-01
-1.341170843395746715e-01 2.104617764285356685e-01
-1.133757376259666438e-01 2.227658307591266207e-01
-9.150111317719430981e-02 2.330423618983995804e-01
-6.868962177700078942e-02 2.411860046611237485e-01
-4.514763731113571876e-02 2.471102265212360427e-01
-2.108971225651211714e-02 2.507482948005892442e-01
3.263304196224477930e-03 2.520540770961149923e-01
2.768623005878456667e-02 2.510026646962537633e-01
5.195158003972020350e-02 2.475908101184448873e-01
7.583164314611880175e-02 2.418371714114130600e-01
9.910059004753730971e-02 2.337823574985974651e-01
1.215365911354846784e-01 2.234887705800198132e-01
1.429239256559348137e-01 2.110402434449925591e-01
1.630550619148459779e-01 1.965414714613545333e-01
1.817326883683964001e-01 1.801172409807668684e-01
1.987716754197480507e-01 1.619114579148681621e-01
2.140009479597042574e-01 1.420859822733532007e-01
2.272652491145969733e-01 1.208192764907448091e-01
2.384267763037450638e-01 9.830487738143223186e-02
2.473666715610267630e-01 7.474970352946706809e-02
2.539863491380794924e-01 5.037221181732440267e-02
2.582086446753568132e-01 2.540041860308346611e-02
2.599787716940766824e-01 6.980274522566452366e-05
2.592650715294695929e-01 -2.537888806496126082e-02
2.560595510994644886e-01 -5.070191515586919273e-02
2.503781940019901286e-01 -7.565488570975537064e-02
2.422610374842358860e-01 -9.999511949344638828e-02
2.317720154280324962e-01 -1.234840302943897711e-01
2.189985634459262198e-01 -1.458894959655995527e-01
2.040509864731183398e-01 -1.669881930162445127e-01
1.870615917150893204e-01 -1.865678716118677194e-01
1.681835923077235895e-01 -2.044295470352427424e-01
1.475897895381829972e-01 -2.203895841098438835e-01
1.254710439320221027e-01 -2.342816518038963736e-01
1.020345479062173405e-01 -2.459585262119031168e-01
