5.000000000000000000e-01 0.000000000000000000e+00
4.976304350770220930e-01 -4.840275576580498063e-02
4.905451779352010822e-01 -9.633770288895023015e-02
4.788142827781098898e-01 -1.433418231104867102e-01
4.625536841629984686e-01 -1.889615436959917183e-01
4.419239859585178953e-01 -2.327573313227050966e-01
4.171287850344830295e-01 -2.743081346165403001e-01
3.884125483665569756e-01 -3.132156276432837005e-01
3.560580671885066328e-01 -3.491082089536310940e-01
3.203835164925451506e-01 -3.816447135968712434e-01
2.817391525090536253e-01 -4.105177988183293381e-01
2.405036847397370448e-01 -4.354569679005194649e-01
1.970803626270322406e-01 -4.562312007513236733e-01
1.518928199768496135e-01 -4.726511643336469559e-01
1.053807227769842370e-01 -4.845709808149761821e-01
5.799526804169608668e-02 -4.918895363337716931e-01
1.019458274268338766e-02 -4.945513184716794353e-01
-3.756092725638164598e-02 -4.925467758233034732e-01
-8.481322806762511823e-02 -4.859121984048231369e-01
-1.311112585579368717e-01 -4.747291229749308616e-01
-1.760154320238350167e-01 -4.591232725928208191e-01
-2.191019911813518461e-01 -4.392630448461107839e-01
-2.599671708620497346e-01 -4.153575680866039566e-01
-2.982311252883059760e-01 -3.876543496566173808e-01
-3.335415797594404874e-01 -3.564365444197696853e-01
-3.655771699758285642e-01 -3.220198758784736937e-01
-3.940504360164677755e-01 -2.847492457216611594e-01
-4.187104421177119673e-01 -2.449950707616268819e-01
-4.393449978243550991e-01 -2.031493888553493610e-01
-4.557824607431549269e-01 -1.596217775364980884e-01
-4.678931059650642821e-01 -1.148351306893845014e-01
-4.755900521761053934e-01 -6.922133966188592780e-02
-4.788297394873872737e-01 -2.321692573426065165e-02
-4.776119590215932020e-01 2.274132916499827309e-02
-4.719794392364737856e-01 6.822070716952349789e-02
-4.620169987870794137e-01 1.127967893743050953e-01
-4.478502803715359581e-01 1.560575572808459988e-01
-4.296440844169021611e-01 1.976073192186426353e-01
-4.076003255924566249e-01 2.370704226940273385e-01
-3.819556389422388842e-01 2.740947165485119186e-01
-3.529786658661231424e-01 3.083547301089243908e-01
-3.209670532136549848e-01 3.395545401354042592e-01
-2.862442013574073019e-01 3.674303002719294109e-01
-2.491557992586970471e-01 3.917524118260182764e-01
-2.100661862102438104e-01 4.123273189961463858e-01
-1.693545811260978862e-01 4.289989160725529160e-01
-1.274112209435948329e-01 4.416495586042998855e-01
-8.463344990615723207e-02 4.502006749976977251e-01
-4.142180121659305714e-02 4.546129794345115105e-01
1.823888198766825119e-03 4.548862913202843528e-01
4.470829027539453826e-02 4.510589706435598756e-01
8.684428783348732694e-02 4.432069825985562317e-01
1.278565301525541043e-01 4.314426085532245825e-01
1.673848086022313164e-01 4.159128238919038156e-01
2.050872215514855657e-01 3.967973663917000460e-01
2.406431007822258938e-01 3.743065215738557439e-01
2.737556748799315209e-01 3.486786538804265145e-01
3.041544485175380896e-01 3.201775145426744573e-01
3.315972801424165728e-01 2.890893586163199025e-01
3.558721442719368078e-01 2.557199048514083306e-01
3.767985683528426444e-01 2.203911728378888379e-01
3.942287378960158684e-01 1.834382322244013930e-01
4.080482673148801420e-01 1.452058987549618430e-01
4.181766375281930070e-01 1.060454114190517438e-01
4.245673048941121519e-01 6.631112418273939213e-02
4.272074893829047593e-01 2.635724458402378956e-02
4.261176530345240354e-01 -1.346535003920300635e-02
4.213506826522818716e-01 -5.281218973555573681e-02
4.129907933268823217e-01 -9.134815567100200429e-02
4.011521717424091360e-01 -1.287502658496749719e-01
3.859773802683402200e-01 -1.647102807805864155e-01
3.676355445748953898e-01 -1.989371097128153354e-01
3.463203489134208390e-01 -2.311590008450781220e-01
3.222478642743001886e-01 -2.611255017758527530e-01
2.956542353720046368e-01 -2.886091793580473630e-01
2.667932528149190574e-01 -3.134070910191205095e-01
2.359338369054377327e-01 -3.353420024665683674e-01
2.033574592965747829e-01 -3.542633494847533537e-01
1.693555282218476288e-01 -3.700479442095135352e-01
1.342267622357418422e-01 -3.826004288120405383e-01
9.827457637595886364e-02 -3.918534819064916075e-01
6.180450341172877282e-02 -3.977677851935096376e-01
2.512167140268121643e-02 -4.003317598447833636e-01
-1.147164281038355257e-02 -3.995610839063581943e-01
-4.767836629740832000e-02 -3.954980035389734638e-01
-8.320887286583195097e-02 -3.882104522146259118e-01
-1.177831018823679854e-01 -3.777909930462259869e-01
-1.511325408977664542e-01 -3.643556002418939510e-01
-1.830020618402362631e-01 -3.480422962511889318e-01
-2.131516024824643418e-01 -3.290096615149775139e-01
-2.413576867813587157e-01 -3.074352338546155194e-01
-2.674147795143227979e-01 -2.835138144535379601e-01
-2.911364723691112766e-01 -2.574556971117557547e-01
-3.123565002669653756e-01 -2.294848370099364376e-01
-3.309295881946300311e-01 -1.998369746253500501e-01
-3.467321301770500130e-01 -1.687577297190451797e-01
-3.596627032293288062e-01 -1.365006794852226812e-01
-3.696424201775567742e-01 -1.033254340434391627e-01
-3.766151261303366526e-01 -6.949572148562803420e-02
-3.805474441164668487e-01 -3.527749368620766712e-02
-3.814286759826297502e-01 -9.370630672148119733e-04
-3.792705650743621870e-01 3.326072049729557334e-02
-3.741069275130745053e-01 6.705424443271862378e-02
-3.659931590428849857e-01 1.001868525996337939e-01
-3.550056244671547789e-01 1.324085024137643951e-01
-3.412409366412197942e-01 1.634773543468191759e-01
-3.248151318517268349e-01 1.931612889161863911e-01
-3.058627482120185315e-01 2.212393468896252380e-01
-2.845358134556107976e-01 2.475030889512599974e-01
-2.610027482346141681e-01 2.717578714953267083e-01
-2.354471907454076529e-01 2.938240355351439681e-01
-2.080667482278006353e-01 3.135380059403446440e-01
-1.790716806331531241e-01 3.307532983518519654e-01
-1.486835215469407556e-01 3.453414311802193715e-01
-1.171336412958246531e-01 3.571927400798374230e-01
-8.466175708021639323e-02 3.662170922221695823e-01
-5.151439496014612041e-02 3.723444975803110735e-01
-1.794330859203301445e-02 3.755256143007728031e-01
1.579614022883100988e-02 3.757321450934555385e-01
4.944663391892911014e-02 3.729571214348084141e-01
8.275057871475482996e-02 3.672150722698793723e-01
1.154518054845472819e-01 3.585420738337909974e-01
1.472972851933811167e-01 3.469956772089523578e-01
1.780388519071850750e-01 3.326547103068132616e-01
2.074349256005277309e-01 3.156189511265616310e-01
2.352522263698759442e-01 2.960086694104711591e-01
2.612674709645751436e-01 2.739640341971564252e-01
2.852690418498215474e-01 2.496443852779606787e-01
3.070586183285810011e-01 2.232273671936356174e-01
3.264527585929776765e-01 1.949079251711333394e-01
3.432844209709625116e-01 1.648971632935107012e-01
3.574044121021359710e-01 1.334210662163943795e-01
3.686827493383046384e-01 1.007190868858339611e-01
3.770099243399013811e-01 6.704260396527510213e-02
3.822980546479738950e-01 3.265325403141747240e-02
3.844819099707142973e-01 -2.178854965376997993e-03
3.835198000493000858e-01 -3.717704097861841001e-02
3.793943112737047096e-01 -7.206004633623953881e-02
3.721128797161191715e-01 -1.065441262887457108e-01
3.617081889458071409e-01 -1.403452149502959212e-01
3.482383818895665728e-01 -1.731811544057841878e-01
3.317870771081047887e-01 -2.047739712684883140e-01
3.124631811686541250e-01 -2.348521835654722723e-01
2.904004903025689810e-01 -2.631531195291613723e-01
2.657570762342871817e-01 -2.894252287105105181e-01
2.387144529421473260e-01 -3.134303648282877885e-01
2.094765231457818566e-01 -3.349460189552397327e-01
1.782683054894462216e-01 -3.537674810385816881e-01
1.453344456827480591e-01 -3.697099073804282487e-01
1.109375172439525659e-01 -3.826102715819073019e-01
7.535611993786432705e-02 -3.923291765981916090e-01
3.888278647947529532e-02 -3.987525059725945953e-01
1.821710553532002175e-03 -4.017928930245714958e-01
-3.551368835507255628e-02 -4.013909877633819456e-01
-7.280334544953344367e-02 -3.975165025865898261e-01
-1.097232562861987643e-01 -3.901690193965361986e-01
-1.459482853429838189e-01 -3.793785426200883548e-01
-1.811550532600183783e-01 -3.652057847346646402e-01
-2.150248767711033238e-01 -3.477421732697736911e-01
-2.472467338330995301e-01 -3.271095708469443641e-01
-2.775202252170304584e-01 -3.034597026168143197e-01
-3.055585028759335020e-01 -2.769732884214472501e-01
-3.310911347735935872e-01 -2.478588801203894798e-01
-3.538668755648119446e-01 -2.163514077352888254e-01
-3.736563125773302851e-01 -1.827104413521886128e-01
-3.902543569690876124e-01 -1.472181790329067375e-01
-4.034825507286140533e-01 -1.101771742856142433e-01
-4.131911613526742522e-01 -7.190781988723374263e-02
-4.192610375703644809e-01 -3.274560799349976459e-02
-4.216052013782539132e-01 6.961810526466504639e-03
-4.201701538932543500e-01 4.685774177759528814e-02
-4.149368751001403788e-01 8.657971120343323224e-02
-4.059215004455327125e-01 1.257628419555885946e-01
-3.931756603816279338e-01 1.640433165688011674e-01
-3.767864723585290787e-01 2.010618875489087187e-01
-3.568761783672492749e-01 2.364674011506001094e-01
-3.336014249062898562e-01 2.699202976799869869e-01
-3.071521861399980069e-01 3.010960511245780458e-01
-2.777503349909808406e-01 3.296885108061700098e-01
-2.456478709139992556e-01 3.554131080811978038e-01
-2.111248170859103823e-01 3.780098918834808863e-01
-1.744868036655540522e-01 3.972463581156502332e-01
-1.360623575791022888e-01 4.129200395417297331e-01
-9.619992292100885967e-02 4.248608249024724559e-01
-5.526463948028922935e-02 4.329329784495530853e-01
-1.363491006033690917e-02 4.370368339514664191e-01
2.830120988566637089e-02 4.371101404345455466e-01
7.014976427276542470e-02 4.331290404534293148e-01
1.115147518972083307e-01 4.251086654984727042e-01
1.520020455720683117e-01 4.131033372006963633e-01
1.912233337403401179e-01 3.972063672419010594e-01
2.288000426106104879e-01 3.775494532693741134e-01
2.643671965303268090e-01 3.543016725995174476e-01
2.975771744718928580e-01 3.276680800191585363e-01
3.281033211618434309e-01 2.978879205025323218e-01
3.556433725314861460e-01 2.652324721006881769e-01
3.799226568006664473e-01 2.300025385733969197e-01
4.006970346104942182e-01 1.925256154674518660e-01
4.177555441756169441e-01 1.531527572472213827e-01
4.309227204056838012e-01 1.122551767034277448e-01
4.400605603171343083e-01 7.022061115748061411e-02
4.450701107832132908e-01 2.744949289804776704e-02
4.458926587101989525e-01 -1.564903620502709758e-02
4.425105080349490128e-01 -5.866122390094854339e-02
4.349473324629855586e-01 -1.011728769742248624e-01
4.232680975543018920e-01 -1.427735561860909996e-01
4.075785505602722569e-01 -1.830607514712973838e-01
3.880242812621078619e-01 -2.216439920659750706e-01
3.647893619008629185e-01 -2.581488467163732814e-01
3.380945790623833269e-01 -2.922207701184402207e-01
3.081952750296703125e-01 -3.235287532553877132e-01
2.753788205829672542e-01 -3.517687373189278266e-01
2.399617454595614208e-01 -3.766667533978143578e-01
2.022865566285831085e-01 -3.979817530665893388e-01
1.627182781421659674e-01 -4.155080983741847311e-01
1.216407495483976531e-01 -4.290776834770672621e-01
7.945272265336952855e-02 -4.385616642408977084e-01
3.656379876431150450e-02 -4.438717764998453275e-01
-6.609749596121674425e-03 -4.449612282616969838e-01
-4.964922716624625698e-02 -4.418251559246532123e-01
-9.213778845319570143e-02 -4.345006394707841557e-01
-1.336646878294588947e-01 -4.230662765625245458e-01
-1.738294610331682088e-01 -4.076413204324741968e-01
-2.122459926834058264e-01 -3.883843913632111233e-01
-2.485464257467403515e-01 -3.654917763436323908e-01
-2.823848707286191195e-01 -3.391953361037381987e-01
-3.134408746904905341e-01 -3.097600431152524592e-01
-3.414226129818807576e-01 -2.774811782483900258e-01
-3.660697697916617255e-01 -2.426812175464231613e-01
-3.871560772247165660e-01 -2.057064439746480733e-01
-4.044914865546906935e-01 -1.669233219788921752e-01
-4.179239495418967110e-01 -1.267146752161049106e-01
-4.273407921855867930e-01 -8.547570986683220018e-02
-4.326696679467311180e-01 -4.360992748357474247e-02
-4.338790822740281605e-01 -1.524972353609467535e-03
-4.309784851336201372e-01 4.037154115019451345e-02
-4.240179331227540427e-01 8.167617579506411540e-02
-4.130873275804145539e-01 1.219937484227072710e-01
-3.983152398356417101e-01 1.609412928120332320e-01
-3.798673393003640375e-01 1.981518662806894815e-01
-3.579444444639913736e-01 2.332781599075945400e-01
-3.327802209306441883e-01 2.659958747827800285e-01
-3.046385544093437869e-01 2.960068296335478522e-01
-2.738106299796023713e-01 3.230417684983172277e-01
-2.406117519713072972e-01 3.468628407782469170e-01
-2.053779413854919245e-01 3.672657299445536427e-01
-1.684623499141040259e-01 3.840814113659781759e-01
-1.302315312707346684e-01 3.971775240930631723e-01
-9.106161170517218517e-02 4.064593459389810315e-01
-5.133440223363787414e-02 4.118703657745927948e-01
-1.143349527108629415e-02 4.133924515519039056e-01
2.825961199418202535e-02 4.110456171290833294e-01
6.736932598007509820e-02 4.048873954368095718e-01
1.055296566520978335e-01 3.950118298467369393e-01
1.423877705979585684e-01 3.815480997276253228e-01
1.776073609956549670e-01 3.646588000555283093e-01
2.108718008169279401e-01 3.445378985374215053e-01
2.418870485454014119e-01 3.214083969730277546e-01
2.703842789409832692e-01 2.955197264822678749e-01
2.961222149047972874e-01 2.671449087357386509e-01
3.188891402448457701e-01 2.365775174182752627e-01
3.385045770624164896e-01 2.041284758120584242e-01
3.548206155221331204e-01 1.701227275927615912e-01
3.677228878828917025e-01 1.348958186827000083e-01
3.771311828010472933e-01 9.879042829760403821e-02
3.829997000200019430e-01 6.215288716309175926e-02
3.853169495819621093e-01 2.532972027350188782e-02
3.841053035901432211e-01 -1.133574946470951306e-02
3.794202122676625932e-01 -4.750670179927810044e-02
3.713490995604250555e-01 -8.285599081904236607e-02
3.600099567766952835e-01 -1.170691568388581849e-01
3.455496557110317446e-01 -1.498472500420925668e-01
3.281420053345480703e-01 -1.809094402005009539e-01
3.079855784215387859e-01 -2.099953897891134180e-01
2.853013364038637367e-01 -2.368673710064633231e-01
2.603300822838415796e-01 -2.613121105537471456e-01
2.333297725837812919e-01 -2.831423494749701342e-01
2.045727200610685248e-01 -3.021981088681044425e-01
1.743427192725939545e-01 -3.183476557993198952e-01
1.429321270371561869e-01 -3.314881672438782512e-01
1.106389294301609177e-01 -3.415460932952137929e-01
7.776382616711216555e-02 -3.484772241869796283e-01
4.460736211110972321e-02 -3.522664688229066310e-01
1.146713419896385963e-02 -3.529273554707059724e-01
-2.136489965163324706e-02 -3.505012680169016237e-01
-5.360498508424461211e-02 -3.450564336711850477e-01
-8.497998694534818209e-02 -3.366866802275446657e-01
-1.152296360869085601e-01 -3.255099829152972024e-01
-1.441085899564530926e-01 -3.116668224910503771e-01
-1.713882922821753918e-01 -2.953183775220039609e-01
-1.968586199184995666e-01 -2.766445747859693771e-01
-2.203293077138097356e-01 -2.558420223628412593e-01
-2.416311450587316501e-01 -2.331218503192878377e-01
-2.606169405337036005e-01 -2.087074839008394023e-01
-2.771622537635485828e-01 -1.828323738551828059e-01
-2.911658961714865823e-01 -1.557377079330186653e-01
-3.025502047752156587e-01 -1.276701267675442175e-01
-3.112610954560308119e-01 -9.887946624287272113e-02
-3.172679042343925504e-01 -6.961654715060351661e-02
-3.205630269814266353e-01 -4.013103142970940451e-02
-3.211613696687991570e-01 -1.066936261709966818e-02
-3.190996226964326610e-01 1.852719366484741753e-02
-3.144353740297568534e-01 4.722439526050720149e-02
-3.072460768207627702e-01 7.519674312307167430e-02
-2.976278878791429050e-01 1.022290651088304941e-01
-2.856943938041839881e-01 1.281179560065329459e-01
-2.715752417914513717e-01 1.526730678837756039e-01
-2.554146921007319770e-01 1.757182467820085914e-01
-2.373701089264647623e-01 1.970925136659078536e-01
-2.176104059651173817e-01 2.166508893077858655e-01
-1.963144623443518755e-01 2.342650644423074358e-01
-1.736695237871652697e-01 2.498239180428382944e-01
-1.498696029530459939e-01 2.632338879331877490e-01
-1.251138918513953480e-01 2.744191991454735247e-01
-9.960519808472693970e-02 2.833219564578572935e-01
-7.354841547558699233e-02 2.899021083898883355e-01
-4.714903838681341885e-02 2.941372905964301787e-01
-2.061172778427737204e-02 2.960225570852248467e-01
5.861064161648880944e-03 2.955700079928185731e-01
3.207040536253517871e-02 2.928083227965726509e-01
5.782212658494802204e-02 2.877822078273177264e-01
8.292799241122930654e-02 2.805517667908556390e-01
1.072067981053020091e-01 2.711918027221402183e-01
1.304853910166994257e-01 2.597910594005667928e-01
1.525996159602352187e-01 2.464514097668331905e-01
1.733951846927369589e-01 2.312869983208440949e-01
1.927284701664454536e-01 2.144233438663294133e-01
2.104672266683873805e-01 1.959964083217299036e-01
2.264912372565587029e-01 1.761516366588183058e-01
2.406928900802903781e-01 1.550429723803012361e-01
2.529776852296361511e-01 1.328318523241945603e-01
2.632646737055411301e-01 1.096861840037215291e-01
2.714868299498112147e-01 8.577930817288001442e-02
2.775913591344976727e-01 6.128894886378585122e-02
2.815399400990653556e-01 3.639615278437728640e-02
2.833089044569250259e-01 1.128421970362772711e-02
2.828893519880468221e-01 -1.386237470694383182e-02
2.802872020096455752e-01 -3.885906215763876292e-02
2.755231799909667600e-01 -6.352226967502103139e-02
2.686327382696137023e-01 -8.767051054496524665e-02
2.596659093538871144e-01 -1.111254763534752221e-01
2.486870899757114839e-01 -1.337131278480562790e-01
2.357747538082499705e-01 -1.552647818882576247e-01
2.210210905961153272e-01 -1.756181912236405296e-01
2.045315693772364884e-01 -1.946186132446251493e-01
1.864244235149312978e-01 -2.121198632120426530e-01
1.668300554152193915e-01 -2.279853468019914786e-01
1.458903590840125442e-01 -2.420890661222203644e-01
1.237579590849659933e-01 -2.543165926841052249e-01
1.005953649920820064e-01 -2.645660001702293540e-01
7.657404108936599618e-02 -2.727487492416287851e-01
5.187339184781017409e-02 -2.787905161006835053e-01
2.667966459973440674e-02 -2.826319560845059198e-01
1.184771821325408120e-03 -2.842293932275630763e-01
-2.441496348724879126e-02 -2.835554265177906985e-01
-4.992013468424879447e-02 -2.805994434924918846e-01
-7.512964478679373670e-02 -2.753680318916271741e-01
-9.984215910591659471e-02 -2.678852803170875818e-01
-1.238576088810367237e-01 -2.581929592449381250e-01
-1.469787363364845889e-01 -2.463505743083204413e-01
-1.690126703736308800e-01 -2.324352845135853052e-01
-1.897725209600218399e-01 -2.165416789700147782e-01
-2.090789792055848806e-01 -1.987814067997370204e-01
-2.267619091489296856e-01 -1.792826561414536946e-01
-2.426619164366989323e-01 -1.581894795585560842e-01
-2.566318783872488241e-01 -1.356609646951942583e-01
-2.685384194064604491e-01 -1.118702506760675675e-01
-2.782633153859778163e-01 -8.700339249760005722e-02
-2.857048105780308211e-01 -6.125807748776442019e-02
-2.907788305189456524e-01 -3.484219979498958536e-02
-2.934200748751769061e-01 -7.972300777371189862e-03
-2.935829746177238131e-01 1.912811492559379767e-02
-2.912424986961794637e-01 4.623037597373652607e-02
-2.863947963819363784e-01 7.310254006885359701e-02
-2.790576626770918667e-01 9.951137362958338561e-02
-2.692708156335625325e-01 1.252243985450540720e-01
-2.570959760843630759e-01 1.500119876734640756e-01
-2.426167421409095304e-01 1.736494894416921175e-01
-2.259382528381310151e-01 1.959193607874851750e-01
-2.071866374914375641e-01 2.166132867898317438e-01
-1.865082496415774727e-01 2.355342646763725067e-01
-1.640686868778128416e-01 2.524986294968237788e-01
-1.400516003170433899e-01 2.673379986228440752e-01
-1.146573000449785384e-01 2.799011123885069008e-01
-8.810116536217560412e-02 2.900555486287271778e-01
-6.061187118866045997e-02 2.976892896088392249e-01
-3.242944443132413784e-02 3.027121208661732732e-01
-3.803166473671966419e-03 3.050568427988791798e-01
2.501065982641438590e-02 3.046802774291833549e-01
5.375105818170550220e-02 3.015640546243796294e-01
8.215481964503919265e-02 2.957151641617710713e-01
1.099590121396606113e-01 2.871662623522687752e-01
1.369035333935230692e-01 2.759757244665650977e-01
1.627336808031718818e-01 2.622274369095576874e-01
1.872027109327803751e-01 2.460303259318284697e-01
2.100743608488601089e-01 2.275176226177200722e-01
2.311253033148176483e-01 2.068458669119520588e-01
2.501475080313785293e-01 1.841936565031573880e-01
2.669504816140248482e-01 1.597601494343683648e-01
2.813633598475281938e-01 1.337633323178453737e-01
2.932368269463060395e-01 1.064380689551085168e-01
3.024448380689324645e-01 7.803394696341019177e-02
3.088861231723600831e-01 4.881294264896373497e-02
3.124854524284275126e-01 1.904692680833596288e-02
3.131946458399315070e-01 -1.098496365211424491e-02
3.109933123597714566e-01 -4.099906144508380645e-02
3.058893067045230230e-01 -7.070998349573083541e-02
2.979188951299890920e-01 -9.983349458512799646e-02
2.871466246645726361e-01 -1.280893892394440459e-01
2.736648936379615371e-01 -1.552043604291694634e-01
2.575932247568701317e-01 -1.809148233827536367e-01
2.390772454242204581e-01 -2.049696629387344482e-01
2.182873834300354254e-01 -2.271328733631647057e-01
1.954172895179941416e-01 -2.471860604432311870e-01
1.706820016078427205e-01 -2.649307769267626456e-01
1.443158685882825198e-01 -2.801906639991944559e-01
1.165702545466155149e-01 -2.928133734579932979e-01
8.771104703132912017e-02 -3.026722475383561428e-01
5.801599541550054445e-02 -3.096677359375416549e-01
2.777190760898158930e-02 -3.137285324487087412e-01
-2.728264774121431230e-03 -3.148124167150786468e-01
-3.318842117509228362e-02 -3.129067899147333076e-01
-6.331235401787406458e-02 -3.080288966456528055e-01
-9.280680428870723142e-02 -3.002257288575628791e-01
-1.213844968954217035e-01 -2.895736113278886692e-01
-1.487671219815543955e-01 -2.761774718584184551e-01
-1.746882288255433013e-01 -2.601698030313738252e-01
-1.988959998141106578e-01 -2.417093259626241497e-01
-2.211558732329488852e-01 -2.209793699805037426e-01
-2.412529852531696828e-01 -1.981859854970270118e-01
-2.589944034899006042e-01 -1.735558104819353853e-01
-2.742111268463858775e-01 -1.473337138589998485e-01
-2.867598290049881427e-01 -1.197802417812655895e-01
-2.965243258535211757e-01 -9.116889507376854662e-02
-3.034167503055935078e-01 -6.178326812882967145e-02
-3.073784213481394745e-01 -3.191408117473672201e-02
-3.083803976863583873e-01 -1.856139092442678218e-03
-3.064237100120208446e-01 2.809474918927769987e-02
-3.015392696501012493e-01 5.764485624299788002e-02
-2.937874550945376306e-01 8.650559212695561884e-02
-2.832573816798147903e-01 1.143964966786178011e-01
-2.700658633044814572e-01 1.410481347852256817e-01
-2.543560786799732298e-01 1.662048624928482154e-01
-2.362959579790190334e-01 1.896274333941102841e-01
-2.160763089603266185e-01 2.110954166779949737e-01
-1.939087046106189316e-01 2.304094005080168095e-01
-1.700231570350440591e-01 2.473929569883936697e-01
-1.446656047096984699e-01 2.618943478484146437e-01
-1.180952422567283638e-01 2.737879530863617794e-01
-9.058172358885457909e-02 2.829754081264242438e-01
-6.240227057655880344e-02 2.893864385129327754e-01
-3.383872030290331623e-02 2.929793847519284178e-01
-5.174544478498254579e-03 2.937414135652356983e-01
2.330812531180441460e-02 2.916884155008249158e-01
5.133143316731546973e-02 2.868645924992037077e-01
7.862466258145910103e-02 2.793417426032928086e-01
1.049269967491568423e-01 2.692182524742533500e-01
1.299901453904224180e-01 2.566178116952930188e-01
1.535808098341951422e-01 2.416878659691023834e-01
1.754829602585356585e-01 2.245978292045746061e-01
1.954999014326889994e-01 2.055370771104367278e-01
2.134561060199802740e-01 1.847127472366706658e-01
2.291987974416803409e-01 1.623473724025437659e-01
2.425992674318214193e-01 1.386763761005350704e-01
2.535539166902986419e-01 1.139454597509672179e-01
2.619850104237344546e-01 8.840791259015504111e-02
2.678411440068134697e-01 6.232187549779824587e-02
2.710974174570264239e-01 3.594759020470485178e-02
2.717553208491112482e-01 9.544665072323980926e-03
2.698423361588672131e-01 -1.663061199141938409e-02
2.654112642777144426e-01 -4.232788390742157902e-02
2.585392890395687426e-01 -6.730522985906439715e-02
2.493267930129135224e-01 -9.133153921772213524e-02
2.378959424989023075e-01 -1.141887293608093851e-01
2.243890616097754531e-01 -1.356737850221641783e-01
2.089668174534188294e-01 -1.556005992932108783e-01
1.918062402961746293e-01 -1.738015990764898433e-01
1.730986040980032892e-01 -1.901291406434724718e-01
1.530471939973091777e-01 -2.044566639270957442e-01
1.318649881573533966e-01 -2.166795972459849562e-01
1.097722818671386380e-01 -2.267160072711231489e-01
8.699428191665975474e-02 -2.345069921659777845e-01
6.375869904388906106e-02 -2.400168189175295452e-01
4.029336568780458872e-02 -2.432328088890628182e-01
1.682390539157899850e-02 -2.441649785283419027e-01
-6.428520999715357440e-03 -2.428454449213831023e-01
-2.924936869043995996e-02 -2.393276084594315178e-01
-5.143273992944601136e-02 -2.336851272549397285e-01
-7.278327272984071172e-02 -2.260107000746036099e-01
-9.311786958520484880e-02 -2.164146764307953164e-01
-1.122672508162681354e-01 -2.050235140679019241e-01
-1.300773196811643162e-01 -1.919781053821141559e-01
-1.464103289824843779e-01 -1.774319953113622783e-01
-1.611458415688565571e-01 -1.615495139199644714e-01
-1.741814798209768422e-01 -1.445038472780944827e-01
-1.854334618955096325e-01 -1.264750703016825351e-01
-1.948369251395493940e-01 -1.076481649803335688e-01
-2.023460396491990054e-01 -8.821104688983975872e-02
-2.079339173958975329e-01 -6.835262207626831288e-02
-2.115923246532750712e-01 -4.826089532837202212e-02
-2.133312075979945099e-01 -2.812114954539003675e-02
-2.131780429057021642e-01 -8.114214382253674696e-03
-2.111770268965528496e-01 1.158515935966275209e-02
-2.073881182860124739e-01 3.080980500219542700e-02
-2.018859508516843426e-01 4.940151233049690227e-02
-1.947586333254957280e-01 6.721225651641082877e-02
-1.861064545563702599e-01 8.410527530737599289e-02
-1.760405124590685433e-01 9.995598836707136892e-02
-1.646812854716577512e-01 1.146527548606027791e-01
-1.521571651923021296e-01 1.280974675551498909e-01
-1.386029685646058274e-01 1.402059838267417646e-01
-1.241584474418686024e-01 1.509083959969290956e-01
-1.089668125997790699e-01 1.601491453433123713e-01
-9.317328830258002348e-02 1.678869859112623319e-01
-7.692371238045227211e-02 1.740948058795045161e-01
-6.036319546878578246e-02 1.787593156812405937e-01
-4.363485161793302647e-02 1.818806133400027170e-01
-2.687861093110670285e-02 1.834716385336533917e-01
-1.023012325536385228e-02 1.835575277424495166e-01
6.180239736330136319e-03 1.821748834629565439e-01
2.222827844752955917e-02 1.793709708773825739e-01
3.779675133374537505e-02 1.752028555595794845e-01
5.277605072529055474e-02 1.697364957798334351e-01
6.706476790550157385e-02 1.630458027491029638e-01
8.057014840987050674e-02 1.552116817309899255e-01
9.320843997140552950e-02 1.463210663605960249e-01
1.049051368799678169e-01 1.364659577601027851e-01
1.155951257313165698e-01 1.257424791501113304e-01
1.252227386007422893e-01 1.142499556439545288e-01
1.337417205749640292e-01 1.020900278012085022e-01
1.411151193058989284e-01 8.936580632935688107e-02
1.473151048055511281e-01 7.618107408249008561e-02
1.523227280802855743e-01 6.263954023676154836e-02
1.561276274059084090e-01 4.884415024759487800e-02
1.587276910760324899e-01 3.489645393629989267e-02
1.601286853218087947e-01 2.089603283581939475e-02
1.603438558106218825e-01 6.939986767510085419e-03
1.593935106966433146e-01 -6.877521457748862407e-03
1.573045926313449416e-01 -2.046566530305313561e-02
1.541102464632902735e-01 -3.373730069335788284e-02
1.498493885815185556e-01 -4.660926283440251089e-02
1.445662830046981762e-01 -5.900261798220070991e-02
1.383101284090245964e-01 -7.084287495417856961e-02
1.311346593422449691e-01 -8.206016149876628474e-02
1.230977639101136639e-01 -9.258937081844334505e-02
1.142611192657978225e-01 -1.023702835730322391e-01
1.046898453025253695e-01 -1.113476705793203791e-01
9.445217606451893066e-02 -1.194713811764111094e-01
8.361914756920697800e-02 -1.266964218526140662e-01
7.226429999157149564e-02 -1.329830292405587699e-01
6.046339151420505875e-02 -1.382967409960124960e-01
4.829412060710316229e-02 -1.426084673978971762e-01
3.583585308003947589e-02 -1.458945657590568490e-01
2.316934995576853257e-02 -1.481369189374771023e-01
1.037649204991061315e-02 -1.493230184048343623e-01
-2.460002883814187830e-03 -1.494460514829303588e-01
-1.525687447602260341e-02 -1.485049915183997704e-01
-2.793062932337493989e-02 -1.465046889515436157e-01
-4.039786925164784437e-02 -1.434559604651918230e-01
-5.257564119225195676e-02 -1.393756726922056322e-01
-6.438181100370925225e-02 -1.342868163324784647e-01
-7.573546287068134986e-02 -1.282185659974457714e-01
-8.655732513004578410e-02 -1.212063206757593159e-01
-9.677022252218604736e-02 -1.132917194094650026e-01
-1.062995539634950665e-01 -1.045226265950434247e-01
-1.150737940016450106e-01 -9.495308128490134725e-02
-1.230250151678313059e-01 -8.464320496665167504e-02
-1.300894274998232181e-01 -7.365906254144748144e-02
-1.362079305962433373e-01 -6.207247160770776317e-02
-1.413266726958258279e-01 -4.996075567905053361e-02
-1.453976104746629860e-01 -3.740643761875033640e-02
-1.483790625379125261e-01 -2.449687034861471741e-02
-1.502362489671213441e-01 -1.132380277645824232e-02
-1.509418087856778945e-01 2.017120130274309420e-03
-1.504762868365379092e-01 1.542692313237268090e-02
-1.488285813397713375e-01 2.880393124703126834e-02
-1.459963433218151307e-01 4.204446272124401363e-02
-1.419863191902395738e-01 5.504358095648424765e-02
-1.368146279713317592e-01 6.769590068788430837e-02
-1.305069651340966252e-01 7.989644253578256916e-02
-1.230987254917896706e-01 9.154152890128970654e-02
-1.146350383964059166e-01 1.025297130918611799e-01
-1.051707093154554684e-01 1.127627325585894569e-01
-9.477006289394410143e-02 1.221464762239520274e-01
-8.350668374525825610e-02 1.305919550956943787e-01
-7.146305246772870212e-02 1.380162647164057399e-01
-5.873007573192415287e-02 1.443435275042661003e-01
-4.540651070816712626e-02 1.495058027113205235e-01
-3.159828558366828410e-02 1.534439515719625002e-01
-1.741771943199426839e-02 1.561084452439311931e-01
-2.982646221256912353e-03 1.574601033621029766e-01
1.158455074227537906e-02 1.574707514338136716e-01
2.615798616548897088e-02 1.561237859025179919e-01
4.060939273330911592e-02 1.534146364903776205e-01
5.480930317879723068e-02 1.493511163929641394e-01
6.862828273034730919e-02 1.439536520308194179e-01
8.193819911671741674e-02 1.372553853504500654e-01
9.461351636786000108e-02 1.293021430960981655e-01
1.065325978729913109e-01 1.201522690255020648e-01
1.175790035627248126e-01 1.098763166977963640e-01
1.276427656825658286e-01 9.855660219770126518e-02
1.366216274310835255e-01 8.628661795359536535e-02
1.444222287551854556e-01 7.317031063302828486e-02
1.509612238315944654e-01 5.932122793186309084e-02
1.561663152191587467e-01 4.486154088614714708e-02
1.599771903390741212e-01 2.992095010244352760e-02
1.623463468242646590e-01 1.463548599641104758e-02
1.632397943666488160e-01 -8.537852747553739685e-04
1.626376219702767023e-01 -1.640213702743823637e-02
1.605344209748419959e-01 -3.186262392874847360e-02
1.569395558305113347e-01 -4.708757489072010888e-02
1.518772763614624488e-01 -6.193012036381714824e-02
1.453866671297485424e-01 -7.624573664287487285e-02
1.375214314788638648e-01 -8.989378924718521846e-02
1.283495098717529481e-01 -1.027390571139493447e-01
1.179525342137495297e-01 -1.146532192588099325e-01
1.064251219388875208e-01 -1.255162857133955145e-01
9.387401570951305063e-02 -1.352179549491167032e-01
8.041707660534645752e-02 -1.436588806367558591e-01
6.618214063061166053e-02 -1.507518314671456305e-01
5.130575021880980774e-02 -1.564227288604849442e-01
3.593177413753659982e-02 -1.606115487083459858e-01
2.020993076533949412e-02 -1.632730748077727556e-01
4.294231105789142119e-03 -1.643774933426947749e-01
-1.165864090022735063e-02 -1.639108196230961989e-01
-2.749099222285700250e-02 -1.618751502834694100e-01
-4.304580946221731041e-02 -1.582887362434082512e-01
-5.816845264253921871e-02 -1.531858739173592165e-01
-7.270833403351678603e-02 -1.466166143987663317e-01
-8.652056195658969218e-02 -1.386462926063505297e-01
-9.946752980004873457e-02 -1.293548806367303405e-01
-1.114204309919401836e-01 -1.188361717875546508e-01
-1.222606814586321006e-01 -1.071968038686162972e-01
-1.318812321209174299e-01 -9.455513247561335433e-02
-1.401877552365424773e-01 -8.103996683403875967e-02
-1.470996898726457947e-01 -6.678918260238377036e-02
-1.525511334652592255e-01 -5.194822762965286417e-02
-1.564915682744106307e-01 -3.666853806962946938e-02
-1.588864135485625051e-01 -2.110588344355530943e-02
-1.597173963449947665e-01 -5.418660196961641931e-03
-1.589827361852899079e-01 1.023384599843521654e-02
-1.566971410278319987e-01 2.569320850097246700e-02
-1.528916143816440865e-01 4.080359763685578040e-02
-1.476130757367814517e-01 5.541348753258073384e-02
-1.409237988144883824e-01 6.937731141344130603e-02
-1.329006744142683383e-01 8.255704556274162664e-02
-1.236343068244479954e-01 9.482370301632873921e-02
-1.132279548383696571e-01 1.060587191925731892e-01
-1.017963303521890461e-01 1.161552130141928485e-01
-8.946426928645302701e-02 1.250191086474205793e-01
-7.636529114854052891e-02 1.325701047450919268e-01
-6.264006491562840173e-02 1.387424800097732669e-01
-4.843480004996511545e-02 1.434857259652414785e-01
-3.389958234493056777e-02 1.467650000116913211e-01
-1.918667493003622243e-02 1.485613941126482929e-01
-4.448805127613758223e-03 1.488720167892127189e-01
1.016254205096223627e-02 1.477098884487449970e-01
2.449880315678657633e-02 1.451036524189189825e-01
3.841596813226848262e-02 1.410971063628820577e-01
5.177614524979194666e-02 1.357485609863163245e-01
6.444904064589368486e-02 1.291300350827753740e-01
7.631333512657868801e-02 1.213262979714929551e-01
8.725794232916071758e-02 1.124337722354788183e-01
9.718313393580965687e-02 1.025593113428857756e-01
1.060015194213011075e-01 9.181886820964216267e-02
1.136388697574313156e-01 8.033607201732086145e-02
1.200347765623028529e-01 6.824073162137268833e-02
1.251431403457130553e-01 5.566728465870794673e-02
1.289324837324742901e-01 4.275321198114788446e-02
1.313860878131623000e-01 2.963743729705124730e-02
1.325019520456612032e-01 1.645873189565877706e-02
1.322925803801687783e-01 3.354144059248505283e-03
1.307845984747614265e-01 -9.542527757470329816e-03
1.280182089788594879e-01 -2.210219967419021353e-02
1.240464938599763339e-01 -3.420188775928954816e-02
1.189345746087198258e-01 -4.572599795987442733e-02
1.127586428539696373e-01 -5.656750594379933439e-02
1.056048754327368888e-01 -6.662901381747976526e-02
9.756824926840022838e-02 -7.582367244706707254e-02
8.875127250075602603e-02 -8.407596000496199429e-02
7.926264916875334909e-02 -9.132230936154962786e-02
6.921589536239190765e-02 -9.751157901505820569e-02
5.872792512798011982e-02 -1.026053643713679131e-01
4.791762452825247542e-02 -1.065781483208082525e-01
3.690443212672908646e-02 -1.094172921808906906e-01
2.580694378866803598e-02 -1.111228701533756025e-01
1.474155907691863769e-02 -1.117073524527775336e-01
3.821185681110393292e-03 -1.111951441743260910e-01
-6.845982732828749528e-03 -1.096219887571175527e-01
-1.715760111172063077e-02 -1.070342465392909309e-01
-2.701820732227353666e-02 -1.034880603754184253e-01
-3.634014502919809264e-02 -9.904842157339166508e-02
-4.504436569935916373e-02 -9.378815049321273523e-02
-5.306110209244987996e-02 -8.778680702061160412e-02
-6.033040748062598602e-02 -8.112954677484673915e-02
-6.680255677046333107e-02 -7.390593932625105777e-02
-7.243830765254456738e-02 -6.620876488226803969e-02
-7.720902184899446075e-02 -5.813280585147195118e-02
-8.109664843982856974e-02 -4.977364941730054448e-02
-8.409357309832862781e-02 -4.122651675412389305e-02
-8.620233882826953964e-02 -3.258513380811327298e-02
-8.743524544771034968e-02 -2.394065765738304791e-02
-8.781383658312510998e-02 -1.538067137599377285e-02
-8.736828430398133061e-02 -6.988259073017177511e-03
-8.613668272403379733e-02 1.158828618471257482e-03
-8.416426290684156375e-02 8.988909844497140408e-03
-8.150254222748054556e-02 1.643700048097736927e-02
-7.820842195128480112e-02 2.344533127301179354e-02
-7.434324718801783860e-02 2.996374943463604029e-02
-6.997184356364453961e-02 3.595000273194998153e-02
-6.516154492252948516e-02 4.136990581723459098e-02
-5.998122613426475069e-02 4.619739029446736506e-02
-5.450035463832100802e-02 5.041444165269980127e-02
-4.878807372613910842e-02 5.401092777938878986e-02
-4.291232974670067257e-02 5.698432523880254952e-02
-3.693905444313282105e-02 5.933935085069665799e-02
-3.093141250188946936e-02 6.108750731333036782e-02
-2.494912314187906072e-02 6.224655266668287917e-02
-1.904786320962682106e-02 6.283990427312041716e-02
-1.327875780056449531e-02 6.289598869319869279e-02
-7.687962919222641155e-03 6.244754934607531227e-02
-2.316343146478679234e-03 6.153092416243964580e-02
2.800754275635877755e-03 6.018530556123317943e-02
7.633629077580156123e-03 5.845199501102420203e-02
1.215826296210992946e-02 5.637366417695986037e-02
1.635626307199189444e-02 5.399363421184786432e-02
2.021471840208458742e-02 5.135518413493458945e-02
2.372597490746222726e-02 4.850089846670579269e-02
2.688733621660724729e-02 4.547206336722237063e-02
2.970069788186091922e-02 4.230811947587304750e-02
3.217212397427042514e-02 3.904617849053482193e-02
3.431137554515685528e-02 3.572060927402422037e-02
3.613140102324191583e-02 3.236269795661220194e-02
3.764779898784861856e-02 2.900038513730594097e-02
3.887826395218903913e-02 2.565808189608659307e-02
3.984202580556846923e-02 2.235656493697887534e-02
4.055929340179394160e-02 1.911294981012387137e-02
4.105071244826004329e-02 1.594073983176505505e-02
4.133684735383908598e-02 1.284994705515641461e-02
4.143769604408001350e-02 9.847280462547087360e-03
4.137224596190505060e-02 6.936395466742774352e-03
4.115807855567979456e-02 4.118197846643500623e-03
4.081102853077981513e-02 1.391194408917701027e-03
4.034490302372902015e-02 -1.248118020349263174e-03
3.977126466907369984e-02 -3.804834204965432641e-03
3.909928128878437104e-02 -6.285202013979363823e-03
3.833564366318780586e-02 -8.696173357230753409e-03
3.748455156256988441e-02 -1.104495409757336177e-02
3.654776695096504519e-02 -1.333856237272808623e-02
3.552473203919234018e-02 -1.558340447404313669e-02
3.441274868314195962e-02 -1.778487698782439327e-02
3.320721451486612075e-02 -1.994700331606372862e-02
3.190191017607370977e-02 -2.207211196837020190e-02
3.048933111246211053e-02 -2.416056316886192393e-02
2.896105659739020566e-02 -2.621052936577540626e-02
2.730814799708852422e-02 -2.821783418432214155e-02
2.552156777705053003e-02 -3.017585324297272081e-02
2.359261038819131240e-02 -3.207547907906697915e-02
2.151333596702436138e-02 -3.390515122139255155e-02
1.927699773914425679e-02 -3.565095122554942653e-02
1.687845412975464907e-02 -3.729676127305239786e-02
1.431455685629249089e-02 -3.882448374753191128e-02
1.158450670127346947e-02 -4.021431806086262634e-02
8.690169230771368353e-03 -4.144508992751456261e-02
5.636343425577484967e-03 -4.249462729467785860e-02
2.430977016044295197e-03 -4.334017624512343653e-02
-9.146767560732054630e-04 -4.395884941401557305e-02
-4.385965200499982418e-03 -4.432809881276118802e-02
-7.964808217308659219e-03 -4.442620444313183370e-02
-1.162973830542576338e-02 -4.423276972172311000e-02
-1.535600933891117376e-02 -4.372921452431715456e-02
-1.911577369553226630e-02 -4.289925660539643110e-02
-2.287832611052677267e-02 -4.172937225088994839e-02
-2.661041143882577134e-02 -4.020922728064248164e-02
-3.027659236103297236e-02 -3.833206992699005056e-02
-3.383967198108003838e-02 -3.609507767066578304e-02
-3.726116525466055540e-02 -3.349965080617683250e-02
-4.050181227397249561e-02 -3.055164632472232716e-02
-4.352212563111766686e-02 -2.726154663059227740e-02
-4.628296340308538787e-02 -2.364455863192400226e-02
-4.874611875696951285e-02 -1.972063985226334484e-02
-5.087491677414912594e-02 -1.551444937785115274e-02
-5.263480884351199457e-02 -1.105522266818436891e-02
-5.399395488090632383e-02 -6.376570494723151142e-03
-5.492378369687783701e-02 -1.516203514759582871e-03
-5.539952205687478232e-02 3.484414785534257347e-03
-5.540068335446937664e-02 8.580482852741143709e-03
-5.491150734327889665e-02 1.372433846834775900e-02
-5.392134303933368566e-02 1.886599266166529010e-02
-5.242496770254870264e-02 2.395371302790394105e-02
-5.042283572154217935e-02 2.893464847545023505e-02
-4.792125224624891461e-02 3.375548667580130502e-02
-4.493246752186613735e-02 3.836313487107791825e-02
-4.147468905849204662e-02 4.270541421783234648e-02
-3.757201000506377869e-02 4.673175752002375200e-02
-3.325425336469751969e-02 5.039390003424046305e-02
-2.855673297153892704e-02 5.364655301975367052e-02
-2.351993342674792500e-02 5.644804985554605081e-02
-1.818911244332720861e-02 5.876095485432848015e-02
-1.261383025658272677e-02 6.055262536551696273e-02
-6.847411900174538504e-03 6.179571836856061900e-02
-9.463492090431117887e-04 6.246863350595411452e-02
5.030349626708455028e-03 6.255588538063069914e-02
1.102185428381257347e-02 6.204839893211688828e-02
1.696624090861847955e-02 6.094372279494746775e-02
2.280124512226101158e-02 5.924615671494059405e-02
2.846502901451253287e-02 5.696679033626369376e-02
3.389695143237404090e-02 5.412345195599744391e-02
3.903833074898290650e-02 5.074056715360727304e-02
4.383318933993362448e-02 4.684892852040113687e-02
4.822896919736439914e-02 4.248537901860522520e-02
5.217720847440994458e-02 3.769241277122549472e-02
5.563416926866709966e-02 3.251769830297272096e-02
5.856140761560418850e-02 2.701353040059509270e-02
6.092627746156150520e-02 2.123621782044449527e-02
6.270236130923427520e-02 1.524541502580977620e-02
6.386982126248381963e-02 9.103406971889382859e-03
6.441566532647137466e-02 2.874356659474911098e-03
6.433392502647768130e-02 -3.376474261275603118e-03
6.362574167618455234e-02 -9.583521146751365627e-03
6.229935993456374443e-02 -1.568171733413996002e-02
6.037002862012758042e-02 -2.160728940310699744e-02
5.785981008211202314e-02 -2.729853576738319743e-02
5.479730074013967195e-02 -3.269657787396877680e-02
5.121726667729736143e-02 -3.774607368116694034e-02
4.716019938721100618e-02 -4.239588363244913699e-02
4.267179791534995992e-02 -4.659968003293523536e-02
3.780238468135911634e-02 -5.031649155855661554e-02
3.260626320704708425e-02 -5.351117557224924909e-02
2.714102678977195829e-02 -5.615481197245782152e-02
2.146682784126680357e-02 -5.822501344087287201e-02
1.564561814740704840e-02 -5.970614817136316033e-02
9.740370687232938890e-03 -6.058947243210077022e-02
3.814293874229600020e-03 -6.087317161869559845e-02
-2.069950853620676837e-03 -6.056230977802976728e-02
-7.851017266758840776e-03 -5.966868890047367924e-02
-1.346961782984841191e-02 -5.821062057243025362e-02
-1.886923228411782963e-02 -5.621261383224845226e-02
-2.399677173259754173e-02 -5.370498426172509721e-02
-2.880318933729537206e-02 -5.072339045491285059e-02
-3.324402956900911893e-02 -4.730830501926381465e-02
-3.727990889810998271e-02 -4.350442816626201581e-02
-4.087692186352013396e-02 -3.936005272636511343e-02
-4.400696759101786065e-02 -3.492639006495476539e-02
-4.664799303344126929e-02 -3.025686687285683574e-02
-4.878415045584693494e-02 -2.540640314985259662e-02
-5.040586796903276379e-02 -2.043068188782099642e-02
-5.150983320547102007e-02 -1.538542098950302674e-02
-5.209889151293084497e-02 -1.032565782957683975e-02
-5.218186129341698815e-02 -5.305056579425936752e-03
-5.177327031952896202e-02 -3.752479807064409631e-04
-5.089301799876260607e-02 4.414789327084524088e-03
-4.956596961151756020e-02 9.019297533843513570e-03
-4.782148950485250877e-02 1.339625088624898236e-02
-4.569292106713866708e-02 1.750780280632634883e-02
-4.321702202627823730e-02 2.132066333195936289e-02
-4.043336419563955952e-02 2.480640242747823160e-02
-3.738370722900888343e-02 2.794167588982625003e-02
-3.411135623262243760e-02 3.070837179471290132e-02
-3.066051321502704513e-02 3.309367666854140522e-02
-2.707563233282143933e-02 3.509006181640730859e-02
-2.340078871337468447e-02 3.669519146476754590e-02
-1.967907030791056153e-02 3.791175557045718680e-02
-1.595200175573142226e-02 3.874723128717172393e-02
-1.225900863091240051e-02 3.921357814881756831e-02
-8.636929706714830540e-03 3.932687300990556079e-02
-5.119584022378290133e-03 3.910689166148129808e-02
-1.737398585738539076e-03 3.857664480365637777e-02
1.482898491300250771e-03 3.776187669117726103e-02
4.518515732329784346e-03 3.669053526722113046e-02
7.350764374617220140e-03 3.539222295548265923e-02
9.965151437454642172e-03 3.389763748663122966e-02
1.235139963355849982e-02 3.223801218974418903e-02
1.450339517197356612e-02 3.044456508211384679e-02
1.641906567179558796e-02 2.854796584402857773e-02
1.810019153364133410e-02 2.657782937323465225e-02
1.955215518235564956e-02 2.456224408356684138e-02
2.078363358314427867e-02 2.252734245263060195e-02
2.180624032861218017e-02 2.049692054539063724e-02
2.263412438202834151e-02 1.849211235688501959e-02
2.328353323020850019e-02 1.653112384250435274e-02
2.377234873730322065e-02 1.462903045423597122e-02
2.411960439016807428e-02 1.279764089302734380e-02
2.434499288075227599e-02 1.104542863892697159e-02
2.446837307724445201e-02 9.377531650490059101e-03
2.450928539209385609e-02 7.795819451992858778e-03
2.448648436239450263e-02 6.299025670217716158e-03
2.441749691975847805e-02 4.882942960617087103e-03
2.431821434830568063e-02 3.540676193647151679e-03
2.420252531857991149e-02 2.262948773243030239e-03
2.408199665198776027e-02 1.038456046936804154e-03
2.396560762661810104e-02 -1.457410442247469243e-04
2.385954269466898994e-02 -1.303789624845769386e-03
2.376704645936751278e-02 -2.450593973681405510e-03
2.368834367171056624e-02 -3.601348598040356695e-03
2.362062587212767489e-02 -4.771064144683217004e-03
2.355810513759812666e-02 -5.974095144555568483e-03
2.349213421966156456e-02 -7.223678585507796630e-03
2.341139119216149173e-02 -8.531492153758403474e-03
2.330212558836924214e-02 -9.907240683364789552e-03
2.314846191387181368e-02 -1.135827890784123911e-02
2.293275539210019864e-02 -1.288927802606429709e-02
2.263599385048754159e-02 -1.450194288467354826e-02
2.223823880260648866e-02 -1.619478575230604012e-02
2.171909803938825226e-02 -1.796296173007235625e-02
2.105822142311320616e-02 -1.979816982225503230e-02
2.023581109182126872e-02 -2.168862259731001510e-02
1.923313693758418180e-02 -2.361908621911797818e-02
1.803304802596662759e-02 -2.557099144025220053e-02
1.662047057991988819e-02 -2.752261494165694419e-02
1.498288326086440886e-02 -2.944932919579414457e-02
1.311076074197569698e-02 -3.132391784232171211e-02
1.099797698043993716e-02 -3.311695241579556276e-02
8.642160151076749494e-03 -3.479722517229997397e-02
6.044991895343080485e-03 -3.633223174405641326e-02
3.212444357274166478e-03 -3.768869642460135477e-02
1.549494093096657338e-04 -3.883313206736835332e-02
-3.112504497716022354e-03 -3.973242588117862489e-02
-6.570351310408530793e-03 -4.035444183914720095e-02
-1.019450444126006501e-02 -4.066862999275865781e-02
-1.395649296388667970e-02 -4.064663270810936480e-02
-1.782367670614969091e-02 -4.026287772201764259e-02
-2.175953873819100673e-02 -3.949514795495624037e-02
-2.572405248714602910e-02 -3.832511821621576581e-02
-2.967411947357782506e-02 -3.673884929256280435e-02
-3.356407247591929738e-02 -3.472723042067680371e-02
-3.734623780720697922e-02 -3.228636179922113325e-02
-4.097154935101006423e-02 -2.941786958962475454e-02
-4.439020606737813929e-02 -2.612914677446050160e-02
-4.755236386007265920e-02 -2.243351427564467884e-02
-5.040885200684108031e-02 -1.835029786668273752e-02
-5.291190380666634108e-02 -1.390481762739034441e-02
-5.501589070131863296e-02 -9.128287968128808577e-03
-5.667804889044976424e-02 -4.057627574725955477e-03
-5.785918738484574497e-02 1.264820024768602801e-03
-5.852436653378724485e-02 6.791653214704323691e-03
-5.864353631976942927e-02 1.247086297011622616e-02
-5.819212413461187505e-02 1.824636275504072994e-02
-5.715156233028414329e-02 2.405859168615865490e-02
-5.550974656821651421e-02 2.984518383000886801e-02
-5.326141686278804133e-02 3.554169541712304259e-02
-5.040845421624935013e-02 4.108238078057183801e-02
-4.696008685971102964e-02 4.640100697492157561e-02
-4.293300133237984428e-02 5.143169631804497127e-02
-3.835135493175430288e-02 5.610978553419764675e-02
-3.324668743247864711e-02 6.037268977169425732e-02
-2.765773138143548526e-02 6.416075952951970363e-02
-2.163012171110620385e-02 6.741811845899889355e-02
-1.521600685146067000e-02 7.009347011143417239e-02
-8.473564941715455018e-03 7.214086198007932382e-02
-1.466430126441380273e-03 7.352039563208867534e-02
5.736964754609403389e-03 7.419887233779612346e-02
1.306412152650194419e-02 7.415036437304389771e-02
2.043927738170174535e-02 7.335670308517816540e-02
2.778426318067966916e-02 7.180787586246298315e-02
3.501940869769425840e-02 6.950232531573688477e-02
4.206448339342595127e-02 6.644714525405404082e-02
4.883966068519015463e-02 6.265816939515615747e-02
5.526649323857650564e-02 5.815995017794488992e-02
6.126888652873855451e-02 5.298562651766978993e-02
6.677405781992949707e-02 4.717668084457175143e-02
7.171346779045538467e-02 4.078258727204482625e-02
7.602371228664735192e-02 3.386035422968987352e-02
7.964736212082951239e-02 2.647396634879518179e-02
8.253373942914962735e-02 1.869373178214817077e-02
8.463961986767366830e-02 1.059554245679708920e-02
8.592985083912223210e-02 2.260055978662211564e-03
8.637787699566032429e-02 -6.228190985691257550e-03
8.596616544085508571e-02 -1.478172704808902206e-02
8.468652434010365271e-02 -2.331113652353707100e-02
8.254031002575952514e-02 -3.172608362833487239e-02
7.953851913180179367e-02 -3.993635762711111176e-02
7.570176379311649439e-02 -4.785292576521536778e-02
7.106012947548133452e-02 -5.538898066148893740e-02
6.565291654290679457e-02 -6.246096885520939501e-02
5.952826819771045441e-02 -6.898958739982558042e-02
5.274268892438169903e-02 -7.490073577229190704e-02
4.536045901021270449e-02 -8.012641091518238334e-02
3.745295208389236297e-02 -8.460553394169664787e-02
2.909786388891170972e-02 -8.828469790122446537e-02
2.037836167418142705e-02 -9.111882701320853095e-02
1.138216462376467203e-02 -9.307173891554366973e-02
2.200566646948652789e-03 -9.411660272479586975e-02
-7.072586403112541241e-03 -9.423628705169476150e-02
-1.634195242920052568e-02 -9.342359353792555055e-02
-2.551176864043944864e-02 -9.168137295948197707e-02
-3.448693364572000264e-02 -8.902252245726527402e-02
-4.317408272065548919e-02 -8.546986398630988802e-02
-5.148264299475981132e-02 -8.105590559993894328e-02
-5.932585559750394588e-02 -7.582248868341391612e-02
-6.662175226492433877e-02 -6.982032570283115691e-02
-7.329407453539893424e-02 -6.310843441946770160e-02
-7.927312444468036234e-02 -5.575347581886940657e-02
-8.449653655476613290e-02 -4.782900420037323325e-02
-8.890996220522869031e-02 -3.941463895067886386e-02
-9.246765804402116984e-02 -3.059516847049834759e-02
-9.513297216079770469e-02 -2.145959752413755667e-02
-9.687872249145992876e-02 -1.210014992812825235e-02
-9.768746356897924088e-02 -2.611238979007629406e-03
-9.755163914285411297e-02 6.911581663357981367e-03
-9.647361965770685777e-02 1.637267377487651443e-02
-9.446562505024448664e-02 2.567736421233157706e-02
-9.154953477298771736e-02 3.473297576303068651e-02
-8.775658836314642608e-02 4.344982691768063676e-02
-8.312698122684664126e-02 5.174218880393578746e-02
-7.770936158464357424e-02 5.952918818676812551e-02
-7.156023570718267335e-02 6.673564624971066450e-02
-6.474328964476461223e-02 7.329284380553140188e-02
-5.732863660788381499e-02 7.913920463173766684e-02
-4.939199997585894814e-02 8.422088976978245323e-02
-4.101384258778948549e-02 8.849229685003603962e-02
-3.227845349672658209e-02 9.191645978964306518e-02
-2.327300373883336645e-02 9.446534553877643237e-02
-1.408658288140670484e-02 9.612004590359657374e-02
-4.809228166219981816e-03 9.687086383237906995e-02
4.469042040710120497e-03 9.671729489590080719e-02
1.365917904132252572e-02 9.566790600582202042e-02
2.267402779572688654e-02 9.374011467772122574e-02
3.142921361430033034e-02 9.095987334183908146e-02
3.984398173357837913e-02 8.736126431885875288e-02
4.784198075447370496e-02 8.298601209600289796e-02
5.535198182334852279e-02 7.788292044775846357e-02
6.230852642929759350e-02 7.210724273482418956e-02
6.865249675903827009e-02 6.571999437548509126e-02
7.433160367757248033e-02 5.878721700864210364e-02
7.930078857120650970e-02 5.137920425234260291e-02
8.352253648218321835e-02 4.356969920318508327e-02
8.696709916362570236e-02 3.543507391986861627e-02
8.961262787243802486e-02 2.705350109001253625e-02
9.144521687943708843e-02 1.850412789684440298e-02
9.245885979418828893e-02 9.866261787091478233e-03
9.265532186160178874e-02 1.218577400935187162e-03
9.204393237430001651e-02 -7.361646631546955692e-03
9.064130224641064881e-02 -1.579925298459954747e-02
8.847097259963246363e-02 -2.402188573332711408e-02
8.556300091168703159e-02 -3.196061879829326796e-02
8.195349186293249266e-02 -3.955052718326097783e-02
7.768408048318231618e-02 -4.673119640072284642e-02
7.280137554379800813e-02 -5.344716646417752015e-02
6.735637135804316278e-02 -5.964830782944451765e-02
6.140383624560138282e-02 -6.529012767399600126e-02
5.500168588712542328e-02 -7.033400589791663493e-02
4.821034964562673913e-02 -7.474736119779570864e-02
4.109213766915260913e-02 -7.850374849146325718e-02
3.371061622091797716e-02 -8.158288984381363573e-02
2.612999821777284987e-02 -8.397064184997882208e-02
1.841455540586219367e-02 -8.565890316110436054e-02
1.062805797501378303e-02 -8.664546648070810264e-02
2.833246723177328986e-03 -8.693381990843274121e-02
-4.908657857706845082e-03 -8.653290295700556689e-02
-1.253840597902692103e-02 -8.545682291323496160e-02
-1.999912563869702536e-02 -8.372453745255482860e-02
-2.723668439904320532e-02 -8.135950954845547201e-02
-3.420000466850059428e-02 -7.838934074439236899e-02
-4.084133207729817583e-02 -7.484538877948010427e-02
-4.711645728627634339e-02 -7.076237538517794745e-02
-5.298489227286590220e-02 -6.617798980454467350e-02
-5.841000278807795265e-02 -6.113249323622651360e-02
-6.335909926332369824e-02 -5.566832898117654582e-02
-6.780348895755639038e-02 -4.982974258134615503e-02
-7.171849256662816974e-02 -4.366241569733442240e-02
-7.508342886247486303e-02 -3.721311688805371137e-02
-7.788157118601925222e-02 -3.052937184221801714e-02
-8.010007978244383653e-02 -2.365915498152619534e-02
-8.172991404035985508e-02 -1.665060372151637436e-02
-8.276572867871795358e-02 -9.551756050780041418e-03
-8.320575782004491217e-02 -2.410311484747991798e-03
-8.305169070031753753e-02 4.726585121780428785e-03
-8.230854250055108512e-02 1.181253794795622536e-02
-8.098452345041004530e-02 1.880207428624579291e-02
-7.909090895849432701e-02 2.565080026174836741e-02
-7.664191307712575618e-02 3.231554046972323624e-02
-7.365456712205789569e-02 3.875446407852769365e-02
-7.014860475083478653e-02 4.492720013416394431e-02
-6.614635426930193240e-02 5.079494490872956541e-02
-6.167263839604900100e-02 5.632056415694150497e-02
-5.675468118142185797e-02 6.146869308288680639e-02
-5.142202126308480226e-02 6.620583667522059179e-02
-4.570643015546171223e-02 7.050047284675815817e-02
-3.964183382666085220e-02 7.432316051891359188e-02
-3.326423542381718584e-02 7.764665442928467276e-02
-2.661163667531520755e-02 8.044602801976839801e-02
-1.972395523407921916e-02 8.269880529199721830e-02
-1.264293503673505868e-02 8.438510200672309780e-02
-5.412046644226780646e-03 8.548777606500808368e-02
1.923625495842594402e-03 8.599258635331694101e-02
9.317511864149589235e-03 8.588835877391437501e-02
1.672170561362069582e-02 8.516715762863460992e-02
2.408713186160776898e-02 8.382445999042439921e-02
3.136374083439717048e-02 8.185933019514925191e-02
3.850072677516820641e-02 7.927459112766567506e-02
4.544677406159802757e-02 7.607698857211478427e-02
5.215033145002716947e-02 7.227734455696187277e-02
5.855991477834951442e-02 6.789069535962195812e-02
6.462443782968878281e-02 6.293640965149870092e-02
7.029357039463671186e-02 5.743828216847227802e-02
7.551812188339430965e-02 5.142459828935325161e-02
8.025044814328335940e-02 4.492816499901296223e-02
8.444487844494620588e-02 3.798630390554951636e-02
8.805815892552862345e-02 3.064080227194714359e-02
9.104990813264837723e-02 2.293781841045194198e-02
9.338307971217438275e-02 1.492773826876201207e-02
9.502442673850547417e-02 6.664980605817031993e-03
9.594496171018890296e-02 -1.792251195507775681e-03
9.612040583751194078e-02 -1.038227190971056403e-02
9.553162094218413392e-02 -1.904027229086592554e-02
9.416501708116670200e-02 -2.769873154773401860e-02
9.201292890440596062e-02 -3.628788321057144911e-02
8.907395376538818077e-02 -4.473623223038550312e-02
8.535324472802668927e-02 -5.297112024274588937e-02
8.086275185556281164e-02 -6.091933502387722466e-02
7.562140552716542508e-02 -6.850775928172106455e-02
6.965523600406520188e-02 -7.566405307417072013e-02
6.299742405574151882e-02 -8.231736334575938396e-02
5.568827815235268680e-02 -8.839905333731751247e-02
4.777513452485875750e-02 -9.384344396444038727e-02
3.931217727995143379e-02 -9.858855869304994357e-02
3.036017672212646540e-02 -1.025768629758089939e-01
2.098614506763744197e-02 -1.057559889622232824e-01
1.126290982092646546e-02 -1.080794359670033955e-01
1.268606208537899002e-03 -1.095072370830125347e-01
-8.913908787363932634e-03 -1.100065823624183925e-01
-1.919771710051131064e-02 -1.095523891660637600e-01
-2.949257011941332218e-02 -1.081278105980829768e-01
-3.970568314183760272e-02 -1.057246733998342542e-01
-4.974258672450811158e-02 -1.023438372715599065e-01
-5.950802690143131707e-02 -9.799546831697616978e-02
-6.890690531687207465e-02 -9.269922015828026274e-02
-7.784524948599216843e-02 -8.648431723787557146e-02
-8.623120267204224809e-02 -7.938953589756053697e-02
-9.397602226695868366e-02 -7.146307999332486560e-02
-1.009950750939400121e-01 -6.276234904993592545e-02
-1.072088177260127062e-01 -5.335359826842560327e-02
-1.125437497418060595e-01 -4.331149105442880232e-02
-1.169333278247482039e-01 -3.271854611809087848e-02
-1.203188287585186256e-01 -2.166448258823777673e-02
-1.226501496814381281e-01 -1.024546796547179915e-02
-1.238865344348236419e-01 1.436724908594873285e-03
-1.239972154721298292e-01 1.327564438497555802e-02
-1.229619615815605027e-01 2.516116132679745501e-02
-1.207715226071093967e-01 3.698053534771958417e-02
-1.174279634218224205e-01 4.861953505601065290e-02
-1.129448806005259459e-01 5.996360046450605052e-02
-1.073474965434561418e-01 7.089903493483577790e-02
-1.006726272015049661e-01 8.131421338036924629e-02
-9.296852103095806785e-02 9.110079296758842593e-02
-8.429456834208542970e-02 1.001549122393633334e-01
-7.472088178211790110e-02 1.083783644429408000e-01
-6.432775028853482402e-02 1.156797308851174044e-01
-5.320497044219021920e-02 1.219754603593750791e-01
-4.145106072035546763e-02 1.271908810945501511e-01
-2.917236567603644776e-02 1.312611322592172058e-01
-1.648205853105707414e-02 1.341320028152314381e-01
-3.499052046152490575e-03 1.357606664401741769e-01
9.653171197623534178e-03 1.361163023217995816e-01
2.284779682360080222e-02 1.351805928557636149e-01
3.595597169887720934e-02 1.329480906365906878e-01
4.884813784244026319e-02 1.294264486047562723e-01
6.139539236887436857e-02 1.246365087819747419e-01
7.347085812545213479e-02 1.186122466728515706e-01
8.495104935806015167e-02 1.114005701133393561e-01
9.571721661187301833e-02 1.030609730833407650e-01
1.056566551395408393e-01 9.366504675009261482e-02
1.146639613538633362e-01 8.329585174805977099e-02
1.226422223218283508e-01 7.204715740734352059e-02
1.295041239482033202e-01 6.002255529371615383e-02
1.351729643327124752e-01 4.733445599756053862e-02
1.395835597958358376e-01 3.410297958533134444e-02
1.426830322426607678e-01 2.045475148594490603e-02
1.444314678580021771e-01 6.521616807476478955e-03
1.448024385831180871e-01 -7.560712849873459616e-03
1.437833793968741058e-01 -2.165406511502003528e-02
1.413758160926308349e-01 -3.561924940787037502e-02
1.375954399855671972e-01 -4.931752011390104495e-02
1.324720277816630043e-01 -6.261204380653179191e-02
1.260492066664238298e-01 -7.536935381794257482e-02
1.183840665054384650e-01 -8.746077552953170076e-02
1.095466228666651110e-01 -9.876380602854689661e-02
9.961913635274316503e-02 -1.091634322546288227e-01
8.869529544790168141e-02 -1.185533724335163658e-01
7.687927171623273881e-02 -1.268372264568210783e-01
6.428465771534813689e-02 -1.339295219059437880e-01
5.103329939222871203e-02 -1.397566436219112584e-01
3.725403598851632914e-02 -1.442576360760134402e-01
2.308136158456163683e-02 -1.473848692815334926e-01
8.654023341277503056e-03 -1.491045605857579115e-01
-5.886427755427772052e-03 -1.493971463735452587e-01
-2.039711729041646798e-02 -1.482574994775244792e-01
-3.473534224562299655e-02 -1.456949899030984541e-01
-4.876006339888901836e-02 -1.417333883158456154e-01
-6.233337849452146029e-02 -1.364106135813510368e-01
-7.532195964622136197e-02 -1.297783274696995282e-01
-8.759843889483362456e-02 -1.219013814158858844e-01
-9.904272649898657188e-02 -1.128571219409614940e-01
-1.095432473770970999e-01 -1.027345629654893844e-01
-1.189980821330114125e-01 -9.163343476669603971e-02
-1.273160002711190009e-01 -7.966312072495324026e-02
-1.344173745244978679e-01 -6.694149425699139067e-02
-1.402349666640956560e-01 -5.359366942758433255e-02
-1.447145767091581603e-01 -3.975067965554338056e-02
-1.478155490988220522e-01 -2.554809967320454886e-02
-1.495111310907296653e-01 -1.112462645310836190e-02
-1.497886804027260821e-01 3.379364824303657602e-03
-1.486497208857693320e-01 1.782327352539615078e-02
-1.461098467876338902e-01 3.206771883886280067e-02
-1.421984779155116563e-01 4.597596160100672624e-02
-1.369584697094151371e-01 5.941528712104504617e-02
-1.304455838763491637e-01 7.225833406162758543e-02
-1.227278267875876183e-01 8.438435520875542384e-02
-1.138846642894455335e-01 9.568039690664455199e-02
-1.040061229046104624e-01 1.060423850230908793e-01
-9.319178859110632818e-02 1.153761065340484920e-01
-8.154971526599309739e-02 1.235980771553549795e-01
-6.919525617976993170e-02 1.306362868864326676e-01
-5.624983193621721500e-02 1.364308168459078263e-01
-4.283964948450617177e-02 1.409343223521968003e-01
-2.909438676166050189e-02 1.441123788124827609e-01
-1.514585783215022761e-02 1.459436886102243036e-01
-1.126673358245799256e-03 1.464201488035540288e-01
1.283108895713482543e-02 1.455467810441705701e-01
2.659718967856979782e-02 1.433415266787630704e-01
4.004449495165430389e-02 1.398349114837205698e-01
5.305019276316745580e-02 1.350695858910935521e-01
6.549694592039552454e-02 1.290997478731089332e-01
7.727397048438351679e-02 1.219904568491961827e-01
8.827802947031908321e-02 1.138168480504299640e-01
9.841433280672616524e-02 1.046632577104257555e-01
1.075973358064952201e-01 9.462227023997663022e-02
1.157514297290633265e-01 8.379369917815737701e-02
1.228115193858214799e-01 7.228351419051878834e-02
1.287234841413685826e-01 6.020272670283571825e-02
1.334445200728694159e-01 4.766624691636679734e-02
1.369433624501093238e-01 3.479172494962136375e-02
1.392003890720114878e-01 2.169838869621124738e-02
1.402076063243163362e-01 8.505890684511371522e-03
1.399685210917428480e-01 -4.666824219529646170e-03
1.384979028514091715e-01 -1.770261900035152020e-02
1.358214413791326014e-01 -3.048722200037285238e-02
1.319753065045797535e-01 -4.291023197808738199e-02
1.270056172449183785e-01 -5.486606184290997862e-02
1.209678284212809957e-01 -6.625481316705346402e-02
1.139260435115183739e-01 -7.698307461204909052e-02
1.059522630118913122e-01 -8.696463849231363119e-02
9.712557796697424140e-02 -9.612113081436571282e-02
8.753131858053916914e-02 -1.043825512618774265e-01
7.726016794189173587e-02 -1.116877207279535905e-01
6.640725089523039082e-02 -1.179846351115927117e-01
5.507120794904581118e-02 -1.232307251806383508e-01
4.335326387496154371e-02 -1.273930233450303595e-01
3.135630028882424591e-02 -1.304482391692539656e-01
1.918394105070806918e-02 -1.323827463702644536e-01
6.939658775380993377e-03 -1.331924848869345535e-01
-5.274089877771601965e-03 -1.328827823608415837e-01
-1.735669315406423649e-02 -1.314681000291982316e-01
-2.921017115076915416e-02 -1.289717085938104080e-01
-4.073991530016728146e-02 -1.254253000917010252e-01
-5.185537573128842781e-02 -1.208685421517470965e-01
-6.247069267102182272e-02 -1.153485812773149821e-01
-7.250526886297783968e-02 -1.089195019490467875e-01
-8.188428078778889341e-02 -1.016417483978211272e-01
-9.053912724985768712e-02 -9.358151586012017353e-02
-9.840781464217483732e-02 -8.481011800256341160e-02
-1.054352789030608556e-01 -7.540333699640794363e-02
-1.115736448280206100e-01 -6.544076244460178549e-02
-1.167824239891092353e-01 -5.500512502263028847e-02
-1.210286530374250213e-01 -4.418163029972634048e-02
-1.242869746171420403e-01 -3.305729776934032693e-02
-1.265396634989021662e-01 -2.172030964770746420e-02
-1.277766008449197910e-01 -1.025937350764184568e-02
-1.279951997477863368e-01 1.236897688025572969e-03
-1.272002853410995338e-01 1.268058509229745209e-02
-1.254039328654403818e-01 2.398504045216104039e-02
-1.226252670919108362e-01 3.506543746758930546e-02
-1.188902264626239408e-01 4.583929638845547772e-02
-1.142312952094295120e-01 5.622698062036494970e-02
-1.086872065658888581e-01 6.615216448328228860e-02
-1.023026200009301417e-01 7.554227159330033359e-02
-9.512777518413834121e-02 8.432888361386386977e-02
-8.721812515106031061e-02 9.244811934540936305e-02
-7.863395088123838195e-02 9.984098429023292864e-02
-6.943995924094004124e-02 1.064536909422916650e-01
-5.970486598558289587e-02 1.122379501107368394e-01
-4.950096527216384101e-02 1.171512335936933658e-01
-3.890368690758194692e-02 1.211570084787719909e-01
-2.799114236190696631e-02 1.242249432637668183e-01
-1.684366041287830087e-02 1.263310858707105688e-01
-5.543313164758548184e-03 1.274580134755589345e-01
5.826566894421119670e-03 1.275949539016279777e-01
1.718187816488881553e-02 1.267378781354619732e-01
2.843824888633425529e-02 1.248895633274273581e-01
3.951154305014939472e-02 1.220596254446088963e-01
5.031837243675151006e-02 1.182645205591826981e-01
6.077661377621728506e-02 1.135275135898866916e-01
7.080592981970096345e-02 1.078786131757217964e-01
8.032829285769027550e-02 1.013544712573373613e-01
8.926850893449088387e-02 9.399824587977022305e-02
9.755474069289353511e-02 8.585942571659599398e-02
1.051190264461723395e-01 7.699361485544453654e-02
1.118977927245875942e-01 6.746227648247914155e-02
1.178323571892691546e-01 5.733243426190441638e-02
1.228694184570681414e-01 4.667633042764206264e-02
1.269615290453150469e-01 3.557103988844762671e-02
1.300675473351673717e-01 2.409803999400680907e-02
1.321530641760531588e-01 1.234273601562105825e-02
1.331907995210425966e-01 3.939428572556444991e-04
1.331609643027829859e-01 -1.165667597408791278e-02
1.320515826402543225e-01 -2.371521055186220917e-02
1.298587694155718120e-01 -3.568614568557453015e-02
1.265869582839366514e-01 -4.747303824339588196e-02
1.222490752840414974e-01 -5.897922719457389384e-02
1.168666534049433575e-01 -7.010857227407477077e-02
1.104698837414193474e-01 -8.076621652438950583e-02
1.030975992344412284e-01 -9.085936733646468588e-02
9.479718744643864103e-02 -1.002980900051832214e-01
8.562442936067335419e-02 -1.089961072467388326e-01
7.564326181692905549e-02 -1.168715976075235391e-01
6.492546189685240166e-02 -1.238479852383480434e-01
5.355025234512626742e-02 -1.298547131249863373e-01
4.160382794918766891e-02 -1.348279915664763740e-01
2.917880369098936610e-02 -1.387115134856888865e-01
1.637358641862547010e-02 -1.414571280506473905e-01
3.291672751624511589e-03 -1.430254640869059457e-01
-9.959123081507013225e-03 -1.433864948764884684e-01
-2.326750678501128891e-02 -1.425200361714139552e-01
-3.651960124767987537e-02 -1.404161696019348426e-01
-4.959989687870004077e-02 -1.370755841317994050e-01
-6.239224748346121341e-02 -1.325098288037769301e-01
-7.478090327080294530e-02 -1.267414707251584838e-01
-8.665157178694934959e-02 -1.198041530599181226e-01
-9.789249685740042395e-02 -1.117425487147847424e-01
-1.083955449996603093e-01 -1.026122064219735924e-01
-1.180572882592415829e-01 -9.247928702138079327e-02
-1.267800720300734652e-01 -8.142018891771099498e-02
-1.344730561580725903e-01 -6.952106291989222642e-02
-1.410532175014541090e-01 -5.687721794656003249e-02
-1.464463021398992315e-01 -4.359242038660503249e-02
-1.505877155916177657e-01 -2.977809122112057283e-02
-1.534233397153439427e-01 -1.555240632525655732e-02
-1.549102654440129567e-01 -1.039306657745694973e-03
-1.550174311167925867e-01 1.363257370567908661e-02
-1.537261569426591479e-01 2.833105254893446973e-02
-1.510305670360317931e-01 4.292160724254185517e-02
-1.469378915052355905e-01 5.726863394037898236e-02
-1.414686422378330921e-01 7.123674605395829973e-02
-1.346566573012935586e-01 8.469209902409086110e-02
-1.265490102493912472e-01 9.750372775937982128e-02
-1.172057820788266203e-01 1.095448826100310080e-01
-1.066996951000582228e-01 1.206943494042147791e-01
-9.511560955318093535e-02 1.308377389009665603e-01
-8.254988539480710708e-02 1.398687310145871610e-01
-6.910961328545150995e-02 1.476902593446921819e-01
-5.491172039850803627e-02 1.542156219051480925e-01
-4.008195823091643961e-02 1.593695044834280428e-01
-2.475378110146506799e-02 1.630889037763224303e-01
-9.067125455095989203e-03 1.653239383329490886e-01
6.832898569089094869e-03 1.660385363837530159e-01
2.279739062095471544e-02 1.652109908345029410e-01
3.867510489043664984e-02 1.628343730448253701e-01
5.431394139118094627e-02 1.589167984771553965e-01
6.956246824922432404e-02 1.534815388778284495e-01
8.427145885010141335e-02 1.465669773193930547e-01
9.829542726217402326e-02 1.382264041726352088e-01
1.114941451102825082e-01 1.285276538675679814e-01
1.237341230280004228e-01 1.175525841231074287e-01
1.348900399723137744e-01 1.053964011529859995e-01
1.448461040423627000e-01 9.216683616791340738e-02
1.534973290022755843e-01 7.798318026826205063e-02
1.607507114627799161e-01 6.297518653502039154e-02
1.665262946202809013e-01 4.728184975733172590e-02
1.707581055760362954e-01 3.105007576134411612e-02
1.733949545500637901e-01 1.443325370718081396e-02
1.744010857503668355e-01 -2.410254020177787088e-03
1.737566712416893089e-01 -1.931868860154985906e-02
1.714581408611318691e-01 -3.612852160788888878e-02
1.675183430306987631e-01 -5.267611447571274308e-02
1.619665331978685230e-01 -6.879939271569951442e-02
1.548481885720829621e-01 -8.433951660894405122e-02
1.462246497942365497e-01 -9.914253003131746900e-02
1.361725921538336492e-01 -1.130609691489420643e-01
1.247833309302101984e-01 -1.259554130473378997e-01
1.121619673558728325e-01 -1.376959588909091592e-01
9.842638355773511427e-02 -1.481636049529670152e-01
8.370609660265164453e-02 -1.572515258015900474e-01
6.814098343496474697e-02 -1.648662250628635251e-01
5.187989002486894513e-02 -1.709285524974965553e-01
3.507913942790008566e-02 -1.753745736042596759e-01
1.790095467021979997e-02 -1.781562815867566429e-01
5.118134060953256209e-04 -1.792421432694758787e-01
-1.691924787017239779e-02 -1.786174724039368278e-01
-3.422236164644505002e-02 -1.762846257437378217e-01
-5.122857042336513567e-02 -1.722630192650011494e-01
-6.777156193384338556e-02 -1.665889639418806911e-01
-8.368937956119303079e-02 -1.593153225307371579e-01
-9.882608921814585445e-02 -1.505109908464216661e-01
-1.130333844217057959e-01 -1.402602090051258688e-01
-1.261721119861418383e-01 -1.286617100362142940e-01
-1.381137016500562920e-01 -1.158277151069092431e-01
-1.487414840424576556e-01 -1.018827863363045566e-01
-1.579518826637426598e-01 -8.696254977797598928e-02
-1.656554669948049341e-01 -7.121230260413312363e-02
-1.717778554334264129e-01 -5.478551981141719512e-02
-1.762604584721317869e-01 -3.784227687381890026e-02
-1.790610543546822253e-01 -2.054760567881300931e-02
-1.801541913569442988e-01 -3.069801788211893798e-03
-1.795314128085853944e-01 1.442129844244077579e-02
-1.772013029808117979e-01 3.175605207804279434e-02
-1.731893539877043808e-01 4.876673629036051838e-02
-1.675376558600725485e-01 6.528924882226046222e-02
-1.603044139268587631e-01 8.116476391930579903e-02
-1.515632995562740115e-01 9.624132601359956796e-02
-1.414026421441864079e-01 1.103753642429345649e-01
-1.299244719691600436e-01 1.234331118784023351e-01
-1.172434251417101558e-01 1.352919159023424356e-01
-1.034855233412753095e-01 1.458414233104555202e-01
-8.878684234148594145e-02 1.549846321897058732e-01
-7.329208445804298588e-02 1.626387972282554717e-01
-5.715307100171079790e-02 1.687361810246253702e-01
-4.052717157181040530e-02 1.732246443589393892e-01
-2.357568757594959499e-02 1.760680704469799462e-01
-6.462207704930552493e-03 1.772466200948125958e-01
1.064904677413283651e-02 1.767568165846073180e-01
2.759486911779827911e-02 1.746114610277281487e-01
4.421468909017736010e-02 1.708393807962629851e-01
6.035215280032021207e-02 1.654850154666523132e-01
7.585664403256536792e-02 1.586078464575998992e-01
9.058473155966711987e-02 1.502816781988683126e-01
1.044015279466575519e-01 1.405937802091667965e-01
1.171819465246995429e-01 1.296439008731005149e-01
1.288118445222783404e-01 1.175431649739054757e-01
1.391890417681088954e-01 1.044128681473281417e-01
1.482242059070186802e-01 9.038318236160014507e-02
1.558415966767491556e-01 7.559178729038093514e-02
1.619796634593613782e-01 6.018244302355842124e-02
1.665914920245904762e-01 4.430351995109471641e-02
1.696450981027992078e-01 2.810650185631044864e-02
1.711235671410356873e-01 1.174447826816479683e-02
1.710250412864336989e-01 -4.629358049376254905e-03
1.693625562868525669e-01 -2.086319294319088566e-02
1.661637325802282350e-01 -3.680803704585287883e-02
1.614703263437947400e-01 -5.231912195593346748e-02
1.553376476757263036e-01 -6.725723293233147604e-02
1.478338543700470353e-01 -8.148996557940275942e-02
1.390391309078158055e-01 -9.489289508907214343e-02
1.290447633124920390e-01 -1.073506478006781700e-01
1.179521213959006803e-01 -1.187578661219711729e-01
1.058715606463295628e-01 -1.290200592076849728e-01
9.292125657712740905e-02 -1.380543331971747223e-01
7.922598476002104539e-02 -1.457899962512886616e-01
6.491586001167108655e-02 -1.521690350824881077e-01
5.012504828628853992e-02 -1.571464611231006003e-01
3.499046475502595732e-02 -1.606905259068746039e-01
1.965047132985831002e-02 -1.627828066318397215e-01
4.243586523121317677e-03 -1.634181642119782174e-01
-1.109277996722066867e-02 -1.626045773966593444e-01
-2.622355618164587746e-02 -1.603628577267939559e-01
-4.101718930492974369e-02 -1.567262511933363578e-01
-5.534676936291595128e-02 -1.517399334568128588e-01
-6.909108594152015004e-02 -1.454604063674203029e-01
-8.213560965246538559e-02 -1.379548042871310276e-01
-9.437339111948542247e-02 -1.293001193532019588e-01
-1.057058713488525092e-01 -1.195823553334028344e-01
-1.160435984639194285e-01 -1.088956201058674245e-01
-1.253068469099606064e-01 -9.734116705124185032e-02
-1.334261363584276772e-01 -8.502639577399032089e-02
-1.403426486449061705e-01 -7.206382257719450013e-02
-1.460085421494805580e-01 -5.857003100634850662e-02
-1.503871640597717885e-01 -4.466461255929885660e-02
-1.534531619346163334e-01 -3.046910733964559165e-02
-1.551924969004560007e-01 -1.610595401872073895e-02
-1.556023616546163557e-01 -1.697457976713003316e-03
-1.546910072127936908e-01 1.263521407265855157e-02
-1.524774830167600070e-01 2.677300529604794560e-02
-1.489912956085570062e-01 4.059989879040069166e-02
-1.442719915768127248e-01 5.400380017870635985e-02
-1.383686708883100358e-01 6.687736719920224504e-02
-1.313394370340343897e-01 7.911878148744985739e-02
-1.232507906454818059e-01 9.063245850552925642e-02
-1.141769733771629547e-01 1.013296923200314309e-01
-1.041992689093211855e-01 1.111292326609033682e-01
-9.340526790628167486e-02 1.199577923977030447e-01
-8.188810367687245073e-02 1.277504842406234908e-01
-6.974566513109078936e-02 1.344511861039818235e-01
-5.707979341931905537e-02 1.400128351541269078e-01
-4.399546838506479540e-02 1.443976510974705196e-01
-3.059999066782594784e-02 1.475772897443889398e-01
-1.700216496779008782e-02 1.495329283090931771e-01
-3.311489637135156192e-03 1.502552842734561911e-01
1.036264259804213841e-02 1.497445699546061382e-01
2.391172834780379286e-02 1.480103851733532427e-01
3.722891762829736578e-02 1.450715506257411191e-01
5.020975457640725059e-02 1.409558847166711426e-01
6.275289143688182747e-02 1.356999267269213272e-01
7.476077277328219139e-02 1.293486092579531621e-01
8.614028715420826710e-02 1.219548829382101213e-01
9.680338383966519133e-02 1.135792963861168431e-01
1.066676522369388869e-01 1.042895344149119830e-01
1.156568621097917304e-01 9.415991743912660583e-02
1.237014627090339824e-01 8.327086500825499338e-02
1.307390391474491653e-01 7.170832635606858019e-02
1.367147244694784936e-01 5.956318081988155183e-02
1.415815659687279238e-01 4.693061095820826034e-02
1.453008443877805145e-01 3.390945118239138689e-02
1.478423446992234436e-01 2.060151472195891065e-02
1.491845772190679709e-01 7.110901767927179512e-03
1.493149478491665461e-01 -6.456708314625458738e-03
1.482298762894565247e-01 -1.999477774220346366e-02
1.459348611097230630e-01 -3.339664097851914593e-02
1.424444906299604796e-01 -4.655624213212957579e-02
1.377823986341006890e-01 -5.936887576591299426e-02
1.319811640393997176e-01 -7.173192763604042954e-02
1.250821537682644813e-01 -8.354561169939447862e-02
1.171353082253691613e-01 -9.471369953746197612e-02
1.081988689744917548e-01 -1.051442381466802523e-01
9.833904843977232801e-02 -1.147502518458435317e-01
8.762964172734159785e-02 -1.234504238568539664e-01
7.615158097681835880e-02 -1.311697529326603107e-01
6.399243300831955472e-02 -1.378401802428152467e-01
5.124584142857775693e-02 -1.434011815900131936e-01
3.801091479761345426e-02 -1.478003199275743085e-01
2.439156293214403762e-02 -1.509937530853002474e-01
1.049578392939811040e-02 -1.529466915963263729e-01
-3.565094969955689974e-03 -1.536338015569488624e-01
-1.767721900467430357e-02 -1.530395475507233816e-01
-3.172504575593515508e-02 -1.511584708324590631e-01
-4.559221842801821495e-02 -1.479953982012181812e-01
-5.916246714996447470e-02 -1.435655772972164179e-01
-7.232053233904457701e-02 -1.378947344376106610e-01
-8.495310362597863207e-02 -1.310190515613615658e-01
-9.694976733255242229e-02 -1.229850593831786215e-01
-1.082039550247309717e-01 -1.138494444591789528e-01
-1.186138852486712247e-01 -1.036787685391391406e-01
-1.280834902030382749e-01 -9.254909931753994845e-02
-1.365233188181701474e-01 -8.054555249211174661e-02
-1.438514075097537259e-01 -6.776174588707681301e-02
-1.499941097598318229e-01 -5.429916729032417677e-02
-1.548868756582818529e-01 -4.026645857975066217e-02
-1.584749726194208119e-01 -2.577861966333515331e-02
-1.607141386758824952e-01 -1.095613671864449634e-02
-1.615711600488120014e-01 4.075959821894429777e-03
-1.610243651016746713e-01 1.918910114636814684e-02
-1.590640273049787334e-01 3.425224248523495857e-02
-1.556926704697302599e-01 4.913297388513519076e-02
-1.509252702455791684e-01 6.369867031348498687e-02
-1.447893467208050122e-01 7.781767131313567509e-02
-1.373249438992845683e-01 9.136047974686725692e-02
-1.285844928565103296e-01 1.042009685843511835e-01
-1.186325564831417212e-01 1.162175842009928323e-01
-1.075454548995562476e-01 1.272945342892707055e-01
-9.541077185612971412e-02 1.373229482381476407e-01
-8.232674370800482921e-02 1.462019977227871637e-01
-6.840153385531977381e-02 1.538399652715860821e-01
-5.375239685478795659e-02 1.601552487451794182e-01
-3.850473771998357692e-02 1.650772899755489076e-01
-2.279107321904466979e-02 1.685474162737529424e-01
-6.749903232853449869e-03 1.705195841212284180e-01
9.475498562838500366e-03 1.709610151092367247e-01
2.573836429812111082e-02 1.698527150789828077e-01
4.188977035642191260e-02 1.671898684343846586e-01
5.778002229239599663e-02 1.629821007416246414e-01
7.326007302061461612e-02 1.572536039838355326e-01
8.818296038288551963e-02 1.500431201931378966e-01
1.024052496522280947e-01 1.414037806217205151e-01
1.157884661350477018e-01 1.314027991232077641e-01
1.282005027987327406e-01 1.201210199783738497e-01
1.395169877866608010e-01 1.076523219974212242e-01
1.496225967913417942e-01 9.410288234574758215e-02
1.584122955418912071e-01 7.959030515194710775e-02
1.657924981247484164e-01 6.424262154590315577e-02
1.716821274947812337e-01 4.819716932127744713e-02
1.760135653436125103e-01 3.159936190066599260e-02
1.787334794668455906e-01 1.460135768375613909e-02
1.798035179032939079e-01 -2.639357839760537311e-03
1.792008603966178948e-01 -1.996146364780741408e-02
1.769186191401564134e-01 -3.720135380149564019e-02
1.729660822945192078e-01 -5.419473160850638016e-02
1.673687953982188892e-01 -7.077823109043214489e-02
1.601684775062470478e-01 -8.679104895208819559e-02
1.514227706706663956e-01 -1.020765698779084324e-01
1.412048232004980697e-01 -1.164839678003677659e-01
1.296027089840844637e-01 -1.298697658030902313e-01
1.167186870037391494e-01 -1.420993375396535363e-01
1.026683069975915102e-01 -1.530483334683476471e-01
8.757936900479032505e-02 -1.626040158210250719e-01
7.159074624560440858e-02 -1.706664870359136388e-01
5.485108241595743062e-02 -1.771497973825753303e-01
3.751737599589646116e-02 -1.819829186823969103e-01
1.975346556387212391e-02 -1.851105723680679382e-01
1.728431355328173893e-03 -1.864939016162348306e-01
-1.638507061158869099e-02 -1.861109789126755010e-01
-3.441252461307922617e-02 -1.839571421508407745e-01
-5.217930355171464946e-02 -1.800451542027515506e-01
-6.951243107801476084e-02 -1.744051828149436045e-01
-8.624233872657728617e-02 -1.670845996492016650e-01
-1.022045991957037520e-01 -1.581475992851652523e-01
-1.172416170198403579e-01 -1.476746410059027459e-01
-1.312042582211824793e-01 -1.357617181743631107e-01
-1.439534010780287310e-01 -1.225194619543951702e-01
-1.553613909078091770e-01 -1.080720880112860938e-01
-1.653133827244211429e-01 -9.255619662068373388e-02
-1.737085567823378196e-01 -7.611943829944722850e-02
-1.804611933512397237e-01 -5.891905862675374250e-02
-1.855015945597322247e-01 -4.112033732952365822e-02
-1.887768427880464062e-01 -2.289493794549603278e-02
-1.902513868585982704e-01 -4.419185434659409981e-03
-1.899074491493774053e-01 1.412771002803861302e-02
-1.877452487164595896e-01 3.256546418961582534e-02
-1.837830375354653212e-01 5.071454545482232540e-02
-1.780569490336972871e-01 6.839799766850579443e-02
-1.706206601606251316e-01 8.544323939423575931e-02
-1.615448703097889238e-01 1.016838203644800931e-01
-1.509166024355937663e-01 1.169611162246224079e-01
-1.388383336798132139e-01 1.311259433563876087e-01
-1.254269647115631159e-01 1.440400764380765919e-01
-1.108126387687103087e-01 1.555776524691265816e-01
-9.513742304709502107e-02 1.656264462422081529e-01
-7.855386659707093433e-02 1.740890036723976575e-01
-6.122345023700758587e-02 1.808836209728973132e-01
-4.331494516486614210e-02 1.859451593814536174e-01
-2.500269792828542156e-02 1.892256869705723210e-01
-6.464860189697078582e-03 1.906949409960258524e-01
1.211841771275908551e-02 1.903406062291177203e-01
3.056681006130982162e-02 1.881684067550443429e-01
4.870163643908399093e-02 1.842020107783522986e-01
6.634766041898312872e-02 1.784827500326243988e-01
8.333484720078687680e-02 1.710691574209800558e-01
9.950006166728274370e-02 1.620363284930267100e-01
1.146886890686119320e-01 1.514751142695638098e-01
1.287561614801110699e-01 1.394911547366602667e-01
1.415693743005285166e-01 1.262037640250327497e-01
1.530079783502579782e-01 1.117446798498202970e-01
1.629655345768306063e-01 9.625669119253282835e-02
1.713505199592575134e-01 7.989215944577432449e-02
1.780871749043029528e-01 6.281144929909288077e-02
1.831161842255316363e-01 4.518128651008355978e-02
1.863951856681518859e-01 2.717306037018238363e-02
1.878991018667084956e-01 8.961089133465273762e-03
1.876202935755906520e-01 -9.279133074204297393e-03
1.855685339710123338e-01 -2.737268930998931760e-02
1.817708057646678643e-01 -4.514697444776959862e-02
1.762709247711951588e-01 -6.243339338093448210e-02
1.691289954121568684e-01 -7.906900535784394668e-02
1.604207053977348973e-01 -9.489809777589114370e-02
1.502364684842482923e-01 -1.097736737003121715e-01
1.386804257429290199e-01 -1.235588384787545263e-01
1.258693171768103525e-01 -1.361280720771126662e-01
1.119312367736445685e-01 -1.473683751496494554e-01
9.700428517104378590e-02 -1.571802783589406893e-01
8.123513502526315266e-02 -1.654787060595752646e-01
6.477752490919971851e-02 -1.721936871338182184e-01
4.779069811256759365e-02 -1.772709074969830434e-01
3.043780307448696459e-02 -1.806721005541234437e-01
1.288427234491218085e-02 -1.823752736668305952e-01
-4.703803052227893342e-03 -1.823747704585994278e-01
-2.216128719096712232e-02 -1.806811705290631287e-01
-3.932558447706326760e-02 -1.773210298417438879e-01
-5.603818083268633649e-02 -1.723364666781491417e-01
-7.214612584606262813e-02 -1.657845995955233021e-01
-8.750344177599236883e-02 -1.577368452701988222e-01
-1.019724463148138915e-01 -1.482780854386553382e-01
-1.154249771502194044e-01 -1.375057133511920215e-01
-1.277435076105713496e-01 -1.255285712174535051e-01
-1.388221440133114992e-01 -1.124657910397819788e-01
-1.485674967442653094e-01 -9.844555199234406029e-02
-1.568994185592202661e-01 -8.360376810611135079e-02
-1.637516050999603401e-01 -6.808272045902932779e-02
-1.690720541368322949e-01 -5.202964834612290590e-02
-1.728233815710113752e-01 -3.559531401690864405e-02
-1.749829937344837272e-01 -1.893255552031839969e-02
-1.755431169976179318e-01 -2.194841995258101086e-03
-1.745106871171662744e-01 1.446515460545201581e-02
-1.719071021167955515e-01 3.089695786044054440e-02
-1.677678437741846607e-01 4.695364241791832871e-02
-1.621419739810926464e-01 6.249313459017980660e-02
-1.550915133348335362e-01 7.737944671543368902e-02
-1.466907103021001801e-01 9.148383493948517020e-02
-1.370252101615155871e-01 1.046858710917907276e-01
-1.261911336738155420e-01 1.168744204185700603e-01
-1.142940760440431663e-01 1.279485180753999751e-01
-1.014480372261526986e-01 1.378181384583437308e-01
-8.777429497624109067e-02 1.464048526515824566e-01
-7.340023228715575332e-02 1.536423704764021125e-01
-5.845813093693280615e-02 1.594769648273989260e-01
-4.308394286033680187e-02 1.638677771636881109e-01
-2.741605091200069455e-02 1.667870041733121589e-01
-1.159403033783451727e-02 1.682199667364512041e-01
4.242578083891680382e-03 1.681650633669981021e-01
1.995547272050929646e-02 1.666336113032676758e-01
3.540876360630999115e-02 1.636495793390053688e-01
5.047010344282704120e-02 1.592492173286447210e-01
6.501176838985436857e-02 1.534805880604888373e-01
7.891168068972467808e-02 1.464030078640170263e-01
9.205436594167500097e-02 1.380864029000636317e-01
1.043318386502677664e-01 1.286105885736835985e-01
1.156444105012425089e-01 1.180644799088874930e-01
1.259014166596268691e-01 1.065452410330629957e-01
1.350218562287001933e-01 9.415738213889079944e-02
1.429349438453333954e-01 8.101181242601732113e-02
1.495805702088980893e-01 6.722485757769669501e-02
1.549096701396972253e-01 5.291725030388444440e-02
1.588844975319473607e-01 3.821310238735804721e-02
1.614788072998775692e-01 2.323886650940184054e-02
1.626779451085971218e-01 8.122295912881374522e-03
1.624788463300868846e-01 -7.008590310124847983e-03
1.608899462660234314e-01 -2.202652883469612827e-02
1.579310042311307949e-01 -3.680601350591812537e-02
1.536328445922752473e-01 -5.122426979601337610e-02
1.480370183093358272e-01 -6.516219599375380755e-02
1.411953889245642357e-01 -7.850526523300452308e-02
1.331696472989793711e-01 -9.114438290896063888e-02
1.240307596992538119e-01 -1.029766944799352102e-01
1.138583540990036891e-01 -1.139063391047248908e-01
1.027400497772974486e-01 -1.238451450165397316e-01
9.077073547778786999e-02 -1.327132629808103204e-01
7.805180153760064854e-02 -1.404397346231364696e-01
6.469033150955633138e-02 -1.469629928431606947e-01
5.079825888803130018e-02 -1.522312919488530980e-01
3.649149461126305338e-02 -1.562030655528410805e-01
2.188903105445479114e-02 -1.588472106678813778e-01
7.112028251646515531e-03 -1.601432968227692322e-01
-7.717111907367213940e-03 -1.600816993938164179e-01
-2.247567776355508321e-02 -1.586636567118291374e-01
-3.704158053318842153e-02 -1.559012508619106452e-01
-5.129428181121616082e-02 -1.518173124452944223e-01
-6.511571026997579892e-02 -1.464452499207832548e-01
-7.839116193477931038e-02 -1.398288044903021610e-01
-9.101017847275341688e-02 -1.320217318405601248e-01
-1.028673979969488422e-01 -1.230874124027117045e-01
-1.138633729656556431e-01 -1.130983921458141167e-01
-1.239053498490332028e-01 -1.021358562790583707e-01
-1.329080053439380960e-01 -9.028903860306689011e-02
-1.407941340459019919e-01 -7.765456962236724769e-02
-1.474952826375102721e-01 -6.433576690930073450e-02
-1.529523258280584275e-01 -5.044187159334317244e-02
-1.571159794834764978e-01 -3.608723523771968644e-02
-1.599472466212298882e-01 -2.139046175526171378e-02
-1.614177922152072731e-01 -6.473509405010765064e-03
-1.615102430632185393e-01 8.539241703182272325e-03
-1.602184093170223866e-01 2.352195079079238277e-02
-1.575474246637059983e-01 3.834830010839417047e-02
-1.535138025791224214e-01 5.289249462932613111e-02
-1.481454065496895234e-01 6.703027089343466249e-02
-1.414813326781965697e-01 8.063990785737620848e-02
-1.335717036515965128e-01 9.360323234461699615e-02
-1.244773736524955043e-01 1.058066114654708650e-01
-1.142695444387358955e-01 1.171419242014574980e-01
-1.030292934937494659e-01 1.275075042250634061e-01
-9.084701585998891660e-02 1.368090459615503018e-01
-7.782178200358416675e-02 1.449604658993473294e-01
-6.406061481441401029e-02 1.518847112248853659e-01
-4.967768961521213528e-02 1.575145080009998366e-01
-3.479346182856551256e-02 1.617930413290415981e-01
-1.953372772345524089e-02 1.646745602365821404e-01
-4.028624424505295246e-03 1.661249004171334032e-01
1.158842389197010936e-02 1.661219184166730645e-01
2.718180598035283349e-02 1.646558314139154044e-01
4.261486138122554113e-02 1.617294573759964216e-01
5.775104722421576381e-02 1.573583510861304990e-01
7.245512449190223692e-02 1.515708323312073280e-01
8.659435376762644743e-02 1.444079034003444839e-01
1.000396900780560205e-01 1.359230539739745836e-01
1.126669661169548975e-01 1.261819524698126471e-01
1.243580529078506802e-01 1.152620239485436932e-01
1.350019868373207865e-01 1.032519157587486469e-01
1.444960519736273596e-01 9.025085320690170998e-02
1.527468066824652360e-01 7.636788866280291854e-02
1.596710437664582427e-01 6.172104864137575864e-02
1.651966736901962218e-01 4.643638452556050900e-02
1.692635209090661008e-01 3.064693369881683546e-02
1.718240238973980094e-01 1.449159892596240534e-02
1.728438301674579958e-01 -1.886045155944877927e-03
1.723022783819288806e-01 -1.833900861281980571e-02
1.701927605834782919e-01 -3.471819514300371334e-02
1.665229585889909381e-01 -5.087375184815659535e-02
1.613149497146705857e-01 -6.665644763112195392e-02
1.546051782016456266e-01 -8.191906741533404313e-02
1.464442899886994054e-01 -9.651780891047304078e-02
1.368968298167633213e-01 -1.103136683095324033e-01
1.260408010351746488e-01 -1.231738011011266620e-01
1.139670898977176439e-01 -1.349728441241362931e-01
1.007787575716043299e-01 -1.455941850844433283e-01
8.659020451861841605e-02 -1.549311659986277734e-01
7.152621332798435316e-02 -1.628882074283276860e-01
5.572087746822597387e-02 -1.693818409209100206e-01
3.931642476339053394e-02 -1.743416377746318524e-01
2.246194567076604393e-02 -1.777110230951525205e-01
5.312037626241236307e-03 -1.794479650987313157e-01
-1.197462218599143480e-02 -1.795255307374816478e-01
-2.923676230550952687e-02 -1.779322999636158975e-01
-4.631204652566367486e-02 -1.746726323009453741e-01
-6.303863258749532739e-02 -1.697667808396345623e-01
-7.925674458432808989e-02 -1.632508502995246302e-01
-9.481024322503067703e-02 -1.551765974021007966e-01
-1.095481778734057193e-01 -1.456110734341354296e-01
-1.233263042246849073e-01 -1.346361105590110907e-01
-1.360085516015382412e-01 -1.223476551158386022e-01
-1.474684241530779816e-01 -1.088549528223667906e-01
-1.575903207206336698e-01 -9.427959244573788644e-02
-1.662707587909915408e-01 -7.875441610577410545e-02
-1.734194887865390111e-01 -6.242230590934691459e-02
-1.789604859353722544e-01 -4.543485806264084548e-02
-1.828328081138617667e-01 -2.795095695268861799e-02
-1.849913093483340765e-01 -1.013526291332121285e-02
-1.854072000884326443e-01 7.843371522236844071e-03
-1.840684469075991592e-01 2.581354114394030300e-02
-1.809800059295916530e-01 4.360296685246434906e-02
-1.761638860062333667e-01 6.104019660444154338e-02
-1.696590394616466213e-01 7.795631099501028338e-02
-1.615210800520607837e-01 9.418661573504810702e-02
-1.518218296471341988e-01 1.095723032537763292e-01
-1.406486969973248791e-01 1.239620658286727239e-01
-1.281038937906898434e-01 1.372136430138414243e-01
-1.143034950000971217e-01 1.491952867028078500e-01
-9.937635225702190489e-02 1.597871279174027659e-01
-8.346287064023584501e-02 1.688824303539104843e-01
-6.671366081698382189e-02 1.763887168316516096e-01
-4.928807990194403188e-02 1.822287560661536299e-01
-3.135267568796965693e-02 1.863413986154950075e-01
-1.307955003643468742e-02 1.886822524088612174e-01
5.355341820174434886e-03 1.892241899436945540e-01
2.377393852716272460e-02 1.879576810134039877e-01
4.199784827945552551e-02 1.848909466815112645e-01
5.985013439464401119e-02 1.800499321293616006e-01
7.715709207710746975e-02 1.734780979513710075e-01
9.374999768246099208e-02 1.652360314319216428e-01
1.094668120194326189e-01 1.554008812889168534e-01
1.241538196607595151e-01 1.440656212881509801e-01
1.376671868715068914e-01 1.313381499978254485e-01
1.498744215956245018e-01 1.173402357421102910e-01
1.606557199604960740e-01 1.022063175058252893e-01
1.699051849533906311e-01 8.608217411939966812e-02
1.775319042796815738e-01 6.912347549592526286e-02
1.834608759151000745e-01 5.149423098357092110e-02
1.876337714960262526e-01 3.336515102188692544e-02
1.900095294342401542e-01 1.491193923656732034e-02
1.905647714756837086e-01 -3.686467136841552542e-03
1.892940383255859171e-01 -2.224969005264581384e-02
1.862098419129190052e-01 -4.059771787837705703e-02
1.813425338431937928e-01 -5.855270809888118988e-02
1.747399915673965576e-01 -7.594076662522737664e-02
1.664671257537667093e-01 -9.259368510874191327e-02
1.566052142657443080e-01 -1.083506181422211334e-01
1.452510700019675471e-01 -1.230596829116637619e-01
1.325160516216896400e-01 -1.365794647343340773e-01
1.185249278414991225e-01 -1.487804129720407265e-01
1.034146075281783261e-01 -1.595461130295228458e-01
8.733274921085816545e-02 -1.687744215221755884e-01
7.043626487801080138e-02 -1.763784532086846435e-01
5.288973399785487639e-02 -1.822874099146048754e-01
3.486374459309531104e-02 -1.864472434033382642e-01
1.653317890343768831e-02 -1.888211459611045806e-01
-1.924538324849893456e-03 -1.893898643313060015e-01
-2.033121057840215837e-02 -1.881518345395705172e-01
-3.850964089995234652e-02 -1.851231370718390834e-01
-5.628538545156983042e-02 -1.803372737822486471e-01
-7.348847127615808217e-02 -1.738447697936188197e-01
-8.995506071262898695e-02 -1.657126054899476231e-01
-1.055290456054070181e-01 -1.560234854671070093e-01
-1.200635553128043126e-01 -1.448749529855414830e-01
-1.334223635499615923e-01 -1.323783600390975312e-01
-1.454811802872357229e-01 -1.186577046004570063e-01
-1.561288162492477649e-01 -1.038483479109587743e-01
-1.652682090069283738e-01 -8.809562583759569798e-02
-1.728173012072141967e-01 -7.155336931133055023e-02
-1.787097631239430995e-01 -5.438234967928678304e-02
-1.828955534195676746e-01 -3.674866544166980470e-02
-1.853413137606278738e-01 -1.882208729748788972e-02
-1.860305947102753044e-01 -7.743786885098906392e-04
-1.849639121082726767e-01 1.722239089211243315e-02
-1.821586349227528878e-01 3.499752266985484833e-02
-1.776487072990211857e-01 5.238333857339373678e-02
-1.714842092199002355e-01 6.921678803934148971e-02
-1.637307618115302621e-01 8.534099588161789263e-02
-1.544687848612266157e-01 1.006067362683448763e-01
-1.437926155443239318e-01 1.148738187957537432e-01
-1.318094986707244176e-01 1.280123737305171594e-01
-1.186384599465235973e-01 1.399040246949548039e-01
-1.044090747907528149e-01 1.504429383783748020e-01
-8.926014614289887183e-02 1.595367422561221049e-01
-7.333830543629010768e-02 1.671073027687275947e-01
-5.679655149044914725e-02 1.730913579393952018e-01
-3.979274248886054827e-02 1.774409999711720476e-01
-2.248805645598293129e-02 1.801240049477064176e-01
-5.045435729391511623e-03 1.811240083458503236e-01
1.237196915782157354e-02 1.804405266372385297e-01
2.960234100851340949e-02 1.780888267926589441e-01
4.648670812266463004e-02 1.740996469915749023e-01
6.287041284066484381e-02 1.685187732645554992e-01
7.860452289343414223e-02 1.614064781446927499e-01
9.354717278179217055e-02 1.528368286626416439e-01
1.075648233189900466e-01 1.428968721773717088e-01
1.205334284831123814e-01 1.316857095811772571e-01
1.323394998268060396e-01 1.193134663445960808e-01
1.428810598665556930e-01 1.059001726678560629e-01
1.520684771081207143e-01 9.157456467515320830e-02
1.598251766441625144e-01 7.647281912293327211e-02
1.660882215698403497e-01 6.073723449150199294e-02
1.708087617876859754e-01 4.451487159041640079e-02
1.739523481001161442e-01 2.795616693344063139e-02
1.754991108027007807e-01 1.121353213109420495e-02
1.754438032805687719e-01 -5.560047587927762283e-03
1.737957123616467869e-01 -2.221240287553878645e-02
1.705784383821973837e-01 -3.859354530972915892e-02
1.658295490617299750e-01 -5.455699600003743877e-02
1.596001123562515167e-01 -6.996106635409465868e-02
1.519541144525819731e-01 -8.467008028566831712e-02
1.429677699748524988e-01 -9.855552790566660115e-02
1.327287322913318357e-01 -1.114971415698587376e-01
1.213352125306265267e-01 -1.233838860498776002e-01
1.088950165375590917e-01 -1.341148555364603256e-01
9.552450951835753101e-02 -1.436000711648722228e-01
8.134751854109610603e-02 -1.517611737611586908e-01
6.649418337066478890e-02 -1.585320075336073831e-01
5.109976632905591926e-02 -1.638590914662482745e-01
3.530343198359277290e-02 -1.677019762004793579e-01
1.924700748096993749e-02 -1.700334852076435810e-01
3.073734267552967470e-03 -1.708398400508663872e-01
-1.307297822904990824e-02 -1.701206705006783892e-01
-2.905078663027878955e-02 -1.678889111986043292e-01
-4.471962534695197999e-02 -1.641705874495267004e-01
-5.994288642350148466e-02 -1.590044935615462507e-01
-7.458855833976599237e-02 -1.524417679364374334e-01
-8.853031514110965006e-02 -1.445453698406176934e-01
-1.016485478352118083e-01 -1.353894634526292273e-01
-1.138313306050293267e-01 -1.250587153860650558e-01
-1.249753150353618419e-01 -1.136475124250174995e-01
-1.349865462285033402e-01 -1.012591066815439200e-01
-1.437811953862188907e-01 -8.800469579105554829e-02
-1.512862041546083613e-01 -7.400244610225276132e-02
-1.574398367595187531e-01 -5.937646709409535178e-02
-1.621921366976233347e-01 -4.425574546461605308e-02
-1.655052854870947276e-01 -2.877304748684759300e-02
-1.673538617173759846e-01 -1.306379831775021302e-02
-1.677249993657453087e-01 2.735053020950646910e-03
-1.666184450654602245e-01 1.848617429324206363e-02
-1.640465147129429868e-01 3.405298770859022800e-02
-1.600339504868270590e-01 4.930079609372760296e-02
-1.546176800171782106e-01 6.409788925135698201e-02
-1.478464800866207685e-01 7.831662239768007183e-02
-1.397805478645197108e-01 9.183445883003785171e-02
-1.304909832691171223e-01 1.045349692753307358e-01
-1.200591866191202256e-01 1.163087807070331131e-01
-1.085761762743632647e-01 1.270544677914380860e-01
-9.614183147359542381e-02 1.366793805303168907e-01
-8.286406605501601963e-02 1.451004021056503945e-01
-6.885793919073437963e-02 1.522446314008068513e-01
-5.424470967869753080e-02 1.580499851699262159e-01
-3.915084071356587925e-02 1.624657153518290209e-01
-2.370696240020103360e-02 1.654528375750383695e-01
-8.046799578424577645e-03 1.669844674750323443e-01
7.693927206038524494e-03 1.670460620421348463e-01
2.337861952368732593e-02 1.656355638369221284e-01
3.887092943208908524e-02 1.627634465479553261e-01
5.403589001160886973e-02 1.584526610221522469e-01
6.874103958884249244e-02 1.527384815690676356e-01
8.285753112539759324e-02 1.456682530243793294e-01
9.626121825474176497e-02 1.373010397522945458e-01
1.088337095071992972e-01 1.277071784683878886e-01
1.204633823747919552e-01 1.169677374701816597e-01
1.310463490353097338e-01 1.051738855688473251e-01
1.404873657803940579e-01 9.242617471761110925e-02
1.487006784768795109e-01 7.883374102629432667e-02
1.556107967352121924e-01 6.451342953203242914e-02
1.611531898640762017e-01 4.958884875838798223e-02
1.652748981566007913e-01 3.418936173326962008e-02
1.679350535803376676e-01 1.844902074449704041e-02
1.691053045296709023e-01 2.505453684494741637e-03
1.687701399438862049e-01 -1.350128963371458740e-02
1.669271087945452814e-01 -2.942992232456522958e-02
1.635869316991294675e-01 -4.513912714938338178e-02
1.587735022204387336e-01 -6.048877544715480087e-02
1.525237762584995549e-01 -7.534114831583725580e-02
1.448875488285366053e-01 -8.956214985505553394e-02
1.359271184389227727e-01 -1.030225021303672467e-01
1.257168402302375754e-01 -1.155989114512501886e-01
1.143425700032399961e-01 -1.271751955738558981e-01
1.019010022416404343e-01 -1.376433615490461893e-01
8.849890621640790767e-02 -1.469046241391750718e-01
7.425226523281946989e-02 -1.548703550255329797e-01
5.928532503997044345e-02 -1.614629534234543751e-01
4.372955835511742329e-02 -1.666166292139157623e-01
2.772255335188997943e-02 -1.702780902880840219e-01
1.140683481186068569e-02 -1.724071264826683436e-01
-5.071372566999035603e-03 -1.729770832559050509e-01
-2.156342848387467898e-02 -1.719752191122302099e-01
-3.791959809821944527e-02 -1.694029417226744216e-01
-5.399039840415986030e-02 -1.652759187011147712e-01
-6.962795800644715205e-02 -1.596240600759889772e-01
-8.468737801909288765e-02 -1.524913706341012587e-01
-9.902808154831851950e-02 -1.439356714979075358e-01
-1.125151390778112437e-01 -1.340281915194244666e-01
-1.250205570517007592e-01 -1.228530303210985386e-01
-1.364245170531567242e-01 -1.105064960743156743e-01
-1.466165532067747190e-01 -9.709632236688021945e-02
-1.554966557923286863e-01 -8.274076975842191428e-02
-1.629762895459452021e-01 -6.756761884370142413e-02
-1.689793157407497304e-01 -5.171306282442884178e-02
-1.734428078794855999e-01 -3.532050871676473136e-02
-1.763177516919286481e-01 -1.853929738061659352e-02
-1.775696211040150296e-01 -1.523353535022942476e-03
-1.771788229258873248e-01 1.557022219127498358e-02
-1.751410041835190223e-01 3.258260634542589629e-02
-1.714672172828156649e-01 4.935473738029493018e-02
-1.661839395344432979e-01 6.572881799953236848e-02
-1.593329449692667543e-01 8.154982068681562724e-02
-1.509710278243098225e-01 9.666698172852389304e-02
-1.411695785627958000e-01 1.109352689277980225e-01
-1.300140147935707480e-01 1.242168082493845666e-01
-1.176030709589628714e-01 1.363822548315792027e-01
-1.040479521494075132e-01 1.473120941549562468e-01
-8.947135886131288296e-02 1.568978596665859815e-01
-7.400639092498161042e-02 1.650432538204722188e-01
-5.779534017550062852e-02 1.716651603055277253e-01
-4.098838270532689093e-02 1.766945361852804708e-01
-2.374218270742074061e-02 1.800771737606188527e-01
-6.218420977621777479e-03 1.817743231784971214e-01
1.141773791905060023e-02 1.817631681342506689e-01
2.899922501373480149e-02 1.800371484401331879e-01
4.635867737374586850e-02 1.766061247436072346e-01
6.333006366450999458e-02 1.714963822602912080e-01
7.975030854935707958e-02 1.647504720217198848e-01
9.546089948235009226e-02 1.564268898097485039e-01
1.103094594632175740e-01 1.465995946393942873e-01
1.241512695141409189e-01 1.353573703415441587e-01
1.368507250057558466e-01 1.228030354673966540e-01
1.482827105023248049e-01 1.090525083688591579e-01
1.583338785096286838e-01 9.423373588468496320e-02
1.669038183876830894e-01 7.848549556264428073e-02
1.739061027258831660e-01 6.195608275586540759e-02
1.792691996606801119e-01 4.480189522992076429e-02
1.829372409336355865e-01 2.718592909062000212e-02
1.848706369272309080e-01 9.276200876452103672e-03
1.850465314621162205e-01 -8.755888458687723086e-03
1.834590907761815270e-01 -2.673723122867602622e-02
1.801196228153164047e-01 -4.449471537520825748e-02
1.750565247294109950e-01 -6.185693415090658814e-02
1.683150582656512406e-01 -7.865588559282482572e-02
1.599569545645500024e-01 -9.472864426409534355e-02
1.500598516721726727e-01 -1.099189879423053406e-01
1.387165698643307021e-01 -1.240789623234292149e-01
1.260342316149649922e-01 -1.370703673865361072e-01
1.121332347117615369e-01 -1.487661498216087674e-01
9.714608860813643554e-02 -1.590516868530915673e-01
8.121612558386964720e-02 -1.678259478856206632e-01
6.449609964974541143e-02 -1.750025216442208098e-01
4.714668735878106698e-02 -1.805104978657049164e-01
2.933490576371119984e-02 -1.842951941060480547e-01
1.123246367475668785e-02 -1.863187198435979908e-01
-6.985936887390838644e-03 -1.865603717623087743e-01
-2.514433158975558705e-02 -1.850168558738349012e-01
-4.306723921301688907e-02 -1.817023339625293554e-01
-6.058140360534075564e-02 -1.766482936927611658e-01
-7.751751418341235045e-02 -1.699032435827265708e-01
-9.371188721474113525e-02 -1.615322359021650611e-01
-1.090080905233850039e-01 -1.516162223723195313e-01
-1.232584948580997125e-01 -1.402512493146682304e-01
-1.363257359408574787e-01 -1.275475005906006876e-01
-1.480840721658752412e-01 -1.136281982783367700e-01
-1.584206240339369187e-01 -9.862837252811913757e-02
-1.672364826712041397e-01 -8.269351340543394657e-02
-1.744476761814963972e-01 -6.597811875962385220e-02
-1.799859841002548200e-01 -4.864415322829178379e-02
-1.837995918398190043e-01 -3.085943439472134397e-02
-1.858535787208386858e-01 -1.279596284647736316e-02
-1.861302349543107748e-01 5.371786569224259664e-03
-1.846292047528859115e-01 2.346859463934497167e-02
-1.813674545883263434e-01 4.132023100783340647e-02
-1.763790674537039638e-01 5.875517293431226779e-02
-1.697148658135755606e-01 7.560629201475757566e-02
-1.614418677127157087e-01 9.171249169821331371e-02
-1.516425822443410176e-01 1.069202790246706197e-01
-1.404141522332026104e-01 1.210852547758591857e-01
-1.278673535495360447e-01 1.340735071632580266e-01
-1.141254619199220527e-01 1.457628952646975451e-01
-9.932299942529809744e-02 1.560442096493717679e-01
-8.360437406090806545e-02 1.648221989862619641e-01
-6.712242676583610179e-02 1.720164528969130024e-01
-5.003690120072927516e-02 1.775621328730870030e-01
-3.251285225311603688e-02 1.814105447150187178e-01
-1.471900977413413344e-02 1.835295476380866542e-01
3.173885605664582277e-03 1.839037969255020166e-01
2.099475757251319241e-02 1.825348187526838750e-01
3.857386315001002514e-02 1.794409175559066871e-01
5.574443885816352667e-02 1.746569180443881264e-01
7.234430760293258933e-02 1.682337456424880529e-01
8.821743043635635328e-02 1.602378507790561679e-01
1.032153880375627913e-01 1.507504839970027488e-01
1.171987776275510845e-01 1.398668303217557585e-01
1.300385120343369172e-01 1.276950126875401326e-01
1.416170087570695346e-01 1.143549754618893577e-01
1.518292581240417438e-01 9.997726021955168074e-02
1.605837609850024050e-01 8.470168688670864920e-02
1.678033278068426504e-01 6.867595419665525891e-02
1.734257325368702696e-01 5.205417406210818831e-02
1.774042161423543817e-01 3.499535497227952013e-02
1.797078363113784605e-01 1.766184986184884259e-02
1.803216613908089627e-01 2.177840729497317052e-04
1.792468082250355532e-01 -1.717252095890762012e-02
1.765003251270930162e-01 -3.434611281576732678e-02
1.721149227454041586e-01 -5.114294683461340085e-02
1.661385570689866420e-01 -6.740738376063593051e-02
1.586338702267413858e-01 -8.298963220899349680e-02
1.496774960686315104e-01 -9.774712256515620534e-02
1.393592387556081003e-01 -1.115457998152752372e-01
1.277811337197841124e-01 -1.242613237717485053e-01
1.150564013767594040e-01 -1.357801662327187964e-01
1.013083048697982075e-01 -1.460005957743234772e-01
8.666892389395451646e-02 -1.548335421071421469e-01
7.127785728200987381e-02 -1.622033332190390420e-01
5.528086752962862310e-02 -1.680482998607667477e-01
3.882848079243992473e-02 -1.723212432934878580e-01
2.207455610240777188e-02 -1.749897635940613205e-01
5.174837625970103716e-03 -1.760364471900549288e-01
-1.171449627537754848e-02 -1.754589136579170205e-01
-2.843827361609737106e-02 -1.732697231510644531e-01
-4.484374574557087323e-02 -1.694961471170044476e-01
-6.078196789470345640e-02 -1.641798062020255744e-01
-7.610913106662836602e-02 -1.573761804174091672e-01
-9.068783368953350910e-02 -1.491539977425114794e-01
-1.043882822065705374e-01 -1.395945083585324320e-01
-1.170894106199746043e-01 -1.287906526345828639e-01
-1.286799099232394661e-01 -1.168461318182625053e-01
-1.390591593353575905e-01 -1.038743911110881213e-01
-1.481380522833894708e-01 -8.999752543074557298e-02
-1.558397111524805756e-01 -7.534511867450263689e-02
-1.621000859244302039e-01 -6.005302769967546528e-02
-1.668684329456972260e-01 -4.426212252743502718e-02
-1.701076711922421270e-01 -2.811699445626729410e-02
-1.717946145211629305e-01 -1.176464384293740909e-02
-1.719200795074813937e-01 4.646840725262852551e-03
-1.704888695490393846e-01 2.096960027907292939e-02
-1.675196369742979474e-01 3.705730898173260207e-02
-1.630446258986282537e-01 5.276645227924968429e-02
-1.571092995369565981e-01 6.795756906687147603e-02
-1.497718565876988706e-01 8.249644774185808938e-02
-1.411026421489531557e-01 9.625526657452786183e-02
-1.311834594079301641e-01 1.091136694562738485e-01
-1.201067890544563199e-01 1.209597687672832600e-01
-1.079749240057979315e-01 1.316910678403479529e-01
-9.489902759056575987e-02 1.412152962727134531e-01
-8.099812382239039710e-02 1.494511521477051574e-01
-6.639802879849547590e-02 1.563289460643489392e-01
-5.123023258402296248e-02 1.617911427290201765e-01
-3.563074119041614862e-02 1.657927967312267381e-01
-1.973888842637801233e-02 1.683018799991759795e-01
-3.696127494452200110e-03 1.692994993033800633e-01
1.235518777284472063e-02 1.687800030421772179e-01
2.827302219374673922e-02 1.667509773960763053e-01
4.391686931000269439e-02 1.632331327730719150e-01
5.914894271103699613e-02 1.582600822797640971e-01
7.383533931515549875e-02 1.518780147389260093e-01
8.784716561842827176e-02 1.441452655291781682e-01
1.010616182820073955e-01 1.351317892431438406e-01
1.133630108402916142e-01 1.249185388437547839e-01
1.246437387718843659e-01 1.135967566414709251e-01
1.348051756790598632e-01 1.012671830156332831e-01
1.437584938658331146e-01 8.803918935882516783e-02
1.514254031861417549e-01 7.402984223208097792e-02
1.577388026485650740e-01 5.936290617937942105e-02
1.626433399089561582e-01 4.416779306061316412e-02
1.660958744539311471e-01 2.857846612182097720e-02
1.680658409729666458e-01 1.273230732872170784e-02
1.685355101315735016e-01 -3.231043256568337171e-03
1.675001446893044921e-01 -1.917086707629483272e-02
1.649680496508935945e-01 -3.494655653178319055e-02
1.609605158932465585e-01 -5.041880508051440474e-02
1.555116574718992950e-01 -6.545078873272068554e-02
1.486681435744341695e-01 -7.990932973093468894e-02
1.404888268516039651e-01 -9.366603328028449971e-02
1.310442706158414794e-01 -1.065983883402381177e-01
1.204161781475739101e-01 -1.185908236903020496e-01
1.086967280882975839e-01 -1.295357107430424315e-01
9.598782062153064787e-02 -1.393343048977034315e-01
8.240023984419544978e-02 -1.478976176063951931e-01
6.805273840718521761e-02 -1.551472117617913593e-01
5.307105115017502622e-02 -1.610159135096717598e-01
3.758684506734261133e-02 -1.654484341402862047e-01
2.173661351266181069e-02 -1.684018963178027239e-01
5.660523080828754050e-03 -1.698462595650168938e-01
-1.049877792234813964e-02 -1.697646406285312215e-01
-2.659738008313257754e-02 -1.681535251047585056e-01
-4.249135285611627816e-02 -1.650228675058088568e-01
-5.803799391391168544e-02 -1.603960777824884887e-01
-7.309707764054924894e-02 -1.543098931945873775e-01
-8.753209238214197663e-02 -1.468141353211167843e-01
-1.012114559890844451e-01 -1.379713529293458696e-01
-1.140096991857648540e-01 -1.278563523649996758e-01
-1.258086063895889062e-01 -1.165556180798979491e-01
-1.364983037735711391e-01 -1.041666268702204634e-01
-1.459782846277208890e-01 -9.079706035060342018e-02
-1.541583624250944529e-01 -7.656392112814253137e-02
-1.609595424390710128e-01 -6.159255905749878857e-02
-1.663148032886624661e-01 -4.601561484482486614e-02
-1.701697804071067299e-01 -2.997188911514334086e-02
-1.724833441333017969e-01 -1.360514585602452461e-02
-1.732280659125185751e-01 2.937140109113296066e-03
-1.723905669579966493e-01 1.950508129093433962e-02
-1.699717446631857087e-01 3.594771042167430042e-02
-1.659868730592551356e-01 5.211433661956509089e-02
-1.604655746767967017e-01 6.785591296597832944e-02
-1.534516622861780699e-01 8.302640330600266627e-02
-1.450028501486698707e-01 9.748413586306892142e-02
-1.351903356003441858e-01 1.110931311487005219e-01
-1.240982530021467883e-01 1.237243916541454353e-01
-1.118230033111498045e-01 1.352571409351354115e-01
-9.847246374791628065e-02 1.455799999467818628e-01
-8.416508324083389614e-02 1.545920888538911686e-01
-6.902887050759176635e-02 1.622040430327219840e-01
-5.320028277389677457e-02 1.683389325920242041e-01
-3.682302421725883179e-02 1.729330754713367946e-01
-2.004676424655607928e-02 1.759367350188184853e-01
-3.025786673752323824e-03 1.773146939037892611e-01
1.408241830933548537e-02 1.770466972737281819e-01
3.111860668023742893e-02 1.751277592134198036e-01
4.792326434690673265e-02 1.715683277956806807e-01
6.433810828206107391e-02 1.663943053178161824e-01
8.020759079679537495e-02 1.596469216837208549e-01
9.538039246056889686e-02 1.513824603053594287e-01
1.097108890582577656e-01 1.416718373453852708e-01
1.230605780056152482e-01 1.306000365902281468e-01
1.352994498252290678e-01 1.182654037148662407e-01
1.463072906173178422e-01 1.047788051610019644e-01
1.559749019432012385e-01 9.026265828353105536e-02
1.642052251720153289e-01 7.484984080999412814e-02
1.709143581194939310e-01 5.868248898820491166e-02
1.760324527259145011e-01 4.191069505283703811e-02
1.795044835714140752e-01 2.469111580730293590e-02
1.812908782019466980e-01 7.185505178348244176e-03
1.813680015276873114e-01 -1.044081545612793489e-02
1.797284879456969575e-01 -2.802053455290433315e-02
1.763814163167412297e-01 -4.538596001889143305e-02
1.713523244776183618e-01 -6.237064535280460037e-02
1.646830615794021846e-01 -7.881101615008651029e-02
1.564314781918788588e-01 -9.454798061494201766e-02
1.466709557876219039e-01 -1.094285077013799207e-01
1.354897788974989414e-01 -1.233071566572957883e-01
1.229903548944612512e-01 -1.360475420728328722e-01
1.092882879956000586e-01 -1.475237190354749817e-01
9.451131565511125543e-02 -1.576214736664819371e-01
7.879811703472018591e-02 -1.662395051512790822e-01
6.229700466554376898e-02 -1.732904863731684897e-01
4.516451173930349089e-02 -1.787019914062115411e-01
2.756388867120801098e-02 -1.824172794084534810e-01
9.663523646821561841e-03 -1.843959258681784064e-01
-8.364697212692416561e-03 -1.846142936793211675e-01
-2.634707367038322673e-02 -1.830658381417790970e-01
-4.410980218979035361e-02 -1.797612416810978053e-01
-6.148069634564239105e-02 -1.747283758416780242e-01
-7.829089919847911916e-02 -1.680120899091792908e-01
-9.437656996359569672e-02 -1.596738273413924603e-01
-1.095805274571571286e-01 -1.497910730122793965e-01
-1.237538331463242242e-01 -1.384566360806618324e-01
-1.367572971635376000e-01 -1.257777750627366298e-01
-1.484628913632692337e-01 -1.118751733960257899e-01
-1.587550543959235227e-01 -9.688177541186425434e-02
-1.675318748393806734e-01 -8.094149416518714446e-02
-1.747061396531087440e-01 -6.420780398627286278e-02
-1.802062365900782281e-01 -4.684223190253147123e-02
-1.839769007033691672e-01 -2.901276321411627029e-02
-1.859797967011987962e-01 -1.089217748142374924e-02
-1.861939306185209086e-01 7.343668016429763176e-03
-1.846158860665093882e-01 2.551758967522013352e-02
-1.812598821732774590e-01 4.345284570754055775e-02
-1.761576522194546468e-01 6.097490269907107630e-02
-1.693581438795472294e-01 7.791318221505129371e-02
-1.609270438828798166e-01 9.410276926371939632e-02
-1.509461317848338202e-01 1.093860647941716779e-01
-1.395124693687958273e-01 1.236143649729542354e-01
-1.267374339609045886e-01 1.366493507407963159e-01
-1.127456056132918050e-01 1.483644720900736957e-01
-9.767351967797804901e-02 1.586462126145475882e-01
-8.166829773505503154e-02 1.673952211533299428e-01
-6.488617113884158349e-02 1.745272987666729170e-01
-4.749091258955516481e-02 1.799742308261493562e-01
-2.965219211271923408e-02 1.836844556586434696e-01
-1.154387462303232623e-02 1.856235629335506732e-01
6.657723145141375420e-03 1.857746168058656555e-01
2.477559814881730160e-02 1.841383007037218911e-01
4.263383058758929423e-02 1.807328825561671237e-01
6.005933908624867118e-02 1.755940011738940931e-01
7.688360329461012277e-02 1.687742764005998874e-01
9.294433608404704950e-02 1.603427475241137046e-01
1.080870881081539281e-01 1.503841462533442308e-01
1.221667682698204943e-01 1.389980123090871489e-01
1.350490645894112107e-01 1.262976613243759483e-01
1.466117510872461949e-01 1.124090162850989449e-01
1.567458675648357447e-01 9.746931514718429335e-02
1.653567605782664818e-01 8.162570852748934902e-02
1.723649754271674994e-01 6.503376246811493067e-02
1.777069906158850188e-01 4.785588220660386138e-02
1.813357879608228918e-01 3.025967363783163555e-02
1.832212532994828558e-01 1.241625971996678825e-02
1.833504045820391892e-01 -5.501430548496820741e-03
1.817274459744303294e-01 -2.332038277383857022e-02
1.783736484519499454e-01 -4.086920964317145022e-02
1.733270591933160354e-01 -5.797983764965373293e-02
1.666420438767325374e-01 -7.448915088419111319e-02
1.583886677117067321e-01 -9.024057529379173048e-02
1.486519226944001959e-01 -1.050855875650265614e-01
1.375308101322062215e-01 -1.188851337146341475e-01
1.251372889285085888e-01 -1.315109435461891685e-01
1.115951014361024618e-01 -1.428467283482723060e-01
9.703848986413282640e-02 -1.527892505505915877e-01
8.161081724699371931e-02 -1.612492555035951458e-01
6.546310784473163835e-02 -1.681522570867999555e-01
4.875252253540237474e-02 -1.734391704630117992e-01
3.164078527492809184e-02 -1.770667869609012235e-01
1.429257703578792719e-02 -1.790080877677179272e-01
-3.126086209010574615e-03 -1.792523948278448576e-01
-2.044947491503728773e-02 -1.778053590520758676e-01
-3.751375046886538250e-02 -1.746887876279645535e-01
-5.415853679817358296e-02 -1.699403138649062950e-01
-7.022844366344450917e-02 -1.636129145911349725e-01
-8.557452690160310960e-02 -1.557742816268804231e-01
-1.000556717349577046e-01 -1.465060552730366172e-01
-1.135398862366286260e-01 -1.359029290636816212e-01
-1.259054931431320135e-01 -1.240716362209828422e-01
-1.370422094116171274e-01 -1.111298293113586050e-01
-1.468521042181513414e-01 -9.720486552288934434e-02
-1.552504274683547403e-01 -8.243251075833618602e-02
-1.621663023260011549e-01 -6.695557636001994717e-02
-1.675432767419721136e-01 -5.092250274842941016e-02
-1.713397304681032185e-01 -3.448590456383028580e-02
-1.735291355509980260e-01 -1.780109204928146532e-02
-1.741001698031049427e-01 -1.024583406106423580e-03
-1.730566842260368443e-01 1.568737730744930448e-02
-1.704175267987169395e-01 3.218028247169642253e-02
-1.662162264257636135e-01 4.830278958143659207e-02
-1.605005421558861334e-01 6.390810307037390892e-02
-1.533318840134115513e-01 7.885529675686894779e-02
-1.447846129271247173e-01 9.301056520117850779e-02
-1.349452282794787461e-01 1.062483931823222233e-01
-1.239114525274780942e-01 1.184526335089062243e-01
-1.117912231572230908e-01 1.295174844594358943e-01
-9.870160292186110074e-02 1.393483592902275692e-01
-8.476761987372516405e-02 1.478626414390663835e-01
-7.012104913352081026e-02 1.549903202762375198e-01
-5.489914864187541571e-02 1.606745034975473607e-01
-3.924336131220934609e-02 1.648718035027605389e-01
-2.329799605098737542e-02 1.675525963442323074e-01
-7.208900035582655602e-03 1.687011530516984714e-01
8.877865553882240829e-03 1.683156443281780545e-01
2.481733445822677242e-02 1.664080207575523440e-01
4.046691743875533570e-02 1.630037717563433408e-01
5.568764658074736723e-02 1.581415675312758118e-01
7.034537142500053852e-02 1.518727892622238340e-01
8.431189722642465356e-02 1.442609536101063794e-01
9.746605638263253213e-02 1.353810384453968396e-01
1.096947048783269291e-01 1.253187174005327420e-01
1.208936364427092153e-01 1.141695114652519633e-01
1.309684080067604062e-01 1.020378663655236301e-01
1.398350709647951384e-01 8.903616489322904726e-02
1.474208036801067934e-01 7.528368368513016495e-02
1.536644416180986406e-01 6.090550418703982727e-02
1.585169024327649501e-01 4.603138768455196372e-02
1.619415042650296510e-01 3.079462433816056166e-02
1.639141764261753675e-01 1.533086613184935637e-02
1.644235625289983960e-01 -2.230464652817846366e-04
1.634710169867556462e-01 -1.573025451003645311e-02
1.610704966195562471e-01 -3.105503790993706381e-02
1.572483498845337335e-01 -4.606395102278867948e-02
1.520430069756708580e-01 -6.062692786994072769e-02
1.455045747181087090e-01 -7.461834873209441388e-02
1.376943408075112230e-01 -8.791806037195962209e-02
1.286841925157091449e-01 -1.004123426427838695e-01
1.185559554982446723e-01 -1.119948147895952067e-01
1.074006587971024634e-01 -1.225672753249763963e-01
9.531773253294922865e-02 -1.320404699576561702e-01
8.241414512627510958e-02 -1.403347826648505547e-01
6.880348717704655448e-02 -1.473808456231824604e-01
5.460500936935077515e-02 -1.531200643436549103e-01
3.994262195284810357e-02 -1.575050549894994878e-01
2.494386348869073386e-02 -1.604999914881761192e-01
9.738846636109108751e-03 -1.620808606772356775e-01
-5.540811200620408827e-03 -1.622356243454869673e-01
-2.076306454435342813e-02 -1.609642876436810088e-01
-3.579651605569968142e-02 -1.582788739408690637e-01
-5.051148457958197502e-02 -1.542033067921980138e-01
-6.478105743989129306e-02 -1.487732002599684855e-01
-7.848211954378457589e-02 -1.420355593913332215e-01
-9.149635203975450826e-02 -1.340483932022973057e-01
-1.037111934880965564e-01 -1.248802430480532438e-01
-1.150207567477765230e-01 -1.146096297735774427e-01
-1.253266950591775952e-01 -1.033244235352648033e-01
-1.345390111072263528e-01 -9.112114066356974407e-02
-1.425768031836191496e-01 -7.810417239742532824e-02
-1.493689429301225946e-01 -6.438495076273817452e-02
-1.548546795371654738e-01 -5.008105728841225068e-02
-1.589841656932171887e-01 -3.531528065279598838e-02
-1.617189010308276165e-01 -2.021462972956924314e-02
-1.630320892947164368e-01 -4.909308852983764598e-03
-1.629089059658765937e-01 1.046833755415092597e-02
-1.613466736130654833e-01 2.578490355278340376e-02
-1.583549428088219246e-01 4.090701576241334569e-02
-1.539554770405071049e-01 5.570243501538852532e-02
-1.481821406666877505e-01 7.004115748155756438e-02
-1.410806896139193967e-01 8.379650701035487592e-02
-1.327084651766265999e-01 9.684621033955878588e-02
-1.231339919707905156e-01 1.090734467716633488e-01
-1.124364817974706360e-01 1.203678639236073211e-01
-1.007052458911643356e-01 1.306265512169793586e-01
-8.803901875642217156e-02 1.397549628970480573e-01
-7.454519752918827014e-02 1.476677825530490207e-01
-6.033900153165259322e-02 1.542897213617404062e-01
-4.554255741507398647e-02 1.595562425934859418e-01
-3.028391599764988784e-02 1.634142053066749423e-01
-1.469600759720996429e-02 1.658224206131385658e-01
1.084456675944367454e-03 1.667521144246569553e-01
1.691812956988864719e-02 1.661872911881736303e-01
3.266420960106196369e-02 1.641249937835944361e-01
4.818165100078843771e-02 1.605754554907997955e-01
6.333039199588678947e-02 1.555621407285524838e-01
7.797259130705173902e-02 1.491216721231799491e-01
9.197386240832941540e-02 1.413036423741145242e-01
1.052044948313264339e-01 1.321703103404706925e-01
1.175406516254788730e-01 1.217961817707565592e-01
1.288655320068324284e-01 1.102674761285660499e-01
1.390704882476850868e-01 9.768148202181803352e-02
1.480560859825943709e-01 8.414580481214715968e-02
1.557330973361547855e-01 6.977751105403820486e-02
1.620234166170394785e-01 5.470217547925859680e-02
1.668608887723289080e-01 3.905283728960940587e-02
1.701920413561331114e-01 2.296887353815360577e-02
1.719767114356489657e-01 6.594798353831293064e-03
1.721885596334150337e-01 -9.921002315391365747e-03
1.708154643825784136e-01 -2.642758991201462487e-02
1.678597904470062463e-01 -4.277283512698510509e-02
1.633385268232024345e-01 -5.880481041640301526e-02
1.572832902880025308e-01 -7.437320060209721972e-02
1.497401920753684834e-01 -8.933071850664592306e-02
1.407695664465042074e-01 -1.035345122185046957e-01
1.304455612480052151e-01 -1.168475503556691553e-01
1.188555919198513999e-01 -1.291399716035590561e-01
1.060996618048300894e-01 -1.402903848500159922e-01
9.228955300875529844e-02 -1.501871064314347359e-01
7.754789345132931389e-02 -1.587293213414817661e-01
6.200710711494634986e-02 -1.658281557383149418e-01
4.580825582719467992e-02 -1.714076487166789620e-01
2.909978218624537094e-02 -1.754056120849073752e-01
1.203616444086648765e-02 -1.777743677991019677e-01
-5.223504747033433718e-03 -1.784813537511678316e-01
-2.251700271456982122e-02 -1.775095897757653363e-01
-3.968051054257952515e-02 -1.748579970236832093e-01
-5.655018151986467012e-02 -1.705415652340675770e-01
-7.296372908375595157e-02 -1.645913639122537075e-01
-8.876201851470265358e-02 -1.570543949690894892e-01
-1.037906463437704013e-01 -1.479932859858085203e-01
-1.179014912807096888e-01 -1.374858249187630721e-01
-1.309542204921882447e-01 -1.256243387328249139e-01
-1.428177352584475146e-01 -1.125149201324228410e-01
-1.533715404136025695e-01 -9.827650822593612945e-02
-1.625070225294960313e-01 -8.303983059315507564e-02
-1.701286225327398594e-01 -6.694621580736197231e-02
-1.761548893444639385e-01 -5.014628697410566244e-02
-1.805194021953249739e-01 -3.279854826921142774e-02
-1.831715504853922427e-01 -1.506787777096377061e-02
-1.840771614184648908e-01 2.876058931360489512e-03
-1.832189671301027167e-01 2.086045882425818787e-02
-1.805969046332732975e-01 3.871107883311587783e-02
-1.762282436084848247e-01 5.625396332061075727e-02
-1.701475388485642060e-01 7.331718403680292928e-02
-1.624064060125469944e-01 8.973257448352410515e-02
-1.530731212281168097e-01 1.053374404976137740e-01
-1.422320469864843950e-01 1.199762289000263771e-01
-1.299828886757871671e-01 1.335021363032746211e-01
-1.164397879769668021e-01 1.457786406181195427e-01
-1.017302611775611210e-01 1.566809384494639301e-01
-8.599399222208796434e-02 1.660972724161947633e-01
-6.938149199137504108e-02 1.739301334629755613e-01
-5.205263686677635837e-02 1.800973244440687848e-01
-3.417510106923608154e-02 1.845328726382438889e-01
-1.592269854946436192e-02 1.871877803856252520e-01
2.526348672520713906e-03 1.880306047058621088e-01
2.099119787736383747e-02 1.870478585443335062e-01
3.929021013380849109e-02 1.842442281796877745e-01
5.724279276321003751e-02 1.796426032908891579e-01
7.467124030329727602e-02 1.732839182029877467e-01
9.140255437267089111e-02 1.652268048850257243e-01
1.072702229369029148e-01 1.555470603372033633e-01
1.221159397972168964e-01 1.443369330536928008e-01
1.357912456616105490e-01 1.317042352583001619e-01
1.481590729113048122e-01 1.177712895588062664e-01
1.590951771353251443e-01 1.026737205290843558e-01
1.684894396630491620e-01 8.655910348368424378e-02
1.762470266664545593e-01 6.958548433630412644e-02
1.822893919160279985e-01 5.191978591167498852e-02
1.865551119401521740e-01 3.373611739175735175e-02
1.890005441386377882e-01 1.521400470559401003e-02
1.896003003165273038e-01 -3.463439396405363843e-03
1.883475301125124013e-01 -2.211138612033445791e-02
1.852540108741851377e-01 -4.054518229087625963e-02
1.803500426558607428e-01 -5.858224264998112413e-02
1.736841491591881448e-01 -7.604392249371319523e-02
1.653225875771860975e-01 -9.275735052822188520e-02
1.553486724136573793e-01 -1.085572022338791159e-01
1.438619204073627589e-01 -1.232873946591694359e-01
1.309770256697023183e-01 -1.368026844159663247e-01
1.168226760226526578e-01 -1.489701517057716584e-01
1.015402232782341846e-01 -1.596705544602065319e-01
8.528222181118139122e-02 -1.687995381140102447e-01
6.821085122382511412e-02 -1.762686881283102858e-01
