5.000000000000000000e-01 0.000000000000000000e+00
4.976304246772165207e-01 -4.840277526968069649e-02
4.905451282231615973e-01 -9.633777599148768411e-02
4.788141543149871393e-01 -1.433419749333860183e-01
4.625534289337778771e-01 -1.889617882639619550e-01
4.419235496775485994e-01 -2.327576697972744135e-01
4.171281097469164423e-01 -2.743085539409130802e-01
3.884115752788789289e-01 -3.132160996423540289e-01
3.560567396552624109e-01 -3.491086899230495533e-01
3.203817830817687340e-01 -3.816451444040593333e-01
2.817369700659123066e-01 -4.105181055267523860e-01
2.405010213665653429e-01 -4.354570629165839812e-01
1.970772004982940528e-01 -4.562309844811999748e-01
1.518891579096343647e-01 -4.726505273253570616e-01
1.053765784813991968e-01 -4.845698063494656704e-01
5.799067998089432741e-02 -4.918877034176419305e-01
1.018961153919103330e-02 -4.945487051739977935e-01
-3.756619792302962058e-02 -4.925432628896566079e-01
-8.481869111729900546e-02 -4.859076730737147409e-01
-1.311167837549884196e-01 -4.747234829149233892e-01
-1.760208668337749360e-01 -4.591164298736305494e-01
-2.191071622496767179e-01 -4.392549298533089952e-01
-2.599718861128835767e-01 -4.153481332877420051e-01
-2.982351766273794724e-01 -3.876435731265535090e-01
-3.335447463527756451e-01 -3.564244330347507428e-01
-3.655792220625730948e-01 -3.220064680921247979e-01
-3.940511392018798409e-01 -2.847346138414186822e-01
-4.187095620805684759e-01 -2.449793226512523847e-01
-4.393423053622825813e-01 -2.031326689978878441e-01
-4.557777370697728703e-01 -1.596042674022593588e-01
-4.678861481645916198e-01 -1.148170483650791107e-01
-4.755806787143858072e-01 -6.920293870975115225e-02
-4.788177956732964091e-01 -2.319849326366164172e-02
-4.775973223096260933e-01 2.275947521663746614e-02
-4.719620242600672810e-01 6.823822153475987695e-02
-4.619967620129744601e-01 1.128133037059222410e-01
-4.478272242682506676e-01 1.560726851125158188e-01
-4.296182610351710340e-01 1.976206615795007560e-01
-4.075718394622548368e-01 2.370815743065208814e-01
-3.819246491996762249e-01 2.741032725255791447e-01
-3.529453875339601532e-01 3.083602930543533627e-01
-3.209317575713140358e-01 3.395567275403337804e-01
-2.862072153499652383e-01 3.674287520911165839e-01
-2.491175039092421994e-01 3.917467981098991525e-01
-2.100270140159443966e-01 4.123173474490343104e-01
-1.693150124351082975e-01 4.289843394036935154e-01
-1.273717793272574617e-01 4.416301815370368700e-01
-8.459469655856308168e-02 4.501763608027893326e-01
-4.138432843115370102e-02 4.545836558566965779e-01
1.859464408804578639e-03 4.548519557725473339e-01
4.474133832888461948e-02 4.510196945511421585e-01
8.687416940638459373e-02 4.431629147845390637e-01
1.278826095619872150e-01 4.313939775693534373e-01
1.674064626224955887e-01 4.158599392120931881e-01
2.051038495233313275e-01 3.967406184011717518e-01
2.406541348672656677e-01 3.742463803039070003e-01
2.737605903045519651e-01 3.486156664571647412e-01
3.041527736455518216e-01 3.201123013374203574e-01
3.315886062129568823e-01 2.890226081054872442e-01
3.558561346388892099e-01 2.556523672142141379e-01
3.767749670644774951e-01 2.203236523409100034e-01
3.941973774584560664e-01 1.833715784624546374e-01
4.080090754905956740e-01 1.451409968377142812e-01
4.181296430307872014e-01 1.059831712118400465e-01
4.245126418531611212e-01 6.625246872797721509e-02
4.271454004673865268e-01 2.630309784599776241e-02
4.260484911402454555e-01 -1.351407594869099074e-02
4.212749110774695604e-01 -5.285460768061613079e-02
4.129089843804960580e-01 -9.138341678371256216e-02
4.010650037514848498e-01 -1.287775728024370681e-01
3.858856329734731139e-01 -1.647289008452214321e-01
3.675400929265045247e-01 -1.989463874103876428e-01
3.462221553053525525e-01 -2.311583699908563716e-01
3.221479692752755586e-01 -2.611144967271760708e-01
2.955537470390362520e-01 -2.885874452791583056e-01
2.666933346957520157e-01 -3.133743929862222721e-01
2.358356948589516167e-01 -3.352982332483836481e-01
2.032623272805719472e-01 -3.542085358485793090e-01
1.692646532164152895e-01 -3.699822516200159672e-01
1.341413884871017204e-01 -3.825241644096031846e-01
9.819592916011965489e-02 -3.917670956735839760e-01
6.173377252908315155e-02 -3.976718692409859091e-01
2.505999462371398881e-02 -4.002270457749552701e-01
-1.152319612206386540e-02 -3.994484382357652019e-01
-4.771881115558123526e-02 -3.953784211906360979e-01
-8.323732399688457684e-02 -3.880850481168450772e-01
-1.177987881999565944e-01 -3.776609919022815842e-01
-1.511348188984988350e-01 -3.642223245619128913e-01
-1.829904277120289191e-01 -3.479071527636022343e-01
-2.131257027304435392e-01 -3.288741260999675786e-01
-2.413173271923872432e-01 -3.073008351654062942e-01
-2.673599323002642802e-01 -2.833821164129282089e-01
-2.910672813505592038e-01 -2.573282804906080745e-01
-3.122732839830972273e-01 -2.293632803111024798e-01
-3.308328408507940077e-01 -1.997228345104548608e-01
-3.466225203693124035e-01 -1.686525212264350926e-01
-3.595410704141362435e-01 -1.364058562950012099e-01
-3.695097688845146444e-01 -1.032423690497210056e-01
-3.764726179464568667e-01 -6.942568793682363237e-02
-3.803963875006834416e-01 -3.522164715125643275e-02
-3.812705139994861381e-01 -8.964244792026912489e-04
-3.791068611651202125e-01 3.328528047872284651e-02
-3.739393494506567106e-01 6.706201951220565338e-02
-3.658234612436366828e-01 1.001773131790626714e-01
-3.548356288570059247e-01 1.323813059760144684e-01
-3.410725122960797107e-01 1.634323537218082545e-01
-3.246501736515192693e-01 1.930985382860009592e-01
-3.057031547643588865e-01 2.211591054171556658e-01
-2.843834645584806808e-01 2.474058219462711705e-01
-2.608594821572851608e-01 2.716442490629358275e-01
-2.353147816131293535e-01 2.936949286838297923e-01
-2.079468837982800522e-01 3.133944801594466534e-01
-1.789659407515411249e-01 3.305966047015934661e-01
-1.485933575608867074e-01 3.451729949701508038e-01
-1.170603567032019454e-01 3.570141472437977082e-01
-8.460648966944471494e-02 3.660300735289603868e-01
-5.147810068678451700e-02 3.721509108488329498e-01
-1.792674741568209620e-02 3.753274248159790827e-01
1.579241634605889691e-02 3.755314044447390920e-01
4.942229067675116272e-02 3.727559450209986802e-01
8.270550665442012728e-02 3.670156157345592640e-01
1.153861245667888447e-01 3.583465087108677061e-01
1.472113466896202150e-01 3.468061660710880512e-01
1.779332375524551868e-01 3.324733817182539131e-01
2.073104439909616015e-01 3.154478747069457412e-01
2.351099066224290324e-01 2.958498313172739369e-01
2.611085536914768412e-01 2.738193133314878458e-01
2.850949675345857415e-01 2.495155305115138999e-01
3.068710132238107735e-01 2.231159759037431300e-01
3.262534182922117720e-01 1.948154233562705562e-01
3.430752918370011950e-01 1.648247875233606052e-01
3.571875707622489959e-01 1.333698476489918183e-01
3.684603804820744677e-01 1.006898375596169126e-01
3.767842970778571554e-01 6.703590554640376231e-02
3.820714977083130570e-01 3.266944916684001027e-02
3.842567860270360014e-01 -2.139668570541351095e-03
3.832984794841680642e-01 -3.711501367431989384e-02
3.791791456908613078e-01 -7.197557678097875333e-02
3.719061755181730655e-01 -1.064378588282919313e-01
3.615121812941616275e-01 -1.402180341422585019e-01
3.480552093592449991e-01 -1.730341767460388258e-01
3.316187573420164014e-01 -2.046085342101458537e-01
3.123115878238429954e-01 -2.346698319546083045e-01
2.902673315652539165e-01 -2.629555896134583293e-01
2.656438751612557603e-01 -2.892144299068815094e-01
2.386225298635594183e-01 -3.132083594630640788e-01
2.094069803389826678e-01 -3.347150002152572967e-01
1.782220143053172556e-01 -3.535297493931718882e-01
1.453120362758220097e-01 -3.694678457526389126e-01
1.109393710253841342e-01 -3.823663195620101152e-01
7.538236483681545752e-02 -3.920858040035072323e-01
3.893329506398404000e-02 -3.985121860647447001e-01
1.896101026947816237e-03 -4.015580756983848087e-01
-3.541604830103012302e-02 -4.011640730208078098e-01
-7.268333197863843798e-02 -3.972998146041525347e-01
-1.095819800457825677e-01 -3.899647814861752493e-01
-1.457870794959005289e-01 -3.791888533708155928e-01
-1.809754590709144462e-01 -3.650325956065150756e-01
-2.148286269259825076e-01 -3.475872678922708459e-01
-2.470357336972940354e-01 -3.269745462520183832e-01
-2.772965322600178251e-01 -3.033459526111183524e-01
-3.053243045116961207e-01 -2.768819892756650414e-01
-3.308487248821660454e-01 -2.477909787237984884e-01
-3.536186299741144179e-01 -2.163076123329327194e-01
-3.734046637941991209e-01 -1.826912149499522742e-01
-3.900017684545003527e-01 -1.472237355229970568e-01
-4.032314910144282338e-01 -1.102074773118766893e-01
-4.129440782957685685e-01 -7.196258443680926542e-02
-4.190203330349551170e-01 -3.282430466898035581e-02
-4.213732066284682221e-01 6.859948631575314010e-03
-4.199491059659478664e-01 4.673370970725514162e-02
-4.147288944126351073e-01 8.643472040663702227e-02
-4.057285698746965763e-01 1.255983063545283995e-01
-3.929996060297795135e-01 1.638608366127176641e-01
-3.766289461983615694e-01 2.008632324596627550e-01
-3.567386429326676600e-01 2.362544895840417991e-01
-3.334851401691090178e-01 2.696951770421172068e-01
-3.070581986842456090e-01 3.008608757931599542e-01
-2.776794695674770774e-01 3.294455195167552142e-01
-2.456007244283532620e-01 3.551646007414425710e-01
-2.111017550434740320e-01 3.777582060811354170e-01
-1.744879590676051972e-01 3.969938455837649371e-01
-1.360876322359722834e-01 4.126690428395233812e-01
-9.624899112038853843e-02 4.246136545620911584e-01
-5.533695392288471432e-02 4.326918908277916365e-01
-1.372970995071964156e-02 4.368040100116427071e-01
2.818488872748035196e-02 4.368876656673656989e-01
7.001307743351099788e-02 4.329188861271343058e-01
1.113590326984032625e-01 4.249126714081199463e-01
1.518287898908477485e-01 4.129231960644351163e-01
1.910341835221786855e-01 3.970436108688751853e-01
2.285967682822661884e-01 3.774054405997944173e-01
2.641516785276732948e-01 3.541775796928279263e-01
2.973513841007240921e-01 3.275648920414400700e-01
3.278693010102793903e-01 2.978064257396789705e-01
3.554032166503604540e-01 2.651732579997995165e-01
3.796784908633623612e-01 2.299659897915639073e-01
4.004509962562683989e-01 1.925119138849724076e-01
4.175097637307035869e-01 1.531618838815392014e-01
4.306793021646264097e-01 1.122869154409824322e-01
4.398215645530886286e-01 7.027455420340061876e-02
4.448375366406747689e-01 2.752504782838752911e-02
4.456684281170108508e-01 -1.555263791687109404e-02
4.422964507528316380e-01 -5.854491702280684162e-02
4.347451723775014876e-01 -1.010377514663434173e-01
4.230794402864293535e-01 -1.426208451186880000e-01
4.074048724628965279e-01 -1.828918180660115689e-01
3.878669198460560352e-01 -2.214603160202121557e-01
3.646495077168601107e-01 -2.579520099688357715e-01
3.379732690477754709e-01 -2.920124422113162810e-01
3.080933873121616817e-01 -3.233106764439297454e-01
2.752970707181860988e-01 -3.515427115726406648e-01
2.399006840651660422e-01 -3.764346214293998183e-01
2.022465683650226942e-01 -3.977453855153745277e-01
1.626995819792298181e-01 -4.152693792602262235e-01
1.216434002474163362e-01 -4.288384960307200511e-01
7.947661338742814663e-02 -4.383238772006105566e-01
3.660866479312052668e-02 -4.436372309585495111e-01
-6.544326283991798443e-03 -4.447317251296335483e-01
-4.956381233326649649e-02 -4.416024440640815563e-01
-9.203308930496741092e-02 -4.342864045459550737e-01
-1.335415460080415229e-01 -4.228621306368008925e-01
-1.736888449982778027e-01 -4.074487923337274942e-01
-2.120889895644330891e-01 -3.882049178287942937e-01
-2.483742327437621078e-01 -3.653266939474613118e-01
-2.821987861349065096e-01 -3.390458739604328420e-01
-3.132422886026484665e-01 -3.096273163499760894e-01
-3.412129977569035577e-01 -2.773661822160435886e-01
-3.658506703030665053e-01 -2.425848227802213652e-01
-3.869291009627431888e-01 -2.056293918418267697e-01
-4.042582936085372669e-01 -1.668662210203312735e-01
-4.176862424952914044e-01 -1.266779981469333405e-01
-4.271003059508773902e-01 -8.545979121651990640e-02
-4.324281595572607162e-01 -4.361496185648926910e-02
-4.336383206500207810e-01 -1.551013294380329532e-03
-4.307402408332390298e-01 4.032458169806581866e-02
-4.237839680875309378e-01 8.160852744426437544e-02
-4.128593848829432700e-01 1.219057817127547627e-01
-3.980950334373353217e-01 1.608335179922551483e-01
-3.796565438281989668e-01 1.980249314971737062e-01
-3.577446850174902382e-01 2.331328487808982663e-01
-3.325930629338338940e-01 2.658331033587779113e-01
-3.044654935269853757e-01 2.958276426860543262e-01
-2.736530821225198196e-01 3.228473351592001106e-01
-2.404710434220097004e-01 3.466544494688332256e-01
-2.052552990823290902e-01 3.670447825813520915e-01
-1.683588919397415173e-01 3.838494168142314589e-01
-1.301482575985798973e-01 3.969360908434960700e-01
-9.099939526532017930e-02 4.062101739863842043e-01
-5.129398036770919239e-02 4.116152376816255010e-01
-1.141546165277203262e-02 4.131332226877023062e-01
2.825481488920230169e-02 4.107842050799102029e-01
6.734141376514486688e-02 4.046257685949992133e-01
1.054785091868338520e-01 3.947519951944903904e-01
1.423134373133041475e-01 3.812920898436662487e-01
1.775100652859933903e-01 3.644086593850783817e-01
2.107519433978182199e-01 3.442956689792144864e-01
2.417452096765590475e-01 3.211761028509402260e-01
2.702212194170681703e-01 2.952993589833694532e-01
2.959388757214736487e-01 2.669384099109016750e-01
3.186866408545026008e-01 2.363867638556705897e-01
3.382842121428993876e-01 2.039552621076198002e-01
3.545838501928204045e-01 1.699687497547454629e-01
3.674713513153975986e-01 1.347626576195214421e-01
3.768666601866533239e-01 9.867953354890940387e-02
3.827241228724762578e-01 6.206556104327147494e-02
3.850323843725568240e-01 2.526710260429593929e-02
3.838139387310559036e-01 -1.137269585043695561e-02
3.791243434808757029e-01 -4.751720459733238533e-02
3.710511136903342777e-01 -8.283948065122849480e-02
3.597123141270021640e-01 -1.170252783236132021e-01
3.452548710087088302e-01 -1.497758713586638812e-01
3.278526274459420131e-01 -1.808106609741452764e-01
3.077041689675208969e-01 -2.098695471348092645e-01
2.850304474420189971e-01 -2.367150435814230625e-01
2.600722332456457675e-01 -2.611341204845294417e-01
2.330874266732114175e-01 -2.829397620431290949e-01
2.043482603377758666e-01 -3.019722298589235243e-01
1.741384246573241534e-01 -3.181000264410772660e-01
1.427501484892159112e-01 -3.312205566900524589e-01
1.104812665561337587e-01 -3.412604886287816108e-01
7.763230452646377455e-02 -3.481758179541888931e-01
4.450361148758982810e-02 -3.519516441332801171e-01
1.139256810663133446e-02 -3.526016687301793406e-01
-2.140910296248946243e-02 -3.501674293915321701e-01
-5.361789986312283374e-02 -3.447172854093751848e-01
-8.496095517201879277e-02 -3.363451729987843031e-01
-1.151782804631562573e-01 -3.251691503526116245e-01
-1.440248244436241054e-01 -3.113297541522186962e-01
-1.712723299902066121e-01 -2.949881905107581970e-01
-1.967109781764339038e-01 -2.763243842983926224e-01
-2.201508101791003202e-01 -2.555349114456530457e-01
-2.414229207526340237e-01 -2.328308391452767467e-01
-2.603804197224293682e-01 -2.084354988820339427e-01
-2.768991606392461335e-01 -1.825822169261441807e-01
-2.908782383231225954e-01 -1.555120263446336804e-01
-3.022402594766306905e-01 -1.274713837356795387e-01
-3.109313928363635626e-01 -9.870991279606217139e-02
-3.169212074342431240e-01 -6.947819551646751413e-02
-3.202023094360545996e-01 -4.002563029099885650e-02
-3.207897896968332496e-01 -1.059837455512085275e-02
-3.187204956084929708e-01 1.856261223907098093e-02
-3.140521420055690238e-01 4.722341140851914892e-02
-3.068622768352858854e-01 7.515886166139292002e-02
-2.972471179874780489e-01 1.021541396473859276e-01
-2.853202781211392480e-01 1.280061965516175460e-01
-2.712113945242085045e-01 1.525250448497860734e-01
-2.550646810117270791e-01 1.755348912945472184e-01
-2.370374186180417009e-01 1.968751140794845478e-01
-2.172984013874673381e-01 2.164010839037230627e-01
-1.960263529335085908e-01 2.339848303160863008e-01
-1.734083286402238189e-01 2.495155562344753553e-01
-1.496381174432259431e-01 2.629000048987499283e-01
-1.249146560760464320e-01 2.740626847119599918e-01
-9.944046752491490782e-02 2.829459584468350664e-01
-7.342013422660498279e-02 2.895100041368975918e-01
-4.705881529500512139e-02 2.937326556327297111e-01
-2.056081579716644014e-02 2.956091312853914022e-01
5.871785157458744853e-03 2.951516595255431197e-01
3.204044197754330608e-02 2.923890102462440854e-01
5.775138143857621448e-02 2.873659408802158310e-01
8.281676956345658536e-02 2.801425659016125724e-01
1.070558042973471791e-01 2.707936581932410269e-01
1.302957326569293695e-01 2.594078903197742925e-01
1.523727918397477787e-01 2.460870232543314051e-01
1.731330744640740826e-01 2.309450495394502201e-01
1.924333186680304286e-01 2.141072972442581990e-01
2.101416242259351586e-01 1.957095004280894057e-01
2.261380961402724987e-01 1.758968411573464397e-01
2.403154173425240403e-01 1.548229674669449052e-01
2.525793521912847450e-01 1.326489910291938357e-01
2.628491824001651933e-01 1.095424677091577509e-01
2.710580768718661160e-01 8.567636366251223101e-02
2.771533966715500896e-01 6.122800918382640539e-02
2.810969360570805819e-01 3.637804215209109598e-02
2.828651001122231001e-01 1.130934265577631173e-02
2.824490191190123789e-01 -1.379403978121489412e-02
2.798545993754711914e-01 -3.874796500427808710e-02
2.751025097334099945e-01 -6.336928563851589036e-02
2.682281027168229026e-01 -8.747693351490505587e-02
2.592812687027342688e-01 -1.108930072530654592e-01
2.483262213207831359e-01 -1.334438587745821470e-01
2.354412119717645413e-01 -1.549611760655176251e-01
2.207181711937210855e-01 -1.752830589746265655e-01
2.042622745301205522e-01 -1.942550842386144283e-01
1.861914305892327093e-01 -2.117313552832221779e-01
1.666356891357433090e-01 -2.275755316762190783e-01
1.457365673311043774e-01 -2.416618324240521476e-01
1.236462926415925340e-01 -2.538760066273471061e-01
1.005269614631940922e-01 -2.641162643616142280e-01
7.654961316804412275e-02 -2.722941600484661273e-01
5.189322005310410824e-02 -2.783354200492070829e-01
2.674359456011720509e-02 -2.821807057659844187e-01
1.292216125919905256e-03 -2.837863031939070746e-01
-2.426501889940776979e-02 -2.831247296473550779e-01
-4.972911967804223565e-02 -2.801852483000554228e-01
-7.489938985931388071e-02 -2.749742812442417805e-01
-9.957487606910944700e-02 -2.675157119997899069e-01
-1.235558676247333759e-01 -2.578510687974565063e-01
-1.466454379411292752e-01 -2.460395805261919033e-01
-1.686510168818675381e-01 -2.321580979748839035e-01
-1.893859821522700382e-01 -2.163008739126133784e-01
-2.086712567564047438e-01 -1.985791966341437786e-01
-2.263368985679810041e-01 -1.791208728413016260e-01
-2.422236672201437679e-01 -1.580695571253269149e-01
-2.561845528222971291e-01 -1.355839268463074898e-01
-2.680862504832510207e-01 -1.118367028566614324e-01
-2.778105642770216654e-01 -8.701351826678542511e-02
-2.852557241460089155e-01 -6.131163928046258482e-02
-2.903375993087770057e-01 -3.493854401128375364e-02
-2.929907920360915186e-01 -8.110367103209333711e-03
-2.931695961857533894e-01 1.894978010892829981e-02
-2.908488056472779415e-01 4.601360227816757298e-02
-2.860243588411598425e-01 7.284951211430426565e-02
-2.787138066402743974e-01 9.922460665148725989e-02
-2.689565925251236611e-01 1.249067108956403716e-01
-2.568141354387440400e-01 1.496664705484265501e-01
-2.423697076561421582e-01 1.732794741900575142e-01
-2.257281020087236467e-01 1.955283841840952663e-01
-2.070150849846679464e-01 2.162050546666423601e-01
-1.863766345369691213e-01 2.351126143206282715e-01
-1.639779638446140497e-01 2.520674912310162941e-01
-1.400023347594933354e-01 2.669013569832106580e-01
-1.146496672005972023e-01 2.794629673157408289e-01
-8.813495329479387186e-02 2.896198770766761355e-01
-6.068648757594247156e-02 2.972600079644613369e-01
-3.254392700661487559e-02 3.022930485571428405e-01
-3.956196944585956693e-03 3.046516674442923400e-01
2.482073859474482475e-02 3.042925218641480134e-01
5.352622196201638205e-02 3.011970461012851707e-01
8.189733989285682969e-02 2.953720060001394088e-01
1.096714305824024321e-01 2.868498082757517942e-01
1.365886344780893324e-01 2.756885558303496242e-01
1.623944623317903346e-01 2.619718429846654151e-01
1.868423532280110155e-01 2.458082873750582209e-01
2.096961947954791572e-01 2.273307982177745212e-01
2.307327776288128629e-01 2.066955836641238275e-01
2.497441561045906366e-01 1.840809030273027336e-01
2.665398882772077593e-01 1.596855727142360570e-01
2.809491283849703813e-01 1.337272377045983229e-01
2.928225466819003309e-01 1.064404233444791598e-01
3.020340528269922498e-01 7.807438502474461917e-02
3.084823008968761715e-01 4.889077595576257762e-02
3.120919562222065347e-01 1.916115569407787420e-02
3.128147066605350135e-01 -1.083563571183923484e-02
3.106300035827849748e-01 -4.081621114261342609e-02
3.055455207368520942e-01 -7.049544892814775532e-02
2.975973222270249519e-01 -9.958935466511728563e-02
2.868497340756179237e-01 -1.278179415366122174e-01
2.733949171746802853e-01 -1.549080977039290485e-01
2.573521428501292507e-01 -1.805964090771564334e-01
2.388667757059116381e-01 -2.046319058876306107e-01
2.181089718486785289e-01 -2.267787019849364927e-01
1.952721039704514439e-01 -2.468184966623042653e-01
1.705709280446330300e-01 -2.645529100703732928e-01
1.442395095270360694e-01 -2.798056248987605410e-01
1.165289299073841434e-01 -2.924243089711954791e-01
8.770479718894347299e-02 -3.022822956920035997e-01
5.804458634809375739e-02 -3.092800018738062207e-01
2.783483800826286672e-02 -3.133460653387001860e-01
-2.631754576200042578e-03 -3.144381877843535067e-01
-3.305933861697871179e-02 -3.125436717055164459e-01
-6.315194221585826440e-02 -3.076796436206369889e-01
-9.261652860396095421e-02 -2.998929594304620139e-01
-1.211660303243834447e-01 -2.892597913867506199e-01
-1.485223295321510262e-01 -2.758848998293268462e-01
-1.744191510384643928e-01 -2.599005965128453610e-01
-1.986048355832708556e-01 -2.414654099449396185e-01
-2.208449620726232743e-01 -2.207624666495945631e-01
-2.409247891513222051e-01 -1.979976056095114900e-01
-2.586514884782115664e-01 -1.733972462865718822e-01
-2.738561444076966778e-01 -1.472060335302655953e-01
-2.863954974285954913e-01 -1.196842853230076498e-01
-2.961534116382377180e-01 -9.110527164489970464e-02
-3.030420497000163582e-01 -6.175235473880863468e-02
-3.070027421073778795e-01 -3.191602269399307357e-02
-3.080065411147973609e-01 -1.890849521871067196e-03
-3.060544533527531086e-01 2.802758424527502373e-02
-3.011773488736202986e-01 5.754577595386546618e-02
-2.934355481323080439e-01 8.637535571508214716e-02
-2.829180921425416551e-01 1.142360776481134710e-01
-2.697417047203699014e-01 1.408587141443249369e-01
-2.540494592850602307e-01 1.659878210095438456e-01
-2.360091660897806753e-01 1.893843429201766126e-01
-2.158114989581928767e-01 2.108280305722369519e-01
-1.936678835687087319e-01 2.301196431856188107e-01
-1.698081720192745059e-01 2.470829126198497150e-01
-1.444781307892953337e-01 2.615662482289080604e-01
-1.179367712629200565e-01 2.734441646947994853e-01
-9.045355366498789018e-02 2.826184183927750171e-01
-6.230549656782810586e-02 2.890188413131983824e-01
-3.377422503911758217e-02 2.926038651520799228e-01
-5.142991008584792134e-03 2.933607318388384844e-01
2.330630046978389783e-02 2.913053904498739688e-01
5.129602569223055963e-02 2.864820841138879248e-01
7.855570485891195942e-02 2.789626341039478374e-01
1.048247611496613968e-01 2.688454317875635935e-01
1.298551462387460831e-01 2.562541524267346049e-01
1.534138039921526531e-01 2.413362079445325326e-01
1.752849462445797979e-01 2.242609586655702758e-01
1.952721170044079135e-01 2.052177066602537125e-01
2.132000241502164939e-01 1.844134956462867014e-01
2.289161206255283243e-01 1.620707443989052032e-01
2.422919202702988328e-01 1.384247422715617626e-01
2.532240367070414666e-01 1.137210367137953537e-01
2.616349370836161259e-01 8.821274358021141682e-02
2.674734059198732861e-01 6.215781154630829752e-02
2.707147177674051330e-01 3.581627208084121189e-02
2.713605208266909319e-01 9.447506173124765871e-03
2.694384370308067211e-01 -1.669244161526114989e-02
2.650013873578405121e-01 -4.235347219901823557e-02
2.581266542353662929e-01 -6.729393588479715138e-02
2.489146958123638342e-01 -9.128300458969029751e-02
2.374877295623230300e-01 -1.141028877682213893e-01
2.239881051147871449e-01 -1.355508696954527137e-01
2.085764883638246969e-01 -1.554411482353987295e-01
1.914298807475306174e-01 -1.736064579100137228e-01
1.727394991135890456e-01 -1.898994629372597609e-01
1.527085427677042084e-01 -2.041939088881048747e-01
1.315498751345055839e-01 -2.163855246815368227e-01
1.094836479393161699e-01 -2.263926697529892729e-01
8.673489594366193267e-02 -2.341567243541281818e-01
6.353113004203238268e-02 -2.396422240304070528e-01
4.009995596121167238e-02 -2.428367423379251822e-01
1.666674490992317570e-02 -2.437505287652513009e-01
-6.547618676826950229e-03 -2.424159115834276235e-01
-2.932888864599475856e-02 -2.388864779253271897e-01
-5.147148598962722477e-02 -2.332360457638331663e-01
-7.278038515541436493e-02 -2.255574445902188141e-01
-9.307284009190557039e-02 -2.159611234665721746e-01
-1.121799346817934084e-01 -2.045736067199779573e-01
-1.299479447195719395e-01 -1.915358188464330869e-01
-1.462395011935930245e-01 -1.770013011883881104e-01
-1.609345473004508975e-01 -1.611343436349862435e-01
-1.739310843149341756e-01 -1.441080549665048338e-01
-1.851457041250627045e-01 -1.261023955265050123e-01
-1.945139088833954533e-01 -1.073021956633044283e-01
-2.019902207886299927e-01 -8.789518284720709840e-02
-2.075480874630950823e-01 -6.807003955588937505e-02
-2.111795907018782503e-01 -4.801451294546066340e-02
-2.128949685104852829e-01 -2.791359601023842701e-02
-2.127219622955070499e-01 -7.947798404336466060e-03
-2.107050028054665292e-01 1.170847662062156347e-02
-2.069042499190421880e-01 3.088843458631091582e-02
-2.013945026311208530e-01 4.943425890054349570e-02
-1.942639965833869442e-01 6.719833625299326263e-02
-1.856131072190611020e-01 8.404433000845322466e-02
-1.755529771085705681e-01 9.984809552025276924e-02
-1.642040861958410647e-01 1.144984334967182882e-01
-1.516947836588267706e-01 1.278976797349198335e-01
-1.381597997717399773e-01 1.399621316584580277e-01
-1.237387556125472132e-01 1.506223141313855485e-01
-1.085746876931577565e-01 1.598230889422237455e-01
-9.281260361973629747e-02 1.675236141364887799e-01
-7.659808373763252187e-02 1.736971610019339973e-01
-6.007594240262846552e-02 1.783307979595309956e-01
-4.338896107242139893e-02 1.814249518699012353e-01
-2.667670385570014915e-02 1.829928583176450574e-01
-1.007442451798276281e-02 1.830599132763987280e-01
6.287927748804968131e-03 1.816629391805726634e-01
2.228659820453184753e-02 1.788493788341665447e-01
3.780480821587608314e-02 1.746764307748323586e-01
5.273342650719443220e-02 1.692101396878104569e-01
6.697152946348765290e-02 1.625244552380088470e-01
8.042685150235273639e-02 1.547002722708238354e-01
9.301612799408029431e-02 1.458244647375173120e-01
1.046653345533339885e-01 1.359889249457236216e-01
1.153098277350129569e-01 1.252896188387243315e-01
1.248943932265360740e-01 1.138256669890427702e-01
1.333732085273676982e-01 1.016984598746128732e-01
1.407097278356128356e-01 8.901081481222207492e-02
1.468764974155211400e-01 7.586618067668979282e-02
1.518549100964378673e-01 6.236789525910571563e-02
1.556349077539142534e-01 4.861849883702096253e-02
1.582146406511254488e-01 3.471910626679072798e-02
1.596000923801387805e-01 2.076883868539136646e-02
1.598046788473377056e-01 6.864314746761300198e-03
1.588488293073635205e-01 -6.900799764805004045e-03
1.567595568794831473e-01 -2.043618608721933794e-02
1.535700252954949052e-01 -3.365521341564262081e-02
1.493191178469872871e-01 -4.647523038538877577e-02
1.440510136411382314e-01 -5.881781148221511268e-02
1.378147753584348378e-01 -7.060896323162531296e-02
1.306639517534568251e-01 -8.177929534433400760e-02
1.226561971722035377e-01 -9.226416217229649330e-02
1.138529093972022593e-01 -1.020037798598287665e-01
1.043188861951761665e-01 -1.109433244612425679e-01
9.412200005086049370e-02 -1.190330160466698400e-01
8.333288974294375540e-02 -1.262281934404430039e-01
7.202466667085828667e-02 -1.324893837429529375e-01
6.027263318925452085e-02 -1.377823701908375276e-01
4.815400966341008837e-02 -1.420782612270169720e-01
3.574766653423400165e-02 -1.453535628983811945e-01
2.313385738417645526e-02 -1.475902558929714226e-01
1.039394883091753971e-02 -1.487758776892974255e-01
-2.389856952799383760e-03 -1.489036094375447428e-01
-1.513481118709079573e-02 -1.479723663455960458e-01
-2.775792275292357850e-02 -1.459868895215757079e-01
-4.017628126206784778e-02 -1.429578364480645070e-01
-5.230740191924616866e-02 -1.389018665493843840e-01
-6.406959456379794637e-02 -1.338417176793743057e-01
-7.538235857622836711e-02 -1.278062688183249918e-01
-8.616680454825678681e-02 -1.208305838378605362e-01
-9.634610275940386215e-02 -1.129559308831742659e-01
-1.058459575962189814e-01 -1.042297717425002407e-01
-1.145951061105663499e-01 -9.470571553095734341e-02
-1.225258379604141218e-01 -8.444343111430199778e-02
-1.295745330302444931e-01 -7.350851293936350173e-02
-1.356822121086018185e-01 -6.197229532100816812e-02
-1.407950951272697038e-01 -4.991161075666923630e-02
-1.448651606593991115e-01 -3.740848849241532048e-02
-1.478506996509443006e-01 -2.454979034026676804e-02
-1.497168557381099441e-01 -1.142678163362920683e-02
-1.504361439986980631e-01 1.865363807340454996e-03
-1.499889396109513329e-01 1.522812476156227245e-02
-1.483639276612873370e-01 2.856025867348138333e-02
-1.455585052614384867e-01 4.175849045218812255e-02
-1.415791272126717404e-01 5.471826055238668274e-02
-1.364415866939988620e-01 6.733452767904318792e-02
-1.301712228538899896e-01 7.950262026727686338e-02
-1.228030477494130024e-01 9.111912973757121947e-02
-1.143817857985638814e-01 1.020828374351679668e-01
-1.049618197836462846e-01 1.122956661524817379e-01
-9.460703845600049178e-02 1.216636462245197642e-01
-8.339058193269575925e-02 1.300978853983113526e-01
-7.139448232907699698e-02 1.375155310253392271e-01
-5.870919842019607648e-02 1.438407126261043723e-01
-4.543304455009741782e-02 1.490054525412320141e-01
-3.167151548993833721e-02 1.529505322245068022e-01
-1.753651046191825880e-02 1.556263017578202179e-01
-3.145461072864244589e-03 1.569934203813428963e-01
1.137963058469478733e-02 1.570235162364782000e-01
2.591323592909059587e-02 1.556997541134958751e-01
4.032741683270489597e-02 1.530173007763237503e-01
5.449300502903825505e-02 1.489836783969240297e-01
6.828083227621147000e-02 1.436189977611666280e-01
8.156299847321014929e-02 1.369560641944781998e-01
9.421416397724291514e-02 1.290403505834427644e-01
1.061128515888895146e-01 1.199298334211366529e-01
1.171427430719940432e-01 1.096946894592461530e-01
1.271939546707611113e-01 9.841685228691914034e-02
1.361642758877605885e-01 8.618942995119990846e-02
1.439603558011451068e-01 7.311598656182613509e-02
1.504988214318637996e-01 5.930969265824644066e-02
1.557073131233594199e-01 4.489235093250010245e-02
1.595254225652643076e-01 2.999330567148838708e-02
1.619055199738079764e-01 1.474824597980140505e-02
1.628134580266338560e-01 -7.020855560700665909e-04
1.622291414269874943e-01 -1.621326562428837895e-02
1.601469524272725597e-01 -3.163862989602351378e-02
1.565760242574478767e-01 -4.683076405290514943e-02
1.515403561597429283e-01 -6.164302952385873613e-02
1.450787656054592090e-01 -7.593110654824336558e-02
1.372446752379394286e-01 -8.955453662668405590e-02
1.281057341221785439e-01 -1.023782460945603795e-01
1.177432749587580124e-01 -1.142740324638779753e-01
1.062516110096075744e-01 -1.251219953320141520e-01
9.373717855681081013e-02 -1.348118940519927311e-01
8.031753274443186041e-02 -1.432444149964510471e-01
6.612020660861588073e-02 -1.503323321208011876e-01
5.128144495519160184e-02 -1.560015456313303406e-01
3.594482647000325076e-02 -1.601919848789012113e-01
2.025978902007018537e-02 -1.628583631131010623e-01
4.380074500174115093e-03 -1.639707734267862316e-01
-1.153788922138333263e-02 -1.635151170758894490e-01
-2.733665072073518387e-02 -1.614933573505664688e-01
-4.285942251094290029e-02 -1.579235942756067046e-01
-5.795177381156667307e-02 -1.528399576030908813e-01
-7.246330854246764430e-02 -1.462923177997379753e-01
-8.624930849220951989e-02 -1.383458169954411565e-01
-9.917232187535740540e-02 -1.290802241177819998e-01
-1.111036780161350906e-01 -1.185891206593263358e-01
-1.219249096731963994e-01 -1.069789256800375149e-01
-1.315290655430362554e-01 -9.436777070670789025e-02
-1.398218967356944509e-01 -8.088423712657467901e-02
-1.467229024904760093e-01 -6.666597045647765230e-02
-1.521662220729105564e-01 -5.185818747720121608e-02
-1.561013616457389841e-01 -3.661209363249559590e-02
-1.584937469124171328e-01 -2.108322928379654376e-02
-1.593250944653172296e-01 -5.429764367891888946e-03
-1.585935970044534404e-01 1.018923828808134500e-02
-1.563139198966561338e-01 2.561557029229838411e-02
-1.525170088890877573e-01 4.069361477131608340e-02
-1.472497111436150974e-01 5.527205241568355215e-02
-1.405742140883992353e-01 6.920551605077056301e-02
-1.325673088589481852e-01 8.235617391803048970e-02
-1.233194872922885876e-01 9.459522273163684103e-02
-1.129338835154390652e-01 1.058042727009794459e-01
-1.015250731051304117e-01 1.158766080661254305e-01
-8.921774456373898765e-02 1.247183082631030948e-01
-7.614525943299159383e-02 1.322492165978725320e-01
-6.244811873108616074e-02 1.384037452385772082e-01
-4.827235453228512219e-02 1.431315074092779360e-01
-3.376786639578366334e-02 1.463977698570447517e-01
-1.908672298110788285e-02 1.481837209386532572e-01
-4.381449552378777201e-03 1.484865520026648344e-01
1.019667783094519234e-02 1.473193520961134095e-01
2.449931081448478848e-02 1.447108183708283868e-01
3.838265976093723636e-02 1.407047868712034411e-01
5.170905779773003752e-02 1.353595906221880529e-01
6.434843937870231290e-02 1.287472540736561699e-01
7.617971602946743692e-02 1.209525349667771449e-01
8.709203335751038166e-02 1.120718265430857147e-01
9.698589501974001770e-02 1.022119346933384187e-01
1.057741411296115180e-01 9.148874611920905509e-02
1.133827705281510584e-01 8.002580483750963702e-02
1.197515984113379367e-01 6.795281537811746764e-02
1.248347429717901746e-01 5.540409180063941841e-02
1.286009369457983831e-01 4.251697217202327767e-02
1.310336622269107354e-01 2.943021840238976491e-02
1.321311079835737201e-01 1.628242132751389626e-02
1.319059549699460321e-01 3.210430655497078720e-03
1.303849909155985198e-01 -9.652171132273538665e-03
1.276085639920027104e-01 -2.217653261077850296e-02
1.236298833534541786e-01 -3.423991766669158554e-02
1.185141776110648915e-01 -4.572699410418459148e-02
1.123377237964859193e-01 -5.653101195682845581e-02
1.051867608853156166e-01 -6.655485847187961324e-02
9.715630325965149416e-02 -7.571197850021862963e-02
8.834887057889317941e-02 -8.392715092292395151e-02
7.887315138481511279e-02 -9.113711374671595866e-02
6.884261838157614000e-02 -9.729103257685392525e-02
5.837411369766019875e-02 -1.023508092982441942e-01
4.758642255221951639e-02 -1.062912299338514693e-01
3.659885361393777625e-02 -1.090999527743457265e-01
2.552984396086335761e-02 -1.107773399550623372e-01
1.449560593261912250e-02 -1.113361376674543712e-01
3.608832323187897637e-03 -1.108010121051859753e-01
-7.022524692594971432e-03 -1.092079500344038112e-01
-1.729638675547169602e-02 -1.066035345200646023e-01
-2.711758192243683002e-02 -1.030441078143409239e-01
-3.639876553055239328e-02 -9.859483470051652598e-02
-4.506121988924860489e-02 -9.332868067070522466e-02
-5.303552517618572576e-02 -8.732532018551338038e-02
-6.026209579795882565e-02 -8.066999090895300706e-02
-6.669157841199482850e-02 -7.345231022634633733e-02
-7.228510976190223591e-02 -6.576507053386541901e-02
-7.701443442727580468e-02 -5.770302973632516347e-02
-8.086188450293274599e-02 -4.936171310884602398e-02
-8.382022507497720321e-02 -4.083624217522761890e-02
-8.589237112636109728e-02 -3.222020554165611061e-02
-8.709098315869676088e-02 -2.360458571197673536e-02
-8.743795033783624548e-02 -1.507675481618881222e-02
-8.696377133822055794e-02 -6.719550925516154516e-03
-8.570684425774897919e-02 1.389554774011089039e-03
-8.371267798615489308e-02 9.179191199597046963e-03
-8.103303822372982801e-02 1.658471385024573586e-02
-7.772504195488030843e-02 2.354871910514317462e-02
-7.385021457674623147e-02 3.002144263733428492e-02
-6.947352406446005713e-02 3.596103999398067574e-02
-6.466240652229179875e-02 4.133374914377616755e-02
-5.948579722776833195e-02 4.611393650915739800e-02
-5.401318083080811766e-02 5.028402966086997078e-02
-4.831367373183801522e-02 5.383434143149419537e-02
-4.245515084437576775e-02 5.676279168046995810e-02
-3.650342796382656518e-02 5.907453429558412461e-02
-3.052150983269523443e-02 6.078149822650966844e-02
-2.456891273249700580e-02 6.190185239889262059e-02
-1.870106906548310577e-02 6.245940523933599109e-02
-1.296881993735626501e-02 6.248295024184907093e-02
-7.418000238905085933e-03 6.200556951722700078e-02
-2.089119174031715646e-03 6.106390758368411553e-02
2.982862381657752030e-03 5.969742777818933671e-02
7.768657859447639785e-03 5.794766359465328143e-02
1.224468599781073849e-02 5.585747699167227520e-02
1.639301000763951702e-02 5.347033526607904153e-02
2.020118942455751548e-02 5.082961746895085092e-02
2.366205044935361032e-02 4.797796056039501517e-02
2.677338173802717991e-02 4.495665457311293772e-02
2.953756362856205589e-02 4.180509499926448463e-02
3.196113966829418340e-02 3.856029944913964835e-02
3.405434002202405164e-02 3.525649437372058159e-02
3.583056688791936423e-02 3.192477631767769164e-02
3.730585241958153664e-02 2.859285079681266051e-02
3.849829984506675240e-02 2.528485049704378568e-02
3.942751848666462694e-02 2.202123309344875685e-02
4.011406322118785117e-02 1.881875761013207526e-02
4.057888858452555342e-02 1.569053690668091236e-02
4.084282722404308091e-02 1.264616260571016504e-02
4.092610174837020554e-02 9.691897588231867394e-03
4.084787822884761166e-02 6.830930097537653983e-03
4.062586868515506711e-02 4.063682524367014104e-03
4.027598885604990325e-02 1.388167110709980293e-03
3.981207643292112436e-02 -1.199619881239525655e-03
3.924567373852228674e-02 -3.705274525036197399e-03
3.858587758627270159e-02 -6.135541476108941766e-03
3.783925777803718443e-02 -8.497859682730903030e-03
3.700984441174469397e-02 -1.079990717836596358e-02
3.609918289597920105e-02 -1.304915444721871029e-02
3.510645432779250369e-02 -1.525243556720220356e-02
3.402865770276034679e-02 -1.741554589027822023e-02
3.286084931201891518e-02 -1.954287442796411728e-02
3.159643365764258638e-02 -2.163707838081557061e-02
3.022749930161986245e-02 -2.369880639810019798e-02
2.874519226936356198e-02 -2.572647619280429843e-02
2.714011896859618023e-02 -2.771611108435566295e-02
2.540277006876381569e-02 -2.966123891517918193e-02
2.352395642263014480e-02 -3.155285560669369299e-02
2.149524790564400281e-02 -3.337945440564923233e-02
1.930940600273050103e-02 -3.512712064328436801e-02
1.696080108637895364e-02 -3.677969060826639935e-02
1.444580560173631609e-02 -3.831897194016598701e-02
1.176315479875558907e-02 -3.972502180318383119e-02
8.914267220725446625e-03 -4.097647801901176806e-02
5.903517862822792867e-03 -4.205093734094795394e-02
2.738457741624497187e-03 -4.292537415513877214e-02
-5.700254472332413717e-04 -4.357659211384713738e-02
-4.007609876599951132e-03 -4.398170055278605162e-02
-7.556508528469159033e-03 -4.411860703053429450e-02
-1.119550655264758832e-02 -4.396651696131337328e-02
-1.490006786706539466e-02 -4.350643109898819777e-02
-1.864251060372817265e-02 -4.272163157360116259e-02
-2.239224978648167094e-02 -4.159814728305295806e-02
-2.611610443083251312e-02 -4.012518970014278263e-02
-2.977866510176962328e-02 -3.829555056498717969e-02
-3.334271687189643840e-02 -3.610595348830968054e-02
-3.676971160725615168e-02 -3.355735218334281872e-02
-4.002028258877570605e-02 -3.065516886202497224e-02
-4.305479366849137429e-02 -2.740946726169686543e-02
-4.583391447508974176e-02 -2.383505579669317059e-02
-4.831921263424990287e-02 -1.995151743859778504e-02
-5.047375356508070066e-02 -1.578316410169916528e-02
-5.226269816156930287e-02 -1.135891452753380604e-02
-5.365388857192855687e-02 -6.712095904809443035e-03
-5.461841235108982895e-02 -1.880170708511130426e-03
-5.513113548185066826e-02 3.095608525427833747e-03
-5.517119513535466424e-02 8.170612575680569895e-03
-5.472244356618866101e-02 1.329731200330719690e-02
-5.377383520358615387e-02 1.842581058245589681e-02
-5.231974979793119901e-02 2.350442858317714281e-02
-5.036024539877247824e-02 2.848032791976421937e-02
-4.790123596279317886e-02 3.330017042224291124e-02
-4.495458950186886210e-02 3.791079986522570555e-02
-4.153814386528310171e-02 4.225993790764399904e-02
-3.767563848799862503e-02 4.629688376696862451e-02
-3.339656170936657065e-02 4.997320727816027125e-02
-2.873591455399507333e-02 5.324342497404405128e-02
-2.373389314862422994e-02 5.606564897086794425e-02
-1.843549320575613854e-02 5.840219874875984818e-02
-1.289004121681796081e-02 6.022016637743984185e-02
-7.150658145817854160e-03 6.149192634624654069e-02
-1.273662480780065991e-03 6.219558190536287473e-02
4.682079532041774801e-03 6.231534070096086952e-02
1.065584779232582255e-02 6.184181347770929815e-02
1.658579698288858290e-02 6.077223071278543137e-02
2.240970994703984920e-02 5.911057321971763950e-02
2.806576537394487800e-02 5.686761400026259933e-02
3.349330907606145463e-02 5.406086990925836055e-02
3.863361801911740362e-02 5.071446301141648016e-02
4.343064630395164494e-02 4.685889283030771069e-02
4.783174250062925681e-02 4.253072199820992494e-02
5.178832809583096969e-02 3.777217909106041216e-02
5.525652732942938627e-02 3.263068365601087123e-02
5.819773935784216395e-02 2.715829959133933894e-02
6.057914448038469180e-02 2.141112410212328912e-02
6.237413708851500399e-02 1.544862041386581286e-02
6.356267903273386810e-02 9.332903265538906867e-03
6.413156823242990856e-02 3.127986910434258500e-03
6.407461856313295678e-02 -3.100994083014017681e-03
6.339274832524478820e-02 -9.288580526266231388e-03
6.209397590921753030e-02 -1.536978984347080537e-02
6.019332260458232220e-02 -2.128091179193097870e-02
5.771262383410414448e-02 -2.696028769154310348e-02
5.468025140955216912e-02 -3.234906241816878913e-02
5.113075068231606041e-02 -3.739189880828953233e-02
4.710439768116021775e-02 -4.203764466742655748e-02
4.264668247246877070e-02 -4.623994326438995994e-02
3.780772602825201861e-02 -4.995777901695502149e-02
3.264163882824850510e-02 -5.315595101952413915e-02
2.720583024063324279e-02 -5.580546811535645746e-02
2.156027840898416467e-02 -5.788386035905795229e-02
1.576677091119338750e-02 -5.937540293187580642e-02
9.888126841087575142e-03 -6.027124984449053896e-02
3.987411190136280585e-03 -6.056947607018649260e-02
-1.872847528304769690e-03 -6.027502807573049959e-02
-7.631425566863268839e-03 -5.939958403800708192e-02
-1.322914755618090701e-02 -5.796132633154931629e-02
-1.860959526656141144e-02 -5.598463012606760131e-02
-2.371977190744037345e-02 -5.349967312511116208e-02
-2.851071305603544714e-02 -5.054197258928249531e-02
-3.293803613903983213e-02 -4.715185680340018559e-02
-3.696242134006995361e-02 -4.337387905162100321e-02
-4.055001785601720921e-02 -3.925618294447059259e-02
-4.367277056121433160e-02 -3.484982858561933017e-02
-4.630866334187659639e-02 -3.020808956480933172e-02
-4.844187661609274803e-02 -2.538573110957326531e-02
-5.006285783749185592e-02 -2.043827991761990037e-02
-5.116830507396454009e-02 -1.542129622174952600e-02
-5.176106503673187642e-02 -1.038965851010650344e-02
-5.184994819009266370e-02 -5.396871039119941794e-03
-5.144946477930382317e-02 -4.944038396640041549e-04
-5.057948675501478669e-02 4.268925663863148284e-03
-4.926484163031447788e-02 8.847521017145533809e-03
-4.753484526492596923e-02 1.319951751603211723e-02
-4.542278141614142922e-02 1.728722878451791067e-02
-4.296533661526875242e-02 2.107752357402824239e-02
-4.020199951118166165e-02 2.454212832724820062e-02
-3.717443426069148155e-02 2.765785222978017766e-02
-3.392583783281945958e-02 3.040673269463200351e-02
-3.050029122692763869e-02 3.277610046882331596e-02
-2.694211458175312796e-02 3.475856479884767425e-02
-2.329523597480102903e-02 3.635192032295292419e-02
-1.960258338279590590e-02 3.755897855412606429e-02
-1.590550879982591606e-02 3.838732795982439938e-02
-1.224325289853531173e-02 3.884902771530781423e-02
-8.652457881442896653e-03 3.896024119049062984e-02
-5.166735316350146157e-03 3.874081611055611718e-02
-1.816294795774751631e-03 3.821381909482224337e-02
1.372361779136250419e-03 3.740503291502705191e-02
4.376676597940867310e-03 3.634242531385971364e-02
7.178200490307156886e-03 3.505559857991313866e-02
9.762684283786272899e-03 3.357522928127725653e-02
1.212009683310640538e-02 3.193250761408279736e-02
1.424457078321654351e-02 3.015858572419590281e-02
1.613427830258069851e-02 2.828404411210044128e-02
1.779124015410056547e-02 2.633838483729079166e-02
1.922107254065939796e-02 2.434955970602335762e-02
2.043267715376776567e-02 2.234354096400306341e-02
2.143788075155326003e-02 2.034394123450943004e-02
2.225103138227954233e-02 1.837168855544869112e-02
2.288855903934189362e-02 1.644476139036518333e-02
2.336850907282244857e-02 1.457798743449027420e-02
2.371005708283712918e-02 1.278290892456203018e-02
2.393301427491779584e-02 1.106771600842883577e-02
2.405733236370465739e-02 9.437248555993897267e-03
2.410261706679957608e-02 7.893065615833238027e-03
2.408765903666263558e-02 6.433580560827562717e-03
2.402999073820919276e-02 5.054258840121657846e-03
2.394547729889125523e-02 3.747874181837245779e-03
2.384794874436824141e-02 2.504818088543525178e-03
2.374888029634240200e-02 1.313456551742834969e-03
2.365712656166338648e-02 1.605270973932244969e-04
2.357871449707340736e-02 -9.684314250057280511e-04
2.351669900720480127e-02 -2.088624470578385583e-03
2.347108394120673777e-02 -3.215531443072405793e-03
2.343881011327839797e-02 -4.364428248196173740e-03
2.341381080281594237e-02 -5.549911796861471160e-03
2.338713400972862802e-02 -6.785435495433168700e-03
2.334712956883380069e-02 -8.082864605810473335e-03
2.327969808309071978e-02 -9.452060055186933124e-03
2.316859753736957850e-02 -1.090049882813485908e-02
2.299580242037767980e-02 -1.243293848900857423e-02
2.274190922920974953e-02 -1.405113266953071649e-02
2.238658137444783300e-02 -1.575360352584639217e-02
2.190902575801491337e-02 -1.753547623422313864e-02
2.128849267358296979e-02 -1.938837956955374864e-02
2.050479019083635904e-02 -2.130041551196677763e-02
1.953880383880335012e-02 -2.325619967146835484e-02
1.837301220608144811e-02 -2.523697312688400612e-02
1.699198903106523273e-02 -2.722078506236833700e-02
1.538288246481846720e-02 -2.918274437170730387e-02
1.353586245217542477e-02 -3.109533720693550413e-02
1.144452758975631444e-02 -3.292880629259013064e-02
9.106263377214205909e-03 -3.465158672886162888e-02
6.522544472282683359e-03 -3.623079198380597249e-02
3.699174380976380603e-03 -3.763274284338988251e-02
6.464569494977197121e-04 -3.882353126382968866e-02
-2.620704939934082132e-03 -3.976961036724158821e-02
-6.082786946582830964e-03 -4.043840125101683114e-02
-9.715699410862270805e-03 -4.079890685353337876e-02
-1.349092310684796639e-02 -4.082232284161475128e-02
-1.737572438940285929e-02 -4.048263536405061203e-02
-2.133344823760345219e-02 -3.975719555361903468e-02
-2.532388642475405863e-02 -3.862726085807113852e-02
-2.930371680238881907e-02 -3.707849363666518294e-02
-3.322700849078580321e-02 -3.510140796883517295e-02
-3.704578664052592119e-02 -3.269175627882623530e-02
-4.071064938647288300e-02 -2.985084817570587273e-02
-4.417142867398387435e-02 -2.658579483097850069e-02
-4.737788581248034842e-02 -2.290967325299415186e-02
-5.028043191731516870e-02 -1.884160595353755185e-02
-5.283086284885819828e-02 -1.440675272090192159e-02
-5.498309785748552170e-02 -9.636212497531174148e-03
-5.669391090204722178e-02 -4.566834690007030330e-03
-5.792364353238855373e-02 7.590594049872844556e-04
-5.863688831614143754e-02 6.294043013336537637e-03
-5.880313204631889418e-02 1.198603474220713561e-02
-5.839734838675893908e-02 1.777882917993566306e-02
-5.740053019221943997e-02 2.361270127480967831e-02
-5.580015247154923586e-02 2.942507734714773504e-02
-5.359055783616813173e-02 3.515126449811049880e-02
-5.077325728021746254e-02 4.072522919698707417e-02
-4.735714025932635796e-02 4.608041497171356388e-02
-4.335858925630227401e-02 5.115058840873341200e-02
-3.880149532694694009e-02 5.587070209965568773e-02
-3.371717248904249759e-02 6.017776276299979105e-02
-2.814417023271725132e-02 6.401169252681035426e-02
-2.212798487048850751e-02 6.731617128683677065e-02
-1.572067188943271354e-02 7.003944815754530040e-02
-8.980362895131877021e-03 7.213511030917105216e-02
-1.970692126427367290e-03 7.356279793047557081e-02
5.239861148822030391e-03 7.428885466849806385e-02
1.257870679346685151e-02 7.428690366557350044e-02
1.996994579588217203e-02 7.353834023011156240e-02
2.733523033626302640e-02 7.203273322876790896e-02
3.459467124690812634e-02 6.976812845936736229e-02
4.166778141827497117e-02 6.675124854011911524e-02
4.847444308682551106e-02 6.299758521359657970e-02
5.493588648947259068e-02 5.853138139461193379e-02
6.097566709002650437e-02 5.338550176944000664e-02
6.652062848021188246e-02 4.760119225902907647e-02
7.150183813382506026e-02 4.122773016962177212e-02
7.585548344711007251e-02 3.432196834921184825e-02
7.952371592855689286e-02 2.694777812626742222e-02
8.245543200164814901e-02 1.917539720743369203e-02
8.460697964673119520e-02 1.108069003354699225e-02
8.594278102295661859e-02 2.744329319387477616e-03
8.643586226570253161e-02 -5.749091385341416338e-03
8.606828283467718443e-02 -1.431200329419383618e-02
8.483145807674223604e-02 -2.285485448358823279e-02
8.272637004763379320e-02 -3.128713615401121362e-02
7.976366308907942293e-02 -3.951843019673412227e-02
7.596362216217733554e-02 -4.745946486699619687e-02
7.135603347344379732e-02 -5.502316519993452615e-02
6.597992847532223315e-02 -6.212568482161787142e-02
5.988321385673343183e-02 -6.868740600426712084e-02
5.312219164014991141e-02 -7.463389518945744150e-02
4.576097494890800366e-02 -7.989680175061668332e-02
3.787080638201548860e-02 -8.441468847884167626e-02
2.952928721462500308e-02 -8.813378314400528712e-02
2.081952681302173466e-02 -9.100864149420018201e-02
1.182922269739763999e-02 -9.300271319664209224e-02
2.649682589655785563e-03 -9.408880347632483931e-02
-6.625199465182026598e-03 -9.424942455751744719e-02
-1.590000022670565866e-02 -9.347703243885172042e-02
-2.507884454036790611e-02 -9.177414601547370654e-02
-3.406648943386813427e-02 -8.915334708098868188e-02
-4.276940162586532340e-02 -8.563716127674342316e-02
-5.109681515840993477e-02 -8.125782158524273713e-02
-5.896175615501987599e-02 -7.605691746724189961e-02
-6.628202216847138561e-02 -7.008493419780414957e-02
-7.298110420900615070e-02 -6.340068834563475364e-02
-7.898904032536972764e-02 -5.607066664360482039e-02
-8.424319053635960508e-02 -4.816827669916847604e-02
-8.868892396588913540e-02 -3.977301907550092469e-02
-9.228021020472663982e-02 -3.096959122355572372e-02
-9.498010819029238661e-02 -2.184693454972110038e-02
-9.676114724416326474e-02 -1.249723655332825659e-02
-9.760559631620999155e-02 -3.014900455159726794e-03
-9.750561893482762033e-02 6.504504943102893018e-03
-9.646331283432293957e-02 1.596530228088306400e-02
-9.449063470286797606e-02 2.527275667859312305e-02
-9.160921194734267248e-02 3.433410812572680604e-02
-8.785004478514092663e-02 4.305957290703465307e-02
-8.325310332860060003e-02 5.136330227532358295e-02
-7.786682560712517021e-02 5.916428724850001514e-02
-7.174752365853373504e-02 6.638719921721235318e-02
-6.495870589941464546e-02 7.296315698521525783e-02
-5.757032494067283040e-02 7.883041191308023943e-02
-4.965796083731708471e-02 8.393494398136525092e-02
-4.130195044112593139e-02 8.823096281487768922e-02
-3.258647405359275939e-02 9.168130899731627426e-02
-2.359861094915162785e-02 9.425775233677398390e-02
-1.442737555208201301e-02 9.594118509834412278e-02
-5.162746103948767304e-03 9.672170958128661900e-02
4.105302446485201151e-03 9.659862076594123714e-02
1.328774985842151070e-02 9.558028607130533705e-02
2.229745525488768809e-02 9.368392553012461210e-02
3.105004450355433251e-02 9.093529688762502783e-02
3.946475048601096047e-02 8.736829124698596016e-02
4.746519721717295387e-02 8.302444590507788991e-02
5.498011968034578756e-02 7.795238193321685216e-02
6.194401223843692267e-02 7.220717484885935677e-02
6.829769955220379996e-02 6.584966738631345406e-02
7.398882506572788953e-02 5.894573390074075991e-02
7.897225329038204400e-02 5.156550632512824778e-02
8.321038331395087806e-02 4.378257184182340889e-02
8.667337216374360054e-02 3.567315252810545484e-02
8.933926784417714484e-02 2.731527719070309806e-02
9.119405303352969006e-02 1.878795542083260342e-02
9.223160154520392007e-02 1.017036358488577347e-02
9.245355072066538393e-02 1.541052023891688327e-03
9.186909391016542803e-02 -7.022817823406093084e-03
9.049469810070670528e-02 -1.544619832271524815e-02
8.835375255727599686e-02 -2.365683527733947883e-02
8.547615504365570216e-02 -3.158589583467848183e-02
8.189784277542387636e-02 -3.916853911049612835e-02
7.766027572425868164e-02 -4.634442492772487820e-02
7.280988023551748789e-02 -5.305815705370034441e-02
6.739746113839475972e-02 -5.925965832584986770e-02
6.147759061988846557e-02 -6.490447606525780178e-02
5.510798210238115197e-02 -6.995401717473943848e-02
4.834885721382217033e-02 -7.437571328813319393e-02
4.126231367502297687e-02 -7.814311726627248822e-02
3.391170155786897566e-02 -8.123593320928466921e-02
2.636101490025983748e-02 -8.363998296240504615e-02
1.867430510862898643e-02 -8.534711282263852949e-02
1.091512194845158448e-02 -8.635504479707886705e-02
3.145987229689459555e-03 -8.666717731285261683e-02
-4.572094449143531900e-03 -8.629234072753799722e-02
-1.218008431394125915e-02 -8.524451333335066050e-02
-1.962131460199401795e-02 -8.354250378604105576e-02
-2.684184834930675514e-02 -8.120960601979021476e-02
-3.379079260786804761e-02 -7.827323273372228940e-02
-4.042056470632727355e-02 -7.476453345702734066e-02
-4.668711191900513230e-02 -7.071800302285485840e-02
-5.255008561521268967e-02 -6.617108601242523147e-02
-5.797297161245846403e-02 -6.116378237799210971e-02
-6.292317904345424984e-02 -5.573825902546119399e-02
-6.737209055940542035e-02 -4.993847164483794510e-02
-7.129507712388580276e-02 -4.380980053039453676e-02
-7.467148099722245580e-02 -3.739870354439999572e-02
-7.748457076697395918e-02 -3.075238876086046694e-02
-7.972147244369895414e-02 -2.391850869167569046e-02
-8.137308071241375340e-02 -1.694487735972288051e-02
-8.243395441026762915e-02 -9.879210854265327996e-03
-8.290220019302045606e-02 -2.768891396019778489e-03
-8.277934816148307950e-02 4.339245636109909793e-03
-8.207022295026430991e-02 1.139910279631235757e-02
-8.078281344242942141e-02 1.836549133895554187e-02
-7.892814387371011042e-02 2.519428363502541901e-02
-7.652014863848878579e-02 3.184254955734405756e-02
-7.357555261756552889e-02 3.826867942392506855e-02
-7.011375832605644398e-02 4.443249627823220305e-02
-6.615674064049927028e-02 5.029536039101869388e-02
-6.172894931945984570e-02 5.582026888950660654e-02
-5.685721899379405503e-02 6.097195335624479295e-02
-5.157068578320242458e-02 6.571697809403982682e-02
-4.590070920641455693e-02 7.002384152847991594e-02
-3.988079760425013859e-02 7.386308292090817962e-02
-3.354653489811921380e-02 7.720739619884663119e-02
-2.693550617045662246e-02 8.003175228576019096e-02
-2.008721928619144892e-02 8.231353083681462734e-02
-1.304301958238145848e-02 8.403266177209178789e-02
-5.845994541914594986e-03 8.517177645460140278e-02
1.459134659523895518e-03 8.571636779905654480e-02
8.826137784031212741e-03 8.565495803088990501e-02
1.620741924324043196e-02 8.497927225575517551e-02
2.355418356167366875e-02 8.368441546016101851e-02
3.081662494576450223e-02 8.176905005610191068e-02
3.794414291760936364e-02 7.923557061832510462e-02
4.488558550492354610e-02 7.609027205330588794e-02
5.158952094608422467e-02 7.234350709434748949e-02
5.800453828047437421e-02 6.800982874668476397e-02
6.407957655975435318e-02 6.310811311804831458e-02
6.976428174640285362e-02 5.766165797045333385e-02
7.500938967398293467e-02 5.169825232312797586e-02
7.976713274187462177e-02 4.525021252798058086e-02
8.399166731891326287e-02 3.835438042961075711e-02
8.763951814895859505e-02 3.105207951162967592e-02
9.067003540038337528e-02 2.338902531820926528e-02
9.304585939407902795e-02 1.541518692079247785e-02
9.473338749364268452e-02 7.184596769473207932e-03
9.570323715907116946e-02 -1.244893080284682936e-03
9.593069876277962593e-02 -9.811909650755889015e-03
9.539617145422325806e-02 -1.845191313295048083e-02
9.408557514567465752e-02 -2.709760604491171995e-02
9.199073158417901686e-02 -3.567939623910660468e-02
8.910970747914784273e-02 -4.412591163765747226e-02
8.544711277549639494e-02 -5.236456366002278928e-02
8.101434740088483966e-02 -6.032215539737468407e-02
7.582979017279074807e-02 -6.792552969653560535e-02
6.991892402518218308e-02 -7.510225145919671719e-02
6.331439230188827538e-02 -8.178131765434659695e-02
5.605598155885856831e-02 -8.789388779807262575e-02
4.819052711297483471e-02 -9.337402698917841859e-02
3.977173846174724553e-02 -9.815945301451267646e-02
3.085994266523167315e-02 -1.021922785665241723e-01
2.152174481645510729e-02 -1.054197392580126791e-01
1.182960581576949187e-02 -1.077948978844718159e-01
1.861338792934610908e-03 -1.092773152802611336e-01
-8.300473327543418656e-03 -1.098336781466988099e-01
-1.856913546385376146e-02 -1.094383744016650672e-01
-2.885456841511364889e-02 -1.080740069130338987e-01
-3.906410137814871064e-02 -1.057318369316655321e-01
-4.910332194542255113e-02 -1.024121491311206222e-01
-5.887697557369751117e-02 -9.812453088587730354e-02
-6.828990557860223354e-02 -9.288805927072404933e-02
-7.724802387014866045e-02 -8.673139023221072830e-02
-8.565930191297517482e-02 -7.969274545768156859e-02
-9.343477078598415309e-02 -7.181979363579926723e-02
-1.004895187408554325e-01 -6.316942405027810292e-02
-1.067436743276949096e-01 -5.380741175999664838e-02
-1.121233629769606971e-01 -4.380797497674358831e-02
-1.165616249058881171e-01 -3.325322663854108490e-02
-1.199992823588302282e-01 -2.223252357300927601e-02
-1.223857444958992985e-01 -1.084171803231566075e-02
-1.236797387123750314e-01 8.176822605931687027e-04
-1.238499577995355316e-01 1.263943810497186043e-02
-1.228756131405261964e-01 2.451357816257052763e-02
-1.207468850649903308e-01 3.632746379680724946e-02
-1.174652625536072997e-01 4.796690850923335248e-02
-1.130437656764941151e-01 5.931734013830405883e-02
-1.075070454537445097e-01 7.026499318675158423e-02
-1.008913572265496550e-01 8.069811799311077394e-02
-9.324440510613632438e-02 9.050819297158826937e-02
-8.462505660659128126e-02 9.959112582185737639e-02
-7.510292814683817986e-02 1.078484294636639224e-01
-6.475784370608018981e-02 1.151883584851591952e-01
-5.367917051485863317e-02 1.215269921110285617e-01
-4.196503723917857642e-02 1.267892500966564806e-01
-2.972144164663188468e-02 1.309098285351417701e-01
-1.706125621016039290e-02 1.338340433198323687e-01
-4.103141486731253645e-03 1.355185699286022005e-01
9.029621614641466024e-03 1.359320692773932360e-01
2.221036840658265066e-02 1.350556906173700222e-01
3.531034255465202720e-02 1.328834438080681857e-01
4.820002962135812308e-02 1.294224347719002133e-01
6.075051718461758204e-02 1.246929595053484496e-01
7.283486617734295787e-02 1.187284536696696230e-01
8.432947776675238372e-02 1.115752964882794490e-01
9.511543995703990173e-02 1.032924694175559877e-01
1.050798381608624710e-01 9.395107181031001065e-02
1.141170142447171104e-01 8.363369753398645912e-02
1.221297590090868468e-01 7.243367821610018076e-02
1.290304237119799524e-01 6.045420044505723373e-02
1.347419370773344782e-01 4.780730583353320906e-02
1.391987152383589998e-01 3.461278433300981477e-02
1.423474532384826630e-01 2.099697255212201741e-02
1.441477880351960117e-01 7.091470059794593647e-03
1.445728244086168512e-01 -6.968212269892620943e-03
1.436095167491904523e-01 -2.104405690528236839e-02
1.412589013679924344e-01 -3.499698160207457415e-02
1.375361757177435973e-01 -4.868830241114447538e-02
1.324706227108914114e-01 -6.198120117302029219e-02
1.261053801501959837e-01 -7.474218078387095954e-02
1.184970571239370024e-01 -8.684249158427884141e-02
1.097152010387311694e-01 -9.815951249367724230e-02
9.984162074475466664e-02 -1.085780709872440353e-01
8.896957292812888995e-02 -1.179916866827195876e-01
7.720282058133182135e-02 -1.263037241639271002e-01
6.465457389381615294e-02 -1.334284417050917992e-01
5.144632531196796643e-02 -1.392919237624166140e-01
3.770659178217779933e-02 -1.438328864516384420e-01
2.356957829702861773e-02 -1.470033467153580853e-01
9.173777798426381580e-03 -1.487691474829704041e-01
-5.339476758832444915e-03 -1.491103328187061983e-01
-1.982749182336204785e-02 -1.480213688181130083e-01
-3.414770742770432271e-02 -1.455112078278214260e-01
-4.815918926583310361e-02 -1.416031954046270691e-01
-6.172410185468345245e-02 -1.363348212744359134e-01
-7.470914622561981855e-02 -1.297573173761571164e-01
-8.698694605133910907e-02 -1.219351078572023378e-01
-9.843736676748301995e-02 -1.129451176035232429e-01
-1.089487530871867116e-01 -1.028759475166895199e-01
-1.184190713195187872e-01 -9.182692627320049317e-02
-1.267569440756519672e-01 -7.990704969834749871e-02
-1.338825662640106273e-01 -6.723382014154717645e-02
-1.397284927201287996e-01 -5.393199933714971223e-02
-1.442402893695264587e-01 -4.013228916143660174e-02
-1.473770414622867231e-01 -2.596995544230969871e-02
-1.491117141248936018e-01 -1.158341053492432590e-02
-1.494313622262575525e-01 2.887229261353483831e-03
-1.483371883282839643e-01 1.730159520478509808e-02
-1.458444492642920476e-01 3.152051032553168652e-02
-1.419822136387258737e-01 4.540741037534316155e-02
-1.367929742470684884e-01 5.882972595607233179e-02
-1.303321210546199427e-01 7.166021087473610496e-02
-1.226672819268312259e-01 8.377820255151106899e-02
-1.138775397535358447e-01 9.507080124834653423e-02
-1.040525359375882031e-01 1.054339559760730100e-01
-9.329147140978104324e-02 1.147734461614479257e-01
-8.170201737313231849e-02 1.230057494954053671e-01
-6.939914885948941792e-02 1.300587878214386761e-01
-5.650391489094550718e-02 1.358725444390530002e-01
-4.314215957120680345e-02 1.403995477713172735e-01
-2.944320878361637861e-02 1.436052179569548282e-01
-1.553853734130585321e-02 1.454680745551785448e-01
-1.560431421623945103e-03 1.459798051747090986e-01
1.235933907530529195e-02 1.451451964366084479e-01
2.609082396987642480e-02 1.429819302338394271e-01
3.950715830584913130e-02 1.395202497398743968e-01
5.248577685831785217e-02 1.348025010264151391e-01
6.490956542474873858e-02 1.288825574599430923e-01
7.666793764053154991e-02 1.218251352435702067e-01
8.765782714024121514e-02 1.137050095414572359e-01
9.778458606562617783e-02 1.046061415567867831e-01
1.069627821840315740e-01 9.462072772185221858e-02
1.151168882085418510e-01 8.384818279331375523e-02
1.221818582850898449e-01 7.239406912235776814e-02
1.281035880133828964e-01 6.036898468586960470e-02
1.328392557790192552e-01 4.788742262051974563e-02
1.363575445751723791e-01 3.506661499878233057e-02
1.386387448658125132e-01 2.202537342838165046e-02
1.396747403715004332e-01 8.882938750548923304e-03
1.394688799272338353e-01 -4.242148334283691279e-03
1.380357397547708198e-01 -1.723314446243526948e-02
1.354007815958384042e-01 -2.997615807106401506e-02
1.315999131557601676e-01 -4.236115138135223418e-02
1.266789581991323854e-01 -5.428288104949596099e-02
1.206930444118850254e-01 -6.564176961049925096e-02
1.137059177909304636e-01 -7.634470087918560077e-02
1.057891928391349601e-01 -8.630573355948512049e-02
9.702154822702178938e-02 -9.544672843083676361e-02
8.748787783287732822e-02 -1.036978856133898980e-01
7.727840719115698642e-02 -1.109981895457942958e-01
6.648778536850551146e-02 -1.172957604254272479e-01
5.521416215231712138e-02 -1.225481119463242979e-01
4.355826018520581738e-02 -1.267223162111841273e-01
3.162245131818031130e-02 -1.297950776780271709e-01
1.950984599520532922e-02 -1.317527189180937586e-01
7.323403932819874326e-03 -1.325910817994612745e-01
-4.834926267821432373e-03 -1.323153484622563436e-01
-1.686503163036156411e-02 -1.309397871094594157e-01
-2.866941723127074820e-02 -1.284874281970463938e-01
-4.015394112576228108e-02 -1.249896770651840044e-01
-5.122849715847543894e-02 -1.204858694067140884e-01
-6.180764186571800073e-02 -1.150227762202379739e-01
-7.181116249539408469e-02 -1.086540650443964945e-01
-8.116458397714824968e-02 -1.014397243206633659e-01
-8.979961345709855380e-02 -9.344545768882454861e-02
-9.765452175806205171e-02 -8.474205488835324929e-02
-1.046744618276951033e-01 -7.540474572736879932e-02
-1.108117248849486008e-01 -6.551254329710187729e-02
-1.160259355624400357e-01 -5.514758226296943150e-02
-1.202841878629088285e-01 -4.439445766338239591e-02
-1.235611241974300945e-01 -3.333956920465987184e-02
-1.258389601485687403e-01 -2.207047556560416679e-02
-1.271074579017092143e-01 -1.067526272921112337e-02
-1.273638515124090043e-01 7.580701476357122603e-04
-1.266127273282488530e-01 1.214220432237497239e-02
-1.248658629631048816e-01 2.339107200564962546e-02
-1.221420282341417474e-01 3.442040182132538595e-02
-1.184667514223910062e-01 4.514823760809297953e-02
-1.138720541128374480e-01 5.549542939778401296e-02
-1.083961577166944606e-01 6.538609577838770670e-02
-1.020831645849446523e-01 7.474805717543071826e-02
-9.498271639675993916e-02 8.351323985976309705e-02
-8.714963225798451341e-02 9.161805071007071699e-02
-7.864352868255834739e-02 9.900372292313414091e-02
-6.952842336268594270e-02 1.056166329738382342e-01
-5.987232437065319324e-02 1.114085891813968165e-01
-4.974680618505512852e-02 1.163370922406567337e-01
-3.922657370488746159e-02 1.203655680313676923e-01
-2.838901521386229254e-02 1.234635729287543032e-01
-1.731374509098696640e-02 1.256069717114267348e-01
-6.082136937490658160e-03 1.267780880043254677e-01
5.223152290886834588e-03 1.269658270124708332e-01
1.651866659006540061e-02 1.261657701038159662e-01
2.772064307856374199e-02 1.243802405949445411e-01
3.874551139083352164e-02 1.216183398904061297e-01
4.951039953124138776e-02 1.178959529339014406e-01
5.993364525868011272e-02 1.132357217559453455e-01
6.993531185769168157e-02 1.076669857563715832e-01
7.943770689636261984e-02 1.012256872489397941e-01
8.836590227956540866e-02 9.395424072654309788e-02
9.664825358488865481e-02 8.590136428547048841e-02
1.042169163252871789e-01 7.712187168126352632e-02
1.110083564253616789e-01 6.767642358125376678e-02
1.169638518361731661e-01 5.763123673301082106e-02
1.220299818560258709e-01 4.705774998552358923e-02
1.261591003814407363e-01 3.603224638148327941e-02
1.293097889934421985e-01 2.463543088364862632e-02
1.314472854990858530e-01 1.295196370365621179e-02
1.325438833063911082e-01 1.069949664097333275e-03
1.325792968215994960e-01 -1.091961546084492703e-02
1.315409879294032192e-01 -2.292344012078676579e-02
1.294244485571215686e-01 -3.484657157698029667e-02
1.262334343394036495e-01 -4.659306717149980237e-02
1.219801444964396381e-01 -5.806669889952432301e-02
1.166853432201290508e-01 -6.917168725020192421e-02
1.103784181320752317e-01 -7.981345962742979194e-02
1.030973717360542385e-01 -8.989942802155145851e-02
9.488874223561004351e-02 -9.933977998846796331e-02
8.580745062293103353e-02 -1.080482764160892867e-01
7.591657156482636837e-02 -1.159430490314173751e-01
6.528702631050878336e-02 -1.229473901365271959e-01
5.399719661749813326e-02 -1.289905266694494068e-01
4.213245952827739810e-02 -1.340083703768703283e-01
2.978464372193477538e-02 -1.379442356691324145e-01
1.705140910118486258e-02 -1.407495166126101482e-01
4.035552243984927290e-03 -1.423843145072183625e-01
-9.155758662447419788e-03 -1.428180076032230794e-01
-2.241181479277545852e-02 -1.420297547357107504e-01
-3.561925796107939801e-02 -1.400089249993998752e-01
-4.866302564277851656e-02 -1.367554460515316428e-01
-6.142734225373276680e-02 -1.322800642151040484e-01
-7.379674832709987031e-02 -1.266045102555970470e-01
-8.565715842395214830e-02 -1.197615655165820137e-01
-9.689693789089504072e-02 -1.117950240163806674e-01
-1.074079879504062501e-01 -1.027595471206033256e-01
-1.170868280897981173e-01 -9.272040850362164854e-02
-1.258356643138951736e-01 -8.175312828388089925e-02
-1.335634315546315176e-01 -6.994299645004802002e-02
-1.401867983961709585e-01 -5.738448697264204867e-02
-1.456311222834753005e-01 -4.418056530322461706e-02
-1.498313435402655602e-01 -3.044189328375526693e-02
-1.527328068318325183e-01 -1.628593680499190732e-02
-1.542919991698855353e-01 -1.835982847053562600e-03
-1.544771941691799044e-01 1.277992621050491953e-02
-1.532689930254854394e-01 2.743013192542086143e-02
-1.506607535858468516e-01 4.198056257168639865e-02
-1.466588999172243613e-01 5.629598812770693350e-02
-1.412831059386246424e-01 7.024131532066472949e-02
-1.345663479529262685e-01 8.368290977766836003e-02
-1.265548222841321735e-01 9.648993167503211454e-02
-1.173077256784495620e-01 1.085356707670920851e-01
-1.068968976466245502e-01 1.196988663256786101e-01
-9.540632549229738357e-02 1.298649973391364787e-01
-8.293151436770072882e-02 1.389275283119303650e-01
-6.957872630391620516e-02 1.467890961764915514e-01
-5.546409375771577804e-02 1.533626241798285439e-01
-4.071261478007454082e-02 1.585723491379403827e-01
-2.545703842210658707e-02 1.623547491582184588e-01
-9.836650432112643144e-03 1.646593598083767596e-01
6.004029357096760285e-03 1.654494677522051760e-01
2.191662531728157462e-02 1.647026720674955313e-01
3.775034625180349879e-02 1.624113047975309088e-01
5.335347286234674163e-02 1.585827037501862935e-01
6.857487695722763732e-02 1.532393321316915247e-01
8.326555627609641408e-02 1.464187412674763378e-01
9.728016836218292274e-02 1.381733744007969666e-01
1.104785466614886108e-01 1.285702113503386090e-01
1.227271819745513054e-01 1.176902556290233964e-01
1.339006525341799869e-01 1.056278674554678720e-01
1.438829863328742464e-01 9.248994790416152634e-02
1.525689398748849568e-01 7.839498121761059868e-02
1.598651782758002959e-01 6.347194402075158337e-02
1.656913425703084586e-01 4.785909181273800134e-02
1.699809912070300300e-01 3.170263464240302698e-02
1.726824039962244484e-01 1.515531528107203450e-02
1.737592382176608996e-01 -1.625095528907764819e-03
1.731910281757755854e-01 -1.847737106673447843e-02
1.709735211892564888e-01 -3.523845125399573813e-02
1.671188448025373863e-01 -5.174509854972013378e-02
1.616555018860186543e-01 -6.783556922360038655e-02
1.546281922276536713e-01 -8.335128177711016717e-02
1.460974611874379658e-01 -9.813846416156496444e-02
1.361391779643088829e-01 -1.120497615382419626e-01
1.248438479877188312e-01 -1.249457866388946348e-01
1.123157658694406980e-01 -1.366965953130329370e-01
9.867201721109315760e-02 -1.471830705860949773e-01
8.404133933622022490e-02 -1.562981994923224871e-01
6.856285268026801605e-02 -1.639482280773757461e-01
5.238467610650139605e-02 -1.700536812756020533e-01
3.566244080137033479e-02 -1.745502358402066523e-01
1.855771862146461670e-02 -1.773894361240304363e-01
1.236381800425748190e-03 -1.785392442549638969e-01
-1.613308823528358110e-02 -1.779844181023090277e-01
-3.338132455888052907e-02 -1.757267123663247554e-01
-5.033981214203021859e-02 -1.717849001193281211e-01
-6.684261995916478127e-02 -1.661946141588464265e-01
-8.272810882115286257e-02 -1.590080095766947810e-01
-9.784059620985639805e-02 -1.502932509775947723e-01
-1.120319598532510258e-01 -1.401338297723098425e-01
-1.251631624637309370e-01 -1.286277188989803921e-01
-1.371056809516623398e-01 -1.158863741689205862e-01
-1.477428245112938077e-01 -1.020335931672024243e-01
-1.569709272434233471e-01 -8.720424424289993648e-02
-1.647004024131323852e-01 -7.154287957955843269e-02
-1.708566470237268820e-01 -5.520224762584341471e-02
-1.753807871002458219e-01 -3.834172127410309661e-02
-1.782302558963883565e-01 -2.112565908775066587e-02
-1.793791991450719159e-01 -3.721717586428714003e-03
-1.788187034416380272e-01 1.370086690704186948e-02
-1.765568458558659515e-01 3.097300807709775505e-02
-1.726185648899341007e-01 4.792749224623958637e-02
-1.670453549097324908e-01 6.440067515330896719e-02
-1.598947881521686210e-01 8.023413458763735406e-02
-1.512398703275967815e-01 9.527626118013503287e-02
-1.411682376713745413e-01 1.093837704479822953e-01
-1.297812050301216935e-01 1.224231201771701222e-01
-1.171926761762727975e-01 1.342718183934435983e-01
-1.035279290104202665e-01 1.448196085018061963e-01
-8.892228961810154375e-02 1.539695196502920416e-01
-7.351971028158631183e-02 1.616387719761547548e-01
-5.747126749565238668e-02 1.677595281014730433e-01
-4.093359678952471215e-02 1.722794840387933124e-01
-2.406728170785964183e-02 1.751622945233134720e-01
-7.035214647264144763e-03 1.763878296831921100e-01
9.999052620621135673e-03 1.759522618705109953e-01
2.687295098229766643e-02 1.738679833789542051e-01
4.342651109361395090e-02 1.701633576474552156e-01
5.950393856898111150e-02 1.648823083696296932e-01
7.495513091777979142e-02 1.580837526753947619e-01
8.963712074675295183e-02 1.498408862036260114e-01
1.034154307644937071e-01 1.402403294243071141e-01
1.161653272945001730e-01 1.293811459783531237e-01
1.277729603102956968e-01 1.173737450679760014e-01
1.381363794319332983e-01 1.043386810369999751e-01
1.471664168487123447e-01 9.040536421801197153e-02
1.547874297380621433e-01 7.571069788303563808e-02
1.609378964145339597e-01 6.039765671032599342e-02
1.655708621445290685e-01 4.461382256810119545e-02
1.686542322804966965e-01 2.850989361521238247e-02
1.701709120817454790e-01 1.223818272997622553e-02
1.701187942770603367e-01 -4.048878894897462236e-03
1.685105970670332798e-01 -2.020021750543260497e-02
1.653735568424039293e-01 -3.606755692469525848e-02
1.607489813909587784e-01 -5.150680879736598689e-02
1.546916707632645105e-01 -6.637939949482274393e-02
1.472692142519237413e-01 -8.055352120391981452e-02
1.385611730971241240e-01 -9.390529581248389934e-02
1.286581595519014076e-01 -1.063198413991760793e-01
1.176608238146663737e-01 -1.176922324177128304e-01
1.056787610571757741e-01 -1.279283460176863230e-01
9.282935133842160069e-02 -1.369455883481021929e-01
7.923654559620949001e-02 -1.446734961267632513e-01
6.502961114798525011e-02 -1.510542102103255013e-01
5.034185021235125512e-02 -1.560428193480811465e-01
3.530930488633341607e-02 -1.596075737296651642e-01
2.006946178639874151e-02 -1.617299693260786653e-01
4.759969190879424425e-03 -1.624047053587984180e-01
-1.048262098310479701e-02 -1.616395184985936484e-01
-2.552407466335763001e-02 -1.594548985806331642e-01
-4.023364960209693114e-02 -1.558836917136802724e-01
-5.448521172519947553e-02 -1.509705976483926571e-01
-6.815828464894721495e-02 -1.447715691444480257e-01
-8.113902415619674013e-02 -1.373531218316719760e-01
-9.332111047348308486e-02 -1.287915636916523998e-01
-1.046065522803669018e-01 -1.191721537904388839e-01
-1.149063974971405583e-01 -1.085882002686306413e-01
-1.241413470218525328e-01 -9.714010784303758750e-02
-1.322422687079525261e-01 -8.493438519647247831e-02
-1.391506099758003101e-01 -7.208262263304926476e-02
-1.448187085217384762e-01 -5.870045026110880249e-02
-1.492100016153002084e-01 -4.490648674144421398e-02
-1.522991354474476089e-01 -3.082128831297273330e-02
-1.540719769007951323e-01 -1.656630739059686275e-02
-1.545255309482237716e-01 -2.262869530809936622e-03
-1.536677676422125438e-01 1.196882300956536409e-02
-1.515173633281825805e-01 2.601065352593840557e-02
-1.481033612972615654e-01 3.974751201207840645e-02
-1.434647575847398937e-01 5.306816899615268007e-02
-1.376500180192215539e-01 6.586609660164015334e-02
-1.307165329346372529e-01 7.804023211980336272e-02
-1.227300161748319796e-01 8.949568013420021451e-02
-1.137638551516115398e-01 1.001443499831737305e-01
-1.038984187663644781e-01 1.099055260736915840e-01
-9.322032997815822564e-02 1.187063692605182658e-01
-8.182170970396103471e-02 1.264823481706728037e-01
-6.979939857654418600e-02 1.331775999777265185e-01
-5.725416287047099817e-02 1.387452207081518174e-01
-4.428989064461463093e-02 1.431474856882704871e-01
-3.101278384937591892e-02 1.463560012122334109e-01
-1.753055181680647154e-02 1.483517889269822532e-01
-3.951611200727721609e-03 1.491253047886166583e-01
9.615702930007810623e-03 1.486763947464995739e-01
2.306391051080164054e-02 1.470141895583911285e-01
3.628714044513892123e-02 1.441569413345450690e-01
4.918186150198051998e-02 1.401318045546105506e-01
6.164758687746644400e-02 1.349745644027641467e-01
7.358754947298441762e-02 1.287293153288506797e-01
8.490934523833869318e-02 1.214480927721075798e-01
9.552554219760987786e-02 1.131904609853595367e-01
1.053542530141605010e-01 1.040230598777510673e-01
1.143196691589949410e-01 9.401911375958274530e-02
1.223525549232521159e-01 8.325790483005479636e-02
1.293906996619385019e-01 7.182421420391550682e-02
1.353793267740116268e-01 5.980773323204925662e-02
1.402714580164161895e-01 4.730244783933220537e-02
1.440282318202965317e-01 3.440599858544569900e-02
1.466191743307132811e-01 2.121901915487271750e-02
1.480224219317431977e-01 7.844456004308766536e-03
1.482248940522743197e-01 -5.613128058394418855e-03
1.472224150799041897e-01 -1.904826351840167159e-02
1.450197842470785925e-01 -3.235529407878139085e-02
1.416307924009984898e-01 -4.542910380136828269e-02
1.370781846327852049e-01 -5.816584825278807436e-02
1.313935678276010877e-01 -7.046368627755006386e-02
1.246172623111419381e-01 -8.222350883511005126e-02
1.167980969138759512e-01 -9.334966113944785648e-02
1.079931469566753760e-01 -1.037506541331641441e-01
9.826741488334514441e-02 -1.133398611192618644e-01
8.769345352939753035e-02 -1.220361951691134456e-01
7.635093232366758909e-02 -1.297647627315663410e-01
6.432614707038530888e-02 -1.364574886929726116e-01
5.171147435339294718e-02 -1.420537079885867138e-01
3.860477203947059593e-02 -1.465007187497217034e-01
2.510872783122645308e-02 -1.497542918956139835e-01
1.133015832761353169e-02 -1.517791320511440722e-01
-2.620738413339044476e-03 -1.525492846979606965e-01
-1.663117325576675756e-02 -1.520484845531110685e-01
-3.058659518261939297e-02 -1.502704403211802542e-01
-4.437155459691140280e-02 -1.472190511874828522e-01
-5.787059543579219090e-02 -1.429085507143006695e-01
-7.096917023533046154e-02 -1.373635741716627556e-01
-8.355457173406277693e-02 -1.306191457796413713e-01
-9.551687408412554148e-02 -1.227205828602093429e-01
-1.067498762604343204e-01 -1.137233144916632716e-01
-1.171520398311077377e-01 -1.036926129243570804e-01
-1.266274128861389625e-01 -9.270323674855440732e-02
-1.350865316257711113e-01 -8.083898559775268278e-02
-1.424472908941072369e-01 -6.819216701670927083e-02
-1.486357748153970260e-01 -5.486297701420306955e-02
-1.535870386574557656e-01 -4.095879674671840109e-02
-1.572458331149678701e-01 -2.659340873011671602e-02
-1.595672623799394285e-01 -1.188613694040777102e-02
-1.605173676508611924e-01 3.039083870377868452e-03
-1.600736281283169360e-01 1.805470336441871576e-02
-1.582253720533471908e-01 3.303060810830021898e-02
-1.549740909647476517e-01 4.783522326876189779e-02
-1.503336510798689574e-01 6.233665458397168874e-02
-1.443303965359186147e-01 7.640386091083491149e-02
-1.370031401590961484e-01 8.990784695856983422e-02
-1.284030384493306254e-01 1.027228652201686715e-01
-1.185933485695537665e-01 1.147276156180696977e-01
-1.076490662994657732e-01 1.258064309990515051e-01
-9.565644514238583196e-02 1.358504363554840499e-01
-8.271239804652782968e-02 1.447586695237256249e-01
-6.892378450432926074e-02 1.524391511222014939e-01
-5.440658710980440099e-02 1.588098916464322496e-01
-3.928498296809791734e-02 1.637998239390976996e-01
-2.369031664679947455e-02 1.673496497013464979e-01
-7.759982618180180994e-03 1.694125893062556898e-01
8.363773651665074027e-03 1.699550249138772340e-01
2.453512567353836882e-02 1.689570277649372620e-01
4.060599562117397227e-02 1.664127615402446192e-01
5.642743143832461283e-02 1.623307548065267836e-01
7.185101823927898812e-02 1.567340368161789232e-01
8.673031017180576896e-02 1.496601322759470720e-01
1.009222683503597923e-01 1.411609121338750772e-01
1.142886900591496141e-01 1.313022989394514450e-01
1.266976141783091592e-01 1.201638268920013908e-01
1.380246877090003932e-01 1.078380582890780953e-01
1.481544783698219847e-01 9.442985970112031946e-02
1.569817185102924950e-01 8.005554281151275320e-02
1.644124660380681668e-01 6.484187645255932997e-02
1.703651686833226597e-01 4.892497791776110466e-02
1.747716187224328810e-01 3.244909311930835316e-02
1.775777862475743929e-01 1.556527656736866709e-02
1.787445201905671355e-01 -1.570016544243211729e-03
1.782481075777065105e-01 -1.879641267099076835e-02
1.760806828946578639e-01 -3.595116213796938076e-02
1.722504809621677180e-01 -5.287072580997728005e-02
1.667819283479441972e-01 -6.939239003031542896e-02
1.597155700496119823e-01 -8.535589307913489521e-02
1.511078299588108353e-01 -1.006050460188294277e-01
1.410306054368070938e-01 -1.149893306031203322e-01
1.295706981760777754e-01 -1.283654569333789464e-01
1.168290853682502906e-01 -1.405988637532409602e-01
1.029200370242469159e-01 -1.515651446810544756e-01
8.797008707516802695e-02 -1.611513842870215540e-01
7.211686760026617127e-02 -1.692573887233584373e-01
5.550781715977805286e-02 -1.757967966042406904e-01
3.829877573467226071e-02 -1.806980569981128659e-01
2.065248017292698607e-02 -1.839052627261929251e-01
2.736975294525831673e-03 -1.853788286435542332e-01
-1.527604310167421375e-02 -1.850960061968535131e-01
-3.321293617147251520e-02 -1.830512272875628177e-01
-5.089986301605823465e-02 -1.792562723018088222e-01
-6.816453632089052028e-02 -1.737402590765676491e-01
-8.483797391550246259e-02 -1.665494515348303617e-01
-1.007562274221215498e-01 -1.577468887163960276e-01
-1.157620692723768802e-01 -1.474118369325619904e-01
-1.297066196993250653e-01 -1.356390697582799398e-01
-1.424508958542122505e-01 -1.225379825204924722e-01
-1.538672659487730077e-01 -1.082315498228512973e-01
-1.638407922768033154e-01 -9.285513644198593874e-02
-1.722704481130551413e-01 -7.655517361701787149e-02
-1.790701948105888064e-01 -5.948771431140045807e-02
-1.841699069047213200e-01 -4.181688243520362280e-02
-1.875161346656782357e-01 -2.371323225918770677e-02
-1.890726953041566849e-01 -5.352035313936045341e-03
-1.888210859037708356e-01 1.308848706537925170e-02
-1.867607131099045525e-01 3.142896672630000887e-02
-1.829089366228597024e-01 4.949070794848103166e-02
-1.773009256005589618e-01 6.709750345744608380e-02
-1.699893291480882029e-01 8.407742770026963020e-02
-1.610437641335083492e-01 1.002645880995722688e-01
-1.505501255971557484e-01 1.155008154422436234e-01
-1.386097269910262775e-01 1.296372752155185437e-01
-1.253382793724490685e-01 1.425359825677635639e-01
-1.108647204597484337e-01 1.540712046343554187e-01
-9.532990611589813035e-02 1.641307352177091561e-01
-7.888517833977243265e-02 1.726170282299310244e-01
-6.169082519576955803e-02 1.794481778797586136e-01
-4.391444928561200750e-02 1.845587352935750547e-01
-2.572926234751417990e-02 1.879003530829158886e-01
-7.312324346521615476e-03 1.894422512862315722e-01
1.115725401295394187e-02 1.891715000978777816e-01
2.950012607156741670e-02 1.870931168287414681e-01
4.753852188654089650e-02 1.832299765964646721e-01
6.509803947264997115e-02 1.776225382946175213e-01
8.200939560674835871e-02 1.703283894152486655e-01
9.811011771610433918e-02 1.614216152743010724e-01
1.132461591043126131e-01 1.509920000914456162e-01
1.272734206995029260e-01 1.391440691830059528e-01
1.400591636258490535e-01 1.259959832181642980e-01
1.514832981866689188e-01 1.116782970454235774e-01
1.614395362893939478e-01 9.633259700102013434e-02
1.698363959213164132e-01 8.011003184825704615e-02
1.765980479807101600e-01 6.316975355335345543e-02
1.816649975598189637e-01 4.567728496847624220e-02
1.849945936424877424e-01 2.780283215765113475e-02
1.865613630973325943e-01 9.719559560274357302e-03
1.863571667943579313e-01 -8.398153563453891399e-03
1.843911776257575741e-01 -2.637645692150481641e-02
1.806896821473784331e-01 -4.404375489891178275e-02
1.752957094535383953e-01 -6.123239624553618310e-02
1.682684927328586821e-01 -7.778031037272085946e-02
1.596827707057954793e-01 -9.353257364849602851e-02
1.496279377961667878e-01 -1.083428900180758991e-01
1.382070534211998492e-01 -1.220749713776856094e-01
1.255357221811730095e-01 -1.346038043802792739e-01
1.117408579761820925e-01 -1.458167917348295317e-01
9.695934616152812602e-02 -1.556147575586001586e-01
8.133661876447061123e-02 -1.639128079350365697e-01
6.502515851563263338e-02 -1.706410394986350720e-01
4.818294799252383770e-02 -1.757450905917955497e-01
3.097188052715649578e-02 -1.791865312962997447e-01
1.355614969362463167e-02 -1.809430904127041773e-01
-3.899365833816580140e-03 -1.810087192238173381e-01
-2.123070547253342114e-02 -1.793934936132302871e-01
-3.827640178413629912e-02 -1.761233577969932018e-01
-5.487901176132913006e-02 -1.712397145473275872e-01
-7.088658944671684392e-02 -1.647988683242682939e-01
-8.615408585595342450e-02 -1.568713291682280742e-01
-1.005446631893552739e-01 -1.475409865291235911e-01
-1.139309114503350151e-01 -1.369041634030421228e-01
-1.261959568299555745e-01 -1.250685622044435119e-01
-1.372344525478478849e-01 -1.121521147114997313e-01
-1.469534442432527677e-01 -9.828174917729665117e-02
-1.552731034681439359e-01 -8.359208829523409601e-02
-1.621273243291488642e-01 -6.822409214010705103e-02
-1.674641798381931168e-01 -5.232366047613259963e-02
-1.712462360455956623e-01 -3.604020893072774900e-02
-1.734507235263392233e-01 -1.952523348121167068e-02
-1.740695672537253547e-01 -2.930877495739834734e-03
-1.731092773087677672e-01 1.359148478363968009e-02
-1.705907042237207183e-01 2.989263492059166666e-02
-1.665486640305375576e-01 4.582685435371684074e-02
-1.610314392676465978e-01 6.125321382297464756e-02
-1.541001632805292232e-01 7.603679696781387443e-02
-1.458280961240924489e-01 9.004984785168081152e-02
-1.362998012302966966e-01 1.031728331871914484e-01
-1.256102327371819150e-01 1.152954111210443555e-01
-1.138637439813025704e-01 1.263172995731246528e-01
-1.011730281323177383e-01 1.361490382955281020e-01
-8.765800229546144573e-02 1.447126400098385779e-01
-7.344464662584235248e-02 1.519421271806390972e-01
-5.866381009056072932e-02 1.577839521761235930e-01
-4.344999448451698776e-02 1.621972997396448901e-01
-2.794012815891075419e-02 1.651542718367285945e-01
-1.227234066441163299e-02 1.666399560390857959e-01
3.415250848472817929e-03 1.666523796501106769e-01
1.898573308255748632e-02 1.652023527560511351e-01
3.430455604902772626e-02 1.623132042955227339e-01
4.924065128472623898e-02 1.580204160706293881e-01
6.366750026792093731e-02 1.523711603703125361e-01
7.746414519785678465e-02 1.454237475366707000e-01
9.051613507479391862e-02 1.372469903752127074e-01
1.027164008202057777e-01 1.279194927889679145e-01
1.139660540007978867e-01 1.175288704039855053e-01
1.241751045548225574e-01 1.061709112511092512e-01
1.332630937551048111e-01 9.394868477823437036e-02
1.411596394711815694e-01 8.097160759177689238e-02
1.478048916046200145e-01 6.735447436995965764e-02
1.531498963593667106e-01 5.321646235868890407e-02
1.571568687662049102e-01 3.868011775886704556e-02
1.597993736013113564e-01 2.387033214810654544e-02
1.610624155187198314e-01 8.913316856517470785e-03
1.609424398514108512e-01 -6.064417057657107285e-03
1.594472461229226867e-01 -2.093706590435532450e-02
1.565958168489517965e-01 -3.558052055607167224e-02
1.524180646954237939e-01 -4.987332715065623950e-02
1.469545014958945628e-01 -6.369761512052961316e-02
1.402558330176015278e-01 -7.693998679109714800e-02
1.323824837034758839e-01 -8.949236322733064575e-02
1.234040559090274491e-01 -1.012527814498172946e-01
1.133987284008457219e-01 -1.121261385853950243e-01
1.024525990905708478e-01 -1.220248789587882465e-01
9.065897714795759232e-02 -1.308696205670853707e-01
7.811762977266660524e-02 -1.385897178058208279e-01
6.493398901036864790e-02 -1.451237577318912064e-01
5.121832407831766049e-02 -1.504199875532947484e-01
3.708488472231778743e-02 -1.544366714281321107e-01
2.265102116434187379e-02 -1.571423750354666304e-01
8.036286221026894827e-03 -1.585161767490882723e-01
-6.638474819433001599e-03 -1.585478046030300570e-01
-2.125204097860173419e-02 -1.572376985863381538e-01
-3.568373345773012684e-02 -1.545969981459115183e-01
-4.981432904896627989e-02 -1.506474551122563843e-01
-6.352696357059950394e-02 -1.454212725959424246e-01
-7.670801984693226272e-02 -1.389608707346265681e-01
-8.924799479948887504e-02 -1.313185805038987186e-01
-1.010423402717247066e-01 -1.225562671419137412e-01
-1.119922722757891453e-01 -1.127448850795534502e-01
-1.220055434292910690e-01 -1.019639666161269304e-01
-1.309971734448999170e-01 -9.030104693634682933e-02
-1.388901326488224119e-01 -7.785102842800128986e-02
-1.456159736388127068e-01 -6.471548763130420545e-02
-1.511154063516644275e-01 -5.100192852967304347e-02
-1.553388119974288828e-01 -3.682298627633396465e-02
-1.582466915362025217e-01 -2.229558583971266716e-02
-1.598100446263915064e-01 -7.540060440391682661e-03
-1.600106752638023599e-01 7.320764959792901844e-03
-1.588414206612923374e-01 2.216251947410255788e-02
-1.563063002911394828e-01 3.686025539889931091e-02
-1.524205824283241528e-01 5.128943424360866282e-02
-1.472107659934558943e-01 6.532692297802557280e-02
-1.407144759993294580e-01 7.885199348424701271e-02
-1.329802714544541520e-01 9.174731792536459929e-02
-1.240673651689278983e-01 1.038999525071411523e-01
-1.140452555404040114e-01 1.152023019185662855e-01
-1.029932710673824858e-01 1.255530565987039160e-01
-9.100002903950653310e-02 1.348580948966773552e-01
-7.816281058489484013e-02 1.430313421747257396e-01
-6.458685500685351633e-02 1.499955789562885666e-01
-5.038457710981091020e-02 1.556831903467354172e-01
-3.567471198945127570e-02 1.600368491576469321e-01
-2.058139253654039935e-02 1.630101254496471586e-01
-5.233165668984091773e-03 1.645680155759341179e-01
1.023804594710576998e-02 1.646873842600884152e-01
2.569802920886250092e-02 1.633573137775902739e-01
4.101140476294540954e-02 1.605793549297094003e-01
5.604278127828760114e-02 1.563676751988095082e-01
7.065793044480442320e-02 1.507491002521369750e-01
8.472497283372157351e-02 1.437630458121038068e-01
9.811556432906465286e-02 1.354613378289343251e-01
1.107060725003264773e-01 1.259079198691238077e-01
1.223787320415800906e-01 1.151784476620756753e-01
1.330227682596802075e-01 1.033597718180706004e-01
1.425354775600506385e-01 9.054931083289667615e-02
1.508232539581290110e-01 7.685431761664178463e-02
1.578025508418260114e-01 6.239104391416371714e-02
1.634007675279971483e-01 4.728380810980538362e-02
1.675570505951228528e-01 3.166397301573949802e-02
1.702230005348297770e-01 1.566884131831657728e-02
1.713632749446846182e-01 -5.595226137695887697e-04
1.709560802803678226e-01 -1.687553488546549366e-02
1.689935450918003401e-01 -3.313138762388684322e-02
1.654819686783758625e-01 -4.917838653586258796e-02
1.604419402049022114e-01 -6.486831837704561121e-02
1.539083245124566179e-01 -8.005483563078380493e-02
1.459301121259679312e-01 -9.459484521069759511e-02
1.365701322905192305e-01 -1.083498876461555238e-01
1.259046292475013429e-01 -1.211874929926250455e-01
1.140227033752028996e-01 -1.329824996357731604e-01
1.010256202506958911e-01 -1.436183222341620991e-01
8.702599212479393553e-02 -1.529881552736756523e-01
7.214683772275999607e-02 -1.609960990888555654e-01
5.652052767339432737e-02 -1.675581957416981682e-01
4.028762421114651104e-02 -1.726033628348018767e-01
2.359562507314218183e-02 -1.760742141687944573e-01
6.597622709052466949e-03 -1.779277571275065251e-01
-1.054910897926779334e-02 -1.781359577803074412e-01
-2.768458716449046994e-02 -1.766861659194886580e-01
-4.464763782203354237e-02 -1.735813935899255256e-01
-6.127744387270629700e-02 -1.688404421052245030e-01
-7.741510838044439458e-02 -1.624978740644369146e-01
-9.290521703320675506e-02 -1.546038284701425902e-01
-1.075973838900789181e-01 -1.452236786850852890e-01
-1.213477643061694894e-01 -1.344375346324542531e-01
-1.340205190529955015e-01 -1.223395923254976814e-01
-1.454892139376217919e-01 -1.090373354860769833e-01
-1.556381396885975488e-01 -9.465059565942676723e-02
-1.643635375182650182e-01 -7.931047883415442978e-02
-1.715747165846663036e-01 -6.315816811302350786e-02
-1.771950505552352395e-01 -4.634361343242491410e-02
-1.811628416098091665e-01 -2.902412067850015931e-02
-1.834320415012841432e-01 -1.136285377845910188e-02
-1.839728207055882636e-01 6.472735559237037181e-03
-1.827719782239138613e-01 2.431253483702878332e-02
-1.798331862330471154e-01 4.198543809174260649e-02
-1.751770654964560359e-01 5.932103654023079820e-02
-1.688410892305995947e-01 7.615131511300116118e-02
-1.608793149477512618e-01 9.231233720689727140e-02
-1.513619456477743874e-01 1.076458999481529344e-01
-1.403747235855109243e-01 1.220011424149591434e-01
-1.280181616762637586e-01 1.352360896242102151e-01
-1.144066193977857637e-01 1.472191156381158217e-01
-9.966723178204649203e-02 1.578303098882808952e-01
-8.393870174317386024e-02 1.669627317407353650e-01
-6.736996753953122807e-02 1.745235394260294393e-01
-5.011875859910373820e-02 1.804349807225276714e-01
-3.235005423076482700e-02 1.846352341950004139e-01
-1.423446088362790608e-02 1.870790913392108290e-01
4.053475411646361923e-03 1.877384716493836758e-01
2.233700399429849881e-02 1.866027643906702782e-01
4.043893389140741645e-02 1.836789927031353964e-01
5.818340907347761132e-02 1.789917975664887806e-01
7.539767602030317262e-02 1.725832410940554562e-01
9.191382497845561328e-02 1.645124305780886476e-01
1.075704865084701201e-01 1.548549666539646708e-01
1.222144653428095668e-01 1.437022208655772126e-01
1.357022942007704569e-01 1.311604497761647281e-01
1.479016910270372076e-01 1.173497545562285638e-01
1.586929041276215757e-01 1.024028966723315864e-01
1.679699308592330631e-01 8.646398187770684696e-02
1.756415968723928078e-01 6.968702614937576090e-02
1.816324843995680838e-01 5.223441851008413933e-02
1.858836997002436264e-01 3.427529680176953641e-02
1.883534715065848797e-01 1.598385342741060616e-02
1.890175741362963291e-01 -2.462411160981736041e-03
1.878695708324618074e-01 -2.088446888748957814e-02
1.849208748317828777e-01 -3.910355969108039037e-02
1.802006276303678434e-01 -5.694298352809792907e-02
1.737553958874502591e-01 -7.422986994758935808e-02
1.656486903595212057e-01 -9.079690671628910803e-02
1.559603121680083748e-01 -1.064840094428196188e-01
1.447855335510496444e-01 -1.211399148225276584e-01
1.322341220131199868e-01 -1.346236809870763884e-01
1.184292184453906022e-01 -1.468060794859511464e-01
1.035060813261388379e-01 -1.575708646378180255e-01
8.761071050723576170e-02 -1.668159073536704118e-01
7.089836533439367039e-02 -1.744541820346527938e-01
5.353199292204294246e-02 -1.804145967675564177e-01
3.568058329708100745e-02 -1.846426587611454118e-01
1.751746883012943526e-02 -1.871009687665128318e-01
-7.814141185238151349e-04 -1.877695400836145168e-01
-1.903928310295561338e-02 -1.866459396524397796e-01
-3.708026870461272884e-02 -1.837452506391437368e-01
-5.473115660987119130e-02 -1.790998578330452451e-01
-7.182309470390418893e-02 -1.727590590481097865e-01
-8.819324772341351204e-02 -1.647885075513080833e-01
-1.036863826889970752e-01 -1.552694922997634175e-01
-1.181563691942201511e-01 -1.442980644395623624e-01
-1.314675796514880868e-01 -1.319840200834230537e-01
-1.434961757714098840e-01 -1.184497508254504505e-01
-1.541312688676527987e-01 -1.038289747539287156e-01
-1.632759430170281634e-01 -8.826536187427433400e-02
-1.708481316471703038e-01 -7.191106884258174903e-02
-1.767813397531228237e-01 -5.492519872636918848e-02
-1.810252056400913634e-01 -3.747220214602423050e-02
-1.835458978326942325e-01 -1.972023660310248672e-02
-1.843263445610886508e-01 -1.839501067298840442e-03
-1.833662950111885626e-01 1.599943702793252265e-02
-1.806822132898373567e-01 3.362730533882111322e-02
-1.763070077867360252e-01 5.087776396122538347e-02
-1.702896002943001530e-01 6.758900029042026747e-02
-1.626943408564828775e-01 8.360526573832273434e-02
-1.536002758411035285e-01 9.877833944871196314e-02
-1.431002781517985156e-01 1.129689050913419007e-01
-1.313000498012507067e-01 1.260478278907233574e-01
-1.183170082443420201e-01 1.378973202406037490e-01
-1.042790689075071553e-01 1.484119855554922873e-01
-8.932333723987209706e-02 1.574997313997439641e-01
-7.359472434563808785e-02 1.650825443957864846e-01
-5.724450083046731669e-02 1.710971209286308581e-01
-4.042880390414177461e-02 1.754953492161500095e-01
-2.330711302625423226e-02 1.782446398860012549e-01
-6.040709461832048308e-03 1.793281037729354543e-01
1.120886496785577537e-02 1.787445772073766870e-01
2.828133489314989257e-02 1.765084965909618497e-01
4.501918950683208437e-02 1.726496255313336448e-01
6.126913765648848986e-02 1.672126392219767388e-01
7.688350646584475589e-02 1.602565720894451040e-01
9.172157082566587127e-02 1.518541359773647459e-01
1.056508020006927950e-01 1.420909172828713762e-01
1.185480246051853342e-01 1.310644624968702876e-01
1.303004722926593140e-01 1.188832625164350787e-01
1.408067336714368123e-01 1.056656468891100098e-01
1.499775811823498284e-01 9.153859980980211253e-02
1.577366769437907323e-01 7.663651021790618412e-02
1.640211508676820695e-01 6.109986873349404490e-02
1.687820476633707933e-01 4.507392442659144405e-02
1.719846406607649092e-01 2.870731453407444206e-02
1.736086116855139194e-01 1.215068022732009034e-02
1.736480974946018330e-01 -4.444718605398965613e-03
1.721116045180228760e-01 -2.092837685924145083e-02
1.690217948397826631e-01 -3.715189367047583291e-02
1.644151474788223821e-01 -5.297028599137328791e-02
1.583415000881733259e-01 -6.824325502693653900e-02
1.508634771704399358e-01 -8.283639495306370504e-02
1.420558118024822236e-01 -9.662233409101976533e-02
1.320045686660656914e-01 -1.094817995382708631e-01
1.208062768896416006e-01 -1.213045971401152529e-01
1.085669818159337718e-01 -1.319904996192404756e-01
9.540122531848702070e-02 -1.414500366504326812e-01
8.143096469680144445e-02 -1.496051816643560184e-01
6.678444048431646241e-02 -1.563899311770251266e-01
5.159500370756399390e-02 -1.617507734600914515e-01
3.599991324053523900e-02 -1.656470443815843685e-01
2.013911390887436828e-02 -1.680511692480708419e-01
4.154005917917270516e-03 -1.689487904587517464e-01
-1.181378398844091203e-02 -1.683387817319096647e-01
-2.762361947920050076e-02 -1.662331505772529083e-01
-4.313704986256659130e-02 -1.626568315577308077e-01
-5.821897414401613902e-02 -1.576473737058294022e-01
-7.273876492783448722e-02 -1.512545262275244717e-01
-8.657134368433673510e-02 -1.435397273381303629e-01
-9.959819946435534421e-02 -1.345755017252152352e-01
-1.117083437439791715e-01 -1.244447727223242234e-01
-1.227991947192371425e-01 -1.132400958019686710e-01
-1.327773850358731356e-01 -1.010628204564259364e-01
-1.415594876272443792e-01 -8.802218793021095167e-02
-1.490726550376798021e-01 -7.423437259907396391e-02
-1.552551683237036184e-01 -5.982147505801729825e-02
-1.600568923460929383e-01 -4.491047518651504478e-02
-1.634396349869561005e-01 -2.963215360465140322e-02
-1.653774085434729924e-01 -1.411999002134729959e-02
-1.658565922596653974e-01 1.490952992463592461e-03
-1.648759956560265916e-01 1.706515229444694609e-02
-1.624468230009216696e-01 3.246774408632772252e-02
-1.585925399346598541e-01 4.756563313570075224e-02
-1.533486439046866101e-01 6.222858315167602988e-02
-1.467623406964302657e-01 7.633028037084241268e-02
-1.388921299472292703e-01 8.974936265963402715e-02
-1.298073031089749529e-01 1.023704067271009738e-01
-1.195873578773258422e-01 1.140848663661824525e-01
-1.083213336304236496e-01 1.247919549998856570e-01
-9.610707291690046006e-02 1.343994661994764861e-01
-8.305041450058145425e-02 1.428245262632375778e-01
-6.926432390662877470e-02 1.499942733950319906e-01
-5.486796781986884308e-02 1.558464585004319669e-01
-3.998573905954064256e-02 1.603299631232260880e-01
-2.474623919444211145e-02 1.634052305754447598e-01
-9.281226167041852632e-03 1.650446068683976142e-01
6.275465436965042311e-03 1.652325886293077029e-01
2.178902360762504514e-02 1.639659757865946921e-01
3.712476956281501178e-02 1.612539274251923449e-01
5.214927163081140016e-02 1.571179198498102447e-01
6.673145405765942839e-02 1.515916065468469465e-01
8.074369237695715185e-02 1.447205804025588072e-01
9.406288697147871525e-02 1.365620392135843963e-01
1.065715064985558458e-01 1.271843562131896588e-01
1.181585929464252643e-01 1.166665580294237448e-01
1.287207202388233607e-01 1.050977131861652869e-01
1.381628985117751007e-01 9.257623495080381792e-02
1.463994164513394980e-01 7.920910301864569902e-02
1.533546144052779503e-01 6.511100919928315689e-02
1.589635813660594255e-01 5.040343292897180028e-02
1.631727693677024749e-01 3.521365307004389877e-02
1.659405193445631088e-01 1.967370306776987030e-02
1.672374930656035930e-01 3.919277110849821166e-03
1.670470063815890638e-01 -1.191140452232079122e-02
1.653652597030361993e-01 -2.767876225961412098e-02
1.622014623608444839e-01 -4.324304706394828390e-02
1.575778482858824492e-01 -5.846554380675661466e-02
1.515295812741259684e-01 -7.320977838413111893e-02
1.441045489752129649e-01 -8.734271853041410127e-02
1.353630456486938916e-01 -1.007359581169979673e-01
1.253773446672629410e-01 -1.132668746383330566e-01
1.142311627025858062e-01 -1.248197495871407325e-01
1.020190184990618365e-01 -1.352868415104343525e-01
8.884549011542045016e-02 -1.445694017202616422e-01
7.482437548437709252e-02 -1.525786229103619496e-01
6.007776209712925586e-02 -1.592365113035187352e-01
4.473501255237562202e-02 -1.644766734246235207e-01
2.893167360866434265e-02 -1.682450091606523535e-01
1.280831723396779614e-02 -1.705003034290583919e-01
-3.490677052812515835e-03 -1.712147095275679820e-01
-1.981838851730749473e-02 -1.703741180768956476e-01
-3.602665952886369843e-02 -1.679784063881972767e-01
-5.196742659176910306e-02 -1.640415640827105059e-01
-6.749406633101376340e-02 -1.585916918544264254e-01
-8.246274429007156848e-02 -1.516708713891420646e-01
-9.673375412140597374e-02 -1.433349056251999876e-01
-1.101728345882925370e-01 -1.336529297520119841e-01
-1.226524517545028031e-01 -1.227068945806433636e-01
-1.340530338206187000e-01 -1.105909251741133553e-01
-1.442641462751791670e-01 -9.741055888085206615e-02
-1.531855953670818171e-01 -8.328186815967836276e-02
-1.607284483728242952e-01 -6.833047480514167771e-02
-1.668159597269411876e-01 -5.269046336435032757e-02
-1.713843928035412301e-01 -3.650320266674481062e-02
-1.743837279768016835e-01 -1.991608545309276126e-02
-1.757782485427526464e-01 -3.081197076059218748e-03
-1.755469971462959300e-01 1.384607486065816788e-02
-1.736840965173245543e-01 3.070847726644730311e-02
-1.701989295678254799e-01 4.734836139635818786e-02
-1.651161752264585503e-01 6.360917186541627244e-02
-1.584756977756100749e-01 7.933694053963528947e-02
-1.503322888945740343e-01 9.438177072158777936e-02
-1.407552630866358845e-01 1.085992969186475587e-01
-1.298279086619942291e-01 1.218521055042191825e-01
-1.176467979466217784e-01 1.340111017593393627e-01
-1.043209618729126070e-01 1.449568091151678395e-01
-8.997093556463472974e-02 1.545805869054806825e-01
-7.472768293964766884e-02 1.627857535799215050e-01
-5.873140970257745286e-02 1.694886031192064935e-01
-4.213027537009363110e-02 1.746193033266510986e-01
-2.507901614812418217e-02 1.781226657384475942e-01
-7.737491548602475067e-03 1.799587780885101018e-01
9.730831420513969682e-03 1.801034915712216855e-01
2.716044184667515751e-02 1.785487565543437960e-01
4.438538097455345388e-02 1.753028018905623264e-01
6.124085491675775039e-02 1.703901545442749743e-01
7.756484784488686113e-02 1.638514978738165040e-01
9.319971931481099703e-02 1.557433685710206128e-01
1.079937693763459716e-01 1.461376939417699528e-01
1.218027552899212523e-01 1.351211728944401169e-01
1.344913440217561651e-01 1.227945056690787073e-01
1.459344852127036907e-01 1.092714789698978062e-01
1.560186900105017815e-01 9.467791473851037976e-02
1.646432020148441144e-01 7.915049230701876048e-02
1.717210476016078069e-01 6.283545508092260035e-02
1.771799540569979070e-01 4.588721420506328141e-02
1.809631252526985867e-01 2.846686284574356796e-02
1.830298660160652457e-01 1.074061576431310609e-02
1.833560478800956850e-01 -7.121810251090356092e-03
1.819344105201275985e-01 -2.494885879965415276e-02
1.787746948804520286e-01 -4.256882227422756348e-02
1.739036057458296924e-01 -5.981153902791066374e-02
1.673646033009624223e-01 -7.651008187549598882e-02
1.592175250254536933e-01 -9.250242049935042399e-02
1.495380410724961029e-01 -1.076330405140556307e-01
1.384169480561672771e-01 -1.217545023177303565e-01
1.259593079046584241e-01 -1.347289234173547623e-01
1.122834401052604653e-01 -1.464293686553501950e-01
9.751977725237986894e-02 -1.567411336777363717e-01
8.180959529401340968e-02 -1.655629080609477832e-01
6.530363123782387258e-02 -1.728078057434402348e-01
4.816060230938713077e-02 -1.784042517763330671e-01
3.054564163798111076e-02 -1.822967158996208203e-01
1.262866646679182761e-02 -1.844462850505561580e-01
-5.417304366202491464e-03 -1.848310686009609349e-01
-2.341786636199912411e-02 -1.834464318816679818e-01
-4.119896101365653346e-02 -1.803050553653715027e-01
-5.858860529504731490e-02 -1.754368187235649523e-01
-7.541860110802954542e-02 -1.688885108282761338e-01
-9.152620701202009157e-02 -1.607233686141281703e-01
-1.067557549538672573e-01 -1.510204495301216421e-01
-1.209601952981239903e-01 -1.398738440730672161e-01
-1.340025542217469501e-01 -1.273917365860067763e-01
-1.457572884742081576e-01 -1.136953241063010933e-01
-1.561115236033291942e-01 -9.891760454143744274e-02
-1.649661629962866083e-01 -8.320204681941362201e-02
-1.722368564699273130e-01 -6.670115688964152467e-02
-1.778548186489744831e-01 -4.957495452619568865e-02
-1.817674889777511904e-01 -3.198937679622704255e-02
-1.839390269024073765e-01 -1.411462479273292714e-02
-1.843506375171131972e-01 3.876529215066305128e-03
-1.830007247693894168e-01 2.181045669429278883e-02
-1.799048711463615280e-01 3.951439212947836788e-02
-1.750956445947332019e-01 5.681813899504506438e-02
-1.686222352422022397e-01 7.355574495070474339e-02
-1.605499262667214599e-01 8.956712918782068489e-02
-1.509594049827976958e-01 1.046996454338036120e-01
-1.399459218620510148e-01 1.188095648756183065e-01
-1.276183067606390942e-01 1.317634641829668884e-01
-1.140978530721939305e-01 1.434395048853657484e-01
-9.951708184630891907e-02 1.537285915721272600e-01
-8.401839909559602471e-02 1.625353977256606408e-01
-6.775266054685508132e-02 1.697792494506394079e-01
-5.087765896374022573e-02 1.753948589074480202e-01
-3.355654987119136012e-02 1.793329008799809665e-01
-1.595623203955949532e-02 1.815604275867063744e-01
1.754300565399869588e-03 1.820611185608234373e-01
1.940561849375338141e-02 1.808353641610115359e-01
3.682951132568795805e-02 1.779001830093511205e-01
5.386062032491389234e-02 1.732889753683849732e-01
7.033803293669950440e-02 1.670511161463237859e-01
8.610682337480893289e-02 1.592513928400915990e-01
1.010195242416995626e-01 1.499692952731299378e-01
1.149375149781155236e-01 1.392981654425824445e-01
1.277323139304450128e-01 1.273442171438372572e-01
1.392867619442167970e-01 1.142254362759946434e-01
1.494960866259435472e-01 1.000703738377597962e-01
1.582688377481586695e-01 8.501684458929532895e-02
1.655276856880176783e-01 6.921054517321280353e-02
1.712100762716607105e-01 5.280360615045888439e-02
1.752687369275849338e-01 3.595309290954635389e-02
1.776720306152252959e-01 1.881947074746919898e-02
1.784041555724076300e-01 1.565049596683453295e-03
1.774651905000816932e-01 -1.564757611443937796e-02
1.748709863578905011e-01 -3.265707712763092629e-02
1.706529074633469645e-01 -4.930491351049401394e-02
1.648574260550692283e-01 -6.543681871855880350e-02
1.575455758819548913e-01 -8.090422957574569529e-02
1.487922717016917640e-01 -9.556564891421334695e-02
1.386855028011323709e-01 -1.092879284663790529e-01
1.273254097766277071e-01 -1.219474605651866272e-01
1.148232548246557738e-01 -1.334312682710166731e-01
1.013002966837122099e-01 -1.436379846917306691e-01
8.688658213071186187e-02 -1.524787134823302470e-01
7.171966656393129191e-02 -1.598777637882587699e-01
5.594327669624490906e-02 -1.657732542168710854e-01
3.970592873511699650e-02 -1.701175817703453885e-01
2.315951563912639968e-02 -1.728777530356972458e-01
6.457877115873441806e-03 -1.740355762892143998e-01
-1.024463403442626812e-02 -1.735877145196061677e-01
-2.679457581749412551e-02 -1.715456006930668742e-01
-4.304081809192229768e-02 -1.679352178615915459e-01
-5.883590810886225875e-02 -1.627967479413938989e-01
-7.403738843910029344e-02 -1.561840941502241620e-01
-8.850905583596131720e-02 -1.481642831808710203e-01
-1.021221503304462347e-01 -1.388167541943607364e-01
-1.147564646870458949e-01 -1.282325426327139140e-01
-1.263013652541654097e-01 -1.165133676711768984e-01
-1.366567162110157441e-01 -1.037706328484348101e-01
-1.457337002319099850e-01 -9.012435002651783544e-02
-1.534555296477542463e-01 -7.570199733725235802e-02
-1.597580432717757848e-01 -6.063732216772532713e-02
-1.645901851609763156e-01 -4.506910052305035386e-02
-1.679143626954896218e-01 -2.913986428160690589e-02
-1.697066824644081207e-01 -1.299460792779941198e-02
-1.699570635386542239e-01 3.220513686822780441e-03
-1.686692287796237588e-01 1.935948513769074342e-02
-1.658605758677822173e-01 3.527771659021945033e-02
-1.615619307300479313e-01 5.083330546553944257e-02
-1.558171869913064778e-01 6.588826314720210020e-02
-1.486828359672440758e-01 8.030969674914299750e-02
-1.402273925471816396e-01 9.397093651791847690e-02
-1.305307230818910091e-01 1.067526000583887830e-01
-1.196832820885008752e-01 1.185435852441276833e-01
-1.077852652093953534e-01 1.292419843943008184e-01
-9.494568641214397309e-02 1.387559130599561596e-01
-8.128138789142318188e-02 1.470042475570528251e-01
-6.691599153078853224e-02 1.539172662037042449e-01
-5.197880110191406555e-02 1.594371900578225310e-01
-3.660366462205531107e-02 1.635186198016835568e-01
-2.092780645811135459e-02 1.661288662752751777e-01
-5.090638859378189898e-03 1.672481730143877965e-01
1.076743737703431993e-02 1.668698299964045395e-01
2.650623345165251457e-02 1.650001786312031704e-01
4.198696477659798199e-02 1.616585088514838342e-01
5.707342549338370596e-02 1.568768499516128012e-01
7.163313616790255300e-02 1.506996575925653448e-01
8.553845583095284755e-02 1.431834001290425151e-01
9.866764988112509960e-02 1.343960481199852064e-01
1.109059057653163927e-01 1.244164715525608172e-01
1.221462887970093808e-01 1.133337499396439019e-01
1.322906309602276398e-01 1.012464010395535130e-01
1.412503460742781103e-01 8.826153449232808368e-02
1.489471652575930505e-01 7.449393716734303839e-02
1.553137872248250007e-01 6.006509747104241126e-02
1.602944385765444624e-01 4.510217626957546688e-02
1.638453398922075921e-01 2.973693243795896488e-02
1.659350741113324590e-01 1.410461135389706223e-02
1.665448543819081084e-01 -1.657195090450961153e-03
1.656686892658454091e-01 -1.740970818262437686e-02
1.633134439156393447e-01 -3.301413286418397597e-02
1.594987965712016953e-01 -4.833282996390110553e-02
1.542570904678259025e-01 -6.323048112782700403e-02
1.476330819921823356e-01 -7.757523739918428807e-02
1.396835866697011541e-01 -9.123984247223067279e-02
1.304770253101592004e-01 -1.041027217723173026e-01
1.200928733750562249e-01 -1.160490286997708509e-01
1.086210173565944487e-01 -1.269716396182953011e-01
9.616102266972523238e-02 -1.367720894694667844e-01
8.282131825158520200e-02 -1.453614402535153005e-01
6.871830373230135292e-02 -1.526610750326238553e-01
5.397538568302809314e-02 -1.586034105858026011e-01
3.872195005645093224e-02 -1.631325223730374085e-01
2.309227850698111761e-02 -1.662046760495041187e-01
7.224416807504725410e-03 -1.677887604063824645e-01
-8.740995938195217363e-03 -1.678666173009263629e-01
-2.466192815839702429e-02 -1.664332648721670305e-01
-4.039617725043224972e-02 -1.634970111166248741e-01
-5.580260178028936813e-02 -1.590794557167984347e-01
-7.074235439038072115e-02 -1.532153788695232166e-01
-8.508010518952589807e-02 -1.459525167465003104e-01
-9.868524530339309320e-02 -1.373512241297460967e-01
-1.114330602472746873e-01 -1.274840256942029737e-01
-1.232058628494355351e-01 -1.164350583515137982e-01
-1.338940756050842062e-01 -1.042994080157196718e-01
-1.433972525803672293e-01 -9.118234509564107637e-02
-1.516250313140521111e-01 -7.719846395176736820e-02
-1.584980055823489165e-01 -6.247073246909073951e-02
-1.639485103993781334e-01 -4.712945878267187083e-02
-1.679213112209932135e-01 -3.131118304082802090e-02
-1.703741900009309029e-01 -1.515750289260246915e-02
-1.712784215125373599e-01 1.186157867467931004e-03
-1.706191341925562543e-01 1.757182738228330043e-02
-1.683955506806026070e-01 3.385029981891655299e-02
-1.646211042129214763e-01 4.987247420784631652e-02
-1.593234280747882203e-01 6.549070634534487345e-02
-1.525442164144379109e-01 8.056016172834075395e-02
-1.443389558638037140e-01 9.494015725304104369e-02
-1.347765285878261554e-01 1.084954792796494760e-01
-1.239386885841482211e-01 1.210976656505022564e-01
-1.119194142674117542e-01 1.326262393516788318e-01
-9.882414158535014759e-02 1.429698817313143910e-01
-8.476888311518200603e-02 1.520275335329198119e-01
-6.987923976589104080e-02 1.597094124692008399e-01
-5.428931285207058699e-02 1.659379366500191577e-01
-3.814052539531882779e-02 1.706485438847439862e-01
-2.158036253700701748e-02 1.737903977003914802e-01
-4.761041899183970916e-03 1.753269718473274008e-01
1.216187440356386595e-02 1.752365060972112809e-01
2.903091363071399339e-02 1.735123272652286941e-01
4.568815903147569607e-02 1.701630306011170934e-01
6.197673554002623014e-02 1.652125179804344868e-01
7.774230046813757067e-02 1.586998906771856510e-01
9.283452483528450982e-02 1.506791958985040925e-01
1.071085508397532360e-01 1.412190276978581571e-01
1.204264109836440805e-01 1.304019843406942492e-01
1.326583945232360506e-01 1.183239856604057089e-01
1.436843472256021381e-01 1.050934553974054442e-01
1.533948908726028848e-01 9.083037494398588096e-02
1.616925495626924392e-01 7.566521630656178332e-02
1.684927706158549365e-01 5.973776342888174884e-02
1.737248287822116266e-01 4.319583227922343949e-02
1.773326034834387943e-01 2.619390127628352244e-02
1.792752199694709891e-01 8.891664697938552950e-03
1.795275465407694115e-01 -8.547477329349899289e-03
1.780805413569255813e-01 -2.595797783757374660e-02
1.749414438123353954e-01 -4.317373591243833797e-02
1.701338069946166376e-01 -6.002970783312523706e-02
1.636973693357164639e-01 -7.636352043560651337e-02
1.556877652026419090e-01 -9.201707046637426501e-02
1.461760758370421465e-01 -1.068380936513125545e-01
1.352482237224607864e-01 -1.206816873354767394e-01
1.230042151165645359e-01 -1.334117708549334980e-01
1.095572371144653556e-01 -1.449024682807337483e-01
9.503261718985461792e-02 -1.550393988246969446e-01
7.956665467480505960e-02 -1.637208610121178021e-01
6.330533506900513918e-02 -1.708588977009032617e-01
4.640293939782780958e-02 -1.763802301512101822e-01
2.902056204989336696e-02 -1.802270506137126915e-01
1.132455160370165505e-02 -1.823576642957512872e-01
-6.515109914141401296e-03 -1.827469730687316385e-01
-2.432647312169200493e-02 -1.813867948816857423e-01
-4.193731590160506423e-02 -1.782860145280002195e-01
-5.917684929503880947e-02 -1.734705631569323780e-01
-7.587741717060003666e-02 -1.669832257097241812e-01
-9.187617211186226152e-02 -1.588832772722255093e-01
-1.070167101000301796e-01 -1.492459511518019477e-01
-1.211506468921443591e-01 -1.381617432855393179e-01
-1.341391195077970000e-01 -1.257355593489764278e-01
-1.458541969344197831e-01 -1.120857126396501563e-01
-1.561801850363754296e-01 -9.734278243797579722e-02
-1.650148116977765977e-01 -8.164834408048494974e-02
-1.722702794325581266e-01 -6.515358339925686471e-02
-1.778741740453019249e-01 -4.801780946975089948e-02
-1.817702194083217204e-01 -3.040688075182444369e-02
-1.839188700185790948e-01 -1.249156069175729779e-02
-1.842977346946994832e-01 5.554180335373984367e-03
-1.829018265510010122e-01 2.355489923365190058e-02
-1.797436362223267525e-01 4.133543259482409110e-02
-1.748530271900634037e-01 5.872264911242748575e-02
-1.682769539549621995e-01 7.554718376028909943e-02
-1.600790056948657447e-01 9.164513564792216294e-02
-1.503387799137641534e-01 1.068597118180559524e-01
-1.391510924115284820e-01 1.210427997997770844e-01
-1.266250316604542181e-01 1.340564524687828940e-01
-1.128828673453569353e-01 1.457742696860808429e-01
-9.805882438933069545e-02 1.560826622779964423e-01
-8.229773522953919007e-02 1.648819851714339035e-01
-6.575358441010345500e-02 1.720875278949391407e-01
-4.858796070744290235e-02 1.776303521825013942e-01
-3.096843298427838509e-02 1.814579680559285091e-01
-1.306686677083331721e-02 1.835348414944414364e-01
4.942300813417793356e-03 1.838427286071766531e-01
2.288380976359855046e-02 1.823808330850074100e-01
4.058333126333431295e-02 1.791657856013452732e-01
5.786920885247369417e-02 1.742314457358547231e-01
7.457416859251458918e-02 1.676285288887074953e-01
9.053698051203187824e-02 1.594240625146925716e-01
1.056040541862585669e-01 1.497006778151830364e-01
1.196309520631775591e-01 1.385557447613277315e-01
1.324838050837868764e-01 1.261003599644903439e-01
1.440406162453181926e-01 1.124581984416721525e-01
1.541924390099346232e-01 9.776424172756605080e-02
1.628444188529007963e-01 8.216339604571298860e-02
1.699166877569585066e-01 6.580901535543176584e-02
1.753451030758798324e-01 4.886134502713776473e-02
1.790818238910204530e-01 3.148590265676230737e-02
1.810957197503977878e-01 1.385181310277341406e-02
1.813726084899926205e-01 -3.869884788451965693e-03
1.799153216708467007e-01 -2.150794211442186993e-02
1.767435980022241393e-01 -3.889259685647550313e-02
1.718938069398630586e-01 -5.585724637694888806e-02
1.654185064287954920e-01 -7.224007840949200898e-02
1.573858404826111446e-01 -8.788564404811610720e-02
1.478787839364979206e-01 -1.026463569848944934e-01
1.369942432621052697e-01 -1.163839041552352654e-01
1.248420237717230569e-01 -1.289705540114197135e-01
1.115436748524064742e-01 -1.402903498461246790e-01
9.723122604410062986e-02 -1.502401769129113052e-01
8.204582779790497993e-02 -1.587306935238802230e-01
6.613631161165677008e-02 -1.656871178285073132e-01
4.965768493228503444e-02 -1.710498635738859075e-01
3.276957673225208700e-02 -1.747750197964067775e-01
1.563465000731628987e-02 -1.768346710791142973e-01
-1.583002396586296809e-03 -1.772170567082752557e-01
-1.871946223763626405e-02 -1.759265687578582538e-01
-3.561257441786916389e-02 -1.729835908027679559e-01
-5.210350377769872032e-02 -1.684241805924749091e-01
-6.803824484403971085e-02 -1.622996015885787291e-01
-8.326906991621617349e-02 -1.546757097662530833e-01
-9.765590170493244904e-02 -1.456322034850287828e-01
-1.110675977047046320e-01 -1.352617455348748277e-01
-1.233831345662550621e-01 -1.236689676464260285e-01
-1.344926819282556973e-01 -1.109693688084583962e-01
-1.442985564522915043e-01 -9.728811965202374679e-02
-1.527160481650645107e-01 -8.275878593149996187e-02
-1.596741126311718439e-01 -6.752198475251730558e-02
-1.651159239414418389e-01 -5.172398766147569271e-02
-1.689992849888280746e-01 -3.551528501925266257e-02
-1.712968929993694822e-01 -1.904912623265339264e-02
-1.719964597731336586e-01 -2.480050412932519044e-03
-1.711006875532616878e-01 1.403757812516194178e-02
-1.686271028647954862e-01 3.035101541272201137e-02
-1.646077520343007250e-01 4.631055075535922549e-02
-1.590887634028135544e-01 6.177087394579199031e-02
-1.521297824658910947e-01 7.659238436052273613e-02
-1.438032873043589566e-01 9.064243034778439456e-02
-1.341937926979085982e-01 1.037964682206752864e-01
-1.233969522326469059e-01 1.159391311634319632e-01
-1.115185685161873691e-01 1.269651994270229733e-01
-9.867352229459849799e-02 1.367804643191393166e-01
-8.498463182075545463e-02 1.453024796693941634e-01
-7.058145425120544714e-02 1.524611956592162865e-01
-5.559904114792323104e-02 1.581994711337038617e-01
-4.017666033315696328e-02 1.624734617460278363e-01
-2.445649639223919369e-02 1.652528825106772403e-01
-8.582342044396453276e-03 1.665211445473334939e-01
7.301707589872596244e-03 1.662753669705488713e-01
2.305254609833653698e-02 1.645262660106216468e-01
3.852932094256648204e-02 1.612979245279636820e-01
5.359466185973178060e-02 1.566274460977275795e-01
6.811586226900416541e-02 1.505644987854719563e-01
8.196600411659650531e-02 1.431707546013170906e-01
9.502501732696846948e-02 1.345192314036766090e-01
1.071806658189862205e-01 1.246935447197524971e-01
1.183294528845741517e-01 1.137870775552505681e-01
1.283774396033640908e-01 1.019020767781003561e-01
1.372409708698553998e-01 8.914868507938135400e-02
1.448473045297067885e-01 7.564391783930775326e-02
1.511351400493929353e-01 6.151059445817711607e-02
1.560550440694423724e-01 4.687623385378598961e-02
1.595697711072429081e-01 3.187192388097204870e-02
1.616544785730007205e-01 1.663117439945355214e-02
1.622968361346213140e-01 1.288763607484364956e-03
1.614970303075316249e-01 -1.402041292392407212e-02
1.592676659480755097e-01 -2.916248133282503541e-02
1.556335670891750844e-01 -4.400570779490271811e-02
1.506314802703742350e-01 -5.842158760018167918e-02
1.443096841778838402e-01 -7.228589690033793147e-02
1.367275100213463102e-01 -8.547969951420257562e-02
1.279547776309961915e-01 -9.789030168202957072e-02
1.180711527606957412e-01 -1.094121481938528651e-01
1.071654315286138942e-01 -1.199476538779379597e-01
9.533475831832925740e-02 -1.294079650163921513e-01
8.268378379964159974e-02 -1.377136458512427108e-01
6.932377001158897267e-02 -1.447952859509344381e-01
5.537164968168187262e-02 -1.505940248198861797e-01
4.094904713706908062e-02 -1.550619907485855098e-01
2.618126829734240130e-02 -1.581626515152682877e-01
1.119626732720562304e-02 -1.598710751595653901e-01
-3.876402427427422595e-03 -1.601740996511020754e-01
-1.890664559189279489e-02 -1.590704108698234309e-01
-3.376488241001354695e-02 -1.565705288981171783e-01
-4.832309936316212667e-02 -1.526967031962755683e-01
-6.245588534371921546e-02 -1.474827177914631859e-01
-7.604144610402815974e-02 -1.409736081553436271e-01
-8.896258987203410629e-02 -1.332252919762813292e-01
-1.011076772252661460e-01 -1.243041165480925775e-01
-1.123715285447529910e-01 -1.142863259982638546e-01
-1.226562826292071501e-01 -1.032574520639639032e-01
-1.318722003369632856e-01 -9.131163259356085693e-02
-1.399384074385280619e-01 -7.855086240410832921e-02
-1.467835712061978104e-01 -6.508418156059489479e-02
-1.523465056391668793e-01 -5.102680655964669798e-02
-1.565767006231224834e-01 -3.649921029756077184e-02
-1.594347707527652425e-01 -2.162615707846159835e-02
-1.608928200042482326e-01 -6.535699271139963629e-03
-1.609347189323282468e-01 8.641857449441785188e-03
-1.595562915840445517e-01 2.377501304042036606e-02
-1.567654098667208562e-01 3.873214870461319514e-02
-1.525819936824641121e-01 5.338261143979294854e-02
-1.470379157431735695e-01 6.759779958597167404e-02
-1.401768106080250043e-01 8.125224127555724651e-02
-1.320537881376200873e-01 9.422465757806444686e-02
-1.227350522331314975e-01 1.063990020658874269e-01
-1.122974264219139401e-01 1.176654685141946821e-01
-1.008277885596852164e-01 1.279214584899336371e-01
-8.842241763941098565e-02 1.370725006856927108e-01
-7.518625642375006968e-02 1.450331140169701105e-01
-6.123209434604567902e-02 1.517276067290813102e-01
-4.667967584853408708e-02 1.570908040549013618e-01
-3.165474003930891789e-02 1.610686973287329959e-01
-1.628799824478554398e-02 1.636190078960476080e-01
-7.140567047039490800e-04 1.647116596641729214e-01
1.492970770548486363e-02 1.643291547149323406e-01
3.050431024249905185e-02 1.624668470456497316e-01
4.587035052177001332e-02 1.591331102177898360e-01
6.088922467802493355e-02 1.543493954698338388e-01
7.542434750637799779e-02 1.481501776888271837e-01
8.934237427328940717e-02 1.405827875284373640e-01
1.025144116087689378e-01 1.317071289043772742e-01
1.148172066992122903e-01 1.215952820837682274e-01
1.261343039005330680e-01 1.103309936055838214e-01
1.363571578893310599e-01 9.800905531598363973e-02
1.453861925704168778e-01 8.473457586555696586e-02
1.531317951658248688e-01 7.062214908495131893e-02
1.595152352261568762e-01 5.579492472013213022e-02
1.644694987312051992e-01 4.038358805716017741e-02
1.679400279835600585e-01 2.452525598704554180e-02
1.698853586452523101e-01 8.362298041856192771e-03
1.702776460209861065e-01 -7.958908138353319034e-03
1.691030735483552705e-01 -2.428927658419552382e-02
1.663621374103701755e-01 -4.047835690980035317e-02
1.620698022319994325e-01 -5.637571054843028284e-02
1.562555239522278316e-01 -7.183230689805135405e-02
1.489631371669828952e-01 -8.670192647153839027e-02
1.402506055055592338e-01 -1.008425577718347482e-01
1.301896349220691418e-01 -1.141177743644192777e-01
1.188651511410930284e-01 -1.263980785048780253e-01
1.063746438792818744e-01 -1.375621977039155064e-01
9.282738185756624072e-02 -1.474983207799744622e-01
7.834350400660723690e-02 -1.561052602633962727e-01
6.305299363548626246e-02 -1.632935284767020878e-01
4.709454366439665834e-02 -1.689863152223360920e-01
3.061432230022961831e-02 -1.731203557595230869e-01
1.376464974352545854e-02 -1.756466786413819203e-01
-3.297402359283876580e-03 -1.765312240059256355e-01
-2.041147597810298586e-02 -1.757553240621026469e-01
-3.741544262272637755e-02 -1.733160387748844955e-01
-5.414695568836263434e-02 -1.692263411202239443e-01
-7.044502413639801286e-02 -1.635151477385590191e-01
-8.615159192590569892e-02 -1.562271923500533899e-01
-1.011131072725199309e-01 -1.474227408902705760e-01
-1.151820656388609643e-01 -1.371771489646778641e-01
-1.282185103604786269e-01 -1.255802638865207987e-01
-1.400914749870996179e-01 -1.127356752366986958e-01
-1.506803517726065245e-01 -9.875981954730107815e-02
-1.598761712783304534e-01 -8.378094634309767030e-02
-1.675827787604421415e-01 -6.793795435814589667e-02
-1.737178938888551405e-01 -5.137910825858237746e-02
-1.782140413853307848e-01 -3.426064762883677950e-02
-1.810193413635107773e-01 -1.674530129885252669e-02
-1.820981494924691080e-01 9.992787127525454977e-04
-1.814315385751968934e-01 1.880214830632542800e-02
-1.790176147195113587e-01 3.649075122169440771e-02
-1.748716629648555398e-01 5.389263079570191795e-02
-1.690261189964637201e-01 7.083715602095612407e-02
-1.615303654092565822e-01 8.715724399739373240e-02
-1.524503528573691591e-01 1.026910606901826339e-01
-1.418680483203277054e-01 1.172836819289674870e-01
-1.298807146119176081e-01 1.307886968071334532e-01
-1.166000271307306296e-01 1.430697360658987061e-01
-1.021510356801978575e-01 1.540019086744655319e-01
-8.667098094877513648e-02 1.634731306395446615e-01
-7.030797691651537173e-02 1.713853310882650638e-01
-5.321957202196989783e-02 1.776555218583801277e-01
-3.557120336368166380e-02 1.822167181870757713e-01
-1.753455950522990470e-02 1.850186996007137097e-01
7.141314148362051112e-04 1.860286017566132044e-01
1.899587061170884134e-02 1.852313317567564344e-01
3.713069620028924822e-02 1.826298013227169725e-01
5.493951037310706997e-02 1.782449741703567292e-01
7.224590687046100745e-02 1.721157259299361530e-01
8.887797926415520744e-02 1.642985169993445849e-01
1.046700906563356320e-01 1.548668807716473139e-01
1.194645856949669155e-01 1.439107317191858915e-01
1.331134263256693040e-01 1.315354998211179238e-01
1.454797334315399704e-01 1.178610997658467718e-01
1.564392174511878009e-01 1.030207452211172603e-01
1.658814822009349599e-01 8.715962022031899237e-02
1.737111874479563556e-01 7.043342134253482989e-02
1.798490572727001191e-01 5.300678584629425760e-02
1.842327229047618364e-01 3.505162223466411209e-02
1.868173904980193478e-01 1.674536086595420151e-02
1.875763262080765437e-01 -1.730856834253894500e-03
1.865011529262178558e-01 -2.019403126972826867e-02
1.836019550862069416e-01 -3.846117987107856157e-02
1.789071900694792772e-01 -5.635121449202443178e-02
1.724634068660298725e-01 -7.368680083567406836e-02
1.643347747776617851e-01 -9.029617990447957876e-02
1.546024270522806665e-01 -1.060149318577738864e-01
1.433636263878798611e-01 -1.206876632747775346e-01
1.307307612186324464e-01 -1.341695996519176037e-01
1.168301835698141306e-01 -1.463280660018109469e-01
1.018009010210334381e-01 -1.570438396553893723e-01
8.579313692777129630e-02 -1.662123607840607087e-01
6.896677450057858705e-02 -1.737447877389766138e-01
