5.000000000000000000e-01 0.000000000000000000e+00
4.973377581712919437e-01 -5.132330000224519934e-02
4.893804016792853706e-01 -1.020908513120156874e-01
4.762157018324084112e-01 -1.517531612866139801e-01
4.579888224720695122e-01 -1.997731764137768984e-01
4.349006504267971529e-01 -2.456323188608466046e-01
4.072054863421027404e-01 -2.888363056083470548e-01
3.752081237143636283e-01 -3.289206818811761801e-01
3.392603513019906147e-01 -3.654560041183196328e-01
2.997569209871350226e-01 -3.980526120453644068e-01
2.571310295294063075e-01 -4.263649344771258676e-01
2.118493684098642083e-01 -4.500952792148344983e-01
1.644068010372894129e-01 -4.689970637394121900e-01
1.153207329079304483e-01 -4.828774509884639632e-01
6.512523582075070705e-02 -4.915993598975814116e-01
1.436499963696944229e-02 -4.950828280033571782e-01
-3.641081190889220581e-02 -4.933057155224587764e-01
-8.665473537241601132e-02 -4.863037434579732810e-01
-1.358271370474364304e-01 -4.741698683662380898e-01
-1.834022259788674614e-01 -4.570530041127033316e-01
-2.288738805706589385e-01 -4.351561087485477652e-01
-2.717612214239487067e-01 -4.087336621788856816e-01
-3.116138664616575626e-01 -3.780885674744650093e-01
-3.480168085855512294e-01 -3.435685154128865770e-01
-3.805948610125129417e-01 -3.055618580400991102e-01
-4.090166209819357523e-01 -2.644930426430621151e-01
-4.329979086412977796e-01 -2.208176624532049992e-01
-4.523046445207172805e-01 -1.750171845999577147e-01
-4.667551360124974624e-01 -1.275934192564860126e-01
-4.762217505866572775e-01 -7.906279652843728467e-02
-4.806319610032060430e-01 -2.995051940454038220e-02
-4.799687554293867731e-01 1.921533800006047787e-02
-4.742704130375760552e-01 6.790971762489446395e-02
-4.636296532497796719e-01 1.156163815878326756e-01
-4.481921742124808095e-01 1.618335664053359157e-01
-4.281546032388033884e-01 2.060794229051479409e-01
-4.037618887557628544e-01 2.478971806361881802e-01
-3.753041696604683675e-01 2.868599795077048098e-01
-3.431131702043139220e-01 3.225753154822721402e-01
-3.075581487622807697e-01 3.546890571825525584e-01
-2.690414629830770732e-01 3.828889835689768817e-01
-2.279938219513880093e-01 4.069078100074496329e-01
-1.848692646335989564e-01 4.265256767206970223e-01
-1.401399319846953206e-01 4.415720754103678591e-01
-9.429069567636651217e-02 4.519271986936986285e-01
-4.781370728001826248e-02 4.575227040664343603e-01
-1.202931817304927695e-03 4.583418911752527025e-01
4.505127111482813002e-02 4.544192981687221189e-01
9.046745690737677259e-02 4.458397297086914013e-01
1.345782366574927169e-01 4.327367357803727499e-01
1.769351924072915527e-01 4.152905666602380585e-01
2.171135138151085997e-01 3.937256352127905812e-01
2.547163073092969521e-01 3.683075230233555097e-01
2.893785334426701161e-01 3.393395716746795410e-01
3.207705332954182142e-01 3.071591046886833487e-01
3.486011102927505378e-01 2.721333292380889168e-01
3.726201396338353899e-01 2.346549696517965244e-01
3.926206835912899873e-01 1.951376869680000181e-01
4.084405971543590419e-01 1.540113403148736515e-01
4.199636147724663537e-01 1.117171467144580377e-01
4.271199152280251155e-01 6.870279601475932918e-02
4.298861678490275562e-01 2.541757707095488109e-02
4.282850692865651232e-01 -1.769242995926170389e-02
4.223843941971998639e-01 -6.018903686442494266e-02
4.122955577287228945e-01 -1.016464755886987703e-01
3.981717248295509326e-01 -1.416557044986195557e-01
3.802055188419568577e-01 -1.798284423852311575e-01
3.586263394586460818e-01 -2.158009089018286808e-01
3.336973350940534155e-01 -2.492372289493252624e-01
3.057120709049903073e-01 -2.798324703277562664e-01
2.749909362415514646e-01 -3.073152889562063561e-01
2.418773372599904714e-01 -3.314501611322139829e-01
2.067337217752880374e-01 -3.520391875850191199e-01
1.699374841713941209e-01 -3.689234594046065796e-01
1.318767983286898704e-01 -3.819839812314393956e-01
9.294642608599673617e-02 -3.911421523032440062e-01
5.354354775072271699e-02 -3.963598110115134632e-01
1.406365963462284999e-02 -3.976388534616149828e-01
-2.510341844028188968e-02 -3.950204411012501748e-01
-6.357738520982633701e-02 -3.885838167325289527e-01
-1.009911120525759515e-01 -3.784447521088358246e-01
-1.369940747923434066e-01 -3.647536538010360818e-01
-1.712555324836766979e-01 -3.476933570670422968e-01
-2.034674262604793671e-01 -3.274766400499049546e-01
-2.333469753357505228e-01 -3.043434927449740202e-01
-2.606389513831589011e-01 -2.785581768059005592e-01
-2.851176167507923909e-01 -2.504061133988823573e-01
-3.065883161969642501e-01 -2.201906369680989017e-01
-3.248887213650018535e-01 -1.882296645590434414e-01
-3.398897152338918870e-01 -1.548522810984166165e-01
-3.514959154182615286e-01 -1.203953058641885759e-01
-3.596458616605970326e-01 -8.519989798718027862e-02
-3.643118632918061484e-01 -4.960819855473255768e-02
-3.654995219544033835e-01 -1.396005434572581728e-02
-3.632469452776294072e-01 2.141014643019113761e-02
-3.576236698910748579e-01 5.617649843911857316e-02
-3.487293145215953905e-01 9.002443826669760674e-02
-3.366919859228401091e-01 1.226534157062614677e-01
-3.216664620287624787e-01 1.537793577426418978e-01
-3.038321779987074867e-01 1.831369087107984350e-01
-2.833910417342986321e-01 2.104814331758237955e-01
-2.605651060047761147e-01 2.355907711453484876e-01
-2.355941245297965558e-01 2.582667382465458350e-01
-2.087330192538155438e-01 2.783363664402196402e-01
-1.802492856245616892e-01 2.956528836695121454e-01
-1.504203619839717121e-01 3.100964335197713972e-01
-1.195309882203323820e-01 3.215745384722386024e-01
-8.787057764463299114e-02 3.300223126447954236e-01
-5.573062467352035698e-02 3.354024320097304113e-01
-2.340216935804458748e-02 3.377048719476166139e-01
8.826661875616951744e-03 3.369464236285271697e-01
4.067302167721555811e-02 3.331700021020391755e-01
7.186159765369180830e-02 3.264437601251443111e-01
1.021267417800819921e-01 3.168600380259505300e-01
1.312144773508372997e-01 3.045341201691221800e-01
1.588843498910235963e-01 2.896028403737086476e-01
1.849111176146277513e-01 2.722230880454623581e-01
2.090862875668936804e-01 2.525701851085063732e-01
2.312194861230539578e-01 2.308361643228406535e-01
2.511396603987604004e-01 2.072279649750566055e-01
2.686961085480517597e-01 1.819655615289772210e-01
2.837593382191080926e-01 1.552800403139487917e-01
2.962217536009457142e-01 1.274116387336264034e-01
3.059981725236275985e-01 9.860776081952786487e-02
3.130261759716333470e-01 6.912098225281687602e-02
3.172662931390014540e-01 3.920705725508293743e-02
3.187020258027745689e-01 9.122939022973756626e-03
3.173397163274641053e-01 -2.087517533078663348e-02
3.132082640493987213e-01 -5.053376505148934883e-02
3.063586951391060742e-01 -7.960386159685250984e-02
2.968635913169284657e-01 -1.078428710308165228e-01
2.848163830173482403e-01 -1.350163344530950216e-01
2.703305127768209637e-01 -1.608996184377032568e-01
2.535384747742895351e-01 -1.852795278689554626e-01
2.345907365984469806e-01 -2.079558339188830596e-01
2.136545494657831890e-01 -2.287427102099630349e-01
1.909126532819333533e-01 -2.474700704581989097e-01
1.665618831377003173e-01 -2.639848011029263808e-01
1.408116981553246827e-01 -2.781518958996091473e-01
1.138825911574946892e-01 -2.898554524211511274e-01
8.600442938815920646e-02 -2.989995344085777385e-01
5.741475536214123848e-02 -3.055089324328895684e-01
2.835701004865816624e-02 -3.093297799078018606e-01
-9.212960867390032919e-04 -3.104300289668260882e-01
-3.017045482404820747e-02 -3.087997811501178025e-01
-5.914046476037163741e-02 -3.044514682155303187e-01
-8.758295812959025761e-02 -2.974198788404139870e-01
-1.152531386427586291e-01 -2.877620275270332817e-01
-1.419117184721882252e-01 -2.755568626741716209e-01
-1.673268418650539768e-01 -2.609048115374576482e-01
-1.912759822654685193e-01 -2.439271606756971966e-01
-2.135477992662175306e-01 -2.247652714716855404e-01
-2.339439412220733761e-01 -2.035796314223498049e-01
-2.522807789555145397e-01 -1.805487431106024554e-01
-2.683910556921720314e-01 -1.558678540926145550e-01
-2.821254381961808555e-01 -1.297475323491447396e-01
-2.933539540524970901e-01 -1.024120934448176368e-01
-3.019673001801282397e-01 -7.409788709881837132e-02
-3.078780079713759887e-01 -4.505145247583600826e-02
-3.110214509494198531e-01 -1.552755313614502704e-02
-3.113566815289032785e-01 1.421289578456103389e-02
-3.088670843577611680e-01 4.390499398625700295e-02
-3.035608348162421311e-01 7.328210026754110318e-02
-2.954711759997959986e-01 1.020781418721050104e-01
-2.846564324101536481e-01 1.300299672884976110e-01
-2.711998048184871557e-01 1.568797047556258761e-01
-2.552089883254712865e-01 1.823771311197261991e-01
-2.368155379794834314e-01 2.062820209390756887e-01
-2.161740050539510405e-01 2.283664524552698472e-01
-1.934608454419801393e-01 2.484170474021017427e-01
-1.688731040307346054e-01 2.662371213906329359e-01
-1.426268813937237034e-01 2.816487216398442239e-01
-1.149555916559025642e-01 2.944945291293936118e-01
-8.610802291187587276e-02 3.046396028438611014e-01
-5.634621407767053530e-02 3.119729446618033641e-01
-2.594316449662726481e-02 3.164088646193810028e-01
4.819605035644354031e-03 3.178881277441993891e-01
3.565461894904510542e-02 3.163788654027383518e-01
6.627111835403499962e-02 3.118772361225564116e-01
9.637781250096746910e-02 3.044078231219399799e-01
1.256856838550547140e-01 2.940237582842836761e-01
1.539108190443182200e-01 2.808065650274947922e-01
1.807772368724930856e-01 2.648657154115612866e-01
2.060196838359133753e-01 2.463378998682487220e-01
2.293863671630215206e-01 2.253860110904735148e-01
2.506415953232257188e-01 2.021978468474382729e-01
2.695682962398419646e-01 1.769845397552072819e-01
2.859703840965629462e-01 1.499787252895254386e-01
2.996749734813039523e-01 1.214324714124457028e-01
3.105343365820384394e-01 9.161494851198295764e-02
3.184276217768542416e-01 6.080990831496327353e-02
3.232623738703108152e-01 2.931299567123646713e-02
3.249757556587495877e-01 -2.571113970055547912e-03
3.235354774286719470e-01 -3.453170847332114046e-02
3.189404196340160369e-01 -6.625513398657757735e-02
3.112209372232055404e-01 -9.742795892138055025e-02
3.004388375161920477e-01 -1.277401735327006183e-01
2.866870271255194114e-01 -1.568883907038029768e-01
2.700888271307784749e-01 -1.845790129537014379e-01
2.507969595074087121e-01 -2.105313305097162579e-01
2.289922116316852052e-01 -2.344805155348390069e-01
2.048817894855194111e-01 -2.561804782732007846e-01
1.786973739185123145e-01 -2.754065519753530755e-01
1.506928979419624171e-01 -2.919579749811472835e-01
1.211420664824521681e-01 -3.056601402587963423e-01
9.033564326480730822e-02 -3.163665850057968409e-01
5.857853248147520259e-02 -3.239606955867847526e-01
2.618668559647036390e-02 -3.283571060860425161e-01
-6.516134010936500652e-03 -3.295027720545430916e-01
-3.920169386864334055e-02 -3.273777045948574327e-01
-7.154070641463755598e-02 -3.219953537098358964e-01
-1.032062767252455576e-01 -3.134026337972202203e-01
-1.338773457850434834e-01 -3.016795882541087881e-01
-1.632421131149640880e-01 -2.869387163849510536e-01
-1.910013424877849142e-01 -2.693238908995077008e-01
-2.168715327472228727e-01 -2.490089447586162630e-01
-2.405879794330358645e-01 -2.261959723400509825e-01
-2.619076292889154223e-01 -2.011132900678896662e-01
-2.806117117095928704e-01 -1.740131042578837717e-01
-2.965081165849907663e-01 -1.451689108874826550e-01
-3.094334907823439451e-01 -1.148726552408730339e-01
-3.192550286400921977e-01 -8.343168230137770758e-02
-3.258719352925405488e-01 -5.116551132750792041e-02
-3.292165453599291136e-01 -1.840247022110304276e-02
-3.292550834791524994e-01 1.452377295244655295e-02
-3.259880572676079891e-01 4.727774262434914637e-02
-3.194502775554996510e-01 7.952571304969656418e-02
-3.097105050374858171e-01 1.109392504165493121e-01
-2.968707268292143930e-01 1.411986999585972957e-01
-2.810650707139755733e-01 1.699965788789846166e-01
-2.624583690756377985e-01 1.970408369507234414e-01
-2.412443885835931501e-01 2.220579481760982521e-01
-2.176437455729022530e-01 2.447957988447212185e-01
-1.919015306999891368e-01 2.650263397030599433e-01
-1.642846698058854082e-01 2.825479727074975411e-01
-1.350790509437404530e-01 2.971876459435131568e-01
-1.045864501880464925e-01 3.088026337160618140e-01
-7.312129110751694472e-02 3.172819825075670064e-01
-4.100726341973286865e-02 3.225476375885089619e-01
-8.573859800195055697e-03 3.245551421242241497e-01
2.384711871761950597e-02 3.232939750038136828e-01
5.592509342004321066e-02 3.187875804074927766e-01
8.733420771552888318e-02 3.110929961225606943e-01
1.177567614365169352e-01 3.003001184245916999e-01
1.468865415721669898e-01 2.865306134044086628e-01
1.744320127550247901e-01 2.699364886452701451e-01
2.001193326455797672e-01 2.506983429892260529e-01
2.236951595834444639e-01 2.290233157306171830e-01
2.449292224721320854e-01 2.051427598954532472e-01
2.636166258012897501e-01 1.793096672689774018e-01
2.795798659470194458e-01 1.517958754857065273e-01
2.926705383852324927e-01 1.228890897667509752e-01
3.027707191593627667e-01 9.288975375367593268e-02
3.097940078147103371e-01 6.210780532745262261e-02
3.136862229981194905e-01 3.085935430164666107e-02
3.144257459733842963e-01 -5.366805670680043069e-04
3.120235113692144679e-01 -3.176193770269473970e-02
3.065226485077292562e-01 -6.250194475924113202e-02
2.979977806083662917e-01 -9.244938016204476416e-02
2.865539929773762151e-01 -1.213072289036751794e-01
2.723254849315997483e-01 -1.487917989541069352e-01
2.554739236247839940e-01 -1.746355666181025890e-01
2.361865211064809456e-01 -1.985898214928977223e-01
2.146738609085813154e-01 -2.204271144751806799e-01
1.911674813278352869e-01 -2.399433939200060761e-01
1.659172823199373814e-01 -2.569598680607234620e-01
1.391887706023836879e-01 -2.713246408848215552e-01
1.112601621393460444e-01 -2.829140162367091982e-01
8.241938388489646050e-02 -2.916334891334837476e-01
5.296100864170993905e-02 -2.974184177322441447e-01
2.318315712353778354e-02 -3.002343730632220375e-01
-6.615598859265753480e-03 -3.000771672894684827e-01
-3.613929873164625078e-02 -2.969725648274152419e-01
-6.509758857983902192e-02 -2.909756841213854139e-01
-9.320861854190010121e-02 -2.821701011694445205e-01
-1.202018126619263105e-01 -2.706666690112226603e-01
-1.458204836441365226e-01 -2.566020702768199158e-01
-1.698242671582563534e-01 -2.401371225294635647e-01
-1.919913528083437571e-01 -2.214548584872100545e-01
-2.121204915483376752e-01 -2.007584052588125556e-01
-2.300327621722224603e-01 -1.782686884581248798e-01
-2.455730824864374995e-01 -1.542219884569335786e-01
-2.586114538480190905e-01 -1.288673770893988824e-01
-2.690439308848160405e-01 -1.024640638283039334e-01
-2.767933113650627996e-01 -7.527868081442398718e-02
-2.818095443144723600e-01 -4.758253614028866429e-02
-2.840698575530323233e-01 -1.964886447744311135e-02
-2.835786088058790955e-01 8.249896494978547351e-03
-2.803668797572774207e-01 3.584479867297375721e-02
-2.744917753414695683e-01 6.287295589759162029e-02
-2.660354905097591649e-01 8.908000323423191646e-02
-2.551041695353362670e-01 1.142224747467117801e-01
-2.418265320130267015e-01 1.380700132815313175e-01
-2.263523010474018660e-01 1.604074124738905649e-01
-2.088504536755713126e-01 1.810364741108972941e-01
-1.895073148880424829e-01 1.997776663447300705e-01
-1.685245176543615497e-01 2.164715706905578352e-01
-1.461168521272949439e-01 2.309801082393434513e-01
-1.225100276912677311e-01 2.431875380332643166e-01
-9.793837174222747022e-02 2.530012230612699864e-01
-7.264248904479972402e-02 2.603521618058163289e-01
-4.686690521916767743e-02 2.651952856819866922e-01
-2.085771737810089566e-02 2.675095250316749662e-01
5.139725819969417388e-03 2.672976485454799378e-01
3.088309339513543861e-02 2.645858830631469538e-01
5.613527038495202265e-02 2.594233226317982921e-01
8.066646644353636653e-02 2.518811374645977263e-01
1.042562172956978256e-01 2.420515950287060181e-01
1.266952632091843667e-01 2.300469068909953008e-01
1.477872903119695769e-01 2.159979161563425898e-01
1.673505223178319290e-01 2.000526413425601224e-01
1.852191520094439436e-01 1.823746933470286602e-01
2.012446036416951634e-01 1.631415827744547020e-01
2.152966348663219454e-01 1.425429251208013559e-01
2.272642208063010705e-01 1.207785863666619858e-01
2.370562602363131821e-01 9.805678282387374212e-02
2.446021273826622933e-01 7.459212183815421005e-02
2.498520196329787613e-01 5.060362855618314587e-02
2.527771203013252088e-01 2.631276923119746716e-02
2.533695794695060011e-01 1.941487700255413755e-03
2.516423173234643706e-01 -2.228972899714413633e-02
2.476286556968101404e-01 -4.616374065610825278e-02
2.413817847163374775e-01 -6.946858525151924924e-02
2.329740725133862267e-01 -9.199923817337327114e-02
2.224962269183576313e-01 -1.135592869238670755e-01
2.100563188936343806e-01 -1.339625098839676010e-01
1.957786781839165879e-01 -1.530343488272766783e-01
1.798026722753026108e-01 -1.706132659507784699e-01
1.622813802594450516e-01 -1.865519772947473176e-01
1.433801736016352413e-01 -2.007185555282426925e-01
1.232752161172601946e-01 -2.129973961735295296e-01
1.021518956759877722e-01 -2.232900424251446081e-01
8.020320028385491407e-02 -2.315158647811259851e-01
5.762805124683628710e-02 -2.376125927404426907e-01
3.462960610214831786e-02 -2.415366968282915971e-01
1.141354392179389290e-02 -2.432636201870823633e-01
-1.181365454707605789e-02 -2.427878599140252946e-01
-3.484641963290476679e-02 -2.401228992357254677e-01
-5.748179726118155669e-02 -2.353009935937682429e-01
-7.952110043921273297e-02 -2.283728057299824199e-01
-1.007715180803630678e-01 -2.194069067775051285e-01
-1.210476926943767767e-01 -2.084891433143634676e-01
-1.401732234817198441e-01 -1.957218698162965786e-01
-1.579820951695825315e-01 -1.812230557639635808e-01
-1.743200228114516193e-01 -1.651252739841127526e-01
-1.890457032697351047e-01 -1.475745774805960198e-01
-2.020319646336226904e-01 -1.287292726632981443e-01
-2.131668053934692997e-01 -1.087585975110255676e-01
-2.223543158002770637e-01 -8.784131380748610995e-02
-2.295154744861768736e-01 -6.616422316636541567e-02
-2.345888141113043057e-01 -4.392061710975519312e-02
-2.375309505360176654e-01 -2.130867198063937998e-02
-2.383169707964933326e-01 1.470200048829428197e-03
-2.369406759877853985e-01 2.421303217057826571e-02
-2.334146760321332559e-01 4.671700423737998320e-02
-2.277703342314937318e-01 6.878115172140128464e-02
-2.200575604710752198e-01 9.020806960708747935e-02
-2.103444529532545737e-01 1.108055982702652459e-01
-1.987167893957694220e-01 1.303884782469549308e-01
-1.852773697204228298e-01 1.487799607266490909e-01
-1.701452133833511460e-01 1.658133606229742207e-01
-1.534546156487417434e-01 1.813335391865883439e-01
-1.353540682771735559e-01 1.951983033374720122e-01
-1.160050506823034067e-01 2.072797161973171098e-01
-9.558069862099959069e-02 2.174652855412161356e-01
-7.426436451948720263e-02 2.256590326799264856e-01
-5.224807494129609514e-02 2.317824454486773211e-01
-2.973089652794226254e-02 2.357752839430319880e-01
-6.917223507556921093e-03 2.375962367643097428e-01
1.598499993870527991e-02 2.372234196213412749e-01
3.876610824845448666e-02 2.346547092725403960e-01
6.121657896213489325e-02 2.299079070395190494e-01
8.312891737773860090e-02 2.230207274737915080e-01
1.042995450385966749e-01 2.140506092028235108e-01
1.245306752532082117e-01 2.030743465102922418e-01
1.436321585270975421e-01 1.901875418055685718e-01
1.614232806229627948e-01 1.755038807950384805e-01
1.777344959660416279e-01 1.591542338675602242e-01
1.924090792844119768e-01 1.412855889311891155e-01
2.053046787248592464e-01 1.220598226700156386e-01
2.162947542176473781e-01 1.016523189093575807e-01
2.252698855796826660e-01 8.025044446481088833e-02
2.321389357445944324e-01 5.805189448525311519e-02
2.368300555871378221e-01 3.526292086113994029e-02
2.392915180627093186e-01 1.209645873661412477e-02
2.394923708025334941e-01 -1.122983248333216631e-02
2.374228978808695933e-01 -3.449559602063905633e-02
2.330948831897334539e-01 -5.747985383085776195e-02
2.265416804438329934e-01 -7.996311767397737413e-02
2.178180515788637472e-01 -1.017295035155856842e-01
2.069997977521832733e-01 -1.225688270360643511e-01
1.941832036902578218e-01 -1.422786774201612314e-01
1.794842639341600599e-01 -1.606664346105692587e-01
1.630377073127767251e-01 -1.775512119085829177e-01
1.449958266011275865e-01 -1.927657033084146931e-01
1.255271224838996336e-01 -2.061579155744382996e-01
1.048147730539043809e-01 -2.175927659273085568e-01
8.305494210558247992e-02 -2.269535272913164592e-01
6.045494140893742374e-02 -2.341431043642386300e-01
3.723126394441676063e-02 -2.390851252920144498e-01
1.360750672008173047e-02 -2.417248354506357499e-01
-1.018779674398066423e-02 -2.420297817406624474e-01
-3.392341291348089510e-02 -2.399902778671157422e-01
-5.736769132098697155e-02 -2.356196432879766323e-01
-8.029087101663499870e-02 -2.289542108447249480e-01
-1.024673866081140666e-01 -2.200531005128531226e-01
-1.236781498018267450e-01 -2.089977592020623720e-01
-1.437127823166252927e-01 -1.958912690664093015e-01
-1.623717762731697323e-01 -1.808574293246750786e-01
-1.794685586674995836e-01 -1.640396191106426593e-01
-1.948314373149897250e-01 -1.455994513413378377e-01
-2.083054066951786631e-01 -1.257152299786399308e-01
-2.197537934304613638e-01 -1.045802253364486178e-01
-2.290597409683836905e-01 -8.240078698291009029e-02
-2.361274625535448868e-01 -5.939429664981578372e-02
-2.408832798349962445e-01 -3.578700726978741031e-02
-2.432764757598014638e-01 -1.181178422966281533e-02
-2.432798961633493573e-01 1.229424035450894098e-02
-2.408903093807244766e-01 3.629206920692731875e-02
-2.361285185632410744e-01 5.994327201592657833e-02
-2.290392240710510674e-01 8.301242230272345979e-02
-2.196906360513941336e-01 1.052695129969685867e-01
-2.081738400704258862e-01 1.264923247487458047e-01
-1.946019214117652163e-01 1.464687213722540016e-01
-1.791088563543368484e-01 1.649988474775947456e-01
-1.618481813632231814e-01 1.818972042981575887e-01
-1.429914536382266288e-01 1.969945809526911229e-01
-1.227265188352167358e-01 2.101398198802603978e-01
-1.012556039760452997e-01 2.212013969364804988e-01
-7.879325556674073028e-02 2.300687986211991387e-01
-5.556414472617958455e-02 2.366536810985976069e-01
-3.180076266626371412e-02 2.408907980453368625e-01
-7.741031140548949863e-03 2.427386868931590003e-01
1.637414652451153751e-02 2.421801056897188997e-01
4.030336749583671857e-02 2.392222155542498840e-01
6.380721787247266297e-02 2.338965065201657201e-01
8.665074067240852163e-02 2.262584674016335784e-01
1.086058567509864958e-01 2.163870031618013445e-01
1.294537315808323152e-01 2.043836195342397244e-01
1.489870108925153147e-01 1.903713347483206586e-01
1.670119232930706854e-01 1.744933776524024427e-01
1.833502768588056719e-01 1.569117025265431009e-01
1.978412734987920474e-01 1.378052916487752522e-01
2.103431374921202746e-01 1.173682815035403948e-01
2.207345410019396215e-01 9.580793313203288253e-02
2.289158116539052323e-01 7.334246880513518863e-02
2.348099097156227666e-01 5.019879862279808674e-02
2.383631649975374023e-01 2.661016179316507899e-02
2.395457662833557488e-01 2.813708207743701416e-03
2.383519988574292203e-01 -2.095195350327953843e-02
2.348002284947652563e-01 -4.444921498433693219e-02
2.289326330832203715e-01 -6.744390782046308375e-02
2.208146858239471155e-01 -8.970769777571209469e-02
2.105343966727267757e-01 -1.110204081540028531e-01
1.982013213098887394e-01 -1.311722477480110338e-01
1.839453494299676251e-01 -1.499659200300423045e-01
1.679152864954250868e-01 -1.672185916840274733e-01
1.502772452750928411e-01 -1.827637002608274719e-01
1.312128654636918468e-01 -1.964525826382714502e-01
1.109173814322806234e-01 -2.081559080589547583e-01
8.959755967210114580e-02 -2.177649017763777506e-01
6.746952875078096601e-02 -2.251923477356059244e-01
4.475652558807989567e-02 -2.303733612189875213e-01
2.168656964119974884e-02 -2.332659470687878378e-01
-1.509880510913331943e-03 -2.338512668864765331e-01
-2.460226404139517070e-02 -2.321336722227225202e-01
-4.736226563327654987e-02 -2.281405434995719961e-01
-6.956611508633334107e-02 -2.219218683890953892e-01
-9.099682279916682104e-02 -2.135495906240594821e-01
-1.114463282255010734e-01 -2.031167381585884113e-01
-1.307175395875237178e-01 -1.907363418773175834e-01
-1.486262445392467491e-01 -1.765401581790099206e-01
-1.650028730898318863e-01 -1.606772107126878402e-01
-1.796940958988649806e-01 -1.433121683010610548e-01
-1.925642430191095156e-01 -1.246235776305021914e-01
-2.034965302623709671e-01 -1.048019706046685595e-01
-2.123940825745274097e-01 -8.404786733855547365e-02
-2.191807460994416312e-01 -6.256969660302343084e-02
-2.238016829606304658e-01 -4.058165611149212176e-02
-2.262237451666708199e-01 -1.830153536842791390e-02
-2.264356264239785199e-01 4.051476125599529944e-03
-2.244477929917715886e-01 2.625897269141776180e-02
-2.202921970124562812e-01 4.810548610647530365e-02
-2.140217779718537328e-01 6.938058750148345943e-02
-2.057097600641784874e-01 8.988091683144756872e-02
-1.954487552345687829e-01 1.094121203096031086e-01
-1.833496835276868242e-01 1.277906774580810367e-01
-1.695405240669279889e-01 1.448456008658848548e-01
-1.541649087292942533e-01 1.604200183214556097e-01
-1.373805722350157910e-01 1.743725465144123632e-01
-1.193576982378956181e-01 1.865784975783523203e-01
-1.002771569393926532e-01 1.969309595460849160e-01
-8.032865612742660921e-02 2.053416660329538124e-01
-5.970882779122793638e-02 2.117416744045181043e-01
-3.861927005676431268e-02 2.160818485791201338e-01
-1.726456426976315239e-02 2.183331446396523379e-01
4.149713070010948614e-03 2.184866994251478123e-01
2.541896414179024843e-02 2.165537242209331081e-01
4.634151053468010123e-02 2.125652075463747848e-01
6.672048269753490246e-02 2.065714328338656980e-01
8.636564078581841775e-02 1.986413184851496261e-01
1.050951105924881196e-01 1.888615893665257783e-01
1.227370193959683581e-01 1.773357902499874683e-01
1.391310178248425788e-01 1.641831530119603477e-01
1.541296752091645128e-01 1.495373305561348842e-01
1.675997373449153727e-01 1.335450114249703002e-01
1.794232371233090706e-01 1.163644299005953536e-01
1.894984500523130000e-01 9.816378706711241520e-02
1.977406883066443744e-01 7.911959881198241118e-02
2.040829285674558569e-01 5.941498708473268164e-02
2.084762705370828695e-01 3.923793090922723936e-02
2.108902246217756460e-01 1.877949366541852710e-02
2.113128288513606012e-01 -1.767956976328174555e-03
2.097506036842008981e-01 -2.221254139782943837e-02
2.062283171753998556e-01 -4.236459593478133362e-02
2.007886024848693218e-01 -6.203835580186833898e-02
1.934914341766207357e-01 -8.105362742367895612e-02
1.844134442269480256e-01 -9.923737391826034648e-02
1.736470973905151205e-01 -1.164252200395873293e-01
1.612997351133560742e-01 -1.324628646765631523e-01
1.474924981103283572e-01 -1.472073900267832081e-01
1.323591385425841871e-01 -1.605284576450122791e-01
1.160447334358471472e-01 -1.723093826975014287e-01
9.870431157168717273e-02 -1.824480789223847377e-01
8.050140656180129750e-02 -1.908578679925644894e-01
6.160654918045394696e-02 -1.974681481901662816e-01
4.219571228462657558e-02 -2.022249185207858069e-01
2.244872179780014673e-02 -2.050911556119350831e-01
2.547647275310069553e-03 -2.060470419445121215e-01
-1.732481448918228584e-02 -2.050900451509014011e-01
-3.698694951097068750e-02 -2.022348492711859291e-01
-5.625961725575861355e-02 -1.975131399830915013e-01
-7.496780914700035270e-02 -1.909732469057348059e-01
-9.294216262272191054e-02 -1.826796471171628633e-01
-1.100204189125651849e-01 -1.727123350163120297e-01
-1.260488132626663704e-01 -1.611660645972584072e-01
-1.408833869571355923e-01 -1.481494710841473328e-01
-1.543912111650286023e-01 -1.337840796962188050e-01
-1.664515259200508024e-01 -1.182031980373431101e-01
-1.769567423414578899e-01 -1.015507327069349180e-01
-1.858133391609546881e-01 -8.397992919407883117e-02
-1.929426648913953879e-01 -6.565201211667835712e-02
-1.982815989443959259e-01 -4.673477059295163411e-02
-2.017830817168213275e-01 -2.740109092085392731e-02
-2.034165096623042346e-01 -7.827448241944466936e-03
-2.031679923427677781e-01 1.180763085380494987e-02
-2.010404694515065260e-01 3.132512261924882968e-02
-1.970536868094690530e-01 5.054706504226368080e-02
-1.912440313557367821e-01 6.929810898706381672e-02
-1.836642261775660034e-01 8.740704925237938183e-02
-1.743828876500981284e-01 1.047083233110752409e-01
-1.634839477762095872e-01 1.210434656707031209e-01
-1.510659458279244305e-01 1.362625060481628403e-01
-1.372411943872972051e-01 1.502252998844736398e-01
-1.221348258611514165e-01 1.628027801381051742e-01
-1.058837264946341644e-01 1.738781197874941231e-01
-8.863536582708213263e-02 1.833477950447406080e-01
-7.054653041396967417e-02 1.911225399321443974e-01
-5.178197147410940754e-02 1.971281836002818644e-01
-3.251297690487194025e-02 2.013063625688883695e-01
-1.291587883290199607e-02 2.036151009472842444e-01
6.829491473431577829e-03 2.040292526362910974e-01
2.654138891778581866e-02 2.025408005248829357e-01
4.603777891904570208e-02 1.991590069560935650e-01
6.513795086608056839e-02 1.939104133552632392e-01
8.366413301920347378e-02 1.868386961002971858e-01
1.014431179386428433e-01 1.780043670321239391e-01
1.183078484112771028e-01 1.674843223918880686e-01
1.340989618202370892e-01 1.553712430383566989e-01
1.486662790504460485e-01 1.417728493828795400e-01
1.618702242512078671e-01 1.268110157804181459e-01
1.735831621275004399e-01 1.106207504103406958e-01
1.836906399063455708e-01 9.334904795817774992e-02
1.920925217241667426e-01 7.515362365722767779e-02
1.987040039048059981e-01 5.620153845422002498e-02
2.034565004437963176e-01 3.666772621334799670e-02
2.062983889792318892e-01 1.673343495498131120e-02
2.071956086083295567e-01 -3.415404873568428454e-03
2.061321020953601479e-01 -2.358987119015558756e-02
2.031100963034100926e-01 -4.359978542567688464e-02
1.981502160602481022e-01 -6.325547663594179026e-02
1.912914281268331129e-01 -8.236955862916736648e-02
1.825908134638806191e-01 -1.007587037419759163e-01
1.721231675744193668e-01 -1.182453966248779853e-01
1.599804303241530168e-01 -1.346596512807642365e-01
1.462709482911786762e-01 -1.498406746429331027e-01
1.311185743561002481e-01 -1.636384601871492261e-01
1.146616108961275166e-01 -1.759152954482453013e-01
9.705159918675797248e-02 -1.865471733499702578e-01
7.845197882045275295e-02 -1.954250736445574677e-01
5.903662279065629431e-02 -2.024561169303368546e-01
3.898824646162957208e-02 -2.075645865634656861e-01
1.849671941384700702e-02 -2.106927887948223665e-01
-2.242708865074035784e-03 -2.118017472434221005e-01
-2.303125319394921239e-02 -2.108717227610658329e-01
-4.366848959984305500e-02 -2.079025513408782888e-01
-6.395428688372460646e-02 -2.029137944288414430e-01
-8.369075418819030276e-02 -1.959446977965274006e-01
-1.026841854499447731e-01 -1.870539570077158764e-01
-1.207469813552276700e-01 -1.763192894427224322e-01
-1.376995293500841433e-01 -1.638368148121399082e-01
-1.533720223944209649e-01 -1.497202480755770171e-01
-1.676061974920464714e-01 -1.340999106593475931e-01
-1.802569755789123485e-01 -1.171215678181167369e-01
-1.911939851067454565e-01 -9.894510188699100206e-02
-2.003029526149089079e-01 -7.974303300036539310e-02
-2.074869447328677452e-01 -5.969890059037338825e-02
-2.126674473898930162e-01 -3.900552060006631794e-02
-2.157852695163443857e-01 -1.786313483420624501e-02
-2.168012601883202162e-01 3.522529795224829067e-03
-2.156968299785834986e-01 2.494227320863505806e-02
-2.124742692135904443e-01 4.618548538722137831e-02
-2.071568578799265203e-01 6.704224021871353634e-02
-1.997887673602993797e-01 8.730540593946772843e-02
-1.904347401234064707e-01 1.067727302072624257e-01
-1.791795624841762968e-01 1.252488887072088219e-01
-1.661273368259762739e-01 1.425474931838210668e-01
-1.514005472626244742e-01 1.584930165082952813e-01
-1.351389314545032028e-01 1.729226205394188420e-01
-1.174981686767157946e-01 1.856878670025830236e-01
-9.864839628637926683e-02 1.966562926633157460e-01
-7.877256867487121561e-02 2.057128313397857400e-01
-5.806467459592393188e-02 2.127610667710599646e-01
-3.672783040985504871e-02 2.177243020204199242e-01
-1.497226825756877051e-02 2.205464329289104075e-01
6.986760543311390514e-03 2.211926151245368344e-01
2.893114552015861249e-02 2.196497162162063255e-01
5.064211828248688096e-02 2.159265470358925076e-01
7.190247216668362029e-02 2.100538681133705676e-01
9.249877712106469030e-02 2.020841699495229682e-01
1.122235665567654361e-01 1.920912280702234409e-01
1.308774730382359086e-01 1.801694362660175852e-01
1.482712900910934661e-01 1.664329238258296373e-01
1.642279380622593266e-01 1.510144649283379770e-01
1.785843128721028295e-01 1.340641906354137214e-01
1.911929976419574906e-01 1.157481161115356122e-01
2.019238185512920725e-01 9.624649774610970210e-02
2.106652278632150654e-01 7.575203675813768633e-02
2.173255091841374276e-01 5.446794433291059917e-02
2.218337589518249997e-01 3.260589355958701946e-02
2.241406566802990330e-01 1.038388416055261235e-02
2.242190351447444496e-01 -1.197597132183832701e-02
2.220642115618063905e-01 -3.424970920410821268e-02
2.176940864231175221e-01 -5.621380145789987848e-02
2.111490082964137260e-01 -7.764744356382262402e-02
2.024914054240833650e-01 -9.833481928380900794e-02
1.918051874622424269e-01 -1.180673183994768588e-01
1.791949231860214542e-01 -1.366456839150278768e-01
1.647848024104665299e-01 -1.538820659343013708e-01
1.487173927138262519e-01 -1.696019603850947299e-01
1.311522037743577673e-01 -1.836460119692092108e-01
1.122640742179871060e-01 -1.958716621505272315e-01
9.224139779848410103e-02 -2.061546246398791582e-01
7.128420747242594779e-02 -2.143901726760568949e-01
4.960213746842656590e-02 -2.204942244161829656e-01
2.741228476662987273e-02 -2.244042149131242059e-01
4.936992485559976197e-03 -2.260797454482602331e-01
-1.759842149284162119e-02 -2.255030033787361887e-01
-3.996796675189347170e-02 -2.226789481224498157e-01
-6.194728919992717464e-02 -2.176352614137086194e-01
-8.331596228960833073e-02 -2.104220624891605940e-01
-1.038597365419786922e-01 -2.011113913790197882e-01
-1.233727237998426263e-01 -1.897964659547372590e-01
-1.416595060101691339e-01 -1.765907247308579620e-01
-1.585371100289749424e-01 -1.616266483959133970e-01
-1.738368485315288370e-01 -1.450543942849486789e-01
-1.874060373126849310e-01 -1.270402585284985952e-01
-1.991095337372160157e-01 -1.077649674981275979e-01
-2.088310921732814129e-01 -8.742182335127511583e-02
-2.164745226785036447e-01 -6.621472337380900075e-02
-2.219646413413036146e-01 -4.435607409549173485e-02
-2.252480029298017106e-01 -2.206462219773900474e-02
-2.262934088411770461e-01 4.367749657020327339e-04
-2.250921857494458389e-01 2.292341586379377863e-02
-2.216582327921965412e-01 4.517103463189631185e-02
-2.160278375895825220e-01 6.695807055794081308e-02
-2.082592638247959538e-01 8.806790372106741704e-02
-1.984321155077014009e-01 1.082910337600883621e-01
-1.866464853662470891e-01 1.274271794607815533e-01
-1.730218970386518951e-01 1.452872777971266072e-01
-1.576960528495935931e-01 1.616953622300339732e-01
-1.408234009235282413e-01 1.764903014432275818e-01
-1.225735371975781585e-01 1.895273812628534837e-01
-1.031294595269000303e-01 2.006797142464920303e-01
-8.268569251087218297e-02 2.098394633180867275e-01
-6.144630289504341564e-02 2.169188678456689667e-01
-3.962282641052500276e-02 2.218510626855481338e-01
-1.743212769038717663e-02 2.245906829260519710e-01
4.905793942646260834e-03 2.251142599312028758e-01
2.717000633138780263e-02 2.234203697053716575e-01
4.914083861860978064e-02 2.195295646851744553e-01
7.060207207437470267e-02 2.134841070594585000e-01
9.134307937100909214e-02 2.053474733066422697e-01
1.111608978964244709e-01 1.952036487331894610e-01
1.298622165993660593e-01 1.831562204309165609e-01
1.472652569070520279e-01 1.693272790584095244e-01
1.632015294931085936e-01 1.538561417113399055e-01
1.775174500861583238e-01 1.368979098599598931e-01
1.900757990798510599e-01 1.186218778833581650e-01
2.007570114148942153e-01 9.920980910505122763e-02
2.094602850328520505e-01 7.885409742120792764e-02
2.161044981294297507e-01 5.775583360166041541e-02
2.206289274404051870e-01 3.612279612720955407e-02
2.229937618543264000e-01 1.416738699941294186e-02
2.231804077403351516e-01 -7.895466681678679072e-03
2.211915844851054247e-01 -2.985042443107596005e-02
2.170512108280176211e-01 -5.148383650977707282e-02
2.108040846471540830e-01 -7.258581987413936787e-02
2.025153608601415745e-01 -9.295228582196325695e-02
1.922698340436074238e-01 -1.123868998849610751e-01
1.801710342245460839e-01 -1.307029553727658278e-01
1.663401460393292564e-01 -1.477251430016023048e-01
1.509147630756293434e-01 -1.632912002283434805e-01
1.340474883030882136e-01 -1.772534386080450719e-01
1.159043968141125341e-01 -1.894800938417237346e-01
9.666338638315843945e-02 -1.998565160974008492e-01
7.651241888174464822e-02 -2.082862167077507154e-01
5.564767449437692248e-02 -2.146917213533571789e-01
3.427163754862107281e-02 -2.190152366281291341e-01
1.259113270628304214e-02 -2.212191250389552166e-01
-9.184669455791967876e-03 -2.212861853593216799e-01
-3.084625834922838372e-02 -2.192197371281296436e-01
-5.218578171983002251e-02 -2.150435099425500318e-01
-7.299901765494833106e-02 -2.088013400201266245e-01
-9.308730190537872762e-02 -2.005566782838555662e-01
-1.122593927726447394e-01 -1.903919159388956228e-01
-1.303332565664663822e-01 -1.784075351463756398e-01
-1.471377575376266178e-01 -1.647210939447476541e-01
-1.625142372273575830e-01 -1.494660560097396396e-01
-1.763179693336971443e-01 -1.327904771690424646e-01
-1.884194774654827098e-01 -1.148555617875690604e-01
-1.987057045222366813e-01 -9.583410320503629731e-02
-2.070810238892755173e-01 -7.590882333268134108e-02
-2.134680841578412702e-01 -5.527062729443400768e-02
-2.178084806552357255e-01 -3.411678962559008821e-02
-2.200632486850626901e-01 -1.264908901623295646e-02
-2.202131750183293213e-01 8.928091094037663919e-03
-2.182589258277750632e-01 3.040967859940084395e-02
-2.142209957493654837e-01 5.159183883720537545e-02
-2.081394602063884325e-01 7.227386237020827497e-02
-2.000735555505507579e-01 9.226001422909178851e-02
-1.901010947279312691e-01 1.113613536686738903e-01
-1.783177074232428494e-01 1.293974764594180427e-01
-1.648359193570334558e-01 1.461981740148117770e-01
-1.497840796557197707e-01 1.616049948265297076e-01
-1.333051464855752322e-01 1.754726946163927270e-01
-1.155553423167884758e-01 1.876705626570803476e-01
-9.670269125453227754e-02 1.980836128527936890e-01
-7.692545183328246272e-02 2.066136293965711024e-01
-5.641045951219016835e-02 2.131800581220230639e-01
-3.535139382791870760e-02 2.177207360329715680e-01
-1.394698575284482669e-02 2.201924529138503950e-01
7.600818732858912949e-03 2.205713403854331345e-01
2.908872251940457926e-02 2.188530852628380319e-01
5.031395216722066993e-02 2.150529655842266241e-01
7.107612704244650748e-02 2.092057091976381455e-01
9.117910627952437175e-02 2.013651763085303747e-01
1.104327972734182456e-01 1.916038688904511955e-01
1.286549097468811798e-01 1.800122713346990755e-01
1.456726399097645896e-01 1.666980281508568251e-01
1.613242698237950523e-01 1.517849659180288968e-01
1.754606678030574407e-01 1.354119680162736150e-01
1.879466765122879135e-01 1.177317119290707953e-01
1.986623851384717032e-01 9.890927592445182548e-02
2.075042457778410732e-01 7.912063630392757174e-02
2.143860461221107905e-01 5.855106897002785443e-02
2.192397449966568268e-01 3.739345514480941352e-02
2.220161354024792755e-01 1.584651673165094962e-02
2.226853383002634079e-01 -5.887005505412680299e-03
2.212371222384811598e-01 -2.760221496854611475e-02
2.176810454033532849e-01 -4.909394706199048108e-02
2.120464181812966586e-01 -7.015866515115341817e-02
2.043820858631096860e-01 -9.059634780611766636e-02
1.947560326717895085e-01 -1.102123504761738093e-01
1.832548098504927780e-01 -1.288192248671612417e-01
1.699827920916353041e-01 -1.462384795589897479e-01
1.550612681103578916e-01 -1.623022658064362800e-01
1.386273726528346184e-01 -1.768549730109312546e-01
1.208328686697013321e-01 -1.897547190318866484e-01
1.018427897650827502e-01 -2.008747213195073433e-01
8.183395433997976698e-02 -2.101045357924072321e-01
6.099336407352730360e-02 -2.173511514468373651e-01
3.951650051533024677e-02 -2.225399298630602873e-01
1.760553458556025214e-02 -2.256153800605089355e-01
-4.532535313463059191e-03 -2.265417605377297305e-01
-2.668780008956951610e-02 -2.253035018055555561e-01
-4.864939452635347328e-02 -2.219054442715204523e-01
-7.020747198854972171e-02 -2.163728879482139933e-01
-9.115518876106314117e-02 -2.087514555920915449e-01
-1.112906584360979362e-01 -1.991067555609755957e-01
-1.304188697801582641e-01 -1.875238605938090719e-01
-1.483535676141060078e-01 -1.741066085381445805e-01
-1.649190569013908036e-01 -1.589767178286311811e-01
-1.799519193694440744e-01 -1.422727294620121097e-01
-1.933026259412595482e-01 -1.241487838958922341e-01
-2.048370290390486570e-01 -1.047732429183596131e-01
-2.144377197648477118e-01 -8.432716808565475508e-02
-2.220052360586010909e-01 -6.300266879000432363e-02
-2.274591091751838601e-01 -4.100113438391866233e-02
-2.307387371990051450e-01 -1.853136603623550469e-02
-2.318040758179842620e-01 4.192374885010956460e-03
-2.306361381961371804e-01 2.695238413031031052e-02
-2.272372975023111419e-01 4.952957899139703857e-02
-2.216313874570479403e-01 7.170559057555758731e-02
-2.138635981344831072e-01 9.326486419476183454e-02
-2.040001661846214953e-01 1.139967478320914329e-01
-1.921278606056013583e-01 1.336975485358703197e-01
-1.783532671771355660e-01 1.521725366730643791e-01
-1.628018766459099487e-01 1.692378782508531521e-01
-1.456169837118553301e-01 1.847224759894899315e-01
-1.269584057809532707e-01 1.984697004993294378e-01
-1.070010323058810248e-01 2.103389937770489826e-01
-8.593321731080533210e-02 2.202073282854311587e-01
-6.395502780723759384e-02 2.279705145710131386e-01
-4.127636527075376899e-02 2.335443170271425950e-01
-1.811498289855616173e-02 2.368653836714446070e-01
5.305591167763812517e-03 2.378919960039821424e-01
2.875820218850094756e-02 2.366046038064121837e-01
5.201426799851914529e-02 2.330061464800262661e-01
7.484600775645459947e-02 2.271221559106046672e-01
9.702867850313545706e-02 2.190006379713753670e-01
1.183427974578384334e-01 2.087117319547239780e-01
1.385763278968311085e-01 1.963471494373290049e-01
1.575268065985804544e-01 1.820193963093708622e-01
1.750033912056274121e-01 1.658607839136534701e-01
1.908288064440375187e-01 1.480222374216496328e-01
2.048411689547330883e-01 1.286719116974197608e-01
2.168956715214323816e-01 1.079936269438982882e-01
2.268661087193905579e-01 8.618513836670414763e-02
2.346462274475047405e-01 6.345625590679908334e-02
2.401508874311092667e-01 4.002683176402585530e-02
2.433170185791571627e-01 1.612463493949684371e-02
2.441043640307555551e-01 -8.016866651852843501e-03
2.424959998135114980e-01 -3.216079482307748760e-02
2.384986242393855316e-01 -5.606919792523724216e-02
2.321426124605073527e-01 -7.950541255428562881e-02
2.234818339745232307e-01 -1.022364264337166095e-01
2.125932332822721149e-01 -1.240352185450085271e-01
1.995761825100436093e-01 -1.446830610910865567e-01
1.845515888657584536e-01 -1.639717365859085230e-01
1.676607854055837954e-01 -1.817056573088232097e-01
1.490642228288917293e-01 -1.977038866387426652e-01
1.289399536295488258e-01 -2.118020165945042055e-01
1.074819306515681361e-01 -2.238538886291820407e-01
8.489813627528838835e-02 -2.337331391760070765e-01
6.140856032432626815e-02 -2.413345531286062995e-01
3.724304647170498250e-02 -2.465752103133120599e-01
1.263902841611648509e-02 -2.493954120581529932e-01
-1.216082162162092709e-02 -2.497593771610013280e-01
-3.691100848143734348e-02 -2.476556988858304997e-01
-6.136566931731196606e-02 -2.430975570470716163e-01
-8.528104355628045308e-02 -2.361226817522745491e-01
-1.084179323031065206e-01 -2.267930679360787849e-01
-1.305441219006249209e-01 -2.151944424065277417e-01
-1.514367465933758039e-01 -2.014354877103721186e-01
-1.708845657466230017e-01 -1.856468296790042272e-01
-1.886901318401711103e-01 -1.679797980133081459e-01
-2.046718264799010645e-01 -1.486049716769610174e-01
-2.186657429403255082e-01 -1.277105231666776919e-01
-2.305273952562495732e-01 -1.055003778889849197e-01
-2.401332356054477757e-01 -8.219220687229013278e-02
-2.473819636497818775e-01 -5.801527285796131278e-02
-2.521956136096440981e-01 -3.320815142426347677e-02
-2.545204191991602416e-01 -8.016346652326457323e-03
-2.543274087454112653e-01 1.731016883992368346e-02
-2.516127511371885617e-01 4.251945856944729790e-02
-2.463978715653752372e-01 6.736016097295177696e-02
-2.387292976309838000e-01 9.158402817058038103e-02
-2.286782493216309164e-01 1.149484394654186614e-01
-2.163399764188392582e-01 1.372188636159486219e-01
-2.018328495457361038e-01 1.581712443868271423e-01
-1.852972136525178615e-01 1.775942846231997052e-01
-1.668940152374716046e-01 1.952916050981809426e-01
-1.468032169870086001e-01 2.110837556416094163e-01
-1.252220157632955022e-01 2.248100575576163496e-01
-1.023628819480209423e-01 2.363302580630965988e-01
-7.845144004288188977e-02 2.455259794106007254e-01
-5.372421211090649268e-02 2.523019474768221637e-01
-2.842624709947247710e-02 2.565869868789682484e-01
-2.808660299920535171e-03 2.583347721015077370e-01
2.287389184339277959e-02 2.575243266488992377e-01
4.836577566993661981e-02 2.541602648584699309e-01
7.341295666271757669e-02 2.482727736839733246e-01
9.776556176787722097e-02 2.399173344654605688e-01
1.211804013508576000e-01 2.291741874056290040e-01
1.434234248830551228e-01 2.161475441477476722e-01
1.642720851431301587e-01 2.009645564671253826e-01
1.835175866728327443e-01 1.837740516188894335e-01
2.009670088256048925e-01 1.647450512931779854e-01
2.164452428327644506e-01 1.440650716379867635e-01
2.297967453840160379e-01 1.219382440317929445e-01
2.408871215208613081e-01 9.858327571769322228e-02
2.496044809546335286e-01 7.423125616575980412e-02
2.558605663866689861e-01 4.912333843899896468e-02
2.595916424692537583e-01 2.350831932823354425e-02
2.607591365324358201e-01 -2.359856967342636135e-03
2.593500247752902332e-01 -2.822464608692465404e-02
2.553769602533348393e-01 -5.382947567344389950e-02
2.488781416582745432e-01 -7.892031623965067855e-02
2.399169245538720352e-01 -1.032482245816830485e-01
2.285811793741520381e-01 -1.265718339234918610e-01
2.149824030795892960e-01 -1.486597655794705541e-01
1.992545938763387037e-01 -1.692929377864952345e-01
1.815529008069518557e-01 -1.882667484699357963e-01
1.620520622935541499e-01 -2.053931100583420988e-01
1.409446498326213382e-01 -2.205023160330247811e-01
1.184391349831861034e-01 -2.334447206736395275e-01
9.475779953843692371e-02 -2.440922154200832195e-01
7.013451030642571526e-02 -2.523394873930385751e-01
4.481238123418763986e-02 -2.581050478769796874e-01
1.904134667905632572e-02 -2.613320209458961374e-01
-6.924329548443785079e-03 -2.619886848784048761e-01
-3.282858418120405963e-02 -2.600687615391362173e-01
-5.841610750294001092e-02 -2.555914619859340209e-01
-8.343486946853261033e-02 -2.486012526249327670e-01
-1.076386013433392741e-01 -2.391673761235501017e-01
-1.307892346855896448e-01 -2.273831484249037582e-01
-1.526592470307071014e-01 -2.133650055811453505e-01
-1.730338981987811775e-01 -1.972513229780777921e-01
-1.917133352635341792e-01 -1.792010193923775085e-01
-2.085145456281357890e-01 -1.593919604253269950e-01
-2.232731392591686681e-01 -1.380191778011247705e-01
-2.358449429173893608e-01 -1.152929227848058236e-01
-2.461073911729998731e-01 -9.143657354813752858e-02
-2.539607010830260414e-01 -6.668441767722849134e-02
-2.593288196167559123e-01 -4.127933216077934314e-02
-2.621601352189296130e-01 -1.547038411322188695e-02
-2.624279472756577691e-01 1.048962383493387898e-02
-2.601306896705360971e-01 3.634663911110863621e-02
-2.552919070635094601e-01 6.184785117899814499e-02
-2.479599849678811585e-01 8.674416541405723102e-02
-2.382076371173157125e-01 1.107926346630011549e-01
-2.261311559816100714e-01 1.337588248049867701e-01
-2.118494345838468906e-01 1.554190913926540019e-01
-1.955027699702596711e-01 1.755627454315418501e-01
-1.772514607672551201e-01 1.939940875448125934e-01
-1.572742132081881850e-01 2.105342911536400574e-01
-1.357663718077044834e-01 2.250231168668425374e-01
-1.129379903799441753e-01 2.373204549183443590e-01
-8.901176366711231747e-02 2.473076411732132718e-01
-6.422084958669126153e-02 2.548885629415731380e-01
-3.880659091940030780e-02 2.599905700439774092e-01
-1.301616238855579991e-02 2.625651433906780463e-01
1.289983323854121053e-02 2.625883285777190213e-01
3.868979668171622366e-02 2.600609310982802125e-01
6.410356780864678861e-02 2.550084720714242414e-01
8.889484199006272847e-02 2.474809056901166870e-01
1.128235440048402649e-01 2.375521018640987525e-01
1.356581368590519254e-01 2.253190997598854550e-01
1.571778436031266990e-01 2.109011400992009400e-01
1.771747611541679146e-01 1.944384861486890825e-01
1.954558462459469736e-01 1.760910452992718311e-01
2.118447549252082118e-01 1.560368049755165853e-01
2.261835184762222006e-01 1.344700983178100662e-01
2.383340402711753014e-01 1.115997166280543185e-01
2.481793997955253073e-01 8.764688694974689942e-02
2.556249519676687121e-01 6.284313435485622268e-02
2.605992118436841753e-01 3.742804952287615006e-02
2.630545168513863108e-01 1.164698301342166446e-02
2.629674608138071745e-01 -1.425131175292429844e-02
2.603390961810218007e-01 -4.001706438406178734e-02
2.551949030711886945e-01 -6.540187965722506214e-02
2.475845259067281645e-01 -9.016111330462678319e-02
2.375812859373781782e-01 -1.140562190077486215e-01
2.252814543778597356e-01 -1.368570164709804471e-01
2.108033145901945515e-01 -1.583438739450105659e-01
1.942860272801259502e-01 -1.783098086414628969e-01
1.758882913770700163e-01 -1.965624564149463516e-01
1.557868208366679774e-01 -2.129259010820108156e-01
1.341746519248280811e-01 -2.272423463831362012e-01
1.112592970857702590e-01 -2.393736150863601253e-01
8.726076288945384951e-02 -2.492024613608626038e-01
6.240945078381480993e-02 -2.566336843005253554e-01
3.694396043422690928e-02 -2.615950323355209495e-01
1.110881630773708287e-02 -2.640378902174637110e-01
-1.484786115429754041e-02 -2.639377422828732001e-01
-4.067671794012157199e-02 -2.612944077729168479e-01
-6.612954032017950845e-02 -2.561320460960876400e-01
-9.096161792862204887e-02 -2.484989320461646611e-01
-1.149340739635426462e-01 -2.384670031114360378e-01
-1.378161407054745990e-01 -2.261311831137950423e-01
-1.593873590603246959e-01 -2.116084884799999399e-01
-1.794396815325354222e-01 -1.950369254538875663e-01
-1.977794589206257059e-01 -1.765741884894631297e-01
-2.142292920921159416e-01 -1.563961719037983700e-01
-2.286297314290640093e-01 -1.346953085995674926e-01
-2.408408079285588588e-01 -1.116787512741565930e-01
-2.507433814823238349e-01 -8.756641300126628835e-02
-2.582403030421865364e-01 -6.258888262904212241e-02
-2.632573496298398208e-01 -3.698523894444159799e-02
-2.657439450693480087e-01 -1.100078800909779116e-02
-2.656736774208694474e-01 1.511526665117548900e-02
-2.630445785256834146e-01 4.111219296206298363e-02
-2.578791726194936684e-01 6.674011692907068360e-02
-2.502242931628901323e-01 9.175240461607750420e-02
-2.401506691859899290e-01 1.159080171047544849e-01
-2.277522845872479718e-01 1.389738162629186591e-01
-2.131455159447416259e-01 1.607267995506368730e-01
-1.964680564730215684e-01 1.809562426945672819e-01
-1.778776357709712930e-01 1.994657298591127059e-01
-1.575505469375522438e-01 2.160750519310341289e-01
-1.356799944650462497e-01 2.306219547046093887e-01
-1.124742780362654043e-01 2.429637200975446332e-01
-8.815482893695487931e-02 2.529785650327457391e-01
-6.295411723182511854e-02 2.605668442747816060e-01
-3.711344912840750659e-02 2.656520452979507785e-01
-1.088067505496204471e-02 2.681815651703046699e-01
1.549217010471825098e-02 2.681272614481204353e-01
4.175127245547870930e-02 2.654857711700478462e-01
6.764346753133997081e-02 2.602785942008030151e-01
9.291866874035493995e-02 2.525519393816572644e-01
1.173322727261078974e-01 2.423763341787422143e-01
1.406475186786408371e-01 2.298460007598397137e-01
1.626377874921299260e-01 2.150780093166937412e-01
1.830887951715578776e-01 1.982111953920265290e-01
2.018006702516484674e-01 1.794048705580037761e-01
2.185899162808849217e-01 1.588373448493334006e-01
2.332912155467646576e-01 1.367042553285445217e-01
2.457590634198583701e-01 1.132167234171454900e-01
2.558692170334729288e-01 8.859935802690084572e-02
2.635199437147084933e-01 6.308812308057910878e-02
2.686330564315533298e-01 3.692808939866395329e-02
2.711547255025430481e-01 1.037109213319254222e-02
2.710560579128975522e-01 -1.632668406102572370e-02
2.683334377747222388e-01 -4.290716912534965621e-02
2.630086237383463810e-01 -6.911289738781253855e-02
2.551286014860471574e-01 -9.468949910414563298e-02
2.447651917961849999e-01 -1.193881696747229604e-01
2.320144170327995969e-01 -1.429680925615998688e-01
2.169956312696814105e-01 -1.651987922617138282e-01
1.998504215757737623e-01 -1.858623942556761333e-01
1.807412902481430050e-01 -2.047557696430152008e-01
1.598501299567333944e-01 -2.216925431884197162e-01
1.373765058394058325e-01 -2.365049447311791952e-01
1.135357605355814120e-01 -2.490454853410939973e-01
8.855695995210006999e-02 -2.591884412263854021e-01
6.268069919633351139e-02 -2.668311301979212624e-01
3.615678957185649439e-02 -2.718949674529657634e-01
9.241846027388207763e-03 -2.743263013735547373e-01
-1.780319830437621792e-02 -2.740969835008724709e-01
-4.471561940219126452e-02 -2.712046922028629181e-01
-7.123346009182690564e-02 -2.656730293363344653e-01
-9.709808746996398399e-02 -2.575513515665045494e-01
-1.220567251506504830e-01 -2.469143492487294589e-01
-1.458649353769485291e-01 -2.338613761216160880e-01
-1.682890264274717329e-01 -2.185155355355683227e-01
-1.891083613813452358e-01 -2.010225313718761453e-01
-2.081175451805147569e-01 -1.815492941700196650e-01
-2.251284680383904835e-01 -1.602823952507470562e-01
-2.399721845788746755e-01 -1.374262637760970129e-01
-2.525006096375175813e-01 -1.132012237025083329e-01
-2.625880134026626900e-01 -8.784136943822989929e-02
-2.701323005024020008e-01 -6.159230069172902389e-02
-2.750560597348431502e-01 -3.470873847548861663e-02
-2.773073733737883018e-01 -7.452045493327947960e-03
-2.768603773374067045e-01 1.991232482458346262e-02
-2.737155659610565617e-01 4.711742557836001710e-02
-2.678998376423758487e-01 7.389743433847416332e-02
-2.594662802014236491e-01 9.999026586945790329e-02
-2.484936973952402428e-01 1.251401537056686109e-01
-2.350858806184882854e-01 1.491001748773626012e-01
-2.193706323829603677e-01 1.716346925755635744e-01
-2.014985506724793762e-01 1.925216922909894768e-01
-1.816415910561044178e-01 2.115550012288856252e-01
-1.599913984869018035e-01 2.285463308743266864e-01
-1.367574496715025512e-01 2.433271422893535096e-01
-1.121650269404481648e-01 2.557503467405671804e-01
-8.645302420595477044e-02 2.656917852678658543e-01
-5.987161459382570050e-02 2.730514838952584067e-01
-3.267980270906571671e-02 2.777546715589216397e-01
-5.142885702808424123e-03 2.797525501819825844e-01
2.247015172623638771e-02 2.790228087928251499e-01
4.988928254961445125e-02 2.755698761388635787e-01
7.684609654785209965e-02 2.694249088649614543e-01
1.030764468858433036e-01 2.606455149780271818e-01
1.283230577233047676e-01 2.493152149795858918e-01
1.523380668096575297e-01 2.355426456890104547e-01
1.748854776287934454e-01 2.194605143743663667e-01
1.957434965350302314e-01 2.012243133287446584e-01
2.147067314480854694e-01 1.810108074511811993e-01
2.315882300406543470e-01 1.590163096879050886e-01
2.462213369439298916e-01 1.354547613380243376e-01
2.584613512977772531e-01 1.105556362055808567e-01
2.681869679648512528e-01 8.456168936633715050e-02
2.753014878913352947e-01 5.772657289447535867e-02
2.797337854093422393e-01 3.031234224529513049e-02
2.814390227133135025e-01 2.586878100823094585e-03
2.803991042800762501e-01 -2.517875065545433638e-02
2.766228791351482141e-01 -5.271296607104095089e-02
2.701460469393453523e-01 -7.974635231626391041e-02
2.610308038060694669e-01 -1.060142974764575891e-01
2.493652515482963350e-01 -1.312596078083821116e-01
2.352625361631552059e-01 -1.552350423358682119e-01
2.188597384338152319e-01 -1.777057491867105876e-01
2.003165277196244931e-01 -1.984515794323157833e-01
1.798135923756691568e-01 -2.172692554294808898e-01
1.575508624750227293e-01 -2.339743721333521487e-01
1.337455425787305030e-01 -2.484032115364678550e-01
1.086299741890358883e-01 -2.604143522737190075e-01
8.244934921106282510e-02 -2.698900584973680239e-01
5.545929722057892780e-02 -2.767374343483990917e-01
2.792337057592031782e-02 -2.808893327075905888e-01
1.104524085427689836e-04 -2.823050093774597813e-01
-2.770788673111242509e-02 -2.809705163995491195e-01
-5.526005731434471130e-02 -2.768988308237415596e-01
-8.227711788685013183e-02 -2.701297178907813290e-01
-1.084954143088586037e-01 -2.607293302392219014e-01
-1.336591650738402359e-01 -2.487895473767677001e-01
-1.575229671739186710e-01 -2.344270622364418299e-01
-1.798541978118877172e-01 -2.177822241443804208e-01
-2.004352883372648442e-01 -1.990176499334356530e-01
-2.190658480952836773e-01 -1.783166172209079692e-01
-2.355646174092285994e-01 -1.558812560069660069e-01
-2.497712464715906300e-01 -1.319305545481271325e-01
-2.615478340238318045e-01 -1.066981992322930534e-01
-2.707802447427409276e-01 -8.043028288794289160e-02
-2.773792244484452607e-01 -5.338288938395759770e-02
-2.812812540616087542e-01 -2.581958165258637847e-02
-2.824491502755758221e-01 1.991180746309839395e-03
-2.808724074515171476e-01 2.977866900997578822e-02
-2.765672778112070462e-01 5.727253153136100533e-02
-2.695765895893309505e-01 8.420543336923350108e-02
-2.599693053896105499e-01 1.103156628579080728e-01
-2.478398255411178031e-01 1.353496798509379873e-01
-2.333070437471624070e-01 1.590645807302281667e-01
-2.165131647348657040e-01 1.812304561922751800e-01
-1.976222959254298195e-01 2.016326189369440636e-01
-1.768188273307981229e-01 2.200736797191580330e-01
-1.543056159206102063e-01 2.363754517664088117e-01
-1.303019925747097574e-01 2.503806652983323056e-01
-1.050416114236090437e-01 2.619544757907099064e-01
-7.877016286620437679e-02 2.709857516859393578e-01
-5.174297282735389192e-02 2.773881294443153456e-01
-2.422251186587318778e-02 2.811008261329702163e-01
3.524161442807042383e-03 2.820892021388902160e-01
3.122799785253203841e-02 2.803450690457647276e-01
5.862057019707357652e-02 2.758867402069807850e-01
8.543667614235253560e-02 2.687588240543627438e-01
1.114169197243255333e-01 2.590317683747804245e-01
1.363102066524061184e-01 2.468011372458623898e-01
1.598761511105819821e-01 2.321866547163777272e-01
1.818874039590089031e-01 2.153310277017305985e-01
2.021318387471493505e-01 1.963985396729042432e-01
2.204145872105751913e-01 1.755734377600469687e-01
2.365599048893691214e-01 1.530581292714545683e-01
2.504128491969040970e-01 1.290712054236648476e-01
2.618407541223232160e-01 1.038453116954702465e-01
2.707344877498090163e-01 7.762488564374296629e-02
2.770094809033499805e-01 5.066378423908619172e-02
2.806065174557728081e-01 2.322282378352018284e-02
2.814922791537725622e-01 -4.432743747532484971e-03
2.796596401841541235e-01 -3.203579354729221146e-02
2.751277091176786982e-01 -5.931990529730037098e-02
2.679416182927144008e-01 -8.602193018084644538e-02
2.581720631180412506e-01 -1.118845229651755091e-01
2.459145961600563979e-01 -1.366586149201432510e-01
2.312886832116604341e-01 -1.601058039630438301e-01
2.144365307968291445e-01 -1.820006392639723636e-01
1.955216967248509241e-01 -2.021327786042964592e-01
1.747274973516911578e-01 -2.203089980415328109e-01
1.522552271143637059e-01 -2.363550348850667615e-01
1.283222076599353501e-01 -2.501172466141832196e-01
1.031596854778455696e-01 -2.614640701567869652e-01
7.701059037882411473e-02 -2.702872788794159487e-01
5.012719589936707326e-02 -2.765029888424622717e-01
2.276870007474917842e-02 -2.800524355872210935e-01
-4.801274010760554246e-03 -2.809025321138104436e-01
-3.231721217892108422e-02 -2.790461679785514737e-01
-5.951425888814589060e-02 -2.745022594441871022e-01
-8.613075841176953684e-02 -2.673155504928862447e-01
-1.119107632525006557e-01 -2.575561668740742327e-01
-1.366064859254476349e-01 -2.453189276961660614e-01
-1.599806708094560492e-01 -2.307224213621021647e-01
-1.818088635520662411e-01 -2.139078548720129425e-01
-2.018815565091236774e-01 -1.950376876514316737e-01
-2.200061898964187079e-01 -1.742940630909691757e-01
-2.360089897162467587e-01 -1.518770528845040102e-01
-2.497366250833020773e-01 -1.280027310105197880e-01
-2.610576692974258539e-01 -1.029010957985829200e-01
-2.698638508787909451e-01 -7.681385994581657606e-02
-2.760710827768291797e-01 -4.999212958388838529e-02
-2.796202600689873252e-01 -2.269399453376885062e-02
-2.804778186599532486e-01 4.817947285979222449e-03
-2.786360497554497551e-01 3.227910771896179420e-02
-2.741131671960933547e-01 5.942544452873493865e-02
-2.669531270752376617e-01 8.599599171801372566e-02
-2.572252014081803928e-01 1.117353599327006591e-01
-2.450233099466952724e-01 1.363961831599496688e-01
-2.304651163347003207e-01 1.597415002787357374e-01
-2.136908927591190110e-01 1.815470128483201162e-01
-1.948621762576665528e-01 2.016032214250753629e-01
-1.741602214021170103e-01 2.197174446627194189e-01
-1.517842620868260217e-01 2.357156660458896991e-01
-1.279496012659692428e-01 2.494442022830574701e-01
-1.028855467986085070e-01 2.607711774197428722e-01
-7.683321302865291080e-02 2.695877885670374119e-01
-5.004320901122779469e-02 2.758093511085807914e-01
-2.277323538586384019e-02 2.793761133336032931e-01
4.714387220499596451e-03 2.802538326253596890e-01
3.215523470994884059e-02 2.784341075925538811e-01
5.928531695244488448e-02 2.739344628455656072e-01
8.584361192984646394e-02 2.667981854676962916e-01
1.115745723761202152e-01 2.570939145925778546e-01
1.362305809424392555e-01 2.449149878498272370e-01
1.595743303807244939e-01 2.303785507599351856e-01
1.813811059274252901e-01 2.136244374247165401e-01
2.014409479752029553e-01 1.948138330495554071e-01
2.195606742359106078e-01 1.741277309275363894e-01
2.355657419134647712e-01 1.517651984931250864e-01
2.493019319078731422e-01 1.279414688956897472e-01
2.606368387488051108e-01 1.028858762328630772e-01
2.694611517929847433e-01 7.683965410385817929e-02
2.756897151971078874e-01 5.005361847865025249e-02
2.792623625236891338e-01 2.278574878517748009e-02
2.801444953233771518e-01 -4.701287387919531741e-03
2.783274211752282956e-01 -3.214265185415371429e-02
2.738284554141555138e-01 -5.927389279125241939e-02
2.666907646207707927e-01 -8.583349294816892960e-02
2.569829609744074816e-01 -1.115653913052796764e-01
2.447984511094004612e-01 -1.362214538755724125e-01
2.302545454837975070e-01 -1.595638697851284593e-01
2.134913365864066215e-01 -1.813674494521040070e-01
1.946703565502480304e-01 -2.014218025891454378e-01
1.739730268861900131e-01 -2.195333748770799953e-01
1.515989150786187512e-01 -2.355273234873184462e-01
1.277638146754659643e-01 -2.492492131548485479e-01
1.026976672391033824e-01 -2.605665162086732156e-01
7.664234608535178128e-02 -2.693699018363493458e-01
4.984932310882250750e-02 -2.755743018763021079e-01
2.257724116056412586e-02 -2.791197425764626039e-01
-4.910584603493336857e-03 -2.799719340104962484e-01
-3.234871225777153497e-02 -2.781226111815155444e-01
-5.947214088679680932e-02 -2.735896232454775867e-01
-8.601887571542367328e-02 -2.664167697288328807e-01
-1.117324656822864526e-01 -2.566733850739891243e-01
-1.363644887793785399e-01 -2.444536752978950511e-01
-1.596769609524699429e-01 -2.298758129691051699e-01
-1.814446450662692556e-01 -2.130807990733322166e-01
-2.014572463623260090e-01 -1.942311005769483678e-01
-2.195214448514395122e-01 -1.735090790747924050e-01
-2.354627647821641856e-01 -1.511152313821867432e-01
-2.491272803180764051e-01 -1.272662488476112019e-01
-2.603831129965976099e-01 -1.021929184089546555e-01
-2.691217154379063614e-01 -7.613788564817156046e-02
-2.752589286178894756e-01 -4.935330156057130685e-02
-2.787358022218804909e-01 -2.209837591978579957e-02
-2.795191699055819545e-01 5.363138938828657977e-03
-2.776019736837198049e-01 3.276550938492616555e-02
-2.730033341222421472e-01 5.984360181079487889e-02
-2.657683655016905289e-01 8.633545877869981677e-02
-2.559677376231567214e-01 1.119848448036698391e-01
-2.436969884191011182e-01 1.365437368532000928e-01
-2.290755939846306766e-01 1.597747351678265315e-01
-2.122458050356232362e-01 1.814533707712554511e-01
-1.933712611046382313e-01 2.013702870380674748e-01
-1.726353959808948624e-01 2.193332739117550001e-01
-1.502396499642983663e-01 2.351691348039363916e-01
-1.264015064147676337e-01 2.487253678432327642e-01
-1.013523718176902316e-01 2.598716449630096292e-01
-7.533532013695187768e-02 2.685010743031319147e-01
-4.860272357233388907e-02 2.745312335328651820e-01
-2.141379296438121124e-02 2.779049639583413001e-01
5.967948013868600542e-03 2.785909176361661133e-01
3.327723747614851069e-02 2.765838560311221217e-01
6.024965273930974613e-02 2.719046823594588602e-01
8.662417570553598845e-02 2.646002232383889430e-01
1.121457390695150269e-01 2.547427650339347815e-01
1.365677067917938914e-01 2.424293361920729084e-01
1.596542709113840941e-01 2.277807480876509749e-01
1.811827411939036236e-01 2.109404039187369739e-01
2.009457051791429805e-01 1.920728874627118943e-01
2.187530374824736279e-01 1.713623456807833456e-01
2.344337387050579313e-01 1.490106811879739757e-01
2.478375860036434730e-01 1.252355724756627764e-01
2.588365792443194646e-01 1.002683414645235138e-01
2.673261686971893369e-01 7.435168946029042936e-02
2.732262523998323922e-01 4.773732386845302988e-02
2.764819336049944010e-01 2.068349908390427344e-02
2.770640311087426699e-01 -6.547504202965375407e-03
2.749693377053754051e-01 -3.369193645893765743e-02
2.702206245102213855e-01 -6.048714835931582462e-02
2.628663914055522910e-01 -8.667414619355846839e-02
2.529803663731082786e-01 -1.120001085481495129e-01
2.406607589538177217e-01 -1.362208396062897509e-01
2.260292754966963524e-01 -1.591031350652696297e-01
2.092299062001767573e-01 -1.804270375719173036e-01
1.904274961865328186e-01 -1.999879597042954205e-01
1.698061149618879384e-01 -2.175986538719782981e-01
1.475672378311870814e-01 -2.330910170724579400e-01
1.239277627218000749e-01 -2.463176905786277071e-01
9.911788435512625117e-02 -2.571534563354133107e-01
7.337883644632900437e-02 -2.654964294870584274e-01
4.696053111443345557e-02 -2.712690138842109855e-01
2.011911763890444557e-02 -2.744186191231012262e-01
-6.885515370542489091e-03 -2.749181325546067867e-01
-3.379226982091244197e-02 -2.727661421288894994e-01
-6.034137517129391226e-02 -2.679869084036751725e-01
-8.627690781638211459e-02 -2.606300865164980496e-01
-1.113492682124387900e-01 -2.507702013788749018e-01
-1.353175916173823268e-01 -2.385058817684894139e-01
-1.579520690314480114e-01 -2.239588613502451753e-01
-1.790361558689718968e-01 -2.072727569252441615e-01
-1.983686470551489500e-01 -1.886116363660919060e-01
-2.157655986116353841e-01 -1.681583907261406940e-01
-2.310620773571187558e-01 -1.461129268898448408e-01
-2.441137220873506319e-01 -1.226901988431363527e-01
-2.547981014953308310e-01 -9.811809717025740674e-02
-2.630158561271800921e-01 -7.263521771237170521e-02
-2.686916138216476901e-01 -4.648853144140364935e-02
-2.717746703295971233e-01 -1.993097849986403061e-02
-2.722394291316896364e-01 6.780989974595844419e-03
-2.700855968439022092e-01 3.338989818775423002e-02
-2.653381329983408587e-01 5.963973594244410814e-02
-2.580469578051454160e-01 8.527843486238380344e-02
-2.482864114006152756e-01 1.100602885909597733e-01
-2.361544822645464392e-01 1.337483036391994007e-01
-2.217718138150248375e-01 1.561164728362183229e-01
-2.052804908242150395e-01 1.769519311508713222e-01
-1.868426217865578332e-01 1.960569789782006522e-01
-1.666387315860636265e-01 2.132509537033476232e-01
-1.448659805987739246e-01 2.283719318981229096e-01
-1.217362279908940914e-01 2.412782462128660044e-01
-9.747395841780696901e-02 2.518498028810752798e-01
-7.231409258065063517e-02 2.599891877380923200e-01
-4.649970314428180512e-02 2.656225507472972369e-01
-2.027965835428257452e-02 2.687002612071091034e-01
6.093783695794753597e-03 2.691973280578377481e-01
3.236740680725624236e-02 2.671135819968996072e-01
5.828947092854300238e-02 2.624736184216645563e-01
8.361212548321383942e-02 2.553265025286632905e-01
1.080937786327675065e-01 2.457452401837358358e-01
1.315013998479087343e-01 2.338260204178548018e-01
1.536127338920711127e-01 2.196872375765392404e-01
1.742184052582572140e-01 2.034683032364875688e-01
1.931238932344778725e-01 1.853282599818261989e-01
2.101513590926892550e-01 1.654442109854741827e-01
2.251413083866579679e-01 1.440095810514988028e-01
2.379540729907007601e-01 1.212322263267850420e-01
2.484711047973977016e-01 9.733240891239081094e-02
2.565960516104168754e-01 7.254066103609269067e-02
2.622556193378160483e-01 4.709556070121653087e-02
2.654002227570095851e-01 2.124143189099287135e-02
2.660044022007800324e-01 -4.774002507087060990e-03
2.640670088620993838e-01 -3.070199366772524002e-02
2.596111577088585087e-01 -5.629514298208658507e-02
2.526839492149725031e-01 -8.130975875487095328e-02
2.433559633077999884e-01 -1.055081710717221122e-01
2.317205310830737219e-01 -1.286609829477965150e-01
2.178927919272817815e-01 -1.505492365571464985e-01
2.020085456941289881e-01 -1.709664742287197170e-01
1.842229114881926977e-01 -1.897206749691314753e-01
1.647088063975467587e-01 -2.066360485236114763e-01
1.436552591718779359e-01 -2.215546704019407398e-01
1.212655753486910487e-01 -2.343379428617569926e-01
9.775537167407552519e-02 -2.448678685416446066e-01
7.335049883451628949e-02 -2.530481252543927417e-01
4.828487250250810409e-02 -2.588049323688662584e-01
2.279823349264896090e-02 -2.620877012089183333e-01
-2.866141579565917395e-03 -2.628694639604404748e-01
-2.846375735149994993e-02 -2.611470776835351226e-01
-5.375122250862432449e-02 -2.569412021561300330e-01
-7.848855637016995124e-02 -2.502960524078306492e-01
-1.024414575393692989e-01 -2.412789289190563347e-01
-1.253835183297270783e-01 -2.299795330185686326e-01
-1.470983500396625399e-01 -2.165090649135932854e-01
-1.673816067919907669e-01 -2.009991237605898706e-01
-1.860429010611166223e-01 -1.836004225664979728e-01
-2.029075784910922275e-01 -1.644813219591099718e-01
-2.178183400680722970e-01 -1.438262005897339157e-01
-2.306366967686311609e-01 -1.218336779236784823e-01
-2.412442434177230477e-01 -9.871470651117392192e-02
-2.495437402203282140e-01 -7.469055200501878433e-02
-2.554599922629655073e-01 -4.999068019150241377e-02
-2.589405191980143073e-01 -2.485057111881187539e-02
-2.599560093067609934e-01 4.905189641780209608e-04
-2.585005541683977337e-01 2.579182671154694323e-02
-2.545916622224961845e-01 5.081336044254792378e-02
-2.482700515829180943e-01 7.531816714094453913e-02
-2.395992245228298068e-01 9.907456643144962882e-02
-2.286648280841219738e-01 1.218583306315476761e-01
-2.155738072516516224e-01 1.434547905282362867e-01
-2.004533590553240208e-01 1.636608472676779336e-01
-1.834496978033677839e-01 1.822868716644734932e-01
-1.647266433918286865e-01 1.991584733271102026e-01
-1.444640462625466082e-01 2.141181232466655704e-01
-1.228560640795910153e-01 2.270266148956251173e-01
-1.001093065492803524e-01 2.377643504188812762e-01
-7.644086600933308606e-02 2.462324401557070830e-01
-5.207625121320834383e-02 2.523536111373140267e-01
-2.724724526845478251e-02 2.560728987141467350e-01
-2.189711345883325888e-03 2.573581278221916402e-01
2.285863930593039217e-02 2.562001905922935419e-01
4.766049349633323662e-02 2.526131006517458033e-01
7.198117534263208384e-02 2.466338297403573021e-01
9.559085764577091027e-02 2.383219284763111179e-01
1.182667246913666620e-01 2.277589351192660372e-01
1.397950662557373436e-01 2.150475781521227758e-01
1.599732832635643309e-01 2.003107804208206222e-01
1.786117863918625093e-01 1.836904744153897984e-01
1.955357699353925394e-01 1.653462400285841405e-01
2.105868444328010125e-01 1.454537777746077176e-01
2.236245128890040346e-01 1.242032319745569047e-01
2.345274769053396213e-01 1.017973798034419869e-01
2.431947606315990329e-01 7.844970333307323129e-02
2.495466421677343394e-01 5.438236278419184000e-02
2.535253838521937531e-01 2.982409011023086712e-02
2.550957547617643817e-01 5.008022765799873162e-03
2.542453406969160667e-01 -1.983050194175461564e-02
2.509846389190392157e-01 -4.445617116426763687e-02
2.453469369231515151e-01 -6.863591857302973887e-02
2.373879765528018326e-01 -9.214112328609998237e-02
2.271854067743478423e-01 -1.147497650096605537e-01
2.148380304069698599e-01 -1.362485151615215329e-01
2.004648559738395341e-01 -1.564347497176259705e-01
1.842039495893891266e-01 -1.751184502688347133e-01
1.662111112500530563e-01 -1.921239820909421137e-01
1.466583929275559472e-01 -2.072917461958481977e-01
1.257324594542949536e-01 -2.204796744594668678e-01
1.036328126947188566e-01 -2.315645582997772345e-01
8.056989579927290035e-02 -2.404431984805928679e-01
5.676309545984384308e-02 -2.470333653012457831e-01
3.243866104019137858e-02 -2.512745602177702264e-01
7.827560232498044154e-03 -2.531285718110220517e-01
-1.683670851584501832e-02 -2.525798209537359895e-01
-4.132032615775669410e-02 -2.496354920136717170e-01
-6.539136492791890187e-02 -2.443254489454085299e-01
-8.882198108077350718e-02 -2.367019371498098601e-01
-1.113905677988226012e-01 -2.268390739989651905e-01
-1.328838479633678848e-01 -2.148321329164872562e-01
-1.530988870493822096e-01 -2.007966278492918089e-01
-1.718450071618861930e-01 -1.848672068493117937e-01
-1.889455841660514501e-01 -1.671963652843954373e-01
-2.042397109686224232e-01 -1.479529908994699217e-01
-2.175837112738671919e-01 -1.273207545360850179e-01
-2.288524895511712953e-01 -1.054963617756579514e-01
-2.379407045005654253e-01 -8.268768208481384885e-02
-2.447637549721706218e-01 -5.911177319815451303e-02
-2.492585690702262824e-01 -3.499281946334558552e-02
-2.513841969750863492e-01 -1.056000218713441796e-02
-2.511221773118040290e-01 1.395467658186047739e-02
-2.484766909467592544e-01 3.831859090088519243e-02
-2.434745165057697336e-01 6.230069572310435733e-02
-2.361647637305750724e-01 8.567371586077686396e-02
-2.266183953626096648e-01 1.082162982313556038e-01
-2.149275421485794813e-01 1.297151070048913613e-01
-2.012046175228688338e-01 1.499668418145980453e-01
-1.855812404203872890e-01 1.687801599240959793e-01
-1.682069764922051736e-01 1.859774841580925098e-01
-1.492479097174966296e-01 2.013966794894030965e-01
-1.288850580131100654e-01 2.148925824237029880e-01
-1.073126479203870692e-01 2.263383687229834074e-01
-8.473626478405041351e-02 2.356267465455692545e-01
-6.137089601743925260e-02 2.426709637403784703e-01
-3.743888606016392701e-02 2.474056198003067586e-01
-1.316782246912834471e-02 2.497872748368236695e-01
1.121162676616720144e-02 2.497948498676412221e-01
3.546790413429974642e-02 2.474298146934581777e-01
5.937076092569086583e-02 2.427161616590729765e-01
8.269344209159720793e-02 2.357001656295117653e-01
1.052148368940669515e-01 2.264499325438349420e-01
1.267215749339531961e-01 2.150547409183575787e-01
1.470100476696507841e-01 2.016241826382105529e-01
1.658883362541626605e-01 1.862871112826573194e-01
1.831780361117597289e-01 1.691904124671705367e-01
1.987159365511887432e-01 1.504975910190297639e-01
2.123555519746017917e-01 1.303872063314207574e-01
2.239685112984248494e-01 1.090511746029611401e-01
2.334457670301011978e-01 8.669293897257324133e-02
2.406986202000476749e-01 6.352553110685781046e-02
2.456595514966508353e-01 3.976954270972677535e-02
2.482828507995619716e-01 1.565102627243909750e-02
2.485450392273413078e-01 -8.600654953707660699e-03
2.464450797915938574e-01 -3.275500730629486018e-02
2.420043747619300134e-01 -5.658259664825082691e-02
2.352665498755827922e-01 -7.985722707669111464e-02
2.262970275524170127e-01 -1.023580877065447259e-01
2.151823932813070051e-01 -1.238718471457895126e-01
2.020295613085758002e-01 -1.441946757873310281e-01
1.869647476641253248e-01 -1.631341767400305565e-01
1.701322603881268436e-01 -1.805112071007596575e-01
1.516931185534143856e-01 -1.961615723222612795e-01
1.318235132996640191e-01 -2.099375776480475464e-01
1.107131255894438920e-01 -2.217094219536953903e-01
8.856331674926877506e-02 -2.313664208406162048e-01
6.558520905828921221e-02 -2.388180474591471980e-01
4.199767468150396310e-02 -2.439947812771072200e-01
1.802525210399454417e-02 -2.468487568410588362e-01
-6.103990100483646687e-03 -2.473542064830158149e-01
-3.016062740641271486e-02 -2.455077027503259901e-01
-5.391605809268732591e-02 -2.413281662609609579e-01
-7.714466630350420850e-02 -2.348566643164619328e-01
-9.962596695588860074e-02 -2.261560195625986480e-01
-1.211466973618958720e-01 -2.153102014659890318e-01
-1.415028391301073885e-01 -2.024235173076082417e-01
-1.605015511915663107e-01 -1.876196104876785842e-01
-1.779629956511110112e-01 -1.710402757601270918e-01
-1.937220391935944031e-01 -1.528441027457859702e-01
-2.076298139661325315e-01 -1.332049606956339227e-01
-2.195551232006603681e-01 -1.123103389731361923e-01
-2.293856783230593666e-01 -9.035955908463715047e-02
-2.370291559015386962e-01 -6.756187529510677969e-02
-2.424140645025238960e-01 -4.413448191266729909e-02
-2.454904133309287473e-01 -2.030044619953364285e-02
-2.462301764158194017e-01 3.713413439331925917e-03
-2.446275480442663963e-01 2.767868383141649027e-02
-2.406989871272867398e-01 5.136752750123051159e-02
-2.344830501835961922e-01 7.455484662783999628e-02
-2.260400146302468105e-01 9.702041997206628521e-02
-2.154512960552816547e-01 1.185509925173970636e-01
-2.028186650976325778e-01 1.389422980273629371e-01
-1.882632714550608044e-01 1.580009953680193979e-01
-1.719244843642418197e-01 1.755465002707632671e-01
-1.539585606309742949e-01 1.914126952102538914e-01
-1.345371533586775803e-01 2.054495137321847575e-01
-1.138456689243414754e-01 2.175243467305466305e-01
-9.208150217515277680e-02 2.275232814306759610e-01
-6.945215944232906169e-02 2.353521881052808018e-01
-4.617328323975455895e-02 2.409376064805372475e-01
-2.246660045126381774e-02 2.442274356286264214e-01
1.442186514134942118e-03 2.451914208726187483e-01
2.532554558659886462e-02 2.438214331532677082e-01
4.895627756262852653e-02 2.401315382730677406e-01
7.210967478651465756e-02 2.341578554225927089e-01
9.456565551932830105e-02 2.259582063887822512e-01
1.161108537638582683e-01 2.156115588261634242e-01
1.365406447401013856e-01 2.032172689205324900e-01
1.556610868190100305e-01 1.888941306724725433e-01
1.732907615165333315e-01 1.727792408576219185e-01
1.892624941179280873e-01 1.550266904641447452e-01
2.034249386347198874e-01 1.358060950491552510e-01
2.156440120828956586e-01 1.153009779796930617e-01
2.258041644989498553e-01 9.370702191576746332e-02
2.338094726667602485e-01 7.123020513977743051e-02
2.395845471982904484e-01 4.808484042654241619e-02
2.430752443791073525e-01 2.449153507114978576e-02
2.442491760390935462e-01 6.750914387805600136e-04
2.430960126220197970e-01 -2.313763203518632780e-02
2.396275765869059771e-01 -4.671987909077514323e-02
2.338777323565230104e-01 -6.984716370752701298e-02
2.259020477004633209e-01 -9.229939704618744800e-02
2.157772556760608751e-01 -1.138629670861885101e-01
2.036005299947952207e-01 -1.343327792464156234e-01
1.894885568349581884e-01 -1.535142065478582452e-01
1.735764211653291478e-01 -1.712249401252857461e-01
1.560163181447965786e-01 -1.872967225008144165e-01
1.369761018248034645e-01 -2.015769471401139823e-01
1.166376849285887529e-01 -2.139301090761369373e-01
9.519530489867440715e-02 -2.242390927942086443e-01
7.285367267840345273e-02 -2.324062851128210205e-01
4.982602181239522560e-02 -2.383545024524204581e-01
2.633207640367894384e-02 -2.420277236436499668e-01
2.595957242928054708e-03 -2.433916212706414561e-01
-2.115595397983431949e-02 -2.424338864569373642e-01
-4.469717206425774525e-02 -2.391643439630379286e-01
-6.780326675886091947e-02 -2.336148564569435482e-01
-9.025400174079172000e-02 -2.258390188237604235e-01
-1.118354337427259343e-01 -2.159116453784598322e-01
-1.323419518235346981e-01 -2.039280548180923136e-01
-1.515782373398505689e-01 -1.900031596774603981e-01
-1.693611259215075937e-01 -1.742703689171592185e-01
-1.855213536782991945e-01 -1.568803140570848298e-01
-1.999051709598326232e-01 -1.379994109550994608e-01
-2.123758082443925888e-01 -1.178082709030375819e-01
-2.228147920624889700e-01 -9.649997029605901500e-02
-2.311230598328527786e-01 -7.427820792931774663e-02
-2.372218926789923521e-01 -5.135536891377365243e-02
-2.410536786593643621e-01 -2.795049345155793674e-02
-2.425824616488481134e-01 -4.287185105430691735e-03
-2.417942834713027178e-01 1.940852471309062119e-02
-2.386973159544305556e-01 4.291033565144163064e-02
-2.333217815836312881e-01 6.599384009944246621e-02
-2.257196634514357925e-01 8.843866699033467449e-02
-2.159642072142403391e-01 1.100305872208728886e-01
-2.041492197590838720e-01 1.305635605478138728e-01
-1.903881712310409313e-01 1.498417043674687699e-01
-1.748131089575102326e-01 1.676811655222116559e-01
-1.575733936111382294e-01 1.839118771963751398e-01
-1.388342696610809779e-01 1.983791840553842389e-01
-1.187752837562447844e-01 2.109453200358140934e-01
-9.758856614827345066e-02 2.214907245984264195e-01
-7.547699158252660356e-02 2.299151847980228647e-01
-5.265223724914431386e-02 2.361387921884842978e-01
-2.933275638188473020e-02 2.401027053527142741e-01
-5.741686910170654308e-03 2.417697107083997543e-01
1.789528479844529341e-02 2.411245761737194349e-01
4.135208462877731916e-02 2.381741942638446741e-01
6.440441512203583241e-02 2.329475132102830359e-01
8.683190283058109249e-02 2.254952567309593259e-01
1.084202211847895558e-01 2.158894365654615843e-01
1.289631293923441391e-01 2.042226524014397748e-01
1.482644319708891489e-01 1.906072029831777370e-01
1.661398689505133863e-01 1.751740114120976244e-01
1.824188789506711594e-01 1.580713677430759523e-01
1.969462307641831333e-01 1.394635051202744724e-01
2.095835077701292126e-01 1.195290231186963009e-01
2.202104309105564484e-01 9.845917343116072917e-02
2.287260075171998197e-01 7.645602436855385153e-02
2.350494949491433727e-01 5.373052181100410052e-02
2.391211697843994566e-01 3.050046524741197723e-02
2.409028951805075869e-01 6.988418360556416901e-03
2.403784809631754615e-01 -1.658042575278362990e-02
2.375538329987836594e-01 -3.998040419911078752e-02
2.324568904371883682e-01 -6.298754797561256780e-02
2.251373514560083555e-01 -8.538172892133225056e-02
2.156661901761537659e-01 -1.069487692879276669e-01
2.041349694313970287e-01 -1.274824936476611770e-01
1.906549560427542311e-01 -1.467867034143664484e-01
1.753560471518398056e-01 -1.646770550021233459e-01
1.583855179878992658e-01 -1.809828235789088247e-01
1.399066031631027440e-01 -1.955485354794212760e-01
1.200969251932504367e-01 -2.082354536119985777e-01
9.914678541091412334e-02 -2.189229016167270336e-01
7.725733376043372735e-02 -2.275094140912447827e-01
5.463862478069995282e-02 -2.339137104706955350e-01
3.150760599568057374e-02 -2.380754529583925250e-01
8.086047302024855499e-03 -2.399558091757486022e-01
-1.540159631223775479e-02 -2.395378257745070516e-01
-3.873033858225031351e-02 -2.368265812512573565e-01
-6.167681988849973984e-02 -2.318491271472347404e-01
-8.402144852963185084e-02 -2.246542183035684925e-01
-1.055505047609940628e-01 -2.153118348754355094e-01
-1.260581873848627410e-01 -2.039125008144421769e-01
-1.453485832444339487e-01 -1.905664054876451685e-01
-1.632375407295037217e-01 -1.754023369948022881e-01
-1.795544293398154967e-01 -1.585664375541269155e-01
-1.941437684628090354e-01 -1.402207930339843256e-01
-2.068667097949306588e-01 -1.205418702967774175e-01
-2.176023592575109522e-01 -9.971881747654139094e-02
-2.262489258155742644e-01 -7.795164361979810275e-02
-2.327246862851075071e-01 -5.544929526706580264e-02
-2.369687569951972606e-01 -3.242764852940985959e-02
-2.389416650388040131e-01 -9.107436011300047707e-03
-2.386257137811969298e-01 1.428787145987015471e-02
-2.360251392795788272e-01 3.753420792142049545e-02
-2.311660562816593434e-01 6.040905958515778440e-02
-2.240961944956077478e-01 8.269359575423892994e-02
-2.148844278395102281e-01 1.041747629108439599e-01
-2.036201013650156266e-01 1.246473219136259858e-01
-1.904121581374924599e-01 1.439158222724443159e-01
-1.753880818717602208e-01 1.617964522703483066e-01
-1.586926719358809079e-01 1.781187779632749935e-01
-1.404866445118158336e-01 1.927273804968736570e-01
-1.209450837750360164e-01 2.054833343793836531e-01
-1.002557566639899339e-01 2.162655267144661941e-01
-7.861730750748870122e-02 2.249718049040799472e-01
-5.623734991049077203e-02 2.315199419902112810e-01
-3.333047426264754837e-02 2.358484105642403850e-01
-1.011619002038036119e-02 2.379169580171338061e-01
1.318317748527285220e-02 2.377069778145088352e-01
3.634461555162644963e-02 2.352216734392132691e-01
5.914655753718956605e-02 2.304860136318822861e-01
8.137100082116423272e-02 2.235464795575017038e-01
1.028055890594092858e-01 2.144706065143190676e-01
1.232456388729192553e-01 2.033463247618596537e-01
1.424960916601453187e-01 1.902811059580199193e-01
1.603733719632601529e-01 1.754009235433776071e-01
1.767071347334545350e-01 1.588490371765833575e-01
1.913418849221719120e-01 1.407846129909967048e-01
2.041384540633402467e-01 1.213811929941180645e-01
2.149753198936366072e-01 1.008250283532007713e-01
2.237497565705444946e-01 7.931329258972739937e-02
2.303788046769685016e-01 5.705219183012943257e-02
2.348000519298869826e-01 3.425499021994080073e-02
2.369722203201411193e-01 1.113995449883435108e-02
2.368755387106462051e-01 -1.207171918047473397e-02
2.345119197502897879e-01 -3.515800164788947246e-02
2.299049361851037976e-01 -5.789816440911870615e-02
2.230995846272286198e-01 -8.007488573553678268e-02
2.141618452748014767e-01 -1.014763229819980045e-01
2.031780419298314100e-01 -1.218981314425185009e-01
1.902540085522590463e-01 -1.411454105813084725e-01
1.755140704178959066e-01 -1.590345591845800655e-01
1.590998496988784705e-01 -1.753950218601950939e-01
1.411689069410083652e-01 -1.900709103589454385e-01
1.218932314574464187e-01 -2.029224843926589472e-01
1.014575950785982089e-01 -2.138274779691780869e-01
8.005778498050215852e-02 -2.226822587393111619e-01
5.789873244655015239e-02 -2.294028094422379260e-01
3.519255538974216252e-02 -2.339255222287295322e-01
1.215653326598723806e-02 -2.362077984193617086e-01
-1.098896636409447437e-02 -2.362284481010719084e-01
-3.402258992256410042e-02 -2.339878858627841562e-01
-5.672410858950657081e-02 -2.295081209012088119e-01
-7.887651773436803182e-02 -2.228325416733989428e-01
-1.002681050889589615e-01 -2.140254972147214718e-01
-1.206944680527165248e-01 -2.031716791619193052e-01
-1.399604610103107050e-01 -1.903753104027725296e-01
-1.578820542101837254e-01 -1.757591480987251709e-01
-1.742880962180339000e-01 -1.594632976706646943e-01
-1.890219285777020863e-01 -1.416438835382244077e-01
-2.019428703174583062e-01 -1.224715753090771797e-01
-2.129275703156462973e-01 -1.021299490720640329e-01
-2.218711826525935071e-01 -8.081373646778305941e-02
-2.286883659365036847e-01 -5.872696764273578618e-02
-2.333140971203129799e-01 -3.608102569256599335e-02
-2.357042920776589168e-01 -1.309263103669455752e-02
-2.358362270298565988e-01 1.001822516945155388e-02
-2.337087567954161116e-01 3.303037899381874171e-02
-2.293423277514785308e-01 5.572360316723266871e-02
-2.227787853346398506e-01 7.788070799743769534e-02
-2.140809778492308857e-01 9.928961382589074347e-02
-2.033321602760337909e-01 1.197453753564392681e-01
-1.906352036654453408e-01 1.390521386308464502e-01
-1.761116175389763616e-01 1.570250120529939064e-01
-1.599003944942696542e-01 1.734918336655135451e-01
-1.421566878950036861e-01 1.882948178522415583e-01
-1.230503351123414801e-01 2.012920657687288228e-01
-1.027642402540598215e-01 2.123589250803532280e-01
-8.149263165721053193e-02 2.213891860018384339e-01
-5.943921061767938607e-02 2.282961021697470783e-01
-3.681520887391818986e-02 2.330132265271990799e-01
-1.383737324201264607e-02 2.354950541423506682e-01
9.274103492677864338e-03 2.357174657023624054e-01
3.229769966409869186e-02 2.336779587388609358e-01
5.501266409525266271e-02 2.293956837584407993e-01
7.720111418489659927e-02 2.229112840291792019e-01
9.865013678391200413e-02 2.142865123950190021e-01
1.191538277857872724e-01 2.036036515991558604e-01
1.385152663156528074e-01 1.909647380907620318e-01
1.565484046362758119e-01 1.764905965069978322e-01
1.730798556637448415e-01 1.603196938311731157e-01
1.879505609325218818e-01 1.426068239552121808e-01
2.010173229609585333e-01 1.235216350036240085e-01
2.121541872340769463e-01 1.032470132913533428e-01
2.212536604288035946e-01 8.197733917470750864e-02
2.282277530452809788e-01 5.991663129945495186e-02
2.330088362621612341e-01 3.727659684109053267e-02
2.355503045882056945e-01 1.427460625823485235e-02
2.358270377212272895e-01 -8.868388167958802734e-03
2.338356569309956723e-01 -3.192997016537522936e-02
2.295945732372477455e-01 -5.468839344783579803e-02
2.231438266392063163e-01 -7.692471142113438409e-02
2.145447176501158182e-01 -9.842488220568852697e-02
2.038792343801843210e-01 -1.189818287620189874e-01
1.912492803750848180e-01 -1.383974342972791316e-01
1.767757103362549986e-01 -1.564844537138147529e-01
1.605971827046715761e-01 -1.730683226293969479e-01
1.428688398640731438e-01 -1.879888464458901454e-01
1.237608134341496441e-01 -2.011017494970998298e-01
1.034566155021645895e-01 -2.122800731624468196e-01
8.215139799937390408e-02 -2.214154195001888092e-01
6.005006710863513425e-02 -2.284190101539629036e-01
3.736531698395343520e-02 -2.332225576634645858e-01
1.431558621368572704e-02 -2.357789402816938551e-01
-8.877043387915225375e-03 -2.360626734960929729e-01
-3.198898548055006952e-02 -2.340701733983287236e-01
-5.479730480632553913e-02 -2.298198090470302268e-01
-7.708186891941869179e-02 -2.233517430002249782e-01
-9.862747524544826505e-02 -2.147275612400225131e-01
-1.192259328760932324e-01 -2.040296957515044807e-01
-1.386780789017103832e-01 -1.913606450310171569e-01
-1.567957096790379978e-01 -1.768419997664341381e-01
-1.734034082169150781e-01 -1.606132828339033036e-01
-1.883402498336759767e-01 -1.428306145737777699e-01
-2.014613693866259547e-01 -1.236652160245512444e-01
-2.126393746859003842e-01 -1.033017643908896582e-01
-2.217655921701367494e-01 -8.193661648402644770e-02
-2.287511325258099748e-01 -5.977591718534177451e-02
-2.335277656604309304e-01 -3.703361113320014636e-02
-2.360485962754961531e-01 -1.392937680787556358e-02
-2.362885332108752845e-01 9.313497020836109322e-03
-2.342445477292017797e-01 3.247027192257082029e-02
-2.299357179575390875e-01 5.531693655431140638e-02
-2.234030456528588171e-01 7.763237876990343456e-02
-2.147090863380264059e-01 9.920052481598501393e-02
-2.039373708549549469e-01 1.198124406527896341e-01
-1.911915954409792173e-01 1.392683664908127006e-01
-1.765946278744127684e-01 1.573796606162397305e-01
-1.602873263923714486e-01 1.739706367243696039e-01
-1.424271826919246697e-01 1.888802767295833795e-01
-1.231868020634117600e-01 2.019638022134547795e-01
-1.027522353175154557e-01 2.130940890334931392e-01
-8.132117863893771614e-02 2.221629111305578885e-01
-5.910105881454398580e-02 2.290820012286755580e-01
-3.630702242922759226e-02 2.337839179006641621e-01
-1.315984858669114015e-02 2.362227103593549371e-01
1.011619451547347143e-02 2.363743743087588500e-01
3.329552825402540273e-02 2.342370942323146465e-01
5.615345622166805634e-02 2.298312695868114097e-01
7.846834941412744735e-02 2.231993244896370299e-01
1.000238025880899467e-01 2.144053026128522887e-01
1.206107406799671461e-01 2.035342511089814066e-01
1.400294546489768699e-01 1.906913994694423575e-01
1.580915467859827783e-01 1.760011412360532601e-01
1.746217664052343022e-01 1.596058284294190333e-01
1.894597179015392596e-01 1.416643904056177350e-01
2.024614243998656693e-01 1.223507905854683830e-01
2.135007316355879148e-01 1.018523361020665235e-01
2.224705288334212216e-01 8.036785475170198090e-02
2.292838023184264051e-01 5.810576776428703905e-02
2.338744950091609653e-01 3.528206204309085325e-02
2.361981420028711753e-01 1.211818403860807393e-02
2.362323042959572073e-01 -1.116111567714967757e-02
2.339767875545834541e-01 -3.432997020413430106e-02
2.294536437811692531e-01 -5.716359504927887719e-02
2.227069558586441678e-01 -7.944047626850971044e-02
2.138024070906882068e-01 -1.009445265861281665e-01
2.028266399712239099e-01 -1.214671883788200624e-01
1.898864104893787930e-01 -1.408094629374231632e-01
1.751075462861657051e-01 -1.587838461490271025e-01
1.586337189063238007e-01 -1.752161516677987751e-01
1.406250422133655531e-01 -1.899472037559213899e-01
1.212565107403001941e-01 -2.028343832642534039e-01
1.007162933159878870e-01 -2.137530116733888375e-01
7.920389872162637845e-02 -2.225975597150110508e-01
5.692823138004096672e-02 -2.292826688246896449e-01
3.410555614966796073e-02 -2.337439755232532390e-01
1.095739217497376967e-02 -2.359387307662415834e-01
-1.229164357301046860e-02 -2.358462083196702919e-01
-3.541602195453660840e-02 -2.334678982958400817e-01
-5.819149513693044201e-02 -2.288274840944689859e-01
-8.039727645030667058e-02 -2.219706031204888574e-01
-1.018181853389133890e-01 -2.129643937697965339e-01
-1.222467312024866082e-01 -2.018968320083714962e-01
-1.414851315585858305e-01 -1.888758705240136948e-01
-1.593472351882072591e-01 -1.740283799454818980e-01
-1.756603199048173969e-01 -1.574989041629101805e-01
-1.902667633975674288e-01 -1.394482469989217210e-01
-2.030255660017878105e-01 -1.200519016911449216e-01
-2.138137106964310419e-01 -9.949833864631760227e-02
-2.225273472384690365e-01 -7.798716829072206702e-02
-2.290827890800121724e-01 -5.572719703864502383e-02
-2.334173135575048907e-01 -3.293439541881726385e-02
-2.354897577757723015e-01 -9.829798228559630258e-03
-2.352809046134031745e-01 1.336264278091708023e-02
-2.327936553303490141e-01 3.641823275270211768e-02
-2.280529873427807330e-01 5.911371294458953041e-02
-2.211056978239085147e-01 8.122942414109547704e-02
-2.120199358725519956e-01 1.025514332638323978e-01
-2.008845280428197821e-01 1.228736025787462299e-01
-1.878081040287595260e-01 1.419995814902013098e-01
-1.729180312277159293e-01 1.597447016968660261e-01
-1.563591687467743852e-01 1.759377574547405232e-01
-1.382924531502240373e-01 1.904226538378181732e-01
-1.188933298563571023e-01 2.030599071956431245e-01
-9.835004556370165185e-02 2.137279834661793276e-01
-7.686181840571366941e-02 2.223244615969207638e-01
-5.463690368709538808e-02 2.287670110414321278e-01
-3.189057596294315317e-02 2.329941757882318387e-01
-8.843040047163620160e-03 2.349659536855456810e-01
1.428270206442889927e-02 2.346641658401279473e-01
3.726300534386750574e-02 2.320926185572801115e-01
5.987574246460482946e-02 2.272770518212325896e-01
8.190244792685265340e-02 2.202648761443231074e-01
1.031304249283075125e-01 2.111247005843163160e-01
1.233547947277357087e-01 1.999456567339936708e-01
1.423804688362426130e-01 1.868365254408726195e-01
1.600240251453683704e-01 1.719246748994421314e-01
1.761154700550671137e-01 1.553548205556414541e-01
1.904998697879795588e-01 1.372876189566172855e-01
2.030388353583093275e-01 1.178981092523301161e-01
2.136118470909858513e-01 9.737401749398237605e-02
2.221174061454340432e-01 7.591394016529388888e-02
2.284740021735848503e-01 5.372542451434014071e-02
2.326208880171215521e-01 3.102296421526797368e-02
2.345186542073929292e-01 8.025929672438505275e-03
2.341495979550821949e-01 -1.504354712261211056e-02
2.315178832872488990e-01 -3.796271286395547229e-02
2.266494909876228814e-01 -6.051033780279406471e-02
2.195919590037031799e-01 -8.246884466866351293e-02
2.104139159822686900e-01 -1.036264012683010688e-01
1.992044125639791941e-01 -1.237789567600542928e-01
1.860720569897412469e-01 -1.427322021606091951e-01
1.711439634768451568e-01 -1.603034420237395841e-01
1.545645203790870226e-01 -1.763233428371521749e-01
1.364939976749774408e-01 -1.906375511602318717e-01
1.171070027739465474e-01 -2.031081793286009518e-01
9.659079800684133854e-02 -2.136151274133158973e-01
7.514349730866637378e-02 -2.220572341979912823e-01
5.297215936905596417e-02 -2.283532462547911979e-01
3.029079549902116003e-02 -2.324425959346876069e-01
7.318311262720335157e-03 -2.342859809067014687e-01
-1.572359845649370230e-02 -2.338657397683256423e-01
-3.861258085205045154e-02 -2.311860201873503495e-01
-6.112776270342393237e-02 -2.262727380055853665e-01
-8.305187359675188230e-02 -2.191733277194255203e-01
-1.041733345939181155e-01 -2.099562867314648251e-01
-1.242882924164860348e-01 -1.987105177238861209e-01
-1.432025797278735080e-01 -1.855444754200745450e-01
-1.607335827970460540e-01 -1.705851258573851392e-01
-1.767119987030352224e-01 -1.539767280742812827e-01
-1.909834652837946734e-01 -1.358794498025382991e-01
-2.034100482356662187e-01 -1.164678303338513715e-01
-2.138715711193576452e-01 -9.592910518579841894e-02
-2.222667755131348954e-01 -7.446140851069391053e-02
-2.285143001600414558e-01 -5.227187036015908811e-02
-2.325534696679318336e-01 -2.957462692710936467e-02
-2.343448851234496144e-01 -6.588762725765493454e-03
-2.338708104963098111e-01 1.646380519200859802e-02
-2.311353473440310169e-01 3.936045235214569171e-02
-2.261644072075226775e-01 6.187997849764632213e-02
-2.190054739028924891e-01 8.380474678050053861e-02
-2.097271567385909641e-01 1.049227809236268905e-01
-1.984185405446626249e-01 1.250298094432277241e-01
-1.851883385423244710e-01 1.439312373170699710e-01
-1.701638559679597706e-01 1.614440261496588314e-01
-1.534897741799527149e-01 1.773984647309740925e-01
-1.353267667028836829e-01 1.916398129042040099e-01
-1.158499602842487514e-01 2.040298028408435438e-01
-9.524725553909567377e-02 2.144479831576649176e-01
-7.371752312309318156e-02 2.227928927876621779e-01
-5.146869259094612181e-02 2.289830531219209098e-01
-2.871575215364841061e-02 2.329577686571409900e-01
-5.678678433893391206e-03 2.346777281988517150e-01
1.741968397524566725e-02 2.341254005658296999e-01
4.035577282437166624e-02 2.313052206992877446e-01
6.290746774445626910e-02 2.262435640827702432e-01
8.485623822653212689e-02 2.189885094062176962e-01
1.059892593331231009e-01 2.096093914415883830e-01
1.261014746974260248e-01 1.981961481182283047e-01
1.449975868304581861e-01 1.848584677746307747e-01
1.624939554133144892e-01 1.697247444998657151e-01
1.784203850960918991e-01 1.529408513442196138e-01
1.926217855443609628e-01 1.346687304417917841e-01
2.049596808514611845e-01 1.150848506006244276e-01
2.153135690000249625e-01 9.437852436803152723e-02
2.235821093044017549e-01 7.275007241535434710e-02
2.296841226202058217e-01 5.040889092093390339e-02
2.335593972824256959e-01 2.757142849909274829e-02
2.351692926173871434e-01 4.459092141723696584e-03
2.344971338186548071e-01 -1.870389762601546574e-02
2.315483939881786135e-01 -4.169268163303185143e-02
2.263506612029218545e-01 -6.428394590810061759e-02
2.189533905533941061e-01 -8.625809326233833951e-02
2.094274431941409720e-01 -1.074013814554140855e-01
1.978644165268384492e-01 -1.275080070682813593e-01
1.843757716831993798e-01 -1.463821146855265043e-01
1.690917664681131638e-01 -1.638397116714211954e-01
1.521602038433378101e-01 -1.797104697002759044e-01
1.337450078589333125e-01 -1.938393952657002095e-01
1.140246406554966119e-01 -2.060883526349733263e-01
9.319037574751960762e-02 -2.163374241226278527e-01
7.144444424063514654e-02 -2.244860941180247815e-01
4.899807191896383973e-02 -2.304542450006838994e-01
2.606942624888318114e-02 -2.341829548982468923e-01
2.881493270920800279e-03 -2.356350891675554615e-01
-2.034009491738741210e-02 -2.347956794902935629e-01
-4.336926085613054122e-02 -2.316720865515840000e-01
-6.598169009883513014e-02 -2.262939300883831384e-01
-8.795701565897660890e-02 -2.187128289644794110e-01
-1.090809760877697182e-01 -2.090019281821512420e-01
-1.291475180288404467e-01 -1.972551847130303571e-01
-1.479608160615210055e-01 -1.835864622762019560e-01
-1.653371940588876099e-01 -1.681284301184055308e-01
-1.811069290266749676e-01 -1.510312763969779981e-01
-1.951159195206935981e-01 -1.324612486182709381e-01
-2.072272020526232106e-01 -1.125990353165418206e-01
-2.173223003748153970e-01 -9.163800475306174698e-02
-2.253023941692120780e-01 -6.978231785533511866e-02
-2.310892954378260811e-01 -4.724493388751858924e-02
-2.346262227849575666e-01 -2.424552843175538375e-02
-2.358783657750991025e-01 -1.008344154780871057e-03
-2.348332336259957021e-01 2.224000447419004559e-02
-2.315007846328305252e-01 4.527275086761679140e-02
-2.259133348950685127e-01 6.786519849494640488e-02
-2.181252471103364010e-01 8.979692359301176541e-02
-2.082124023875235597e-01 1.108539366304644030e-01
-1.962714601918173207e-01 1.308307811385863717e-01
-1.824189136464029193e-01 1.495325491292292530e-01
-1.667899494566644769e-01 1.667767931384653290e-01
-1.495371236723585240e-01 1.823953159535540158e-01
-1.308288663417011832e-01 1.962358202904002646e-01
-1.108478298198177642e-01 2.081634020770287419e-01
-8.978909531149646683e-02 2.180618575628724132e-01
-6.785826763556239427e-02 2.258348354801523461e-01
-4.526945606621056439e-02 2.314067965824920803e-01
-2.224316805962388635e-02 2.347237369794916428e-01
9.958545861037020400e-04 2.357537134456471062e-01
2.422084073198593063e-02 2.344871513973419974e-01
4.720521422368659237e-02 2.309369325562063147e-01
6.972481552115519787e-02 2.251382615138783072e-01
9.156009864932157516e-02 2.171483126167930156e-01
1.124982817453201445e-01 2.070456607778753122e-01
1.323354299544998169e-01 1.949295019720699851e-01
1.508784501174487980e-01 1.809186712630905525e-01
1.679469775861875958e-01 1.651504682182786954e-01
1.833751365999852223e-01 1.477793014764673674e-01
1.970131569286916462e-01 1.289751660216208184e-01
2.087288309410209319e-01 1.089219683644018916e-01
2.184087968616386655e-01 8.781571632781301484e-02
2.259596357274696599e-01 6.586259145740651355e-02
2.313087714223414915e-01 4.327692321780993168e-02
2.344051651405595627e-01 2.027908508476898228e-02
2.352197976848075245e-01 -2.906666613776768150e-03
2.337459351201247038e-01 -2.605438972040157938e-02
2.299991754621639461e-01 -4.893866742892705179e-02
2.240172762526971006e-01 -7.133681181619856704e-02
2.158597650464308126e-01 -9.303103803467686894e-02
2.056073348686574265e-01 -1.138105729801323907e-01
1.933610441705659322e-01 -1.334737214689019624e-01
1.792413080093818722e-01 -1.518298436536161811e-01
1.633866966665349640e-01 -1.687011908023234585e-01
1.459525635953809464e-01 -1.839246263067791098e-01
1.271095111312978143e-01 -1.973532012893078613e-01
1.070417093277726550e-01 -2.088575696205813848e-01
8.594508469083962654e-02 -2.183272287813642909e-01
6.402539682211302874e-02 -2.256715747510082970e-01
4.149622203610269650e-02 -2.308207609664838789e-01
1.857686388051759188e-02 -2.337263533484955358e-01
-4.509788848695095789e-03 -2.343617754161173572e-01
-2.753943554830150936e-02 -2.327225395878343983e-01
-5.028854740712477428e-02 -2.288262628738027271e-01
-7.253653982825161717e-02 -2.227124672809935868e-01
-9.406791251066164150e-02 -2.144421673584797905e-01
-1.146743364062114412e-01 -2.040972493832249601e-01
-1.341566673493644890e-01 -1.917796487076360579e-01
-1.523268669339133963e-01 -1.776103337388521275e-01
-1.690098121742268644e-01 -1.617281068779179432e-01
-1.840449766285970068e-01 -1.442882344968179908e-01
-1.972879669663964997e-01 -1.254609196557465167e-01
-2.086119004151942014e-01 -1.054296327471484218e-01
-2.179086101138176246e-01 -8.438931658356337018e-02
-2.250896671063502830e-01 -6.254448361087747155e-02
-2.300872072699269855e-01 -4.010723792992683390e-02
-2.328545689434406152e-01 -1.729520008801757255e-02
-2.333667146431610551e-01 5.670620271854867958e-03
-2.316204385459701698e-01 2.856795172834315083e-02
-2.276343681963524657e-01 5.117540993912308295e-02
-2.214487555804287022e-01 7.327463412440263224e-02
-2.131250600781345317e-01 9.465239063371572170e-02
-2.027453277954088529e-01 1.151026234346804317e-01
-1.904113737173479537e-01 1.344284319352184454e-01
-1.762437749927659447e-01 1.524439573084350463e-01
-1.603806854426673423e-01 1.689761594235288100e-01
-1.429764830635102957e-01 1.838664675868341980e-01
-1.242002638558272615e-01 1.969722895529943674e-01
-1.042341967352443666e-01 2.081683646645187402e-01
-8.327175556395874367e-02 2.173479485048755988e-01
-6.151584546477106147e-02 2.244238180906413249e-01
-3.917684153687735898e-02 2.293290883657543577e-01
-1.647055887524598652e-02 2.320178325791854845e-01
6.383826603108580001e-03 2.324655010086433549e-01
2.916588660657606219e-02 2.306691344196522830e-01
5.165605804385225985e-02 2.266473706034879132e-01
7.363774954314317167e-02 2.204402443001679812e-01
9.489941688484303250e-02 2.121087827660078917e-01
1.152365876562849167e-01 2.017344011713366192e-01
1.344538159597087890e-01 1.894181038949659113e-01
1.523665463790704055e-01 1.752795121958055091e-01
1.688028825637468699e-01 1.594556905320872742e-01
1.836052241065157797e-01 1.420998053978535791e-01
1.966317607555561620e-01 1.233796578327488874e-01
2.077578197461970311e-01 1.034760658860079952e-01
2.168770485369553858e-01 8.258112435437302279e-02
2.239024219226173340e-01 6.089635841882622830e-02
2.287670641616973977e-01 3.863078877821844032e-02
2.314248785039583478e-01 1.599892668615830391e-02
2.318509783199411145e-01 -6.781282066070866248e-03
2.300419159015734683e-01 -2.949054471882099279e-02
2.260157069038321032e-01 -5.191032088598394184e-02
2.198116503152856560e-01 -7.382491379511042784e-02
2.114899457621374768e-01 -9.502353364065531383e-02
2.011311118491835026e-01 -1.153023135374994790e-01
1.888352111045328297e-01 -1.344662590144171666e-01
1.747208889058042280e-01 -1.523311126156224604e-01
1.589242355079633906e-01 -1.687251159773743014e-01
1.415974819509024651e-01 -1.834906527083730032e-01
1.229075421836759857e-01 -1.964857565187013155e-01
1.030344151871145225e-01 -2.075854703026566994e-01
8.216946219439025256e-02 -2.166830432741613799e-01
6.051357528821638132e-02 -2.236909547670475618e-01
3.827525468265174230e-02 -2.285417549330410192e-01
1.566861286746143445e-02 -2.311887142828926434e-01
-7.088673118638336330e-03 -2.316062863758422963e-01
-2.977745417879988643e-02 -2.297903479426597340e-01
-5.217920882652230669e-02 -2.257582327342406714e-01
-7.407813329950786729e-02 -2.195485823992020524e-01
-9.526321171174305380e-02 -2.112209839298125891e-01
-1.155302418027052136e-01 -2.008554067882920846e-01
-1.346837969855978479e-01 -1.885514448532540632e-01
-1.525391059658612603e-01 -1.744273701761073492e-01
-1.689238319469411054e-01 -1.586190073266104394e-01
-1.836797343564537388e-01 -1.412784388188622064e-01
-1.966641971043677495e-01 -1.225725537273929938e-01
-2.077516086162132236e-01 -1.026814531125375407e-01
-2.168345802584068505e-01 -8.179672726081026191e-02
-2.238249912769303407e-01 -6.011962099551045047e-02
-2.286548499917041288e-01 -3.785910441325560788e-02
-2.312769627124515170e-01 -1.522986734263959835e-02
-2.316654036517498960e-01 7.549743407920775536e-03
-2.298157809912846350e-01 3.025982435306045007e-02
-2.257452961904035382e-01 5.268103311514245324e-02
-2.194925955943551610e-01 7.459670340190695248e-02
-2.111174153841856305e-01 9.579493686092932503e-02
-2.007000228926575369e-01 1.160706516608825123e-01
-1.883404592720876458e-01 1.352275680086903187e-01
-1.741575904217055881e-01 1.530801113616789833e-01
-1.582879749455901597e-01 1.694552148303308248e-01
-1.408845620779502761e-01 1.841940111951040626e-01
-1.221152206369765375e-01 1.971533744755148976e-01
-1.021611279206897510e-01 2.082073096116723310e-01
-8.121503221382019022e-02 2.172481948988772005e-01
-5.947939663979813496e-02 2.241878408245358556e-01
-3.716444630776285368e-02 2.289583620722273893e-01
-1.448613749595270041e-02 2.315128538508935407e-01
8.335931573514785559e-03 2.318258655812955871e-01
3.108064818680582320e-02 2.298936669219679985e-01
5.352753020352116892e-02 2.257343031244293530e-01
7.545886788818652324e-02 2.193874387526314473e-01
9.666184163160815301e-02 2.109139908649020068e-01
1.169305948606432777e-01 2.003955548182317914e-01
1.360682418139791128e-01 1.879336278935408722e-01
1.538887904420787045e-01 1.736486379365048960e-01
1.702189614669238626e-01 1.576787861417716929e-01
1.848998856048021944e-01 1.401787149592314818e-01
1.977886621049634586e-01 1.213180138504147548e-01
2.087597630776751034e-01 1.012795772532123911e-01
2.177062695649513158e-01 8.025783060721336515e-02
2.245409269317598655e-01 5.845684163379033516e-02
2.291970089095143326e-01 3.608833524074774729e-02
2.316289814900423516e-01 1.336963141834269196e-02
2.318129598286769177e-01 -9.478473699441629027e-03
2.297469533504296335e-01 -3.223386282595698538e-02
2.254508985656186182e-01 -5.467527250008222262e-02
2.189664695785620008e-01 -7.658445186103272906e-02
2.103566792939265684e-01 -9.774829197546677784e-02
1.997052750770906548e-01 -1.179609169726150569e-01
1.871159268530269149e-01 -1.370257009649532287e-01
1.727112188645765212e-01 -1.547571953433427294e-01
1.566314548601315526e-01 -1.709829472931005956e-01
1.390332883568290989e-01 -1.855451914327339857e-01
1.200881913880550572e-01 -1.983023977173231922e-01
9.998077677492651916e-02 -2.091306601617192729e-01
7.890699044347503077e-02 -2.179249125104013307e-01
5.707219162712055816e-02 -2.245999586955609584e-01
3.468913993336916746e-02 -2.290913077660902686e-01
1.197590920244221563e-02 -2.313558049181595466e-01
-1.084625116631470799e-02 -2.313720522933676860e-01
-3.355508620494170730e-02 -2.291406153125167267e-01
-5.592951514411113184e-02 -2.246840124602126898e-01
-7.775179931067834060e-02 -2.180464886054942208e-01
-9.880967662245658534e-02 -2.092935741142927519e-01
-1.188984414792157163e-01 -1.985114341585491327e-01
-1.378229493964001628e-01 -1.858060147315040989e-01
-1.553995264857563618e-01 -1.713019939177258810e-01
-1.714577648468912086e-01 -1.551415489186537822e-01
-1.858421860859554020e-01 -1.374829511793837500e-01
-1.984137565102826739e-01 -1.184990036815565251e-01
-2.090512409444315878e-01 -9.837533387344855884e-02
-2.176523748277018055e-01 -7.730856520900909745e-02
-2.241348502601876458e-01 -5.550438316522425530e-02
-2.284371081021319416e-01 -3.317550907019660433e-02
-2.305189222789986170e-01 -1.053960839663425388e-02
-2.303617731847736327e-01 1.218284740693687147e-02
-2.279690067485604377e-01 3.477074425751073422e-02
-2.233657778840457131e-01 5.700449244251518804e-02
-2.165987792047276428e-01 7.866817577909830661e-02
-2.077357580375392698e-01 9.955166163681974933e-02
-1.968648268815615388e-01 1.194526509662311442e-01
-1.840935745154940184e-01 1.381786481196581595e-01
-1.695479869361063985e-01 1.555488310980975841e-01
-1.533711891897978907e-01 1.713958038992887123e-01
-1.357220209218197859e-01 1.855672138653892134e-01
-1.167734600950545570e-01 1.979272183213618697e-01
-9.671091080627883252e-02 2.083577863421360865e-01
-7.573037243760702419e-02 2.167598231710807788e-01
-5.403650851208063877e-02 2.230541066165638853e-01
-3.184063456437825901e-02 2.271820266584990700e-01
-9.358645081569180735e-03 2.291061214823846282e-01
1.319109989215410013e-02 2.288104052043045400e-01
3.558990756282121720e-02 2.263004846351362453e-01
5.762088356355410390e-02 2.216034645342792597e-01
7.907104055118248376e-02 2.147676429016144861e-01
9.973336501727841918e-02 2.058620005509158579e-01
1.194088179139918271e-01 1.949754881952047159e-01
1.379082522919810871e-01 1.822161213485191111e-01
1.550542325417431366e-01 1.677098927694578023e-01
1.706827334510197247e-01 1.515995116883274429e-01
1.846447042280549289e-01 1.340429835841082107e-01
1.968074826652296827e-01 1.152120449261184731e-01
2.070560461540551511e-01 9.529046865623379270e-02
2.152940879215188286e-01 7.447225738449013421e-02
2.214449086217599172e-01 5.295974229332801875e-02
2.254521152676596529e-01 3.096160658519500619e-02
2.272801214054753494e-01 8.690852957535549761e-03
2.269144444023381835e-01 -1.363726495724465991e-02
2.243617977112250528e-01 -3.580732699363193411e-02
2.196499779810981712e-01 -5.760582644657211843e-02
2.128275488717612796e-01 -7.882322554778381507e-02
2.039633253940963953e-01 -9.925596665204143576e-02
1.931456645072156530e-01 -1.187084198866653478e-01
1.804815695470517456e-01 -1.369947487265708586e-01
1.660956178186838994e-01 -1.539406758410633846e-01
1.501287223408348248e-01 -1.693851326066983243e-01
1.327367402701467858e-01 -1.831817768820378778e-01
1.140889419415144629e-01 -1.952003649814497421e-01
9.436635572644011538e-02 -2.053279652521828869e-01
7.376000502326852948e-02 -2.134700022372237604e-01
5.246905377704948886e-02 -2.195511252133030278e-01
3.069887977389420056e-02 -2.235158837189804570e-01
8.659096239408194465e-03 -2.253292112110347745e-01
-1.343846326550172422e-02 -2.249767191274590628e-01
-3.538177528574265596e-02 -2.224647896391724611e-01
-5.696065311788942043e-02 -2.178204701330240523e-01
-7.796875043543714801e-02 -2.110911711368632371e-01
-9.820552297607250403e-02 -2.023441712446455709e-01
-1.174781298568225024e-01 -1.916659344014970401e-01
-1.356032567351748708e-01 -1.791612466491828703e-01
-1.524088438481145391e-01 -1.649521810965134117e-01
-1.677357029280342471e-01 -1.491769014518810610e-01
-1.814390081044217895e-01 -1.319883159220373858e-01
-1.933896471414899843e-01 -1.135525946304232897e-01
-2.034754207221097233e-01 -9.404756492869134621e-02
-2.116020789546339820e-01 -7.366100005607036094e-02
-2.176941858373765415e-01 -5.258881753401871417e-02
-2.216958040502145511e-01 -3.103320446110054837e-02
-2.235709941393704270e-01 -9.200687489329981844e-03
-2.233041239041690662e-01 1.269983428611119215e-02
-2.208999855675333468e-01 3.445907500959020930e-02
-2.163837200990119947e-01 5.586934769428556630e-02
-2.098005498442633843e-01 7.672653123008540965e-02
-2.012153223823607007e-01 9.683200042865923451e-02
-1.907118702665370202e-01 1.159945011567868750e-01
-1.783921929205043722e-01 1.340319584563346988e-01
-1.643754663371015112e-01 1.507731850439741061e-01
-1.487968963725183336e-01 1.660594843641162999e-01
-1.318064224960482644e-01 1.797461450894794754e-01
-1.135672834493086231e-01 1.917037971522313755e-01
-9.425445943505979252e-02 2.018196220013647735e-01
-7.405300549826314416e-02 2.099984059956493399e-01
-5.315629174079979785e-02 2.161634272981753091e-01
-3.176416684747084690e-02 2.202571681792927782e-01
-1.008106208793087093e-02 2.222418462461021593e-01
1.168594650872454600e-02 2.220997597849987126e-01
3.332909973782652996e-02 2.198334441142043572e-01
5.464192228346627378e-02 2.154656375801979051e-01
7.542117694067264344e-02 2.090390575807677953e-01
9.546878779286270544e-02 2.006159887429738442e-01
1.145937144262710317e-01 1.902776871111291068e-01
1.326137597093211828e-01 1.781236058927133659e-01
1.493572942686438032e-01 1.642704499541279284e-01
1.646648815502589625e-01 1.488510678390191078e-01
1.783907882578645299e-01 1.320131915855326521e-01
1.904043660026374651e-01 1.139180360320857788e-01
2.005912911717387948e-01 9.473877061052941861e-02
2.088546513154984074e-01 7.465887781995346473e-02
2.151158677553335064e-01 5.387041364258993853e-02
2.193154456139153330e-01 3.257218609480014987e-02
2.214135451418377531e-01 1.096786193656185820e-02
2.213903621507277986e-01 -1.073596050768199639e-02
2.192463242519257505e-01 -3.233170594378620422e-02
2.150020980594266051e-01 -5.361280214594577737e-02
2.086984021710912851e-01 -7.437564577116227704e-02
2.003956299836583133e-01 -9.442154194015903168e-02
1.901732855766042896e-01 -1.135585992671737515e-01
1.781292376565848379e-01 -1.316035623880409955e-01
1.643787982718669383e-01 -1.483835645705172956e-01
1.490536346693847602e-01 -1.637377836890120952e-01
1.323005242602587062e-01 -1.775189857031779506e-01
1.142799641671418676e-01 -1.895949407890824556e-01
9.516464823395726080e-02 -1.998496984242667529e-01
7.513782567206887808e-02 -2.081847090145746149e-01
5.439155668413390987e-02 -2.145197810602366140e-01
3.312488143541993807e-02 -2.187938643791205451e-01
1.154191962139606425e-02 -2.209656515227198248e-01
-1.015008139872012639e-02 -2.210139912208175794e-01
-3.174273137865875338e-02 -2.189381094586530518e-01
-5.302849596717758990e-02 -2.147576356095855232e-01
-7.380269038781309132e-02 -2.085124329000350163e-01
-9.386544888742626158e-02 -2.002622343536850924e-01
-1.130236509862578703e-01 -1.900860872315906502e-01
-1.310927859068942714e-01 -1.780816108357807792e-01
-1.478987370856257588e-01 -1.643640743576826879e-01
-1.632794720079659978e-01 -1.490652953225789779e-01
-1.770866091561075772e-01 -1.323323911438009093e-01
-1.891868610694115438e-01 -1.143263840642256557e-01
-1.994633394113258240e-01 -9.522065303186481866e-02
-2.078166991909713712e-01 -7.519927073502755133e-02
-2.141661149955807752e-01 -5.445523456601528839e-02
-2.184500793540932739e-01 -3.318860842869843925e-02
-2.206270150515009520e-01 -1.160459323489392187e-02
-2.206756950016538765e-01 1.008845530644549709e-02
-2.185954651463545562e-01 3.168104242306312573e-02
-2.144062677629968994e-01 5.296456395859370364e-02
-2.081484645124301591e-01 7.373333021759520545e-02
-1.998824605237341789e-01 9.378656418976565046e-02
-1.896881327738601242e-01 1.129303545558407312e-01
-1.776640679582469906e-01 1.309795442622508355e-01
-1.639266169433805653e-01 1.477595360292748849e-01
-1.486087747242035573e-01 1.631079969234077998e-01
-1.318588965600889229e-01 1.768764450720147485e-01
-1.138392626140506819e-01 1.889317027188212039e-01
-9.472450495393976155e-02 1.991572011019409061e-01
-7.469991217506496972e-02 2.074541240700051303e-01
-5.395962815582110161e-02 2.137423789219933812e-01
-3.270476254864485705e-02 2.179613846477842232e-01
-1.114143152552894700e-02 2.200706695424254900e-01
1.052125197001581476e-02 2.200502720493114350e-01
3.207322301369366219e-02 2.179009327113672900e-01
5.330550761053817754e-02 2.136440967329036045e-01
7.401226102300030585e-02 2.073217174397590512e-01
9.399278542174532847e-02 1.989958416237298799e-01
1.130534917034053677e-01 1.887480039390875275e-01
1.310097920031826901e-01 1.766784295085972456e-01
1.476879041003461845e-01 1.629050525220614165e-01
1.629265497780625627e-01 1.475623604623655383e-01
1.765785302459925432e-01 1.308000753508048175e-01
1.885121629542983457e-01 1.127816850469905430e-01
1.986125655092685627e-01 9.368283915114110350e-02
2.067827739290410138e-01 7.368962542235497903e-02
2.129446841371815669e-01 5.299674383110439951e-02
2.170398073651901016e-01 3.180559639491592483e-02
2.190298320043195801e-01 1.032231179263165544e-02
2.188969863927513748e-01 -1.124427559467979995e-02
2.166441990257047534e-01 -3.268467211598016786e-02
2.122950547131869647e-01 -5.379077640821360723e-02
2.058935472612422324e-01 -7.435791569282702851e-02
1.975036312967914098e-01 -9.418684659206624787e-02
1.872085778718570181e-01 -1.130857006209473326e-01
1.751101404490112701e-01 -1.308718550871558750e-01
1.613275397665799860e-01 -1.473737109032167147e-01
1.459962778893743873e-01 -1.624323597748769388e-01
1.292667934496664339e-01 -1.759031243661466071e-01
1.113029658588893661e-01 -1.876569491552396718e-01
9.228050428032982810e-02 -1.975816471780373063e-01
7.238521830687170977e-02 -2.055829840159558441e-01
5.181117980358288660e-02 -2.115855686091481780e-01
3.075881374864486081e-02 -2.155335629538606412e-01
9.432929900410223431e-03 -2.173911983789301450e-01
-1.195928509405268930e-02 -2.171430936941111944e-01
-3.321029518940547820e-02 -2.147943724966580592e-01
-5.411424193116819159e-02 -2.103705789370935442e-01
-7.446895090624146285e-02 -2.039173932597046490e-01
-9.407789788330672698e-02 -1.955001504270276469e-01
-1.127521153358621436e-01 -1.852031670902403726e-01
-1.303120206978508333e-01 -1.731288840588848521e-01
-1.465891485441672970e-01 -1.593968332344928018e-01
-1.614277699061688331e-01 -1.441424396861419044e-01
-1.746863831143493084e-01 -1.275156711440944002e-01
-1.862390618933076059e-01 -1.096795486548129139e-01
-1.959766479038198561e-01 -9.080853346313079444e-02
-2.038077765170629996e-01 -7.108680635245530344e-02
-2.096597263004588707e-01 -5.070645667079016344e-02
-2.134790844749102912e-01 -2.986559908975789171e-02
-2.152322224506733328e-01 -8.766436779166454293e-03
-2.149055774451087697e-01 1.238670987422570494e-02
-2.125057381103352128e-01 3.338938962150715672e-02
-2.080593340326179208e-01 5.403900233764249300e-02
-2.016127241988512897e-01 7.413675116043901003e-02
-1.932315110934121338e-01 9.348956121401277852e-02
-1.829998660980671488e-01 1.119119426440323417e-01
-1.710196629556653969e-01 1.292277619231450847e-01
-1.574094502434889853e-01 1.452719216947385983e-01
-1.423032656007162944e-01 1.598919287727613159e-01
-1.258493038065331415e-01 1.729493355361400031e-01
-1.082084521634542190e-01 1.843210412591543834e-01
-8.955270785840914460e-02 1.939004413442755870e-01
-7.006349304167280856e-02 2.015984139564273858e-01
-4.992988427127698775e-02 2.073441351814999944e-01
-2.934677371130340121e-02 2.110857155308615563e-01
-8.512980040276856356e-03 2.127906523700873742e-01
1.237067258297008636e-02 2.124460946464598043e-01
3.310328893588528748e-02 2.100589181092020474e-01
5.348583193781111106e-02 2.056556110406053683e-01
7.332302819570250818e-02 1.992819723276214317e-01
9.242523176039348087e-02 1.910026254853665340e-01
1.106102284531478158e-01 1.809003539795284443e-01
1.277049637758550515e-01 1.690752648679730297e-01
1.435471782282097541e-01 1.556437893772571190e-01
1.579869348123552064e-01 1.407375305334159776e-01
1.708880245997588254e-01 1.245019693650202403e-01
1.821292374549133564e-01 1.070950424778510657e-01
1.916054863433087618e-01 8.868560495372349028e-02
1.992287679706140069e-01 6.945179907054935264e-02
2.049289751217372169e-01 4.957933133612545812e-02
2.086545336278215201e-01 2.925967660082966562e-02
2.103728468374050087e-01 8.688243397268724869e-03
2.100705668736684850e-01 -1.193749712402803961e-02
2.077536825764292050e-01 -3.241989716394563098e-02
2.034474238654239708e-01 -5.256301533123969999e-02
1.971959839752904509e-01 -7.217447906559866511e-02
1.890620627041368906e-01 -9.106730896665757302e-02
1.791262354718421990e-01 -1.090616879869273081e-01
1.674861545864299583e-01 -1.259866590193623181e-01
1.542555906535350574e-01 -1.416817351312771034e-01
1.395633235210047285e-01 -1.559984075578818297e-01
1.235518935158486237e-01 -1.688015375619582592e-01
1.063762249931804182e-01 -1.799706193823975009e-01
8.820213536500007279e-02 -1.894009027225102559e-01
6.920474380114879920e-02 -1.970043645577275182e-01
4.956679468716114478e-02 -2.027105214594990823e-01
2.947691167706706014e-02 -2.064670751248852965e-01
9.127798786766387618e-03 -2.082403853563410123e-01
-1.128559456924321629e-02 -2.080157663391647427e-01
-3.156792739166452977e-02 -2.057976037011110815e-01
-5.152532240737360547e-02 -2.016092914952457016e-01
-7.096720553396007602e-02 -1.954929899086871870e-01
-8.970811232068526264e-02 -1.875092061517910080e-01
-1.075694368847233962e-01 -1.777362082693703937e-01
-1.243811326015531044e-01 -1.662692640193312033e-01
-1.399833274429327923e-01 -1.532197139303534128e-01
-1.542278264104470220e-01 -1.387139049183070960e-01
-1.669795114469916908e-01 -1.228919790550288410e-01
-1.781176171284406251e-01 -1.059065326549189917e-01
-1.875368702173494939e-01 -8.792115826084798136e-02
-1.951484824164263776e-01 -6.910888319631584842e-02
-2.008809870130809083e-01 -4.965051931317429612e-02
-2.046809115460242190e-01 -2.973293939510075756e-02
-2.065132801381689143e-01 -9.547296368441045289e-03
-2.063619407142528450e-01 1.071279798265197675e-02
-2.042297139418530194e-01 3.085311770591365674e-02
-2.001383623868355499e-01 5.068067344546966363e-02
-1.941283800451931718e-01 7.000555187011052449e-02
-1.862586040867848791e-01 8.864272643273191088e-02
-1.766056523077696727e-01 1.064138223662283167e-01
-1.652631914225888843e-01 1.231488192170089452e-01
-1.523410429187458393e-01 1.386876747682455890e-01
-1.379641347331690970e-01 1.528818549072403776e-01
-1.222713084734210615e-01 1.655957548389492828e-01
-1.054139932867589474e-01 1.767079980340489076e-01
-8.755475876208455854e-02 1.861126004166419046e-01
-6.886576042176321966e-02 1.937199885345233519e-01
-4.952709241037519389e-02 1.994578618032192552e-01
-2.972507182647910612e-02 2.032718966659655402e-01
-9.650441107316679035e-03 2.051262708529777989e-01
1.050346986789364723e-02 2.050040040337579028e-01
3.054258978947360648e-02 2.029071313138837707e-01
5.027397087563682809e-02 1.988566903618448900e-01
6.950764490166219667e-02 1.928925261034511174e-01
8.805845249208746339e-02 1.850729145094718864e-01
1.057478280677171673e-01 1.754740087380358138e-01
1.224055232078004596e-01 1.641891126065308237e-01
1.378712517230492873e-01 1.513277880421690091e-01
1.519962404336754058e-01 1.370148047794494395e-01
1.646446705032878488e-01 1.213889421203339092e-01
1.756949951861092318e-01 1.046016540333433997e-01
1.850411209932021073e-01 8.681561022696013263e-02
1.925934405642829861e-01 6.820312707637615768e-02
1.982797069328177120e-01 4.894450339753579626e-02
2.020457403806782126e-01 2.922627703654477258e-02
2.038559606806436830e-01 9.239419065581044518e-03
2.036937392057841523e-01 -1.082251696055320546e-02
2.015615671279074594e-01 -3.076527273844093316e-02
1.974810377159099961e-01 -5.039577167129864060e-02
1.914926425616026440e-01 -6.952399563430060325e-02
1.836553833876911623e-01 -8.796483367796838204e-02
1.740462029119734244e-01 -1.055398845190004264e-01
1.627592400348037982e-01 -1.220791950705850532e-01
1.499049276404684772e-01 -1.374229244265335881e-01
1.356089045520730840e-01 -1.514229022225785926e-01
1.200107816652086906e-01 -1.639440652975460433e-01
1.032627936849030148e-01 -1.748657807030568057e-01
8.552831388243556376e-02 -1.840830241987699289e-01
6.698025876264801504e-02 -1.915074063600443466e-01
4.779939824721832209e-02 -1.970680359781160351e-01
2.817258795387401343e-02 -2.007122120304490887e-01
8.290940962495777639e-03 -2.024059371896128612e-01
-1.165204290262279556e-02 -2.021342476063569815e-01
-3.146237178725428546e-02 -1.999013555286557609e-01
-5.094746175987872189e-02 -1.957306031846983430e-01
-6.991802316132349204e-02 -1.896642282445695493e-01
-8.818991461829701894e-02 -1.817629430641810873e-01
-1.055859462871038268e-01 -1.721053317862949184e-01
-1.219376143813722946e-01 -1.607870712073687092e-01
-1.370867497090507980e-01 -1.479199830960154505e-01
-1.508870637925145974e-01 -1.336309273509003470e-01
-1.632055771634606522e-01 -1.180605469952955289e-01
-1.739239156010790321e-01 -1.013618775046743886e-01
-1.829394614057754942e-01 -8.369883433695607389e-02
-1.901663482579180886e-01 -6.524459376765857910e-02
-1.955362897868406502e-01 -4.617988321166800053e-02
-1.989992336536658135e-01 -2.669119812756867716e-02
-2.005238347145392730e-01 -6.968963339525928100e-03
-2.000977568013493357e-01 1.279434830218051725e-02
-1.977277550368356229e-01 3.240611112990399167e-02
-1.934395719560948745e-01 5.167543079220995178e-02
-1.872776750652050126e-01 7.041502048885753262e-02
-1.793047944682138461e-01 8.844303689124240198e-02
-1.696012804102893790e-01 1.055848597067841066e-01
-1.582642873995395438e-01 1.216747971949322243e-01
-1.454067933131764911e-01 1.365577007157853240e-01
-1.311564635483284946e-01 1.500904723379760664e-01
-1.156543718266737908e-01 1.621434506407476994e-01
-9.905359068862326644e-02 1.726016611041843174e-01
-8.151766600204796154e-02 1.813659188776937103e-01
-6.321899095021017712e-02 1.883537732344688354e-01
-4.433709594207788790e-02 1.935002846434428214e-01
-2.505687169492724561e-02 1.967586271030251355e-01
-5.566743366686829203e-03 1.981005101640045396e-01
1.394318594245460077e-02 1.975164169031625450e-01
3.328300374635543429e-02 1.950156559753362107e-01
5.226485015203036211e-02 1.906262277506747538e-01
7.070475475509126195e-02 1.843945064154285107e-01
8.842443026235660697e-02 1.763847417593709110e-01
1.052530051539971451e-01 1.666783861717098525e-01
1.210286783772021868e-01 1.553732541022554703e-01
1.356002799135267445e-01 1.425825228973966186e-01
1.488287220725228732e-01 1.284335854741318894e-01
1.605883437681941417e-01 1.130667642246907106e-01
1.707680846550795051e-01 9.663389953878216698e-02
1.792725127720357081e-01 7.929684143304720212e-02
1.860227290176462156e-01 6.122584255450943397e-02
1.909570901273140442e-01 4.259787304504641242e-02
1.940317601382425261e-01 2.359487530027688795e-02
1.952210856186331334e-01 4.401976068004320210e-03
1.945177917118261213e-01 -1.479432633499826698e-02
1.919329978389686664e-01 -3.380798175572997943e-02
1.874960536966009395e-01 -5.245519698267891995e-02
1.812541979595834740e-01 -7.055621587085825208e-02
1.732720438369753369e-01 -8.793705349882954825e-02
