5.000000000000000000e-01 0.000000000000000000e+00
4.973375709982865711e-01 -5.132319864473013082e-02
4.893797040354606054e-01 -1.020903597884535441e-01
4.762142645546194597e-01 -1.517518808486830184e-01
4.579865335940197513e-01 -1.997706193438987810e-01
4.348975344344736538e-01 -2.456279332103323554e-01
4.072017191145149706e-01 -2.888295031075729935e-01
3.752040427228280350e-01 -3.289108683708377168e-01
3.392564607264392795e-01 -3.654426118047939820e-01
2.997538914964125722e-01 -3.980351328464430405e-01
2.571296925636238906e-01 -4.263429536967419664e-01
2.118507048960114048e-01 -4.500685087668473416e-01
1.644119245639809046e-01 -4.689653741310189083e-01
1.153308655536889465e-01 -4.828409005782640095e-01
6.514168075580037409e-02 -4.915582210413871889e-01
1.438911117623140404e-02 -4.950376108654687690e-01
-3.637766474880618772e-02 -4.932571873991463685e-01
-8.661120929013010894e-02 -4.862529431724972873e-01
-1.357719582623701238e-01 -4.741181150876698780e-01
-1.833342367492100666e-01 -4.570019000076878668e-01
-2.287920876597458464e-01 -4.351075349432612649e-01
-2.716648456675761492e-01 -4.086897675881882019e-01
-3.115023925111479186e-01 -3.780517501469090047e-01
-3.478900338309673379e-01 -3.435413961439880426e-01
-3.804529426290878535e-01 -3.055472461220281044e-01
-4.088601199924213891e-01 -2.644938937463602868e-01
-4.328278298495369936e-01 -2.208370287747030147e-01
-4.521224711494167825e-01 -1.750581575598531003e-01
-4.665628578730272591e-01 -1.276590651852209934e-01
-4.760218846227760037e-01 -7.915608594893819294e-02
-4.804275630858438340e-01 -3.007425068545206692e-02
-4.797634223377976181e-01 1.905861967174746208e-02
-4.740682736447558998e-01 6.771780483085608482e-02
-4.634353480382433776e-01 1.153874915349686198e-01
-4.480108223810284063e-01 1.615664285996690763e-01
-4.279917568220550361e-01 2.057733660396416087e-01
-4.036234733657525497e-01 2.475522169528071026e-01
-3.751964116725534093e-01 2.864768847770181037e-01
-3.430425042971398941e-01 3.221557031471302124e-01
-3.075311180344331707e-01 3.542354408832477097e-01
-2.690646137001628801e-01 3.824048300530478728e-01
-2.280735807462607456e-01 4.063975816113884476e-01
-1.850118052005330083e-01 4.259948595836989260e-01
-1.403510327356972676e-01 4.410271914967470730e-01
-9.457559013720605312e-02 4.513757998232428292e-01
-4.817692930786345029e-02 4.569733463208702218e-01
-1.648158014440190625e-03 4.578040882651261967e-01
4.452137914278783692e-02 4.539034526084095855e-01
8.985140755230557053e-02 4.453570409570088429e-01
1.338758574572564142e-01 4.322990848583471157e-01
1.761477700561303594e-01 4.149103771529336071e-01
2.162439216231109018e-01 3.934157109944184660e-01
2.537691166253030484e-01 3.680808635088872460e-01
2.883601055423032355e-01 3.392091658903577667e-01
3.196890882888691054e-01 3.071377059606647530e-01
3.474667697298977065e-01 2.722332128144790420e-01
3.714449396806601134e-01 2.348876760891838167e-01
3.914185559235017764e-01 1.955137546191954845e-01
4.072273150625236315e-01 1.545400307392174599e-01
4.187567023970388269e-01 1.124061672846881632e-01
4.259385183403222586e-01 6.955802440379375839e-02
4.287508851614911243e-01 2.644279265676547502e-02
4.272177439071527805e-01 -1.649580244325401721e-02
4.214078574449985348e-01 -5.882217107353072960e-02
4.114333401615217767e-01 -1.001133550301908370e-01
3.974477409031745845e-01 -1.399633008543924861e-01
3.796437108952413486e-01 -1.779868661217474946e-01
3.582502911462908113e-01 -2.138235199053062918e-01
3.335298584614208028e-01 -2.471407020419608136e-01
3.057747720910357070e-01 -2.776368109202140833e-01
2.753037655564593011e-01 -3.050437946068548789e-01
2.424581300963601915e-01 -3.291293254132732216e-01
2.075977374593117042e-01 -3.496985433961993239e-01
1.710969504269330144e-01 -3.665953597199781977e-01
1.333404694965275861e-01 -3.797033162067695589e-01
9.471916359762413973e-02 -3.889460026981518825e-01
5.562593158675144256e-02 -3.942870389804793985e-01
1.645163958976887664e-02 -3.957296329249404554e-01
-2.241882292160146672e-02 -3.933157311043020687e-01
-6.061032807954072621e-02 -3.871247824199590126e-01
-9.776109841992002003e-02 -3.772721391593527041e-01
-1.335260657823706953e-01 -3.639071233658714433e-01
-1.675799702944915648e-01 -3.472107894087463342e-01
-1.996201734058066224e-01 -3.273934161641886553e-01
-2.293691631064372904e-01 -3.046917642435070794e-01
-2.565767337610366794e-01 -2.793661352190807690e-01
-2.810218273491235652e-01 -2.516972708021649185e-01
-3.025140272683441989e-01 -2.219831304221540069e-01
-3.208947002267477644e-01 -1.905355861128925632e-01
-3.360377859285152424e-01 -1.576770712785402762e-01
-3.478502378519545690e-01 -1.237372213126049642e-01
-3.562721231028377344e-01 -8.904954272181553332e-02
-3.612763923931910370e-01 -5.394814328658022184e-02
-3.628683345119758097e-01 -1.876455556692279217e-02
-3.610847326612975916e-01 1.617531679212258142e-02
-3.559927426445860243e-01 5.055410315924344089e-02
-3.476885151348420022e-01 8.406569649299637514e-02
-3.362955861073186337e-01 1.164177895013221858e-01
-3.219630609839200797e-01 1.473341986363662093e-01
-3.048636191044200583e-01 1.765569613865266285e-01
-2.851913658166210230e-01 2.038481955534010570e-01
-2.631595597738283221e-01 2.289917123963728374e-01
-2.389982429589706803e-01 2.517943786480202895e-01
-2.129518005407743664e-01 2.720872254084936714e-01
-1.852764769334964701e-01 2.897263047792644208e-01
-1.562378734066337815e-01 3.045932977631420346e-01
-1.261084513068442270e-01 3.165958794095987128e-01
-9.516506344577786713e-02 3.256678493985196710e-01
-6.368653451131468801e-02 3.317690382128197779e-01
-3.195130951380936030e-02 3.348850007374450932e-01
-2.351873219046884348e-04 3.350265105308218860e-01
3.119084568727189047e-02 3.322288691417292217e-01
6.206266890350661813e-02 3.265510456917725124e-01
9.212495636425802048e-02 3.180746631225772059e-01
1.211329739246166382e-01 3.069028455807347733e-01
1.488542363003164393e-01 2.931589437947718646e-01
1.750700184333891241e-01 2.769851560629836285e-01
1.995767193156585684e-01 2.585410587448319641e-01
2.221870760280909018e-01 2.380020618524912868e-01
2.427312277419749198e-01 2.155578041428804770e-01
2.610576306968360738e-01 1.914105012868123623e-01
2.770338262572273336e-01 1.657732597732324842e-01
2.905470650517300579e-01 1.388683682226412308e-01
3.015047909125637693e-01 1.109255767641171841e-01
3.098349888672858321e-01 8.218037410338788207e-02
3.154864017932272890e-01 5.287227090216422426e-02
3.184286205423061400e-01 2.324309712651332835e-02
3.186520523937651506e-01 -6.464679873020851009e-03
3.161677726131413291e-01 -3.600961059481739418e-02
3.110072637078141189e-01 -6.515288668277118000e-02
3.032220466951337512e-01 -9.365992762360882129e-02
2.928832083621490390e-01 -1.213019266445223288e-01
2.800808281209227202e-01 -1.478573519415958826e-01
2.649233076752183780e-01 -1.731133995677277548e-01
2.475366063375436243e-01 -1.968673943767398626e-01
2.280633844938703969e-01 -2.189281353643442452e-01
2.066620574291868351e-01 -2.391171815764321362e-01
1.835057615208249560e-01 -2.572700744839812037e-01
1.587812357990845691e-01 -2.732374928178137319e-01
1.326876172379279351e-01 -2.868863341213783724e-01
1.054351544529012613e-01 -2.981007172931280924e-01
7.724384416438483114e-02 -3.067829020146304320e-01
4.834198963141750349e-02 -3.128541176231709464e-01
1.896468543859447520e-02 -3.162552948526314855e-01
-1.064776748672496658e-02 -3.169476932646856371e-01
-4.025151195060105297e-02 -3.149134168654785793e-01
-6.960084406750999264e-02 -3.101558101774924969e-01
-9.844997571614039211e-02 -3.026997269345439445e-01
-1.265548421469143703e-01 -2.925916636100754364e-01
-1.536749458341614138e-01 -2.798997501928395248e-01
-1.795752264444385182e-01 -2.647135910044975948e-01
-2.040279455535003450e-01 -2.471439489219735275e-01
-2.268145735156642806e-01 -2.273222671313127885e-01
-2.477276646999687915e-01 -2.054000235030062071e-01
-2.665727061875929338e-01 -1.815479138407921633e-01
-2.831699240047559352e-01 -1.559548616120748354e-01
-2.973560300746637686e-01 -1.288268533091671275e-01
-3.089858923399813051e-01 -1.003856003031469851e-01
-3.179341099612090771e-01 -7.086702991856268230e-02
-3.240964751615294515e-01 -4.051961045588558380e-02
-3.273913031877729862e-01 -9.602516994113836565e-03
-3.277606120095637454e-01 2.161635301049609492e-02
-3.251711338001797014e-01 5.286250308368056761e-02
-3.196151427253842159e-01 8.385708644964029457e-02
-3.111110774407556123e-01 1.143192655399931645e-01
-2.997039466565349364e-01 1.439686621830391366e-01
-2.854655082716237025e-01 1.725278795325090875e-01
-2.684942051024420406e-01 1.997250746443043901e-01
-2.489148494712334347e-01 2.252965576238877832e-01
-2.268780495726900603e-01 2.489893922380393976e-01
-2.025593731330866398e-01 2.705639716032105513e-01
-1.761582466720859053e-01 2.897965415610259110e-01
-1.478965916424047067e-01 3.064816436586604298e-01
-1.180172018210058904e-01 3.204344492931836541e-01
-8.678186951824110040e-02 3.314929565755737051e-01
-5.446927141624514912e-02 3.395200218382726787e-01
-2.137262810026800339e-02 3.444051984610496109e-01
1.220284543985836537e-02 3.460663568292217662e-01
4.594267793377378867e-02 3.444510607659119206e-01
7.952604518289642377e-02 3.395376776900074223e-01
1.126288124325169060e-01 3.313362020319185475e-01
1.449266869721330953e-01 3.198887740721843564e-01
1.760984498620328242e-01 3.052698793297388136e-01
2.058292336882489859e-01 2.875862168878231540e-01
2.338138116052953519e-01 2.669762285714410432e-01
2.597598616711699893e-01 2.436092846412361568e-01
2.833911696419980641e-01 2.176845256006376406e-01
3.044507329992023337e-01 1.894293637780448680e-01
3.227037312766357080e-01 1.590976535421891047e-01
3.379403198004899966e-01 1.269675379548958760e-01
3.499782144027852593e-01 9.333899258549401001e-02
3.586650385337624147e-01 5.853108740247923297e-02
3.638803941037189738e-01 2.287898715197531074e-02
3.655376283294082818e-01 -1.326928043468176069e-02
3.635852697958650293e-01 -4.955625730626186248e-02
3.580081102373644519e-01 -8.561865417018901803e-02
3.488279122132576515e-01 -1.210910787189537485e-01
3.361037268659059496e-01 -1.556098533352653357e-01
3.199318102535827490e-01 -1.888168806463517702e-01
3.004451313006535895e-01 -2.203635138167287788e-01
2.778124691458082607e-01 -2.499143874972713231e-01
2.522371025381223153e-01 -2.771511649103375885e-01
2.239550988688169542e-01 -3.017761566629507120e-01
1.932332153702006339e-01 -3.235157675523468446e-01
1.603664298975806535e-01 -3.421237288627795303e-01
1.256751234697300601e-01 -3.573840754439124301e-01
8.950194131412413101e-02 -3.691138291963327323e-01
5.220836348144304584e-02 -3.771653534479668668e-01
1.417102009894045250e-02 -3.814283460583021146e-01
-2.422221003334648626e-02 -3.818314428999933230e-01
-6.257627558937238488e-02 -3.783434075975652400e-01
-1.004931589551958937e-01 -3.709738880021371532e-01
-1.375761656849041892e-01 -3.597737247953334827e-01
-1.734342509052309023e-01 -3.448348049880008981e-01
-2.076863271429767177e-01 -3.262894485473808448e-01
-2.399655053926788573e-01 -3.043093364834629777e-01
-2.699232258538033502e-01 -2.791039905116423081e-01
-2.972332226701597802e-01 -2.509188095599092505e-01
-3.215952765722795981e-01 -2.200326837013799330e-01
-3.427387095802688632e-01 -1.867552087327013777e-01
-3.604255785135546675e-01 -1.514235296787617147e-01
-3.744535272103670653e-01 -1.143988462689678604e-01
-3.846582610492459975e-01 -7.606261783555862133e-02
-3.909156115454848202e-01 -3.681250906959416397e-02
-3.931431634183936707e-01 2.941878420043769066e-03
-3.913014215354779779e-01 4.278344081473946930e-02
-3.853945004763470461e-01 8.229212271512552357e-02
-3.754703250568103279e-01 1.210495315327484306e-01
-3.616203359426389818e-01 1.586435623067704581e-01
-3.439787003902411433e-01 1.946729790813873928e-01
-3.227210341032850649e-01 2.287518991174514182e-01
-2.980626461142792949e-01 2.605141270171248968e-01
-2.702563244123569741e-01 2.896172873075318344e-01
-2.395896856680196640e-01 3.157467061438497535e-01
-2.063821177793554451e-01 3.386189955310283106e-01
-1.709813490121768753e-01 3.579852967949361808e-01
-1.337596821624532639e-01 3.736341439188766156e-01
-9.510993637200158834e-02 3.853939117532644287e-01
-5.544114104907804652e-02 3.931348223051374657e-01
-1.517403551335911975e-02 3.967704731941408269e-01
2.526357346091264236e-02 3.962588776582454675e-01
6.544154866336240883e-02 3.916030084866822247e-01
1.049321939223921696e-01 3.828508277287344663e-01
1.433150054385407268e-01 3.700948044697467409e-01
1.801813474102574586e-01 3.534709254313101456e-01
2.151389971998280137e-01 3.331572092555862841e-01
2.478165067790644160e-01 3.093717413124262294e-01
2.778673293463476135e-01 2.823702516461671919e-01
3.049736627920616727e-01 2.524432641831280688e-01
3.288499650734575397e-01 2.199128504807514595e-01
3.492461004998000940e-01 1.851290260494136142e-01
3.659500803742834485e-01 1.484658315578140930e-01
3.787903663340733140e-01 1.103171449883962318e-01
3.876377100115455665e-01 7.109227399311079942e-02
3.924065082409520788e-01 3.121138027220357256e-02
3.930556588838923782e-01 -8.899210272242401645e-03
3.895889083695014410e-01 -4.881175659393086064e-02
3.820546881644882320e-01 -8.810185517608340455e-02
3.705454435262552360e-01 -1.263531408323695648e-01
3.551964639714603744e-01 -1.631618809362131439e-01
3.361842308356796649e-01 -1.981414098415859026e-01
3.137243030324288751e-01 -2.309263523713892541e-01
2.880687675698797579e-01 -2.611765879843792049e-01
2.595032853870038458e-01 -2.885809148669953861e-01
2.283437702220953991e-01 -3.128603591694439912e-01
1.949327438938041057e-01 -3.337711022531154037e-01
1.596354068741747956e-01 -3.511070023624537906e-01
1.228354739298535281e-01 -3.647016703829303319e-01
8.493082460804095291e-02 -3.744300826502054425e-01
4.632902036507374061e-02 -3.802097150002154979e-01
7.442741380407459986e-03 -3.820011880845931573e-01
-3.131480331797919375e-02 -3.798084198922276888e-01
-6.953443887177850058e-02 -3.736782873404118632e-01
-1.068155079484700010e-01 -3.636998046528316930e-01
-1.427702230127024796e-01 -3.500028319530742449e-01
-1.770278380942089669e-01 -3.327563330001811481e-01
-2.092385932276351890e-01 -3.121662062092797618e-01
-2.390773878858265533e-01 -2.884727179719266954e-01
-2.662471433813402011e-01 -2.619475717590042940e-01
-2.904818183200452153e-01 -2.328906505011285322e-01
-3.115490456989998269e-01 -2.016264732513129987e-01
-3.292523650870788354e-01 -1.685004101028378665e-01
-3.434330284459906624e-01 -1.338747017301512299e-01
-3.539713634734631964e-01 -9.812433171820759970e-02
-3.607876838096105154e-01 -6.163280103006360533e-02
-3.638427409710134341e-01 -2.478785452608531226e-02
-3.631377183940061038e-01 1.202279060870814313e-02
-3.587137734091703223e-01 4.841566534123167842e-02
-3.506511381790112236e-01 8.401567523248214264e-02
-3.390677938034277195e-01 1.184600716124932784e-01
-3.241177442028075895e-01 1.514022336522657386e-01
-3.059889115935541248e-01 1.825152311395624172e-01
-2.849006823408859468e-01 2.114951152293308434e-01
-2.611011374813837493e-01 2.380639082962096309e-01
-2.348640044126419635e-01 2.619722632282261432e-01
-2.064853689582459850e-01 2.830017668961519739e-01
-1.762801892003807436e-01 3.009668671646497096e-01
-1.445786541107836887e-01 3.157164076164070132e-01
-1.117224310920690161e-01 3.271347590747315515e-01
-7.806084706181098953e-02 3.351425419690503560e-01
-4.394704767476925733e-02 3.396969385274122843e-01
-9.734178695171555318e-03 3.407915986378238227e-01
2.422836758104945573e-02 3.384561479356495428e-01
5.759859957014441811e-02 3.327553111899987370e-01
9.004542811578761241e-02 3.237876683243516296e-01
1.212519860067431399e-01 3.116840643663945087e-01
1.509187315490322367e-01 2.966056982349112303e-01
1.787663057148836110e-01 2.787419184988855214e-01
2.045381159605202392e-01 2.583077570529246358e-01
2.280026236215979552e-01 2.355412340172408914e-01
2.489553158041365732e-01 2.107004690697291682e-01
2.672203468340104138e-01 1.840606358388717778e-01
2.826518385528712929e-01 1.559107969226782853e-01
2.951348340134171133e-01 1.265506521937787288e-01
3.045858968116890164e-01 9.628725414734339016e-02
3.109533661335763810e-01 6.543171846862742835e-02
3.142172717969404783e-01 3.429595415326965741e-02
3.143889147052738586e-01 3.189464506368914608e-03
3.115101281389259236e-01 -2.758375253746587347e-02
3.056522364574392192e-01 -5.772817343270980617e-02
2.969147307952482717e-01 -8.695955847025026164e-02
2.854236840082961524e-01 -1.150075754532232236e-01
2.713299294464782130e-01 -1.416182143460927578e-01
2.548070300673458966e-01 -1.665559727760678732e-01
2.360490659570558813e-01 -1.896057955425835828e-01
2.152682694777965922e-01 -2.105747546618323141e-01
1.926925380152524347e-01 -2.292934598917377720e-01
1.685628546591006471e-01 -2.456171931017016863e-01
1.431306471234503885e-01 -2.594267632258059897e-01
1.166551148170363317e-01 -2.706290818249644237e-01
8.940055322407768068e-02 -2.791574624424797979e-01
6.163370367955171153e-02 -2.849716499315319562e-01
3.362115524455962928e-02 -2.880575887288839843e-01
5.626823739152334372e-03 -2.884269416171892364e-01
-2.209046889517292389e-02 -2.861163728337379752e-01
-4.927929381754397181e-02 -2.811866114258804727e-01
-7.569777425925064418e-02 -2.737213125070927511e-01
-1.011155877865035635e-01 -2.638257355219011946e-01
-1.253157999863390160e-01 -2.516252542947061688e-01
-1.480965091665494560e-01 -2.372637355991431274e-01
-1.692723036334123354e-01 -2.209017996143711471e-01
-1.886755257979154388e-01 -2.027149708568353470e-01
-2.061573314319508354e-01 -1.828917576998243255e-01
-2.215885457040908113e-01 -1.616316771273704489e-01
-2.348603165928792869e-01 -1.391432457023837332e-01
-2.458845683763756229e-01 -1.156419569475820031e-01
-2.545942598336642937e-01 -9.134826435466836259e-02
-2.609434535490054996e-01 -6.648558807886303934e-02
-2.649072042679160299e-01 -4.127836207033691585e-02
-2.664812756063644761e-01 -1.595013697027748006e-02
-2.656816955530352797e-01 9.278247413405280378e-03
-2.625441621277741500e-01 3.419040780810825991e-02
-2.571233112682014821e-01 5.857607071709163699e-02
-2.494918595160300068e-01 8.223262416627680205e-02
-2.397396343731973412e-01 1.049665605094463328e-01
-2.279725053069820151e-01 1.265948043819400404e-01
-2.143112283170491572e-01 1.469459213626325700e-01
-1.988902167524794207e-01 1.658612042863196745e-01
-1.818562507018984808e-01 1.831956354273939214e-01
-1.633671367949761366e-01 1.988187239376745241e-01
-1.435903296700756226e-01 2.126152189564949058e-01
-1.227015257025773631e-01 2.244856997129163756e-01
-1.008832388734497432e-01 2.343470447047861505e-01
-7.832336469453368699e-02 2.421327772489127172e-01
-5.521375276304653357e-02 2.477933055536661322e-01
-3.174878299594078440e-02 2.512960540094479334e-01
-8.123949344865617067e-03 2.526254755774369198e-01
1.546553180046109088e-02 2.517829650694453636e-01
3.882608725195275251e-02 2.487866727204157691e-01
6.176712166725908948e-02 2.436712220021092223e-01
8.410231663563341731e-02 2.364873355202917193e-01
1.056508900334878903e-01 2.273013726833904846e-01
1.262388117788692254e-01 2.161947826458067157e-01
1.456999723251929113e-01 2.032634758316549384e-01
1.638773003573888443e-01 1.886171171521393020e-01
1.806238261927812228e-01 1.723783438589093775e-01
1.958036873518160248e-01 1.546819108422806122e-01
2.092930726598198066e-01 1.356737661014464913e-01
2.209811010821622068e-01 1.155100590962426371e-01
2.307706312952061689e-01 9.435608474706209947e-02
2.385789977695169373e-01 7.238516598923359913e-02
2.443386689064060979e-01 4.977747801610409722e-02
2.479978225412526605e-01 2.671881766404902298e-02
2.495208339248252138e-01 3.399321802715207091e-03
2.488886711346406655e-01 -1.998786090779859637e-02
2.460991927694642367e-01 -4.324793995000212471e-02
2.411673427577267492e-01 -6.618588897399986515e-02
2.341252371800547349e-01 -8.860788159716302681e-02
2.250221338813129524e-01 -1.103227447049782151e-01
2.139242956147125452e-01 -1.311434351166718137e-01
2.009147280870110519e-01 -1.508885257379320444e-01
1.860927836381309763e-01 -1.693836774683996904e-01
1.695736418353663844e-01 -1.864631014401176845e-01
1.514876594998106341e-01 -2.019709963808015152e-01
1.319795889776136100e-01 -2.157629493340478821e-01
1.112076645601713792e-01 -2.277072873671690256e-01
8.934255817091306395e-02 -2.376863674030253726e-01
6.656620676056208830e-02 -2.455977909450290098e-01
4.307051527318534606e-02 -2.513555302430894867e-01
1.905594054480437560e-02 -2.548909523895719342e-01
-5.270036944961711822e-03 -2.561537279530892164e-01
-2.969454495188508791e-02 -2.551126110663790025e-01
-5.400104485140810873e-02 -2.517560783920222978e-01
-7.797113880633307903e-02 -2.460928151025914556e-01
-1.013864454387648079e-01 -2.381520369329068743e-01
-1.240305292366364054e-01 -2.279836384907850122e-01
-1.456908675291831157e-01 -2.156581593447389200e-01
-1.661608375918700864e-01 -2.012665609345557771e-01
-1.852417053163776528e-01 -1.849198090618742185e-01
-2.027445959309501777e-01 -1.667482585975160470e-01
-2.184924265046970238e-01 -1.469008390716258772e-01
-2.323217794381185475e-01 -1.255440419695615928e-01
-2.440846958504624409e-01 -1.028607128158711692e-01
-2.536503623516884187e-01 -7.904865823087002530e-02
-2.609066887842244609e-01 -5.431906376230918876e-02
-2.657617405008642630e-01 -2.889473577514266658e-02
-2.681449973489914429e-01 -3.008194015045804505e-03
-2.680084383435001327e-01 2.310038366592734663e-02
-2.653274285801990318e-01 4.918534384553932548e-02
-2.601013928809198794e-01 7.499784813448175103e-02
-2.523542625575846965e-01 1.002882507135396672e-01
-2.421346838240569788e-01 1.248085399267612750e-01
-2.295159787512940364e-01 1.483148195314349105e-01
-2.145958522287528814e-01 1.705698039375591613e-01
-1.974958411350581367e-01 1.913453007806529271e-01
-1.783605048021181805e-01 2.104246534851687278e-01
-1.573563588446816874e-01 2.276051161107399690e-01
-1.346705574847041065e-01 2.427001327452497359e-01
-1.105093325877378740e-01 2.555414940280853475e-01
-8.509620070623022392e-02 2.659813440601252466e-01
-5.866995245051656593e-02 2.738940119852832922e-01
-3.148244144047870202e-02 2.791776439081478656e-01
-3.796192887578871394e-03 2.817556125346418194e-01
2.411814552256728167e-02 2.815776839739387860e-01
5.198448537212392584e-02 2.786209235013644703e-01
7.952408465068362686e-02 2.728903247302266188e-01
1.064584112015861256e-01 2.644191495474111364e-01
1.325120518385980994e-01 2.532689693009462784e-01
1.574156288459914455e-01 2.395294051683781733e-01
1.809087126065384021e-01 2.233175554516630135e-01
2.027426798670780572e-01 2.047771112707903185e-01
2.226834735123980613e-01 1.840771785708446018e-01
2.405142516827378507e-01 1.614108034664222813e-01
2.560378870613459479e-01 1.369932153539846487e-01
2.690792855650401272e-01 1.110598031695280014e-01
2.794874952777407495e-01 8.386384359961046586e-02
2.871375784645361917e-01 5.567400331191325880e-02
2.919322218728253593e-01 2.677164031185826423e-02
2.938030632429431965e-01 -2.552067688689619099e-03
2.927117149838830978e-01 -3.199913752614121781e-02
2.886504692859804266e-01 -6.126790495814450621e-02
2.816426725031716538e-01 -9.005622487944839327e-02
2.717427604002974895e-01 -1.180647117339097135e-01
2.590359497802114386e-01 -1.449999835264726422e-01
2.436375860328557907e-01 -1.705778723294709143e-01
2.256921502335659524e-01 -1.945265641203240692e-01
2.053719335089083387e-01 -2.165896311890129766e-01
1.828753904328931090e-01 -2.365289212139912722e-01
1.584251871620226959e-01 -2.541272684186731690e-01
1.322659638126917059e-01 -2.691909939755185999e-01
1.046618341787504680e-01 -2.815521650032195011e-01
7.589364923257653495e-02 -2.910705840809981182e-01
4.625605390459040789e-02 -2.976354841534665785e-01
1.605437677958860415e-02 -3.011669101861842446e-01
-1.439863668678159972e-02 -3.016167629891297608e-01
-4.478619269050505142e-02 -2.989694884773757000e-01
-7.479086762652824294e-02 -2.932424141033068143e-01
-1.040980609971839110e-01 -2.844857181450852757e-01
-1.323994351176182860e-01 -2.727820314961439396e-01
-1.593963019220625832e-01 -2.582456744587277586e-01
-1.848029175733795215e-01 -2.410215353992887499e-01
-2.083496464620656630e-01 -2.212836024188467032e-01
-2.297859575411749233e-01 -1.992331633723957163e-01
-2.488832177655251332e-01 -1.750966935844714967e-01
-2.654372496660400982e-01 -1.491234544014287677e-01
-2.792706227662945517e-01 -1.215828292458503435e-01
-2.902346516058932346e-01 -9.276142704915993353e-02
-2.982110765367681493e-01 -6.295998579326422817e-02
-3.031134071617748726e-01 -3.249011135374738762e-02
-3.048879122440157907e-01 -1.670888873665417069e-03
-3.035142440805919661e-01 2.917459451829680986e-02
-2.990056896537073849e-01 5.972277571942646163e-02
-2.914090452908619788e-01 8.965314984361349993e-02
-2.808041160285571491e-01 1.186517719110288804e-01
-2.673028453242317637e-01 1.464146857250942513e-01
-2.510480851428648630e-01 1.726512404861112460e-01
-2.322120207026250049e-01 1.970872570339458063e-01
-2.109942682445047346e-01 2.194680074198495368e-01
-1.876196762640426896e-01 2.395609757788219329e-01
-1.623358301715305263e-01 2.571583667162413156e-01
-1.354103078864761500e-01 2.720793273188844563e-01
-1.071277345481440463e-01 2.841718679543716597e-01
-7.778664523833922484e-02 2.933144561861293353e-01
-4.769620068954331937e-02 2.994172666111247216e-01
-1.717279409224724274e-02 3.024230733730844944e-01
1.346341173930438832e-02 3.023077763703776455e-01
4.389197692102855125e-02 2.990805565357154694e-01
7.379566667669094915e-02 2.927836599591372990e-01
1.028638833580219486e-01 2.834918150010690696e-01
1.307960093223829168e-01 2.713112908437191884e-01
1.573046229487042591e-01 2.563786101031945153e-01
1.821185517883698313e-01 2.388589321198703874e-01
2.049857289895317403e-01 2.189441273118316600e-01
2.256758216711731435e-01 1.968505664699639057e-01
2.439826028223447407e-01 1.728166520517559201e-01
2.597260415232182651e-01 1.471001213567054988e-01
2.727540897849294321e-01 1.199751539069101591e-01
2.829441480383445007e-01 9.172931738472918373e-02
2.902041952190342888e-01 6.266038807366858254e-02
2.944735734460713350e-01 3.307308289303528132e-02
2.957234214237643433e-01 3.275740801571648542e-03
2.939567548555682142e-01 -2.642300843358858647e-02
2.892081962957894770e-01 -5.571755034646153071e-02
2.815433696674694009e-01 -8.430853032670949931e-02
2.710579430941685297e-01 -1.119060027504044652e-01
2.578763521142612425e-01 -1.382324414255547418e-01
2.421502393421570698e-01 -1.630255864397836263e-01
2.240566047744844413e-01 -1.860410972774826366e-01
2.037956994248731890e-01 -2.070549834377813925e-01
1.815886889510000268e-01 -2.258657880223428893e-01
1.576751162379546600e-01 -2.422965029524225544e-01
1.323101938206824035e-01 -2.561961978742717250e-01
1.057619585472043683e-01 -2.674413483751316156e-01
7.830832199092579993e-02 -2.759368528116427632e-01
5.023405080759281438e-02 -2.816167308006391479e-01
2.182771149889302029e-02 -2.844445001910441140e-01
-6.621386105638251557e-03 -2.844132330775312467e-01
-3.482621289444576274e-02 -2.815452950855431014e-01
-6.250497924409222084e-02 -2.758917757087441247e-01
-8.938399703426767873e-02 -2.675316208719438760e-01
-1.152004151017836098e-01 -2.565704820857968027e-01
-1.397048003228079649e-01 -2.431392995183389860e-01
-1.626635387977285185e-01 -2.273926390006578979e-01
-1.838610341534087367e-01 -2.095068053818276155e-01
-2.031016827358974874e-01 -1.896777567282848243e-01
-2.202116084035025123e-01 -1.681188456063287262e-01
-2.350401427047365266e-01 -1.450584150795169724e-01
-2.474610393963243282e-01 -1.207372780864371387e-01
-2.573734244005512761e-01 -9.540611042774460593e-02
-2.647024499941973974e-01 -6.932278024567993524e-02
-2.693996683310945217e-01 -4.274965568053768622e-02
-2.714431458518913876e-01 -1.595091551497880913e-02
-2.708372963559359525e-01 1.081011339254876052e-02
-2.676124489552870189e-01 3.727356163668115591e-02
-2.618241613361451114e-01 6.318553966813836298e-02
-2.535522912766566828e-01 8.830055258205578295e-02
-2.428998416677010386e-01 1.123837846401600227e-01
-2.299915963333901692e-01 1.352132329200825545e-01
-2.149725657330392448e-01 1.565816717050742268e-01
-1.980062631328650957e-01 1.762984315889385145e-01
-1.792728330544031690e-01 1.941909797397667337e-01
-1.589670547325398309e-01 2.101062903073736554e-01
-1.372962439482262043e-01 2.239119965387682820e-01
-1.144780769424655897e-01 2.354973187498564657e-01
-9.073836017598919945e-02 2.447737648573397318e-01
-6.630876948369832102e-02 2.516756026715537553e-01
-4.142458169833231063e-02 2.561601055599027621e-01
-1.632242110080632524e-02 2.582075753850939792e-01
8.761957885217070557e-03 2.578211487787149814e-01
3.359583147790380642e-02 2.550263948079642962e-01
5.795159184272327679e-02 2.498707139137545663e-01
8.160873943130282637e-02 2.424225496275175251e-01
1.043557664631885595e-01 2.327704260007461556e-01
1.259919260773120497e-01 2.210218273352772822e-01
1.463288494075164203e-01 2.073019240126783014e-01
1.651920142703260097e-01 1.917521752674614111e-01
1.824220771478712033e-01 1.745288244743606887e-01
1.978760354406043087e-01 1.558012944920612597e-01
2.114282228472301739e-01 1.357505043940263334e-01
2.229711345007135415e-01 1.145671246002189225e-01
2.324160801798416109e-01 9.244978722310424890e-02
2.396936655219278345e-01 6.960326807889617717e-02
2.447541026691525401e-01 4.623665630677063071e-02
2.475673531766240110e-01 2.256152690210705414e-02
2.481231072850079156e-01 -1.209869277025468239e-03
2.464306048076758682e-01 -2.486638430924672377e-02
2.425183038975426697e-01 -4.819970800521627963e-02
2.364334048404735933e-01 -7.100604685416485318e-02
2.282412367711582901e-01 -9.308773627803679229e-02
2.180245158267757055e-01 -1.142547763699242741e-01
2.058824837488539006e-01 -1.343262823168346054e-01
1.919299363215403176e-01 -1.531318417188148318e-01
1.762961513037813455e-01 -1.705127720042062256e-01
1.591237256837132463e-01 -1.863232720932882502e-01
1.405673321670024289e-01 -2.004314633706970605e-01
1.207924048187774962e-01 -2.127203158837100982e-01
9.997376372342513251e-02 -2.230884564837932738e-01
7.829418842023955216e-02 -2.314508563697917354e-01
5.594294157504686033e-02 -2.377394000605217439e-01
3.311427526887022327e-02 -2.419033190590139937e-01
1.000591766351041460e-02 -2.439095066410080781e-01
-1.318247116646184373e-02 -2.437427161738566772e-01
-3.625084132622322791e-02 -2.414056296310874983e-01
-5.900029155014427373e-02 -2.369188026186598295e-01
-8.123459549359206278e-02 -2.303204870396979853e-01
-1.027617075005361758e-01 -2.216663329007309557e-01
-1.233952396074870228e-01 -2.110289711261098544e-01
-1.429559016501962265e-01 -1.984974796076051373e-01
-1.612728964258260678e-01 -1.841767350822716698e-01
-1.781852619332585652e-01 -1.681866538121496446e-01
-1.935431527728335155e-01 -1.506613244420973718e-01
-2.072090528405521326e-01 -1.317480368438820881e-01
-2.190589115084899674e-01 -1.116062112212183044e-01
-2.289831955517933615e-01 -9.040623225587809952e-02
-2.368878491730579960e-01 -6.832819362184552880e-02
-2.426951545976114843e-01 -4.556055878348665156e-02
-2.463444858791336289e-01 -2.229874462373256094e-02
-2.477929487750608895e-01 1.256364883751782523e-03
-2.470158998360779956e-01 2.489996704355151858e-02
-2.440073382138272517e-01 4.842494220695273827e-02
-2.387801641351067206e-01 7.162349955425469095e-02
-2.313662985274615169e-01 9.428885675492713891e-02
-2.218166589169685288e-01 1.162169426248996634e-01
-2.102009801936733924e-01 1.372081163167682138e-01
-1.966074966324223849e-01 1.570688718498444159e-01
-1.811424745463444674e-01 1.756135335849586532e-01
-1.639295750427846032e-01 1.926659350130232040e-01
-1.451090678454412808e-01 2.080610495757761746e-01
-1.248368913726649182e-01 2.216465657302199854e-01
-1.032835615911931737e-01 2.332843915725868467e-01
-8.063293360066248194e-02 2.428520741911727454e-01
-5.708082140594625264e-02 2.502441189165838797e-01
-3.283348288619875044e-02 2.553731937958356180e-01
-8.105978553792886343e-03 2.581712049445867851e-01
1.687958570639444891e-02 2.585902289387637665e-01
4.189592013785415486e-02 2.566032890997740346e-01
6.671250351567301062e-02 2.522049634106535154e-01
9.109761161029085452e-02 2.454118128752758032e-01
1.148204054444091349e-01 2.362626203976108119e-01
1.376530617530817568e-01 2.248184317082882466e-01
1.593729268617329886e-01 2.111623914935530921e-01
1.797646741526791880e-01 1.953993696760369658e-01
1.986224444205254847e-01 1.776553747433797514e-01
2.157519477420340448e-01 1.580767531023039296e-01
2.309725050263790325e-01 1.368291756319972574e-01
2.441190071845944221e-01 1.140964148985889326e-01
2.550437698773999617e-01 9.007891884659111059e-02
2.636182620804582988e-01 6.499218917570036280e-02
2.697346811100932995e-01 3.906496889282826124e-02
2.733073695506201273e-01 1.253727337887416797e-02
2.742740498467250432e-01 -1.434173887931618034e-02
2.725968410835102329e-01 -4.131604711977642647e-02
2.682630590990001673e-01 -6.812516101067427055e-02
2.612857808696315010e-01 -9.450661091680941095e-02
2.517041609072065422e-01 -1.201985123038208647e-01
2.395834897659654961e-01 -1.449421792887926885e-01
2.250149873205561646e-01 -1.684847610208904944e-01
2.081153262141108851e-01 -1.905818735193598179e-01
1.890258837613706944e-01 -2.110001988319086252e-01
1.679117235927997942e-01 -2.295200229241918799e-01
1.449603114072192389e-01 -2.459376835871898148e-01
1.203799723257309995e-01 -2.600678998661398733e-01
9.439810046991993497e-02 -2.717459550804947610e-01
6.725913448255151084e-02 -2.808297064227734396e-01
3.922231572855174042e-02 -2.872013953941192632e-01
1.055924881711115329e-02 -2.907692349500389795e-01
-1.844871316813308237e-02 -2.914687511804935904e-01
-4.751323379416476367e-02 -2.892638596187667166e-01
-7.634188150678472562e-02 -2.841476588431215422e-01
-1.046411116643539280e-01 -2.761429268794268754e-01
-1.321193113370622008e-01 -2.653023090025928843e-01
-1.584898744220846201e-01 -2.517081888367291298e-01
-1.834742735742859454e-01 -2.354722381316838864e-01
-2.068050898881911570e-01 -2.167346374179021096e-01
-2.282289776255772284e-01 -1.956629930467212730e-01
-2.475095279823372185e-01 -1.724509380459059715e-01
-2.644299827997066976e-01 -1.473164158902404430e-01
-2.787957789231983452e-01 -1.204996828996715008e-01
-2.904368885367346609e-01 -9.226103909792335300e-02
-2.992099258941680051e-01 -6.287830854907187905e-02
-3.049999930644500257e-01 -3.264409347735997002e-02
-3.077222398732650799e-01 -1.862829529976173064e-03
-3.073231161375505893e-01 2.915232767929225310e-02
-3.037812975195628984e-01 6.008275214575688195e-02
-2.971082698389029830e-01 9.060769846019289808e-02
-2.873485604347781330e-01 1.204077177738676618e-01
-2.745796091235233605e-01 1.491681010006316588e-01
-2.589112754015227558e-01 1.765823106417820088e-01
-2.404849827519167094e-01 2.023553622014741815e-01
-2.194725051735310073e-01 2.262071162094782817e-01
-1.960744053095441475e-01 2.478754423903358206e-01
-1.705181377580388125e-01 2.671192185136986863e-01
-1.430558352432061420e-01 2.837211279239076345e-01
-1.139617992617433517e-01 2.974902216656098441e-01
-8.352972054246204925e-02 3.082642134782895282e-01
-5.206965811894903595e-02 3.159114787019452475e-01
-1.990480896875899616e-02 3.203327312891361411e-01
1.263189702505578861e-02 3.214623566202123861e-01
4.520133600723578310e-02 3.192693744628167241e-01
7.746183150991756139e-02 3.137580410248450580e-01
1.090728587997755739e-01 3.049680617040682051e-01
1.396987575978860530e-01 2.929743960286712023e-01
1.690124203546423676e-01 2.778866763529825312e-01
1.966989117595286662e-01 2.598482360321156537e-01
2.224589775867773511e-01 2.390347552149857668e-01
2.460124019498105830e-01 2.156525369538639103e-01
2.671011735123407504e-01 1.899364307695926568e-01
2.854924231675761148e-01 1.621474250785115701e-01
3.009810981282282083e-01 1.325699339255623499e-01
3.133923402419242499e-01 1.015088072260281193e-01
3.225835396262723975e-01 6.928609714725153523e-02
3.284460383669352557e-01 3.623761631672581252e-02
3.309064629973288429e-01 2.709326183952052557e-03
3.299276687323172697e-01 -3.094640394472362305e-02
3.255092829090142637e-01 -6.437462496599473394e-02
3.176878397408758326e-01 -9.722167969111705776e-02
3.065365032596134021e-01 -1.291390740747390964e-01
2.921643801442567745e-01 -1.597873036656796975e-01
2.747154289582506292e-01 -1.888395913574048013e-01
2.543669770738838931e-01 -2.159854934203288002e-01
2.313278611993956346e-01 -2.409343322240293794e-01
2.058362118799297868e-01 -2.634184159886660548e-01
1.781569065634748816e-01 -2.831960083184902333e-01
1.485787221271143432e-01 -3.000540058326717774e-01
1.174112151210787713e-01 -3.138103160172370787e-01
8.498136121034129131e-02 -3.243158907782882072e-01
5.163000222626406427e-02 -3.314563782394844837e-01
1.770813561368906122e-02 -3.351533964565372448e-01
-1.642691071572721304e-02 -3.353654067511629977e-01
-5.041537449421323175e-02 -3.320881767142699892e-01
-8.389898173339918608e-02 -3.253548277325361560e-01
-1.165248511706898776e-01 -3.152354667542757172e-01
-1.479493360752042741e-01 -3.018364068694521229e-01
-1.778417597579022291e-01 -2.852989860748443296e-01
-2.058880024487367566e-01 -2.657979982696385135e-01
-2.317938990266409649e-01 -2.435397550216939211e-01
-2.552884093919793318e-01 -2.187598009054593229e-01
-2.761265260258266574e-01 -1.917203091872116127e-01
-2.940918864505293051e-01 -1.627071882739352382e-01
-3.089990618507776898e-01 -1.320269326052150027e-01
-3.206954969886051110e-01 -1.000032545143827306e-01
-3.290630807001035940e-01 -6.697353598272082209e-02
-3.340193306436849419e-01 -3.328514113151281179e-02
-3.355181805242714588e-01 7.083682799254696497e-04
-3.335503626878808525e-01 3.465107117104324758e-02
-3.281433837085663829e-01 6.818853570178318169e-02
-3.193610953161127863e-01 1.009716346403994880e-01
-3.073028676802549430e-01 1.326602847461466339e-01
-2.921023778020940265e-01 1.629270612614560632e-01
-2.739260286866538885e-01 1.914606700727204402e-01
-2.529710132730881300e-01 2.179692240182625751e-01
-2.294630548166522732e-01 2.421832731891392365e-01
-2.036538492467557804e-01 2.638585792475320324e-01
-1.758182398342576225e-01 2.827785972673700909e-01
-1.462511577540279717e-01 2.987566395715360312e-01
-1.152643645186642030e-01 3.116376999153633864e-01
-8.318303419965854262e-02 3.212999204588167790e-01
-5.034221482445819934e-02 3.276556882273464200e-01
-1.708320932906311554e-02 3.306523521300577251e-01
1.625008305038021239e-02 3.302725560288883866e-01
4.931482404730226643e-02 3.265341877792535819e-01
8.177285186146662777e-02 3.194899485371069381e-01
1.132942153835242716e-01 3.092265508969312959e-01
1.435605890350886149e-01 2.958635585392370149e-01
1.722685319277125204e-01 2.795518839768055264e-01
1.991325572602115068e-01 2.604719646515306630e-01
2.238879804573378485e-01 2.388316410074718399e-01
2.462935174668041405e-01 2.148637632140877884e-01
2.661336078354607504e-01 1.888235559047471979e-01
2.832204406354196791e-01 1.609857726027091873e-01
2.973956649611081970e-01 1.316416734083631912e-01
3.085317705209159600e-01 1.010958610016328141e-01
3.165331277535197163e-01 6.966301106172569091e-02
3.213366808822065712e-01 3.766454090359566687e-02
3.229122944229982917e-01 5.425231741993289704e-03
3.212627462471856488e-01 -2.673014486243002405e-02
3.164233773802003769e-01 -5.848014518252278582e-02
3.084614088350444150e-01 -8.950990288113595816e-02
2.974749362990273815e-01 -1.195142695726545967e-01
2.835916183393398238e-01 -1.482008147527802133e-01
2.669670768576246633e-01 -1.752926555889929017e-01
2.477830313086088199e-01 -2.005310894841910718e-01
2.262451906762609488e-01 -2.236780050009917753e-01
2.025809293506748154e-01 -2.445180496257930158e-01
1.770367748524590279e-01 -2.628605359199157054e-01
1.498757367962448017e-01 -2.785410708087237563e-01
1.213745075632635673e-01 -2.914228960567450399e-01
9.182056586194842218e-02 -3.013979313256366921e-01
6.150921469707415490e-02 -3.083875145710449628e-01
3.074058524859045460e-02 -3.123428378637871372e-01
-1.833622080709829258e-04 -3.132450799816979270e-01
-3.096180991280989003e-02 -3.111052402744008960e-01
-6.129799735597018379e-02 -3.059636813201209171e-01
-9.090205104552151472e-02 -2.978893907403208363e-01
-1.194937027974879717e-01 -2.869789751864739724e-01
-1.468048718652845697e-01 -2.733554019392677725e-01
-1.725820882593633865e-01 -2.571665057432614421e-01
-1.965887368241577837e-01 -2.385832804226561965e-01
-2.186071028594593624e-01 -2.177979832174570252e-01
-2.384402102206235330e-01 -1.950220544875776452e-01
-2.559134288086403752e-01 -1.704838883322626064e-01
-2.708758433247155373e-01 -1.444264938697675249e-01
-2.832013804483534680e-01 -1.171050517780412581e-01
-2.927896866478701954e-01 -8.878439761247985951e-02
-2.995667539920087719e-01 -5.973645703605860030e-02
-3.034852938225660601e-01 -3.023765780066846320e-02
-3.045248605425578958e-01 -5.663427809182085227e-04
-3.026917300499176178e-01 2.899979239928672861e-02
-2.980185394832844392e-01 5.818621457172891420e-02
-2.905636969272067383e-01 8.672399963184695970e-02
-2.804105715351724593e-01 1.143521904281451368e-01
-2.676664761594557684e-01 1.408200472552417759e-01
-2.524614560190331924e-01 1.658891738295371066e-01
-2.349468981859824945e-01 1.893355032726462550e-01
-2.152939777249194830e-01 2.109511303399860815e-01
-1.936919571800083673e-01 2.305459778876311483e-01
-1.703463567733042305e-01 2.479492873481957960e-01
-1.454770131624038287e-01 2.630109247658015681e-01
-1.193160449124468087e-01 2.756024957024468813e-01
-9.210574297707140035e-02 2.856182640563879604e-01
-6.409640446617574649e-02 2.929758715124559099e-01
-3.554412781764347551e-02 2.976168559616373943e-01
-6.708587198834498576e-03 2.995069687719205120e-01
2.214919413652816083e-02 2.986362984381784047e-01
5.076906442806619624e-02 2.950191856422318959e-01
7.889392993954756628e-02 2.886939431943877366e-01
1.062718912026502649e-01 2.797224009542211842e-01
1.326583224794327942e-01 2.681892636445278866e-01
1.578178767260366988e-01 2.542012943788479751e-01
1.815264027764811050e-01 2.378863320926258851e-01
2.035727623176247225e-01 2.193921518865980524e-01
2.237605350979964269e-01 1.988851780266883418e-01
2.419096016969640994e-01 1.765490600032375290e-01
2.578575940708722203e-01 1.525831226399962104e-01
2.714612049850829711e-01 1.272007017664439077e-01
2.825973483325651681e-01 1.006273774321081310e-01
2.911641632294580950e-01 7.309911705483988775e-02
2.970818556659091669e-01 4.486034126216422585e-02
3.002933723776471386e-01 1.616192551086626655e-02
3.007649024924283210e-01 -1.274084914100318683e-02
2.984862033987725760e-01 -4.159038248046313668e-02
2.934707481859694100e-01 -7.012886495209035009e-02
2.857556929182744065e-01 -9.810039679304147220e-02
2.754016629367889712e-01 -1.252531022878300149e-01
2.624923583338319988e-01 -1.513412248152846140e-01
2.471339797204978039e-01 -1.761271882731058058e-01
2.294544764117189828e-01 -1.993836104209113502e-01
2.096026201869099492e-01 -2.208952536864651484e-01
1.877469122566717274e-01 -2.404609043762470366e-01
1.640743160105944676e-01 -2.578951513798212192e-01
1.387888348504053293e-01 -2.730300568442688980e-01
1.121099462687618620e-01 -2.857167188569993410e-01
8.427088938138377339e-02 -2.958266971468695439e-01
5.551682037995669949e-02 -3.032532932906837897e-01
2.610284707410300345e-02 -3.079126730085839370e-01
-3.708045108823655039e-03 -3.097448188128175128e-01
-3.364716210958167836e-02 -3.087143020767169066e-01
-6.344235048991944681e-02 -3.048108645201395017e-01
-9.282031111200256257e-02 -2.980498001683023479e-01
-1.215089603379381905e-01 -2.884721300353649265e-01
-1.492398208496504286e-01 -2.761445631127312228e-01
-1.757504232862824312e-01 -2.611592387031693718e-01
-2.007866991014586044e-01 -2.436332467314296368e-01
-2.241053443743325213e-01 -2.237079243735826672e-01
-2.454761337843992530e-01 -2.015479291717351407e-01
-2.646841635980856089e-01 -1.773400907264692794e-01
-2.815320023317784970e-01 -1.512920450720752208e-01
-2.958417277665941203e-01 -1.236306579226603558e-01
-3.074568292086253263e-01 -9.460024511139608627e-02
-3.162439543264325414e-01 -6.446060070910163142e-02
-3.220944805647155684e-01 -3.348484547866510674e-02
-3.249258920363369829e-01 -1.957110473261113644e-03
-3.246829439382155624e-01 2.982992730772103529e-02
-3.213386022400779862e-01 6.157764244982795454e-02
-3.148947287074348456e-01 9.298416020943950366e-02
-3.053825115016923775e-01 1.237471377452998844e-01
-2.928626366550421967e-01 1.535666151919878319e-01
-2.774251775996640079e-01 1.821478989600192611e-01
-2.591892016471892268e-01 2.092044534070759687e-01
-2.383020898293659318e-01 2.344607728767369448e-01
-2.149385693160054955e-01 2.576552053683140442e-01
-1.892994605540682107e-01 2.785426986547527850e-01
-1.616101442922703302e-01 2.968974395237012343e-01
-1.321187567362634430e-01 3.125153569952123234e-01
-1.010941241853520051e-01 3.252164608799549828e-01
-6.882345159604573437e-02 3.348469878921934151e-01
-3.560978256222156052e-02 3.412813287258453787e-01
-1.769251157050335090e-03 3.444237110389378187e-01
3.237185109153739582e-02 3.442096151664241210e-01
6.648016716177983232e-02 3.406069015835894165e-01
1.002184970542488174e-01 3.336166316573967450e-01
1.332491202758168125e-01 3.232735660316652382e-01
1.652371857783128950e-01 3.096463280698673604e-01
1.958541352270485314e-01 2.928372230981055035e-01
2.247811242070742732e-01 2.729817077178453011e-01
2.517124050790334744e-01 2.502475071567193954e-01
2.763586346947847772e-01 2.248333824562258609e-01
2.984500700941145057e-01 1.969675532143790875e-01
3.177396205517805106e-01 1.669057827570647745e-01
3.340057040458841997e-01 1.349291456693662572e-01
3.470548865042238362e-01 1.013414953614786840e-01
3.567242794536923389e-01 6.646664355601193674e-02
3.628836496456784300e-01 3.064528418322606459e-02
3.654372177232231289e-01 -5.768311544220049158e-03
3.643251204633038975e-01 -4.240979723820539893e-02
3.595245143787835218e-01 -7.890841608178808531e-02
3.510503020536827612e-01 -1.148907911091838624e-01
3.389554664765453418e-01 -1.499848017271399048e-01
3.233310027890076710e-01 -1.838235054151058367e-01
3.043054412351211546e-01 -2.160490622174990050e-01
2.820439596325360898e-01 -2.463166187904103355e-01
2.567470883370361334e-01 -2.742981084084140098e-01
2.286490153822080262e-01 -2.996859234899552082e-01
1.980155041893045531e-01 -3.221964178710678417e-01
1.651414409004598460e-01 -3.415731972494446267e-01
1.303480329326457687e-01 -3.575901579299836097e-01
9.397968472172563148e-02 -3.700542362179995992e-01
5.640058076829356642e-02 -3.788078335097359028e-01
1.799100995416885035e-02 -3.837308852974203877e-01
-2.085653138246901239e-02 -3.847425459072776333e-01
-5.974141699381400189e-02 -3.818024647868905608e-01
-9.825910557313033422e-02 -3.749116345106194292e-01
-1.360054473668955710e-01 -3.641127953306615428e-01
-1.725810403830881357e-01 -3.494903846926812885e-01
-2.075955717144469248e-01 -3.311700282724631683e-01
-2.406721064971828472e-01 -3.093175759031960848e-01
-2.714512853761187894e-01 -2.841376813997346651e-01
-2.995953661160159487e-01 -2.558719399577610853e-01
-3.247920672239479889e-01 -2.247965989766966544e-01
-3.467581678995954597e-01 -1.912198634877871617e-01
-3.652428209197229325e-01 -1.554788223366907474e-01
-3.800305379011676421e-01 -1.179360259867885674e-01
-3.909438097454109307e-01 -7.897575121382760521e-02
-3.978453289121950398e-01 -3.899999199603954025e-02
-4.006397844580564804e-01 1.575780487744428762e-03
-3.992752054602874967e-01 4.232704270582261785e-02
-3.937438334742922597e-01 8.282477980622303393e-02
-3.840825099842494206e-01 1.226401321152095214e-01
-3.703725703407811931e-01 1.613490749128747570e-01
-3.527392413688975603e-01 1.985370784394634991e-01
-3.313505456060613641e-01 2.338036948574782614e-01
-3.064157209233093759e-01 2.667670193037701698e-01
-2.781831700205460445e-01 2.970679732135065865e-01
-2.469379598990636415e-01 3.243743597768001252e-01
-2.129988968296682161e-01 3.483846436834905358e-01
-1.767152074850407706e-01 3.688314101987372751e-01
-1.384628617245009519e-01 3.854844620606712180e-01
-9.864057694620842476e-02 3.981535166629397993e-01
-5.766554303281190563e-02 4.066904705289119959e-01
-1.596892997524746588e-02 4.109912003741865161e-01
2.600878102294633398e-02 4.109968836003772275e-01
6.782260080030609595e-02 4.066948175641058594e-01
1.090279006795210198e-01 3.981187246503019583e-01
1.491852954082062699e-01 3.853485386314485228e-01
1.878654847599435795e-01 3.685096726929695254e-01
2.246539982129703850e-01 3.477717755825347479e-01
2.591557880488233323e-01 3.233469883661610478e-01
2.909996177986290400e-01 2.954877201721182733e-01
3.198421951935079832e-01 2.644839670015897704e-01
3.453720016224840483e-01 2.306602031118393237e-01
3.673127735331855881e-01 1.943718795655584586e-01
3.854265951868381390e-01 1.560015692254356490e-01
3.995165666519242542e-01 1.159548016970566586e-01
4.094290158363775856e-01 7.465563543296718785e-02
4.150552286565418747e-01 3.254201735943418328e-02
4.163326770576641356e-01 -9.939017064506366905e-03
4.132457304665991815e-01 -5.233624853084128253e-02
4.058258423006729787e-01 -9.419922722597148801e-02
3.941512093029416741e-01 -1.350832181648833064e-01
3.783459076477536098e-01 -1.745540819418574807e-01
3.585785158855677723e-01 -2.121930350970035184e-01
3.350602407970260099e-01 -2.476012357405930064e-01
3.080425680295534874e-01 -2.804041421707842985e-01
2.778144606066082489e-01 -3.102555962407948509e-01
2.446991504197761069e-01 -3.368415793283650039e-01
2.090505531037852305e-01 -3.598836060953901628e-01
1.712493378743576711e-01 -3.791417177381012915e-01
1.316987107909184662e-01 -3.944170366026167329e-01
9.081995635141960899e-02 -4.055538563440493904e-01
4.904778894056767424e-02 -4.124412450979337841e-01
6.825567704964563553e-03 -4.150141448915297682e-01
-3.539957016788908284e-02 -4.132539564611248384e-01
-7.718160204980879791e-02 -4.071886046861548092e-01
-1.180804825641866701e-01 -3.968920859270476109e-01
-1.576669211803666537e-01 -3.824835045864501404e-01
-1.955270207743109168e-01 -3.641256121290034065e-01
-2.312667251118413203e-01 -3.420228675211312019e-01
-2.645160257140429239e-01 -3.164190435201501561e-01
-2.949328816445578316e-01 -2.875944083858419376e-01
-3.222068093740604877e-01 -2.558625173463819347e-01
-3.460621039802753707e-01 -2.215666524683737593e-01
-3.662606574787654612e-01 -1.850759534078208479e-01
-3.826043449915693673e-01 -1.467812848118547897e-01
-3.949369546845038492e-01 -1.070908888636581402e-01
-4.031456428730677555e-01 -6.642587358650385576e-02
-4.071619013422911881e-01 -2.521558902617348705e-02
-4.069620296768897139e-01 1.610705569875908391e-02
-4.025671111833184490e-01 5.711028125708033504e-02
-3.940424931488743510e-01 9.736808229508658874e-02
-3.814967912607363787e-01 1.364647667462534908e-01
-3.650804291671430057e-01 1.739993486645586285e-01
-3.449837245698388899e-01 2.095897488781809648e-01
-3.214345578964377670e-01 2.428767506631070716e-01
-2.946956506942290388e-01 2.735276714654971686e-01
-2.650614880600677958e-01 3.012397124488398470e-01
-2.328549231238584150e-01 3.257429517687844278e-01
-1.984235048110724875e-01 3.468029519582247477e-01
-1.621355727899539967e-01 3.642229565784314560e-01
-1.243761656358992607e-01 3.778456562966074905e-01
-8.554278980061807980e-02 3.875545097218914825e-01
-4.604109794622966018e-02 3.932746096051084606e-01
-6.280525591078706289e-03 3.949730903166483453e-01
3.333006518111625988e-02 3.926590777964781842e-01
7.238668696275268877e-02 3.863831883565856939e-01
1.104944265460186259e-01 3.762365877473946019e-01
1.472714979047646811e-01 3.623496267171689156e-01
1.823531061506065698e-01 3.448900738420891954e-01
2.153950827778094990e-01 3.240609706338459794e-01
2.460772557263182225e-01 3.000981377954979323e-01
2.741065213766952779e-01 2.732673649546892292e-01
2.992195894942260570e-01 2.438613192217036207e-01
3.211853763084537849e-01 2.121962104700653162e-01
3.398070252930676105e-01 1.786082532977902315e-01
3.549235369474617596e-01 1.434499642570162548e-01
3.664110034372942692e-01 1.070863470468438883e-01
3.741834393911571688e-01 6.989099976345450327e-02
3.781931987902150683e-01 3.224218301029120604e-02
3.784309884381144573e-01 -5.481098978946611494e-03
3.749254829348240836e-01 -4.290296601467250698e-02
3.677425524218849162e-01 -7.965443818423932620e-02
3.569841183906415916e-01 -1.153770822550503339e-01
3.427866565982987668e-01 -1.497264921074799304e-01
3.253193695807097274e-01 -1.823755696645081859e-01
3.047820543522200554e-01 -2.130175757111468227e-01
2.814026936134802481e-01 -2.413689231978590477e-01
2.554348011252400852e-01 -2.671716890521091403e-01
2.271545538327444658e-01 -2.901958241331578647e-01
1.968577448302026300e-01 -3.102410447085828804e-01
1.648565923323706828e-01 -3.271383926578076418e-01
1.314764404706759982e-01 -3.407514554697031461e-01
9.705238796010010049e-02 -3.509772409506499158e-01
6.192588050104326503e-02 -3.577467053506039329e-01
2.644130220333306205e-02 -3.610249373042395127e-01
-9.057399632308277618e-03 -3.608110035314648911e-01
-4.423002334226207310e-02 -3.571374656091170774e-01
-7.874332392900196265e-02 -3.500695802796720546e-01
-1.122740967983831273e-01 -3.397041986736247798e-01
-1.445121068857677105e-01 -3.261683824643033525e-01
-1.751628362306161257e-01 -3.096177538872636470e-01
-2.039500321932269378e-01 -2.902346133750853818e-01
-2.306180367426642064e-01 -2.682258398826244949e-01
-2.549338732489138115e-01 -2.438205934776728478e-01
-2.766890823110334519e-01 -2.172678577611808215e-01
-2.957012944547401379e-01 -1.888338456957598943e-01
-3.118155316841283997e-01 -1.587992966532767725e-01
-3.249052327676209551e-01 -1.274566926145629109e-01
-3.348729999639799559e-01 -9.510742128063216783e-02
-3.416510676207786812e-01 -6.205891340217482149e-02
-3.452014956785258715e-01 -2.862178092216909053e-02
-3.455160935652010212e-01 4.893018422687443920e-03
-3.426160822481412183e-01 3.817696555833174910e-02
-3.365515043063628253e-01 7.092669045402626160e-02
-3.274003937833849243e-01 1.028465868049806692e-01
-3.152677192688703722e-01 1.336513110395500525e-01
-3.002841151308646150e-01 1.630681474255422647e-01
-2.826044170764307473e-01 1.908392228820629533e-01
-2.624060192576377348e-01 2.167235569891738933e-01
-2.398870709657823230e-01 2.404989346025327157e-01
-2.152645315758133782e-01 2.619635904006948901e-01
-1.887721028240758603e-01 2.809376965972756324e-01
-1.606580577367732188e-01 2.972646469191076446e-01
-1.311829855868407169e-01 3.108121317675688333e-01
-1.006174721575943676e-01 3.214730012284954253e-01
-6.923973559583156134e-02 3.291659104108965450e-01
-3.733323449275646050e-02 3.338357592571961074e-01
-5.184264344888816350e-03 3.354539192464620068e-01
2.692043459079779266e-02 3.340182423324779548e-01
5.869604407770734333e-02 3.295528682015985145e-01
8.986199271361783314e-02 3.221078310292262992e-01
1.201442233227351386e-01 3.117584720167725920e-01
1.492773882776292915e-01 2.986046649583158907e-01
1.770069589343378214e-01 2.827698629595017388e-01
2.030912362098378221e-01 2.643999752170504425e-01
2.273032501831580565e-01 2.436620834730343632e-01
2.494325374531556061e-01 2.207430083920226549e-01
2.692867858328271136e-01 1.958477366797608255e-01
2.866933367992176018e-01 1.691977202777925349e-01
3.015005369485991293e-01 1.410290594376108764e-01
3.135789305293700813e-01 1.115905819082508438e-01
3.228222859423670599e-01 8.114183086957181545e-02
3.291484499136480557e-01 4.995097461563953456e-02
3.325000238630975158e-01 1.829265134312107674e-02
3.328448578190987273e-01 -1.355423726847767955e-02
3.301763580713419355e-01 -4.530876968308611419e-02
3.245136056172204242e-01 -7.669027104168768538e-02
3.159012833488824556e-01 -1.074205880257869672e-01
3.044094108542662047e-01 -1.372263572177166713e-01
2.901328866721778477e-01 -1.658412518973660932e-01
2.731908392993328549e-01 -1.930081878221912017e-01
2.537257894205386943e-01 -2.184814855019500124e-01
2.319026224054223373e-01 -2.420289647591389870e-01
2.079073791764970702e-01 -2.634339472950678607e-01
1.819458704152596418e-01 -2.824971646967683880e-01
1.542421203021585863e-01 -2.990385523245004951e-01
1.250366477780077146e-01 -3.128989139456803126e-01
9.458459465981775005e-02 -3.239414423181434244e-01
6.315371131638441993e-02 -3.320530813843628470e-01
3.102221199683526456e-02 -3.371457163290650927e-01
-1.523486704815373060e-03 -3.391571784850024862e-01
-3.419112938964936899e-02 -3.380520529533196372e-01
-6.668507119312792886e-02 -3.338222778420223968e-01
-9.870879542194549439e-02 -3.264875252225054592e-01
-1.299674807594535242e-01 -3.160953552614860773e-01
-1.601705981734556639e-01 -3.027211365030486601e-01
-1.890345166344976902e-01 -2.864677269490554234e-01
-2.162850958602799134e-01 -2.674649124092494668e-01
-2.416602435639874091e-01 -2.458686005552970788e-01
-2.649124141220619566e-01 -2.218597712030888625e-01
-2.858110252101145887e-01 -1.956431855491218563e-01
-3.041447688027525409e-01 -1.674458593810812246e-01
-3.197237930106782144e-01 -1.375153076483898451e-01
-3.323817315508696968e-01 -1.061175701914623543e-01
-3.419775582247180923e-01 -7.353503086228235786e-02
-3.483972441877676296e-01 -4.006404915220704299e-02
-3.515552006831380027e-01 -6.012408083510887777e-03
-3.513954819728486445e-01 2.830339407012764930e-02
-3.478927330286883390e-01 6.256097673562281691e-02
-3.410528685964321904e-01 9.643502450737478915e-02
-3.309134687219095206e-01 1.296003192865575471e-01
-3.175438796470846370e-01 1.617348297888400455e-01
-3.010450116276047194e-01 1.925228296283308382e-01
-2.815488280675906285e-01 2.216580139562012719e-01
-2.592175233869000173e-01 2.488465836890909610e-01
-2.342423902011906423e-01 2.738102657294238518e-01
-2.068423796730111397e-01 2.962892372784284856e-01
-1.772623622470414495e-01 3.160449223906052763e-01
-1.457710993761099083e-01 3.328626293292793470e-01
-1.126589402362437736e-01 3.465539980660158892e-01
-7.823526077667139478e-02 3.569592284267045779e-01
-4.282566571125724642e-02 3.639490609237711061e-01
-6.768977187713631771e-03 3.674264842219279736e-01
2.958596317334066458e-02 3.673281454536168611e-01
6.588364943848971922e-02 3.636254422141221854e-01
1.017653918089684861e-01 3.563252780043921208e-01
1.368728882600603325e-01 3.454704661259892506e-01
1.708518514273305866e-01 3.311397705366330158e-01
2.033556533119910970e-01 3.134475759112441140e-01
2.340489492917008918e-01 2.925431830828481572e-01
2.626112408539245102e-01 2.686097346819540932e-01
2.887403439706029973e-01 2.418627622279606593e-01
3.121557159448371532e-01 2.125483706497736935e-01
3.326016024321653552e-01 1.809410839604656263e-01
3.498499726342482186e-01 1.473413555669630115e-01
3.637032046455110912e-01 1.120727685568650572e-01
3.739964874004844120e-01 7.547895108612417969e-02
3.805999082113522558e-01 3.792023571361143042e-02
3.834201978497960295e-01 -2.299050092360774538e-04
3.824021084875100507e-01 -3.858861123249586467e-02
3.775294035328571329e-01 -7.676753852670968603e-02
3.688254424486596683e-01 -1.143768699680643430e-01
3.563533479646294744e-01 -1.510293949675859948e-01
3.402157476594193652e-01 -1.863446107281969411e-01
3.205540866296682778e-01 -2.199528012172389246e-01
2.975475128312611295e-01 -2.514990480656522087e-01
2.714113416131692658e-01 -2.806471278642393430e-01
2.423951109065108911e-01 -3.070832509315222225e-01
2.107802434195183983e-01 -3.305195977788968342e-01
1.768773369611568447e-01 -3.506976111923623129e-01
1.410231086108427179e-01 -3.673910040741756866e-01
1.035770228089698819e-01 -3.804084459234318150e-01
6.491763750474335848e-02 -3.895958940559507977e-01
2.543870620900227225e-02 -3.948385393384048481e-01
-1.445492289117730755e-02 -3.960623403004492893e-01
-5.435156431527539411e-02 -3.932351284136730296e-01
-9.383707214636566318e-02 -3.863672552089234546e-01
-1.324992782424149473e-01 -3.755117753204904041e-01
-1.699324402051951566e-01 -3.607641701480630014e-01
-2.057416572663663956e-01 -3.422615978150654881e-01
-2.395472004282080403e-01 -3.201816774958532452e-01
-2.709887070362735351e-01 -2.947408178279912749e-01
-2.997291910637343570e-01 -2.661921045418962906e-01
-3.254588220881361460e-01 -2.348227677297541893e-01
-3.478984282259501848e-01 -2.009512542716347938e-01
-3.668026811362276596e-01 -1.649239357736633771e-01
-3.819629245819963215e-01 -1.271114868881948468e-01
-3.932096119097629461e-01 -8.790497301988987877e-02
-4.004143221299024669e-01 -4.771169011946753413e-02
-4.034913290039361944e-01 -6.950802478861997646e-03
-4.023987026132464506e-01 3.395117287651201743e-02
-3.971389282372772556e-01 7.456498448829128323e-02
-3.877590329432051286e-01 1.144633152322284131e-01
-3.743502160156009784e-01 1.532254484307523645e-01
-3.570469851634627267e-01 1.904418779320034005e-01
-3.360258062613554197e-01 2.257188091624446613e-01
-3.115032801388116224e-01 2.586824991894834391e-01
-2.837338655555651790e-01 2.889833854939317104e-01
-2.530071729188274055e-01 3.162999554322640794e-01
-2.196448584441403618e-01 3.403423112401587902e-01
-1.839971566917677770e-01 3.608553929927780790e-01
-1.464390781494069871e-01 3.776218107825990433e-01
-1.073663262069219082e-01 3.904642569067079960e-01
-6.719098428392418498e-02 3.992474808380261919e-01
-2.633701096061898464e-02 4.038797917953300676e-01
1.476440114601676803e-02 4.043140743690412098e-01
5.567954958314798308e-02 4.005483050884534046e-01
9.597697512286897104e-02 3.926255636882279298e-01
1.352321890819830896e-01 3.806335387874910658e-01
1.730323205779453755e-01 3.647035336595866317e-01
2.089806303351642858e-01 3.450089836700853674e-01
2.427008392406769799e-01 3.217635027214296728e-01
2.738412220613173353e-01 2.952184815926772177e-01
3.020784195483192658e-01 2.656602663329523106e-01
3.271209255345681743e-01 2.334069497917715119e-01
3.487122095319138970e-01 1.988048138871349735e-01
3.666334397118863331e-01 1.622244642671978321e-01
3.807057759475650505e-01 1.240567025634599363e-01
3.907922077467094191e-01 8.470818441938227084e-02
3.967989173515149570e-01 4.459691387200029333e-02
3.986761539498477891e-01 4.147626436964567571e-03
3.964186107651048729e-01 -3.621288562095514169e-02
3.900653026937840884e-01 -7.606045187168759825e-02
3.796989480674136108e-01 -1.149781523767826469e-01
3.654448639548601996e-01 -1.525608434696894000e-01
3.474693944493734699e-01 -1.884195327566687006e-01
3.259778778025175794e-01 -2.221855450834312740e-01
3.012121908368927681e-01 -2.535144347502079620e-01
2.734479080955563024e-01 -2.820896112338804884e-01
2.429910968780481795e-01 -3.076256287077951401e-01
2.101747923145730612e-01 -3.298711063637171925e-01
1.753551951267678100e-01 -3.486112485983182685e-01
1.389076376860845508e-01 -3.636699390725098291e-01
1.012223663671806273e-01 -3.749113878771308528e-01
6.270018997816217965e-02 -3.822413164754795423e-01
2.374804521438903665e-02 -3.856076706722349479e-01
-1.522546938178894783e-02 -3.850008575083933016e-01
-5.381453956791816540e-02 -3.804535076315432307e-01
-9.162051098625639822e-02 -3.720397702693072350e-01
-1.282561448456440711e-01 -3.598741533717796925e-01
-1.633497062739534544e-01 -3.441099267194450695e-01
-1.965488403857317268e-01 -3.249371107527837532e-01
-2.275241941006506952e-01 -3.025800785091182221e-01
-2.559727452161182359e-01 -2.772948022966571502e-01
-2.816208041330201528e-01 -2.493657805461214627e-01
-3.042266579031340790e-01 -2.191026836139269018e-01
-3.235828308521342955e-01 -1.868367601314383231e-01
-3.395179408717030611e-01 -1.529170477731770506e-01
-3.518981355039270120e-01 -1.177064340313277446e-01
-3.606280970950500597e-01 -8.157761372031013813e-02
-3.656516165899671988e-01 -4.490898765721576535e-02
-3.669517189766016707e-01 -8.080556020656935387e-03
-3.645503584344049752e-01 2.853014661958219386e-02
-3.585077019264645282e-01 6.455203880830293062e-02
-3.489209997117375117e-01 9.962435093773271133e-02
-3.359230674916087178e-01 1.334003152887025534e-01
-3.196804035496988439e-01 1.655506484819823099e-01
-3.003909681118420161e-01 1.957667905404376352e-01
-2.782816556208457248e-01 2.237638682420100555e-01
-2.536054936511890068e-01 2.492833542525344503e-01
-2.266386047518012536e-01 2.720953976117966300e-01
-1.976769695767062740e-01 2.920008054490391691e-01
-1.670330312267874762e-01 3.088326602665014686e-01
-1.350321817713902306e-01 3.224575616916733889e-01
-1.020091724431508723e-01 3.327764862007094870e-01
-6.830448900748144203e-02 3.397252628974651301e-01
-3.426073331048981596e-02 3.432746679369246823e-01
-2.190510232167691110e-04 3.434301445526082297e-01
3.348435585049499424e-02 3.402311598320663655e-01
6.652159502114378398e-02 3.337502133335887855e-01
9.857629412126767132e-02 3.240915163057891402e-01
1.293466233280216870e-01 3.113893636195566583e-01
1.585481016226014950e-01 2.958062235140181406e-01
1.859161611486931098e-01 2.775305728652443515e-01
2.112084475960558927e-01 2.567745078850077189e-01
2.342068438152813126e-01 2.337711599851156064e-01
2.547191840117453143e-01 2.087719531406309614e-01
2.725806609629666255e-01 1.820437394081473037e-01
2.876549300253985475e-01 1.538658387798174099e-01
2.998348890902033936e-01 1.245270224644635521e-01
3.090431409566078980e-01 9.432247290821464680e-02
3.152321422598083345e-01 6.355075372828758451e-02
3.183840465225797334e-01 3.251082155196260981e-02
3.185102521220759542e-01 1.499110220518414622e-03
3.156506689405287336e-01 -2.919328403312846515e-02
3.098727201699693623e-01 -5.928328995864529105e-02
3.012700981408171774e-01 -8.849839711925508445e-02
2.899612951214473600e-01 -1.165790186681909396e-01
2.760879317751389062e-01 -1.432806623056930018e-01
2.598129073519394594e-01 -1.683758935175094784e-01
2.413183967311376410e-01 -1.916560781382216638e-01
2.208037201155888529e-01 -2.129328942588478712e-01
1.984831115176231564e-01 -2.320396064664786151e-01
1.745834121779917814e-01 -2.488320983242251483e-01
1.493417147391861433e-01 -2.631896618348230077e-01
1.230029833715172993e-01 -2.750155453458576482e-01
9.581767414736952482e-02 -2.842372639169929993e-01
6.803937880207834576e-02 -2.908066785515955877e-01
3.992251363771919664e-02 -2.946998528724903976e-01
1.172007374970442974e-02 -2.959166977741319315e-01
-1.631853496723034355e-02 -2.944804153228164356e-01
-4.394955089464230857e-02 -2.904367558278583838e-01
-7.093679705529963575e-02 -2.838531080341055723e-01
-9.705350638191356794e-02 -2.748174319530352627e-01
-1.220840028542334449e-01 -2.634370525260757989e-01
-1.458252360493900168e-01 -2.498373314299721093e-01
-1.680881625983197403e-01 -2.341602341586118685e-01
-1.886989699811453258e-01 -2.165628094703206663e-01
-2.075001399446535499e-01 -1.972155980309422962e-01
-2.243513505627587890e-01 -1.763009866304643403e-01
-2.391302175665520890e-01 -1.540115237262621450e-01
-2.517328770281387906e-01 -1.305482112928237626e-01
-2.620744127794922274e-01 -1.061187870610402623e-01
-2.700891330752229758e-01 -8.093601023561988739e-02
-2.757307019614334553e-01 -5.521596271307199072e-02
-2.789721315903476162e-01 -2.917637671098519125e-02
-2.798056423243555080e-01 -3.034998587332339570e-03
-2.782423979091283583e-01 2.299200249951947883e-02
-2.743121232722914304e-01 4.869157354088168854e-02
-2.680626126334670900e-01 7.385525774288437262e-02
-2.595591356075194200e-01 9.828061020022067773e-02
-2.488837488619161098e-01 1.217725445791672245e-01
-2.361345206694193954e-01 1.441446070233662058e-01
-2.214246753982945792e-01 1.652201742044854260e-01
-2.048816646242135886e-01 1.848335730376242658e-01
-1.866461650562322439e-01 2.028311200922997826e-01
-1.668710275891193695e-01 2.190720762143706368e-01
-1.457201710748029511e-01 2.334295221045027402e-01
-1.233674127234010431e-01 2.457911493951124848e-01
-9.999525846395088124e-02 2.560599646447960231e-01
-7.579365175053302817e-02 2.641549064101806343e-01
-5.095868502081982859e-02 2.700113740911703197e-01
-2.569127787136697705e-02 2.735816670862185607e-01
-1.958259611958880768e-04 2.748353325957839655e-01
2.532117530163422586e-02 2.737594201928753024e-01
5.065252809372449566e-02 2.703586410586333311e-01
7.559174609275187695e-02 2.646554295776112897e-01
9.993448020267553522e-02 2.566899048209917988e-01
1.234799508881294222e-01 2.465197293350260555e-01
1.460323814126183728e-01 2.342198626140276907e-01
1.674024257012222405e-01 2.198822066883637794e-01
1.874085839209785609e-01 2.036151414122407410e-01
2.058785982077177001e-01 1.855429473056454392e-01
2.226508202855591034e-01 1.658051141989669020e-01
2.375755420448006638e-01 1.445555344541651077e-01
2.505162794869399412e-01 1.219615801963858381e-01
2.613509998341514984e-01 9.820306478495927083e-02
2.699732810570754649e-01 7.347108967976423433e-02
2.762933926213752001e-01 4.796677891162505480e-02
2.802392859116453194e-01 2.189990453404775869e-02
2.817574766058295044e-01 -4.512593284824119658e-03
2.808138248254061775e-01 -3.104817981137145827e-02
2.773941908354179975e-01 -5.748039434475045451e-02
2.715049413004236856e-01 -8.358060289239281626e-02
2.631733131891689226e-01 -1.091198201842478038e-01
2.524476194585100752e-01 -1.338705913976521444e-01
2.393972871515893108e-01 -1.576089202260580191e-01
2.241127196388887632e-01 -1.801162285188826484e-01
2.067049760278696358e-01 -2.011813314002803554e-01
1.873052622607558337e-01 -2.206024105702509841e-01
1.660642301000603560e-01 -2.381889674302304361e-01
1.431510820532028994e-01 -2.537637367841683034e-01
1.187524822928078677e-01 -2.671645411704913209e-01
9.307127576622756249e-02 -2.782460654036318926e-01
6.632501993140056673e-02 -2.868815306667453213e-01
3.874433587822453950e-02 -2.929642475176149619e-01
1.057108796448043286e-02 -2.964090274618889076e-01
-1.794359651993125693e-02 -2.971534333222737856e-01
-4.654145378171442582e-02 -2.951588494955800224e-01
-7.495933985776519204e-02 -2.904113543437206735e-01
-1.029315984482376545e-01 -2.829223784074893500e-01
-1.301925197550298785e-01 -2.727291338561897982e-01
-1.564788679076188349e-01 -2.598948025802644834e-01
-1.815324528337350363e-01 -2.445084725816792925e-01
-2.051027209407194629e-01 -2.266848147971400884e-01
-2.269493320923846591e-01 -2.065634933304629772e-01
-2.468447113585008346e-01 -1.843083149373677398e-01
-2.645765382048722580e-01 -1.601061083306447586e-01
-2.799501309514684233e-01 -1.341653371105736015e-01
-2.927907147206211813e-01 -1.067144602159107586e-01
-3.029455395698577025e-01 -7.800004709338011211e-02
-3.102858214299679673e-01 -4.828466103058750430e-02
-3.147084796549355357e-01 -1.784452724481725913e-02
-3.161376465474850517e-01 1.303299463568691891e-02
-3.145259261431978537e-01 4.405211116523992387e-02
-3.098553818029022300e-01 7.491144351204706564e-02
-3.021382347575249927e-01 1.053069960202804856e-01
-2.914172586466993731e-01 1.349352150001031370e-01
-2.777658582621722605e-01 1.634961059588429522e-01
-2.612878241147686409e-01 1.906963759482252496e-01
-2.421167580504803851e-01 2.162525665399572805e-01
-2.204151689045098506e-01 2.398941421805031726e-01
-1.963732410559601016e-01 2.613664983360838856e-01
-1.702072826818589180e-01 2.804338539359123583e-01
-1.421578644568632921e-01 2.968819931648403743e-01
-1.124876633525710851e-01 3.105208226494157175e-01
-8.147903000554236608e-02 3.211867115211599066e-01
-4.943130179374612826e-02 3.287445837188223141e-01
-1.665788723592169160e-02 3.330897341923988453e-01
1.651684944233093588e-02 3.341493433746753894e-01
4.976086660637359105e-02 3.318836648190635064e-01
8.273786655243070554e-02 3.262868769244261502e-01
1.151108160703545186e-01 3.173875723720172015e-01
1.465455148708163513e-01 3.052488720052367044e-01
1.767141873737587687e-01 2.899681648367499198e-01
2.052990526766660107e-01 2.716764677062787348e-01
2.319958316243562191e-01 2.505374062084206321e-01
2.565171499997900284e-01 2.267458230389517437e-01
2.785957974628713307e-01 2.005260244335794750e-01
2.979878029814727602e-01 1.721296798365526681e-01
3.144752891192166833e-01 1.418333942794349489e-01
3.278690696543199445e-01 1.099359771150013876e-01
3.380109575828058599e-01 7.675543468153735172e-02
3.447757535808028684e-01 4.262571811510434266e-02
3.480728884314714389e-01 7.893260831038140246e-03
3.478476967234765960e-01 -2.708665688559817875e-02
3.440823032555951344e-01 -6.195367624976841348e-02
3.367961079869767338e-01 -9.634621934870851723e-02
3.260458600014753960e-01 -1.299053960274619557e-01
3.119253157505708085e-01 -1.622789137873418830e-01
2.945644817431057327e-01 -1.931249457244128553e-01
2.741284467998529317e-01 -2.221159116125158983e-01
2.508158139240348472e-01 -2.489421278669871895e-01
2.248567466923139246e-01 -2.733152833079801614e-01
1.965106497818776554e-01 -2.949716993658703657e-01
1.660635124198275026e-01 -3.136753325481017596e-01
1.338249303921417999e-01 -3.292204942141226942e-01
1.001248444992559467e-01 -3.414342431110523601e-01
6.531004348344041088e-02 -3.501784178321074026e-01
2.974045686846782388e-02 -3.553512941088893817e-01
-6.214716739494636003e-03 -3.568888418102722504e-01
-4.218100203988776192e-02 -3.547655651898712348e-01
-7.778271461200014780e-02 -3.489949148015206726e-01
-1.126470570709904861e-01 -3.396292645453491410e-01
-1.464081966668659696e-01 -3.267594524527319688e-01
-1.787112772297474450e-01 -3.105138890018493414e-01
-2.092163189850512472e-01 -2.910572419112913423e-01
-2.376019609547327660e-01 -2.685887114217435090e-01
-2.635690024120515562e-01 -2.433399149809479245e-01
-2.868437021467245551e-01 -2.155724049324038993e-01
-3.071807970970319435e-01 -1.855748472139207572e-01
-3.243662051809623748e-01 -1.536598931419944636e-01
-3.382193808690976966e-01 -1.201607800401304493e-01
-3.485952961412173146e-01 -8.542769971679328722e-02
-3.553860239050337100e-01 -4.982397657033108690e-02
-3.585219056731159259e-01 -1.372209935889027836e-02
-3.579722902333549173e-01 2.250034760545494006e-02
-3.537458351468324436e-01 5.846480691882161018e-02
-3.458903681002241104e-01 9.379587669907271663e-02
-3.344923103622812754e-01 1.281253978423980699e-01
-3.196756739262124336e-01 1.610964495371921823e-01
-3.016006338635019990e-01 1.923672196006581125e-01
-2.804616974604889346e-01 2.216146939946192218e-01
-2.564855036008672484e-01 2.485381191820864033e-01
-2.299282670345196289e-01 2.728622096755803361e-01
-2.010729014213608057e-01 2.943400606168897760e-01
-1.702258554220434372e-01 3.127557331428450493e-01
-1.377136993467127091e-01 3.279264843036593935e-01
-1.038795026390128690e-01 3.397046176371840143e-01
-6.907904473286345659e-02 3.479789351077778314e-01
-3.367690354849671441e-02 3.526757759329515185e-01
1.957532926735789779e-03 3.537596327826791898e-01
3.745408590956696149e-02 3.512333408819063862e-01
7.244578982839404435e-02 3.451378406122579401e-01
1.065728354611143874e-01 3.355515192304066030e-01
1.394864076578892775e-01 3.225891422351269133e-01
1.708523746978491964e-01 3.064003896617685796e-01
2.003547884321240091e-01 2.871680171034041718e-01
2.276991569470512011e-01 2.651056654973686921e-01
2.526154545041126021e-01 2.404553476235397336e-01
2.748608369348011782e-01 2.134846427905448540e-01
2.942220344421591083e-01 1.844836342974977839e-01
3.105173978350046493e-01 1.537616269171006300e-01
3.235985785413111326e-01 1.216436838224836531e-01
3.333518272566690643e-01 8.846702405306838823e-02
3.396989043948425713e-01 5.457732653310051751e-02
3.425975871353876268e-01 2.032497044655684135e-02
3.420417748255012436e-01 -1.393873342145391520e-02
3.380612068772669843e-01 -4.786527233136369380e-02
3.307207909369512810e-01 -8.111259288682964863e-02
3.201195566415840355e-01 -1.133486493145305918e-01
3.063892516994555226e-01 -1.442548004253672023e-01
2.896926009456119444e-01 -1.735290192819377297e-01
2.702212526264218817e-01 -2.008888823216850583e-01
2.481934394183736292e-01 -2.260743077678180057e-01
2.238513845503067867e-01 -2.488500165561777500e-01
1.974584858457162362e-01 -2.690076926674573321e-01
1.692963125090752030e-01 -2.863678236296973156e-01
1.396614510299294953e-01 -3.007812059929584336e-01
1.088622376597973285e-01 -3.121301047224935843e-01
7.721541552502048100e-02 -3.203290596541716329e-01
4.504275457534045318e-02 -3.253253363522046193e-01
1.266767224100396466e-02 -3.270990228513575571e-01
-1.958810810549768688e-02 -3.256627778024521191e-01
-5.140782499383779458e-02 -3.210612394223051336e-01
-8.248283872942377415e-02 -3.133701083314436309e-01
-1.125156510070084992e-01 -3.026949208029188210e-01
-1.412227543046888356e-01 -2.891695321053057155e-01
-1.683372837318611037e-01 -2.729543324691542927e-01
-1.936114469006847416e-01 -2.542342207103578389e-01
-2.168187137204913018e-01 -2.332163667457861633e-01
-2.377557402040053613e-01 -2.101277781609161011e-01
-2.562440132506442203e-01 -1.852127128058654593e-01
-2.721312150850391798e-01 -1.587299751317610141e-01
-2.852922908400620794e-01 -1.309501149813148690e-01
-2.956302174667473914e-01 -1.021525654671027183e-01
-3.030764733630751384e-01 -7.262275167496326511e-02
-3.075912114713221235e-01 -4.264920132960165616e-02
-3.091631418111687180e-01 -1.252068760602425591e-02
-3.078091324561311182e-01 1.747656701233725116e-02
-3.035735407909425643e-01 4.706159851242192049e-02
-2.965272894779378277e-01 7.596129530615150505e-02
-2.867667038863026541e-01 1.039128549922090639e-01
-2.744121297787466274e-01 1.306660828501478855e-01
-2.596063517899541706e-01 1.559855134497647455e-01
-2.425128346590414707e-01 1.796523393420154102e-01
-2.233138102879989317e-01 2.014661334678964910e-01
-2.022082344882560612e-01 2.212463546401086389e-01
-1.794096377512190976e-01 2.388336281811704875e-01
-1.551438945434745476e-01 2.540907965045202110e-01
-1.296469354950421649e-01 2.669037370674215981e-01
-1.031624264351665848e-01 2.771819476738643928e-01
-7.593943755367704718e-02 2.848589015325617702e-01
-4.823012504900457686e-02 2.898921767531078553e-01
-2.028744649117294324e-02 2.922633670693072783e-01
7.637072906020826030e-03 2.919777868670827559e-01
3.529549846165390414e-02 2.890639664503281137e-01
6.244555206456733898e-02 2.835729611409737450e-01
8.885257991505789155e-02 2.755774948767408250e-01
1.142914013333550527e-01 2.651709385617996850e-01
1.385480288470890275e-01 2.524661430243744231e-01
1.614212499192340666e-01 2.375941421485020522e-01
1.827240625037572508e-01 2.207027421028664171e-01
2.022849584020782743e-01 2.019550127366577519e-01
2.199490501161548428e-01 1.815276971640737980e-01
2.355790385327624359e-01 1.596095553312818494e-01
2.490560203102963333e-01 1.363996569704009343e-01
2.602801352591314621e-01 1.121056388140929533e-01
2.691710552972894077e-01 8.694194029268831336e-02
2.756683177161626808e-01 6.112803118527432300e-02
2.797315065008401103e-01 3.488664386906744491e-02
2.813402863139092824e-01 8.442021929845064734e-03
2.804942944713075259e-01 -1.798180401812766657e-02
2.772128968176688080e-01 -4.416270338063126716e-02
2.715348138532591715e-01 -6.988208649746446843e-02
2.635176237840841096e-01 -9.492649131273135643e-02
2.532371493724006606e-01 -1.190891085452879250e-01
2.407867355698860568e-01 -1.421712389016868416e-01
2.262764249348111489e-01 -1.639836766068754614e-01
2.098320377836226103e-01 -1.843480141867662458e-01
1.915941618243929556e-01 -2.030978686772773045e-01
1.717170622066691577e-01 -2.200800102073540154e-01
1.503675198403556512e-01 -2.351554009057137962e-01
1.277235965472253709e-01 -2.482001494597324831e-01
1.039733386668412751e-01 -2.591063636509497448e-01
7.931342418722441001e-02 -2.677829030741143423e-01
5.394775941463622604e-02 -2.741560293686853278e-01
2.808603116076889908e-02 -2.781699513749097408e-01
1.942220448046995916e-03 -2.797872626760415371e-01
-2.426691617907890744e-02 -2.789892690183136126e-01
-5.032339149328188266e-02 -2.757762031262043778e-01
-7.600955210507327753e-02 -2.701673244681013220e-01
-1.011096559028225039e-01 -2.622009015925400033e-01
-1.254114552926099690e-01 -2.519340747633236344e-01
-1.487077787042556387e-01 -2.394425967878767436e-01
-1.707981023680606725e-01 -2.248204501708947201e-01
-1.914901038690680068e-01 -2.081793390470185467e-01
-2.106011884657733035e-01 -1.896480547623501656e-01
-2.279599786338257772e-01 -1.693717144934915320e-01
-2.434077567795093211e-01 -1.475108729203775115e-01
-2.567998505809986898e-01 -1.242405077088029053e-01
-2.680069499766553065e-01 -9.974888041073305678e-02
-2.769163444484496472e-01 -7.423627535282435741e-02
-2.834330689644259937e-01 -4.791362015065129404e-02
-2.874809467659517614e-01 -2.100099264950932437e-02
-2.890035157828063639e-01 6.273984501084329223e-03
-2.879648287762699432e-01 3.367783900914051581e-02
-2.843501186371836797e-01 6.097303609358839527e-02
-2.781663113985874958e-01 8.791985698496090906e-02
-2.694423794853668119e-01 1.142783421255633008e-01
-2.582295251765538979e-01 1.398102911100855550e-01
-2.446011854831657839e-01 1.642813050119861229e-01
-2.286528508044477492e-01 1.874628554274801184e-01
-2.105016910751244807e-01 2.091343633432841687e-01
-1.902859846497427787e-01 2.290852698230689821e-01
-1.681643468777508366e-01 2.471170795371842588e-01
-1.443147571912760385e-01 2.630453573561294944e-01
-1.189333855397401579e-01 2.767016576146220652e-01
-9.223322114116108694e-02 2.879353652522870788e-01
-6.444250875569788872e-02 2.966154278690300572e-01
-3.580299999618576090e-02 3.026319578153736645e-01
-6.568029543978883174e-03 3.058976837846263397e-01
2.299957149499085376e-02 3.063492319953863285e-01
5.262971051255797145e-02 3.039482179564113595e-01
8.204739972581971685e-02 2.986821309940685398e-01
1.109752348345474093e-01 2.905649951938670816e-01
1.391359648567068452e-01 2.796377921559945468e-01
1.662551300743843052e-01 2.659686329798417459e-01
1.920637433015623674e-01 2.496526691592330094e-01
2.163009881923192990e-01 2.308117345690346434e-01
2.387169065720392835e-01 2.095937086072882927e-01
2.590750456648108213e-01 1.861716130900490651e-01
2.771550406961608704e-01 1.607424337341986365e-01
2.927550990208441228e-01 1.335256601326793024e-01
3.056943569058462873e-01 1.047615662563813610e-01
3.158150805988828580e-01 7.470923712335951483e-02
3.229846835404873717e-01 4.364435535330676852e-02
3.270975327446546399e-01 1.185676453325408032e-02
3.280765189147764049e-01 -2.035217056633742416e-02
3.258743667710141678e-01 -5.267238391229389638e-02
3.204746643296259578e-01 -8.478808246360580725e-02
3.118925924760093671e-01 -1.163808463947790806e-01
3.001753390880082528e-01 -1.471328246269440754e-01
2.854021851659296893e-01 -1.767299930176761125e-01
2.676842538775091040e-01 -2.048654409144259891e-01
2.471639170920920392e-01 -2.312426505045418745e-01
2.240138578168852368e-01 -2.555787325246687280e-01
1.984357909140950782e-01 -2.776075814466565927e-01
1.706588485229842411e-01 -2.970829132535889872e-01
1.409376406848605878e-01 -3.137811493701818666e-01
1.095500057196217014e-01 -3.275041112227230489e-01
7.679446887660915100e-02 -3.380814912749242618e-01
4.298743162681825658e-02 -3.453730682113281825e-01
8.460117625105232839e-03 -3.492706362067351522e-01
-2.644469520167406357e-02 -3.496996209096928654e-01
-6.137612418656312324e-02 -3.466203533026362971e-01
-9.597877456402656438e-02 -3.400289942267588628e-01
-1.298964432661480206e-01 -3.299580840468415155e-01
-1.627758915793063588e-01 -3.164766944252276892e-01
-1.942706431529641897e-01 -2.996901873768209601e-01
-2.240447661350749575e-01 -2.797395730932776825e-01
-2.517765962803771851e-01 -2.568004670438313597e-01
-2.771623577974636765e-01 -2.310816515912611502e-01
-2.999196391490139280e-01 -2.028232521155438894e-01
-3.197906820008367124e-01 -1.722945423544638421e-01
-3.365454430262894148e-01 -1.397913982891045293e-01
-3.499843903030616654e-01 -1.056334243622104596e-01
-3.599409985720714023e-01 -7.016078005947128104e-02
-3.662839106392484223e-01 -3.373073885039285652e-02
-3.689187356595706180e-01 3.285984878151293042e-03
-3.677894589117864932e-01 4.050910200755811208e-02
-3.628794419088410272e-01 7.755276627748150520e-02
-3.542119962446848014e-01 1.140296992089258055e-01
-3.418505193996738134e-01 1.495553764395103347e-01
-3.258981857567142537e-01 1.837522282372401061e-01
-3.064971912577849622e-01 2.162538062069729594e-01
-2.838275553919351601e-01 2.467088680288080926e-01
-2.581054894858706428e-01 2.747853324791146856e-01
-2.295813455004072079e-01 3.001740579846149948e-01
-1.985371646538181822e-01 3.225923995419419654e-01
-1.652838490524468074e-01 3.417874969460165113e-01
-1.301579903593402254e-01 3.575392657473616675e-01
-9.351838211873328421e-02 3.696630471868228573e-01
-5.574225356943949411e-02 3.780118742589335668e-01
-1.722127009744152046e-02 3.824783367422042168e-01
2.164265749622215282e-02 3.829960167694630990e-01
6.044170817608005702e-02 3.795404750998672139e-01
9.876658148594490150e-02 3.721297734146654657e-01
1.362109736795448778e-01 3.608245233386470630e-01
1.723760479527833567e-01 3.457274584226233682e-01
2.068748472804965433e-01 3.269825309410104852e-01
2.393365987037555653e-01 3.047735409927684325e-01
2.694108588816970795e-01 2.793223109731499121e-01
2.967714523062813803e-01 2.508864239377325833e-01
3.211201557629852488e-01 2.197565496400854801e-01
3.421900853811712384e-01 1.862533870233143429e-01
3.597487459231222817e-01 1.507242566198185862e-01
3.736007057717539714e-01 1.135393806029413866e-01
3.835898653484071108e-01 7.508789208355337585e-02
3.896012913724157811e-01 3.577361860414240979e-02
3.915625944063812480e-01 -3.989312391036940741e-03
3.894448324536949890e-01 -4.378099607578549851e-02
3.832629289222940772e-01 -8.318034906276887408e-02
3.730755989723663624e-01 -1.217697318039224624e-01
3.589847840550072777e-01 -1.591395414535576314e-01
3.411345986437819278e-01 -1.948927189667702120e-01
3.197098068848352459e-01 -2.286491278941445437e-01
2.949338391661017744e-01 -2.600497496815604714e-01
2.670663698411536169e-01 -2.887606388128324819e-01
2.364004892844504546e-01 -3.144766020751368352e-01
2.032595003229833996e-01 -3.369245566766223554e-01
1.679933758135978006e-01 -3.558665286582821108e-01
1.309749181122147610e-01 -3.711022572900821714e-01
9.259566466273701224e-02 -3.824713758009303799e-01
5.326158687693083316e-02 -3.898551438049874807e-01
1.338863184627687823e-02 -3.931777120903598988e-01
-2.660184180571475987e-02 -3.924069059640602486e-01
-6.628768147756317064e-02 -3.875545190302203125e-01
-1.052505585879164596e-01 -3.786761150460726810e-01
-1.430805341862196045e-01 -3.658703412804515942e-01
-1.793805201117384951e-01 -3.492777625208428605e-01
-2.137705850286626408e-01 -3.290792304666796397e-01
-2.458920566619978709e-01 -3.054938086399005548e-01
-2.754113741337484433e-01 -2.787762780728291756e-01
-3.020236474170227003e-01 -2.492142538359318760e-01
-3.254558845459363248e-01 -2.171249468861443099e-01
-3.454698512941710153e-01 -1.828516096976098015e-01
-3.618645325118501344e-01 -1.467597076340631801e-01
-3.744781691313271432e-01 -1.092328609953745061e-01
-3.831898499558236137e-01 -7.066860508648548089e-02
-3.879206407629349762e-01 -3.147402010032718245e-02
-3.886342475559508292e-01 7.938725829294257172e-03
-3.853372027314436732e-01 4.715686642921088079e-02
-3.780785728930535772e-01 8.577150199867880631e-02
-3.669492012250037405e-01 1.233819961582982433e-01
-3.520804939205861572e-01 1.596002532880542724e-01
-3.336427677833869176e-01 1.940548292296838950e-01
-3.118431810644545776e-01 2.263948301655203110e-01
-2.869232742343011955e-01 2.562935574395018845e-01
-2.591561516605591087e-01 2.834518594158654814e-01
-2.288433390215014185e-01 3.076011552312383213e-01
-1.963113546894264538e-01 3.285060994354988551e-01
-1.619080362293115749e-01 3.459668609807359241e-01
-1.259986655470825834e-01 3.598209947472575942e-01
-8.896193806519070435e-02 3.699448887295657684e-01
-5.118582258505826460e-02 3.762547750803682534e-01
-1.306335920778256034e-02 3.787072983628936296e-01
2.501155717492072050e-02 3.772996395267170788e-01
6.264836073213340961e-02 3.720691992364471012e-01
9.946391977668853079e-02 3.630928491839006123e-01
1.350865184774255601e-01 3.504857648431206063e-01
1.691596726126456673e-01 3.343998577271380390e-01
2.013457392638662857e-01 3.150218295229049725e-01
2.313292832712591507e-01 2.925708744679156315e-01
2.588201665866311507e-01 2.672960599452398611e-01
2.835563283291588910e-01 2.394734203669091621e-01
3.053062361620741960e-01 2.094027954404774072e-01
3.238709808894435493e-01 1.774044524944255186e-01
3.390859936239876138e-01 1.438155383060407411e-01
3.508223788407451860e-01 1.089863964203052343e-01
3.589878523721291015e-01 7.327679348487889377e-02
3.635272803451877199e-01 3.705209699091258080e-02
3.644228196097388239e-01 6.794465896755123033e-04
3.616936646561104141e-01 -3.547603955230965028e-02
3.553954103213272653e-01 -7.105498307265677160e-02
3.456190436836170665e-01 -1.057073497395561862e-01
3.324895824016237400e-01 -1.390959031512708222e-01
3.161643803254164387e-01 -1.708994735877756299e-01
2.968311244546500416e-01 -2.008160105478784541e-01
2.747055502134311822e-01 -2.285653905587315959e-01
2.500289045252920839e-01 -2.538919551528757146e-01
2.230651882844265355e-01 -2.765667574240941451e-01
1.940982115159659571e-01 -2.963894992491856728e-01
1.634284957892669643e-01 -3.131901450493435046e-01
1.313700592903946918e-01 -3.268302018131260533e-01
9.824712037527283393e-02 -3.372036589646261184e-01
6.439075542084317372e-02 -3.442375854881981057e-01
3.013554638071934758e-02 -3.478923854696926998e-01
-4.183747348209078572e-03 -3.481617168406503926e-01
-3.823545930893932493e-02 -3.450720815763818616e-01
-7.169419475411135945e-02 -3.386821001143821008e-01
-1.042438940976061351e-01 -3.290814816195768988e-01
-1.355807478316690129e-01 -3.163897076886218462e-01
-1.654159339546189544e-01 -3.007544533089064331e-01
-1.934781609504110378e-01 -2.823497636885468620e-01
-2.195159937582893961e-01 -2.613740116312849859e-01
-2.432999451746404029e-01 -2.380476608656464654e-01
-2.646243180651453586e-01 -2.126108619414725232e-01
-2.833087867523069181e-01 -1.853209081753091070e-01
-2.991997089434708657e-01 -1.564495796627437818e-01
-3.121711625411369706e-01 -1.262804035884682041e-01
-3.221257045961225529e-01 -9.510585896543044537e-02
-3.289948524928261175e-01 -6.322455353836034520e-02
-3.327392901649763313e-01 -3.093839991287514191e-02
-3.333488047034192658e-01 1.450182959181667416e-03
-3.308419611115505088e-01 3.364101797066403748e-02
-3.252655251693042371e-01 6.533884412873157410e-02
-3.166936463671432000e-01 9.625589485502077103e-02
-3.052268146549199090e-01 1.261143599690319472e-01
-2.909906063081791339e-01 1.546487128307941772e-01
-2.741342355414638776e-01 1.816078860362306813e-01
-2.548289295930286635e-01 2.067572810417201146e-01
-2.332661458699787083e-01 2.298805991157601980e-01
-2.096556503823301942e-01 2.507814830492943181e-01
-1.842234771167780283e-01 2.692849610776684166e-01
-1.572097900065846376e-01 2.852386871403300717e-01
-1.288666616619327798e-01 2.985139715650837466e-01
-9.945579287669802093e-02 3.090065987330672947e-01
-6.924619568782686141e-02 3.166374334176111915e-01
-3.851185332797649186e-02 3.213528147625280273e-01
-7.529377319922867136e-03 3.231247404119911293e-01
2.342432063715305102e-02 3.219508444586584028e-01
5.407432513178809380e-02 3.178541741933141318e-01
8.414996586191456074e-02 3.108827718311487076e-01
1.133870037412578746e-01 3.011090684573453080e-01
1.415297401765518159e-01 2.886290983805937516e-01
1.683330363845830790e-01 2.735615429121963649e-01
1.935642306115867572e-01 2.560466133070110062e-01
2.170049421099819742e-01 2.362447832184593755e-01
2.384527517091034887e-01 2.143353815422320285e-01
2.577227497796878430e-01 1.905150569619637468e-01
2.746489433306750216e-01 1.649961258753321891e-01
2.890855148876830816e-01 1.380048156812024585e-01
3.009079266836033884e-01 1.097794156578800195e-01
3.100138645432971574e-01 8.056834786905059387e-02
3.163240166683204957e-01 5.062817070660349805e-02
3.197826833274340363e-01 2.022152782625247225e-02
3.203582142392638055e-01 -1.038494464056739265e-02
3.180432712008360863e-01 -4.092273960136175170e-02
3.128549142766519076e-01 -7.112361614315650116e-02
3.048345122208095948e-01 -1.007217392762775471e-01
2.940474720740400283e-01 -1.294558091812827716e-01
2.805827918856505510e-01 -1.570711651414627985e-01
2.645524413103954031e-01 -1.833218521954756153e-01
2.460905674624811190e-01 -2.079726368578278528e-01
2.253525307816114376e-01 -2.308009582444578156e-01
2.025137749856147085e-01 -2.515988011265881119e-01
1.777685361422395860e-01 -2.701744774914660030e-01
1.513283968946409486e-01 -2.863543032971921365e-01
1.234206929202240621e-01 -2.999841572816643320e-01
9.428677978815264149e-02 -3.109309089342883747e-01
6.418016950214958105e-02 -3.190837030751493830e-01
3.336454716527137432e-02 -3.243550889212356569e-01
2.111679373019210125e-03 -3.266819820638723337e-01
-2.930077288072650832e-02 -3.260264484456996126e-01
-6.059152282707341158e-02 -3.223763002180027315e-01
-9.147799296327144281e-02 -3.157454942870569492e-01
-1.216787002828984970e-01 -3.061743254266529601e-01
-1.509156744035064224e-01 -2.937294070461912709e-01
-1.789168903109152886e-01 -2.785034340603966263e-01
-2.054186965436073375e-01 -2.606147238059133286e-01
-2.301682188587983457e-01 -2.402065325871470258e-01
-2.529257187741638657e-01 -2.174461472012303997e-01
-2.734668858859407581e-01 -1.925237526794574550e-01
-2.915850425445256078e-01 -1.656510794765987948e-01
-3.070932406857608266e-01 -1.370598357463378159e-01
-3.198262254317541520e-01 -1.069999306048938226e-01
-3.296422465502279464e-01 -7.573750019733449523e-02
-3.364247002653870666e-01 -4.355274825591909371e-02
-3.400835775499966296e-01 -1.073761401580283076e-02
-3.405567013364409479e-01 2.240671557099177535e-02
-3.378107351303065164e-01 5.557243084000014488e-02
-3.318419470529648252e-01 8.844784109821340889e-02
-3.226767151323566285e-01 1.207202105123567765e-01
-3.103717616956817027e-01 1.520786639408568675e-01
-2.950141069819724460e-01 1.822171368445569817e-01
-2.767207345706339527e-01 2.108373420182308999e-01
-2.556379638941062016e-01 2.376517247316761727e-01
-2.319405279452237678e-01 2.623863769822344372e-01
-2.058303572753867050e-01 2.847838809641840552e-01
-1.775350744777574041e-01 3.046060515758906018e-01
-1.473062065267908283e-01 3.216365478308791381e-01
-1.154171255652584327e-01 3.356833234283442269e-01
-8.216073195413864383e-02 3.465808874821837415e-01
-4.784689658914983990e-02 3.541923475111500852e-01
-1.279968259894023568e-02 3.584112082571778157e-01
2.264563046797952658e-02 3.591629017205315577e-01
5.814569402962615347e-02 3.564060259702596101e-01
9.335238086420093173e-02 3.501332727926289579e-01
1.279161875598984477e-01 3.403720270598066810e-01
1.614897169708356395e-01 3.271846246220812549e-01
1.937312031711990734e-01 3.106682552015010423e-01
2.243080436524780841e-01 2.909545059508203413e-01
2.529003041649002248e-01 2.682085435179037969e-01
2.792041553369993823e-01 2.426279326426681038e-01
3.029352036797303693e-01 2.144410970557098506e-01
3.238316789970774878e-01 1.839054315579325138e-01
3.416574408993533485e-01 1.513050782830636654e-01
3.562047682476898736e-01 1.169483842261540146e-01
3.672968969475291501e-01 8.116506110888616066e-02
3.747902735480846403e-01 4.430307249446621687e-02
3.785764945805528692e-01 6.725276709172382794e-03
3.785839044609529136e-01 -3.119414247635834622e-02
3.747788280685730999e-01 -6.907342235403231279e-02
3.671664177570177490e-01 -1.065271071654225327e-01
3.557910985251839242e-01 -1.431700331910885360e-01
3.407365993284670047e-01 -1.786213709185907050e-01
3.221255629996857550e-01 -2.125086806789228122e-01
3.001187319241329643e-01 -2.444719371419383780e-01
2.749137114196915088e-01 -2.741674775730783553e-01
2.467433176541359297e-01 -3.012718287934230132e-01
2.158735218283735213e-01 -3.254853683634151285e-01
1.826010072058845690e-01 -3.465357766313817978e-01
1.472503603137119976e-01 -3.641812379481420003e-01
1.101709222179663855e-01 -3.782133515383685474e-01
7.173332958910497159e-02 -3.884597164864695973e-01
3.232578092146911469e-02 -3.947861531651049583e-01
-7.649933634461496615e-03 -3.970985341680923209e-01
-4.778259950475974294e-02 -3.953442012336261246e-01
-8.765589636866934209e-02 -3.895129427172555059e-01
-1.268528218745898495e-01 -3.796375162661603242e-01
-1.649601718605413492e-01 -3.657937050445221328e-01
-2.015730272196058770e-01 -3.480999011183779079e-01
-2.362991968054845293e-01 -3.267162150200747517e-01
-2.687635656250703109e-01 -3.018431160123942747e-01
-2.986122980242696956e-01 -2.737196130935761196e-01
-3.255168466430244378e-01 -2.426209922586153034e-01
-3.491777195906102249e-01 -2.088561308907528058e-01
-3.693279605600238713e-01 -1.727644153320168907e-01
-3.857362994400638234e-01 -1.347122926064508175e-01
-3.982099343674243563e-01 -9.508949188008875009e-02
-4.065969100533275982e-01 -5.430495547686725599e-02
-4.107880615775381661e-01 -1.278252307259800102e-02
-4.107184976182625125e-01 2.904358399210808100e-02
-4.063686022247514074e-01 7.073342855089610748e-02
-3.977645396805153388e-01 1.118461216561560945e-01
-3.849782526845672015e-01 1.519446312688730594e-01
-3.681269499279679613e-01 1.906005810500731867e-01
-3.473720850923147641e-01 2.273989843743345896e-01
-3.229178352728634960e-01 2.619428590080016828e-01
-2.950090928333007345e-01 2.938576705126049737e-01
-2.639289894576303253e-01 3.227955475414477360e-01
-2.299959797904014280e-01 3.484392223969304814e-01
-1.935605143900537839e-01 3.705056536995545158e-01
-1.550013371296561360e-01 3.887492828823638780e-01
-1.147214478103234514e-01 4.029648867889385477e-01
-7.314377448843030483e-02 4.129899915939334587e-01
-3.070660366885417242e-02 4.187068182243785519e-01
1.214118039194484605e-02 4.200437348061799026e-01
5.494499353853017631e-02 4.169761973295251778e-01
9.724953113449452680e-02 4.095271656508071567e-01
1.386037722607043055e-01 3.977669880552516801e-01
1.785659513924893749e-01 3.818127538190265180e-01
2.167084404263772690e-01 3.618271194558842496e-01
2.526224847874877777e-01 3.380166205342833297e-01
2.859227388897065403e-01 3.106294870296679722e-01
3.162515484254652676e-01 2.799529860576742135e-01
3.432829298051121580e-01 2.463103214442294853e-01
3.667262005140565773e-01 2.100571248578412265e-01
3.863292181679645609e-01 1.715775780919561455e-01
4.018811905738734480e-01 1.312802104802642533e-01
4.132150240931932728e-01 8.959341930017204747e-02
4.202091829902342979e-01 4.696076432086845193e-02
4.227890381711230106e-01 3.836090341094489358e-03
4.209276897023911390e-01 -3.932146639571709734e-02
4.146462544937143946e-01 -8.205253250348482075e-02
4.040136126700197838e-01 -1.239025493265224070e-01
3.891456195350068703e-01 -1.644267670439248930e-01
3.702037930715459946e-01 -2.031951284211128694e-01
3.473934896827873264e-01 -2.397969809134026797e-01
3.209615909556268742e-01 -2.738455649934967706e-01
2.911937287250769280e-01 -3.049822276624242212e-01
2.584110810774518097e-01 -3.328803134209158410e-01
2.229667768861006150e-01 -3.572486888615996614e-01
1.852419509656305363e-01 -3.778348614425630636e-01
1.456414959051006430e-01 -3.944276578641654485e-01
1.045895600501889622e-01 -4.068594327322655468e-01
6.252484390874916975e-02 -4.150077837861291252e-01
1.989574942121158721e-02 -4.187967558281460723e-01
-2.284456195718986143e-02 -4.181975215419632130e-01
-6.524314558702347389e-02 -4.132285335504896628e-01
-1.068522274686150020e-01 -4.039551482690934003e-01
-1.472340791783151581e-01 -3.904887282757021350e-01
-1.859657587468424855e-01 -3.729852359728369482e-01
-2.226436641739616695e-01 -3.516433371830682275e-01
-2.568878487651444220e-01 -3.267020389280147485e-01
-2.883460505595868417e-01 -2.984378909245029021e-01
-3.166973917532235339e-01 -2.671617852271256366e-01
-3.416557081567154763e-01 -2.332153928967461154e-01
-3.629724733123611546e-01 -1.969672805280958672e-01
-3.804392885146060665e-01 -1.588087510264045155e-01
-3.938899078025588918e-01 -1.191494625457852341e-01
-4.032017836914092435e-01 -7.841287525965892624e-02
-4.082971221165236364e-01 -3.703157364272661317e-02
-4.091434331806154123e-01 4.557476588358674689e-03
-4.057535776345921885e-01 4.591768417822945925e-02
-3.981853128757516513e-01 8.661754688841932781e-02
-3.865403480043334006e-01 1.262352721002079348e-01
-3.709629230641429687e-01 1.643632522640734173e-01
-3.516379329384953234e-01 2.006123461914526007e-01
-3.287886214162889509e-01 2.346159199391146533e-01
-3.026738756263631647e-01 2.660336043091526270e-01
-2.735851553083928911e-01 2.945547297321406965e-01
-2.418430951982709909e-01 3.199014034657630123e-01
-2.077938221144811637e-01 3.418311985698929134e-01
-1.718050311054701296e-01 3.601394289515379432e-01
-1.342618672298084292e-01 3.746609898460845356e-01
-9.556266117176617780e-02 3.852717483495105566e-01
-5.611456793322062986e-02 3.918894739730662824e-01
-1.632915828459440347e-02 3.944743045903128520e-01
2.338198749354645362e-02 3.930287485198057373e-01
6.261163477946156408e-02 3.875972287699205321e-01
1.009611511873679812e-01 3.782651806023087371e-01
1.380446188851389422e-01 3.651577184871894755e-01
1.734927593267490964e-01 3.484378931707840521e-01
2.069566323606601699e-01 3.283045622925890861e-01
2.381110642336755068e-01 3.049899072680747891e-01
2.666577774604736439e-01 2.787566287822113575e-01
2.923281971147633773e-01 2.498948512931719323e-01
3.148859001380039935e-01 2.187187791882434229e-01
3.341286893713731887e-01 1.855631439747298383e-01
3.498902758549594649e-01 1.507794845278749296e-01
3.620415576354018561e-01 1.147323035123565954e-01
3.704914880612227845e-01 7.779514366417197846e-02
3.751875312654863737e-01 4.034662767026468699e-02
3.761157071812600838e-01 2.766504925026050041e-03
3.733002329520363483e-01 -3.456825250693742330e-02
3.668027719350551163e-01 -7.128726381058834993e-02
3.567213056021754647e-01 -1.070304241698403075e-01
3.431886474765090123e-01 -1.414514235584744817e-01
3.263706217639498197e-01 -1.742210654184012109e-01
3.064639325125297908e-01 -2.050303540325209561e-01
2.836937519300561372e-01 -2.335933226439655397e-01
2.583110588881853409e-01 -2.596495778542299293e-01
2.305897606211670947e-01 -2.829665395010393936e-01
2.008236321780011713e-01 -3.033413590231403001e-01
1.693231093015722388e-01 -3.206025032136432529e-01
1.364119710871266322e-01 -3.346109941965438317e-01
1.024239490204671976e-01 -3.452613003840971362e-01
6.769929882407786648e-02 -3.524818770389827050e-01
3.258136775764524512e-02 -3.562353577107852942e-01
-2.586797552999871210e-03 -3.565184044658098461e-01
-3.746577665917683042e-02 -3.533612279323608552e-01
-7.172300847901787180e-02 -3.468267851462920603e-01
-1.050358921333107570e-01 -3.370096735544143574e-01
-1.370947310386784745e-01 -3.240347391378251563e-01
-1.676054949513498260e-01 -3.080554194114115130e-01
-1.962923772907826658e-01 -2.892518441495345871e-01
-2.229001278603468528e-01 -2.678287184562906376e-01
-2.471961439828134210e-01 -2.440130142340554420e-01
-2.689723060424145662e-01 -2.180514972032176202e-01
-2.880465464343366921e-01 -1.902081173905932621e-01
-3.042641439295693528e-01 -1.607612914398066362e-01
-3.174987384326772855e-01 -1.300011052138022594e-01
-3.276530640090835611e-01 -9.822646497123839471e-02
-3.346594008562224776e-01 -6.574222492179386534e-02
-3.384797495616931329e-01 -3.285631822036948202e-02
-3.391057335067576006e-01 1.230825307179521139e-04
-3.365582376140014986e-01 3.289035041457473441e-02
-3.308867937860595076e-01 6.514511151780642828e-02
-3.221687253239917115e-01 9.659485255893918154e-02
-3.105080643387886918e-01 1.269574086669589541e-01
-2.960342576708436257e-01 1.559633129760017445e-01
-2.789006781067981389e-01 1.833579916121997888e-01
-2.592829587310851447e-01 2.089037896151852147e-01
-2.373771653225867917e-01 2.323818148895405722e-01
-2.133978375935353666e-01 2.535935893539080777e-01
-1.875759111848024629e-01 2.723625023107878462e-01
-1.601565324466554530e-01 2.885350559180313579e-01
-1.313967974425786778e-01 3.019818986517527337e-01
-1.015634311663030642e-01 3.125986443319490604e-01
-7.093042640636353091e-02 3.203064756253714562e-01
-3.977666125215777171e-02 3.250525325755248551e-01
-8.383513676007862958e-03 3.268100882395787443e-01
2.296750903547983488e-02 3.255785149306812953e-01
5.399710897328146436e-02 3.213830458684430180e-01
8.443048820747309224e-02 3.142743382292920717e-01
1.139995759511645279e-01 3.043278446633052026e-01
1.424451778439354277e-01 2.916430013082228490e-01
1.695190338410931530e-01 2.763422411896349629e-01
1.949857721377485087e-01 2.585698426551760187e-01
2.186247475030863585e-01 2.384906231575373292e-01
2.402317533424044305e-01 2.162884892845710061e-01
2.596205977365071971e-01 1.921648544436151962e-01
2.766245346257680260e-01 1.663369360505190520e-01
2.910975422073742713e-01 1.390359444606679429e-01
3.029154414984723820e-01 1.105051762181872288e-01
3.119768488863021716e-01 8.099802449834490881e-02
3.182039573416038936e-01 5.077591988394108274e-02
3.215431418175042078e-01 2.010621485497277733e-02
3.219653811313589742e-01 -1.073997473858160148e-02
3.194665056700602412e-01 -4.148995459203233538e-02
3.140672614859770229e-01 -7.187165462122761805e-02
3.058131806603514580e-01 -1.016158331292045941e-01
2.947742700773711699e-01 -1.304582663044992763e-01
2.810445154416313929e-01 -1.581419098763577058e-01
2.647412022028987066e-01 -1.844190184608635874e-01
2.460040560322920289e-01 -2.090532080841769891e-01
2.249942065135134561e-01 -2.318214473654828245e-01
2.018929787733398651e-01 -2.525159628919163568e-01
1.769005188773020987e-01 -2.709460444306184268e-01
1.502342599576518278e-01 -2.869397358096982820e-01
1.221272372177191201e-01 -3.003453975711184998e-01
9.282626116397113547e-02 -3.110331278652272435e-01
6.258995964681722535e-02 -3.188960285294122343e-01
3.168670053377615342e-02 -3.238513038820618473e-01
3.924080823534731224e-04 -3.258411804766466191e-01
-3.101171268866345296e-02 -3.248336369069566576e-01
-6.224152812703709348e-02 -3.208229337394302716e-01
-9.301238791219396118e-02 -3.138299347762920077e-01
-1.230415790987587910e-01 -3.039022121259541409e-01
-1.520508034639857231e-01 -2.911139289745180436e-01
-1.797686584699125234e-01 -2.755654955114043569e-01
-2.059331013573889868e-01 -2.573829951575863917e-01
-2.302938752363385688e-01 -2.367173800682529083e-01
-2.526148713878936802e-01 -2.137434357359761783e-01
-2.726764179023025148e-01 -1.886585228261104807e-01
-2.902774657899134247e-01 -1.616810944066776612e-01
-3.052376408466506152e-01 -1.330489964139158210e-01
-3.173991520686108569e-01 -1.030175651040718537e-01
-3.266285317219009277e-01 -7.185753130455078963e-02
-3.328181867869552946e-01 -3.985274549878448092e-02
-3.358877425520838678e-01 -7.297739998693058075e-03
-3.357851604400374779e-01 2.550485338514879574e-02
-3.324876137126659970e-01 5.824700970267803618e-02
-3.260021065072842283e-01 9.061811884100537395e-02
-3.163658237053769695e-01 1.223078709224124511e-01
-3.036462014071056315e-01 1.530091933278458216e-01
-2.879407102672084662e-01 1.824212121641521356e-01
-2.693763466190196576e-01 2.102522098487764335e-01
-2.481088291495076870e-01 2.362225496081814535e-01
-2.243215018620591250e-01 2.600675370990385704e-01
-1.982239471446036738e-01 2.815401890845962707e-01
-1.700503159151467991e-01 3.004138791494948002e-01
-1.400573850088907557e-01 3.164848308278930822e-01
-1.085223551628901328e-01 3.295744292612363679e-01
-7.574040610602775225e-02 3.395313235980907951e-01
-4.202202833338040261e-02 3.462332937993412019e-01
-7.690154093637708091e-03 3.495888573130636057e-01
2.692288709491804863e-02 3.495385932249957528e-01
6.147855641922888442e-02 3.460561621979161284e-01
9.563541853349061261e-02 3.391490122335119595e-01
1.290525409141562718e-01 3.288587480051326506e-01
1.613929357023977107e-01 3.152611520446949589e-01
1.923270206406368921e-01 2.984658568006912649e-01
2.215360590341852454e-01 2.786156614265193343e-01
2.487155416292298193e-01 2.558854936256264589e-01
2.735784730874642467e-01 2.304810208381328218e-01
2.958585259590649219e-01 2.026369190646385710e-01
3.153130257187328755e-01 1.726148116383962039e-01
3.317257315378775995e-01 1.407008942270883689e-01
3.449093790176508967e-01 1.072032662195036568e-01
3.547079530945346781e-01 7.244899237975156725e-02
3.609986617386753416e-01 3.678092218224601750e-02
3.636935838754241090e-01 5.542975257602386586e-04
3.627409681471005509e-01 -3.586681748229644806e-02
3.581261626638447826e-01 -7.211324832361146187e-02
3.498721597333261935e-01 -1.078145248211905410e-01
3.380397436679298262e-01 -1.426027583522759545e-01
3.227272340993765920e-01 -1.761165396074142464e-01
3.040698217351721633e-01 -2.080048140327944717e-01
2.822384981161947248e-01 -2.379306916383733261e-01
2.574385856248478932e-01 -2.655751479087490319e-01
2.299078786913301142e-01 -2.906405731262330372e-01
1.999144117933001619e-01 -3.128541285085300605e-01
1.677538783127733857e-01 -3.319708668456927692e-01
1.337467139325446142e-01 -3.477765885971671467e-01
9.823487816432789621e-02 -3.600903890760243087e-01
6.157837665335529759e-02 -3.687668622667812923e-01
2.415154883301999164e-02 -3.736979405232748186e-01
-1.366083655286245806e-02 -3.748143422037871209e-01
-5.146763613811228266e-02 -3.720866066724703991e-01
-8.887549265545512112e-02 -3.655257006455851498e-01
-1.254930557609484632e-01 -3.551831846628835665e-01
-1.609352158093610430e-01 -3.411509334621855571e-01
-1.948273027591873874e-01 -3.235604091690856277e-01
-2.268092022852931378e-01 -3.025814914215150808e-01
-2.565393416531852044e-01 -2.784208737665427869e-01
-2.836984989625169762e-01 -2.513200408293677079e-01
-3.079933909921479529e-01 -2.215528457969323517e-01
-3.291599970609411230e-01 -1.894227126167396524e-01
-3.469665790362175817e-01 -1.552594919227482384e-01
-3.612163608469831644e-01 -1.194160040045865734e-01
-3.717498345564654305e-01 -8.226430607706611275e-02
-3.784466641764827055e-01 -4.419172463148925145e-02
-3.812271629171215537e-01 -5.596696710798760958e-03
-3.800533244061428673e-01 3.311553349499505444e-02
-3.749293935258296018e-01 7.153731432451208849e-02
-3.659019678389492380e-01 1.092630327426783454e-01
-3.530596260453155999e-01 1.458935561645684220e-01
-3.365320892341077119e-01 1.810406162442998734e-01
-3.164889123577656616e-01 2.143310943548795144e-01
-2.931377230216324903e-01 2.454111492899810620e-01
-2.667220361695905040e-01 2.739501357980524410e-01
-2.375186573583728533e-01 2.996442776210507808e-01
-2.058347061848293524e-01 3.222200484400699061e-01
-1.720042929598359915e-01 3.414372209996643370e-01
-1.363848859269176372e-01 3.570915484667740447e-01
-9.935341009070640383e-02 3.690170463144262225e-01
-6.130212200133466904e-02 3.770878476537012913e-01
-2.263430759309535689e-02 3.812196099133478011e-01
1.624014763686483162e-02 3.813704560238433405e-01
5.490926523032312739e-02 3.775414387367759250e-01
9.296350529209224112e-02 3.697765223332964424e-01
1.300002707283031966e-01 3.581620816771560190e-01
1.656283322747761355e-01 3.428259242773756266e-01
1.994721233069376432e-01 3.239358466715985818e-01
2.311758549589995049e-01 3.016977419529875415e-01
2.604074042183330273e-01 2.763532805721918284e-01
2.868619303746843818e-01 2.481771915849744770e-01
3.102651784591811124e-01 2.174741762225393671e-01
3.303764320641211505e-01 1.845754899767085011e-01
3.469910821440398974e-01 1.498352332621276650e-01
3.599427830084328539e-01 1.136263940946849460e-01
3.691051716685810336e-01 7.633668906770282869e-02
3.743931355659412263e-01 3.836425452368943945e-02
3.757636060705946690e-01 1.132263762575779810e-04
3.732158733320392607e-01 -3.801072938576399718e-02
3.667914308171547066e-01 -7.560487914197244752e-02
3.565733429386351294e-01 -1.122738364992297982e-01
3.426851479484032126e-01 -1.476338748173821047e-01
3.252893109262537941e-01 -1.813170881456484251e-01
3.045852469520418104e-01 -2.129753533467283466e-01
2.808069395375968336e-01 -2.422840487842837787e-01
2.542201840510004418e-01 -2.689454880781448343e-01
2.251194901342652988e-01 -2.926920310484633636e-01
1.938246809444052754e-01 -3.132888380270790751e-01
1.606772303919697109e-01 -3.305362381581633535e-01
1.260363823713600284e-01 -3.442716870826486586e-01
9.027509824171636721e-02 -3.543712944400328468e-01
5.377588050127072444e-02 -3.607509068618116599e-01
1.692652168488441994e-02 -3.633667375058298177e-01
-1.988417200508440369e-02 -3.622155386217349449e-01
-5.627063295158621359e-02 -3.573343190756531063e-01
-9.185471160443564598e-02 -3.487996141288975949e-01
-1.262697358503072353e-01 -3.367263199941718521e-01
-1.591644048101631126e-01 -3.212661107188873877e-01
-1.902064740181337033e-01 -3.026054597076047736e-01
-2.190861918509840189e-01 -2.809632926369481365e-01
-2.455194504507134390e-01 -2.565883025840335896e-01
-2.692506216132856123e-01 -2.297559657818551426e-01
-2.900550402088700741e-01 -2.007652821475957861e-01
-3.077411128247837246e-01 -1.699352925980824880e-01
-3.221520422074564127e-01 -1.376014217574768883e-01
-3.331671430166239789e-01 -1.041116773796865735e-01
-3.407027415497081990e-01 -6.982275625766350136e-02
-3.447126546396099833e-01 -3.509610228497331980e-02
-3.451882479568435524e-01 -2.939622626971906492e-04
-3.421580788997675704e-01 3.422451558285619089e-02
-3.356871340731210074e-01 6.810709657314457932e-02
-3.258756759762657662e-01 1.010121459263288862e-01
-3.128577178930059821e-01 1.326121465387222476e-01
-2.967991500431794716e-01 1.625970108791922053e-01
-2.778955437757457125e-01 1.906771527128901800e-01
-2.563696639124338761e-01 2.165862877734251457e-01
-2.324687222545865350e-01 2.400839362227824292e-01
-2.064614077142095105e-01 2.609576037232041457e-01
-1.786347305004716279e-01 2.790246221395555337e-01
-1.492907192687623341e-01 2.941336352372593832e-01
-1.187430111114600034e-01 3.061657191815685408e-01
-8.731337473518829828e-02 3.150351321204004074e-01
-5.532820713268932211e-02 3.206896915874863918e-01
-2.311504352922193195e-02 3.231107828388317116e-01
9.000880619344966971e-03 3.223130054792455179e-01
4.069997825384710777e-02 3.183434697956442072e-01
7.167153762246079862e-02 3.112807626843470121e-01
1.016167870443180493e-01 3.012335865230369447e-01
1.302517675697756339e-01 2.883391056247185946e-01
1.573099959191404940e-01 2.727610330773006520e-01
1.825448847966489041e-01 2.546874705494659996e-01
2.057319015576438981e-01 2.343285358122321194e-01
2.266704477734465262e-01 2.119138092175066879e-01
2.451854459300362166e-01 1.876896316415871402e-01
2.611286232540940278e-01 1.619162872354030225e-01
2.743794864327899208e-01 1.348651047255241264e-01
2.848459847326086924e-01 1.068155109875474768e-01
2.924648626799454254e-01 7.805207017903974254e-02
2.972017069970435132e-01 4.886154089065253281e-02
2.990506958489347333e-01 1.952998257414749472e-02
2.980340616117567176e-01 -9.660059037855462175e-03
2.942012812855378523e-01 -3.843225966232698132e-02
2.876280113150164186e-01 -6.651909162330782443e-02
2.784147859247468326e-01 -9.366424308889242933e-02
2.666855000990847602e-01 -1.196248606169080936e-01
2.525857000281636622e-01 -1.441735969750849999e-01
2.362807051874409869e-01 -1.671004490558913314e-01
2.179535872157589427e-01 -1.882143736360019082e-01
1.978030314052308669e-01 -2.073446716935852807e-01
1.760411069207175327e-01 -2.243421349522391750e-01
1.528909718370355941e-01 -2.390799512290566753e-01
1.285845362323337626e-01 -2.514543733386288560e-01
1.033601135371260277e-01 -2.613851363574881126e-01
7.746008566178647081e-02 -2.688156411640312826e-01
5.112859569327387471e-02 -2.737129211453918631e-01
2.460929618281459258e-02 -2.760673843922181181e-01
-1.856828285774228321e-03 -2.758923483000303989e-01
-2.803354605915036116e-02 -2.732233794446482511e-01
-5.369135461916662438e-02 -2.681174530574829684e-01
-7.860933373438282190e-02 -2.606519476261563439e-01
-1.025768633213999248e-01 -2.509234910838570864e-01
-1.253951958669226874e-01 -2.390466757282430077e-01
-1.468788753473623532e-01 -2.251526594327681596e-01
-1.668569966363426804e-01 -2.093876708890948235e-01
-1.851743013833108964e-01 -1.919114365613289463e-01
-2.016921082526428044e-01 -1.728955467569497917e-01
-2.162890772090200198e-01 -1.525217777440824873e-01
-2.288618092013534333e-01 -1.309803861911247869e-01
-2.393252841173419410e-01 -1.084683913955547113e-01
-2.476131412405868648e-01 -8.518785982834936599e-02
-2.536778076322834807e-01 -6.134420547409678154e-02
-2.574904808737719653e-01 -3.714451832033077022e-02
-2.590409734421141308e-01 -1.279593216857176190e-02
-2.583374266493313476e-01 1.149595827077464980e-02
-2.554059025613091283e-01 3.552862225286566172e-02
-2.502898626320831377e-01 5.910405229293005935e-02
-2.430495403526151399e-01 8.203015740322248950e-02
-2.337612189832850573e-01 1.041220663905970262e-01
-2.225164269158390329e-01 1.252033502495050743e-01
-2.094210516660292287e-01 1.451071720285824485e-01
-1.945943843681490204e-01 1.636773432725990296e-01
-1.781681024123866197e-01 1.807692913937862800e-01
-1.602851976998319883e-01 1.962509368312745639e-01
-1.410988575241166332e-01 2.100034793610075501e-01
-1.207713046097310949e-01 2.219220933090496062e-01
-9.947260236395610855e-02 2.319165317027233053e-01
-7.737943094981787617e-02 2.399116395733362495e-01
-5.467383937775666114e-02 2.458477767107528633e-01
-3.154197845813939971e-02 2.496811501753644080e-01
-8.172819167547895267e-03 2.513840568107157947e-01
1.524313923128897512e-02 2.509450358853660967e-01
3.851516710580750458e-02 2.483689318419830261e-01
6.145360423809682893e-02 2.436768669624697348e-01
8.387115726225083390e-02 2.369061235878559268e-01
1.055841904040517587e-01 2.281099353784874495e-01
1.264140049534006049e-01 2.173571869810528023e-01
1.461881026039292264e-01 2.047320214007029571e-01
1.647414274308308946e-01 1.903333543742216083e-01
1.819175808590447752e-01 1.742742951175825783e-01
1.975700035136067345e-01 1.566814729900356529e-01
2.115631173581668245e-01 1.376942698865955828e-01
2.237734205536024978e-01 1.174639523829295318e-01
2.340905261211886357e-01 9.615272315998074637e-02
2.424181425519180422e-01 7.393268048422514671e-02
2.486749826103717143e-01 5.098467472514148224e-02
2.527955916660932778e-01 2.749708365798593512e-02
2.547310874202822206e-01 3.664504183168285079e-03
2.544498018766152003e-01 -2.031363477950852078e-02
2.519378163895482081e-01 -4.423453237501905749e-02
2.471993807464439863e-01 -6.789354188071701490e-02
2.402572075140980701e-01 -9.108575457272613529e-02
2.311526333160467961e-01 -1.136076319958819608e-01
2.199456393119463282e-01 -1.352586760326559834e-01
2.067147239287929483e-01 -1.558431249819853259e-01
1.915566218470338422e-01 -1.751716627237398516e-01
1.745858643705219260e-01 -1.930631269836610431e-01
1.559341776021486714e-01 -2.093462017520488494e-01
1.357497162976916971e-01 -2.238610780717993076e-01
1.141961328663158720e-01 -2.364610667212808937e-01
9.145148271130544571e-02 -2.470141457972326871e-01
6.770696893981648090e-02 -2.554044258727841132e-01
4.316553139359542712e-02 -2.615335152839578514e-01
1.804028693892193932e-02 -2.653217682000325039e-01
-7.447170023623427351e-03 -2.667093984712673449e-01
-3.306859583966146460e-02 -2.656574428306832103e-01
-5.859104167617870673e-02 -2.621485578601399080e-01
-8.377889913358832485e-02 -2.561876302079035828e-01
-1.083960257866945498e-01 -2.478022047373600323e-01
-1.322079403392172614e-01 -2.370427081337550812e-01
-1.549840645709100184e-01 -2.239824447198871804e-01
-1.764999870835823603e-01 -2.087173748986230759e-01
-1.965397280694848314e-01 -1.913656649778186225e-01
-2.148979813789135551e-01 -1.720670052354282831e-01
-2.313823094633864486e-01 -1.509816956268831556e-01
-2.458152663532785498e-01 -1.282895011990999312e-01
-2.580364237120181814e-01 -1.041882820230846107e-01
-2.679042752065682320e-01 -7.889240525489145395e-02
-2.752979949554665851e-01 -5.263094974556174060e-02
-2.801190266661803818e-01 -2.564571640603632505e-02
-2.822924812532545680e-01 1.810939746583852157e-03
-2.817683222331843762e-01 2.947843731946141535e-02
-2.785223200117055709e-01 5.709043503790777602e-02
-2.725567582999652294e-01 8.437741370122600615e-02
-2.639008782987399271e-01 1.110693482308645480e-01
-2.526110489507850665e-01 1.368984426283007816e-01
-2.387706544524605123e-01 1.616018991347564215e-01
-2.224896933048004510e-01 1.849246916763369886e-01
-2.039040864353582061e-01 2.066223128119623886e-01
-1.831746952963532182e-01 2.264634628987861054e-01
-1.604860543000650452e-01 2.442326500673941969e-01
-1.360448254450552785e-01 2.597326698686748814e-01
-1.100779847756443719e-01 2.727869286579439612e-01
-8.283076303747707869e-02 2.832415970714828868e-01
-5.456434905392529289e-02 2.909675569672360851e-01
-2.555337722497592196e-02 2.958621027752369459e-01
3.916770207591249719e-03 2.978503896729410849e-01
3.355282196335843820e-02 2.968866023232623053e-01
6.305660811413912881e-02 2.929548257580822379e-01
9.212815043006947202e-02 2.860696031705651787e-01
1.204688192485349058e-01 2.762761688154182216e-01
1.477845220161787820e-01 2.636503478672880263e-01
1.737888876452949871e-01 2.482981189100801345e-01
1.982064102461471577e-01 2.303548386773373036e-01
2.207755156614779612e-01 2.099841326866068725e-01
2.412515145481659296e-01 1.873764594578170017e-01
2.594094065271542182e-01 1.627473600247682783e-01
2.750465011537856497e-01 1.363354083871686218e-01
2.879848231376926915e-01 1.083998823557653091e-01
2.980732713494310682e-01 7.921817786361533276e-02
3.051895036691260055e-01 4.908299320273912247e-02
3.092415226337227319e-01 1.829931275011449990e-02
3.101689400916851636e-01 -1.281877747383452018e-02
3.079439026397604029e-01 -4.395140765765306878e-02
3.025716634536281813e-01 -7.477633869369088027e-02
2.940907901866834928e-01 -1.049724349674283075e-01
2.825730028491104107e-01 -1.342231559717995959e-01
2.681226375568196985e-01 -1.622200219544465138e-01
2.508757481755197194e-01 -1.886660264058001024e-01
2.309988429838431279e-01 -2.132789490824490430e-01
2.086872660080078268e-01 -2.357945187546407750e-01
1.841632471588489361e-01 -2.559694016704171515e-01
1.576736377970108238e-01 -2.735839757684265794e-01
1.294873556185060226e-01 -2.884448569871459478e-01
9.989256641072519205e-02 -3.003871467294483288e-01
6.919363357327061592e-02 -3.092763726562017812e-01
3.770786928360286838e-02 -3.150100984638927182e-01
5.762123773750359862e-03 -3.175191821070560416e-01
-2.631074866437762769e-02 -3.167686660099420237e-01
-5.817550664132886684e-02 -3.127582871227793659e-01
-8.949818009934523699e-02 -3.055225991623634618e-01
-1.199497280177408698e-01 -2.951307039780950436e-01
-1.492096530318568204e-01 -2.816855936448166564e-01
-1.769695309538320827e-01 -2.653231095435908959e-01
-2.029364140543897799e-01 -2.462105292914931187e-01
-2.268360683466662531e-01 -2.245447968626605173e-01
-2.484160069897439760e-01 -2.005504155477593198e-01
-2.674482842783952319e-01 -1.744770274723637660e-01
-2.837320174777387960e-01 -1.465967071840564573e-01
-2.970956069623108542e-01 -1.172010002745814683e-01
-3.073986286883072516e-01 -8.659774108260986925e-02
-3.145333769204142205e-01 -5.510768618502024513e-02
-3.184260365865139164e-01 -2.306100645283854639e-02
-3.190374816954664738e-01 9.206332116998037357e-03
-3.163636811122704229e-01 4.135625251109774358e-02
-3.104357042273029887e-01 7.305226295808052439e-02
-3.013193360390934439e-01 1.039631337111838888e-01
-2.891143032625717590e-01 1.337665087396155417e-01
-2.739531211863108773e-01 1.621524107405154236e-01
-2.559995754971950421e-01 1.888265992532891513e-01
-2.354468575988279966e-01 2.135137435189672361e-01
-2.125153760166840211e-01 2.359603740540468508e-01
-1.874502702576557323e-01 2.559375796698761252e-01
-1.605186569274400510e-01 2.732434198283458238e-01
-1.320066409639156224e-01 2.877050257407002820e-01
-1.022161274812557336e-01 2.991803674423922366e-01
-7.146147190660993853e-02 3.075596681629817475e-01
-4.006600780342322449e-02 3.127664516028647590e-01
-8.358492993872139454e-03 3.147582121724132875e-01
2.333048469491673035e-02 3.135267027865895617e-01
5.467210053592326535e-02 3.090978393810557279e-01
8.534284364419296443e-02 3.015312258659491595e-01
1.150279849549817462e-01 2.909193077032550812e-01
1.434249233398154633e-01 2.773861666269856197e-01
1.702463725328254296e-01 2.610859731683143892e-01
1.952233537519648954e-01 2.422011175494940272e-01
2.181079615214342182e-01 2.209400431234966045e-01
2.386758704102117656e-01 1.975348129932968655e-01
2.567285663771846083e-01 1.722384318380062451e-01
2.720952710632357774e-01 1.453219588014580954e-01
2.846345365355746893e-01 1.170714551933196151e-01
2.942355049748863194e-01 8.778479450985549049e-02
3.008188193714930736e-01 5.776837500569090289e-02
3.043371789389477389e-01 2.733377324128453967e-02
3.047755372118762240e-01 -3.205622765737478185e-03
3.021509450203969105e-01 -3.353796242874384353e-02
2.965120446727649850e-01 -6.335622589954319206e-02
2.879382256796131911e-01 -9.236142536022112770e-02
2.765384561683975062e-01 -1.202656794769559889e-01
2.624498077197119361e-01 -1.467951282059556939e-01
2.458356946660505415e-01 -1.716926575223139406e-01
2.268838518907153878e-01 -1.947204063549858866e-01
2.058040778169643592e-01 -2.156620310150450526e-01
1.828257715573637920e-01 -2.343247056565094244e-01
1.581952950782893330e-01 -2.505408407633480383e-01
1.321731927078640956e-01 -2.641695052649532527e-01
1.050313013664254252e-01 -2.750975415963407555e-01
7.704978552176304507e-02 -2.832403667890603383e-01
4.851413106761402749e-02 -2.885424564549329829e-01
1.971213209966948821e-02 -2.909775122588001972e-01
-9.069096069412941122e-03 -2.905483171215661464e-01
-3.754604533860320115e-02 -2.872862859061823260e-01
-6.544165099664882301e-02 -2.812507253752177250e-01
-9.248801606199348602e-02 -2.725278107227732671e-01
-1.184289881405568567e-01 -2.612292978146933398e-01
-1.430225599026272165e-01 -2.474909985867627948e-01
-1.660430799658913215e-01 -2.314710339215144685e-01
-1.872832514220031941e-01 -2.133478899524898498e-01
-2.065559014588472242e-01 -1.933183033273760121e-01
-2.236955085769539719e-01 -1.715950022194126512e-01
-2.385594770197578540e-01 -1.484043307729677463e-01
-2.510291511908244177e-01 -1.239837852032900783e-01
-2.610105659748639950e-01 -9.857948994622826866e-02
-2.684349319726991867e-01 -7.244364208009380912e-02
-2.732588576646156620e-01 -4.583195173233986508e-02
-2.754643133954166045e-01 -1.900110535612423851e-02
-2.750583447945767479e-01 7.793722362200334285e-03
-2.720725457760369004e-01 3.430128359891063822e-02
-2.665623035779006167e-01 6.027657676467530756e-02
-2.586058303800701785e-01 8.548304927569247424e-02
-2.483029978593030984e-01 1.096946648782543554e-01
-2.357739925922404667e-01 1.326978188571532602e-01
-2.211578114880029533e-01 1.542930867455316601e-01
-2.046106174177323433e-01 1.742967945165793398e-01
-1.863039759081062119e-01 1.925424006409164335e-01
-1.664229941827197190e-01 2.088816828033769335e-01
-1.451643839767081667e-01 2.231857244563161258e-01
-1.227344722580447495e-01 2.353457010760798829e-01
-9.934717116338616372e-02 2.452734600056040160e-01
-7.522193568235542582e-02 2.529018970742990535e-01
-5.058173307915816985e-02 2.581851409500680039e-01
-2.565103340528901432e-02 2.610985443126310757e-01
-6.538417141889601991e-04 2.616384908915188601e-01
2.418821198828094432e-02 2.598220271929651548e-01
4.865771043895823073e-02 2.556863290153099100e-01
7.254320133789464442e-02 2.492880139252211247e-01
9.564085252828778694e-02 2.407023117346769325e-01
1.177560001531325479e-01 2.300221056823827659e-01
1.387045813925165960e-01 2.173568574876953152e-01
1.583144449510964780e-01 2.028314297178708259e-01
1.764265339873520022e-01 1.865848190011608343e-01
1.928959376343198640e-01 1.687688135421492597e-01
2.075928086376601367e-01 1.495465881671844133e-01
2.204031459157866635e-01 1.290912497641229784e-01
2.312294420159099750e-01 1.075843455006237070e-01
2.399911964896905003e-01 8.521434562870533469e-02
2.466252971363102064e-01 6.217511203062472958e-02
2.510862718557247963e-01 3.866436295291967445e-02
2.533464145202252715e-01 1.488214363203127499e-02
2.533957888107102874e-01 -8.970688244052843138e-03
2.512421143804385859e-01 -3.269395404957905343e-02
2.469105400112276971e-01 -5.608961525726065267e-02
2.404433116560383277e-01 -7.896319925247137494e-02
2.318993302799786660e-01 -1.011251791235161512e-01
2.213536126550189609e-01 -1.223923023327617987e-01
2.088966652520453382e-01 -1.425888697303960562e-01
1.946337664096159381e-01 -1.615479548928275833e-01
1.786841649272513655e-01 -1.791125609106531125e-01
1.611801997087785321e-01 -1.951367107346027030e-01
1.422663449505524869e-01 -2.094864673963581780e-01
1.220981852549949259e-01 -2.220408805561137899e-01
1.008413249661813116e-01 -2.326928558970590977e-01
7.867023598414986385e-02 -2.413499438977303457e-01
5.576704832941717371e-02 -2.479350444775255125e-01
