5.000000000000000000e-01 0.000000000000000000e+00
4.976304506186420840e-01 -4.840280681458203338e-02
4.905452178652788264e-01 -9.633791254654729130e-02
4.788143226557429188e-01 -1.433423015886554908e-01
4.625536659631057645e-01 -1.889623969031652972e-01
4.419238189925494553e-01 -2.327586539131387411e-01
4.171283480779796604e-01 -2.743100032360045182e-01
3.884116929547971608e-01 -3.132180945606711231e-01
3.560566220136591742e-01 -3.491112962607900161e-01
3.203812928091268608e-01 -3.816484081480341350e-01
2.817359504295968708e-01 -4.105220480658440252e-01
2.404993002799032942e-01 -4.354616767654891918e-01
1.970745953394261174e-01 -4.562362296465404810e-01
1.518854809959024332e-01 -4.726563284322514713e-01
1.053716430838510798e-01 -4.845760506320351269e-01
5.798430674843518123e-02 -4.918942396599241818e-01
1.018163518929813410e-02 -4.945553436686782045e-01
-3.757592180000729476e-02 -4.925497764612291607e-01
-8.483027930019075569e-02 -4.859137991905452258e-01
-1.311303188439754963e-01 -4.747289268915999005e-01
-1.760363910770688378e-01 -4.591208691413923848e-01
-2.191246719063958959e-01 -4.392580192526730487e-01
-2.599913265078389046e-01 -4.153495113141613126e-01
-2.982564380442602192e-01 -3.876428690374731367e-01
-3.335676608998907611e-01 -3.564212747052299401e-01
-3.656035616300216673e-01 -3.220004904866738404e-01
-3.940766146110356027e-01 -2.847254679522628340e-01
-4.187358235063470269e-01 -2.449666847382402923e-01
-4.393689440861454076e-01 -2.031162499530342336e-01
-4.558042885971901326e-01 -1.595838220527373008e-01
-4.679120967151360611e-01 -1.147923845225745643e-01
-4.756054630662097660e-01 -6.917392577165207279e-02
-4.788408163169127763e-01 -2.316507017267983165e-02
-4.776179498391445177e-01 2.279729284305614945e-02
-4.719796089038187925e-01 6.828033528550397913e-02
-4.620106441802653841e-01 1.128595274360988387e-01
-4.478367459652976001e-01 1.561227413351397031e-01
-4.296227779815331438e-01 1.976741793234063072e-01
-4.075707337197275737e-01 2.371380885533729554e-01
-3.819173421090333864e-01 2.741622253146582811e-01
-3.529313527414854046e-01 3.084210363172906200e-01
-3.209105339170561511e-01 3.396185276995781765e-01
-2.861784193833292189e-01 3.674907964260777371e-01
-2.490808417950993725e-01 3.918082028639047754e-01
-2.099822925960267705e-01 4.123771676189735280e-01
-1.692621492151292206e-01 4.290415801230051951e-01
-1.273108111699596257e-01 4.416838109320844197e-01
-8.452578687667816615e-02 4.502253241731604683e-01
-4.130777269192316414e-02 4.546268910021068477e-01
1.943235034548573825e-03 4.548884092633094234e-01
4.483175531531687769e-02 4.510483387160713065e-01
8.697052733335298991e-02 4.431827651701389925e-01
1.279840687715884107e-01 4.314041106075731102e-01
1.675120541225893767e-01 4.158595098212094499e-01
2.052124821544296096e-01 3.967288772357439042e-01
2.407646047133790712e-01 3.742226903654908288e-01
2.738715922920118562e-01 3.485795187777472881e-01
3.042629152371234547e-01 3.200633294524353745e-01
3.316964230683047132e-01 2.889606010428281690e-01
3.559601080772344939e-01 2.555772807398278279e-01
3.768735431316895257e-01 2.202356182202132029e-01
3.942889873694055969e-01 1.832709115197704297e-01
4.080921571889206123e-01 1.450281996229130510e-01
4.182026635827846839e-01 1.058589361140580831e-01
4.245741203708004452e-01 6.611767741027346768e-02
4.271939312378482678e-01 2.615881791164276909e-02
4.260827666263054536e-01 -1.366659710843197081e-02
4.212937444447528157e-01 -5.301395186639525081e-02
4.129113312043626860e-01 -9.154800676275948179e-02
4.010499825582312661e-01 -1.289456868023171610e-01
3.858525442777194225e-01 -1.648986896484131992e-01
3.674884364390893499e-01 -1.991158938894970754e-01
3.461516450036964399e-01 -2.313255508837592511e-01
3.220585460508333941e-01 -2.612772464128695349e-01
2.954455886639079654e-01 -2.887436212792319767e-01
2.665668628824319764e-01 -3.135218428842204141e-01
2.356915792231899509e-01 -3.354348226904723118e-01
2.031014860569327063e-01 -3.543321772643637235e-01
1.690882506188275125e-01 -3.700909332825205733e-01
1.339508286519379421e-01 -3.826159794387135604e-01
9.799284665647969850e-02 -3.918402705779723827e-01
6.152001946934730625e-02 -3.977247915899340680e-01
2.483762445637521105e-02 -4.002582905937090429e-01
-1.175194800648631660e-02 -3.994567927261776785e-01
-4.795154982681631983e-02 -3.953629073928655036e-01
-8.347152017029427218e-02 -3.880449431476659106e-01
-1.180318059358845817e-01 -3.775958454309615853e-01
-1.513639455053265859e-01 -3.641319732153266986e-01
-1.832129055051720523e-01 -3.477917311879384354e-01
-2.133387622662121230e-01 -3.287340744466152320e-01
-2.415182215670701737e-01 -3.071369028128628220e-01
-2.675459720814670761e-01 -2.831953617842938309e-01
-2.912358696901395927e-01 -2.571200668767896214e-01
-3.124219514493454808e-01 -2.291352676625604268e-01
-3.309592795120471220e-01 -1.994769672144815487e-01
-3.467246166621479331e-01 -1.683910119417973694e-01
-3.596169363367375804e-01 -1.361311659705506383e-01
-3.695577710697246498e-01 -1.029571833074972020e-01
-3.764914041893331897e-01 -6.913289005247694186e-02
-3.803849103418384670e-01 -3.492428791453921350e-02
-3.812280509978501764e-01 -5.976892640908587628e-04
-3.790330315316260967e-01 3.358210706170972060e-02
-3.738341267572569127e-01 6.735359097036648646e-02
-3.656871819694877401e-01 1.004602600539368507e-01
-3.546689965849882387e-01 1.326522758493137166e-01
-3.408765974273978427e-01 1.636880518164101350e-01
-3.244264085632242445e-01 1.933357681520586902e-01
-3.054533243934979270e-01 2.213748091845715027e-01
-2.841096924564089909e-01 2.475971196228533566e-01
-2.605642121176601766e-01 2.718084763626178457e-01
-2.350007550364262288e-01 2.938296728813691860e-01
-2.076171130134951970e-01 3.134976134869541520e-01
-1.786236785712848607e-01 3.306663148278664588e-01
-1.482420633985223613e-01 3.452078121358235219e-01
-1.167036596293262035e-01 3.570129676633832516e-01
-8.424814882912252945e-02 3.659921787144881367e-01
-5.112196353791763348e-02 3.720759825584284419e-01
-1.757670628212815861e-02 3.752155553837721036e-01
1.613246888598238518e-02 3.753831023052365823e-01
4.974850702536052355e-02 3.725721353007782621e-01
8.301412949891198712e-02 3.667976358460403596e-01
1.156735316919527412e-01 3.580960989461823840e-01
1.474740947394037882e-01 3.465254552578558300e-01
1.781681041891869099e-01 3.321648680625076677e-01
2.075144679167307271e-01 3.151144020107081722e-01
2.352804249499190481e-01 2.954945608184975092e-01
2.612432361811817261e-01 2.734456914714383235e-01
2.851918472514397007e-01 2.491272529883995501e-01
3.069285132083810486e-01 2.227169484207547345e-01
3.262703738891982730e-01 1.944097195165059855e-01
3.430509683762474893e-01 1.644166043627631468e-01
3.571216763441058539e-01 1.329634593308946788e-01
3.683530736790364690e-01 1.002895477803072977e-01
3.766361894271202937e-01 6.664599921993952236e-02
3.818836509344487595e-01 3.229414396889923600e-02
3.840307039994961258e-01 -2.496270215883583665e-03
3.830360949799570536e-01 -3.744897158438451057e-02
3.788828020975618105e-01 -7.228315841119964391e-02
3.715786036757419142e-01 -1.067155825243986111e-01
3.611564717346777420e-01 -1.404627097217462650e-01
3.476747802612898397e-01 -1.732429429147881728e-01
3.312173185698482070e-01 -2.047788923584282772e-01
3.118931014702748250e-01 -2.347996759209144413e-01
2.898359694605372461e-01 -2.630432310540204988e-01
2.652039738477334763e-01 -2.892586189627768256e-01
2.381785435669063478e-01 -3.132083004746570309e-01
2.089634324911043561e-01 -3.346703622947012069e-01
1.777834481911267916e-01 -3.534406717289326760e-01
1.448829653859564637e-01 -3.693349375846867177e-01
1.105242296993533546e-01 -3.821906548316005292e-01
7.498545977609347157e-02 -3.918689107464762289e-01
3.855875828225283075e-02 -3.982560306811230855e-01
1.547844785282116720e-03 -4.012650422930704730e-01
-3.573437405250082938e-02 -4.008369380692071715e-01
-7.296837916375500943e-02 -3.969417172523667658e-01
-1.098307385799155989e-01 -3.895791898467445002e-01
-1.459969095520115001e-01 -3.787795272216099018e-01
-1.811441191370276316e-01 -3.646035459414878610e-01
-2.149542973500661314e-01 -3.471427138079799524e-01
-2.471170354720573781e-01 -3.265188696826508141e-01
-2.773325408592916541e-01 -3.028836514469075425e-01
-3.053145586510795373e-01 -2.764176294148305568e-01
-3.307932301386803386e-01 -2.473291456163317081e-01
-3.535178572618761228e-01 -2.158528625756603869e-01
-3.732595427548017208e-01 -1.822480284863908506e-01
-3.898136758810695213e-01 -1.467964689887163721e-01
-4.030022344864179207e-01 -1.098003190466668721e-01
-4.126758752567615263e-01 -7.157951165922202263e-02
-4.187157855973311360e-01 -3.246904327720918915e-02
-4.210352724361777765e-01 7.183961205512432585e-03
-4.195810654892157543e-01 4.702335820490524676e-02
-4.143343150857196622e-01 8.668724167300852212e-02
-4.053112675194395775e-01 1.258113152010436886e-01
-3.925636040332652343e-01 1.640323473762367867e-01
-3.761784329323200060e-01 2.009916760751742359e-01
-3.562779279151529477e-01 2.363387260445612148e-01
-3.330186094754039039e-01 2.697345031758821010e-01
-3.065902701139017195e-01 3.008550283446052021e-01
-2.772145480680338059e-01 3.293946735732528053e-01
-2.451431582637706996e-01 3.550693636016792332e-01
-2.106557931769649783e-01 3.776196067125963118e-01
-1.740577102047128899e-01 3.968133198654542060e-01
-1.356770259448440152e-01 4.124484148311991505e-01
-9.586174141273653970e-02 4.243551140823940693e-01
-5.497652564165192435e-02 4.323979676602477396e-01
-1.339928826956882785e-02 4.364775450892385833e-01
2.848242543142739253e-02 4.365317796129108974e-01
7.027518111808914170e-02 4.325369455477208747e-01
1.115835054376804053e-01 4.245082533575136319e-01
1.520137997790589335e-01 4.125000510971191803e-01
1.911782766283263990e-01 3.966056251137367594e-01
2.286988766310676102e-01 3.769565972801959264e-01
2.642111241290340806e-01 3.537219205132090538e-01
2.973678790946417960e-01 3.271064788489059239e-01
3.278429440364696856e-01 2.973493028525613369e-01
3.553344855914404299e-01 2.647214155743046193e-01
3.795682321466676279e-01 2.295233285727762418e-01
4.003004109319231452e-01 1.920822116601547114e-01
4.173203905720848095e-01 1.527487639223579774e-01
4.304529980615999230e-01 1.118938171875584336e-01
4.395604824881645389e-01 6.990470640748996933e-02
4.445441015534174478e-01 2.718144433612591782e-02
4.453453109726075443e-01 -1.586725959980248013e-02
4.419465411367048957e-01 -5.882809427843925520e-02
4.343715499393499546e-01 -1.012873121562239687e-01
4.226853453542655514e-01 -1.428349201886699449e-01
4.069936761407612624e-01 -1.830688511673375096e-01
3.874420938984007301e-01 -2.215990701831490606e-01
3.642145945284622210e-01 -2.580515713957514112e-01
3.375318519308547760e-01 -2.920722212840389242e-01
3.076490614125287348e-01 -3.233304060652040235e-01
2.748534147502253999e-01 -3.515224429832438102e-01
2.394612330817067480e-01 -3.763747176608408518e-01
2.018147877431573090e-01 -3.976465126529455940e-01
1.622788427773958209e-01 -4.151324957024732920e-01
1.212369560630312953e-01 -4.286648399391587705e-01
7.908757881853439864e-02 -4.381149523378212174e-01
3.623999558229190621e-02 -4.433947911137721687e-01
-6.889851369386853358e-03 -4.444577573288579497e-01
-4.988360785308548762e-02 -4.412991507566214611e-01
-9.232477772021308038e-02 -4.339561849519110726e-01
-1.338029704852231605e-01 -4.225075614299755866e-01
-1.739180804694013815e-01 -4.070726078228247835e-01
-2.122843520819848173e-01 -3.878099897864941137e-01
-2.485342871816392518e-01 -3.649160112226126906e-01
-2.823223522951825437e-01 -3.386225219935652953e-01
-3.133284457943312229e-01 -3.091944566969958563e-01
-3.412610879165071109e-01 -2.769270321697598347e-01
-3.658602997279765678e-01 -2.421426351646303599e-01
-3.869001407271736026e-01 -2.051874350402178859e-01
-4.041908787285546367e-01 -1.664277592856146792e-01
-4.175807699041932941e-01 -1.262462722314102170e-01
-4.269574313394229326e-01 -8.503799934888031653e-02
-4.322487931252063653e-01 -4.320624108633631250e-02
-4.334236218064522195e-01 -1.158421219194405438e-03
-4.304916118736857311e-01 4.069808481178497500e-02
-4.235030468661726832e-01 8.196009613486798795e-02
-4.125480364887554319e-01 1.222327023802037421e-01
-3.977553408741426599e-01 1.611332255221576970e-01
-3.792907976906743084e-01 1.982950254309565064e-01
-3.573553721484932222e-01 2.333711090035560654e-01
-3.321828540434341726e-01 2.660375052665887585e-01
-3.040372297503409760e-01 2.959963717862111321e-01
-2.732097604927157253e-01 3.229788010418056521e-01
-2.400158012351864267e-01 3.467472990794800980e-01
-2.047913971360923735e-01 3.670979127099330275e-01
-1.678896966320139184e-01 3.838619857030911020e-01
-1.296772218827625389e-01 3.969075288059487616e-01
-9.053003846883822536e-02 4.061401929153899970e-01
-5.082986689462577756e-02 4.115038393184479171e-01
-1.096017860701389152e-02 4.129807055120553461e-01
2.869768110556891391e-02 4.105911696768107522e-01
6.776830180448488450e-02 4.043931213496250732e-01
1.058859079641424061e-01 3.944809501651027617e-01
1.426979119526138873e-01 3.809841686643625214e-01
1.778682836646859333e-01 3.640656890550052482e-01
2.110807031254078314e-01 3.439197774030611776e-01
2.420414653216083067e-01 3.207697120071423269e-01
2.704821097736911373e-01 2.948651756115294176e-01
2.961617508858720438e-01 2.664794136284402426e-01
3.188690888626599107e-01 2.359061926355736638e-01
3.384240849034117482e-01 2.034565950741711593e-01
3.546792884343399899e-01 1.694556872821102178e-01
3.675208082567446577e-01 1.342390987486706266e-01
3.768689236297289025e-01 9.814955077129890182e-02
3.826783354140367299e-01 6.153337253448964983e-02
3.849380614310161097e-01 2.473704202711222641e-02
3.836709840890071832e-01 -1.189621181707292349e-02
3.789330620531730642e-01 -4.802971080932316728e-02
3.708122212414577401e-01 -8.333649989913799461e-02
3.594269436801068585e-01 -1.175023593135956501e-01
3.449245757121893186e-01 -1.502286279719033946e-01
3.274793796914276522e-01 -1.812348124693118900e-01
3.072903555857665614e-01 -2.102609589278299773e-01
2.845788608399003050e-01 -2.370697682099275339e-01
2.595860583880674199e-01 -2.614484383412253310e-01
2.325702238577738445e-01 -2.832102214436148513e-01
2.038039437570302870e-01 -3.021956859955368113e-01
1.735712367928287925e-01 -3.182736787657264310e-01
1.421646304327829902e-01 -3.313419842659406367e-01
1.098822244059624309e-01 -3.413276829937982315e-01
7.702477205859943610e-02 -3.481872130477105531e-01
4.389280935560041508e-02 -3.519061428533196145e-01
1.078385987380127420e-02 -3.524986657092740172e-01
-2.201025760453638458e-02 -3.500068296074210772e-01
-5.420599428840751355e-02 -3.444995182802185196e-01
-8.553048698207950384e-02 -3.360712016521912315e-01
-1.157238041323572220e-01 -3.248404758027242378e-01
-1.445410049284144016e-01 -3.109484141691241654e-01
-1.717539967531490352e-01 -2.945567530210614904e-01
-1.971531790520446858e-01 -2.758459352142860199e-01
-2.205488644911882123e-01 -2.550130368816022064e-01
-2.417724710823371537e-01 -2.322696020457823418e-01
-2.606774817228666441e-01 -2.078394101500347924e-01
-2.771401702968877001e-01 -1.819562012086774205e-01
-2.910600960778005897e-01 -1.548613826994920117e-01
-3.023603706316109196e-01 -1.268017414691217093e-01
-3.109877037170426517e-01 -9.802718282623895663e-02
-3.169122367886603175e-01 -6.878851767922999905e-02
-3.201271746122631989e-01 -3.933531706327353383e-02
-3.206482271808868689e-01 -9.913851725215756805e-03
-3.185128755619128227e-01 1.923486737583797457e-02
-3.137794765020939236e-01 4.787693370736565562e-02
-3.065262215628191678e-01 7.578726298078536372e-02
-2.968499672516909937e-01 1.027511742096472447e-01
-2.848649530613588943e-01 1.285658261026582927e-01
-2.707014245291261556e-01 1.530415028959057344e-01
-2.545041784011849995e-01 1.760027456895249531e-01
-2.364310467367073121e-01 1.972893272392399200e-01
-2.166513363355943023e-01 2.167570699387989241e-01
-1.953442392381830039e-01 2.342785083940875368e-01
-1.726972292464907799e-01 2.497433995152774089e-01
-1.489044584772717117e-01 2.630590844245332960e-01
-1.241651669011987202e-01 2.741507076815818400e-01
-9.868211667467299830e-02 2.829613003592492126e-01
-7.266006185633684666e-02 2.894517343507085338e-01
-4.630426284452854313e-02 2.936005559578337976e-01
-1.981905359942255987e-02 2.954037072972485745e-01
6.593531551682452890e-03 2.948741443720777622e-01
3.273506596293081217e-02 2.920413608007592643e-01
5.841196919402159154e-02 2.869508261800250981e-01
8.343667274646700271e-02 2.796633479003017841e-01
1.076287107769998974e-01 2.702543649434834827e-01
1.308157344807873157e-01 2.588131817923291500e-01
1.528344496524771112e-01 2.454421500861440619e-01
1.735314776275018178e-01 2.302558050885360474e-01
1.927641403737299641e-01 2.133799634101957721e-01
2.104011709417129006e-01 1.949507877734362737e-01
2.263233507906059760e-01 1.751138239361093030e-01
2.404240756894178710e-01 1.540230142304598870e-01
2.526098519554045296e-01 1.318396915365398492e-01
2.628007247416229153e-01 1.087315569177715047e-01
2.709306399347274907e-01 8.487164361432918136e-02
2.769477409849929184e-01 6.043726963247986195e-02
2.808146016780835308e-01 3.560898079702422281e-02
2.825083954885842519e-01 1.056948585924331885e-02
2.820210017462312924e-01 -1.449741491854759576e-02
2.793590484154110931e-01 -3.940790634412370819e-02
2.745438908555135060e-01 -6.397923863820724477e-02
2.676115255128343473e-01 -8.803080998034433502e-02
2.586124371122552890e-01 -1.113852494396505299e-01
2.476113775864713928e-01 -1.338694981147084961e-01
2.346870747185667017e-01 -1.553158858603218562e-01
2.199318682952468573e-01 -1.755632004547321989e-01
2.034512714862653782e-01 -1.944577454729537469e-01
1.853634551916668594e-01 -2.118543824956341248e-01
1.657986532412513148e-01 -2.276175526154770867e-01
1.448984865964368374e-01 -2.416222715232028417e-01
1.228152050970630765e-01 -2.537550917816275842e-01
9.971084581543053493e-02 -2.639150252496182958e-01
7.575630772492489284e-02 -2.720144180174620119e-01
5.113034315595979540e-02 -2.779797696813972041e-01
2.601846738986469260e-02 -2.817524883368510702e-01
6.117887211691090676e-04 -2.832895723254560405e-01
-2.489423761269851654e-02 -2.825642095469250714e-01
-5.030112709358681988e-02 -2.795662850583417458e-01
-7.540874943893756399e-02 -2.743027877432732131e-01
-1.000167710018555201e-01 -2.667981070518842257e-01
-1.239261478375539294e-01 -2.570942111988172019e-01
-1.469406599799907842e-01 -2.452506987630696522e-01
-1.688684762652697402e-01 -2.313447163654831218e-01
-1.895237378865477773e-01 -2.154707360036737240e-01
-2.087281477926532236e-01 -1.977401866969885347e-01
-2.263125520728849205e-01 -1.782809363278661241e-01
-2.421184986262460981e-01 -1.572366209501417367e-01
-2.559997577161605697e-01 -1.347658203556235390e-01
-2.678237884814059777e-01 -1.110410803310119543e-01
-2.774731351284439596e-01 -8.624778377855209233e-02
-2.848467363850556988e-01 -6.058287469384849439e-02
-2.898611318630275879e-01 -3.425344086900385804e-02
-2.924515492684312545e-01 -7.475163092814120919e-03
-2.925728569184554151e-01 1.952935947515426970e-02
-2.902003667770010620e-01 4.653239620153233613e-02
-2.853304742070261191e-01 7.330297076967644265e-02
-2.779811218519570581e-01 9.960883074885590327e-02
-2.681920764937242851e-01 1.252184842036598855e-01
-2.560250093798419058e-01 1.499032851236440089e-01
-2.415633723515653586e-01 1.734395481406146300e-01
-2.249120641212427885e-01 1.956106718825029178e-01
-2.061968832180044731e-01 2.162092494116692187e-01
-1.855637664224113748e-01 2.350391435323712919e-01
-1.631778139154387297e-01 2.519175043448142470e-01
-1.392221048457029375e-01 2.666767062862459570e-01
-1.138963095397123593e-01 2.791661820440434760e-01
-8.741510711019388757e-02 2.892541311589517661e-01
-6.000641972322073858e-02 2.968290818619617188e-01
-3.190947723137761705e-02 3.018012857050091924e-01
-3.372728232913294738e-03 3.041039258488648089e-01
2.534838415845347068e-02 3.036941214521903798e-01
5.399376148494423877e-02 3.005537124505602842e-01
8.230108183880957551e-02 2.946898111060577419e-01
1.100083006130750662e-01 2.861351090257693852e-01
1.368561948458228983e-01 2.749479308664090071e-01
1.625909247727835849e-01 2.612120286343417863e-01
1.869665853772601027e-01 2.450361133244136902e-01
2.097477202147538522e-01 2.265531235835381019e-01
2.307117696059117484e-01 2.059192341001146731e-01
2.496514254451843995e-01 1.833126094704969899e-01
2.663768653690869459e-01 1.589319123401194966e-01
2.807178398678490394e-01 1.329945776200922580e-01
2.925255871035629118e-01 1.057348675004890493e-01
3.016745517080788308e-01 7.740172478000435785e-02
3.080638856616445542e-01 4.825644466992923265e-02
3.116187114809549352e-01 1.857018767178255161e-02
3.122911303508770775e-01 -1.137864166223566745e-02
3.100609604916200746e-01 -4.130712333065173630e-02
3.049361939327113746e-01 -7.093062943729711023e-02
2.969531629336809586e-01 -9.996568095541341625e-02
2.861764105126526347e-01 -1.281328229628751203e-01
2.726982628794598074e-01 -1.551594869731240944e-01
2.566381049787369029e-01 -1.807828087202575651e-01
2.381413637885256562e-01 -2.047523698697576444e-01
2.173782074481811488e-01 -2.268328326220621083e-01
1.945419716623129347e-01 -2.468064370530287932e-01
1.698473281019474701e-01 -2.644753322867965939e-01
1.435282126576498674e-01 -2.796637142110763308e-01
1.158355343510212576e-01 -2.922197444061195859e-01
8.703468844176638630e-02 -3.020172272454251794e-01
5.740289974091142278e-02 -3.089570247131274150e-01
2.722642432326165957e-02 -3.129681913402722615e-01
-3.202360306152094577e-03 -3.140088147563922516e-01
-3.358794502212859162e-02 -3.120665506471144157e-01
-6.363472615022319756e-02 -3.071588443632909948e-01
-9.305005632255509973e-02 -2.993328350002585903e-01
-1.215472752801255163e-01 -2.886649414134149216e-01
-1.488486868260394946e-01 -2.752601333132076444e-01
-1.746884485838705314e-01 -2.592508942430622465e-01
-1.988153420690308704e-01 -2.407958868418866583e-01
-2.209953918298638298e-01 -2.200783342833061151e-01
-2.410143040455599850e-01 -1.973041351225854612e-01
-2.586796969612299435e-01 -1.726997319269504005e-01
-2.738230978730994969e-01 -1.465097569757039531e-01
-2.863016840209143821e-01 -1.189944809560139344e-01
-2.959997476682323936e-01 -9.042709291475514721e-02
-3.028298688186283893e-01 -6.109084172640021071e-02
-3.067337823879920378e-01 -3.127607097597069619e-02
-3.076829301883964307e-01 -1.277180413395972991e-03
-3.056786917336177800e-01 2.861045200494549343e-02
-3.007522916048546158e-01 5.809355302131934129e-02
-2.929643848710986043e-01 8.688400742665579324e-02
-2.824043257951416308e-01 1.147018477336745057e-01
-2.691891287267834665e-01 1.412781468417612096e-01
-2.534621336437234973e-01 1.663577815531968040e-01
-2.353913922036145745e-01 1.897020363765209716e-01
-2.151677933756215855e-01 2.110910189940254367e-01
-1.930029506869559153e-01 2.303258610517464333e-01
-1.691268758127589533e-01 2.472306805226534565e-01
-1.437854656235173778e-01 2.616542847638623215e-01
-1.172378318540472086e-01 2.734715964999803184e-01
-8.975350424755088041e-02 2.825847882774707998e-01
-6.160953933760034834e-02 2.889241144070638367e-01
-3.308756794537104362e-02 2.924484329987178111e-01
-4.470814979433624520e-03 2.931454143510847654e-01
2.395887477345783056e-02 2.910314356387908030e-01
5.192397148492498143e-02 2.861511654999446264e-01
7.915412307571877137e-02 2.785768457174768731e-01
1.053889143863915578e-01 2.684072806666583655e-01
1.303804926265358100e-01 2.557665485246119474e-01
1.538960308271454802e-01 2.408024513652496368e-01
1.757200031740547286e-01 2.236847241570623090e-01
1.956562485517364391e-01 2.046030253070497407e-01
2.135298013427895936e-01 1.837647337210314147e-01
2.291884714728170125e-01 1.613925793519279950e-01
2.425041588240204327e-01 1.377221358611045166e-01
2.533738904225095734e-01 1.129992053059602625e-01
2.617205721912544969e-01 8.747712567697434050e-02
2.674934505090305059e-01 6.141403263174582960e-02
2.706682822814527323e-01 3.507010690965484123e-02
2.712472156692970482e-01 8.704838661163168817e-03
2.692583869885749603e-01 -1.742566070198398737e-02
2.647552425544461019e-01 -4.307126952289239835e-02
2.578155973470999118e-01 -6.799036151141192585e-02
2.485404452947085896e-01 -9.195217935065097548e-02
2.370525386618820840e-01 -1.147390516681948969e-01
2.234947564704765632e-01 -1.361484309859761210e-01
2.080282840356172946e-01 -1.559947327468901856e-01
1.908306275499377369e-01 -1.741109582055613836e-01
1.720934891741866257e-01 -1.903500868277576696e-01
1.520205292779394091e-01 -2.045862268287558794e-01
1.308250433102779997e-01 -2.167155155551946377e-01
1.087275812618529736e-01 -2.266567645367671135e-01
8.595353780637013386e-02 -2.343518471625833932e-01
6.273074098562696210e-02 -2.397658300317784819e-01
3.928706673674264849e-02 -2.428868520496251238e-01
1.584810566657743683e-02 -2.437257582512744047e-01
-7.365092725904614362e-03 -2.423154980996308216e-01
-3.013817467196374181e-02 -2.387103005886374585e-01
-5.226551365029724616e-02 -2.329846408582427753e-01
-7.355209884295753342e-02 -2.252320151657129788e-01
-9.381526277269053304e-02 -2.155635429365753142e-01
-1.128862327355435874e-01 -2.041064162180837305e-01
-1.306114931512002419e-01 -1.910022181635729066e-01
-1.468539485635963482e-01 -1.764051331765821573e-01
-1.614938796992657910e-01 -1.604800720327079766e-01
-1.744296876936857477e-01 -1.434007356726927085e-01
-1.855784242901201142e-01 -1.253476414245295600e-01
-1.948761084654151154e-01 -1.065061351718357696e-01
-2.022778325085554663e-01 -8.706441245097647219e-02
-2.077576630380061073e-01 -6.721157064481257659e-02
-2.113083447626492306e-01 -4.713571336448375837e-02
-2.129408169408021911e-01 -2.702212679356821162e-02
-2.126835544476673723e-01 -7.051546235422218728e-03
-2.105817471021929621e-01 1.260147061885884441e-02
-2.066963324117981338e-01 3.177004906889637631e-02
-2.011028981535424864e-01 5.029636881220861389e-02
-1.938904722127388625e-01 6.803289087701107352e-02
-1.851602178382941999e-01 8.484343175930247893e-02
-1.750240529457171290e-01 1.006040786595270575e-01
-1.636032123051623099e-01 1.152039419335553205e-01
-1.510267713982955395e-01 1.285457430637255982e-01
-1.374301504230081572e-01 1.405462385881665333e-01
-1.229536163813799710e-01 1.511364824721256883e-01
-1.077408004192646346e-01 1.602619313371273502e-01
-9.193724661381845464e-02 1.678823987584043831e-01
-7.568900724914046085e-02 1.739718664768030165e-01
-5.914129830304239166e-02 1.785181618298024020e-01
-4.243722741472458898e-02 1.815225119721367297e-01
-2.571660504006488546e-02 1.829989865178008046e-01
-9.114847855546868299e-03 1.829738410834402806e-01
7.238018228725124487e-03 1.814847748432548147e-01
2.321824981417162578e-02 1.785801156160485015e-01
3.870916861169138024e-02 1.743179461978708877e-01
5.360183268754591113e-02 1.687651856340649792e-01
6.779559580041440159e-02 1.619966389009278307e-01
8.119855584473464893e-02 1.540940280510285365e-01
9.372789488911421885e-02 1.451450172816926842e-01
1.053101146542999855e-01 1.352422436298847397e-01
1.158811724956645417e-01 1.244823640974617174e-01
1.253865240258416613e-01 1.129651289890939575e-01
1.337810794223474598e-01 1.007924901230199954e-01
1.410290812041002650e-01 8.806775137523073504e-02
1.471039118241422583e-01 7.489476776429784821e-02
1.519878398111269291e-01 6.137719800074191434e-02
1.556717133999376002e-01 4.761781413527631929e-02
1.581546106258269746e-01 3.371787066760351809e-02
1.594434547233166966e-01 1.977653424388425840e-02
1.595526033801035193e-01 5.890373897462069033e-03
1.585034199592449677e-01 -7.847089306804097553e-03
1.563238342340959042e-01 -2.134577536179080998e-02
1.530478994959668937e-01 -3.451938416380392893e-02
1.487153521121225841e-01 -4.728568389857396026e-02
1.433711787506922464e-01 -5.956675337753723071e-02
1.370651955695095514e-01 -7.128918321815029546e-02
1.298516427086296721e-01 -8.238424109870336187e-02
1.217887964523412248e-01 -9.278800650593628518e-02
1.129386004568297547e-01 -1.024414804337170082e-01
1.033663164947081770e-01 -1.112906753868996845e-01
9.314019426699929327e-02 -1.192866908026930239e-01
8.233115899526299852e-02 -1.263857786314317722e-01
7.101251474831796195e-02 -1.325494033308788899e-01
5.925966079455523977e-02 -1.377442999365422194e-01
4.714981771526956245e-02 -1.419425331902549603e-01
3.476175957758485813e-02 -1.451215599573074666e-01
2.217554815582253869e-02 -1.472642963568214225e-01
9.472265013389456756e-03 -1.483591901898408949e-01
-3.266262783383912238e-03 -1.484002983943413512e-01
-1.595774745207610701e-02 -1.473873684058040479e-01
-2.851973968399360709e-02 -1.453259214757754714e-01
-4.086994577951490182e-02 -1.422273352180381256e-01
-5.292656578969969633e-02 -1.381089219308967164e-01
-6.460865513094815604e-02 -1.329939986016947795e-01
-7.583651144549383161e-02 -1.269119439515760117e-01
-8.653208770059742094e-02 -1.198982374384741784e-01
-9.661943166937876637e-02 -1.119944748161073866e-01
-1.060251510336740893e-01 -1.032483546558638082e-01
-1.146789024127015250e-01 -9.371363018397699252e-02
-1.225139016700830807e-01 -8.345002087280539715e-02
-1.294674519058299500e-01 -7.252307845421120114e-02
-1.354814846193317379e-01 -6.100400239412048092e-02
-1.405031086540723950e-01 -4.896940037678359364e-02
-1.444851607240410785e-01 -3.650098998881277923e-02
-1.473867505940296974e-01 -2.368523855795381244e-02
-1.491737933583757447e-01 -1.061293897850641189e-02
-1.498195207508466464e-01 2.621279669165772069e-03
-1.493049630360449853e-01 1.591950683906374897e-02
-1.476193927916295279e-01 2.918116958977732753e-02
-1.447607218001458751e-01 4.230371384343654950e-02
-1.407358423361934896e-01 5.518334447474018689e-02
-1.355609043632020616e-01 6.771581966814957387e-02
-1.292615205456750516e-01 7.979729379390400335e-02
-1.218728915359799103e-01 9.132520190359338930e-02
-1.134398447053874132e-01 1.021991778551000207e-01
-1.040167803500533228e-01 1.123219970657265421e-01
-9.366752040423972914e-02 1.216005339812711861e-01
-8.246505582294304249e-02 1.299467235564440160e-01
-7.049119003946112405e-02 1.372785153854941820e-01
-5.783607724330891431e-02 1.435208086164961316e-01
-4.459765564133164745e-02 1.486063554415019139e-01
-3.088097733923781535e-02 1.524766207883704316e-01
-1.679743799007741428e-02 1.550825858565563764e-01
-2.463910877394715621e-03 1.563854833437239022e-01
1.199820838982322904e-02 1.563574526050469926e-01
2.646403891971321753e-02 1.549821035717847406e-01
4.080632425312370748e-02 1.522549790264539349e-01
5.489660435717064191e-02 1.481839057819262506e-01
6.860643827704095143e-02 1.427892264313586901e-01
8.180866472899057940e-02 1.361039046124995211e-01
9.437868696737013174e-02 1.281734981483733660e-01
1.061957674736103974e-01 1.190559959689433123e-01
1.171443174112093005e-01 1.088215163651278655e-01
1.271151653812065963e-01 9.755186585561116674e-02
1.360067898080274396e-01 8.533995973466300400e-02
1.437264992936246599e-01 7.228910719080837433e-02
1.501915455031884172e-01 5.851216571583232190e-02
1.553301535897803620e-01 4.413057133488754169e-02
1.590824558263060629e-01 2.927325295482509360e-02
1.614013149862261465e-01 1.407544082296043747e-02
1.622530250910686755e-01 -1.322619313388295054e-03
1.616178784117530964e-01 -1.677703327977934922e-02
1.594905890575773200e-01 -3.214169238158908620e-02
1.558805650942410859e-01 -4.726975858155423038e-02
1.508120228806768548e-01 -6.201518440517977959e-02
1.443239391815840655e-01 -7.623425025481389561e-02
1.364698385742518782e-01 -8.978710125380780227e-02
1.273174156986388583e-01 -1.025392654112084606e-01
1.169479939715619143e-01 -1.143631348030647449e-01
1.054558244710904202e-01 -1.251393916135638829e-01
9.294723076716145116e-02 -1.347583612693551425e-01
7.953960750022047443e-02 -1.431212755316126073e-01
6.536028246282883647e-02 -1.501414292772300374e-01
5.054525379185738354e-02 -1.557452157942114113e-01
3.523781560441591881e-02 -1.598730267246934178e-01
1.958708698387826713e-02 -1.624800042968099212e-01
3.746460619974358378e-03 -1.635366351755267456e-01
-1.212801139210058742e-02 -1.630291771116304245e-01
-2.787927610273192858e-02 -1.609599115538092040e-01
-4.335096336309959136e-02 -1.573472174856316297e-01
-5.838907482665449400e-02 -1.522254639298544765e-01
-7.284365827949776384e-02 -1.456447207981144409e-01
-8.657044728108781451e-02 -1.376702900249211492e-01
-9.943244635593911918e-02 -1.283820611806352485e-01
-1.113014424952777359e-01 -1.178736979782979838e-01
-1.220594244999762268e-01 -1.062516642435721997e-01
-1.315998927139398200e-01 -9.363409997617162805e-02
-1.398290429484312369e-01 -8.014956006664269994e-02
-1.466668098672762877e-01 -6.593563001741607754e-02
-1.520477567720514844e-01 -5.113743462679036511e-02
-1.559218005739303192e-01 -3.590605700637020115e-02
-1.582547627409970070e-01 -2.039688649650139851e-02
-1.590287391404283934e-01 -4.767915003388375692e-03
-1.582422839260183567e-01 1.082199800802606873e-02
-1.559104049235991996e-01 2.621487118018778206e-02
-1.520643703094526622e-01 4.125533671788886997e-02
-1.467513287285895918e-01 5.579234484646244940e-02
-1.400337473293895296e-01 6.968081684135304932e-02
-1.319886744673319234e-01 8.278322681600552846e-02
-1.227068360228830840e-01 9.497109333116035557e-02
-1.122915763575931536e-01 1.061263630108489342e-01
-1.008576568701711196e-01 1.161426697039717598e-01
-8.852992688472598182e-02 1.249264542974410502e-01
-7.544188318273054028e-02 1.323979320466580067e-01
-6.173413585744154386e-02 1.384918962180927693e-01
-4.755279930625358475e-02 1.431583489111359631e-01
-3.304782806769925724e-02 1.463629521144142742e-01
-1.837131784383014971e-02 1.480872943260548857e-01
-3.675792417356568351e-03 1.483289703974200735e-01
1.088750272832748368e-02 1.471014746143555485e-01
2.517027945005992362e-02 1.444339093774397731e-01
3.902883845033246202e-02 1.403705141516742860e-01
5.232563375172599729e-02 1.349700215956834426e-01
6.493075159684953690e-02 1.283048499209789584e-01
7.672328641970838081e-02 1.204601425448103696e-01
8.759259794449952841e-02 1.115326679590086245e-01
9.743943507873858989e-02 1.016295944176808380e-01
1.061769140568581682e-01 9.086715552680627028e-02
1.137313402331028844e-01 7.936922407972465954e-02
1.200428649917787416e-01 6.726581250830233893e-02
1.250659714101551023e-01 5.469151909761612446e-02
1.287697845447994260e-01 4.178393963319092241e-02
1.311382044852726914e-01 2.868206440863215606e-02
1.321698625989815024e-01 1.552468051603292550e-02
1.318779036466878885e-01 2.448799073588567299e-03
1.302895986493379232e-01 -1.041187348016743563e-02
1.274457955040309565e-01 -2.292840166924571890e-02
1.234002163519913459e-01 -3.497800749289864397e-02
1.182186125679383915e-01 -4.644536105006610849e-02
1.119777899439770852e-01 -5.722376058852737118e-02
1.047645181601853798e-01 -6.721618890335742669e-02
9.667433994929969243e-02 -7.633623477799957036e-02
8.781029645813209772e-02 -8.450887006148447012e-02
7.828158617060684832e-02 -9.167107497983639774e-02
6.820217537695584531e-02 -9.777230636004183295e-02
5.768937854450549574e-02 -1.027748055718108039e-01
4.686242706500415300e-02 -1.066537451360129590e-01
3.584104472250869422e-02 -1.093972150794086107e-01
2.474404784891312548e-02 -1.110060522038390368e-01
1.368798751913042136e-02 -1.114935174559613940e-01
2.785850295882751765e-03 -1.108848285037292020e-01
-7.854167020726122647e-03 -1.092165564225782565e-01
-1.812979443405710045e-02 -1.065358970441084019e-01
-2.794572480362832179e-02 -1.028998290016930328e-01
-3.721453771111662978e-02 -9.837417180222665647e-02
-4.585750165096165454e-02 -9.303255834531033719e-02
-5.380524687087565039e-02 -8.695533718779006882e-02
-6.099830307890953540e-02 -8.022842050312967155e-02
-6.738749817474533332e-02 -7.294209410535339166e-02
-7.293421612549549904e-02 -6.518980609335676968e-02
-7.761051406240175587e-02 -5.706695062376354599e-02
-8.139910059675309340e-02 -4.866966304306842572e-02
-8.429317921419786364e-02 -4.009364210967882730e-02
-8.629616238070644818e-02 -3.143301432392175965e-02
-8.742126365659619314e-02 -2.277925447233257114e-02
-8.769097664499392319e-02 -1.422017539754974642e-02
-8.713645097781069770e-02 -5.838998745331407461e-03
-8.579677674814185917e-02 2.286482963798503951e-03
-8.371818981807890858e-02 1.008464411650570117e-02
-8.095321125323230727e-02 1.749065644392266972e-02
-7.755973475085550795e-02 2.444700661208568104e-02
-7.360007633152382267e-02 3.090389720623659686e-02
-6.914000075224707720e-02 3.681952911306177190e-02
-6.424773907228681358e-02 4.216026506258308687e-02
-5.899301156557041487e-02 4.690067581752307285e-02
-5.344606973229854702e-02 5.102347216751897119e-02
-4.767677052691719070e-02 5.451932747469746127e-02
-4.175369510263679529e-02 5.738659700348518189e-02
-3.574332338924215285e-02 5.963094163058016428e-02
-2.970927468846586844e-02 6.126486475232052753e-02
-2.371162320912449314e-02 6.230717227019374332e-02
-1.780629609367589961e-02 6.278236642745434193e-02
-1.204456003134655312e-02 6.271998498003703015e-02
-6.472601034011718490e-03 6.215389770533699676e-02
-1.131200393747442377e-03 6.112157257813096572e-02
3.944491730157963227e-03 5.966332407210696298e-02
8.725085207612365279e-03 5.782155597935267205e-02
1.318698295677018031e-02 5.564001088288886288e-02
1.731232119393216404e-02 5.316303797596960007e-02
2.108882141227069393e-02 5.043489030618888980e-02
2.450955987754264292e-02 4.749906174478209231e-02
2.757266160098272023e-02 4.439767305658431223e-02
3.028092678693059328e-02 4.117091539070157069e-02
3.264139864121531204e-02 3.785655834467692438e-02
3.466488215416784618e-02 3.448952849592064329e-02
3.636542403027265280e-02 3.110156296473766749e-02
3.775976431857777649e-02 2.772094119559177783e-02
3.886677050056977500e-02 2.437229673995350634e-02
3.970686481465334622e-02 2.107650941798927882e-02
4.030145544086965320e-02 1.785067685004483595e-02
4.067238184103626197e-02 1.470816300437518924e-02
4.084138405577097258e-02 1.165872012598975771e-02
4.082960511108053164e-02 8.708679212701610217e-03
4.065713489591707419e-02 5.861203106855478184e-03
4.034260295302883464e-02 3.116595291320445413e-03
3.990282659514316627e-02 4.726566306842679491e-04
3.935251963521483459e-02 -2.074918404563838841e-03
3.870406582265900619e-02 -4.532115041898997915e-03
3.796735982766561573e-02 -6.906150436947759881e-03
3.714971733402108039e-02 -9.205014449315016695e-03
3.625585450883058586e-02 -1.143700863633607262e-02
3.528793583660036481e-02 -1.361029302275953284e-02
3.424568805641249603e-02 -1.573244992636208331e-02
3.312657674481590819e-02 -1.781007368390144160e-02
3.192604096297059491e-02 -1.984839453726220185e-02
3.063778035260852906e-02 -2.185094421711799434e-02
2.925408813801716121e-02 -2.381926991405416277e-02
2.776622268516621209e-02 -2.575270236993139686e-02
2.616480959688279387e-02 -2.764818277206619601e-02
2.444026579497325311e-02 -2.950015200770561563e-02
2.258323666433133953e-02 -3.130050465553547295e-02
2.058503711578039963e-02 -3.303860887462930357e-02
1.843808736650184507e-02 -3.470139211983674921e-02
1.613633433960991181e-02 -3.627349138677967572e-02
1.367564984533829915e-02 -3.773746548983784865e-02
1.105419712043929394e-02 -3.907406572271173578e-02
8.272757862323098718e-03 -4.026256016246344827e-02
5.335012590402749347e-03 -4.128110587233974060e-02
2.247767987104035570e-03 -4.210716235273791880e-02
-9.788741988824701916e-04 -4.271793879827430473e-02
-4.331411079966166790e-03 -4.309086705503853421e-02
-7.792898678654269426e-03 -4.320409164663684132e-02
-1.134298022845590774e-02 -4.303696785914391115e-02
-1.495798365661331342e-02 -4.257055864979011200e-02
-1.861108795851360367e-02 -4.178812107580631707e-02
-2.227255695402991301e-02 -4.067557302948303366e-02
-2.591003771703728059e-02 -3.922193131176388708e-02
-2.948891981072586377e-02 -3.741971247564458702e-02
-3.297275036219586564e-02 -3.526528841588438129e-02
-3.632369898829309468e-02 -3.275918936429820377e-02
-3.950306565759480193e-02 -2.990634775921573868e-02
-4.247182375621647021e-02 -2.671627738056428156e-02
-4.519118993124464356e-02 -2.320318316363292194e-02
-4.762321172668880498e-02 -1.938599820849480626e-02
-4.973136361229979485e-02 -1.528834567057421254e-02
-5.148114174252867853e-02 -1.093842443217536188e-02
-5.284064767597825008e-02 -6.368818695433626532e-03
-5.378115133712010193e-02 -1.616232884168370028e-03
-5.427762371147600712e-02 3.278845524541038926e-03
-5.430923013003917388e-02 8.272551418416488472e-03
-5.385977551311449396e-02 1.331811075007745780e-02
-5.291809360027577985e-02 1.836636647597195832e-02
-5.147837298179924748e-02 2.336635470410305948e-02
-4.954041365566147492e-02 2.826592313844210683e-02
-4.710980884899373944e-02 3.301238314498786131e-02
-4.419804794808405990e-02 3.755318613314275605e-02
-4.082253755948387491e-02 4.183661445687911207e-02
-3.700653895820597145e-02 4.581247670128033717e-02
-3.277902144820148828e-02 4.943279703733517716e-02
-2.817443244549680884e-02 5.265248830476099151e-02
-2.323238637549870228e-02 5.542999862006386946e-02
-1.799727573301598826e-02 5.772792160342329892e-02
-1.251780886682626534e-02 5.951356076924798483e-02
-6.846480201119711437e-03 6.075943922489039639e-02
-1.038979675815366981e-03 6.144374656121611572e-02
4.846450840260281036e-03 6.155071568649775338e-02
1.074970555035002426e-02 6.107092333842765314e-02
1.660953779952139067e-02 6.000150909309399927e-02
2.236430827367900595e-02 5.834630885813539558e-02
2.795274794193798595e-02 5.611590007224878662e-02
3.331472506510656240e-02 5.332755711599344167e-02
3.839200546154698107e-02 5.000511674987065391e-02
4.312899525247706339e-02 4.617875471496858675e-02
4.747345550173621281e-02 4.188467593890314589e-02
5.137717851756603421e-02 3.716472206538392470e-02
5.479661609098699510e-02 3.206590124998635188e-02
5.769345059944924747e-02 2.663984631889431548e-02
6.003510069589443332e-02 2.094220845383084825e-02
6.179515422037008820e-02 1.503199452879521586e-02
6.295372200014219544e-02 8.970857067841737920e-03
6.349770732939070961e-02 2.822346505049112657e-03
6.342098712410335071e-02 -3.348864002862974622e-03
6.272450201354622112e-02 -9.477770542833385825e-03
6.141625393758801121e-02 -1.549983626199493564e-02
5.951121114944785129e-02 -2.135178400725357487e-02
5.703112185605065110e-02 -2.697237282546378900e-02
5.400423904299744837e-02 -3.230314758878365805e-02
5.046496030836923607e-02 -3.728915139566464643e-02
4.645338774993518216e-02 -4.187959093677390277e-02
4.201481409546985180e-02 -4.602844569876347186e-02
3.719914231859669518e-02 -4.969501269678944233e-02
3.206024692708859397e-02 -5.284437936660580509e-02
2.665528593275891256e-02 -5.544781829462392536e-02
2.104397319973494093e-02 -5.748309860362729035e-02
1.528782141085329935e-02 -5.893471002556949223e-02
9.449366282205268544e-03 -5.979399696265697006e-02
3.591382887879876994e-03 -6.005920114449420782e-02
-2.223894972484103793e-03 -5.973541281268258257e-02
-7.935541522340546633e-03 -5.883443168492272224e-02
-1.348468128411414724e-02 -5.737454024846026096e-02
-1.881519670162035834e-02 -5.538019318810975117e-02
-2.387439148624983382e-02 -5.288162794824545487e-02
-2.861360076286515244e-02 -4.991440254319237657e-02
-3.298873991991427279e-02 -4.651886774976002337e-02
-3.696078501371805741e-02 -4.273958172410870227e-02
-4.049617862454640838e-02 -3.862467586932815528e-02
-4.356715619573821308e-02 -3.422518142857447487e-02
-4.615198908924844634e-02 -2.959432678199389738e-02
-4.823514184312097108e-02 -2.478681577684473114e-02
-4.980734239926969120e-02 -1.985809761444631838e-02
-5.086556536396529687e-02 -1.486363885248817573e-02
-5.141292964881423455e-02 -9.858207956927208387e-03
-5.145851309721263117e-02 -4.895182556732153960e-03
-5.101708791118030745e-02 -2.588912204814879103e-05
-5.010878183783307876e-02 4.701015790785127713e-03
-4.875867113629733796e-02 9.240114296055347565e-03
-4.699631230870340848e-02 1.354973834163153423e-02
-4.485522042867170350e-02 1.759241662802718195e-02
-4.237230262487862859e-02 2.133525167427802530e-02
-3.958725586528052259e-02 2.475022254064776148e-02
-3.654193863095022560e-02 2.781440989843322192e-02
-3.327972636106574233e-02 3.051014135983155101e-02
-2.984486068856619101e-02 3.282505622683820623e-02
-2.628180246794589031e-02 3.475209006804506895e-02
-2.263459842360653063e-02 3.628938076658160677e-02
-1.894627092255077652e-02 3.744009888216659476e-02
-1.525823990474271634e-02 3.821220631678901719e-02
-1.160978539620111799e-02 3.861814834927201207e-02
-8.037558293971769005e-03 3.867448509240592469e-02
-4.575146260649557914e-03 3.840146931238946904e-02
-1.252700612962813140e-03 3.782257832055439112e-02
1.903370950484202344e-03 3.696400829018223200e-02
4.870642046157658972e-03 3.585413985708692935e-02
7.630833151770129510e-03 3.452298422414230156e-02
1.016990362012894396e-02 3.300161920196722359e-02
1.247806998719361987e-02 3.132162467779074644e-02
1.454975160397042541e-02 2.951452691175009482e-02
1.638344580088902866e-02 2.761126081656953279e-02
1.798153592959772507e-02 2.564165898713688732e-02
1.935003670273941281e-02 2.363397571763815527e-02
2.049828225028264145e-02 2.161445358451377988e-02
2.143856321568632720e-02 1.960693939449287271e-02
2.218572001238029376e-02 1.763255541114160455e-02
2.275670003827323998e-02 1.570943079519666538e-02
2.317008719269635780e-02 1.385249713934963607e-02
2.344561244787446083e-02 1.207335086419960776e-02
2.360365448941749433e-02 1.038018408681552762e-02
2.366473955348040448e-02 8.777784395400473061e-03
2.364904955055457947e-02 7.267602781926311636e-03
2.357594737812753610e-02 5.847887818354518229e-03
2.346352798985758270e-02 4.513883029970419160e-03
2.332820331296417415e-02 3.258083339680372531e-03
2.318432849598373036e-02 2.070545447267232823e-03
2.304387623575822677e-02 9.392460838748793988e-04
2.291616508734974772e-02 -1.495187406589438585e-04
2.280764671713265621e-02 -1.210701088236041962e-03
2.272175603279880107e-02 -2.260043213591266843e-03
2.265882703094573500e-02 -3.313603075718428090e-03
2.261607606090345821e-02 -4.387272163174723953e-03
2.258765303089049076e-02 -5.496294712634346158e-03
2.256475989838528304e-02 -6.654797405036178698e-03
2.253583460988045975e-02 -7.875338477382627309e-03
2.248679750499667923e-02 -9.168484892684227935e-03
2.240135609492997781e-02 -1.054242577006651513e-02
2.226136308337549677e-02 -1.200262969832746954e-02
2.204722153643809412e-02 -1.355155284812713939e-02
2.173833024240759068e-02 -1.518840397144953329e-02
2.131356154696828140e-02 -1.690897144484717826e-02
2.075176331705208890e-02 -1.870551648981607154e-02
2.003227618785334563e-02 -2.056673560549057700e-02
1.913545689114563506e-02 -2.247779409296919717e-02
1.804319825540970368e-02 -2.442043135522709019e-02
1.673943641350754061e-02 -2.637313744067324231e-02
1.521063585344327798e-02 -2.831139908129557195e-02
1.344624320143560786e-02 -3.020801227743067849e-02
1.143910103096857332e-02 -3.203345731971123100e-02
9.185813541191053047e-03 -3.375633103339565483e-02
6.687056635203789991e-03 -3.534382999898467992e-02
3.947825743424932150e-03 -3.676227756261478408e-02
9.776156673426887427e-04 -3.797768661568357712e-02
-2.209472249329529330e-03 -3.895634940941774399e-02
-5.594699197310315508e-03 -3.966544508874262492e-02
-9.154736614542179421e-03 -4.007365519096057344e-02
-1.286179368552586334e-02 -4.015177706633703963e-02
-1.668382450765149710e-02 -3.987332504538277506e-02
-2.058481352256847502e-02 -3.921510920467473349e-02
-2.452513653563957730e-02 -3.815778177030233059e-02
-2.846199339881311241e-02 -3.668634154381488627e-02
-3.234990723137566582e-02 -3.479058723579014217e-02
-3.614128391796122414e-02 -3.246551124035351732e-02
-3.978702457192994507e-02 -2.971162617135917824e-02
-4.323718270164712135e-02 -2.653521739652387607e-02
-4.644165698270363157e-02 -2.294851583658727434e-02
-4.935090983444924417e-02 -1.896978642773360438e-02
-5.191670143618908051e-02 -1.462332886061080625e-02
-5.409282840676290366e-02 -9.939388490520170011e-03
-5.583585611848613378e-02 -4.953976641811514217e-03
-5.710583352771921029e-02 2.913991145237831634e-04
-5.786697948233243682e-02 5.750092767874177488e-03
-5.808832971123580741e-02 1.137076246750137569e-02
-5.774433411062141613e-02 1.709789330604263510e-02
-5.681539451081104447e-02 2.287239441587178568e-02
-5.528833382937925478e-02 2.863226331742051156e-02
-5.315678838097981362e-02 3.431330936006845439e-02
-5.042151611029734026e-02 3.984992710602520277e-02
-4.709061462801641951e-02 4.517590964127442266e-02
-4.317964414506749588e-02 5.022529106889478401e-02
-3.871165170049721549e-02 5.493320686070212594e-02
-3.371709444460657679e-02 5.923676032280816156e-02
-2.823366115191453668e-02 6.307588317668741396e-02
-2.230599257766961371e-02 6.639417817459328242e-02
-1.598530271619360080e-02 6.913973175906731883e-02
-9.328904448273219602e-03 7.126588504069962526e-02
-2.399644457226167774e-03 7.273195180353166089e-02
4.734746371289351441e-03 7.350387284833201362e-02
1.200237959187422029e-02 7.355479674276710345e-02
1.932800424709294612e-02 7.286557795423123651e-02
2.663386063218156630e-02 7.142518438360226374e-02
3.384058216628093446e-02 6.923100748222779655e-02
4.086813397971263834e-02 6.628906940398600345e-02
4.763677620111134159e-02 6.261412300168037182e-02
5.406803946655815846e-02 5.822964190335983697e-02
6.008569988261151101e-02 5.316769937939405666e-02
6.561674056123434351e-02 4.746873621449917979e-02
7.059228690947050300e-02 4.118121930916151391e-02
7.494850310015424566e-02 3.436119423065198825e-02
7.862743756920363702e-02 2.707173639382752170e-02
8.157780597487608587e-02 1.938230695541108550e-02
8.375570080701687237e-02 1.136802083243276459e-02
8.512521773972747674e-02 3.108835487067941432e-03
8.565898986673688154e-02 -5.311329761372135527e-03
8.533862213076659486e-02 -1.380553314705912013e-02
8.415501954021140096e-02 -2.228479699436806960e-02
8.210860414080579928e-02 -3.065912909328266656e-02
7.920941715757284785e-02 -3.883856610045849367e-02
7.547710422316876444e-02 -4.673422580019899464e-02
7.094078314190063739e-02 -5.425935488490409020e-02
6.563879518289429671e-02 -6.133035892048590426e-02
5.961834242967498088e-02 -6.786780134884791427e-02
5.293501521549584532e-02 -7.379735874427222064e-02
4.565221512328016679e-02 -7.905072007840904802e-02
3.784048040596803969e-02 -8.356641845202371355e-02
2.957672196836916290e-02 -8.729058461090669074e-02
2.094337922763139792e-02 -9.017761256638287537e-02
1.202750622003495064e-02 -9.219072877364697938e-02
2.919799232706720045e-03 -9.330245756788431433e-02
-6.286422002278748214e-03 -9.349497690141669870e-02
-1.549626691721039257e-02 -9.276035984623615116e-02
-2.461434746047276925e-02 -9.110069880550536459e-02
-3.354585887825201757e-02 -8.852811089440652814e-02
-4.219765454054735798e-02 -8.506462448414869870e-02
-5.047930153121368835e-02 -8.074194843187752768e-02
-5.830410400363446322e-02 -7.560112702270115059e-02
-6.559008175736767698e-02 -6.969208510753119312e-02
-7.226089210971479992e-02 -6.307306931216076495e-02
-7.824668391034110548e-02 -5.580999250020302060e-02
-8.348487346539357201e-02 -4.797568987772861393e-02
-8.792083318662372027e-02 -3.964909621472741119e-02
-9.150848494566729552e-02 -3.091435461369514137e-02
-9.421079137717010277e-02 -2.185986806646764841e-02
-9.600013971890218600e-02 -1.257730569676646960e-02
-9.685861418337628204e-02 -3.160576079891829274e-03
-9.677815430404949903e-02 6.295219642940216159e-03
-9.576059816975714123e-02 1.569484198310855047e-02
-9.381761093326898560e-02 2.494396180017795228e-02
-9.097050043357374216e-02 3.395019080556911650e-02
-8.724992318691976445e-02 4.262408155798852460e-02
-8.269548535971435466e-02 5.088008514647912595e-02
-7.735524461903627025e-02 5.863745542001724126e-02
-7.128511994690682474e-02 6.582108942586176181e-02
-6.454821758722655012e-02 7.236229464981025483e-02
-5.721408225572113121e-02 7.819947469589806632e-02
-4.935788357152624817e-02 8.327872618519770176e-02
-4.105954835436029238e-02 8.755434087631808193e-02
-3.240284996591605987e-02 9.098920829608904415e-02
-2.347446625270518950e-02 9.355511549917196190e-02
-1.436301786696115440e-02 9.523294193097284199e-02
-5.158098801506073167e-03 9.601274873012821676e-02
4.050689124827209012e-03 9.589376315600785239e-02
1.317468634884129929e-02 9.488426014458045676e-02
2.212709913254205102e-02 9.300134426475466232e-02
3.082388608577480218e-02 9.027063655002180720e-02
3.918459778256040693e-02 8.672587180115561012e-02
4.713316040680849694e-02 8.240841298053637465e-02
5.459859526450379363e-02 7.736669023462962314e-02
6.151566699271198563e-02 7.165557287729548697e-02
6.782545436518229443e-02 6.533568333387458626e-02
7.347583872341192923e-02 5.847266257735144607e-02
7.842190623364991842e-02 5.113639697839039017e-02
8.262626136697581725e-02 4.340021673787618911e-02
8.605925020373234036e-02 3.534007617312973776e-02
8.869909335784670334e-02 2.703372608870540511e-02
9.053192948401171669e-02 1.855988828319555736e-02
9.155177145508065772e-02 9.997441930356319034e-03
9.176037836305175888e-02 1.424631133605477364e-03
9.116704749052498280e-02 -7.081697603243745399e-03
8.978833130769726945e-02 -1.544681990844763882e-02
8.764768536154322887e-02 -2.359881275363208755e-02
8.477505362919991738e-02 -3.146918185627347458e-02
8.120639849893084017e-02 -3.899343168856359704e-02
7.698318301347548132e-02 -4.611157346178061667e-02
7.215181335813393437e-02 -5.276856744469948096e-02
6.676304979762839875e-02 -5.891469698367684388e-02
6.087139436163741674e-02 -6.450587260505520615e-02
5.453446355089362763e-02 -6.950386558192833686e-02
4.781235418774102547e-02 -7.387647132208445544e-02
4.076701027273933048e-02 -7.759760386781558439e-02
3.346159833964310049e-02 -8.064732367792507017e-02
2.595989833377775752e-02 -8.301180167550115119e-02
1.832571648376401033e-02 -8.468322328099647800e-02
1.062232600517758890e-02 -8.565963679949105403e-02
2.911940779528809572e-03 -8.594475108594637480e-02
-4.744773593869744052e-03 -8.554768786672671543e-02
-1.228914775824372155e-02 -8.448269444539013850e-02
-1.966491276244342057e-02 -8.276882276328247079e-02
-2.681855843138883366e-02 -8.042958092018560878e-02
-3.369964475721584640e-02 -7.749256328837869634e-02
-4.026106591426535652e-02 -7.398906527793995547e-02
-4.645926725895520304e-02 -6.995368863661971526e-02
-5.225441638942367184e-02 -6.542394290041730898e-02
-5.761052999850214268e-02 -6.043984825882262046e-02
-6.249555884712102577e-02 -5.504354467058863998e-02
-6.688143370508083108e-02 -4.927891157206914369e-02
-7.074407554510259155e-02 -4.319120197173139525e-02
-7.406337362866075025e-02 -3.682669413333301139e-02
-7.682313538439937417e-02 -3.023236342886617342e-02
-7.901101214974350084e-02 -2.345557630347031713e-02
-8.061840492316312001e-02 -1.654380765093338423e-02
-8.164035425966158221e-02 -9.544382262847497800e-03
-8.207541833834151868e-02 -2.504240399303349525e-03
-8.192554304285852573e-02 4.530273054020556717e-03
-8.119592762921538920e-02 1.151359691738775004e-02
-7.989488921808383937e-02 1.840112109883299332e-02
-7.803372894931594195e-02 2.514933501252064607e-02
-7.562660218425938663e-02 3.171595937466566845e-02
-7.269039464755862323e-02 3.806006399689026293e-02
-6.924460587565563208e-02 4.414217439506306490e-02
-6.531124079604497257e-02 4.992437014606680712e-02
-6.091470971162500636e-02 5.537037795409850693e-02
-5.608173642041523049e-02 6.044566233222305879e-02
-5.084127367452461604e-02 6.511751666583126541e-02
-4.522442468522717279e-02 6.935515720587563659e-02
-3.926436892441442783e-02 7.312982224630612538e-02
-3.299629006685081412e-02 7.641487837850580167e-02
-2.645730357188414220e-02 7.918593529358690375e-02
-1.968638112574117721e-02 8.142097013021530605e-02
-1.272426896315382271e-02 8.310046185130040564e-02
-5.613396965273725198e-03 8.420753558840635145e-02
1.602224606431469460e-03 8.472811632977117480e-02
8.877123831031365903e-03 8.465109075849429343e-02
1.616450425740111399e-02 8.396847548415874163e-02
2.341640317204924174e-02 8.267558936630471644e-02
3.058387342839173281e-02 8.077122711399570276e-02
3.761719087373135290e-02 7.825783087402769789e-02
4.446608895015583679e-02 7.514165610231089698e-02
5.108002151955426395e-02 7.143292765895199736e-02
5.740845437979483212e-02 6.714598178690854569e-02
6.340118530887796366e-02 6.229938943488801811e-02
6.900869180771707079e-02 5.691605627418223207e-02
7.418250502214451814e-02 5.102329474161514111e-02
7.887560762352187338e-02 4.465286352038135703e-02
8.304285272816591679e-02 3.784097004921009588e-02
8.664140025215522067e-02 3.062823192819295187e-02
8.963116644346036388e-02 2.305959346516518044e-02
9.197528172103858202e-02 1.518419407634887322e-02
9.364055139341725953e-02 7.055185813911789804e-03
9.459791333956177328e-02 -1.270502065665416423e-03
9.482288632380296567e-02 -9.732452863430848464e-03
9.429600229452722582e-02 -1.826710712202160580e-02
9.300321579216551393e-02 -2.680816199231102551e-02
9.093628347327105399e-02 -3.528702417120378743e-02
8.809310675005600777e-02 -4.363331440063009103e-02
8.447803065285887369e-02 -5.177542060683378716e-02
8.010209224899059177e-02 -5.964109585047147610e-02
7.498321229572973978e-02 -6.715809636700154073e-02
6.914632426642755569e-02 -7.425485411860069385e-02
6.262343546332239941e-02 -8.086117746850492172e-02
5.545361561339705314e-02 -8.690897284093922204e-02
4.768290912721207669e-02 -9.233297955873895346e-02
3.936416807608805746e-02 -9.707150946955944715e-02
3.055680389957824220e-02 -1.010671824922990403e-01
2.132645688061558797e-02 -1.042676488487846720e-01
1.174458350639838444e-02 -1.066262885011397821e-01
1.887962954171918534e-03 -1.081028782001388078e-01
-8.161874913234976742e-03 -1.086642165699874818e-01
-1.831929650350449384e-02 -1.082846978141354805e-01
-2.849528171919504110e-02 -1.069468249266638527e-01
-3.859820564859239855e-02 -1.046416537341212372e-01
-4.853467784646600669e-02 -1.013691596709002801e-01
-5.821043131401171938e-02 -9.713851990269302406e-02
-6.753125235027532258e-02 -9.196830425049504210e-02
-7.640394160320979067e-02 -8.588656932324785498e-02
-8.473729591186979215e-02 -7.893085132979407725e-02
-9.244309991544984173e-02 -7.114805419783526430e-02
-9.943711592178143543e-02 -6.259423086484852683e-02
-1.056400601876650858e-01 -5.333425690778768186e-02
-1.109785535742834756e-01 -4.344139702797365082e-02
-1.153860345091460016e-01 -3.299676628694673403e-02
-1.188036223156111043e-01 -2.208868937952119041e-02
-1.211809192638314409e-01 -1.081196261264964591e-02
-1.224767401524634869e-01 7.329753864598696073e-04
-1.226597588458342020e-01 1.244095690161520912e-02
-1.217090619612915398e-01 2.420307372499787280e-02
-1.196146008187233406e-01 3.590773138978017864e-02
-1.163775338190384673e-01 4.744175825162218890e-02
-1.120104525989976951e-01 5.869155769549114221e-02
-1.065374866024300232e-01 6.954429094044134452e-02
-9.999428209706082149e-02 7.988907725791928593e-02
-9.242785313481290121e-02 8.961819792032685306e-02
-8.389630348306027774e-02 9.862828986545711663e-02
-7.446842012534775346e-02 1.068215149062872599e-01
-6.422314052211336444e-02 1.141066903394250681e-01
-5.324889741398218523e-02 1.204003670117840680e-01
-4.164284652096982009e-02 1.256278412938570954e-01
-2.950998401920122693e-02 1.297240879768014887e-01
-1.696216214158718233e-02 1.326346018544715122e-01
-4.117012630001656501e-03 1.343161366631124010e-01
8.903210955533374590e-03 1.347373311208596991e-01
2.197285990853498072e-02 1.338792130244033929e-01
3.496417284799149122e-02 1.317355737069988153e-01
4.774859994457514301e-02 1.283132066243165836e-01
6.019815415613632981e-02 1.236320053945846875e-01
7.218677420576523340e-02 1.177249182577432135e-01
8.359168370003301762e-02 1.106377576143367375e-01
9.429473064168852892e-02 1.024288650370734216e-01
1.041836916438484556e-01 9.316863389417305574e-02
1.131535254027379866e-01 8.293889346123613227e-02
1.211075604318390259e-01 7.183216010475096391e-02
1.279586026977753144e-01 5.995076277312992585e-02
1.336299496207077608e-01 4.740585160850018659e-02
1.380562979002205037e-01 3.431629997340275573e-02
1.411845337900304587e-01 2.080751155126166207e-02
1.429743957574895752e-01 7.010145409591684099e-03
1.433990009108273289e-01 -6.941227006278745219e-03
1.424452281405948484e-01 -2.090951806845293276e-02
1.401139525823911769e-01 -3.475655773613273852e-02
1.364201277448643113e-01 -4.834454874016601983e-02
1.313927134382910367e-01 -6.153752667484447408e-02
1.250744494620524838e-01 -7.420280834343075116e-02
1.175214768408472249e-01 -8.621241176284184793e-02
1.088028102161553712e-01 -9.744443149664906711e-02
9.899966677805724369e-02 -1.077843534513205359e-01
8.820465884024297765e-02 -1.171262939330118963e-01
7.652085879591059847e-02 -1.253741486131865479e-01
6.406074672328880559e-02 -1.324426380804169245e-01
5.094505231712619098e-02 -1.382582378500223919e-01
3.730150408866431122e-02 -1.427599820477108705e-01
2.326349988520929821e-02 -1.459001314610980093e-01
8.968713717361459850e-03 -1.476446982451390666e-01
-5.442345364564555969e-03 -1.479738212538779796e-01
-1.982780604279805320e-02 -1.468819877300512888e-01
-3.404592249005804205e-02 -1.443780988936015364e-01
-4.795656029331253623e-02 -1.404853788070620502e-01
-6.142266377213122241e-02 -1.352411277367678855e-01
-7.431168817346919808e-02 -1.286963230506284195e-01
-8.649698067837971460e-02 -1.209150724727856008e-01
-9.785909480400457883e-02 -1.119739262305284866e-01
-1.082870236173048423e-01 -1.019610562579153223e-01
-1.176793381840613578e-01 -9.097531214345820627e-02
-1.259452188441629594e-01 -7.912516490721646645e-02
-1.330053682165433238e-01 -6.652755094872087049e-02
-1.387927962769576751e-01 -5.330662960624191204e-02
-1.432534694001658671e-01 -3.959246869710324190e-02
-1.463468168947679726e-01 -2.551967315739564826e-02
-1.480460902626610509e-01 -1.122597245937771542e-02
-1.483385721638597887e-01 3.149217149618393358e-03
-1.472256338388311103e-01 1.746623937490720049e-02
-1.447226415119962639e-01 3.158663738683843702e-02
-1.408587140493000323e-01 4.537457016165314522e-02
-1.356763358478631498e-01 5.869819011154744914e-02
-1.292308305756353914e-01 7.143096706568601018e-02
-1.215897029336084900e-01 8.345294443950183882e-02
-1.128318570638191382e-01 9.465191436814555936e-02
-1.030467015559074634e-01 1.049244996677232700e-01
-9.233315219801530027e-02 1.141771317095015281e-01
-8.079854466089561593e-02 1.223269146304836602e-01
-6.855747018597377340e-02 1.293023677402686256e-01
-5.573054805972729731e-02 1.350440394994157356e-01
-4.244314919146525977e-02 1.395049880183869551e-01
-2.882408546514521330e-02 1.426511246377503705e-01
-1.500427970646739904e-02 1.444614187787153503e-01
-1.115431094780402338e-03 1.449279638773133538e-01
1.271130934162827131e-02 1.440559058150860106e-01
2.634663887311790298e-02 1.418632368140727018e-01
3.966436511651919711e-02 1.383804592551870216e-01
5.254261692823311569e-02 1.336501252888708524e-01
6.486499192026347338e-02 1.277262594187300038e-01
7.652162934106200576e-02 1.206736724377946435e-01
8.741019814399986210e-02 1.125671761699819085e-01
9.743679124775596334e-02 1.034907094050722676e-01
1.065167182577107796e-01 9.353638620489304611e-02
1.145751902475392603e-01 8.280347839442864233e-02
1.215478915770767943e-01 7.139734452944732079e-02
1.273814351273890866e-01 5.942831794938466250e-02
1.320336987480343061e-01 4.701056668031937391e-02
1.354740421162607678e-01 3.426093794978080781e-02
1.376834045853626565e-01 2.129779991682862611e-02
1.386542859324352006e-01 8.239892913363126847e-03
1.383906131881401935e-01 -4.794797956111983804e-03
1.369074979278529225e-01 -1.769013758936463163e-02
1.342308895111562206e-01 -3.033289246966284006e-02
1.303971307630936716e-01 -4.261372929936408510e-02
1.254524234856272402e-01 -5.442815182801134799e-02
1.194522119629240764e-01 -6.567736800029759514e-02
1.124604932728875684e-01 -7.626908059407482010e-02
1.045490637351819962e-01 -8.611819561104569476e-02
9.579671121028697500e-02 -9.514744380671234791e-02
8.628836321424862565e-02 -1.032879118854116984e-01
7.611420093109384777e-02 -1.104794810249450920e-01
6.536874919253815586e-02 -1.166711715180044351e-01
5.414995235762550679e-02 -1.218213934096094020e-01
4.255824576991992791e-02 -1.258981040573149968e-01
3.069563210497581671e-02 -1.288788745313372841e-01
1.866477145554848449e-02 -1.307508676935567327e-01
6.568093447041484234e-03 -1.315107316375711821e-01
-5.493060957324153240e-03 -1.311644129280955806e-01
-1.741926100077637041e-02 -1.297268947401626904e-01
-2.911376481715061831e-02 -1.272218655615705019e-01
-4.048324983604738997e-02 -1.236813245823665114e-01
-5.143849030667888012e-02 -1.191451302510971866e-01
-6.189497816729647856e-02 -1.136604987290294883e-01
-7.177348431591555611e-02 -1.072814591221750991e-01
-8.100055815402402992e-02 -1.000682724199002116e-01
-8.950896406631142499e-02 -9.208682102286665228e-02
-9.723805425530251956e-02 -8.340797560805925104e-02
-1.041340780602847821e-01 -7.410694586198600387e-02
-1.101504285464184468e-01 -6.426262132312590691e-02
-1.152478277450407346e-01 -5.395690822058754610e-02
-1.193944524539317098e-01 -4.327406778767316220e-02
-1.225660029621553349e-01 -3.230006107709357949e-02
-1.247457174449660283e-01 -2.112190481973637984e-02
-1.259243350786188043e-01 -9.827042362068643538e-03
-1.261000111526654754e-01 1.497266800708564258e-03
-1.252781876098270908e-01 1.276453589717884383e-02
-1.234714225235612889e-01 2.388961566833846389e-02
-1.206991820350369893e-01 3.478923307277424770e-02
-1.169875982196246222e-01 4.538250237114385688e-02
-1.123691962445040882e-01 5.559140747958379869e-02
-1.068825940207933922e-01 6.534125486641725877e-02
-1.005721773536731589e-01 7.456109660363513525e-02
-9.348775336087748744e-02 8.318412346980964822e-02
-8.568418467259208970e-02 9.114802823140474852e-02
-7.722100665342217229e-02 9.839533940325057015e-02
-6.816202960887253470e-02 1.048737259059742549e-01
-5.857492766377692117e-02 1.105362730994891990e-01
-4.853081573704189078e-02 1.153417306795904013e-01
-3.810381579415005049e-02 1.192547328828671566e-01
-2.737061334363725951e-02 1.222459913582500807e-01
-1.641000496294425445e-02 1.242924609373131928e-01
-5.302437498411258568e-03 1.253774783766199163e-01
5.870460511566430797e-03 1.254908739613614099e-01
1.702635468853926082e-02 1.246290556583262432e-01
2.808268743610304111e-02 1.227950652963306633e-01
3.895716677194576566e-02 1.199986060423691714e-01
4.956826070318254979e-02 1.162560402407292193e-01
5.983569632201804489e-02 1.115903564988574154e-01
6.968096259558910488e-02 1.060311047462966366e-01
7.902781557792148970e-02 9.961429786948301779e-02
8.780278448860412421e-02 9.238227844292323798e-02
9.593567678844096280e-02 8.438354904278320967e-02
1.033600800443430501e-01 7.567256464779509306e-02
1.100138580222559670e-01 6.630948570912822970e-02
1.158396380868411957e-01 5.635989060879990908e-02
1.207852866293161742e-01 4.589444642736476704e-02
1.248043689000086498e-01 3.498853720671916967e-02
1.278565892996527675e-01 2.372184922220386960e-02
1.299082078930546558e-01 1.217791316768597823e-02
1.309324286600645759e-01 4.436036044534776013e-04
1.309097548009579282e-01 -1.139140347530890815e-02
1.298283062748916417e-01 -2.323521357316114117e-02
1.276840946788119491e-01 -3.499433511415486059e-02
1.244812505768320282e-01 -4.657433678233736940e-02
1.202321984723541404e-01 -5.788053752525439133e-02
1.149577747815045681e-01 -6.881872534262335750e-02
1.086872844198418925e-01 -7.929590032672342859e-02
1.014584919563876059e-01 -8.922103678648737879e-02
9.331754371987109609e-02 -9.850585867572461685e-02
8.431881776015671959e-02 -1.070656219704176487e-01
7.452469916999850119e-02 -1.148198971125916623e-01
6.400527895382070176e-02 -1.216933441705378705e-01
5.283797538484965445e-02 -1.276164729683514354e-01
4.110707761182185588e-02 -1.325263801222825721e-01
2.890321215243437519e-02 -1.363674546968506318e-01
1.632273383214739165e-02 -1.390920440684901838e-01
3.467043682180209405e-03 -1.406610715658729027e-01
-9.558162713174856231e-03 -1.410445975497389148e-01
-2.264371194603623585e-02 -1.402223158052831042e-01
-3.567782914031642633e-02 -1.381839774493952566e-01
-4.854706752649999568e-02 -1.349297350041189780e-01
-6.113728390998853651e-02 -1.304703998555061528e-01
-7.333465183901131945e-02 -1.248276070006830163e-01
-8.502670347569682430e-02 -1.180338817806211166e-01
-9.610339045140826875e-02 -1.101326041951927737e-01
-1.064581533582941719e-01 -1.011778673921602534e-01
-1.159889890056898520e-01 -9.123422800267676214e-02
-1.245995041638679190e-01 -8.037634715093196214e-02
-1.321999442386653234e-01 -6.868852218156400180e-02
-1.387081851771653218e-01 -5.626411041089329768e-02
-1.440506769036299095e-01 -4.320484750129997831e-02
-1.481633267311655289e-01 -2.962006436564776704e-02
-1.509923114911065345e-01 -1.562580781334635405e-02
-1.524948075696944405e-01 -1.343871433782350272e-03
-1.526396286391027424e-01 1.309925554142150027e-02
-1.514077616138281013e-01 2.757351246634348607e-02
-1.487927922484312826e-01 4.194645455210870705e-02
-1.448012128109435193e-01 5.608449210966092585e-02
-1.394526054082921851e-01 6.985416977348561651e-02
-1.327796957942239675e-01 8.312347291902411062e-02
-1.248282738429808136e-01 9.576314782513010992e-02
-1.156569783083078867e-01 1.076480216190806860e-01
-1.053369449906445404e-01 1.186583076857780916e-01
-9.395131898770478496e-02 1.286808820333592840e-01
-8.159463328615584876e-02 1.376105160908862868e-01
-6.837205754502606592e-02 1.453510515743370590e-01
-5.439852250453013766e-02 1.518165033966679123e-01
-3.979772700664423180e-02 1.569320771158193850e-01
-2.470103611544793160e-02 1.606350881083315196e-01
-9.246280255726430433e-03 1.628757705204632311e-01
6.423533372078648641e-03 1.636179650757446646e-01
2.216158461258197626e-02 1.628396759978062436e-01
3.781866582132498156e-02 1.605334886279932427e-01
5.324465442645834323e-02 1.567068407644990613e-01
6.829001723639438470e-02 1.513821423074411532e-01
8.280733051424676860e-02 1.445967394446533161e-01
9.665279939244815488e-02 1.364027213366912072e-01
1.096877599439551043e-01 1.268665690360981368e-01
1.217801471660761997e-01 1.160686481838354989e-01
1.328059122728711405e-01 1.041025488427109458e-01
1.426503730333833486e-01 9.107427763099590345e-02
1.512094814341945204e-01 7.710130908644648173e-02
1.583909936818237163e-01 6.231150489905960821e-02
1.641155284866366582e-01 4.684191127802931481e-02
1.683175006759685122e-01 3.083744624323625505e-02
1.709459184584420366e-01 1.444949003400840086e-02
1.719650340900430729e-01 -2.165606910993645579e-03
1.713548392593220171e-01 -1.884808284628681010e-02
1.691113981961126222e-01 -3.543637399917855257e-02
1.652470132956776194e-01 -5.176875700942322467e-02
1.597902199170188331e-01 -6.768500675808922229e-02
1.527856089378430149e-01 -8.302805147752592707e-02
1.442934776060686430e-01 -9.764560690945923993e-02
1.343893111948946395e-01 -1.113917713690527889e-01
1.231630999211424105e-01 -1.241285638797677421e-01
1.107184975006579863e-01 -1.357273880647965336e-01
9.717182956619699330e-02 -1.460704052107569817e-01
8.265096193923637813e-02 -1.550518008505362699e-01
6.729404040536160481e-02 -1.625789303343961600e-01
5.124811517231196711e-02 -1.685733301589311117e-01
3.466766457102438137e-02 -1.729715832871291936e-01
1.771303377548761812e-02 -1.757260283024048575e-01
5.488053513284778945e-04 -1.768053039759174272e-01
-1.665788071752557706e-02 -1.761947226689541124e-01
-3.373903924092953865e-02 -1.738964679184299145e-01
-5.052756557025475659e-02 -1.699296135403045860e-01
-6.685895597831656434e-02 -1.643299636088003668e-01
-8.257300379010507063e-02 -1.571497147040658848e-01
-9.751545262749047871e-02 -1.484569438425496768e-01
-1.115395885953895799e-01 -1.383349274881285895e-01
-1.245077539154299251e-01 -1.268812989637596866e-01
-1.362927653977124287e-01 -1.142070534196425735e-01
-1.467792222210347886e-01 -1.004354112422337492e-01
-1.558646887536255521e-01 -8.570055238795490360e-02
-1.634607395745065750e-01 -7.014623557674246057e-02
-1.694938554324249280e-01 -5.392431756625024747e-02
-1.739061605854174963e-01 -3.719318883220877614e-02
-1.766559937784427936e-01 -2.011614289114713877e-02
-1.777183070167905887e-01 -2.859697207857867657e-03
-1.770848882557933823e-01 1.440811587631007050e-02
-1.747644061286513228e-01 3.151946948223941641e-02
-1.707822768494835219e-01 4.830845503100050092e-02
-1.651803554335111446e-01 6.461276897711784595e-02
-1.580164553462738153e-01 8.027535521416406805e-02
-1.493637026052729855e-01 9.514598552161467049e-02
-1.393097321875632899e-01 1.090827612164648602e-01
-1.279557363238923440e-01 1.219535201594371399e-01
-1.154153758637614102e-01 1.336371344304642383e-01
-1.018135673576718025e-01 1.440246853161334939e-01
-8.728515980618954673e-02 1.530205037255994993e-01
-7.197351615576898232e-02 1.605430657520909021e-01
-5.602901556629047430e-02 1.665257348040874441e-01
-3.960749322518725135e-02 1.709173435219029091e-01
-2.286863503059973629e-02 1.736826105492770833e-01
-5.974344806561606921e-03 1.748023891225916338e-01
1.091289815520894366e-02 1.742737463491456640e-01
2.763167350910424036e-02 1.721098739472702865e-01
4.402322878902870107e-02 1.683398330919783359e-01
5.993304590649672914e-02 1.630081378280375803e-01
7.521234893056422122e-02 1.561741832564407517e-01
8.971953771918433906e-02 1.479115263500462296e-01
1.033215329917242936e-01 1.383070287909367313e-01
1.158950196055528320e-01 1.274598726287299033e-01
1.273275761094134484e-01 1.154804608204827859e-01
1.375186800748399440e-01 1.024892158158262068e-01
1.463805802350174323e-01 8.861529028460159163e-02
1.538390280681366795e-01 7.399520483992284847e-02
1.598338631286333189e-01 5.877142818100344890e-02
1.643194481335431556e-01 4.309091546347368351e-02
1.672649515312033819e-01 2.710362089891001774e-02
1.686544769945285960e-01 1.096100059098118265e-02
1.684870409703536354e-01 -5.185478563557327850e-03
1.667764010598470070e-01 -2.118580843907945377e-02
1.635507395836970634e-01 -3.689287277005774690e-02
1.588522081817961285e-01 -5.216382951505475762e-02
1.527363406940494828e-01 -6.686142908615946845e-02
1.452713428518782601e-01 -8.085525601038807963e-02
1.365372684659048319e-01 -9.402288268666422755e-02
1.266250928130615849e-01 -1.062509251039179675e-01
1.156356947968329024e-01 -1.174359916754372790e-01
1.036787601705187467e-01 -1.274855177039800613e-01
9.087161867045014108e-02 -1.363184794029368152e-01
7.733802830132188721e-02 -1.438659828424418141e-01
6.320692024873802994e-02 -1.500717246472128286e-01
4.861111796630969428e-02 -1.548923227268067804e-01
3.368604389988225783e-02 -1.582975167511891101e-01
1.856842707532208731e-02 -1.602702394780752271e-01
3.395024396223732602e-03 -1.608065613774435909e-01
-1.169863201696472524e-02 -1.599155122681402974e-01
-2.657944975391049458e-02 -1.576187848681576409e-01
-4.111794236616657383e-02 -1.539503262520275639e-01
-5.518933685274858558e-02 -1.489558241955203366e-01
-6.867461322393671186e-02 -1.426920962609001253e-01
-8.146146799358587598e-02 -1.352263902285840702e-01
-9.344519451142344058e-02 -1.266356051082586365e-01
-1.045294741479980416e-01 -1.170054424612573807e-01
-1.146270734707756367e-01 -1.064294981350902142e-01
-1.236604436852429129e-01 -9.500830475103611006e-02
-1.315622197450940778e-01 -8.284833539901650945e-02
-1.382756176466011233e-01 -7.006097898456506434e-02
-1.437547295008783643e-01 -5.676149754614646936e-02
-1.479647170117209531e-01 -4.306797562431952109e-02
-1.508819049649292865e-01 -2.910027142550469792e-02
-1.524937772477073517e-01 -1.497897909171847300e-02
-1.527988787553832550e-01 -8.244108738025991007e-04
-1.518066273003475797e-01 1.324439257964534454e-02
-1.495370403092352585e-01 2.711061625076345918e-02
-1.460203816750289818e-01 4.066058222499144281e-02
-1.412967346185145523e-01 5.378461246414899255e-02
-1.354155068074580082e-01 6.637783749062736716e-02
-1.284348742825719147e-01 7.834094636020368096e-02
-1.204211709487659210e-01 8.958087406944043041e-02
-1.114482305116165223e-01 1.000114233030228034e-01
-1.015966877769485105e-01 1.095538181668520711e-01
-9.095324619146329115e-02 1.181371882652776789e-01
-7.960991839100707568e-02 1.256989821575288380e-01
-6.766324634764712964e-02 1.321853098623148037e-01
-5.521350747516023949e-02 1.375512146649782164e-01
-4.236391277322650029e-02 1.417608750140094132e-01
-2.921980277225152273e-02 1.447877377699083590e-01
-1.588784669210981451e-02 1.466145844873186499e-01
-2.475249857958723709e-03 1.472335327702917751e-01
1.091102596685535921e-02 1.466459750409130625e-01
2.416502505873440593e-02 1.448624573049056286e-01
3.718253913569563585e-02 1.419025006868675498e-01
4.986182417161141162e-02 1.377943686460879058e-01
6.210428947061111260e-02 1.325747828758814528e-01
7.381515618741400775e-02 1.262885909402509943e-01
8.490408279157066196e-02 1.189883887171910015e-01
9.528575525662608126e-02 1.107341007042846187e-01
1.048804400067277071e-01 1.015925212059022725e-01
1.136144978718951482e-01 9.163681936890274993e-02
1.214208574888196307e-01 8.094601097186217287e-02
1.282394467374742275e-01 6.960439980793020620e-02
1.340175809267977747e-01 5.770099143953812820e-02
1.387103065379870492e-01 4.532888204999450943e-02
1.422806994050698493e-01 3.258462507755301163e-02
1.447001162637525928e-01 1.956757829617094407e-02
1.459483986359883800e-01 6.379234007440766005e-03
1.460140280447463912e-01 -6.877464967268744067e-03
1.448942315769057854e-01 -2.009882075486868827e-02
1.425950368380860811e-01 -3.318108454193414991e-02
1.391312753776826339e-01 -4.602116640884978960e-02
1.345265337114396609e-01 -5.851734783735343393e-02
1.288130511383794863e-01 -7.056999369053916504e-02
1.220315636442497881e-01 -8.208226029331605611e-02
1.142310933097786807e-01 -9.296079605495437270e-02
1.054686828032127960e-01 -1.031164308787058670e-01
9.580907473636618432e-02 -1.124648504023092466e-01
8.532433590436210025e-02 -1.209272509138528545e-01
7.409342671307674044e-02 -1.284309705968259829e-01
6.220171642562528913e-02 -1.349100925834587350e-01
4.974044522961024173e-02 -1.403060151440515546e-01
3.680613453869614748e-02 -1.445679842193922926e-01
2.349994739266746818e-02 -1.476535834209160847e-01
9.927001305622072322e-03 -1.495291765860640720e-01
-3.804363572585463260e-03 -1.501702979910004565e-01
-1.758335757708804833e-02 -1.495619853955247325e-01
-3.129755196988484589e-02 -1.476990512310013548e-01
-4.483372217608631860e-02 -1.445862874458851699e-01
-5.807871872139142022e-02 -1.402385997984147425e-01
-7.092036021985033412e-02 -1.346810677346257645e-01
-8.324834222139188000e-02 -1.279489264131567217e-01
-9.495515521727014574e-02 -1.200874679362479713e-01
-1.059370046286759875e-01 -1.111518594174129015e-01
-1.160947251794136048e-01 -1.012068761576579712e-01
-1.253346816877065617e-01 -9.032654890964980643e-02
-1.335696480144380749e-01 -7.859372497731087481e-02
-1.407196556844440283e-01 -6.609954372009284318e-02
-1.467128035621308169e-01 -5.294282789849082127e-02
-1.514860199200285251e-01 -3.922939320090948478e-02
-1.549857682952045512e-01 -2.507127922140012233e-02
-1.571686886888181423e-01 -1.058590610173655230e-02
-1.580021659322235483e-01 4.104838002314340970e-03
-1.574648174212016638e-01 1.887557253458131343e-02
-1.555468929088447416e-01 3.359845622337517823e-02
-1.522505796464528049e-01 4.814426695341106344e-02
-1.475902068679805501e-01 6.238352111521219129e-02
-1.415923444228792405e-01 7.618762296090059172e-02
-1.342957912687217370e-01 8.943003381047603950e-02
-1.257514505312476993e-01 1.019874503570316199e-01
-1.160220889163173646e-01 1.137409808244904535e-01
-1.051819794051117307e-01 1.245773073480362786e-01
-9.331642736878220656e-02 1.343898226849493116e-01
-8.052118148839682021e-02 1.430797292302035117e-01
-6.690173214612760155e-02 1.505570883135851357e-01
-5.257250124892514503e-02 1.567418078982647234e-01
-3.765592874046812949e-02 1.615645570879418458e-01
-2.228146233447011668e-02 1.649675962822606257e-01
-6.584458245704678456e-03 1.669055123976212751e-01
9.294998112463986537e-03 1.673458492902525629e-01
2.521334137033853090e-02 1.662696243759416714e-01
4.102483424905555009e-02 1.636717234296334311e-01
5.658292233594173354e-02 1.595611666597646361e-01
7.174162268351975957e-02 1.539612403763658821e-01
8.635693262740620768e-02 1.469094898965629947e-01
1.002882446579713843e-01 1.384575707423914004e-01
1.133997527708197062e-01 1.286709566685806105e-01
1.255618354709024664e-01 1.176285045956168424e-01
1.366524005215198068e-01 1.054218780982829201e-01
1.465581766177275203e-01 9.215483269343870132e-02
1.551759374267298597e-01 7.794236776380449039e-02
1.624136438765080015e-01 6.290975152728997544e-02
1.681914911867324613e-01 4.719142699415801445e-02
1.724428479191935371e-01 3.092980832731070245e-02
1.751150752725265103e-01 1.427397841489763848e-02
1.761702159496555675e-01 -2.621700239434957350e-03
1.755855431757071261e-01 -1.959904802281175334e-02
1.733539618266746740e-01 -3.649758978179732521e-02
1.694842551304361622e-01 -5.315612021858799607e-02
1.640011720056679667e-01 -6.941429714023648889e-02
1.569453517929972619e-01 -8.511424601977909954e-02
1.483730848872749086e-01 -1.001021589442747800e-01
1.383559095798638783e-01 -1.142298708313306682e-01
1.269800472441826034e-01 -1.273563957980242134e-01
1.143456798246514777e-01 -1.393494067671849357e-01
1.005660753965564036e-01 -1.500866417962458399e-01
8.576656933000274818e-02 -1.594572212112863874e-01
7.008341029315461046e-02 -1.673628604189201785e-01
5.366248194693040707e-02 -1.737189642443108806e-01
3.665791269465187158e-02 -1.784555897953856995e-01
1.923058723630306777e-02 -1.815182661694887678e-01
1.546574919878382012e-03 -1.828686607853237112e-01
-1.622450903478801776e-02 -1.824850837240779011e-01
-3.391119245605655336e-02 -1.803628231812605398e-01
-5.134186757982292515e-02 -1.765143069455521185e-01
-6.834652662055312744e-02 -1.709690867119770807e-01
-8.475849300931151409e-02 -1.637736439819734435e-01
-1.004161296485788779e-01 -1.549910182795648517e-01
-1.151645056427770819e-01 -1.447002603973952806e-01
-1.288570032875483995e-01 -1.329957153551371007e-01
-1.413568476377050076e-01 -1.199861416820264953e-01
-1.525385417184329795e-01 -1.057936755016393865e-01
-1.622891913892683113e-01 -9.055264967775750184e-02
-1.705097050054928121e-01 -7.440827995346012413e-02
-1.771158543344512615e-01 -5.751523156080989851e-02
-1.820391846601302765e-01 -4.003608117654214316e-02
-1.852277636313434950e-01 -2.213969033261531383e-02
-1.866467601583398084e-01 -3.999507443888690797e-03
-1.862788465192485865e-01 1.420818352472297090e-02
-1.841244187797607124e-01 3.230604907345591137e-02
-1.802016326339680452e-01 5.011750774402510406e-02
-1.745462538176561218e-01 6.746852791135612981e-02
-1.672113243033557517e-01 8.418940244231522263e-02
-1.582666475346624080e-01 1.001164810925980336e-01
-1.477980979713770515e-01 1.150938419524946688e-01
-1.359067621729461162e-01 1.289748839068242114e-01
-1.227079205222169067e-01 1.416238229363152579e-01
-1.083298804624154010e-01 1.529170761469358375e-01
-9.291267376649475773e-02 1.627445186575706693e-01
-7.660663186014882164e-02 1.710105998901680913e-01
-5.957085456016296410e-02 1.776353073731312404e-01
-4.197158875272351264e-02 1.825549678695590206e-01
-2.398053450836599293e-02 1.857228774565812812e-01
-5.773096900313454127e-03 1.871097540887836641e-01
1.247339764755658019e-02 1.867040081547815811e-01
3.058150131396919838e-02 1.845118285578368211e-01
4.837544184258477098e-02 1.805570838949619172e-01
6.568289731879117799e-02 1.748810403500168087e-01
8.233672988233746437e-02 1.675418999307907164e-01
9.817666002692629346e-02 1.586141646443279263e-01
1.130508638740425342e-01 1.481878340958895091e-01
1.268174767410859827e-01 1.363674457930461048e-01
1.393459874411661359e-01 1.232709691168608207e-01
1.505185090393919844e-01 1.090285654678764954e-01
1.602309132318658624e-01 9.378122848837051884e-02
1.683938170908165499e-01 7.767931948875907155e-02
1.749334126128114231e-01 6.088101425195644595e-02
1.797921312959431528e-01 4.355067824405841476e-02
1.829291378344742869e-01 2.585718791448372161e-02
1.843206489331129239e-01 7.972216217743615524e-03
1.839600751849590488e-01 -9.931499271055502578e-03
1.818579859041329072e-01 -2.768188724482594648e-02
1.780418987332971770e-01 -4.510925433315100125e-02
1.725558977352802392e-01 -6.204795970879754125e-02
1.654600855051112374e-01 -7.833803536891635610e-02
1.568298765833007757e-01 -9.382673559482158920e-02
1.467551410937063261e-01 -1.083700000381373346e-01
1.353392090518636959e-01 -1.218338159885876126e-01
1.226977471759794075e-01 -1.340954666347246860e-01
1.089575212684861238e-01 -1.450446535167734807e-01
9.425505830880967495e-02 -1.545844828724720621e-01
7.873522329759718996e-02 -1.626323071731440306e-01
6.254972661117706723e-02 -1.691204148182098299e-01
4.585557815686667343e-02 -1.739965626812928767e-01
2.881350496166593805e-02 -1.772243479590368265e-01
1.158634897800517316e-02 -1.787834175436945339e-01
-5.662538147982417933e-03 -1.786695149016634676e-01
-2.277088682397468422e-02 -1.768943661720788763e-01
-3.957907165649374864e-02 -1.734854088827110785e-01
-5.593162845023493673e-02 -1.684853682960853749e-01
-7.167871125517286113e-02 -1.619516879294601308e-01
-8.667747554155748324e-02 -1.539558222219644112e-01
-1.007933746061439317e-01 -1.445824006362532999e-01
-1.139013574581148880e-01 -1.339282736676712937e-01
-1.258869576842650828e-01 -1.221014522801170121e-01
-1.366472641332920346e-01 -1.092199531855485156e-01
-1.460917656709377066e-01 -9.541056312632963110e-02
-1.541430637232464873e-01 -8.080753590143777143e-02
-1.607374478261188455e-01 -6.555123629606234015e-02
-1.658253309174364809e-01 -4.978674532851191936e-02
-1.693715426253576406e-01 -3.366244131985061949e-02
-1.713554803054470332e-01 -1.732857122348694517e-02
-1.717711190433345858e-01 -9.358264291113686795e-04
-1.706268832526919299e-01 1.536606311525472168e-02
-1.679453838456687886e-01 3.142970312932898830e-02
-1.637630262209594234e-01 4.711136488042291792e-02
-1.581294954911945383e-01 6.227225878041423718e-02
-1.511071264456797236e-01 7.677974062674355893e-02
-1.427701667075499670e-01 9.050844037058246305e-02
-1.332039423887641794e-01 1.033413043302713746e-01
-1.225039362663275372e-01 1.151705428673294035e-01
-1.107747890947454183e-01 1.258984766910324349e-01
-9.812923513075713644e-02 1.354382761408924885e-01
-8.468698327634974210e-02 1.437145889996105097e-01
-7.057355544604633490e-02 1.506640535977816775e-01
-5.591909383721400950e-02 1.562356951718626985e-01
-4.085714873183710766e-02 1.603912046153800619e-01
-2.552345829042357295e-02 1.631050999075997765e-01
-1.005473152026500720e-02 1.643647716023805827e-01
5.412554780934948628e-03 1.641704148022632426e-01
2.074333478015888410e-02 1.625348510197483776e-01
3.580509829637140012e-02 1.594832442311921172e-01
5.046899228687479200e-02 1.550527162521165292e-01
6.461087069630239155e-02 1.492918673006662089e-01
7.811228498090594385e-02 1.422602082644804922e-01
9.086140841117514022e-02 1.340275117427940366e-01
1.027538880765187096e-01 1.246730893988615557e-01
1.136936193559685976e-01 1.142850035278438203e-01
1.235934384682418063e-01 1.029592210233340466e-01
1.323757295631189657e-01 9.079871811412784655e-02
1.399729436547147154e-01 7.791254434506504623e-02
1.463280275172972322e-01 6.441485429615448344e-02
1.513947614581692691e-01 5.042391547789862316e-02
1.551380056429522980e-01 3.606110071360903863e-02
1.575338553705812605e-01 2.144987312794700840e-02
1.585697063735669043e-01 6.714771611737906445e-03
1.582442318497761513e-01 -8.019595666627138061e-03
1.565672735122801418e-01 -2.262954247596405538e-02
1.535596494718783900e-01 -3.699327361520925173e-02
1.492528822418272838e-01 -5.099182544469199607e-02
1.436888505760843537e-01 -6.450997184644835514e-02
1.369193692218590996e-01 -7.743709005045686100e-02
1.290057009860281767e-01 -8.966798121958124979e-02
1.200180057852733434e-01 -1.011036411461334744e-01
1.100347315744514554e-01 -1.116519768724359568e-01
9.914195222997938817e-02 -1.212284655023540686e-01
8.743265760852865498e-02 -1.297567519169626760e-01
7.500600110992791669e-02 -1.371691825425112865e-01
6.196651015083697034e-02 -1.434072727405907022e-01
4.842326500646055437e-02 -1.484221057975225466e-01
3.448905150519668977e-02 -1.521746618818302643e-01
2.027949306933841261e-02 -1.546360757151911680e-01
5.912167587158132301e-03 -1.557878220640878109e-01
-8.494285419091371706e-03 -1.556218285075856578e-01
-2.282106189596326204e-02 -1.541405152728116956e-01
-3.695008923871988260e-02 -1.513567622557180914e-01
-5.076491580119130848e-02 -1.472938036627717551e-01
-6.415158864089745561e-02 -1.419850510216733863e-01
-7.699951426284733225e-02 -1.354738456185039241e-01
-8.920229718944010233e-02 -1.278131417272197201e-01
-1.006585512546628591e-01 -1.190651223074224441e-01
-1.112726785997104617e-01 -1.093007491598505104e-01
-1.209556114361537982e-01 -9.859924984777015955e-02
-1.296255117442076665e-01 -8.704754401768571848e-02
-1.372084241902353785e-01 -7.473961208534736500e-02
-1.436388776823979696e-01 -6.177580959317019449e-02
-1.488604311395518298e-01 -4.826213089255856209e-02
-1.528261592294556104e-01 -3.430942615826909625e-02
-1.554990740414159411e-01 -2.003257610021400015e-02
-1.568524788989224816e-01 -5.549629098689688733e-03
-1.568702507926275913e-01 9.019094151054144956e-03
-1.555470482259298237e-01 2.355192304332510284e-02
-1.528884416167143045e-01 3.792678072680849555e-02
-1.489109637912553186e-01 5.202214290697143584e-02
-1.436420785410567058e-01 6.571800534783586722e-02
-1.371200656909552784e-01 7.889685334351639878e-02
-1.293938216468358826e-01 9.144462616856088855e-02
-1.205225749526794982e-01 1.032516692909362793e-01
-1.105755169873858246e-01 1.142136669486786271e-01
-9.963134856899286129e-02 1.242325475569551751e-01
-8.777774390374822044e-02 1.332173543325754494e-01
-7.511073401527035287e-02 1.410850735035625858e-01
-6.173401250918230526e-02 1.477614125175576998e-01
-4.775816726467817935e-02 1.531815207793316425e-01
-3.329984238928278273e-02 1.572906456386161389e-01
-1.848083551866608332e-02 1.600447166181336034e-01
-3.427136281238200161e-03 1.614108512205262580e-01
1.173208753167462141e-02 1.613677760832805674e-01
2.686554885443331181e-02 1.599061577630760400e-01
4.184093739993460098e-02 1.570288380244762305e-01
5.652604436905316748e-02 1.527509691805631620e-01
7.078990675149078593e-02 1.471000457817996654e-01
8.450396166051971081e-02 1.401158297696701027e-01
9.754320072627678528e-02 1.318501670978350915e-01
1.097873142377232825e-01 1.223666947687798712e-01
1.211218144802702901e-01 1.117404382302145394e-01
1.314391275717180230e-01 1.000573001136700474e-01
1.406396430599554936e-01 8.741344236769842124e-02
1.486327106171160262e-01 7.391456492878414886e-02
1.553375733506790757e-01 5.967508517267790247e-02
1.606842275551286781e-01 4.481722348489939473e-02
1.646141991495872203e-01 2.947000136864467296e-02
1.670812275872308461e-01 1.376815955797403186e-02
1.680518486795956057e-01 -2.148995389516298454e-03
1.675058685498782562e-01 -1.813880659675830981e-02
1.654367218092085146e-01 -3.405653416462693650e-02
1.618517080322275647e-01 -4.975666316250693111e-02
1.567721016852330618e-01 -6.509424051001425071e-02
1.502331318222273893e-01 -7.992622835253233859e-02
1.422838291006328915e-01 -9.411286105481375674e-02
1.329867389671023636e-01 -1.075189925847649802e-01
1.224175012114834538e-01 -1.200154208417194002e-01
1.106642974692773479e-01 -1.314801754066123041e-01
9.782716965469509529e-02 -1.417997552605332057e-01
8.401721371179518560e-02 -1.508703032364833163e-01
6.935565446382468968e-02 -1.585987043383828010e-01
5.397280870413698195e-02 -1.649035955811782306e-01
3.800694498919063302e-02 -1.697162756741317224e-01
2.160304984856306620e-02 -1.729815036819714880e-01
4.911511302410671506e-03 -1.746581767495797577e-01
-1.191326834226620265e-02 -1.747198780574668597e-01
-2.871431747368179827e-02 -1.731552873777959523e-01
-4.533358414450393281e-02 -1.699684479128373837e-01
-6.161345452471491541e-02 -1.651788845064821598e-01
-7.739828576918814096e-02 -1.588215698104060714e-01
-9.253593782242702792e-02 -1.509467365439021991e-01
-1.068792884388683195e-01 -1.416195355934017353e-01
-1.202877156237427692e-01 -1.309195413364608040e-01
-1.326285318007659475e-01 -1.189401072269368476e-01
-1.437783542908869505e-01 -1.057875763241598599e-01
-1.536243971408094156e-01 -9.158035306977718726e-02
-1.620656699687124391e-01 -7.644784419226421934e-02
-1.690140702930613970e-01 -6.052927813170260601e-02
-1.743953567719947473e-01 -4.397241380766234164e-02
-1.781499918967822116e-01 -2.693215088292440912e-02
-1.802338439425489047e-01 -9.569054888337777051e-03
-1.806187393702093358e-01 7.952188346507457067e-03
-1.792928583809514087e-01 2.546437358032092174e-02
-1.762609679326298251e-01 4.279941621703934468e-02
-1.715444882186193676e-01 5.979001478493509159e-02
-1.651813903653619187e-01 7.627131867091008210e-02
-1.572259249053271635e-01 9.208258371130299824e-02
-1.477481824069388772e-01 1.070687982013106415e-01
-1.368334894712155136e-01 1.210822620409052058e-01
-1.245816451151908200e-01 1.339841020861440024e-01
-1.111060043333780972e-01 1.456457073188855977e-01
-9.653241733963922877e-02 1.559500681806612887e-01
-8.099803462237677165e-02 1.647930053309983323e-01
-6.464998947633100734e-02 1.720842741777976193e-01
-4.764397108582529849e-02 1.777485327762146350e-01
-3.014270250974182552e-02 1.817261620896328533e-01
-1.231433904201181991e-02 1.839739291366164486e-01
5.669196621126044305e-03 1.844654851943455798e-01
2.363392519659807817e-02 1.831916929736186472e-01
4.140554981129856288e-02 1.801607785034132492e-01
5.881120498419128984e-02 1.753983053435349271e-01
7.568119720492068325e-02 1.689469706605573607e-01
9.185071873247213636e-02 1.608662246330340440e-01
1.071615164556050381e-01 1.512317165745404035e-01
1.214634980791233082e-01 1.401345730551941671e-01
1.346162585224022212e-01 1.276805151418931306e-01
1.464905102324029207e-01 1.139888236431520624e-01
1.569694021137907902e-01 9.919116291548894793e-02
1.659497129526175951e-01 8.343027534526141487e-02
1.733429065441225436e-01 6.685856004446440182e-02
1.790760372144094004e-01 4.963655057460428927e-02
1.830924960331750118e-01 3.193130762445067772e-02
1.853525897318620830e-01 1.391474350226978504e-02
1.858339461488383026e-01 -4.238103949799355494e-03
1.845317418996352543e-01 -2.235082986087812140e-02
1.814587498942847876e-01 -4.024743474960911643e-02
1.766452062731720674e-01 -5.775409220764655960e-02
1.701384982851272820e-01 -7.470089326688299225e-02
1.620026765642411937e-01 -9.092354914217354311e-02
1.523177971529277863e-01 -1.062650345178951239e-01
1.411791004464465760e-01 -1.205771542206431901e-01
1.286960359776055107e-01 -1.337220169834602290e-01
1.149911435999524667e-01 -1.455734010487313990e-01
1.001988031449712324e-01 -1.560179975647142114e-01
8.446386600670759137e-02 -1.649565190901146616e-01
6.794018333066084714e-02 -1.723046620159702780e-01
5.078904653939343011e-02 -1.779939133266220663e-01
3.317755680389387202e-02 -1.819721938327142352e-01
1.527694075821841267e-02 -1.842043317988636963e-01
-2.739169751445523493e-03 -1.846723627359914688e-01
-2.069647579783926925e-02 -1.833756530118579864e-01
-3.842174920540571137e-02 -1.803308468313748469e-01
-5.574455201442174435e-02 -1.755716380290345546e-01
-7.249891981249757811e-02 -1.691483699778285610e-01
-8.852499166908649186e-02 -1.611274687313425658e-01
-1.036705700943008762e-01 -1.515907162581216494e-01
-1.177925953056118552e-01 -1.406343722806915886e-01
-1.307585191135454405e-01 -1.283681547778345589e-01
-1.424475649170680869e-01 -1.149140906313181193e-01
-1.527518616161221143e-01 -1.004052491823581444e-01
-1.615774406864141366e-01 -8.498437259553638656e-02
-1.688450872025285543e-01 -6.880241789750082826e-02
-1.744910372211798122e-01 -5.201702635539727504e-02
-1.784675156276034902e-01 -3.479093647859096694e-02
-1.807431102848673365e-01 -1.729035736199651535e-02
-1.813029800881346409e-01 3.166806623785909519e-04
-1.801488962934794380e-01 1.786198103766222650e-02
-1.772991182438039826e-01 3.517882475378605184e-02
-1.727881063332686040e-01 5.210358627911301083e-02
-1.666660767176258717e-01 6.847730553258098152e-02
-1.589984038730755667e-01 8.414720042421143520e-02
-1.498648786139575029e-01 9.896810529662065925e-02
-1.393588305842981823e-01 1.128038215510235032e-01
-1.275861255259145011e-01 1.255283678251969959e-01
-1.146640487840459161e-01 1.370271182937103094e-01
-1.007200875296578729e-01 1.471978189670422876e-01
-8.589062504677953680e-02 1.559514732596921915e-01
-7.031956114655148193e-02 1.632130895610406363e-01
-5.415687332205453702e-02 1.689222850590508529e-01
-3.755713364642093016e-02 1.730337416181733368e-01
-2.067799664010830721e-02 1.755175110812569883e-01
-3.678673392392670799e-03 1.763591689332755230e-01
1.328159288016892391e-02 1.755598168150532545e-01
3.004503491481620020e-02 1.731359358913006075e-01
4.645683860970083873e-02 1.691190945433247161e-01
6.236657539643388620e-02 1.635555152578767324e-01
7.762957650400098553e-02 1.565055069059801407e-01
9.210823664959746915e-02 1.480427698367322298e-01
1.056732356129184286e-01 1.382535823398388930e-01
1.182046671701190987e-01 1.272358780473615281e-01
1.295930659685815001e-01 1.150982247416827003e-01
1.397403240997332485e-01 1.019587158065161925e-01
1.485604903600048765e-01 8.794378619599033109e-02
1.559804464649014177e-01 7.318696530017219926e-02
1.619404557833966085e-01 5.782757945225240614e-02
1.663945814748629959e-01 4.200941705294947148e-02
1.693109722242926440e-01 2.587936938304917153e-02
1.706720150698790017e-01 9.586060138362984678e-03
1.704743560869985686e-01 -6.721523442836433403e-03
1.687287909219047366e-01 -2.289538527599483189e-02
1.654600283455720522e-01 -3.878984876739485776e-02
1.607063311126596672e-01 -5.426284711797009497e-02
1.545190394531397726e-01 -6.917716452642197478e-02
1.469619834865709407e-01 -8.340161791997330321e-02
1.381107917243095951e-01 -9.681216961554400813e-02
1.280521036074180607e-01 -1.092929621567024223e-01
1.168826947131895583e-01 -1.207372674715102845e-01
1.047085238478693558e-01 -1.310483434422692051e-01
9.164371172536214805e-02 -1.401401919590970491e-01
7.780946131073014638e-02 -1.479382135342515725e-01
6.333293018352829928e-02 -1.543797545724619746e-01
4.834606545099828789e-02 -1.594145444138902745e-01
3.298441181737922501e-02 -1.630050202808702442e-01
1.738590339654732392e-02 -1.651265392579855384e-01
1.689649745157088476e-03 -1.657674774087458114e-01
-1.396527360255780253e-02 -1.649292170732175600e-01
-2.944102009351427102e-02 -1.626260242923805444e-01
-4.460214295376117855e-02 -1.588848191604465276e-01
-5.931673258959564710e-02 -1.537448427104887438e-01
-7.345751183465344669e-02 -1.472572246869424395e-01
-8.690288081854441460e-02 -1.394844572471648503e-01
-9.953790381201987891e-02 -1.304997802604515311e-01
-1.112552310226895824e-01 -1.203864844346659857e-01
-1.219559489669997665e-01 -1.092371389967100592e-01
-1.315503537217802554e-01 -9.715275108292016626e-02
-1.399586420556870325e-01 -8.424186435926704630e-02
-1.471115161511479807e-01 -7.061960468971709148e-02
-1.529506983451997537e-01 -5.640668090556668485e-02
-1.574293530375360239e-01 -4.172834890072893432e-02
-1.605124136312838512e-01 -2.671334738996388250e-02
-1.621768130820640252e-01 -1.149281372132892991e-02
-1.624116173298338628e-01 3.800811866649501589e-03
-1.612180615723827481e-01 1.903488520559961511e-02
-1.586094900061462976e-01 3.407765214058990078e-02
-1.546112003066373586e-01 4.879932936969194612e-02
-1.492601947450948874e-01 6.307316428568059130e-02
-1.426048404381053680e-01 7.677646615865273139e-02
-1.347044418014639033e-01 8.979160126924698448e-02
-1.256287288271912550e-01 1.020069449084841651e-01
-1.154572653224013867e-01 1.133177834996624833e-01
-1.042787817397794331e-01 1.236271604680602848e-01
-9.219043769105682296e-02 1.328466598834510126e-01
-7.929701966638462440e-02 1.408971223268386530e-01
-6.571007988325461291e-02 1.477092878847756086e-01
-5.154702255790397092e-02 1.532243616506823725e-01
-3.693014422920070511e-02 1.573944976114303174e-01
-2.198563506897087405e-02 1.601831973178471646e-01
-6.842548382589784886e-03 1.615656202785831219e-01
8.368254261735479094e-03 1.615288035767563080e-01
2.351517463853045747e-02 1.600717887867633415e-01
3.846695840901240976e-02 1.572056548632821404e-01
5.309377668666962619e-02 1.529534562843478662e-01
6.726830062878939864e-02 1.473500663538045707e-01
8.086676102265222266e-02 1.404419262035277449e-01
9.376998484471917028e-02 1.322867006804098744e-01
1.058644008279252396e-01 1.229528429547090129e-01
1.170430061780896869e-01 1.125190703421394128e-01
1.272062867373186523e-01 1.010737544888287154e-01
1.362630831018167843e-01 8.871422972237710813e-02
1.441313954652484741e-01 7.554602401975260562e-02
1.507391202779236050e-01 6.168201767927355972e-02
1.560247121875158183e-01 4.724153540473302604e-02
1.599377651592259197e-01 3.234937810973430306e-02
1.624395071622790621e-01 1.713480132415856616e-02
1.635032033548520503e-01 1.730447626741436068e-03
1.631144632998305644e-01 -1.372875896783147878e-02
1.612714483974190538e-01 -2.910674827804648340e-02
1.579849764250983446e-01 -4.426746008037400065e-02
1.532785208275708744e-01 -5.907601193355065117e-02
1.471881031952217977e-01 -7.339986925184778521e-02
1.397620782045873866e-01 -8.711000794965670369e-02
1.310608111629372186e-01 -1.000820598249432120e-01
1.211562491951946319e-01 -1.121974307716771535e-01
1.101313880281808988e-01 -1.233443819156341825e-01
9.807963725706012048e-02 -1.334190638577936461e-01
8.510408791375800863e-02 -1.423264943880128974e-01
7.131668708837027304e-02 -1.499814703010396155e-01
5.683732527305033339e-02 -1.563094043086522000e-01
4.179284299409151415e-02 -1.612470784962625747e-01
2.631596416216087919e-02 -1.647433063191326708e-01
1.054416439301553501e-02 -1.667594957708345982e-01
-5.381516678366815229e-03 -1.672701070820165614e-01
-2.131770935828825042e-02 -1.662629991170773147e-01
-3.711998375962603791e-02 -1.637396595250319442e-01
-5.264414464454263837e-02 -1.597153146625669151e-01
-6.774753984870564294e-02 -1.542189163348289538e-01
-8.229037051965013005e-02 -1.472930034846053338e-01
-9.613699113477590374e-02 -1.389934380939596426e-01
-1.091571871080177780e-01 -1.293890157338950520e-01
-1.212274177537930042e-01 -1.185609523961851236e-01
-1.322320124566248867e-01 -1.066022504553760103e-01
-1.420643080978382378e-01 -9.361694782574328522e-02
-1.506277161185823332e-01 -7.971925558482770291e-02
-1.578367080514356813e-01 -6.503259051888224396e-02
-1.636177089298201937e-01 -4.968851019277375353e-02
-1.679098886827644077e-01 -3.382555924420567461e-02
-1.706658424380786410e-01 -1.758803663633153741e-02
-1.718521515841217873e-01 -1.124694560994130357e-03
-1.714498184719714380e-01 1.541261944546678739e-02
-1.694545687674529066e-01 3.187036484240305528e-02
-1.658770166762726650e-01 4.809474189125927113e-02
-1.607426895543090373e-01 6.393314340113386007e-02
-1.540919097666188786e-01 7.923561047905264276e-02
-1.459795330595686225e-01 9.385627808049838705e-02
-1.364745441464115805e-01 1.076547960292160433e-01
-1.256595116625754960e-01 1.204977111968548176e-01
-1.136299061072661709e-01 1.322597967055718360e-01
-1.004932858366849452e-01 1.428253143415789961e-01
-8.636835759493689813e-02 1.520891968442790454e-01
-7.138391944526181754e-02 1.599581373618443048e-01
-5.567769528042888771e-02 1.663515741357823596e-01
-3.939507133123271859e-02 1.712025593883617636e-01
-2.268774624083313290e-02 1.744585024301442411e-01
-5.712307315779777128e-03 1.760817781710077301e-01
1.137125351149142170e-02 1.760501934960476966e-01
2.840106968140694577e-02 1.743573053452198152e-01
4.521496098989902235e-02 1.710125857987467857e-01
6.165201007945302764e-02 1.660414310041417596e-01
7.755413862473409248e-02 1.594850123691054222e-01
9.276766722657463216e-02 1.513999700705414841e-01
1.071448430259396012e-01 1.418579505758210124e-01
1.205453192199105322e-01 1.309449915200166792e-01
1.328375710051161174e-01 1.187607589136589759e-01
1.439002329887434373e-01 1.054176432511084449e-01
1.536233437896174503e-01 9.103972263152730615e-02
1.619094843961583763e-01 7.576160247470035969e-02
1.686747978466722753e-01 5.972714279524374281e-02
1.738498789408529921e-01 4.308808527452938353e-02
1.773805239682385571e-01 2.600259352447054431e-02
1.792283318366306444e-01 8.633720956930964266e-03
1.793711494865856959e-01 -8.852178455858266543e-03
1.778033560710604866e-01 -2.628708053205397466e-02
1.745359820449780830e-01 -4.350294580049527543e-02
1.695966610297089949e-01 -6.033338208126209912e-02
1.630294140732720942e-01 -7.661529763130757453e-02
1.548942676989154832e-01 -9.219052775925902499e-02
1.452667089027701308e-01 -1.069074179993047408e-01
1.342369820054995777e-01 -1.206223473056086820e-01
1.219092339634728628e-01 -1.332011752829121154e-01
1.084005163825072643e-01 -1.445205982007248813e-01
9.383965403283799078e-02 -1.544693994405084425e-01
7.836599111969293208e-02 -1.629495810882095053e-01
6.212802790277848625e-02 -1.698773645971877744e-01
4.528196146449534054e-02 -1.751840497959632481e-01
2.799014548666039354e-02 -1.788167229866095276e-01
1.041948479642298107e-02 -1.807388064568711261e-01
-7.260218826741728602e-03 -1.809304433947337143e-01
-2.487795253833290435e-02 -1.793887139296827526e-01
-4.226319259815770890e-02 -1.761276798108434849e-01
-5.924760123145132035e-02 -1.711782570485699539e-01
-7.566670260551669469e-02 -1.645879176724057702e-01
-9.136152055165580599e-02 -1.564202235741080638e-01
-1.061801610581136202e-01 -1.467541971891266894e-01
-1.199793231412569494e-01 -1.356835355034447799e-01
-1.326257224627399034e-01 -1.233156755354732903e-01
-1.439974129913631495e-01 -1.097707210160502600e-01
-1.539849930991316340e-01 -9.518024145586198581e-02
-1.624926837192247064e-01 -7.968595613238807496e-02
-1.694392675650847613e-01 -6.343831673283563399e-02
-1.747588798989533621e-01 -4.659500344217241963e-02
-1.784016429279529081e-01 -2.931935015478033882e-02
-1.803341375781153111e-01 -1.177871520484870434e-02
-1.805397081325861020e-01 5.857185453141290979e-03
-1.790185969998910331e-01 2.341796533205409148e-02
-1.757879086815269387e-01 4.073425732468951427e-02
-1.708814038149140402e-01 5.763938902687654187e-02
-1.643491259576664032e-01 7.397102627429101573e-02
-1.562568655322439382e-01 8.957276809949391017e-02
-1.466854670469095456e-01 1.042956768991011862e-01
-1.357299873308748794e-01 1.179997283570278638e-01
-1.234987140508918280e-01 1.305551665889268242e-01
-1.101120551968458039e-01 1.418437510439716776e-01
-9.570131152001491726e-02 1.517598829100506030e-01
-8.040734506600893949e-02 1.602116001027646675e-01
-6.437915795312149081e-02 1.671214313615733138e-01
-4.777239639587188558e-02 1.724271015110828975e-01
-3.074779565476019882e-02 1.760820815540095341e-01
-1.346958210059811221e-02 1.780559789262614601e-01
3.896151088843197163e-03 1.783347649449059380e-01
2.118307793267311737e-02 1.769208381973216004e-01
3.822626671436492318e-02 1.738329243353979037e-01
5.486378368400442185e-02 1.691058144332736324e-01
7.093825734781322723e-02 1.627899457223061785e-01
8.629838784612708924e-02 1.549508301149074563e-01
1.008003866289893108e-01 1.456683374526139274e-01
1.143093324961120538e-01 1.350358418474024436e-01
1.267004310638857323e-01 1.231592408141632122e-01
1.378601658436776345e-01 1.101558581031618772e-01
1.476873303489006362e-01 9.615324222254334474e-02
1.560939319782288781e-01 8.128787358239786265e-02
1.630059598329981208e-01 6.570379398530074022e-02
1.683640101016884716e-01 4.955117282705583798e-02
1.721237641664292439e-01 3.298482485097477962e-02
1.742563161384103887e-01 1.616269461665667539e-02
1.747483480936258549e-01 -7.556770009796813514e-04
1.736021528403570158e-01 -1.761068897372770545e-02
1.708355055884534512e-01 -3.424420380063573216e-02
1.664813873915551856e-01 -5.050104388515695708e-02
1.605875646814415025e-01 -6.623044625598012436e-02
1.532160305941089318e-01 -8.128746188818028462e-02
1.444423150864543315e-01 -9.553428662232282820e-02
1.343546720482478030e-01 -1.088415115411391770e-01
1.230531527154150317e-01 -1.210892816347970691e-01
1.106485756779184149e-01 -1.321683526540854137e-01
9.726140464062775493e-02 -1.419810372026926171e-01
8.302054583195837834e-02 -1.504420323412415383e-01
6.806207755776702562e-02 -1.574791222524725143e-01
5.252792486367952041e-02 -1.630337508343109032e-01
3.656449259592919887e-02 -1.670614604308077733e-01
2.032127033873576405e-02 -1.695321942654938463e-01
3.949422756614088398e-03 -1.704304614932061757e-01
-1.239962121439681583e-02 -1.697553651210175762e-01
-2.857556709752034907e-02 -1.675204943532035418e-01
-4.443062863890271524e-02 -1.637536841766045748e-01
-5.982086417319618099e-02 -1.584966462095217521e-01
-7.460746372876919663e-02 -1.518044759786127962e-01
-8.865797568061317691e-02 -1.437450428543652348e-01
-1.018474625215256696e-01 -1.343982698579859469e-01
-1.140595761665655350e-01 -1.238553114435023972e-01
-1.251875441213304574e-01 -1.122176381523081468e-01
-1.351350588201552794e-01 -9.959603772833248991e-02
-1.438170634644823087e-01 -8.610954286677245662e-02
-1.511604287529394741e-01 -7.188429624544903640e-02
-1.571045159816359116e-01 -5.705236385412222611e-02
-1.616016230945918897e-01 -4.175050789350166769e-02
-1.646173113690921341e-01 -2.611893066333933339e-02
-1.661306115185351984e-01 -1.030000090008240284e-02
-1.661341090760077854e-01 5.563026037710199108e-03
-1.646339099759017433e-01 2.132728289951688061e-02
-1.616494882696623558e-01 3.685154920776418513e-02
-1.572134188871990856e-01 5.199748322124767008e-02
-1.513709992804050664e-01 6.663081698778604289e-02
-1.441797646532396449e-01 8.062250477945424876e-02
-1.357089022884339080e-01 9.384981577483300641e-02
-1.260385712194425079e-01 1.061973624847970532e-01
-1.152591341640263889e-01 1.175580571037722621e-01
-1.034703092299113086e-01 1.278339886993566932e-01
-9.078024942125276220e-02 1.369372149219582335e-01
-7.730455841588697308e-02 1.447904627149714518e-01
-6.316525144704082662e-02 1.513277333274900549e-01
-4.848967040950756535e-02 1.564948077683501471e-01
-3.340936252010531099e-02 1.602496496854577679e-01
-1.805893199694643195e-02 1.625627035012456034e-01
-2.574874283598106370e-03 1.634170864775076892e-01
1.290559766499939538e-02 1.628086742149792154e-01
2.824572559519766476e-02 1.607460799095154491e-01
4.331036736834244921e-02 1.572505284826931360e-01
5.796713848165118560e-02 1.523556274756963091e-01
7.208752486413784466e-02 1.461070373374895870e-01
8.554795843159399005e-02 1.385620444480284985e-01
9.823084725145343754e-02 1.297890408915115257e-01
1.100255525821194902e-01 1.198669156307698852e-01
1.208293055082846346e-01 1.088843623295039781e-01
1.305480563902341740e-01 9.693910962222879180e-02
1.390972508774825089e-01 8.413708014081348885e-02
1.464025268018203096e-01 7.059148506996529293e-02
1.524003268585267246e-01 5.642186142072232180e-02
1.570384226038103181e-01 4.175305957996507805e-02
1.602763459382618716e-01 2.671418901426713191e-02
1.620857249071163131e-01 1.143753027732868563e-02
1.624505213253745750e-01 -3.942578308889169852e-03
1.613671684263449646e-01 -1.929087075898702416e-02
1.588446074329675217e-01 -3.447229165553808428e-02
1.549042226594363192e-01 -4.935313378040794008e-02
1.495796754631598946e-01 -6.380216640418959195e-02
1.429166380809813175e-01 -7.769174552949235923e-02
1.349724290957145523e-01 -9.089889747441008694e-02
1.258155529862390321e-01 -1.033063673264832671e-01
1.155251469132997089e-01 -1.148036239951322479e-01
1.041903385803008009e-01 -1.252878138420382981e-01
9.190951968011841500e-02 -1.346646551743091169e-01
7.878954009147194626e-02 -1.428492662443338612e-01
6.494482861769823590e-02 -1.497669198126424517e-01
5.049644666270380888e-02 -1.553537177952062642e-01
3.557108180911169176e-02 -1.595571800335194024e-01
2.029998879771228310e-02 -1.623367417932091439e-01
4.817885900705937835e-03 -1.636641552131624655e-01
-1.073818487075373432e-02 -1.635237905901317235e-01
-2.623002488621462014e-02 -1.619128340909197772e-01
-4.151946416096555931e-02 -1.588413792324769591e-01
-5.646955530058965500e-02 -1.543324102559725519e-01
-7.094576643878826305e-02 -1.484216763399857364e-01
-8.481716332976535488e-02 -1.411574564456971048e-01
-9.795757067583775457e-02 -1.326002154580925574e-01
-1.102467027657298010e-01 -1.228221531759026569e-01
-1.215712535723636190e-01 -1.119066486029528379e-01
-1.318259366134924282e-01 -9.994760289793794272e-02
-1.409144651162801409e-01 -8.704868524105099925e-02
-1.487504633492783279e-01 -7.332248676665795162e-02
-1.552583003928325045e-01 -5.888958858323782575e-02
-1.603738381116086020e-01 -4.387755074673992117e-02
-1.640450856696644699e-01 -2.841982986278191597e-02
-1.662327535873986406e-01 -1.265463375805505643e-02
-1.669107010779583844e-01 3.276277626769776019e-03
-1.660662712144843345e-01 1.922883532001629786e-02
-1.637005093641532294e-01 3.505793799490334456e-02
-1.598282612746145526e-01 5.061875135313857743e-02
-1.544781482064097877e-01 6.576801891438197045e-02
-1.476924175637018277e-01 8.036537258593569322e-02
-1.395266685766141102e-01 9.427463116237955187e-02
-1.300494537223558511e-01 1.073650747850506404e-01
-1.193417577290100673e-01 1.195126833810058326e-01
-1.074963571746154478e-01 1.306013272041643969e-01
-9.461706486367317537e-02 1.405238978203803557e-01
-8.081786432165857792e-02 1.491833682147519768e-01
-6.622194088340864482e-02 1.564937711538232357e-01
-5.096061695106897382e-02 1.623810855064584668e-01
-3.517220004924263149e-02 1.667840209127412765e-01
-1.900075329680426389e-02 1.696546919865728476e-01
-2.594798834479715086e-03 1.709591741396654652e-01
1.389403441689856904e-02 1.706779341159433139e-01
3.031240655165885062e-02 1.688061294182405525e-01
4.650669327668673081e-02 1.653537719846212839e-01
6.232443003878553045e-02 1.603457527194160626e-01
7.761576001239689493e-02 1.538217247928270193e-01
9.223487201134931979e-02 1.458358449803253132e-01
1.060414142583850777e-01 1.364563737057573334e-01
1.189018699578362204e-01 1.257651358660371033e-01
1.306908807732201083e-01 1.138568459358335616e-01
1.412925046143830021e-01 1.008383022626048037e-01
1.506013945881895244e-01 8.682745685023426918e-02
1.585238865610126002e-01 7.195236827780428224e-02
1.649789835171017183e-01 5.635004669320197584e-02
1.698992257692705232e-01 4.016520104403659835e-02
1.732314370805415893e-01 2.354889984596541391e-02
1.749373378790542444e-01 6.657157826816821958e-03
1.749940179837496390e-01 -1.035053828945856069e-02
1.733942625936500670e-01 -2.731275079430281472e-02
1.701467267161183849e-01 -4.406764407225083335e-02
1.652759547052144451e-01 -6.045455449684913191e-02
1.588222431349311792e-01 -7.631556153232837980e-02
1.508413468275040525e-01 -9.149704422492810352e-02
1.414040294771652662e-01 -1.058512072299340745e-01
1.305954619370884306e-01 -1.192375606515569675e-01
1.185144728538727460e-01 -1.315243382739569589e-01
1.052726579216027858e-01 -1.425898392322547115e-01
9.099335556817517157e-02 -1.523236788095344296e-01
7.581049836235120853e-02 -1.606279348449335953e-01
5.986735082349199655e-02 -1.674181771922614304e-01
4.331514561047365708e-02 -1.726243687696257523e-01
2.631163124608702081e-02 -1.761916279778731331e-01
9.019545583633162972e-03 -1.780808436271253958e-01
-8.394969869922731462e-03 -1.782691349825815397e-01
-2.576399890685068805e-02 -1.767501511078285736e-01
-4.291950639203446355e-02 -1.735342053296593523e-01
-5.969500398632880678e-02 -1.686482423551854681e-01
-7.592720871422156681e-02 -1.621356373213066471e-01
-9.145767721917665016e-02 -1.540558278290934113e-01
-1.061343986856733146e-01 -1.444837817916120870e-01
-1.198133297293963173e-01 -1.335093056831853087e-01
-1.323598550643021454e-01 -1.212361995010406146e-01
-1.436501584432377243e-01 -1.077812664169930795e-01
-1.535724892311181311e-01 -9.327318668796283352e-02
-1.620283109979861469e-01 -7.785126689116922405e-02
-1.689333197031713529e-01 -6.166407693516320204e-02
-1.742183203689274817e-01 -4.486798855500705868e-02
-1.778299525982829088e-01 -2.762563011381941047e-02
-1.797312568616938888e-01 -1.010427349007518051e-02
-1.799020751433271503e-01 7.525830381260011255e-03
-1.783392812820571716e-01 2.509315013532707056e-02
-1.750568381451721167e-01 4.242658916906011379e-02
-1.700856806141653466e-01 5.935719956293619010e-02
-1.634734252211375582e-01 7.571987686065631551e-02
-1.552839091302181673e-01 9.135501799398078326e-02
-1.455965629899685365e-01 1.061101249946401343e-01
-1.345056239690885225e-01 1.198413376818733139e-01
-1.221191970085062917e-01 1.324148792470326574e-01
-1.085581739583983407e-01 1.437083995679637460e-01
-9.395502180011436333e-02 1.536122021655327297e-01
-7.845245256280788948e-02 1.620303419507442555e-01
-6.220198881662845902e-02 1.688815822895306518e-01
-4.536243974404220725e-02 1.741002014179638402e-01
-2.809830374541316678e-02 1.776366398563060667e-01
-1.057811431352722979e-02 1.794579821776315087e-01
7.027253494530301056e-03 1.795482682663044061e-01
2.454629825746043256e-02 1.779086310331212395e-01
4.180861112468504948e-02 1.745572594165596125e-01
5.864658054050600478e-02 1.695291873721156695e-01
7.489706500103100739e-02 1.628759114128664753e-01
9.040301647168656751e-02 1.546648410930430151e-01
1.050150376676787095e-01 1.449785886018497560e-01
1.185928571574931950e-01 1.339141053370069834e-01
1.310067071812515693e-01 1.215816749374252076e-01
1.421385901702434396e-01 1.081037737541003241e-01
1.518834211981641147e-01 9.361381111116146014e-02
1.601500349737154105e-01 7.825476293998130661e-02
1.668620474819830779e-01 6.217771344508144643e-02
1.719585639807758026e-01 4.554032036982824660e-02
1.753947267392063358e-01 2.850522016322833835e-02
1.771420976496543009e-01 1.123838989923172001e-02
1.771888726307123685e-01 -6.092516838241811977e-03
1.755399265472405435e-01 -2.331984272064730607e-02
1.722166891835976987e-01 -4.027759072762240877e-02
1.672568545969736753e-01 -5.680306233534890281e-02
1.607139279293850198e-01 -7.273845308565766998e-02
1.526566154498388839e-01 -8.793238935821484636e-02
1.431680652137669874e-01 -1.022413909172151525e-01
1.323449672475439653e-01 -1.155312447149861033e-01
1.202965235754531459e-01 -1.276782764959224492e-01
1.071432996900478773e-01 -1.385705079417343111e-01
9.301597021131001453e-02 -1.481086884181578855e-01
7.805397247393444649e-02 -1.562071918078342947e-01
6.240408261597193279e-02 -1.627947704267588558e-01
4.621892940843611713e-02 -1.678151596044537008e-01
2.965546155886523289e-02 -1.712275281421469786e-01
1.287338453887506770e-02 -1.730067715297138597e-01
-3.966416874803417592e-03 -1.731436464817901200e-01
-2.070345419359028577e-02 -1.716447470272585429e-01
-3.717919300352774681e-02 -1.685323240355278696e-01
-5.323857738390531946e-02 -1.638439516695409381e-01
-6.873150593917261297e-02 -1.576320458018980186e-01
-8.351424512100942554e-02 -1.499632409004952038e-01
-9.745076635647016705e-02 -1.409176332684327904e-01
-1.104139944687392988e-01 -1.305878997957742871e-01
-1.222869559661548672e-01 -1.190783025356168673e-01
-1.329638169685598836e-01 -1.065035904430789854e-01
-1.423508018225583815e-01 -9.298781050411550342e-02
-1.503669848129658149e-01 -7.866304122423362077e-02
-1.569449487901991014e-01 -6.366806203972928679e-02
-1.620313059857724780e-01 -4.814697265239467616e-02
-1.655870777635607694e-01 -3.224777657103751471e-02
-1.675879315362712174e-01 -1.612094326973304362e-02
-1.680242745481432820e-01 8.203665455847226895e-05
-1.669012056702842139e-01 1.621008911984007927e-02
-1.642383277589437585e-01 3.211397310951273620e-02
-1.600694244749921724e-01 4.764766271272456721e-02
-1.544420067414576103e-01 6.266968182175254587e-02
-1.474167352129310826e-01 7.704437936327876435e-02
-1.390667262349564448e-01 9.064313375935725836e-02
-1.294767497735682948e-01 1.033454762302538771e-01
-1.187423286867629463e-01 1.150401235526442439e-01
-1.069687494842374159e-01 1.256259119597136487e-01
-9.426999537412336649e-02 1.350126250009247020e-01
-8.076761292215922650e-02 1.431217093547474672e-01
-6.658952404783298473e-02 1.498868737935594997e-01
-5.186879535308070582e-02 1.552545677223955978e-01
-3.674237692322561422e-02 1.591843369387025975e-01
-2.134982275949825689e-02 1.616490554756221110e-01
-5.832004901552849743e-03 1.626350335840385519e-01
9.670166918006754819e-03 1.621420030668845325e-01
2.501700857071077755e-02 1.601829822920082247e-01
4.007129669213940759e-02 1.567840242672602080e-01
5.469946513732804050e-02 1.519838521543598608e-01
6.877275277070268866e-02 1.458333875186801076e-01
8.216829331144140380e-02 1.383951774536333890e-01
9.477013870255830696e-02 1.297427274753375215e-01
1.064702082747274042e-01 1.199597477513930921e-01
1.171691568235253417e-01 1.091393208038351770e-01
1.267771556009839040e-01 9.738299930874295962e-02
1.352145811288427424e-01 8.479984300288415100e-02
1.424126076616667180e-01 7.150540400151884912e-02
1.483137000534043293e-01 5.762067003252802078e-02
1.528720047018551631e-01 4.327097520276543263e-02
1.560536371533024769e-01 2.858488793624412022e-02
1.578368658363268340e-01 1.369308566452616741e-02
1.582121922523426760e-01 -1.272774287762071938e-03
1.571823287742726283e-01 -1.618117838970041522e-02
1.547620759883729935e-01 -3.090186620798178810e-02
1.509781022527783845e-01 -4.530691671122935582e-02
1.458686288359042349e-01 -5.927180335104504511e-02
1.394830246353337688e-01 -7.267641013730141708e-02
1.318813150609337570e-01 -8.540600140802077911e-02
1.231336101931852361e-01 -9.735213851223803450e-02
1.133194577983035745e-01 -1.084135371712634938e-01
1.025271271955671554e-01 -1.184968598537488177e-01
9.085283032989044383e-02 -1.275174380872368674e-01
7.839988670512465507e-02 -1.353999202281460645e-01
6.527783908237523580e-02 -1.420788408185406915e-01
5.160152704469501278e-02 -1.474991082671705811e-01
3.749012567705403698e-02 -1.516164082002185998e-01
2.306615671092768910e-02 -1.543975204305633453e-01
8.454479538743101333e-03 -1.558205480902395412e-01
-6.218730482600015944e-03 -1.558750580567341837e-01
-2.082700904526442465e-02 -1.545621323778279266e-01
-3.524462788934604185e-02 -1.518943309603433822e-01
-4.934761055193824519e-02 -1.478955663342405302e-01
-6.301473176007382770e-02 -1.426008918341804543e-01
-7.612849352035780393e-02 -1.360562050554170455e-01
-8.857607114585609731e-02 -1.283178689393346394e-01
-1.002502226757898962e-01 -1.194522533259438218e-01
-1.110501553847021428e-01 -1.095352002760665439e-01
-1.208823433442109962e-01 -9.865141691469619944e-02
-1.296612902917171906e-01 -8.689379997896436170e-02
-1.373102323762212806e-01 -7.436269666902654840e-02
-1.437617756916849399e-01 -6.116510679757717478e-02
-1.489584638732687483e-01 -4.741383161297376553e-02
-1.528532714215617705e-01 -3.322657503119699068e-02
-1.554100188349084588e-01 -1.872500335190364906e-02
-1.566037060704822403e-01 -4.033769852136518883e-03
-1.564207613211243131e-01 1.072048905399657255e-02
-1.548592025873121725e-01 2.541017913233815234e-02
-1.519287100418924841e-01 3.990778792423979593e-02
-1.476506077290903052e-01 5.408693121269124438e-02
-1.420577537081348929e-01 6.782339877526726013e-02
-1.351943383445728397e-01 8.099619170167220161e-02
-1.271155910674680312e-01 9.348854345594527493e-02
-1.178873965462116924e-01 1.051889168099640059e-01
-1.075858218940441979e-01 1.159919687693217738e-01
-9.629655717350557587e-02 1.257994756584816520e-01
-8.411427215819330949e-02 1.345212106327145496e-01
-7.114189299111860210e-02 1.420757660428811631e-01
-5.748980306774564147e-02 1.483913132984693017e-01
-4.327497315603297257e-02 1.534062931568958010e-01
-2.862002644051137024e-02 1.570700297148720226e-01
-1.365224483617693413e-02 1.593432617919771088e-01
1.497476446107799328e-03 1.601985858781701244e-01
1.669571849514189452e-02 1.596208053657497128e-01
3.180766429992286370e-02 1.576071814013633998e-01
4.669825167606045380e-02 1.541675813733403844e-01
6.123334436856073953e-02 1.493245217912098355e-01
7.528091177157020253e-02 1.431131031141655852e-01
8.871220736369407611e-02 1.355808349388704370e-01
1.014029356906139545e-01 1.267873508588134301e-01
1.132343975416540000e-01 1.168040132509447077e-01
1.240946028698577258e-01 1.057134092230782724e-01
1.338793410015313157e-01 9.360873995928077618e-02
1.424931977757762369e-01 8.059310672101860362e-02
1.498505094510472480e-01 6.677869778937541023e-02
1.558762435169843419e-01 5.228588165767168727e-02
1.605067969573079067e-01 3.724221279330343359e-02
1.636907030238663741e-01 2.178135727113774539e-02
1.653892382021359964e-01 6.041946526667519787e-03
1.655769217724269160e-01 -9.833631626478779239e-03
1.642419011952124530e-01 -2.570049473493359396e-02
1.613862174684592699e-01 -4.141256945784665966e-02
1.570259456133063503e-01 -5.682392591270461757e-02
1.511912065342760070e-01 -7.179013061091896186e-02
1.439260476624488194e-01 -8.616960550064042823e-02
1.352881910144918265e-01 -9.982498026940375691e-02
1.253486485757342728e-01 -1.126244248163724704e-01
1.141912062292108343e-01 -1.244429486901044157e-01
1.019117787913795953e-01 -1.351636543085573405e-01
8.861764006491572310e-02 -1.446789309377440047e-01
7.442653316478313463e-02 -1.528915767067331177e-01
5.946566770043497374e-02 -1.597158363806675807e-01
4.387061168893629376e-02 -1.650783431995246353e-01
2.778408731539740162e-02 -1.689189538161309234e-01
1.135468083281943388e-02 -1.711914662283489375e-01
-5.264522011939434462e-03 -1.718642115914831847e-01
-2.191736264057054379e-02 -1.709205119101757375e-01
-3.844608511957697816e-02 -1.683589968350225341e-01
-5.469284640970353828e-02 -1.641937741168650600e-01
-7.050124671644605878e-02 -1.584544496886742260e-01
-8.571786478354566363e-02 -1.511859948371933604e-01
-1.001937826399087461e-01 -1.424484594788202330e-01
-1.137860841409816526e-01 -1.323165321502236813e-01
-1.263593116439881425e-01 -1.208789489466187278e-01
-1.377868653264558985e-01 -1.082377552714181151e-01
-1.479523300009766840e-01 -9.450742588156817170e-02
-1.567507147959642244e-01 -7.981385030437090911e-02
-1.640895917599989318e-01 -6.429319224504104202e-02
-1.698901203017496309e-01 -4.809063308083919713e-02
-1.740879453919150499e-01 -3.135901092897653425e-02
-1.766339586195141143e-01 -1.425736806385222502e-02
-1.774949125015644336e-01 3.050579372291207722e-03
-1.766538798801846333e-01 2.039803438827031065e-02
-1.741105517901165300e-01 3.761675903244154906e-02
-1.698813688266100075e-01 5.453874457066491821e-02
-1.639994827711012126e-01 7.099789482749262193e-02
-1.565145470214055479e-01 8.683170520132273140e-02
-1.474923362044445463e-01 1.018829196915611024e-01
-1.370141972021882704e-01 1.160011482984036890e-01
-1.251763356742931765e-01 1.290444273763621807e-01
-1.120889439922867492e-01 1.408807059414309559e-01
-9.787517828846385715e-02 1.513892415467587016e-01
-8.266999404649011396e-02 1.604618901483629290e-01
-6.661885129910349868e-02 1.680042753739506567e-01
-4.987630203106659110e-02 1.739368237750822666e-01
-3.260447379345224328e-02 1.781956539742987067e-01
-1.497146480052025108e-02 1.807333091008417603e-01
2.850333113559717219e-03 1.815193235256651327e-01
2.068596636875474903e-02 1.805406166411656355e-01
3.835968828909248896e-02 1.778017082644440250e-01
5.569674592531918822e-02 1.733247521545107639e-01
7.252516610451671675e-02 1.671493861020973692e-01
8.867752162984503250e-02 1.593323990531236023e-01
1.039926586375461287e-01 1.499472177402792761e-01
1.183173664182229912e-01 1.390832172981275039e-01
1.315079715234692692e-01 1.268448623020823895e-01
1.434318387028350184e-01 1.133506865772580391e-01
1.539687621429639552e-01 9.873212194674488296e-02
1.630122316010992334e-01 8.313218780838958766e-02
1.704705593271986508e-01 6.670405502376408613e-02
1.762678551384973535e-01 4.960949905322518255e-02
1.803448386312709872e-01 3.201725855890111272e-02
1.826594792686003499e-01 1.410131680708717923e-02
1.831874569502279226e-01 -3.960875881070786628e-03
1.819224376297476076e-01 -2.199021966827249819e-02
1.788761605727809956e-01 -3.980780326658357737e-02
1.740783359239284345e-01 -5.723674278697630374e-02
1.675763533459345145e-01 -7.410400157392117715e-02
1.594348045871263886e-01 -9.024217139538144583e-02
1.497348248981623386e-01 -1.054911957520517501e-01
1.385732602321193552e-01 -1.197000166832907220e-01
1.260616690991689937e-01 -1.327281272742025231e-01
1.123251697856149922e-01 -1.444470130993911194e-01
9.750114536512531627e-02 -1.547414670622193067e-01
8.173782050723477077e-02 -1.635107634897763340e-01
6.519272550595812954e-02 -1.706696789068331832e-01
