5.000000000000000000e-01 0.000000000000000000e+00
4.973377161876347263e-01 -5.132337753184253171e-02
4.893802022378250793e-01 -1.020911347039608064e-01
4.762151891591296371e-01 -1.517537352008873908e-01
4.579878103177374982e-01 -1.997740731316073326e-01
4.348989335895683261e-01 -2.456335111903846791e-01
4.072028536907720819e-01 -2.888377017297822924e-01
3.752043724509990241e-01 -3.289221224446692848e-01
3.392553021378122424e-01 -3.654572618812612639e-01
2.997504338420239889e-01 -3.980533942954877502e-01
2.571230193059551583e-01 -4.263648884346675216e-01
2.118398203400619628e-01 -4.500940005405345001e-01
1.643957850564164991e-01 -4.689941081964534297e-01
1.153084144586468685e-01 -4.828723484705199631e-01
6.511188659060516970e-02 -4.915916311284549423e-01
1.435100800329051733e-02 -4.950720052830206441e-01
-3.642493587373780289e-02 -4.932913656364576460e-01
-8.666835876008574524e-02 -4.862854925672395190e-01
-1.358395073365256112e-01 -4.741474282996191447e-01
-1.834124790436423291e-01 -4.570261993779885512e-01
-2.288810537992829741e-01 -4.351249034805968474e-01
-2.717642721518396809e-01 -4.086981861594135568e-01
-3.116116957894656259e-01 -3.780491402908411902e-01
-3.480082904993153092e-01 -3.435256677764988442e-01
-3.805788765588031808e-01 -3.055163492616098653e-01
-4.089920970767688124e-01 -2.644458732650348254e-01
-4.329638609123967474e-01 -2.207700810723724205e-01
-4.522602234028708645e-01 -1.749706879735007936e-01
-4.666996751402689991e-01 -1.275497448799917388e-01
-4.761548163627076224e-01 -7.902390699784911376e-02
-4.805534020693202901e-01 -2.991857802971378821e-02
-4.798787506362884869e-01 1.923800067819308665e-02
-4.741695164039363419e-01 6.792064655052526545e-02
-4.635188343254163512e-01 1.156130490425177904e-01
-4.480728522200572161e-01 1.618134326455394900e-01
-4.280286733663024035e-01 2.060400049668449363e-01
-4.036317390118492887e-01 2.478361284123645203e-01
-3.751726867889429440e-01 2.867751579266317741e-01
-3.429837268258058014e-01 3.224648918231594608e-01
-3.074345830646993960e-01 3.545515879461139108e-01
-2.689280514888632290e-01 3.827235032164308937e-01
-2.278952309285461331e-01 4.067139206175098831e-01
-1.847904858958102359e-01 4.263036343351717661e-01
-1.400862029818247256e-01 4.413228705855888889e-01
-9.426740414914624999e-02 4.516526286780977451e-01
-4.782628115039307820e-02 4.572254339813506263e-01
-1.256715401326930501e-03 4.580255015916293582e-01
4.495115306000344035e-02 4.540883165507928476e-01
9.031624536615934229e-02 4.454996433399667222e-01
1.343716924171014793e-01 4.323939839987596123e-01
1.766697552517331737e-01 4.149525105080911769e-01
2.167864637419081308e-01 3.934005029526683739e-01
2.543259243359561883e-01 3.680043303782625230e-01
2.889242522981717021e-01 3.390680161179764895e-01
3.202530890815762921e-01 3.069294336274097645e-01
3.480226710598909867e-01 2.719561824963971364e-01
3.719844217532498054e-01 2.345411972592513217e-01
3.919330458300289144e-01 1.950981438800559742e-01
4.077081094716972776e-01 1.540566603280356661e-01
4.191950980655955172e-01 1.118574984735967032e-01
4.263259485592700848e-01 6.894762463115304552e-02
4.290790600882600225e-01 2.577533546265474429e-02
4.274787925985563120e-01 -1.721455534272300567e-02
4.215944688920394423e-01 -5.958540617275401297e-02
4.115389017001495064e-01 -1.009132613587815641e-01
3.974664718208571479e-01 -1.407911422763947484e-01
3.795707880034553949e-01 -1.788330715441844854e-01
3.580819643570770094e-01 -2.146777902644694258e-01
3.332635541447123151e-01 -2.479921329308004962e-01
3.054091821225667913e-01 -2.784740294268609473e-01
2.748389201377622881e-01 -3.058551086570453492e-01
2.418954526366680347e-01 -3.299028836533564046e-01
2.069400800514140659e-01 -3.504225034232693048e-01
1.703486087219023004e-01 -3.672580622659810112e-01
1.325071760818389566e-01 -3.802934627182281702e-01
9.380805930512944868e-02 -3.894528336259605039e-01
5.464551449634345165e-02 -3.947005100080278606e-01
1.541169184612092152e-02 -3.960405863199605303e-01
-2.350733000369559234e-02 -3.935160593819415631e-01
-6.173534978676775697e-02 -3.872075815526090925e-01
-9.890965210072188984e-02 -3.772318486628597478e-01
-1.346843844648916988e-01 -3.637396507313663263e-01
-1.687336726054085023e-01 -3.469136165330597432e-01
-2.007544476301093561e-01 -3.269656856575677284e-01
-2.304689629531539996e-01 -3.041343437582554876e-01
-2.576269831579562353e-01 -2.786816582432426470e-01
-2.820076313853502881e-01 -2.508901526942555749e-01
-3.034208862410932572e-01 -2.210595588214026019e-01
-3.217087233701632076e-01 -1.895034847172605841e-01
-3.367459018855501474e-01 -1.565460380659451367e-01
-3.484403990239117732e-01 -1.225184413960874741e-01
-3.567335001195042210e-01 -8.775567546463591828e-02
-3.615995557085145973e-01 -5.259318536618926704e-02
-3.630454201242182544e-01 -1.736368150488525747e-02
-3.611095891408291902e-01 1.760593473971630227e-02
-3.558610568845079758e-01 5.199749350185152441e-02
-3.473979145165153049e-01 8.550430282172657992e-02
-3.358457150909298083e-01 1.178336977559272802e-01
-3.213556304889886306e-01 1.487093742073126723e-01
-3.041024274315626275e-01 1.778734927302639823e-01
-2.842822902742300761e-01 2.050885408415369648e-01
-2.621105186054166203e-01 2.301389456139308065e-01
-2.378191276121680853e-01 2.528324315047887350e-01
-2.116543787704312229e-01 2.730011214322813351e-01
-1.838742676819466182e-01 2.905023820213980534e-01
-1.547459948467039548e-01 3.052194166645947337e-01
-1.245434438605142191e-01 3.170616125496362181e-01
-9.354468999649219463e-02 3.259646500746828379e-01
-6.202956040408384025e-02 3.318903850785405729e-01
-3.027726527806772969e-02 3.348265160478569591e-01
1.435882648253001929e-03 3.347860499138331503e-01
3.283864500764223371e-02 3.318065812148842109e-01
6.366691793909830255e-02 3.259494002798732359e-01
9.366566416962955610e-02 3.172984465791747200e-01
1.225907087897084163e-01 3.059591242606687911e-01
1.502103914162937204e-01 2.920569960359249428e-01
1.763070691231327369e-01 2.757363718633205063e-01
2.006784676711783622e-01 2.571588089358918805e-01
2.231388792748860428e-01 2.365015383864719212e-01
2.435202068612875304e-01 2.139558335609066386e-01
2.616728561034631362e-01 1.897253338586467053e-01
2.774664776493827589e-01 1.640243371865774402e-01
2.907905629158146765e-01 1.370760730468197908e-01
3.015548975742376459e-01 1.091109672124223051e-01
3.096898774248252884e-01 8.036490786557909383e-02
3.151466917430387760e-01 5.107752200908774465e-02
3.178973794023856048e-01 2.149046993911783721e-02
3.179347631411080788e-01 -8.154235390464736194e-03
3.152722672676307458e-01 -3.761587815428345249e-02
3.099436239097612678e-01 -6.665665340349120893e-02
3.020024726281922423e-01 -9.504324023924028142e-02
2.915218578596541765e-01 -1.225483304000439255e-01
2.785936282539253628e-01 -1.489521086426116581e-01
2.633277415470550165e-01 -1.740436815506256341e-01
2.458514781956656903e-01 -1.976224515260461279e-01
2.263085666084144187e-01 -2.194994327082314123e-01
2.048582224736763269e-01 -2.394985054364561494e-01
1.816741044185645748e-01 -2.574576056338368502e-01
1.569431883841421183e-01 -2.732298450096938836e-01
1.308645618110777786e-01 -2.866845583301282363e-01
1.036481401485918330e-01 -2.977082722732788400e-01
7.551330873203343508e-02 -3.062055904766781689e-01
4.668749165596770834e-02 -3.120999895155387449e-01
1.740465096564317721e-02 -3.153345193307617866e-01
-1.209628018513657366e-02 -3.158724014142436642e-01
-4.157302602282517828e-02 -3.136975176998782477e-01
-7.078165304014052972e-02 -3.088147828433540076e-01
-9.947830505662941247e-02 -3.012503924253420728e-01
-1.274209811640956425e-01 -2.910519396019641269e-01
-1.543713481261597964e-01 -2.782883928720864541e-01
-1.800965776090411308e-01 -2.630499279487356623e-01
-2.043711974026869438e-01 -2.454476072241638107e-01
-2.269789445750095835e-01 -2.256129010136123658e-01
-2.477146073161511919e-01 -2.036970456564450860e-01
-2.663858411042723806e-01 -1.798702346457589363e-01
-2.828149437896670948e-01 -1.543206402452104997e-01
-2.968405732801351338e-01 -1.272532645266609974e-01
-3.083193907468139705e-01 -9.888862041201944286e-02
-3.171276116839831793e-01 -6.946124511078963226e-02
-3.231624467746287976e-01 -3.921805029066489923e-02
-3.263434143591561476e-01 -8.416515377601437378e-03
-3.266135063978558017e-01 2.267726747379900099e-02
-3.239401901752663182e-01 5.379068600008575507e-02
-3.183162290565070829e-01 8.464682484658048178e-02
-3.097603049121455676e-01 1.149667927234561682e-01
-2.983174277833398058e-01 1.444721414272686910e-01
-2.840591203865169834e-01 1.728873571566104939e-01
-2.670833644898994996e-01 1.999424036168931940e-01
-2.475142998642531345e-01 2.253752935198026774e-01
-2.255016684469681454e-01 2.489346638427880343e-01
-2.012199988937666828e-01 2.703823288919479095e-01
-1.748675294338394304e-01 2.894957841617940009e-01
-1.466648698614441693e-01 3.060706332374448779e-01
-1.168534065551970064e-01 3.199229095650601429e-01
-8.569345757706392508e-02 3.308912648468493312e-01
-5.346218812485709071e-02 3.388389961151866969e-01
-2.045129985072914602e-02 3.436558842185999385e-01
1.303548923233325413e-02 3.452598175175831674e-01
4.668515440101914798e-02 3.435981760415396935e-01
8.017824056560488022e-02 3.386489531950199749e-01
1.131918796071427064e-01 3.304215943111369902e-01
1.454029203900999434e-01 3.189575339159798073e-01
1.764911407787829734e-01 3.043304164674873191e-01
2.061425089385073572e-01 2.866459885373451311e-01
2.340524595009955133e-01 2.660416538814009968e-01
2.599291488534872241e-01 2.426856865541244801e-01
2.834966529036191951e-01 2.167761011225013967e-01
3.044980702032930586e-01 1.885391830770812571e-01
3.226984938512801881e-01 1.582276870636475374e-01
3.378878140391831653e-01 1.261187129033494170e-01
3.498833161251844182e-01 9.251127636195165260e-02
3.585320414099169017e-01 5.772359476340552242e-02
3.637128766428159299e-01 2.209010972160419667e-02
3.653383426907572673e-01 -1.404172516016553678e-02
3.633560551681748185e-01 -5.031486075774678490e-02
3.577498330623352096e-01 -8.636623897948182693e-02
3.485404350088503467e-01 -1.218305124507620962e-01
3.357859068421295556e-01 -1.563438579007883078e-01
3.195815283188905287e-01 -1.895478417850182673e-01
3.000593514404119588e-01 -2.210932951143516623e-01
2.773873275267272898e-01 -2.506441534063895693e-01
2.517680250652875595e-01 -2.778812171503588502e-01
2.234369453065189193e-01 -3.025057882039411394e-01
1.926604475455812038e-01 -3.242431381285129643e-01
1.597333009484557254e-01 -3.428457656229373374e-01
1.249758845856490663e-01 -3.580964019311072000e-01
8.873106196303214011e-02 -3.698107253632736402e-01
5.136076072267112269e-02 -3.778397488664179682e-01
1.324229226515319727e-02 -3.820718478776403693e-01
-2.523555023981215173e-02 -3.824343994625321597e-01
-6.367657369055931826e-02 -3.788950079366510404e-01
-1.016814021453053274e-01 -3.714622967449777158e-01
-1.388517822588624662e-01 -3.601862512781479619e-01
-1.747949290167686298e-01 -3.451581031225724461e-01
-2.091278603025812088e-01 -3.265097487331434789e-01
-2.414816703258443609e-01 -3.044127052601082184e-01
-2.715056933379560999e-01 -2.790766108152502034e-01
-2.988715061330279865e-01 -2.507472789813816050e-01
-3.232767213877569823e-01 -2.197043257556221540e-01
-3.444485253459601548e-01 -1.862583917113713461e-01
-3.621469158810258215e-01 -1.507479873082524513e-01
-3.761676000755280191e-01 -1.135359941369593201e-01
-3.863445141083002854e-01 -7.500585939091110321e-02
-3.925519323944022254e-01 -3.555752494696133581e-02
-3.947061375345835010e-01 4.396863944003071879e-03
-3.927666276434436110e-01 4.443742226030564235e-02
-3.867368429790628004e-01 8.414111048301969875e-02
-3.766643994259126216e-01 1.230863889949915246e-01
-3.626408222176147333e-01 1.608578877754882619e-01
-3.448007792535247584e-01 1.970510369338207834e-01
-3.233208193878087666e-01 2.312766036702940675e-01
-2.984176270748741255e-01 2.631650819744011938e-01
-2.703458106636993930e-01 2.923708827641997576e-01
-2.393952473694231642e-01 3.185762742242921330e-01
-2.058880134389707295e-01 3.414950247910126802e-01
-1.701749331967196133e-01 3.608757045320253320e-01
-1.326317854382384753e-01 3.765046045350864401e-01
-9.365520997165416306e-02 3.882082383111176704e-01
-5.365836031678387213e-02 3.958553950557808232e-01
-1.306635385439209630e-02 3.993587156652939063e-01
2.768842808132817787e-02 3.986757738667333073e-01
6.817113761930004845e-02 3.938096497914659322e-01
1.079492977017829508e-01 3.848089845928898134e-01
1.465976231734016644e-01 3.717675151380301912e-01
1.837027690663842194e-01 3.548230929707523740e-01
2.188679502761594342e-01 3.341561979674191329e-01
2.517173782511654134e-01 3.099879632148880848e-01
2.819004624267233416e-01 2.825777335578071314e-01
3.090957268896296628e-01 2.522201859115692502e-01
3.330143961336531344e-01 2.192420447467564593e-01
3.534036077142634902e-01 1.839984310525051014e-01
3.700492140839620192e-01 1.468688875172737551e-01
3.827781408309750555e-01 1.082531265694186562e-01
3.914602738911262536e-01 6.856655124704362503e-02
3.960098539874188917e-01 2.823560157459632791e-02
3.963863625018982373e-01 -1.230701882150280792e-02
3.925948891239283700e-01 -5.262717974987205644e-02
3.846859778699575627e-01 -9.229416835495031501e-02
3.727549543526111897e-01 -1.308854831152749254e-01
3.569407434117523037e-01 -1.679915218971824720e-01
3.374241923279261424e-01 -2.032201094370033323e-01
3.144259207421711277e-01 -2.362008117112676941e-01
2.882037240311536852e-01 -2.665889873838629409e-01
2.590495617072782752e-01 -2.940695311915830223e-01
2.272861684987630415e-01 -3.183602624418390148e-01
1.932633300413537369e-01 -3.392149235768056048e-01
1.573538663895285294e-01 -3.564257580691492788e-01
1.199493728553317207e-01 -3.698256354056013717e-01
8.145576910152879657e-02 -3.792897020718620782e-01
4.228870959096268228e-02 -3.847365418655407376e-01
2.868909850142539915e-03 -3.861288348541666582e-01
-3.638255631917200472e-02 -3.834735103815391510e-01
-7.504893355574987490e-02 -3.768213956300592860e-01
-1.127223811468519438e-01 -3.662663672916033342e-01
-1.490084356496582385e-01 -3.519440198087115945e-01
-1.835302888489470652e-01 -3.340298693473451319e-01
-2.159328325901803403e-01 -3.127371180814533802e-01
-2.458864252203857292e-01 -2.883140084415229398e-01
-2.730903380941171466e-01 -2.610408016425941891e-01
-2.972758448065435100e-01 -2.312264190062157665e-01
-3.182089204427457907e-01 -1.992047882762496280e-01
-3.356925231189800130e-01 -1.653309402582687770e-01
-3.495684353712448234e-01 -1.299769036520613263e-01
-3.597186484490207947e-01 -9.352744787003863802e-02
-3.660662782253606973e-01 -5.637572492303835614e-02
-3.685760071651668079e-01 -1.891886209946178760e-02
-3.672540525278304435e-01 1.844644283722101860e-02
-3.621476666454917503e-01 5.532827284650906896e-02
-3.533441804919935647e-01 9.134374102435570408e-02
-3.409696069348118197e-01 1.261230852246742751e-01
-3.251868269944575562e-01 1.593135657285782159e-01
-3.061933840672936835e-01 1.905831268296378500e-01
-2.842189169558113626e-01 2.196237781432323066e-01
-2.595222665409797069e-01 2.461546620182446243e-01
-2.323882941126387824e-01 2.699247760469138391e-01
-2.031244522484116910e-01 2.907153242437061080e-01
-1.720571514578297101e-01 3.083416752953632711e-01
-1.395279675649570283e-01 3.226549113063017504e-01
-1.058897359762605572e-01 3.335429556092024406e-01
-7.150257956516331559e-02 3.409312734122679767e-01
-3.672991690287706612e-02 3.447831442448561767e-01
-1.934496986660006260e-03 3.450995102758814270e-01
3.252549452101209659e-02 3.419184095504628762e-01
6.630021420124970755e-02 3.353140079586925393e-01
9.905178377034559722e-02 3.253952482587253447e-01
1.304577184311798976e-01 3.123041386717475554e-01
1.602141252271138683e-01 2.962137074009479343e-01
1.880386393825302926e-01 2.773256528582522251e-01
2.136730703797271591e-01 2.558677223753272889e-01
2.368857335564181210e-01 2.320908546997456634e-01
2.574734472540656793e-01 2.062661236106378970e-01
2.752631799454367534e-01 1.786815215150362457e-01
2.901133362600638588e-01 1.496386228979395827e-01
3.019146756110800967e-01 1.194491661567737284e-01
3.105908597342365574e-01 8.843159961542126912e-02
3.160986341136439171e-01 5.690762827244321559e-02
3.184276491966724354e-01 2.519879598340296623e-02
3.175999308897500817e-01 -6.376853975801066721e-03
3.136690155300519423e-01 -3.750800617914296781e-02
3.067187674269247766e-01 -6.789315489546170201e-02
2.968619003017338165e-01 -9.724350986204075009e-02
2.842382268342046880e-01 -1.252856982591168955e-01
2.690126630195570079e-01 -1.517642383355589097e-01
2.513730161320483214e-01 -1.764437635242588620e-01
2.315275867613466598e-01 -1.991109794339569472e-01
2.097026166290532068e-01 -2.195763397609174494e-01
1.861396147004748536e-01 -2.376754308776770908e-01
1.610925944843011326e-01 -2.532700585762469592e-01
1.348252553689270050e-01 -2.662490341203095356e-01
1.076081403931759550e-01 -2.765286603478220306e-01
7.971580201073592831e-02 -2.840529220174096703e-01
5.142400620620234813e-02 -2.887933878676894883e-01
2.300700378501917623e-02 -2.907488349206633349e-01
-5.265104177574627363e-03 -2.899446083752557635e-01
-3.312888184644321304e-02 -2.864317329762485209e-01
-6.032993254348133910e-02 -2.802857939834885737e-01
-8.662511103713312066e-02 -2.716056077876202735e-01
-1.117845568328665051e-01 -2.605117038082865322e-01
-1.355935345771177580e-01 -2.471446386759842684e-01
-1.578540667691806787e-01 -2.316631718709423748e-01
-1.783863534229377934e-01 -2.142423243201489191e-01
-1.970299728013983342e-01 -1.950713399881855992e-01
-2.136448572779967581e-01 -1.743515805580508893e-01
-2.281120447683815944e-01 -1.522943756297666651e-01
-2.403342076069238387e-01 -1.291188518680711217e-01
-2.502359631281296237e-01 -1.050497635898778315e-01
-2.577639724152838707e-01 -8.031534610643008276e-02
-2.628868356748941815e-01 -5.514521175325795554e-02
-2.655947944678990758e-01 -2.976830698415806192e-02
-2.658992525635656690e-01 -4.410947205807546484e-03
-2.638321284703017411e-01 2.070505577957308316e-02
-2.594450537344324959e-01 4.536416074153610395e-02
-2.528084318828261456e-01 6.935874734543395759e-02
-2.440103734217476394e-01 9.249064071976320633e-02
-2.331555226000797676e-01 1.145725030737864830e-01
-2.203637917113537292e-01 1.354290870444255779e-01
-2.057690185604941213e-01 1.548983472486258617e-01
-1.895175623754073724e-01 1.728324082159619912e-01
-1.717668529206473615e-01 1.890983884553797401e-01
-1.526839068926161835e-01 2.035790818521106549e-01
-1.324438248669301821e-01 2.161734988818794501e-01
-1.112282811536577515e-01 2.267972712590669015e-01
-8.922401792068218596e-02 2.353829245966687633e-01
-6.662135274577621336e-02 2.418800226494278172e-01
-4.361271312186934535e-02 2.462551940452703814e-01
-2.039120173818069828e-02 2.484920457493258739e-01
2.850801596066823099e-03 2.485909653241520356e-01
2.592299143460276289e-02 2.465688240817859589e-01
4.863843801496325198e-02 2.424585864982678474e-01
7.081483422662608607e-02 2.363088326447490839e-01
9.227568483877475469e-02 2.281832001660138998e-01
1.128514353016993876e-01 2.181597520275881663e-01
1.323805380278969546e-01 2.063302758763584377e-01
1.507104545362285553e-01 1.927995204372218996e-01
1.676985922030552745e-01 1.776843739203817218e-01
1.832131746092864610e-01 1.611129889608992893e-01
1.971340446059677287e-01 1.432238581737411420e-01
2.093533992505630659e-01 1.241648440024133299e-01
2.197764557012817643e-01 1.040921661844749768e-01
2.283220470099658062e-01 8.316934986798675544e-02
2.349231465396039997e-01 6.156613720232043119e-02
2.395273194666926175e-01 3.945736510529865293e-02
2.420970995290573635e-01 1.702181188421677746e-02
2.426102888650067124e-01 -5.558984534081610855e-03
2.410601784790244728e-01 -2.810193382722791719e-02
2.374556865819850704e-01 -5.042362273389505017e-02
2.318214118091352638e-01 -7.234156313765709168e-02
2.241975981351575775e-01 -9.367545469722396434e-02
2.146400066866065437e-01 -1.142484557694905672e-01
2.032196964693098185e-01 -1.338884615648355814e-01
1.900227059724081957e-01 -1.524293821686905637e-01
1.751496305465425340e-01 -1.697124092291419917e-01
1.587150978740287655e-01 -1.855872684983206067e-01
1.408471375274469584e-01 -1.999134488371005769e-01
1.216864430544863929e-01 -2.125613988231899176e-01
1.013855257745230332e-01 -2.234136814324337306e-01
8.010776035308685150e-02 -2.323660766592531290e-01
5.802632322748937921e-02 -2.393286214262502765e-01
3.532302608063114802e-02 -2.442265757259964032e-01
1.218704778748012744e-02 -2.470013036595280487e-01
-1.118643042592536857e-02 -2.476110579041090054e-01
-3.459768048640147337e-02 -2.460316561733025265e-01
-5.784396608287421110e-02 -2.422570384388235132e-01
-8.072115536505594657e-02 -2.362996940767165543e-01
-1.030253972568746373e-01 -2.281909486877534143e-01
-1.245548494769182502e-01 -2.179811011278610100e-01
-1.451114449777828330e-01 -2.057394022696654723e-01
-1.645026822159446622e-01 -1.915538681980025471e-01
-1.825434234709314429e-01 -1.755309219139174481e-01
-1.990576843738879054e-01 -1.577948591729619876e-01
-2.138803969067663013e-01 -1.384871358005309305e-01
-2.268591274184166839e-01 -1.177654756920734347e-01
-2.378557306948387018e-01 -9.580280069843936930e-02
-2.467479190345957807e-01 -7.278598708442404752e-02
-2.534307331371403182e-01 -4.891445063180687586e-02
-2.578178905796348341e-01 -2.439856871552535666e-02
-2.598429904027776405e-01 5.420464574083767124e-04
-2.594605617629695549e-01 2.568041515430398783e-02
-2.566469377679726493e-01 5.078418268634422861e-02
-2.514009389714246256e-01 7.561772083685236456e-02
-2.437443525591655169e-01 9.994431977547674206e-02
-2.337221950703467499e-01 1.235284502689319164e-01
-2.214027485432514819e-01 1.461380743666494397e-01
-2.068773622400356116e-01 1.675469813224850502e-01
-1.902600145625781003e-01 1.875371243400888455e-01
-1.716866323959875817e-01 2.059009328255515525e-01
-1.513141678763388898e-01 2.224435742191683829e-01
-1.293194354411883740e-01 2.369851391776640614e-01
-1.058977149490885061e-01 2.493627239040284993e-01
-8.126112960934157858e-02 2.594323837849171199e-01
-5.563681040575386982e-02 2.670709332014228887e-01
-2.926486158733566934e-02 2.721775674291967984e-01
-2.396144593551939161e-03 2.746752839346498498e-01
2.471009955909899553e-02 2.745120820966084896e-01
5.178876691881532240e-02 2.716619224235867769e-01
7.857152148879614773e-02 2.661254286771686517e-01
1.047895135677859718e-01 2.579303189285012676e-01
1.301761570085886166e-01 2.471315544397501007e-01
1.544699334008232394e-01 2.338111995063457127e-01
1.774171988703067415e-01 2.180779849036857676e-01
1.987749563991276502e-01 2.000665734790074701e-01
2.183135580370505202e-01 1.799365339794608831e-01
2.358193114904033050e-01 1.578710257081910040e-01
2.510969573164892332e-01 1.340752039619916569e-01
2.639719860801119644e-01 1.087743590446095948e-01
2.742927661128153338e-01 8.221180509298781081e-02
2.819324541947160201e-01 5.464653826446970453e-02
2.867906635390901626e-01 2.635068696503665292e-02
2.887948658814438185e-01 -2.393220292568924972e-03
2.879015072326315261e-01 -3.129514116878882868e-02
2.840968199196660104e-01 -6.006052934502149887e-02
2.773973168734983896e-01 -8.839343537169427889e-02
2.678499576912991564e-01 -1.159996643245816000e-01
2.555319797589672426e-01 -1.425899548528409555e-01
2.405503916218247606e-01 -1.678831434001049616e-01
2.230411297892267164e-01 -1.916092770170829684e-01
2.031678842016431119e-01 -2.135126382717146276e-01
1.811206016249053696e-01 -2.333546463062965981e-01
1.571136802133925592e-01 -2.509165990894342557e-01
1.313838723497476602e-01 -2.660022233573060002e-01
1.041879165719036548e-01 -2.784400006206375067e-01
7.579992288896485186e-02 -2.880852399120583662e-01
4.650853901831845244e-02 -2.948218706384895249e-01
1.661393027301232006e-02 -2.985639328869952869e-01
-1.357540116340695373e-02 -2.992567431919864185e-01
-4.374591680577458175e-02 -2.968777184001381020e-01
-7.358242103608321483e-02 -2.914368486214234943e-01
-1.027714876369425490e-01 -2.829768083755141439e-01
-1.310048920249829441e-01 -2.715727020567566541e-01
-1.579830095368801035e-01 -2.573314437620466966e-01
-1.834181402049637200e-01 -2.403907758959755447e-01
-2.070377210332816353e-01 -2.209179353178520877e-01
-2.285873878448434482e-01 -1.991079800699010471e-01
-2.478338503064553555e-01 -1.751817938700123978e-01
-2.645675457326541191e-01 -1.493837895121651049e-01
-2.786050397021788139e-01 -1.219793360414514888e-01
-2.897911443607504300e-01 -9.325193800970833780e-02
-2.980007284987354343e-01 -6.350019822680567916e-02
-3.031401970425169345e-01 -3.303459816047156494e-02
-3.051486214405380593e-01 -2.174132467633366119e-03
-3.039985065114254592e-01 2.875716396867199209e-02
-2.996961836014195302e-01 5.943375669640557635e-02
-2.922818243179027276e-01 8.953217930326812235e-02
-2.818290736095210858e-01 1.187345867905247876e-01
-2.684443054943949081e-01 1.467322535859408028e-01
-2.522655092389040066e-01 1.732289756355522847e-01
-2.334608182034783597e-01 1.979443370785962664e-01
-2.122266978427752027e-01 2.206168035607042610e-01
-1.887858159332501951e-01 2.410066069333448024e-01
-1.633846115008416866e-01 2.588983869774981739e-01
-1.362905960574394004e-01 2.741035579452318349e-01
-1.077894231800810981e-01 2.864623758132665010e-01
-7.818175252284809140e-02 2.958456809592010517e-01
-4.777994715195715836e-02 3.021562964676463015e-01
-1.690464243609572995e-02 3.053300662709024227e-01
1.411877380519448860e-02 3.053365216224154799e-01
4.496372920929413847e-02 3.021791688274377830e-01
7.530604166468100880e-02 2.958953956580614442e-01
1.048274598415292469e-01 2.865559984022391649e-01
1.332191288305094590e-01 2.742643359815988280e-01
1.601849412769846825e-01 2.591551219645434334e-01
1.854447358922255151e-01 2.413928695444766959e-01
2.087373071759144327e-01 2.211700085953091921e-01
2.298231925684386390e-01 1.987046977078713028e-01
2.484872060352054657e-01 1.742383576051184102e-01
2.645406902313759412e-01 1.480329554888333565e-01
2.778234628624404179e-01 1.203680726482871943e-01
2.882054365985201594e-01 9.153779002950217236e-02
2.955878958694453384e-01 6.184742839537706038e-02
2.999044180122356074e-01 3.161018118080354683e-02
3.011214305093893318e-01 1.143679147928666371e-03
2.992384003910005807e-01 -2.923347353397600865e-02
2.942876562213639913e-01 -5.920515212456858856e-02
2.863338501635920297e-01 -8.846111419934826747e-02
2.754730605273878474e-01 -1.167003144985427898e-01
2.618315536054947601e-01 -1.436340922700330425e-01
2.455642273936119446e-01 -1.689891987032264287e-01
2.268527491655830675e-01 -1.925106310772174423e-01
2.059034135168969493e-01 -2.139642430341743840e-01
1.829447477294247892e-01 -2.331391035766535724e-01
1.582248939692255940e-01 -2.498495806079268355e-01
1.320088001015554402e-01 -2.639371283085762965e-01
1.045752527693387529e-01 -2.752717613240666661e-01
7.621378781532950342e-02 -2.837532025781842604e-01
4.722151412179606544e-02 -2.893116954761312254e-01
1.789988748846277344e-02 -2.919084752679703132e-01
-1.144852873085213177e-02 -2.915358983572541862e-01
-4.052327985464006244e-02 -2.882172323109407630e-01
-6.902917735799948828e-02 -2.820061132062514075e-01
-9.667936319738101858e-02 -2.729856806911081235e-01
-1.231982481391590278e-01 -2.612674046928264437e-01
-1.483242932031590133e-01 -2.469896210436103579e-01
-1.718126056164307469e-01 -2.303157963634261396e-01
-1.934373232587902058e-01 -2.114325453174280556e-01
-2.129937644323071366e-01 -1.905474258170924695e-01
-2.303003228616130882e-01 -1.678865398371608697e-01
-2.452000910881110274e-01 -1.436919692549592509e-01
-2.575621988148321662e-01 -1.182190774703821418e-01
-2.672828592460949615e-01 -9.173370860924841275e-02
-2.742861079557558646e-01 -6.450931496792562669e-02
-2.785242371466986055e-01 -3.682404880414529014e-02
-2.799779324501149302e-01 -8.957848768578262691e-03
-2.786561071329795025e-01 1.881044829100315952e-02
-2.745954439259823965e-01 4.620593872559054099e-02
-2.678596548965408997e-01 7.296039728440613381e-02
-2.585384727177535424e-01 9.881490832837049043e-02
-2.467463893821549847e-01 1.235223571618034449e-01
-2.326211608513636675e-01 1.468497577364818174e-01
-2.163220982957336502e-01 1.685803953546320677e-01
-1.980281684427774302e-01 1.885157655569398016e-01
-1.779359271047136204e-01 2.064772930912107674e-01
-1.562573111838548023e-01 2.223078176790063698e-01
-1.332173153540785748e-01 2.358728361930962358e-01
-1.090515801862292494e-01 2.470614937897987196e-01
-8.400391872827901729e-02 2.557873194697937169e-01
-5.832380847497643794e-02 2.619887044325548420e-01
-3.226387527804135819e-02 2.656291244086247949e-01
-6.077395071976698232e-03 2.666971098681065744e-01
1.998416165913302622e-02 2.652059705830466241e-01
4.567351895025024283e-02 2.611932834387724056e-01
7.074989566550229925e-02 2.547201546207980560e-01
9.498119638697288813e-02 2.458702693290974739e-01
1.181460740238504115e-01 2.347487439733979275e-01
1.400358503880882732e-01 2.214807980073142668e-01
1.604562706320132592e-01 2.062102598695549627e-01
1.792290842547474838e-01 1.890979308395519531e-01
1.961934494422742370e-01 1.703198256820209477e-01
2.112071429633255448e-01 1.500653077182668715e-01
2.241475724999546226e-01 1.285351402281035560e-01
2.349125875363629601e-01 1.059394748461036512e-01
2.434210870570673313e-01 8.249579746141993963e-02
2.496134243519571028e-01 5.842685176138128628e-02
2.534516111701834440e-01 3.395855999152073978e-02
2.549193252886907124e-01 9.317959756667196572e-03
2.540217272488290434e-01 -1.526882522114839449e-02
2.507850935530422376e-01 -3.957856352112208709e-02
2.452562749931707919e-01 -6.339282791885698931e-02
2.375019899954900482e-01 -8.649982632226210777e-02
2.276079639111515951e-01 -1.086961386498553339e-01
2.156779260529818054e-01 -1.297883479432488940e-01
2.018324769820835918e-01 -1.495945554269562661e-01
1.862078390843851239e-01 -1.679457706611823531e-01
1.689545038544862932e-01 -1.846871693581497442e-01
1.502357895302652568e-01 -1.996792128325278470e-01
1.302263228068993861e-01 -2.127986244162229923e-01
1.091104583149202639e-01 -2.239392194736591901e-01
8.708064938654470899e-02 -2.330125868943410394e-01
6.433578337154967353e-02 -2.399486211057448581e-01
4.107949124948187536e-02 -2.446959060259243091e-01
1.751845300691535698e-02 -2.472219467380311342e-01
-6.139293892020442414e-03 -2.475132570974629687e-01
-2.968603920644490371e-02 -2.455753066965841447e-01
-5.291605750645648337e-02 -2.414323261405333099e-01
-7.562723112560397476e-02 -2.351269768241230906e-01
-9.762262874055228912e-02 -2.267198900171773779e-01
-1.187120304285642636e-01 -2.162890805624385071e-01
-1.387133906319267529e-01 -2.039292409214515933e-01
-1.574542310206633600e-01 -1.897509216779049712e-01
-1.747729557859046268e-01 -1.738796049336740479e-01
-1.905200824130096893e-01 -1.564546773194898099e-01
-2.045593814746087813e-01 -1.376283095989422611e-01
-2.167689194495466820e-01 -1.175642500803941309e-01
-2.270419990162849955e-01 -9.643653927474865606e-02
-2.352879916922128167e-01 -7.442815345551975770e-02
-2.414330580984411778e-01 -5.172958499792949111e-02
-2.454207515291026709e-01 -2.853736760121181049e-02
-2.472125009019874864e-01 -5.052554736959320725e-03
-2.467879695712866528e-01 1.852084008129892267e-02
-2.441452869014963944e-01 4.197743234518586108e-02
-2.393011499425695132e-01 6.511207577247948852e-02
-2.322907930184955616e-01 8.772148226743047006e-02
-2.231678235525793585e-01 1.096058428869753354e-01
-2.120039230100733973e-01 1.305704397794940907e-01
-1.988884094782607803e-01 1.504272407499088193e-01
-1.839276701335345598e-01 1.689964585043827461e-01
-1.672444609740483812e-01 1.861080710070456001e-01
-1.489770677063038118e-01 2.016032940640308802e-01
-1.292783389586948661e-01 2.153359881878414428e-01
-1.083145928159946758e-01 2.271739909657996270e-01
-8.626440111612992956e-02 2.370003635355841520e-01
-6.331725698592245710e-02 2.447145398179572107e-01
-3.967213217450720614e-02 2.502333673006101322e-01
-1.553593186231792128e-02 2.534920284188246220e-01
8.878144231618029583e-03 2.544448319485758114e-01
3.335232446413623209e-02 2.530658643246776474e-01
5.766606046964387750e-02 2.493494914278835128e-01
8.159788267911155524e-02 2.433107021559259564e-01
1.049273027876730241e-01 2.349852860076430128e-01
1.274367487588423387e-01 2.244298379676083199e-01
1.489135169846955153e-01 2.117215851796259707e-01
1.691517253469447812e-01 1.969580312370189934e-01
1.879542501631936702e-01 1.802564153891260956e-01
2.051346293749574112e-01 1.617529855573905384e-01
2.205189138576415520e-01 1.416020857587609871e-01
2.339474484248296737e-01 1.199750603340639793e-01
2.452765639756813165e-01 9.705897925727254016e-02
2.543801623088516872e-01 7.305519073855781809e-02
2.611511754108079564e-01 4.817770930787537709e-02
2.655028789680794477e-01 2.265144693280951235e-02
2.673700497111961005e-01 -3.289691589573756972e-03
2.667099486037098344e-01 -2.940484295141157153e-02
2.635031077109048492e-01 -5.544833726003844943e-02
2.577539145875983317e-01 -8.117194127800897441e-02
2.494909804852850077e-01 -1.063271767043646732e-01
2.387672824474732503e-01 -1.306676926006364592e-01
2.256600713984419915e-01 -1.539516697351618335e-01
2.102705405452313381e-01 -1.759442334909180894e-01
1.927232507849742371e-01 -1.964198510789748331e-01
1.731653123161299157e-01 -2.151646881434340630e-01
1.517653242662898583e-01 -2.319788994533880655e-01
1.287120768419030559e-01 -2.466788282690698386e-01
1.042130232451418670e-01 -2.590990891557907183e-01
7.849253135695484496e-02 -2.690945095096494155e-01
5.178992791840486554e-02 -2.765419058586877088e-01
2.435735061897223094e-02 -2.813416721134139875e-01
-3.542573915624617608e-03 -2.834191583584539376e-01
-3.163920578858173127e-02 -2.827258204952141640e-01
-5.965649841229023892e-02 -2.792401230522307820e-01
-8.731571117481523592e-02 -2.729681797593384585e-01
-1.143382015048631795e-01 -2.639441190137665760e-01
-1.404482680519937021e-01 -2.522301641264966809e-01
-1.653760153948763689e-01 -2.379164211976356746e-01
-1.888602097032645588e-01 -2.211203705985610724e-01
-2.106510921630511124e-01 -2.019860581801495858e-01
-2.305131231941622838e-01 -1.806829991474314667e-01
-2.482276257701016842e-01 -1.574047922433476632e-01
-2.635952904426139276e-01 -1.323674483476943997e-01
-2.764385172469847607e-01 -1.058074562937383195e-01
-2.866035643275241518e-01 -7.797959860362460582e-02
-2.939624759586036418e-01 -4.915453653450981703e-02
-2.984147645993501796e-01 -1.961618688178454195e-02
-2.998888239316150339e-01 1.034108416146048946e-02
-2.983430524699668407e-01 4.041542217901306078e-02
-2.937666702732090740e-01 7.030057050041271793e-02
-2.861802144987861118e-01 9.968904871027226000e-02
-2.756357029896803756e-01 1.282753897780604668e-01
-2.622164587294743554e-01 1.557594005982721741e-01
-2.460365918032325627e-01 1.818494098405992743e-01
-2.272401394149738130e-01 2.062654665381275787e-01
-2.059998684896852394e-01 2.287424528025337467e-01
-1.825157493802838093e-01 2.490330744571689903e-01
-1.570131131578183237e-01 2.669106942245931258e-01
-1.297405088362562631e-01 2.821719733916359663e-01
-1.009672806214064189e-01 2.946392895936840173e-01
-7.098088882782810360e-02 3.041629004961188265e-01
-4.008400143050373787e-02 3.106228256845167124e-01
-8.591386264432319259e-03 3.139304219807106944e-01
2.317336338713646415e-02 3.140296306482824873e-01
5.488123344421778210e-02 3.108978750803306212e-01
8.620128910222214780e-02 3.045466057377100855e-01
1.168042331554879215e-01 2.950214740497933974e-01
1.463659777138726914e-01 2.824021228880506107e-01
1.745711920136972517e-01 2.668016027436860838e-01
2.011167852834598035e-01 2.483654128135336647e-01
2.257152844343258968e-01 2.272701742355877075e-01
2.480980671623532197e-01 2.037219470972126134e-01
2.680184123511850092e-01 1.779542071266904391e-01
2.852543314394091478e-01 1.502255021178206529e-01
2.996111466485952279e-01 1.208168120746811874e-01
3.109237846328040678e-01 9.002864074832880870e-02
3.190587571789464394e-01 5.817786962089430136e-02
3.239158040251282067e-01 2.559440843036528065e-02
3.254291766314018619e-01 -7.382321019435519882e-03
3.235685457899368789e-01 -4.040702879073670289e-02
3.183395202513025768e-01 -7.313228773799666793e-02
3.097837680187143783e-01 -1.052123093853942620e-01
2.979787365683689848e-01 -1.363067219159388166e-01
2.830369729349855867e-01 -1.660843071476960642e-01
2.651050492996806507e-01 -1.942266536064543025e-01
2.443621043740452636e-01 -2.204316835567685651e-01
2.210180154317269996e-01 -2.444170131182211991e-01
1.953112202398274710e-01 -2.659231063578568199e-01
1.675062123316585216e-01 -2.847161864935670028e-01
1.378907375202701735e-01 -3.005908665319408368e-01
1.067727226035199428e-01 -3.133724791655604913e-01
7.447696748138626921e-02 -3.229190708898632689e-01
4.134164136935703643e-02 -3.291230294877025564e-01
7.714621731974931687e-03 -3.319123361517119508e-01
-2.605028288410270523e-02 -3.312514235451532452e-01
-5.959718324550471874e-02 -3.271416292268411463e-01
-9.257198925143388102e-02 -3.196212385841142312e-01
-1.246262749652594648e-01 -3.087651162135836569e-01
-1.554210847709997234e-01 -2.946839295032819828e-01
-1.846306372215047731e-01 -2.775229729423577818e-01
-2.119458843215757948e-01 -2.574606063565860747e-01
-2.370778856733773976e-01 -2.347063247819483056e-01
-2.597609590823705683e-01 -2.094984819886669125e-01
-2.797555718524843971e-01 -1.821016937013814341e-01
-2.968509400564289247e-01 -1.528039502781110837e-01
-3.108673065126087431e-01 -1.219134719658176436e-01
-3.216578719908669282e-01 -8.975534280300168088e-02
-3.291103582577832865e-01 -5.666796175425733995e-02
-3.331481859073656682e-01 -2.299935170815456745e-02
-3.337312544505728340e-01 1.089663147568994614e-02
-3.308563168008195610e-01 4.466414663954068609e-02
-3.245569450345295315e-01 7.794922796530670550e-02
-3.149030890672403493e-01 1.104036148226499592e-01
-3.020002346080608580e-01 1.416885075963880691e-01
-2.859881712451444180e-01 1.714782038834105626e-01
-2.670393880833806244e-01 1.994635846905450371e-01
-2.453571124393698344e-01 2.253554054413191565e-01
-2.211730174424765272e-01 2.488873481826378298e-01
-1.947446271276442875e-01 2.698188120771843335e-01
-1.663524489214270319e-01 2.879374088309384905e-01
-1.362968672630797684e-01 3.030611366040274479e-01
-1.048948346415174426e-01 3.150402098360978176e-01
-7.247639841809928873e-02 3.237585265398674195e-01
-3.938110342256301299e-02 3.291347589260154027e-01
-5.954311439217057147e-03 3.311230576647439250e-01
2.745652066678693284e-02 3.297133646086110592e-01
6.050556230076023501e-02 3.249313333415909666e-01
9.285228844945372928e-02 3.168378614250108027e-01
1.241650762856970069e-01 3.055282426273292495e-01
1.541246797245086897e-01 2.911309516986274604e-01
1.824275443628776139e-01 2.738060783315511282e-01
2.087889274335836542e-01 2.537434307906639708e-01
2.329457899935487575e-01 2.311603332477387696e-01
2.546594315128897223e-01 2.062991440915694086e-01
2.737178402916684017e-01 1.794245253521835060e-01
2.899377366634453557e-01 1.508204958606378376e-01
3.031662897014436031e-01 1.207873028319986219e-01
3.132824920755714060e-01 8.963814819134958978e-02
3.201981817663570040e-01 5.769580714721289638e-02
3.238587027681149033e-01 2.528918045521481167e-02
3.242432053731152952e-01 -7.250190525318929956e-03
3.213645820480999782e-01 -3.959160217986715941e-02
3.152690448303328008e-01 -7.140861530204969942e-02
3.060353561858529803e-01 -1.023824030614033376e-01
2.937737247886614833e-01 -1.322049821112127599e-01
2.786243826115195610e-01 -1.605822934949666103e-01
2.607558630080681339e-01 -1.872371022080122072e-01
2.403630024683372501e-01 -2.119116867892640033e-01
2.176646914148322454e-01 -2.343702931196816053e-01
1.929014017483129673e-01 -2.544013296501192456e-01
1.663325208300834857e-01 -2.718192845292925486e-01
1.382335231850913559e-01 -2.864663485095570450e-01
1.088930124165920638e-01 -2.982137310294843413e-01
7.860966663294964574e-02 -3.069626604629654976e-01
4.768912109985658926e-02 -3.126450631400548019e-01
1.644082185145082781e-02 -3.152239193410684148e-01
-1.482511636908100464e-02 -3.146932979999846891e-01
-4.580101520074542076e-02 -3.110780752852631004e-01
-7.618466923175928884e-02 -3.044333455174754732e-01
-1.056822838972480971e-01 -2.948435359981554371e-01
-1.340112862760426959e-01 -2.824212402307447189e-01
-1.609029823421034566e-01 -2.673057866837955654e-01
-1.861050364552631897e-01 -2.496615626538491728e-01
-2.093837513135259065e-01 -2.296761149099401100e-01
-2.305261280127391399e-01 -2.075580535789119385e-01
-2.493416947361144498e-01 -1.835347758916517358e-01
-2.656640847431315233e-01 -1.578500404108590938e-01
-2.793523525405617325e-01 -1.307614260175973542e-01
-2.902920247730006453e-01 -1.025376945453597977e-01
-2.983958792348894717e-01 -7.345608755676769075e-02
-3.036044500969902193e-01 -4.379958506143876579e-02
-3.058862602516099760e-01 -1.385415360323018555e-02
-3.052377843876004082e-01 1.609398950531110151e-02
-3.016831489809890243e-01 4.576106993523814531e-02
-2.952735778056058691e-01 7.486838336617207545e-02
-2.860865938088744120e-01 1.031448324387257282e-01
-2.742249902429497177e-01 1.303293518497334880e-01
-2.598155857758723264e-01 1.561732015315268896e-01
-2.430077799200747735e-01 1.804421097204048086e-01
-2.239719264985813307e-01 2.029182496936542679e-01
-2.028975440181239875e-01 2.234020360112400627e-01
-1.799913827320092086e-01 2.417137282102688189e-01
-1.554753688558963010e-01 2.576948320409912507e-01
-1.295844468516403614e-01 2.712092904770302959e-01
-1.025643409256767891e-01 2.821444588557809885e-01
-7.466925690920510339e-02 2.904118605853239776e-01
-4.615954550994588734e-02 2.959477218715579894e-01
-1.729934756360940185e-02 2.987132858555875403e-01
1.164575861695252464e-02 2.986949083910623304e-01
4.041108675677677897e-02 2.959039420941488863e-01
6.873513652991557199e-02 2.903764068798993514e-01
9.636182791670386272e-02 2.821724573770398314e-01
1.230426577752623124e-01 2.713756625241622866e-01
1.485387686316219369e-01 2.580920991434029754e-01
1.726229131687019303e-01 2.424492724208650862e-01
1.950813012824219872e-01 2.245948749005495237e-01
2.157153178231555057e-01 2.046953963960972400e-01
2.343431004068728396e-01 1.829345978924203919e-01
2.508009679498179323e-01 1.595118630535110604e-01
2.649446918421433650e-01 1.346404413807453515e-01
2.766506029199809480e-01 1.085455973861501333e-01
2.858165286140967321e-01 8.146268036629923659e-02
2.923625558404387426e-01 5.363512949403786284e-02
2.962316163491291454e-01 2.531242899645666511e-02
2.973898923610482914e-01 -3.251971832382153857e-03
2.958270413938769439e-01 -3.180275911779372605e-02
2.915562402125407848e-01 -6.008486086039534213e-02
2.846140488338689822e-01 -8.784554501591916587e-02
2.750600964744383536e-01 -1.148364950780014077e-01
2.629765922573525372e-01 -1.408158493037728054e-01
2.484676643920149253e-01 -1.655501900150327943e-01
2.316585324150755576e-01 -1.888164697305626527e-01
2.126945179350351600e-01 -2.104038612366620209e-01
1.917399001617017540e-01 -2.301155190835640907e-01
1.689766253813509422e-01 -2.477702427619249415e-01
1.446028710166427367e-01 -2.632040237083609346e-01
1.188314797547121854e-01 -2.762714671811695721e-01
9.188827604827902451e-02 -2.868470848858332145e-01
6.401026855883870659e-02 -2.948264415249516879e-01
3.544375220547755362e-02 -3.001271476668828098e-01
6.442321752053931268e-03 -3.026896901603737811e-01
-2.273519035831358254e-02 -3.024780920709235765e-01
-5.182683845429766900e-02 -2.994803949344786442e-01
-8.056973617266871557e-02 -2.937089570207332967e-01
-1.087022621800534800e-01 -2.852005622763893466e-01
-1.359662835243202750e-01 -2.740163356817968410e-01
-1.621093804583242093e-01 -2.602414619047235256e-01
-1.868870560440056561e-01 -2.439847053733656956e-01
-2.100649133897384557e-01 -2.253777312161574786e-01
-2.314207830118920894e-01 -2.045742279256532459e-01
-2.507467825566362940e-01 -1.817488340928892498e-01
-2.678512909839297906e-01 -1.570958731202233005e-01
-2.825608193159503401e-01 -1.308279014455617506e-01
-2.947217601998965431e-01 -1.031740774877868277e-01
-3.042019988421073018e-01 -7.437836023860862344e-02
-3.108923683475700028e-01 -4.469754816442490092e-02
-3.147079331552366521e-01 -1.439917082555817497e-02
-3.155890851024198418e-01 1.624075264983871475e-02
-3.135024376859604778e-01 4.694007240472395509e-02
-3.084415078025144474e-01 7.741296848249930307e-02
-3.004271647769166109e-01 1.073724894522010836e-01
-2.895078436192517479e-01 1.365331494684301761e-01
-2.757595181337917922e-01 1.646135679107102456e-01
-2.592854194706831761e-01 1.913391232135626119e-01
-2.402154987198643621e-01 2.164445982646040767e-01
-2.187056315819710106e-01 2.396767925901673868e-01
-1.949365655699432653e-01 2.607970759677787354e-01
-1.691126127229819753e-01 2.795838577642268952e-01
-1.414600934271430521e-01 2.958349462144677644e-01
-1.122255396073451594e-01 3.093697720452190936e-01
-8.167366825468996838e-02 3.200314513199086219e-01
-5.008513894955153589e-02 3.276886631474855704e-01
-1.775411170205613148e-02 3.322373189618168521e-01
1.501437597670723934e-02 3.336020014424488367e-01
4.790719137193807237e-02 3.317371528089749777e-01
8.060602448190620772e-02 3.266279941734301917e-01
1.127904156314165074e-01 3.182911598671918085e-01
1.441408648935200432e-01 3.067750331556452492e-01
1.743419937066122971e-01 2.921597724959924536e-01
2.030857276218367979e-01 2.745570204575661366e-01
2.300744679643991208e-01 2.541092905823895687e-01
2.550242193678566860e-01 2.309890307853382230e-01
2.776676396652494883e-01 2.053973653435312297e-01
2.977569785138648450e-01 1.775625210658726694e-01
3.150668742855582405e-01 1.477379454213590404e-01
3.293969671925593978e-01 1.162001323527925289e-01
3.405743042765438378e-01 8.324617270890048715e-02
3.484555113396345383e-01 4.919104407943144380e-02
3.529286944287175487e-01 1.436466687730936567e-02
3.539150479424854612e-01 -2.089124769964604070e-02
3.513701459210977762e-01 -5.622652848486700550e-02
3.452848960333322337e-01 -9.128602188488427194e-02
3.356861390512776433e-01 -1.257131816860344586e-01
3.226368801668251240e-01 -1.591537345959495309e-01
3.062361423216093947e-01 -1.912593832951402784e-01
2.866184357524603210e-01 -2.216915074853286205e-01
2.639528421537755687e-01 -2.501248225653919799e-01
2.384417161790490791e-01 -2.762509551648776873e-01
2.103190113957607577e-01 -2.997818948357139912e-01
1.798482422184134177e-01 -3.204532817559967994e-01
1.473200977195548156e-01 -3.380274913405852399e-01
1.130497275031440707e-01 -3.522964781805252854e-01
7.737372396344673053e-02 -3.630843437395394613e-01
4.064682919118550730e-02 -3.702495947070965077e-01
3.238398473684346926e-03 -3.736870618236973751e-01
-3.447134428395536715e-02 -3.733294523285842215e-01
-7.209522086237510341e-02 -3.691485129006924493e-01
-1.092431417725915899e-01 -3.611557840322705548e-01
-1.455262348674091211e-01 -3.494029311478250022e-01
-1.805610177830796470e-01 -3.339816416956515877e-01
-2.139735582390455970e-01 -3.150230837242306570e-01
-2.454035823938063021e-01 -2.926969279385011613e-01
-2.745084906354533505e-01 -2.672099343204469846e-01
-3.009672245267841495e-01 -2.388041147285639987e-01
-3.244839426325332732e-01 -2.077544864567595906e-01
-3.447914612692467573e-01 -1.743664367064785836e-01
-3.616544183177615168e-01 -1.389727227296981837e-01
-3.748721208715593001e-01 -1.019301369806077107e-01
-3.842810406371901522e-01 -6.361587091001814909e-02
-3.897569246243378638e-01 -2.442361499119890395e-02
-3.912164927251637891e-01 1.524056387519803248e-02
-3.886186982413314950e-01 5.496252331605316205e-02
-3.819655322228872052e-01 9.432447791647660673e-02
-3.713023575811214561e-01 1.329095141489101406e-01
-3.567177642683302397e-01 1.703061372926004402e-01
-3.383429423179482587e-01 2.061127988936576616e-01
-3.163505751427588830e-01 2.399423529821164136e-01
-2.909532611285715609e-01 2.714263895481024980e-01
-2.624014771663924495e-01 3.002193946881192010e-01
-2.309811032677957232e-01 3.260026883604431602e-01
-1.970105327365838377e-01 3.484880928235423725e-01
-1.608373974569886344e-01 3.674212875533053868e-01
-1.228349426390441534e-01 3.825848097159980643e-01
-8.339808977305344928e-02 3.938006630791392459e-01
-4.293922729709031411e-02 4.009325026006204107e-01
-1.883784968291114283e-03 4.038873649101624719e-01
3.933436508406483456e-02 4.026169255286419224e-01
8.027763601078341527e-02 3.971182631311014899e-01
1.205095193331590792e-01 3.874341180030555498e-01
1.595993920207309791e-01 3.736526394006279839e-01
1.971272824467674711e-01 3.559066217212902283e-01
2.326885402542628878e-01 3.343722354058411561e-01
2.658983559721290191e-01 3.092672644733058807e-01
2.963960776869933866e-01 2.808488684642964084e-01
3.238492741864931190e-01 2.494108922615916046e-01
3.479574967227981319e-01 2.152807526976553698e-01
3.684556948699014289e-01 1.788159359786731240e-01
3.851172458268482535e-01 1.404001446883356152e-01
3.977565609061923801e-01 1.004391374214856497e-01
4.062312377905254457e-01 5.935630788270185310e-02
4.104437323818390659e-01 1.758805351889354551e-02
4.103425296453691584e-01 -2.442101360420827899e-02
4.059227986935393107e-01 -6.622295895901930685e-02
3.972265233951507435e-01 -1.073714646661725197e-01
3.843421059558020381e-01 -1.474267587934370571e-01
3.674034471216768294e-01 -1.859604780794052448e-01
3.465885128335281506e-01 -2.225604080037074939e-01
3.221174032243652174e-01 -2.568350454899072099e-01
2.942499457376844263e-01 -2.884179315544262989e-01
2.632828366953126609e-01 -3.169717047414590816e-01
2.295463729397545505e-01 -3.421918245990145380e-01
1.934008061359478170e-01 -3.638099275066790650e-01
1.552323545879007727e-01 -3.815967760077558224e-01
1.154489277745249787e-01 -3.953647646112075642e-01
7.447561019397273829e-02 -4.049699550702898221e-01
3.274995670956234312e-02 -4.103136181997851795e-01
-9.282846252132969864e-03 -4.113432651326849321e-01
-5.117489780195941945e-02 -4.080531569546179127e-01
-9.248052131663951625e-02 -4.004842878152657382e-01
-1.327611679876850304e-01 -3.887238428239382926e-01
-1.715902289329096497e-01 -3.729041382144528960e-01
-2.085577008395107512e-01 -3.532010573360728767e-01
-2.432746519948346120e-01 -3.298320019176416151e-01
-2.753774380830218971e-01 -3.030533836888486543e-01
-3.045316202493953961e-01 -2.731576867568681344e-01
-3.304355416188016203e-01 -2.404701360638425989e-01
-3.528235226513027345e-01 -2.053450117314273293e-01
-3.714686403744531518e-01 -1.681616530793554332e-01
-3.861850615861259772e-01 -1.293201995388135184e-01
-3.968299055109222317e-01 -8.923711852858984273e-02
-4.033046170481422443e-01 -4.834057259037179838e-02
-4.055558375986219044e-01 -7.065679665178331743e-03
-4.035757664279239210e-01 3.415027868003836509e-02
-3.974020115397617348e-01 7.487264600537624215e-02
-3.871169323165105647e-01 1.146741236180575108e-01
-3.728464922630674305e-01 1.531393875201608190e-01
-3.547586349031147668e-01 1.898695439304297627e-01
-3.330611979547966062e-01 2.244863752214961705e-01
-3.079994008791546722e-01 2.566363242143313017e-01
-2.798529354706857930e-01 2.859941756351075948e-01
-2.489326958212635665e-01 3.122663953419062555e-01
-2.155771878732051228e-01 3.351940922771126097e-01
-1.801486621417387468e-01 3.545555728290375463e-01
-1.430290159950618756e-01 3.701684623310661504e-01
-1.046155141025633117e-01 3.818913737228293304e-01
-6.531637727735348231e-02 3.896251088773421967e-01
-2.554629093471594975e-02 3.933133836909712411e-01
1.427811524178885030e-02 3.929430736690353587e-01
5.374276508726889834e-02 3.885439823485995481e-01
9.244056072048001393e-02 3.801881404125675434e-01
1.299756852695741205e-01 3.679886486985620708e-01
1.659677365668369708e-01 3.520980834282716465e-01
2.000556473812129532e-01 3.327064868176406454e-01
2.319013508140325419e-01 3.100389707196819500e-01
2.611931529911672434e-01 2.843529650491360417e-01
2.876487790938556111e-01 2.559351463967986517e-01
3.110180630262848744e-01 2.250980854224695626e-01
3.310852555626698224e-01 1.921766542872196115e-01
3.476709305892400348e-01 1.575242375231133418e-01
3.606334717982857541e-01 1.215087892390249308e-01
3.698701351345068389e-01 8.450878997990370067e-02
3.753176797647332363e-01 4.690914308390234377e-02
3.769525611097028217e-01 9.097053962647575279e-03
3.747906968637816916e-01 -2.854205514411855757e-02
3.688868138103185701e-01 -6.562855292514278849e-02
3.593333895390270483e-01 -1.017924864237904903e-01
3.462592075248375756e-01 -1.366773074554266110e-01
3.298275480746624133e-01 -1.699433999398560213e-01
3.102340413458153368e-01 -2.012713730720055438e-01
2.877042119491647898e-01 -2.303650886050838675e-01
2.624907475390815814e-01 -2.569543941739959036e-01
2.348705262345926192e-01 -2.807975384907940852e-01
2.051414396919887251e-01 -3.016832483443178115e-01
1.736190501450911583e-01 -3.194324515775014417e-01
1.406331207386160576e-01 -3.338996345421950673e-01
1.065240590022563244e-01 -3.449738268870761737e-01
7.163931335424875146e-02 -3.525792108646426115e-01
3.632976209543083146e-02 -3.566753565954370875e-01
9.461334760653971080e-04 -3.572570888509958298e-01
-3.416450588863109011e-02 -3.543539948640491155e-01
-6.866215868395739164e-02 -3.480295864013124851e-01
-1.022171671440731677e-01 -3.383801328010507259e-01
-1.345133147871903911e-01 -3.255331848492479807e-01
-1.652507312336891632e-01 -3.096458122144163383e-01
-1.941485730049905545e-01 -2.909025772135089283e-01
-2.209474618330562190e-01 -2.695132803943284805e-01
-2.454116610770762097e-01 -2.457105003351170436e-01
-2.673309693941108289e-01 -2.197469539957659368e-01
-2.865223239942266686e-01 -1.918927168154667129e-01
-3.028311037740787359e-01 -1.624323317580334824e-01
-3.161321271582295256e-01 -1.316618394231168498e-01
-3.263303428808756457e-01 -9.988576114165875763e-02
-3.333612152372205095e-01 -6.741406641768631081e-02
-3.371908084867316635e-01 -3.455915518711372841e-02
-3.378155780665832997e-01 -1.632884162550021431e-03
-3.352618790431169948e-01 3.105633495065010172e-02
-3.295852047666153473e-01 6.320633931686213403e-02
-3.208691709788400459e-01 9.452389681423481460e-02
-3.092242626368209013e-01 1.247272439003275918e-01
-2.947863624480227540e-01 1.535484598245409893e-01
-2.777150815534866202e-01 1.807356599099440297e-01
-2.581919139435603361e-01 2.060549931009460767e-01
-2.364182370463853156e-01 2.292924314884366432e-01
-2.126131814975726619e-01 2.502553420466223644e-01
-1.870113933894427538e-01 2.687738333136082680e-01
-1.598607123224015936e-01 2.847018721906855454e-01
-1.314197883551914969e-01 2.979181683956983462e-01
-1.019556604934190036e-01 3.083268263589679092e-01
-7.174131868777931798e-02 3.158577664743620339e-01
-4.105327155223514879e-02 3.204669169248152150e-01
-1.016913779824684706e-02 3.221361903696023377e-01
2.063472063199858070e-02 3.208732463434262883e-01
5.108550182226209713e-02 3.167110431987307795e-01
8.091618998265681650e-02 3.097071980537975389e-01
1.098676890205684542e-01 2.999431630634455392e-01
1.376908501536910079e-01 2.875232300760113269e-01
1.641483816120379857e-01 2.725733764612318644e-01
1.890166299453073795e-01 2.552399654425490660e-01
2.120872238964975898e-01 2.356883146544977992e-01
2.331685732051746174e-01 2.141011468835448683e-01
2.520872160496906433e-01 1.906769370530605190e-01
2.686890101149758681e-01 1.656281694953535000e-01
2.828401634719736601e-01 1.391795194321253926e-01
2.944281025698113341e-01 1.115659723760181743e-01
3.033621756685755955e-01 8.303089488695174214e-02
3.095741909778854661e-01 5.382406978417755838e-02
3.130187896156830241e-01 2.419970854421680737e-02
3.136736542664544936e-01 -5.585546779107562580e-03
3.115395551042603461e-01 -3.527462018007703620e-02
3.066402351611373645e-01 -6.461198534118386960e-02
2.990221378748632586e-01 -9.334562514699856761e-02
2.887539800521778388e-01 -1.212289563008696336e-01
2.759261739456597695e-01 -1.480227086180911922e-01
2.606501025764160206e-01 -1.734967488849205319e-01
2.430572534350025071e-01 -1.974318366337737551e-01
2.232982150481788719e-01 -2.196213110840942451e-01
2.015415396519112667e-01 -2.398726937196814790e-01
1.779724810477730790e-01 -2.580091917020960746e-01
1.527916127611347319e-01 -2.738711019495362886e-01
1.262133332346107584e-01 -2.873171042721882618e-01
9.846426537473240703e-02 -2.982254350458378167e-01
6.978155834795983503e-02 -3.064949331305093505e-01
4.041110014432461317e-02 -3.120459499978392448e-01
1.060565009226957858e-02 -3.148211163328098472e-01
-1.937709878668575358e-02 -3.147859577354238381e-01
-4.927651695571527712e-02 -3.119293525786831500e-01
-7.883108368010179057e-02 -3.062638255929443498e-01
-1.077804683109048062e-01 -2.978256713544137901e-01
-1.358676345778568328e-01 -2.866749025668613449e-01
-1.628409541622668488e-01 -2.728950188484784989e-01
-1.884563150760915351e-01 -2.565925926760174725e-01
-2.124792096738383762e-01 -2.378966701994457422e-01
-2.346867864881979626e-01 -2.169579858232841552e-01
-2.548698495275672493e-01 -1.939479907537668690e-01
-2.728347882235282462e-01 -1.690576971292889752e-01
-2.884054208883887749e-01 -1.424963408776520890e-01
-3.014247343560305659e-01 -1.144898680667394281e-01
-3.117565024515437933e-01 -8.527925122187896001e-02
-3.192867660830470133e-01 -5.511864385684879519e-02
-3.239251581594862484e-01 -2.427338623556486719e-02
-3.256060581337979487e-01 6.982134673638927709e-03
-3.242895573163656620e-01 3.836675145261449205e-02
-3.199622226019027682e-01 6.959488678684370988e-02
-3.126376456319166497e-01 1.003790199675306249e-01
-3.023567648440916300e-01 1.304322273796041098e-01
-2.891879500780519252e-01 1.594707763168824732e-01
-2.732268412646574052e-01 1.872167500124289896e-01
-2.545959347866909583e-01 2.134006804846087513e-01
-2.334439133477486661e-01 2.377641647055385166e-01
-2.099447176047239683e-01 2.600624387251699310e-01
-1.842963603852295906e-01 2.800668837559633917e-01
-1.567194869988416395e-01 2.975674378624473815e-01
-1.274556879312186974e-01 3.123748868265401324e-01
-9.676557305105276674e-02 3.243230079896884388e-01
-6.492661932706411676e-02 3.332705414193283810e-01
-3.223080690940081927e-02 3.391029636185319274e-01
1.017938761202627322e-03 3.417340401982771891e-01
3.450647843140688259e-02 3.411071354612807971e-01
6.791534112037793391e-02 3.371962586997311329e-01
1.009217314034206031e-01 3.300068291766396489e-01
1.332026342620307724e-01 3.195761442270987351e-01
1.644379878873097334e-01 3.059735376618287761e-01
1.943138931207959441e-01 2.893002186566298040e-01
2.225258268249266647e-01 2.696887845388080684e-01
2.487818249413713267e-01 2.473024073397507849e-01
2.728056036392749184e-01 2.223336855527771050e-01
2.943395793544764660e-01 1.950031705501559520e-01
3.131477541922646490e-01 1.655575824289640396e-01
3.290184347381238106e-01 1.342677177649901077e-01
3.417667500056290053e-01 1.014260675539893353e-01
3.512369367705889811e-01 6.734416445557910025e-02
3.573043623477452080e-01 3.234968202963655476e-02
3.598772570862384668e-01 -3.216687940910064464e-03
3.588981314764530528e-01 -3.900455076219178085e-02
3.543448557516952202e-01 -7.465728457924135364e-02
3.462313832057178353e-01 -1.098156417591159839e-01
3.346081020981981347e-01 -1.441214388486075637e-01
3.195618049466120159e-01 -1.772212961848672608e-01
3.012152681615642424e-01 -2.087703867994919471e-01
2.797264393263145243e-01 -2.384361532731371636e-01
2.552872338991898360e-01 -2.659019506922589149e-01
2.281219476759209219e-01 -2.908705738500330096e-01
1.984852959315257237e-01 -3.130676273315577962e-01
1.666600947104095454e-01 -3.322446981342871419e-01
1.329546041902395226e-01 -3.481822919967580976e-01
9.769955835124050081e-02 -3.606924966336995109e-01
6.124490927996603662e-02 -3.696213375883410368e-01
2.395631826902450481e-02 -3.748507953911958124e-01
-1.378857061222244287e-02 -3.763004561301708240e-01
-5.160403454626839859e-02 -3.739287744024517579e-01
-8.910031679463316368e-02 -3.677339200366790961e-01
-1.258877628203693699e-01 -3.577541978269045408e-01
-1.615810018576027685e-01 -3.440680370012964007e-01
-1.958031311535278762e-01 -3.267935356776180966e-01
-2.281898536032880287e-01 -3.060875624697791397e-01
-2.583935211217833761e-01 -2.821444198768649492e-01
-2.860870365487434563e-01 -2.551940793067072888e-01
-3.109675679181400088e-01 -2.255000027624716186e-01
-3.327600305357221178e-01 -1.933565712867792996e-01
-3.512202944870395638e-01 -1.590861451478753907e-01
-3.661380779230871685e-01 -1.230357854020360381e-01
-3.773394897145705418e-01 -8.557367081375223672e-02
-3.846891887945175226e-01 -4.708524810135843869e-02
-3.880921316815250099e-01 -7.969157045774038356e-03
-3.874948842450416930e-01 3.136702489627044010e-02
-3.828864786866690295e-01 7.051117124042070861e-02
-3.742988019093884122e-01 1.090510791069762009e-01
-3.618065068673715912e-01 1.465789750980202033e-01
-3.455264440665160031e-01 1.826960028241296219e-01
-3.256166160512605767e-01 2.170166402521656601e-01
-3.022746633959270679e-01 2.491729954442393202e-01
-2.757358963472666402e-01 2.788189302892076227e-01
-2.462708917675579812e-01 3.056339634846496067e-01
-2.141826803340207697e-01 3.293269062936366454e-01
-1.798035557893181424e-01 3.496391903699656023e-01
-1.434915341906621289e-01 3.663478394300405672e-01
-1.056265090527178929e-01 3.792680520797222510e-01
-6.660614712099667545e-02 3.882553714603589889e-01
-2.684156491006954928e-02 3.932074061123428388e-01
1.324716251814763573e-02 3.940650825936364843e-01
5.323560921771393339e-02 3.908134134041344465e-01
9.269966952733565968e-02 3.834817694635057617e-01
1.312202388310356738e-01 3.721436522458028140e-01
1.683878496766265387e-01 3.569159666155845567e-01
2.038072093602402157e-01 3.379578013630722966e-01
2.371015860893428417e-01 3.154687303249458785e-01
2.679169924924448276e-01 2.896866527283243342e-01
2.959261175324893189e-01 2.608851969352793954e-01
3.208319607757958991e-01 2.293707170234140225e-01
3.423711264346385175e-01 1.954789165475344093e-01
3.603167385967414038e-01 1.595711383255134508e-01
3.744809435299238931e-01 1.220303631205252454e-01
3.847169698492295953e-01 8.325696360030621079e-02
3.909207225959636101e-01 4.366426289700731100e-02
3.930318928371742682e-01 3.673949430839253301e-03
3.910345701803586982e-01 -3.628859863286159476e-02
3.849573515386660039e-01 -7.579902487205603112e-02
3.748729455016983070e-01 -1.144386872376133013e-01
3.608972776902170665e-01 -1.517992773094810066e-01
3.431881109091211024e-01 -1.874873152206718019e-01
3.219431885337102894e-01 -2.211284615780662044e-01
2.973979316816171004e-01 -2.523715988780509956e-01
2.698227217259920319e-01 -2.808926429286677795e-01
2.395197929297853412e-01 -3.063980334787458348e-01
2.068197756492849426e-01 -3.286278665784072572e-01
1.720779316033028694e-01 -3.473586336220494397e-01
1.356701262224515314e-01 -3.624055368583114500e-01
9.798858604449055265e-02 -3.736243563375740151e-01
5.943749147159153173e-02 -3.809128487393968476e-01
2.042845692629173537e-02 -3.842116642096657930e-01
-1.862404848407545055e-02 -3.835047731672711069e-01
-5.730728627007204701e-02 -3.788194009384878713e-01
-9.521478655124081258e-02 -3.702254739689488372e-01
-1.319507863561089622e-01 -3.578345871736978712e-01
-1.671345173893015734e-01 -3.417985076422478397e-01
-2.004042945766466577e-01 -3.223072353471929663e-01
-2.314213594356149262e-01 -2.995866466444525589e-01
-2.598734356000053647e-01 -2.738957511375514908e-01
-2.854779576089535031e-01 -2.455235968494411114e-01
-3.079849382993966600e-01 -2.147858625509642683e-01
-3.271794447609018275e-01 -1.820211794893502599e-01
-3.428836577604086888e-01 -1.475872276042960174e-01
-3.549584947563199089e-01 -1.118566535819297131e-01
-3.633047820279358131e-01 -7.521285975480707098e-02
-3.678639700702523996e-01 -3.804571181191223478e-02
-3.686183785918106803e-01 -7.472206700236703808e-04
-3.655909817512263404e-01 3.629275174246460872e-02
-3.588447465310374285e-01 7.269072003913167046e-02
-3.484815273449556328e-01 1.080736826161265984e-01
-3.346405384408679407e-01 1.420830639684323993e-01
-3.174964269946985440e-01 1.743784486634403497e-01
-2.972569742529535541e-01 2.046410666048716631e-01
-2.741604561478865332e-01 2.325769927292579142e-01
-2.484726984319747811e-01 2.579200281934393435e-01
-2.204838645174307110e-01 2.804342343793934655e-01
-1.905050168283454193e-01 2.999160956027808744e-01
-1.588644945515639284e-01 3.161962912014040783e-01
-1.259041521888736581e-01 3.291410626346471524e-01
-9.197550425658318485e-02 3.386531662789350472e-01
-5.743582184586020628e-02 3.446724076909664092e-01
-2.264422655275557736e-02 3.471757581641496393e-01
1.204217347732620957e-02 3.461770593599011736e-01
4.627206195058802818e-02 3.417263265921843263e-01
7.970356565006068983e-02 3.339086659218861164e-01
1.120077391645866033e-01 3.228428245222368376e-01
1.428718465449882735e-01 3.086793977569586844e-01
1.720024064542517717e-01 2.915987200238502886e-01
1.991279708731125142e-01 2.718084696184921434e-01
2.240016112159593509e-01 2.495410206323366298e-01
2.464030932925906081e-01 2.250505757820361330e-01
2.661407118711056063e-01 1.986101199284519003e-01
2.830527798446291210e-01 1.705082340328591128e-01
2.970087695425854268e-01 1.410458032289083063e-01
3.079100903744447226e-01 1.105326620083936923e-01
3.156905062610118606e-01 7.928421518375339261e-02
3.203161968151493344e-01 4.761807318999922850e-02
3.217854703475228617e-01 1.585073912583828334e-02
3.201281406777365390e-01 -1.570561666599813375e-02
3.154045833809689947e-01 -4.674626068361764641e-02
3.077044904534386727e-01 -7.697684759254613818e-02
2.971453454002868644e-01 -1.061161900692248472e-01
2.838706434058409500e-01 -1.338988214171830671e-01
2.680478835136047011e-01 -1.600773284266016061e-01
2.498663616026763623e-01 -1.844244353478020071e-01
2.295347943857698469e-01 -2.067348233830484383e-01
2.072788056650187727e-01 -2.268266737175646530e-01
1.833383066648777149e-01 -2.445429257587173888e-01
1.579648024223759273e-01 -2.597522458817292934e-01
1.314186559652230912e-01 -2.723497055425901370e-01
1.039663413648479473e-01 -2.822571710679053214e-01
7.587771573653309676e-02 -2.894234107241276388e-01
4.742333889924942036e-02 -2.938239277653708625e-01
1.887186773459252967e-02 -2.954605310242823801e-01
-9.512449668016328963e-03 -2.943606572131989840e-01
-3.747216097389086120e-02 -2.905764607697566837e-01
-6.475884541939237737e-02 -2.841836899721498777e-01
-9.113518867918107835e-02 -2.752803725978819616e-01
-1.163768892234975927e-01 -2.639853285822814088e-01
-1.402743719419495272e-01 -2.504365333282596584e-01
-1.626343031273622397e-01 -2.347893550293497500e-01
-1.832808998460916661e-01 -2.172146894968480513e-01
-2.020570294427839753e-01 -1.978970159824087749e-01
-2.188250975629277562e-01 -1.770323971781630756e-01
-2.334677255909880511e-01 -1.548264459766355849e-01
-2.458882207639966344e-01 -1.314922807055541598e-01
-2.560108444024257746e-01 -1.072484894445206588e-01
-2.637808856782227762e-01 -8.231712271070265596e-02
-2.691645500945304414e-01 -5.692173230068531264e-02
-2.721486733678620817e-01 -3.128547242852858234e-02
-2.727402726708771930e-01 -5.629277540065148223e-03
-2.709659482066290037e-01 1.982987065485245642e-02
-2.668711488419732158e-01 4.488057627267472149e-02
-2.605193160319789203e-01 6.931855370202982813e-02
-2.519909205261517959e-01 9.294803650849620125e-02
-2.413824063725700797e-01 1.155830657193913091e-01
-2.288050565428144945e-01 1.370486541467182684e-01
-2.143837941073266640e-01 1.571818250372914727e-01
-1.982559323188844980e-01 1.758325248415503472e-01
-1.805698862349675027e-01 1.928644112478643535e-01
-1.614838538352248998e-01 2.081555189393735350e-01
-1.411644889535282610e-01 2.215988043444125644e-01
-1.197855684853483815e-01 2.331025782197173601e-01
-9.752665426513523750e-02 2.425908284904562395e-01
-7.457176884335564582e-02 2.500034374774670054e-01
-5.110808797609805998e-02 2.552963000750488320e-01
-2.732465528349045311e-02 2.584413486159446438e-01
-3.411123533403924608e-03 2.594264901238269583e-01
2.044347391411933945e-02 2.582554614732407994e-01
4.405191878970145941e-02 2.549476076700457616e-01
6.722996872263152512e-02 2.495375880517059497e-01
8.979748175568308399e-02 2.420750147080074355e-01
1.115795035967448307e-01 2.326240268619702567e-01
1.324073169445916798e-01 2.212628043518453380e-01
1.521194523904623175e-01 2.080830227424727286e-01
1.705626604201458396e-01 1.931892519921152018e-01
1.875928439283068572e-01 1.766983000327125852e-01
2.030759504165248197e-01 1.587385021097067472e-01
2.168888226909921890e-01 1.394489562929173976e-01
2.289200064199760909e-01 1.189787052310989773e-01
2.390705123726387660e-01 9.748586399598396790e-02
2.472545305595603427e-01 7.513669376022372171e-02
2.534000928531012775e-01 5.210462108793644659e-02
2.574496800057848311e-01 2.856920279348153235e-02
2.593607683312970646e-01 4.715036646967540879e-03
2.591063070234068677e-01 -1.926938214013398237e-02
2.566751309167517592e-01 -4.319285316274463354e-02
2.520722960533977042e-01 -6.686271553240613619e-02
2.453193227865827497e-01 -9.008614125343267220e-02
2.364543503691436122e-01 -1.126714700350864018e-01
2.255321924424310009e-01 -1.344295821200868213e-01
2.126242862790429788e-01 -1.551753029770129577e-01
1.978185288421173971e-01 -1.747288325197541015e-01
1.812189931155258615e-01 -1.929171903105362240e-01
1.629455187398126392e-01 -2.095756670008644962e-01
1.431331717610927201e-01 -2.245492710947762927e-01
1.219315692633703013e-01 -2.376941590095002776e-01
9.950406580389353772e-02 -2.488790353884443585e-01
7.602679989719814124e-02 -2.579865097183836053e-01
5.168760028343616364e-02 -2.649143945437652525e-01
2.668475335360940420e-02 -2.695769299815902187e-01
1.225634867981838932e-03 -2.719059188436769303e-01
-2.447478902958796776e-02 -2.718517564899949335e-01
-5.019558455621467297e-02 -2.693843395848373734e-01
-7.571158785932829982e-02 -2.644938382211171057e-01
-1.007952464728495284e-01 -2.571913164274024499e-01
-1.252185517368848700e-01 -2.475091868837412667e-01
-1.487550473251474659e-01 -2.355014867477748242e-01
-1.711818971797290923e-01 -2.212439628295013172e-01
-1.922819944311573159e-01 -2.048339559441043345e-01
-2.118460879293445898e-01 -1.863900747064887453e-01
-2.296749146444286294e-01 -1.660516582657978191e-01
-2.455813104240686384e-01 -1.439780173089567628e-01
-2.593922674107226878e-01 -1.203474511394367480e-01
-2.709509241107937449e-01 -9.535604686591869772e-02
-2.801184607480861621e-01 -6.921626233860134203e-02
-2.867758755250553460e-01 -4.215529937402429095e-02
-2.908256177378147345e-01 -1.441327665126794846e-02
-2.921930543541806369e-01 1.375878549116396100e-02
-2.908277476725881772e-01 4.210115331934152771e-02
-2.867045230327120442e-01 7.034772326115459884e-02
-2.798243072399579368e-01 9.822850038274907880e-02
-2.702147203841734346e-01 1.254721889687900882e-01
-2.579304060611455340e-01 1.518088701562247123e-01
-2.430530876216847602e-01 1.769727395819908899e-01
-2.256913409503485957e-01 2.007048762985665924e-01
-2.059800773823879383e-01 2.227560128211972801e-01
-1.840797336672997941e-01 2.428892751272175021e-01
-1.601751693404726840e-01 2.608828607569879665e-01
-1.344742754275410901e-01 2.765326228887474147e-01
-1.072063020331127103e-01 2.896545283921354574e-01
-7.861991600823337034e-02 3.000869584177236482e-01
-4.898100349955667593e-02 3.076928210572869582e-01
-1.857023570714143312e-02 3.123614470103980301e-01
1.231958043348076529e-02 3.140102410098095653e-01
4.338633868290473622e-02 3.125860621129421535e-01
7.432163751664735973e-02 3.080663174627276679e-01
1.048139173673859476e-01 3.004597428799190006e-01
1.345516902744481880e-01 2.898068522397304614e-01
1.632268358697018806e-01 2.761800493788327815e-01
1.905379245818381584e-01 2.596833912693884971e-01
2.161935303268509301e-01 2.404519977080579740e-01
2.399154942313252714e-01 2.186511069480910341e-01
2.614421006880583431e-01 1.944747809836273600e-01
2.805311272838681425e-01 1.681442685222125921e-01
2.969627308740168115e-01 1.399060379976395374e-01
3.105421333066102352e-01 1.100294972230113910e-01
3.211020720169436848e-01 7.880442040573668039e-02
3.285049829025403212e-01 4.653810718509464317e-02
3.326448855343239752e-01 1.355230205364648700e-02
3.334489438311943332e-01 -1.982009406693130416e-02
3.308786787911623950e-01 -5.323848525698293699e-02
3.249308136932140267e-01 -8.635817751767521644e-02
3.156377363158093807e-01 -1.188340714063014780e-01
3.030675671111521252e-01 -1.503244088301897152e-01
2.873238268755513580e-01 -1.804945311502169358e-01
2.685447022082954049e-01 -2.090206049736938465e-01
2.469019118945683933e-01 -2.355932717825410805e-01
2.225991822201735248e-01 -2.599211778567404596e-01
1.958703440641211269e-01 -2.817343418182847170e-01
1.669770720354044613e-01 -3.007873163025724383e-01
1.362062807275784548e-01 -3.168621124155309721e-01
1.038672072629082122e-01 -3.297708426594755937e-01
7.028821808230741042e-02 -3.393580455229195936e-01
3.581336663620557359e-02 -3.455026686425858862e-01
7.987418048786929393e-04 -3.481196811292146531e-01
-3.439135233353460969e-02 -3.471612926169339031e-01
-6.938834233069957058e-02 -3.426177611248719668e-01
-1.038234118106164949e-01 -3.345177766161500088e-01
-1.373315621657457408e-01 -3.229284121439449651e-01
-1.695556603312720900e-01 -3.079546396243110773e-01
-2.001504262293389846e-01 -2.897384125057570481e-01
-2.287863128314404637e-01 -2.684573228495593100e-01
-2.551532327324453342e-01 -2.443228455250982256e-01
-2.789640866560012533e-01 -2.175781872940808492e-01
-2.999580514026594091e-01 -1.884957634404361149e-01
-3.179035873857221639e-01 -1.573743292350967826e-01
-3.326011290450310853e-01 -1.245357978459060988e-01
-3.438854250482248354e-01 -9.032178025538704913e-02
-3.516274992385347575e-01 -5.508988628053071435e-02
-3.557362077181889792e-01 -1.920982885185050504e-02
-3.561593722119990035e-01 1.694062373757350068e-02
-3.528844748772106965e-01 5.297980089322086583e-02
-3.459389049500495861e-01 8.852633993354289133e-02
-3.353897529804932276e-01 1.232034044560842978e-01
-3.213431561553194982e-01 1.566428590789572528e-01
-3.039431954581460205e-01 1.884893604158105196e-01
-2.833703582187596659e-01 2.184043087474009381e-01
-2.598395900380198742e-01 2.460696102413954811e-01
-2.335979517699173502e-01 2.711912137835004732e-01
-2.049219102272056559e-01 2.935023779598610050e-01
-1.741142939859215144e-01 3.127666299223728075e-01
-1.415009496953458790e-01 3.287803815544151353e-01
-1.074271378936527965e-01 3.413751724680206268e-01
-7.225371044002014409e-02 3.504195138522031017e-01
-3.635311426209038993e-02 3.558203119987117247e-01
-1.052681509727809440e-04 3.575238553944298237e-01
3.610663921061712384e-02 3.555163545242727707e-01
7.190038094545621317e-02 3.498240289076381959e-01
1.068989041134995599e-01 3.405127413266039738e-01
1.407344733471553311e-01 3.276871846259801768e-01
1.730526980211998800e-01 3.114896318051536550e-01
2.035163965386994345e-01 2.920982653118802674e-01
2.318092534311090303e-01 2.697251064234036932e-01
2.576392276249344637e-01 2.446135702981948601e-01
2.807416733829666278e-01 2.170356766437733786e-01
3.008821390427620646e-01 1.872889499186869422e-01
3.178588127005695374e-01 1.556930465213378634e-01
3.315045883719981434e-01 1.225861494724709150e-01
3.416887308437209780e-01 8.832117363579243541e-02
3.483181243038928621e-01 5.326182932634525996e-02
3.513380883600650817e-01 1.777858136609983264e-02
3.507327554213842125e-01 -1.775544135554485425e-02
3.465250143319656972e-01 -5.296853356662790946e-02
3.387760188145512164e-01 -8.749446032438175369e-02
3.275842710540891045e-01 -1.209764132625084782e-01
3.130842944368230629e-01 -1.530708315239174833e-01
2.954449142192495659e-01 -1.834510445362632081e-01
2.748671693847163922e-01 -2.118106963021504918e-01
2.515818830992718191e-01 -2.378669138607353573e-01
2.258469229532458211e-01 -2.613631859900484300e-01
1.979441855270386297e-01 -2.820719220119207726e-01
1.681763427107543230e-01 -2.997966646816451197e-01
1.368633896061858812e-01 -3.143739355364592591e-01
1.043390357215355640e-01 -3.256746956816607419e-01
7.094698251654805998e-02 -3.336054097496080617e-01
3.703713115804653511e-02 -3.381087056127245472e-01
2.961764600113445892e-03 -3.391636273041833127e-01
-3.092825218651184052e-02 -3.367854834369571893e-01
-6.428721083358272803e-02 -3.310252981523833515e-01
-9.677819537770405989e-02 -3.219688762144614080e-01
-1.280765754073901752e-01 -3.097354982397625967e-01
-1.578733190023373367e-01 -2.944762661626866840e-01
-1.858780906213136630e-01 -2.763721228337194802e-01
-2.118221021854630737e-01 -2.556315730910452277e-01
-2.354606905764431157e-01 -2.324881397740793665e-01
-2.565755936587801878e-01 -2.071975776742566444e-01
-2.749769035997087219e-01 -1.800348884035823938e-01
-2.905046864579703958e-01 -1.512911786268796854e-01
-3.030302516959536563e-01 -1.212703900301185939e-01
-3.124570644753604243e-01 -9.028594320435708032e-02
-3.187212970856005412e-01 -5.865733452256182562e-02
-3.217920201340810360e-01 -2.670672484422607212e-02
-3.216710383082850289e-01 5.244441828727917747e-03
-3.183923795496337306e-01 3.687875278255769301e-02
-3.120214503102611836e-01 6.788603873288726054e-02
-3.026538731513970237e-01 9.796645028176705072e-02
-2.904140262456701982e-01 1.268333676374053531e-01
-2.754533073296633328e-01 1.542161152063891150e-01
-2.579481472869650793e-01 1.798624556105444527e-01
-2.380978008007087476e-01 2.035408408572482453e-01
-2.161219433787801847e-01 2.250424017559161105e-01
-1.922581055109927883e-01 2.441826601761087068e-01
-1.667589757579146514e-01 2.608029523351058088e-01
-1.398896051939428897e-01 2.747715549358333287e-01
-1.119245458366288776e-01 2.859845096013953203e-01
-8.314495549974279531e-02 2.943661446232666568e-01
-5.383570092397155227e-02 2.998692965116323550e-01
-2.428249008627661465e-02 3.024752371662524086e-01
5.230936708868751291e-03 3.021933156356201300e-01
3.442553003423805963e-02 2.990603296796073285e-01
6.302954103166184818e-02 2.931396312137722893e-01
9.078099188899375893e-02 2.845199903253607387e-01
1.174299901599367424e-01 2.733142433864301779e-01
1.427408653469491584e-01 2.596577358346143227e-01
1.664941116876222926e-01 2.437065854893968320e-01
1.884881235276107680e-01 2.256357899521494736e-01
2.085407124745017882e-01 2.056372024516744390e-01
2.264903983502660756e-01 1.839174009794998510e-01
2.421974687566236517e-01 1.606954757182903482e-01
2.555448048011594864e-01 1.362007596144638732e-01
2.664384731680454199e-01 1.106705264985891751e-01
2.748080872243485184e-01 8.434768043420248773e-02
2.806069422029046634e-01 5.747845900047418577e-02
2.838119316709543649e-01 3.031017201261479443e-02
2.844232544593652268e-01 3.088995784287187039e-03
2.824639229734920431e-01 -2.394215853138759176e-02
2.779790853209311297e-01 -5.054568569013089679e-02
2.710351749651824793e-01 -7.649122117138607013e-02
2.617189026433367482e-01 -1.015574569192618237e-01
2.501361060702455563e-01 -1.255338267924468454e-01
2.364104734950900899e-01 -1.482220524399314454e-01
2.206821574864476776e-01 -1.694375422345196780e-01
2.031062954099724926e-01 -1.890106377650620506e-01
1.838514529428949551e-01 -2.067877041859249587e-01
1.630980061632383848e-01 -2.226320658967469446e-01
1.410364776869401093e-01 -2.364247764208098068e-01
1.178658448182247631e-01 -2.480652308664627048e-01
9.379183036570890031e-02 -2.574716304904249853e-01
6.902519017177385918e-02 -2.645812921905669746e-01
4.378000998015482703e-02 -2.693508109625581959e-01
1.827202299397631333e-02 -2.717560807030657277e-01
-7.283041552480377066e-03 -2.717921794251026424e-01
-3.267106952224082400e-02 -2.694731254772173012e-01
-5.768112444227433550e-02 -2.648315117345056424e-01
-8.210695423709921115e-02 -2.579180249657356261e-01
-1.057484357980985612e-01 -2.488008576895171520e-01
-1.284129519309132605e-01 -2.375650198278791980e-01
-1.499166960177833186e-01 -2.243115573640667160e-01
-1.700859004371104988e-01 -2.091566850304152347e-01
-1.887579853917691897e-01 -1.922308398103232951e-01
-2.057826253067748523e-01 -1.736776617546249013e-01
-2.210227303648295283e-01 -1.536529083061202172e-01
-2.343553410569858553e-01 -1.323233080153221053e-01
-2.456724338400473884e-01 -1.098653592334717932e-01
-2.548816361199077174e-01 -8.646407910220386961e-02
-2.619068488308474718e-01 -6.231170793794520851e-02
-2.666887748670935254e-01 -3.760637394632843772e-02
-2.691853515588299994e-01 -1.255072310847116235e-02
-2.693720852860090331e-01 1.264948093467967855e-02
-2.672422863541312754e-01 3.778678559655087449e-02
-2.628071999619768784e-01 6.265349111667285753e-02
-2.560960353355818397e-01 8.704310673151979816e-02
-2.471558886002597211e-01 1.107518232698852939e-01
-2.360515558571284478e-01 1.335799855333104635e-01
-2.228652351101360063e-01 1.553335613495014922e-01
-2.076961149239198168e-01 1.758256002834891751e-01
-1.906598479310958327e-01 1.948776744182866560e-01
-1.718879076538543660e-01 2.123212930156357092e-01
-1.515268275676570353e-01 2.279992822558052912e-01
-1.297373219202835049e-01 2.417671206525458527e-01
-1.066932885304689993e-01 2.534942201655244198e-01
-8.258069462681588702e-02 2.630651425088829654e-01
-5.759634774628866194e-02 2.703807397022289227e-01
-3.194655478591628545e-02 2.753592075504208703e-01
-5.845673481621452804e-03 2.779370404913323322e-01
2.048543813845760120e-02 2.780698761355848148e-01
4.682106742800434124e-02 2.757332178567146186e-01
7.293237961624261800e-02 2.709230239900168868e-01
9.858922736648749463e-02 2.636561525766564218e-01
1.235620261831578415e-01 2.539706511570253844e-01
1.476236830001308731e-01 2.419258818811597378e-01
1.705515638698745784e-01 2.276024731683371494e-01
1.921294853241513056e-01 2.111020903132290183e-01
2.121497127212274847e-01 1.925470187988955195e-01
2.304149485631407090e-01 1.720795523003934013e-01
2.467402880360128337e-01 1.498611921369885913e-01
2.609551275569907403e-01 1.260716515502756374e-01
2.729050055033303557e-01 1.009076580541590495e-01
2.824533513139199647e-01 7.458156700182914933e-02
2.894831237009592440e-01 4.731978872180156448e-02
2.938983173084874778e-01 1.936103698841086518e-02
2.956253175389396692e-01 -9.045591028382203233e-03
2.946140839368174835e-01 -3.764269080239010523e-02
2.908391434758488270e-01 -6.616676758924326662e-02
2.843003763442727982e-01 -9.435057747685084151e-02
2.750235783592340777e-01 -1.219255729663057397e-01
2.630607859581693964e-01 -1.486244316420198552e-01
2.484903518003057643e-01 -1.741836446031802266e-01
2.314167613481473706e-01 -1.983461396493960416e-01
2.119701833657176293e-01 -2.208639127748628084e-01
1.903057500416603653e-01 -2.415006403584048500e-01
1.666025653913021376e-01 -2.600342435694122933e-01
1.410624436789148228e-01 -2.762593759666104876e-01
1.139083827928283610e-01 -2.899898050685471573e-01
8.538278076198192734e-02 -3.010606588381084525e-01
5.574540688087147727e-02 -3.093305085600006610e-01
2.527114216675601169e-02 -3.146832605066775534e-01
-5.752492936632133506e-03 -3.170298300860958651e-01
-3.702800261636897405e-02 -3.163095738399139267e-01
-6.825074898719057925e-02 -3.124914537187001295e-01
-9.911192243361412191e-02 -3.055749218451219162e-01
-1.293016260454296629e-01 -2.955905040752157542e-01
-1.585120437703111673e-01 -2.826000605244456398e-01
-1.864406542253178589e-01 -2.666967207393574069e-01
-2.127934575180169541e-01 -2.480044833328017284e-01
-2.372881793037773246e-01 -2.266774762580615887e-01
-2.596574156077945394e-01 -2.028988778012599803e-01
-2.796516816790114990e-01 -1.768795023836454983e-01
-2.970423283336806608e-01 -1.488560593357510231e-01
-3.116242898984007414e-01 -1.190890968819176277e-01
-3.232186289794486966e-01 -8.786064760281242503e-02
-3.316748448642157232e-01 -5.547159557125583978e-02
-3.368729143922289393e-01 -2.223878912894589055e-02
-3.387250366018887959e-01 1.150807316456783913e-02
-3.371770553426514661e-01 4.542975257547079981e-02
-3.322095373127824103e-01 7.918094240174794463e-02
-3.238384866059913492e-01 1.124138658715533867e-01
-3.121156807867553340e-01 1.447819610204333640e-01
-2.971286177193980804e-01 1.759436120249697755e-01
-2.790000668010105822e-01 2.055658851281022548e-01
-2.578872228401157263e-01 2.333282264424473562e-01
-2.339804655254508481e-01 2.589260785829469724e-01
-2.075017321836693240e-01 2.820743732731854636e-01
-1.787025162707433223e-01 3.025108577979521707e-01
-1.478615068803514343e-01 3.199992119385601241e-01
-1.152818976287100922e-01 3.343319230540602316e-01
-8.128838446559086273e-02 3.453328797738846601e-01
-4.622388032301844030e-02 3.528596436727624575e-01
-1.044598667222833115e-02 3.568053754489406426e-01
2.567674300057795275e-02 3.571003865614650885e-01
6.176870742747140458e-02 3.537132934049916910e-01
9.745128656200885420e-02 3.466517555285330010e-01
1.323469503413748916e-01 3.359627841235774959e-01
1.660834006524648798e-01 3.217326119608123758e-01
1.982976989578336957e-01 3.040861210830552719e-01
2.286403316229893845e-01 2.831858298017200792e-01
2.567791651591703195e-01 2.592304458297350345e-01
2.824032443604010956e-01 2.324529976484612515e-01
3.052263876674341514e-01 2.031185613824828262e-01
3.249905360235573193e-01 1.715216054772605858e-01
3.414688139798748856e-01 1.379829802749659995e-01
3.544682648347231568e-01 1.028465840999767816e-01
3.638322251202823487e-01 6.647574163726106822e-02
3.694423077392369748e-01 2.924933415785752749e-02
3.712199674591709075e-01 -8.442275535726415439e-03
3.691276272400893510e-01 -4.620147775128546908e-02
3.631693489436838007e-01 -8.362776216141357133e-02
3.533910372899125019e-01 -1.203221259866495141e-01
3.398801714217093428e-01 -1.558914933115925772e-01
3.227650619404618393e-01 -1.899530922914728637e-01
3.022136462754744790e-01 -2.221387440471455088e-01
2.784318272489952895e-01 -2.520990114589917730e-01
2.516613684159314523e-01 -2.795071531790053188e-01
2.221773750973279893e-01 -3.040628413397805097e-01
1.902853858038431878e-01 -3.254955970858138259e-01
1.563181060153374657e-01 -3.435679026423591464e-01
1.206318207049558167e-01 -3.580779523041850432e-01
8.360252599203352175e-02 -3.688620088721538126e-01
4.562182382556359550e-02 -3.757963366393712867e-01
7.092626592604039937e-03 -3.787986869747677066e-01
-3.157527902573940837e-02 -3.778293178093873328e-01
-6.996975779667331807e-02 -3.728915338341818320e-01
-1.076808889125210889e-01 -3.640317398991366749e-01
-1.443055132667236118e-01 -3.513390058910653702e-01
-1.794517121695397011e-01 -3.349441471887983912e-01
-2.127431653670900369e-01 -3.150183305766132147e-01
-2.438233375898570532e-01 -2.917712211668198052e-01
-2.723594448422132497e-01 -2.654486913690271011e-01
-2.980461542286315657e-01 -2.363301181776465421e-01
-3.206089742628148165e-01 -2.047252999647405647e-01
-3.398072962836334310e-01 -1.709710285005834607e-01
-3.554370517602786217e-01 -1.354273560223634154e-01
-3.673329548560010371e-01 -9.847360078105914238e-02
-3.753703045773551517e-01 -6.050413757275235893e-02
-3.794663239006582645e-01 -2.192402368912280478e-02
-3.795810282838276706e-01 1.685549211124900623e-02
-3.757176083930142685e-01 5.542152517483697749e-02
-3.679223198695411590e-01 9.336411763058441449e-02
-3.562838895256654204e-01 1.302807592116694557e-01
-3.409324436403742831e-01 1.657808131400003715e-01
-3.220379721300715703e-01 1.994897961860196411e-01
-2.998083478271151292e-01 2.310534639176625715e-01
-2.744869253022669819e-01 2.601416546430995180e-01
-2.463497485511292051e-01 2.864518485985881879e-01
-2.157024013698649323e-01 3.097124024947494059e-01
-1.828765383174097980e-01 3.296854235648167264e-01
-1.482261377512462952e-01 3.461692517040583783e-01
-1.121235214894136800e-01 3.590005230927471036e-01
-7.495518815748522523e-02 3.680557937935905466e-01
-3.711750919791144410e-02 3.732527071428735077e-01
9.876621697291986229e-04 3.745506942445755438e-01
3.895741805759304899e-02 3.719512024586869581e-01
7.639220803996930875e-02 3.654974523784448315e-01
1.129001858099517031e-01 3.552737293460525025e-01
1.481014410274954507e-01 3.414042209936650196e-01
1.816320687728225913e-01 3.240514175490640802e-01
2.131480313294843443e-01 3.034140966495540437e-01
2.423287698592718198e-01 2.797249191029543280e-01
2.688805268561479944e-01 2.532476663654629756e-01
2.925393418505388698e-01 2.242741553924347819e-01
3.130736962171729587e-01 1.931208670578795639e-01
3.302867749950929022e-01 1.601253286167154399e-01
3.440183197673202797e-01 1.256422973652216168e-01
3.541460624973517546e-01 9.003978842025289753e-02
3.605867261341331176e-01 5.369499380136199401e-02
3.632965853381080468e-01 1.699014025519456073e-02
3.622715858965184221e-01 -1.969166659400407859e-02
3.575470265614451026e-01 -5.597056461505434122e-02
3.491968120953736765e-01 -9.147397790255130945e-02
3.373322911849565564e-01 -1.258405352483244477e-01
3.221006975258287053e-01 -1.587238217795154671e-01
3.036832167354096557e-01 -1.897959237244350728e-01
2.822927057666750894e-01 -2.187507292438609641e-01
2.581710951291515399e-01 -2.453069516410925355e-01
2.315865074347598918e-01 -2.692108449903620748e-01
2.028301285425794520e-01 -2.902385862478404910e-01
1.722128698515264511e-01 -3.081983021772018994e-01
1.400618620634564992e-01 -3.229317238750629704e-01
1.067168219982351368e-01 -3.343154562617134395e-01
7.252633478074298201e-02 -3.422618545499718778e-01
3.784409393830487356e-02 -3.467195043605098004e-01
3.025141653119703140e-03 -3.476733067573959945e-01
-3.157784937810830667e-02 -3.451441739765189753e-01
-6.561821229579849202e-02 -3.391883459580562477e-01
-9.875880007080038714e-02 -3.298963425234323621e-01
-1.306753474872043019e-01 -3.173915684432502271e-01
-1.610596425106034235e-01 -3.018285918036776594e-01
-1.896224720051417900e-01 -2.833911233657527839e-01
-2.160963206324719721e-01 -2.622897233074932277e-01
-2.402377964308603231e-01 -2.387592657093252912e-01
-2.618297623957802633e-01 -2.130561930618114774e-01
-2.806831571695243555e-01 -1.854555946870741490e-01
-2.966384918363157985e-01 -1.562481441359926115e-01
-3.095670137598028338e-01 -1.257369313494391683e-01
-3.193715323410636908e-01 -9.423422565665931505e-02
-3.259869054680715750e-01 -6.205820553631622577e-02
-3.293801892247466001e-01 -2.952969050007868759e-02
-3.295504570846312653e-01 3.031090505551386517e-03
-3.265282982894470720e-01 3.530766112197195744e-02
-3.203750083685406036e-01 6.699035865290421665e-02
-3.111814877578504834e-01 9.777926481558496530e-02
-2.990668671972963044e-01 1.273869790699896087e-01
-2.841768809989426714e-01 1.555412099438031326e-01
-2.666820113653780022e-01 1.819871624876558125e-01
-2.467754286840265210e-01 2.064897028710398486e-01
-2.246707541192191349e-01 2.288352841223568468e-01
-2.005996718655595756e-01 2.488336200847021118e-01
-1.748094191141387199e-01 2.663190977607772791e-01
-1.475601821230441979e-01 2.811519213153800822e-01
-1.191224288203253379e-01 2.932189843423826381e-01
-8.977419972359071410e-02 3.024344697332032039e-01
-5.979838892010724827e-02 3.087401774926887832e-01
-2.948004582830755782e-02 3.121055874025270294e-01
8.962831702599310425e-04 3.125276634668014974e-01
3.104914721936495939e-02 3.100304096878769844e-01
6.070269524062590905e-02 3.046641889986374530e-01
8.958907137001211052e-02 2.965048190599912092e-01
1.174506829143570769e-01 2.856524602705159399e-01
1.440423241879656702e-01 2.722303127206504025e-01
1.691331416893153139e-01 2.563831399535032030e-01
1.925084282222483956e-01 2.382756382686657681e-01
2.139712357246316143e-01 2.180906709286589695e-01
2.333437987114464485e-01 1.960273870076213454e-01
2.504687623418545006e-01 1.722992447695878004e-01
2.652102111564033637e-01 1.471319593931262604e-01
2.774544964792709512e-01 1.207613945866438110e-01
2.871108623221746980e-01 9.343141718286747388e-02
2.941118713452328670e-01 6.539173318208302277e-02
2.984136340127311882e-01 3.689572295312073397e-02
2.999958455187426432e-01 8.198292421050286036e-03
2.988616363423852174e-01 -2.044624390634814173e-02
2.950372434219090123e-01 -4.878623327256489950e-02
2.885715099105413128e-01 -7.657469466978895911e-02
2.795352222977550705e-01 -1.035712559380044945e-01
2.680202963134841188e-01 -1.295440065376720351e-01
2.541388156813353394e-01 -1.542712566516134809e-01
2.380219379145407377e-01 -1.775431911705309673e-01
2.198186820775611672e-01 -1.991634118346861659e-01
1.996946033873652493e-01 -2.189503609577826415e-01
1.778303675104869197e-01 -2.367386202285095553e-01
1.544202355136476967e-01 -2.523800794364909894e-01
1.296704703766192179e-01 -2.657449708121527587e-01
1.037976758807164224e-01 -2.767227654427241723e-01
7.702707855935847503e-02 -2.852229289300596271e-01
4.959076325217190440e-02 -2.911755340933453451e-01
2.172587265364254658e-02 -2.945317290963128110e-01
-6.327218897629652804e-03 -2.952640599014748068e-01
-3.432674727313207719e-02 -2.933666464319106826e-01
-6.203140604406875286e-02 -2.888552122643612829e-01
-8.920218967883140893e-02 -2.817669680969478452e-01
-1.156042225706588183e-01 -2.721603496424396806e-01
-1.410085640365076609e-01 -2.601146110056747340e-01
-1.651939794171339848e-01 -2.457292750234378875e-01
-1.879486673714829692e-01 -2.291234424882815923e-01
-2.090719334016992448e-01 -2.104349626551278996e-01
-2.283757995764169046e-01 -1.898194679505309235e-01
-2.456865403493211364e-01 -1.674492763772773840e-01
-2.608461343087343787e-01 -1.435121657378758131e-01
-2.737136216549376777e-01 -1.182100244937449030e-01
-2.841663590594439848e-01 -9.175738516802119105e-02
-2.921011562719069699e-01 -6.437984483851026674e-02
-2.974352876637126886e-01 -3.631238279082082965e-02
-3.001073731062297578e-01 -7.797582972639729992e-03
-3.000781130076060066e-01 2.091623096719434638e-02
-2.973308700756656098e-01 4.957693709106744673e-02
-2.918720891437844300e-01 7.793062175099949029e-02
-2.837315470386352345e-01 1.057236389849310898e-01
-2.729624252489303848e-01 1.327047093261880528e-01
-2.596411990789866953e-01 1.586270435896777742e-01
-2.438673380437924587e-01 1.832504762114653685e-01
-2.257628134841771494e-01 2.063435917974240363e-01
-2.054714107496035114e-01 2.276858277034651268e-01
-1.831578448068750253e-01 2.470695347465160507e-01
-1.590066797773128648e-01 2.643019775538796301e-01
-1.332210546711599386e-01 2.792072556202145894e-01
-1.060212194614014170e-01 2.916281258764381601e-01
-7.764288760205872997e-02 3.014277075021642438e-01
-4.833541312765079340e-02 3.084910498497480669e-01
-1.835980254755379890e-02 3.127265447081382099e-01
1.201342615432006780e-02 3.140671647303419078e-01
4.250652301558018042e-02 3.124715106880959770e-01
7.283690763734344820e-02 3.079246513066170587e-01
1.027196743398844092e-01 3.004387407727056036e-01
1.318701806171687640e-01 2.900534005987889796e-01
1.600066985176888112e-01 2.768358550225187287e-01
1.868531004796558648e-01 2.608808077448998008e-01
2.121415571055969007e-01 2.423100561054445379e-01
2.356152247786091058e-01 2.212718382946960716e-01
2.570308909649316464e-01 1.979399092022552098e-01
2.761615509351713627e-01 1.725123467243591113e-01
2.927988877871287587e-01 1.452100922663641380e-01
3.067556276293246786e-01 1.162752321918924248e-01
3.178677420942763732e-01 8.596903003865982718e-02
3.259964710055331949e-01 5.456972240299271665e-02
3.310301390292244017e-01 2.237009445078379927e-02
3.328857415013757870e-01 -1.032514599914650943e-02
3.315102763335524561e-01 -4.320217399464953978e-02
3.268818009534174007e-01 -7.594100802119549409e-02
3.190101956203443279e-01 -1.082185985389019223e-01
3.079376171509317084e-01 -1.397120151005490085e-01
2.937386300717498844e-01 -1.701017006381955188e-01
2.765200054586809952e-01 -1.990747597875620056e-01
2.564201811909416207e-01 -2.263282467430244305e-01
2.336083810062259403e-01 -2.515724171315462665e-01
2.082833935504387890e-01 -2.745339077867078870e-01
1.806720165268740075e-01 -2.949588081150569252e-01
1.510271750183177497e-01 -3.126155869921438679e-01
1.196257270320228161e-01 -3.272978398151710211e-01
8.676597325085443069e-02 -3.388268214778189513e-01
5.276489037988061487e-02 -3.470537335877259544e-01
1.795511649673506294e-02 -3.518617317297766389e-01
-1.731828526846120736e-02 -3.531676281356132541e-01
-5.270125723586948502e-02 -3.509232655457252825e-01
-8.783433350663961969e-02 -3.451165369269639793e-01
-1.223563465078238433e-01 -3.357720338245866465e-01
-1.559082147309091282e-01 -3.229513087743262623e-01
-1.881367708457554189e-01 -3.067527413734465469e-01
-2.186985880296973550e-01 -2.873110020067884962e-01
-2.472637614929998895e-01 -2.647961117935954678e-01
-2.735196018288012509e-01 -2.394121020090923813e-01
-2.971741969839589714e-01 -2.113952809842967739e-01
-3.179598003460641920e-01 -1.810121212391866963e-01
-3.356360036737083274e-01 -1.485567842977104369e-01
-3.499926553572461629e-01 -1.143483052072689632e-01
-3.608524867741049746e-01 -7.872746317967588281e-02
-3.680734122773814398e-01 -4.205336892580959635e-02
-3.715504716033451449e-01 -4.699803114867119082e-03
-3.712173871701540673e-01 3.294865610321977972e-02
-3.670477128277981893e-01 7.050067546792533613e-02
-3.590555550632918980e-01 1.075623351692634594e-01
-3.472958524152545690e-01 1.437413777309166640e-01
-3.318642038532026439e-01 1.786514897044602646e-01
-3.128962420698890301e-01 2.119165675767827328e-01
-2.905665529571840877e-01 2.431749187832746850e-01
-2.650871468329487057e-01 2.720833499938387634e-01
-2.367054962150108577e-01 2.983210902372118167e-01
-2.057021567344562429e-01 3.215935053793396725e-01
-1.723879905360507225e-01 3.416355605881953861e-01
-1.371010227128672820e-01 3.582149841903466969e-01
-1.002029621498514572e-01 3.711350946043364130e-01
-6.207542331176627709e-02 3.802372541696537045e-01
-2.311588947415223194e-02 3.854029177080697810e-01
1.626653858989008522e-02 3.865552481126252604e-01
5.565556143873598427e-02 3.836602761075360579e-01
9.463221780548410067e-02 3.767275865030288440e-01
1.327794880599935390e-01 3.658105187209731990e-01
1.696869116099142538e-01 3.510058750243377768e-01
2.049551649083951599e-01 3.324531356767850276e-01
2.382005467299420920e-01 3.103331861165284367e-01
2.690593180222116687e-01 2.848665670777689729e-01
2.971918449381966698e-01 2.563112643598980944e-01
3.222864955896751482e-01 2.249600605559200772e-01
3.440632436199977384e-01 1.911374764352963274e-01
3.622769348451233551e-01 1.551963347631043766e-01
3.767201769212481510e-01 1.175139840607714314e-01
3.872258162229115785e-01 7.848822411163250412e-02
3.936689708076131500e-01 3.853297883015262965e-02
3.959685934459258871e-01 -1.926234604331056094e-03
3.940885441483209517e-01 -4.245698874467776496e-02
3.880381566474182531e-01 -8.262472860730342428e-02
3.778722915054506526e-01 -1.219975947608021305e-01
3.636908731552036533e-01 -1.601512342022866908e-01
3.456379117981538962e-01 -1.966735453123743260e-01
3.239000215216687462e-01 -2.311692973622762881e-01
2.987044497585499836e-01 -2.632645718406649293e-01
2.703166394993957722e-01 -2.926109733851974815e-01
2.390373513058220711e-01 -3.188895606842073738e-01
2.051993774974021079e-01 -3.418144509096641137e-01
1.691638858294654824e-01 -3.611360550148741688e-01
1.313164344796471372e-01 -3.766439055338572928e-01
9.206270416075079677e-02 -3.881690433012278119e-01
5.182399662491043307e-02 -3.955859347128307668e-01
1.103255167498916334e-02 -3.988138967038974969e-01
-2.987326298297715219e-02 -3.978180124640093851e-01
-7.045383315622512355e-02 -3.926095269638232299e-01
-1.102731940859602577e-01 -3.832457175616507672e-01
-1.489038839261054015e-01 -3.698292412110966709e-01
-1.859316983477900809e-01 -3.525069660257518223e-01
-2.209602910401143316e-01 -3.314683010953356490e-01
-2.536155667541926118e-01 -3.069430444128731228e-01
-2.835498160636074072e-01 -2.791987744899123713e-01
-3.104455441579004882e-01 -2.485378166351301099e-01
-3.340189497064174340e-01 -2.152938198837910100e-01
-3.540230140801932102e-01 -1.798279851293386189e-01
-3.702501655974674843e-01 -1.425249877842788837e-01
-3.825344894191462508e-01 -1.037886471261679211e-01
-3.907534595385220855e-01 -6.403739044863172858e-02
-3.948291726342426644e-01 -2.369956279855987835e-02
-3.947290719629225064e-01 1.679135879021980901e-02
-3.904661547340105843e-01 5.700159202833623984e-02
-3.820986626339712422e-01 9.650186094236537504e-02
-3.697292613082365231e-01 1.348721365872094791e-01
-3.535037206513604868e-01 1.717062523026537946e-01
-3.336091136232793852e-01 2.066163406795440971e-01
-3.102715569300946719e-01 2.392370417973956054e-01
-2.837535222124316636e-01 2.692294352923761958e-01
-2.543507513086984972e-01 2.962846523715277347e-01
-2.223888136452666364e-01 3.201271279578807860e-01
-1.882193477974978824e-01 3.405174576775962803e-01
-1.522160327181180106e-01 3.572548293247196916e-01
-1.147703370033821973e-01 3.701790036971503994e-01
-7.628709683122249230e-02 3.791718252207840756e-01
-3.717997483558144189e-02 3.841582484963582123e-01
2.133146837745846045e-03 3.851068727422634619e-01
4.123478572295802280e-02 3.820299819924557472e-01
7.971243723137123871e-02 3.749830947676497939e-01
1.171630595835354421e-01 3.640640326971797958e-01
1.531974148035935013e-01 3.494115231572775815e-01
1.874442172998879719e-01 3.312033563408816605e-01
2.195540442626670863e-01 3.096541210319211368e-01
2.492029650811850294e-01 2.850125528465142222e-01
2.760958523835107536e-01 2.575585269715516268e-01
2.999693392743794651e-01 2.275997310850307320e-01
3.205943927729988929e-01 1.954680635918468745e-01
3.377784786094826797e-01 1.615158002500242385e-01
3.513672974426551021e-01 1.261115756093483253e-01
3.612460778450952703e-01 8.963622727040121418e-02
3.673404167910657159e-01 5.247855195552322827e-02
3.696166638105627955e-01 1.503102276023456779e-02
3.680818503697064203e-01 -2.231448327199315323e-02
3.627831713370374134e-01 -5.917089892541702728e-02
3.538070305321634468e-01 -9.516007500062627356e-02
3.412776672658734411e-01 -1.299167379130077016e-01
3.253553854113990784e-01 -1.630922541454311869e-01
3.062344108416145128e-01 -1.943581619209216182e-01
2.841404069784853603e-01 -2.234094338119994583e-01
2.593276816866560419e-01 -2.499674377344940357e-01
2.320761217665620046e-01 -2.737825678315512490e-01
2.026878938344067460e-01 -2.946365210815735103e-01
1.714839523941537602e-01 -3.123442000027318310e-01
1.388003973948958580e-01 -3.267552265156250524e-01
1.049847245172742805e-01 -3.377550568029734079e-01
7.039201184390850297e-02 -3.452656918092887883e-01
3.538108644698820249e-02 -3.492459827935318062e-01
3.107136258145711764e-04 -3.496915349614060364e-01
-3.446414849608729625e-02 -3.466342209365976812e-01
-6.859599042271673219e-02 -3.401413151306945104e-01
-1.017482503136851318e-01 -3.303142636140515842e-01
-1.335986342822340633e-01 -3.172871134842940588e-01
-1.638422255923080162e-01 -3.012246249517064878e-01
-1.921943531607178679e-01 -2.823200934249687766e-01
-2.183931932074440752e-01 -2.607929115405658860e-01
-2.422020815589445153e-01 -2.368859033137326320e-01
-2.634115179439989740e-01 -2.108624643810856070e-01
-2.818408475762323451e-01 -1.830035436445265340e-01
-2.973396093389271688e-01 -1.536045025082427851e-01
-3.097885439235213423e-01 -1.229718883275261465e-01
-3.191002592720190156e-01 -9.142015866753355757e-02
-3.252195545861144566e-01 -5.926839251561619171e-02
-3.281234079453942964e-01 -2.683702372143171450e-02
-3.278206361800106716e-01 5.555369321297369024e-03
-3.243512390298332049e-01 3.759518536032538383e-02
-3.177854427566130791e-01 6.897680289946843402e-02
-3.082224612269668929e-01 9.940543555089138839e-02
-2.957889950257285849e-01 1.285998144361180928e-01
-2.806374913702073814e-01 1.562946746637685624e-01
-2.629441894601565188e-01 1.822430258012844861e-01
-2.429069774051285657e-01 2.062181892762607882e-01
-2.207430880149650054e-01 2.280155887470521892e-01
-1.966866612025190975e-01 2.474542816783110166e-01
-1.709862028799934708e-01 2.643782271825520502e-01
-1.439019672002860017e-01 2.786572840980540700e-01
-1.157032904249953725e-01 2.901879354911610642e-01
-8.666590532260197433e-02 2.988937438079720121e-01
-5.706926243805543475e-02 3.047255399811663601e-01
-2.719388395042286743e-02 3.076613532538964857e-01
2.681225546867506762e-03 3.077060908819248541e-01
3.228108860249084139e-02 3.048909790540743070e-01
6.133716383365849650e-02 2.992727783126883923e-01
8.958963517718100678e-02 2.909327884475140791e-01
1.167895644554705070e-01 2.799756592698699476e-01
1.427008923645138594e-01 2.665280248450468958e-01
1.671022751560162223e-01 2.507369796696274911e-01
1.897887464679703651e-01 2.327684159307845668e-01
2.105731959267979070e-01 2.128052413842986823e-01
2.292876582718433864e-01 1.910454975481355733e-01
2.457844088136125205e-01 1.677003978430883779e-01
2.599368630076155373e-01 1.429923050380942640e-01
2.716402797858165630e-01 1.171526668944862098e-01
2.808122700204438993e-01 9.041992827159539559e-02
2.873931130865033934e-01 6.303743717808908686e-02
2.913458859293319714e-01 3.525136135242831065e-02
2.926564103249063020e-01 7.308630955495436232e-03
2.913330251396611947e-01 -2.054507811761520711e-02
2.874061908876578419e-01 -4.806730606823848145e-02
2.809279369370467072e-01 -7.502070633276393397e-02
2.719711586815153348e-01 -1.011748658537591911e-01
2.606287739577637930e-01 -1.263080363991931354e-01
2.470127503711652128e-01 -1.502087706932697664e-01
2.312530131780172749e-01 -1.726774549491408295e-01
2.134962441365994001e-01 -1.935277311648521126e-01
1.939045817682587547e-01 -2.125878035124174892e-01
1.726542334195428907e-01 -2.297016240456672687e-01
1.499340094032501070e-01 -2.447299537707043060e-01
1.259437893364369898e-01 -2.575512958613212500e-01
1.008929306027401690e-01 -2.680626984611135799e-01
7.499862865989903593e-02 -2.761804250972738628e-01
4.848423870502453770e-02 -2.818404912434821497e-01
2.157756801240147751e-02 -2.849990660183296387e-01
-5.490851917834734149e-03 -2.856327384005216685e-01
-3.248950440821170987e-02 -2.837386476934322665e-01
-5.918762896748069186e-02 -2.793344782913171342e-01
-8.535695615601018860e-02 -2.724583191003430160e-01
-1.107734271660150843e-01 -2.631683882627247617e-01
-1.352188893137172276e-01 -2.515426241348856506e-01
-1.584827585855030918e-01 -2.376781437935878150e-01
-1.803636402913337822e-01 -2.216905706996241676e-01
-2.006708987636194041e-01 -2.037132335480837109e-01
-2.192261669080662889e-01 -1.838962387871747040e-01
-2.358647856439438917e-01 -1.624054205679441587e-01
-2.504371660252769916e-01 -1.394211696778236975e-01
-2.628100623845179284e-01 -1.151371464468460282e-01
-2.728677460116972209e-01 -8.975888468358111938e-02
-2.805130718118754585e-01 -6.350229020236002053e-02
-2.856684275517722971e-01 -3.659204117856117849e-02
-2.882765562208626231e-01 -9.259897889633798493e-03
-2.883012422626206051e-01 1.825706961697399003e-02
-2.857278527735123697e-01 4.571832636227162600e-02
-2.805637252329759579e-01 7.288177916002561152e-02
-2.728383939273377745e-01 9.950573354018595051e-02
-2.626036479726424067e-01 1.253508881240917305e-01
-2.499334147314865862e-01 1.501823526685478194e-01
-2.349234634602362926e-01 1.737716750062142657e-01
-2.176909252156219443e-01 1.958988611877802155e-01
-1.983736263907416864e-01 2.163543722994072105e-01
-1.771292347338303541e-01 2.349410807093237907e-01
-1.541342183194516213e-01 2.514761679122961002e-01
-1.295826196784560513e-01 2.657929457112465088e-01
-1.036846491344140947e-01 2.777425822215665030e-01
-7.666510332154208296e-02 2.871957141239860900e-01
-4.876161685084953040e-02 2.940439267424259651e-01
-2.022275712322908064e-02 2.982010838977404710e-01
8.694025665869636529e-03 2.996044900974453307e-01
3.772457925395107659e-02 2.982158684729490083e-01
6.660034388991124821e-02 2.940221395992244635e-01
9.505074553377629298e-02 2.870359855276413685e-01
1.228056656077357173e-01 2.772961867559302074e-01
1.495979644982757539e-01 2.648677233093387762e-01
1.751660384917293201e-01 2.498416295160771627e-01
1.992563849566167666e-01 2.323345964727678570e-01
2.216261504429254681e-01 2.124883182046543861e-01
2.420456355458594777e-01 1.904685801310622706e-01
2.603007298356213584e-01 1.664640911894444408e-01
2.761952499061275379e-01 1.406850638207944870e-01
2.895531536613765167e-01 1.133615489418737798e-01
3.002206043517682277e-01 8.474153598963164724e-02
3.080678586030571875e-01 5.508883108243531335e-02
3.129909537523086205e-01 2.468072926174267809e-02
3.149131712179782383e-01 -6.194500383846921615e-03
3.137862543798672910e-01 -3.724029519353021928e-02
3.095913615190620805e-01 -6.815462093518230569e-02
3.023397367528445900e-01 -9.863290890686494949e-02
2.920730845748522597e-01 -1.283710796018916189e-01
2.788636365515326232e-01 -1.570686225654698287e-01
2.628139019026930479e-01 -1.844317005465059556e-01
2.440560970729203361e-01 -2.101762448645817793e-01
2.227512529441790512e-01 -2.340310080959737415e-01
1.990880020068672707e-01 -2.557405397561889338e-01
1.732810515529472906e-01 -2.750680506373723300e-01
1.455693537183013198e-01 -2.917981322692347335e-01
1.162139828264224795e-01 -3.057392975909168920e-01
8.549573970831275682e-02 -3.167263106601398426e-01
5.371250574044422743e-02 -3.246222767687915178e-01
2.117636781843675389e-02 -3.293204638503525183e-01
-1.178945716678665538e-02 -3.307458297666624469e-01
-4.485386788344178366e-02 -3.288562327392164364e-01
-7.768126103292496976e-02 -3.236433054002649801e-01
-1.099350153339709313e-01 -3.151329764627330277e-01
-1.412810396922809797e-01 -3.033856278072116774e-01
-1.713913467325389461e-01 -2.884958788162659826e-01
-1.999476118165374738e-01 -2.705919940042325056e-01
-2.266446770863049798e-01 -2.498349143442299969e-01
-2.511939599719620331e-01 -2.264169171300922379e-01
-2.733267260016800093e-01 -2.005599136739932564e-01
-2.927971866502586673e-01 -1.725133985738555586e-01
-3.093853843615524957e-01 -1.425520686307199247e-01
-3.228998287696135949e-01 -1.109731336977096972e-01
-3.331798505086398521e-01 -7.809334574253880279e-02
-3.400976418206376750e-01 -4.424577614989091967e-02
-3.435599564137741257e-01 -9.776374726092124795e-03
-3.435094446591885342e-01 2.495965305277991070e-02
-3.399256041993140021e-01 5.960161133200084227e-02
-3.328253303309960387e-01 9.378718025797767865e-02
-3.222630550716372166e-01 1.271563402412126398e-01
-3.083304696390035127e-01 1.593553097729725476e-01
-2.911558255760637315e-01 1.900404517324471576e-01
-2.709028202658481654e-01 2.188821018738516533e-01
-2.477690775739050943e-01 2.455682755321838551e-01
-2.219842337556043876e-01 2.698082084101429134e-01
-1.938076479895339543e-01 2.913356888274589163e-01
-1.635257604900099693e-01 3.099121409683491812e-01
-1.314491255880197718e-01 3.253294212247119233e-01
-9.790915131531596760e-02 3.374122927889169343e-01
-6.325458082496253354e-02 3.460205471669839383e-01
-2.784775438146746065e-02 3.510507452204604806e-01
7.939306392498840861e-03 3.524375546574108897e-01
4.372894785970538739e-02 3.501546655282368747e-01
7.914202120666459506e-02 3.442152701844738427e-01
1.138020592912973028e-01 3.346720992681581630e-01
1.473394451999328336e-01 3.216170105525399392e-01
1.793955239888479491e-01 3.051801327861081159e-01
2.096266094579512240e-01 2.855285720338791022e-01
2.377078387732877163e-01 2.628646932948165427e-01
2.633368293124480619e-01 2.374239953345091136e-01
2.862370942366356807e-01 2.094726016414482084e-01
3.061611759714141789e-01 1.793043951290993476e-01
3.228934599740375666e-01 1.472378286031217065e-01
3.362526348408484411e-01 1.136124470360033722e-01
3.460937689191195266e-01 7.878516128712294286e-02
3.523099791366551825e-01 4.312631621402977095e-02
3.548336684330123392e-01 7.015597505404303630e-03
3.536373182185896802e-01 -2.916217379720349723e-02
3.487338281285776165e-01 -6.502131050765487530e-02
3.401763952286940285e-01 -1.001795432755055171e-01
3.280579344877884718e-01 -1.342622689028518390e-01
3.125100468567804102e-01 -1.669067133293816729e-01
2.937015467334658791e-01 -1.977659605875160265e-01
2.718365658939037033e-01 -2.265128006025257934e-01
2.471522560658679368e-01 -2.528433508690449694e-01
2.199161171432905959e-01 -2.764804097486410206e-01
1.904229825312818702e-01 -2.971765023688980878e-01
1.589916972120634098e-01 -3.147165838218366485e-01
1.259615277809122136e-01 -3.289203685111572462e-01
9.168834687169535869e-02 -3.396442590307984788e-01
5.654063703387543494e-02 -3.467828528137320010e-01
2.089536120399531141e-02 -3.502700099076965223e-01
-1.486625159100468489e-02 -3.500794705482420111e-01
-5.036295577164793397e-02 -3.462250166411224850e-01
-8.521772418303752428e-02 -3.387601767662576369e-01
-1.190619190510117664e-01 -3.277774798041135362e-01
-1.515393504093590638e-01 -3.134072676926344947e-01
-1.823101750387921827e-01 -2.958160830802984975e-01
-2.110545910816747084e-01 -2.752046526820947636e-01
-2.374762861651245061e-01 -2.518054919069437902e-01
-2.613056009507797595e-01 -2.258801611983170532e-01
-2.823023702176414851e-01 -1.977162063406223691e-01
-3.002584114639664237e-01 -1.676238222466990280e-01
-3.149996364174476593e-01 -1.359322812800734803e-01
-3.263877606632814010e-01 -1.029861678218329663e-01
-3.343215950206995246e-01 -6.914146502501104796e-02
-3.387379066630501478e-01 -3.476154051226586911e-02
-3.396118432387246200e-01 -2.130786321988074731e-04
-3.369569185556969271e-01 3.413799284707415976e-02
-3.308245636731348416e-01 6.793053406041438258e-02
-3.213032524322529948e-01 1.008121357557368453e-01
-3.085172154898192520e-01 1.324429282511224437e-01
-2.926247617285667180e-01 1.624992135321650100e-01
-2.738162304497167576e-01 1.906768799314244034e-01
-2.523116019485717731e-01 2.166945618580488897e-01
-2.283577978842825651e-01 2.402965105059889916e-01
-2.022257062345825807e-01 2.612551453150655512e-01
-1.742069685367663157e-01 2.793732601371959889e-01
-1.446105695252903889e-01 2.944858625131686058e-01
-1.137592711588940042e-01 3.064616291333124298e-01
-8.198593436807638524e-02 3.152039653758584303e-01
-4.962977263655410365e-02 3.206516617260197766e-01
-1.703258175484199596e-02 3.227791448126974272e-01
1.546501024531914820e-02 3.215963256945189586e-01
4.752722983870448503e-02 3.171480528202359483e-01
7.882674038054390819e-02 3.095131823258054915e-01
1.090480784530375308e-01 2.988032799952081708e-01
1.378909073550840247e-01 2.851609774644270345e-01
1.650730549166814498e-01 2.687580079165258207e-01
1.903333021648067613e-01 2.497929471521840028e-01
2.134338953694905894e-01 2.284886916978430826e-01
2.341627572660042178e-01 2.050897074828109956e-01
2.523353772864456168e-01 1.798590847607098586e-01
2.677963648491749060e-01 1.530754366107256181e-01
2.804206540896508892e-01 1.250296795173097275e-01
2.901143528127914650e-01 9.602173518726980772e-02
2.968152328466862611e-01 6.635719292142253090e-02
3.004928633230237178e-01 3.634397152178808765e-02
3.011483926453641935e-01 6.289018898836218514e-03
2.988139889793710036e-01 -2.350491373304229928e-02
2.935519529594327048e-01 -5.274238789361351126e-02
2.854535199078223617e-01 -8.113825104212507577e-02
2.746373721640594234e-01 -1.084204363609817812e-01
2.612478850868933389e-01 -1.343325613310294153e-01
2.454531328880551200e-01 -1.586363003942745931e-01
2.274426826601184948e-01 -1.811135103156250037e-01
2.074252067509059216e-01 -2.015680903547662772e-01
1.856259450004424938e-01 -2.198275629917614271e-01
1.622840492862758222e-01 -2.357443646638498480e-01
1.376498433179899616e-01 -2.491968397147874270e-01
1.119820302254471295e-01 -2.600899351113259428e-01
8.554488170706663064e-02 -2.683555943868403681e-01
5.860544045120875956e-02 -2.739528566980991009e-01
3.143076516406684284e-02 -2.768676695064336002e-01
4.285248739006756145e-03 -2.771124235335417629e-01
-2.257196329149892267e-02 -2.747252243069305266e-01
-4.888942867106638862e-02 -2.697689165620701934e-01
-7.442571570591904884e-02 -2.623298801360054999e-01
-9.895154149234246244e-02 -2.525166180341308908e-01
-1.222517233889712784e-01 -2.404581590607931529e-01
-1.441269288976634033e-01 -2.263022987633952487e-01
-1.643952120583600796e-01 -2.102137034422778550e-01
-1.828933274431142064e-01 -1.923719026237312724e-01
-1.994778158095732445e-01 -1.729691956852409951e-01
-2.140258584032328215e-01 -1.522084982697243238e-01
-2.264358997414005481e-01 -1.303011537431320310e-01
-2.366280414332533333e-01 -1.074647342558459756e-01
-2.445442121559745496e-01 -8.392085498534912480e-02
-2.501481212865490078e-01 -5.989302389179179675e-02
-2.534250058561430263e-01 -3.560454783852041311e-02
-2.543811824270237887e-01 -1.127651424809224083e-02
-2.530434171730707171e-01 1.287413438555862558e-02
-2.494581288610457082e-01 3.663641779128044146e-02
-2.436904405725358047e-01 5.980701376430700572e-02
-2.358230968721405363e-01 8.219182144462443274e-02
-2.259552634062573506e-01 1.036073836361828954e-01
-2.142012272334747891e-01 1.238821595643696399e-01
-2.006890155943706899e-01 1.428576448506538865e-01
-1.855589495370285613e-01 1.603893370422493359e-01
-1.689621502845718437e-01 1.763475442738686727e-01
-1.510590145858605460e-01 1.906180388090858713e-01
-1.320176746519638733e-01 2.031025582745798475e-01
-1.120124572970918053e-01 2.137191589044299678e-01
-9.122235578277367030e-02 2.224024264336314782e-01
-6.982952663632645274e-02 2.291035514091185610e-01
-4.801782240785160139e-02 2.337902766158341805e-01
-2.597136997307762998e-02 2.364467250417748301e-01
-3.873202610868096626e-03 2.370731173304096162e-01
1.809604728821260708e-02 2.356853879961485210e-01
3.975938936598477635e-02 2.323147098169650038e-01
6.094464606046472860e-02 2.270069357795273524e-01
8.148554996094775627e-02 2.198219677509619663e-01
1.012227658319428125e-01 2.108330607050277750e-01
1.200048363745177399e-01 2.001260708586255488e-01
1.376890516560994315e-01 1.877986554986480483e-01
1.541422428636864961e-01 1.739594316219476022e-01
1.692415016141792794e-01 1.587270997963082242e-01
1.828748264860640405e-01 1.422295389017511347e-01
1.949416987194771411e-01 1.246028766531386972e-01
2.053535891706531613e-01 1.059905400601268144e-01
2.140343983355187663e-01 8.654228882874118178e-02
2.209208320279280047e-01 6.641323596158101028e-02
2.259627144358172801e-01 4.576285659313621829e-02
2.291232390302704869e-01 2.475398602781709451e-02
2.303791590516573451e-01 3.551809734767579201e-03
2.297209179076208363e-01 -1.767715410907595708e-02
2.271527194760674662e-01 -3.876607858865158823e-02
2.226925377767987324e-01 -5.954885760835748609e-02
2.163720649511031713e-01 -7.986113999784014150e-02
2.082365959917031051e-01 -9.954136688451818704e-02
1.983448482175045047e-01 -1.184318106884104105e-01
1.867687131092578556e-01 -1.363796136195114528e-01
1.735929378325885286e-01 -1.532378229821887150e-01
1.589147335911494652e-01 -1.688664199295933921e-01
1.428433078898073971e-01 -1.831333375811744490e-01
1.254993178581148561e-01 -1.959154636375288749e-01
1.070142419972216763e-01 -2.070996218203209338e-01
8.752966807504854174e-02 -2.165835256535557363e-01
6.719649540783988184e-02 -2.242766973097336247e-01
4.617405043049598035e-02 -2.301013434944754188e-01
2.462911526919465272e-02 -2.339931796601761871e-01
2.734869980050481323e-03 -2.359021932467212646e-01
-1.933024980422624883e-02 -2.357933361678594686e-01
-4.138377688598336018e-02 -2.336471364165869646e-01
-6.324051395124068164e-02 -2.294602184710083093e-01
-8.471390653162808038e-02 -2.232457217821695594e-01
-1.056174813257733103e-01 -2.150336084589596908e-01
-1.257663412332770958e-01 -2.048708492187018282e-01
-1.449787061980634950e-01 -1.928214777479551889e-01
-1.630774895152442283e-01 -1.789665062120716910e-01
-1.798918966870756142e-01 -1.634036939519408760e-01
-1.952590328872764180e-01 -1.462471630239337850e-01
-2.090255039315816465e-01 -1.276268556096847029e-01
-2.210489946329884658e-01 -1.076878298758825458e-01
-2.311998075693381949e-01 -8.658939258498228597e-02
-2.393623446334567084e-01 -6.450406862628062232e-02
-2.454365132944625882e-01 -4.161640963027824630e-02
-2.493390392926390087e-01 -1.812164592164333329e-02
-2.510046675358165169e-01 5.775811771431552805e-03
-2.503872332752356544e-01 2.986401223233684649e-02
-2.474605862221325170e-01 5.392523446939456039e-02
-2.422193511273592892e-01 7.773787622296796096e-02
-2.346795094853464936e-01 1.010784451478452389e-01
-2.248787884362251077e-01 1.237236355383865977e-01
-2.128768446169282125e-01 1.454524715853413863e-01
-1.987552326399754099e-01 1.660484964446765077e-01
-1.826171500393184433e-01 1.853019848933341596e-01
-1.645869528936659554e-01 2.030121560756291688e-01
-1.448094388926168263e-01 2.189893618354880889e-01
-1.234488973194539652e-01 2.330572254092679874e-01
-1.006879287031770959e-01 2.450547044313043932e-01
-7.672603818404430398e-02 2.548380539722518989e-01
-5.177801115421746397e-02 2.622826628607873301e-01
-2.607208357082556674e-02 2.672847378276470010e-01
1.520802933883201699e-04 2.697628129408563002e-01
2.664558542009766440e-02 2.696590612485409988e-01
5.315265932957335959e-02 2.669403876994477787e-01
7.941313892402597496e-02 2.615992843976963078e-01
1.051650663943091701e-01 2.536544315489734358e-01
1.301473676000579338e-01 2.431510300477434938e-01
1.541025845223507607e-01 2.301608545116596294e-01
1.767796318934263533e-01 2.147820186581846369e-01
1.979365469593897253e-01 1.971384482033081975e-01
2.173432005544819468e-01 1.773790599032531445e-01
2.347839372799057078e-01 1.556766489141115650e-01
2.500601126018144327e-01 1.322264902656852814e-01
2.629924951218358120e-01 1.072446638866833696e-01
2.734235031336622601e-01 8.096611622976003508e-02
2.812192458591654121e-01 5.364247507690808603e-02
2.862713414495710595e-01 2.553963750878249922e-02
2.884984859279051128e-01 -3.064845753289378860e-03
2.878477497187441059e-01 -3.188456342392270715e-02
2.842955812351398159e-01 -6.062718521071416844e-02
2.778485001398737220e-01 -8.899752049665449194e-02
2.685434663332920135e-01 -1.167006607273569641e-01
2.564479149353084964e-01 -1.434451698554140842e-01
2.416594495179852642e-01 -1.689462883608511545e-01
2.243051916649131672e-01 -1.929291120201171716e-01
2.045407901833300457e-01 -2.151317070240740259e-01
1.825490944689424078e-01 -2.353081257959317163e-01
1.585385026189397861e-01 -2.532312859985667575e-01
1.327409986198125613e-01 -2.686956769339586271e-01
1.054098969540676611e-01 -2.815198590730572659e-01
7.681731681768085018e-02 -2.915487244489148866e-01
4.725141176488744515e-02 -2.986554880799187628e-01
1.701338394778422261e-02 -3.027433834377504240e-01
-1.358568485266502257e-02 -3.037470382045736605e-01
-4.422815054435385446e-02 -3.016335101386850015e-01
-7.459323527286690347e-02 -2.964029667450137073e-01
-1.043605282662222189e-01 -2.880889965794672380e-01
-1.332135186920115899e-01 -2.767585443531803691e-01
-1.608431193874693410e-01 -2.625114664899352301e-01
-1.869511399760789838e-01 -2.454797083704700345e-01
-2.112536680564410241e-01 -2.258261091123381081e-01
-2.334843178433911870e-01 -2.037428443236265763e-01
-2.533973068539027151e-01 -1.794495217731962855e-01
-2.707703229502662068e-01 -1.531909492797479677e-01
-2.854071462626552314e-01 -1.252345982789874190e-01
-2.971399931879937228e-01 -9.586779042670852402e-02
-3.058315527711494841e-01 -6.539463818302333753e-02
-3.113766898102793834e-01 -3.413277429244728628e-02
-3.137037910877206182e-01 -2.409904683631237596e-03
-3.127757367737091787e-01 2.943977381705836782e-02
-3.085904848988064164e-01 6.107924842214763894e-02
-3.011812583433413071e-01 9.217241768667015778e-02
-2.906163303562980249e-01 1.223878267994686769e-01
-2.769984091064762732e-01 1.514023669927175575e-01
-2.604636266329418692e-01 1.789048954182348161e-01
-2.411801423816649081e-01 2.045997326042153786e-01
-2.193463762284612040e-01 2.282099959105857723e-01
-1.951888904337871489e-01 2.494807292305486479e-01
-1.689599442934217599e-01 2.681817915183303813e-01
-1.409347492843225358e-01 2.841104695302262284e-01
-1.114084562042419874e-01 2.970937834129335764e-01
-8.069290911866860982e-02 3.069904574191684166e-01
-4.911320381591396944e-02 3.136925320295942954e-01
-1.700409089291010645e-02 3.171265980613414137e-01
1.529373448119060799e-02 3.172546378919736676e-01
4.743741267435544473e-02 3.140744636654939637e-01
7.908572526315531259e-02 3.076197472131239619e-01
1.099028816458134800e-01 2.979596413537338728e-01
1.395622422220533509e-01 2.851979971736486874e-01
1.677499345628951088e-01 2.694721867598161569e-01
1.941683203327954077e-01 2.509515456115684051e-01
2.185392725891938948e-01 2.298354535237011886e-01
2.406072258699446798e-01 2.063510779885646684e-01
2.601419630090219259e-01 1.807508042689703331e-01
2.769411065515519632e-01 1.533093852500993226e-01
2.908322880091813167e-01 1.243208469056714255e-01
3.016749695818388144e-01 9.409518341541346642e-02
3.093618985337370231e-01 6.295488228249795926e-02
3.138201787020277189e-01 3.123132068507525338e-02
3.150119482913368851e-01 -7.389243396925976879e-04
3.129346578939466994e-01 -3.261780845155332065e-02
3.076209475118520387e-01 -6.406955158936653016e-02
2.991381261811394965e-01 -9.476432512343889447e-02
2.875872625494893531e-01 -1.243818519165182379e-01
2.731018993737749923e-01 -1.526148779502375374e-01
2.558464093286003105e-01 -1.791724759952834367e-01
2.360140136929356203e-01 -2.037831441013970568e-01
2.138244893592420315e-01 -2.261976644245317358e-01
1.895215931403787524e-01 -2.461916910545365322e-01
1.633702354918673272e-01 -2.635680390139893414e-01
1.356534384839515883e-01 -2.781586504192749554e-01
1.066691151184494535e-01 -2.898262178769442921e-01
7.672670886508485555e-02 -2.984654494770952460e-01
4.614373357282870042e-02 -3.040039641840464046e-01
1.524225468255054061e-02 -3.064028109545744449e-01
-1.565464707636041869e-02 -3.056566094764998631e-01
-4.622638857830743686e-02 -3.017933149566447426e-01
-7.615833386027970331e-02 -2.948736148903305376e-01
-1.051451411397691382e-01 -2.849899657169767120e-01
-1.328939693906260600e-01 -2.722652870070242925e-01
-1.591275106346745627e-01 -2.568513344530788389e-01
-1.835868149217229905e-01 -2.389267711813861939e-01
-2.060338784089638386e-01 -2.186949644865570641e-01
-2.262539681764928479e-01 -1.963815368972939568e-01
-2.440576609295144195e-01 -1.722317029640318964e-01
-2.592825764784136844e-01 -1.465074252163885704e-01
-2.717947908036317251e-01 -1.194844243494594532e-01
-2.814899175500116257e-01 -9.144907984989876504e-02
-2.882938509010271044e-01 -6.269525795834787751e-02
-2.921631669030955725e-01 -3.352110408339591813e-02
-2.930851843907333332e-01 -4.225836539445731316e-03
-2.910776906528345642e-01 2.489342221174386735e-02
-2.861883408291697739e-01 5.354474176099249805e-02
-2.784937436874397876e-01 8.144437387254516159e-02
-2.680982498614226106e-01 1.083196049208752509e-01
-2.551324617904066061e-01 1.339114413027868156e-01
-2.397514874541401830e-01 1.579771010604600623e-01
-2.221329625157299203e-01 1.802922877992283734e-01
-2.024748676422322424e-01 2.006532260608654417e-01
-1.809931695495199944e-01 2.188784405738173899e-01
-1.579193157003453141e-01 2.348102651994618262e-01
-1.334976135640740524e-01 2.483160708806240735e-01
-1.079825258672192367e-01 2.592892065096800702e-01
-8.163591317249638268e-02 2.676496457738835599e-01
-5.472425632788899957e-02 2.733443419985701617e-01
-2.751588877188673732e-02 2.763472964710517732e-01
-2.782684798973463890e-04 2.766593433929131485e-01
2.672468170379179234e-02 2.743076620459233284e-01
5.323513840171698736e-02 2.693450285460788907e-01
7.900382165531148748e-02 2.618488221754792789e-01
1.037922955846549561e-01 2.519198036287663700e-01
1.273751052006820428e-01 2.396806845673674080e-01
1.495417313408678728e-01 2.252745096231286992e-01
1.700983483590109979e-01 2.088628734204041049e-01
1.888693719526704506e-01 1.906239962844622493e-01
2.056987873179994541e-01 1.707506830713683699e-01
2.204512506416355933e-01 1.494481899922533719e-01
2.330129597345846626e-01 1.269320244197579550e-01
2.432922923469793275e-01 1.034257024675313413e-01
2.512202133407094307e-01 7.915848864018451558e-02
2.567504544073802575e-01 5.436314108006032320e-02
2.598594723730810463e-01 2.927368491095935429e-02
2.605461943036984085e-01 4.123234922847820658e-03
2.588315595933379787e-01 -2.085811261669887756e-02
2.547578709661122431e-01 -4.544530086934769897e-02
2.483879678344650399e-01 -6.942022966844529908e-02
2.398042367258695351e-01 -9.257355459618452076e-02
2.291074746065069057e-01 -1.147063563939366981e-01
2.164156208413101634e-01 -1.356316670596638407e-01
2.018623761826318086e-01 -1.551758460542947693e-01
1.855957255802068995e-01 -1.731798023853871049e-01
1.677763816333254221e-01 -1.895000548701230025e-01
1.485761661827035840e-01 -2.040096289040295163e-01
1.281763468473007261e-01 -2.165987888633867930e-01
1.067659447577584131e-01 -2.271756069492731900e-01
8.454002902305100819e-02 -2.356663708284528758e-01
6.169801261296036649e-02 -2.420158338262249353e-01
3.844196336992009716e-02 -2.461873126676991097e-01
1.497494280414184489e-02 -2.481626388389799320e-01
