5.000000000000000000e-01 0.000000000000000000e+00
4.973376555069192739e-01 -5.132317350995495991e-02
4.893800513525258800e-01 -1.020902969337381949e-01
4.762150574827416216e-01 -1.517518249781024953e-01
4.579879472837197207e-01 -1.997706732210179914e-01
4.348997241127985358e-01 -2.456282563182604073e-01
4.072048080198196196e-01 -2.888303081776262826e-01
3.752081105731457367e-01 -3.289124158034727463e-01
3.392615330479682445e-01 -3.654452020524999178e-01
2.997599301317147025e-01 -3.980390968748031000e-01
2.571365876659749694e-01 -4.263486416861426154e-01
2.118582686968522588e-01 -4.500762772625441221e-01
1.644198871745872204e-01 -4.689755718926146288e-01
1.153388729674107299e-01 -4.828538534966158591e-01
6.514929532451554928e-02 -4.915742162834759177e-01
1.439581477977742822e-02 -4.950568806127955135e-01
-3.637246487593700367e-02 -4.932798927436254366e-01
-8.660817198549602969e-02 -4.862791584918523258e-01
-1.357717971292342063e-01 -4.741478133241940895e-01
-1.833377061915756057e-01 -4.570349392805657662e-01
-2.287999663962292374e-01 -4.351436469227192849e-01
-2.716779179256620935e-01 -4.087285480490528977e-01
-3.115214271673564794e-01 -3.780926520993501128e-01
-3.479157618250967032e-01 -3.435837259101106600e-01
-3.804860330406644731e-01 -3.055901626885089151e-01
-4.089011552234469993e-01 -2.645364116756581674e-01
-4.328772804082007264e-01 -2.208780249008332752e-01
-4.521806705733005249e-01 -1.750963816298406195e-01
-4.666299783661458367e-01 -1.276931545348737040e-01
-4.760979140073341442e-01 -7.918458422243895845e-02
-4.805122836857193547e-01 -3.009563052359186600e-02
-4.798563924154489735e-01 1.904593013877090707e-02
-4.741688120056782307e-01 6.771539194177972343e-02
-4.635425223965778940e-01 1.153969228553717585e-01
-4.481234420460212253e-01 1.615892169199162343e-01
-4.281083702175652039e-01 2.058109311428190091e-01
-4.037423708339509254e-01 2.476058457676026670e-01
-3.753156339386713447e-01 2.865476906090099751e-01
-3.431598567886829376e-01 3.222445849738113099e-01
-3.076441913449501353e-01 3.543430430612917181e-01
-2.691708104282174996e-01 3.825315033247750351e-01
-2.281701484801116619e-01 4.065433467895980257e-01
-1.850958755340547379e-01 4.261593746002741989e-01
-1.404196660221668780e-01 4.412097227386622134e-01
-9.462582555321748246e-02 4.515751986624829128e-01
-4.820583966452515745e-02 4.571880317087786416e-01
-1.652908619752973141e-03 4.580320362063374784e-01
4.454346839518994600e-02 4.541421932546252371e-01
8.990279781425231098e-02 4.456036639666609012e-01
1.339587253344258488e-01 4.325502535552495087e-01
1.762639419495053428e-01 4.151623518863671314e-01
2.163948092420164837e-01 3.936643819561014279e-01
2.539556549750962566e-01 3.683217931007796153e-01
2.885826947338318571e-01 3.394376405633896532e-01
3.199475405382348203e-01 3.073487972608354157e-01
3.477602629140766899e-01 2.724218471822129062e-01
3.717719787856996749e-01 2.350487127635466078e-01
3.917769436663223193e-01 1.956420708039943168e-01
4.076141328842311506e-01 1.546306129967784659e-01
4.191683029150088946e-01 1.124542079390060262e-01
4.263705302085863957e-01 6.955902156163921990e-02
4.291982311250966409e-01 2.639265229709690866e-02
4.276746726476846061e-01 -1.660066400079114254e-02
4.218679894869774571e-01 -5.898472630498228370e-02
4.118897281672675437e-01 -1.003358674456321237e-01
3.978929443596912474e-01 -1.402472323509072749e-01
3.800698846111102980e-01 -1.783327918147235014e-01
3.586492870111583908e-01 -2.142310522261214878e-01
3.338933395674985594e-01 -2.476084260500251433e-01
3.060943380403634007e-01 -2.781622327003655526e-01
2.755710875068226873e-01 -3.056233045080973820e-01
2.426650938378777933e-01 -3.297581777317625806e-01
2.077365925680335068e-01 -3.503708539148650547e-01
1.711604633165919043e-01 -3.673041222905986669e-01
1.333220779899868258e-01 -3.804404392997670636e-01
9.461313047052813396e-02 -3.897023665536607506e-01
5.542749440205931022e-02 -3.950525736748779493e-01
1.615715404749223580e-02 -3.964934173242052884e-01
-2.281174894625993127e-02 -3.940661123140755118e-01
-6.110271264115611084e-02 -3.878495149674925369e-01
-9.835247853819853447e-02 -3.779585427604130188e-01
-1.342144081002243083e-01 -3.645422577465973757e-01
-1.683616019045574008e-01 -3.477816442749497305e-01
-2.004897351927525939e-01 -3.278871140456167677e-01
-2.303195877030560779e-01 -3.050957735950824423e-01
-2.575992499175705497e-01 -2.796684908421168680e-01
-2.821059921701762341e-01 -2.518867983628754192e-01
-3.036477873837559738e-01 -2.220496715990320225e-01
-3.220644821397213864e-01 -1.904702207990427165e-01
-3.372286165921447587e-01 -1.574723330149407630e-01
-3.490458950895935497e-01 -1.233873017463191640e-01
-3.574553142492943314e-01 -8.855048135884353855e-02
-3.624289602375559971e-01 -5.329799863720480202e-02
-3.639714886911953329e-01 -1.796355388718207796e-02
-3.621193041376129518e-01 1.712465878773611339e-02
-3.569394583979033087e-01 5.164688499825506596e-02
-3.485282897221198550e-01 8.529457313425563292e-02
-3.370098262943053147e-01 1.177729457138544655e-01
-3.225339792490500845e-01 1.488033608305319999e-01
-3.052745514591020393e-01 1.781254486637419976e-01
-2.854270890887530832e-01 2.054990111912273487e-01
-2.632066032697861768e-01 2.307056763901650376e-01
-2.388451892603648263e-01 2.535503012963704617e-01
-2.125895701118704351e-01 2.738621212662292193e-01
-1.846985912181895451e-01 2.914956456184621403e-01
-1.554406911839001371e-01 3.063313024899204096e-01
-1.250913732530272993e-01 3.182758381933991632e-01
-9.393070012183918349e-02 3.272624785926355195e-01
-6.224083335278956380e-02 3.332508619918217452e-01
-3.030363684862232357e-02 3.362267547606670459e-01
1.601638027142243377e-03 3.362015623729060487e-01
3.320057004773387804e-02 3.332116497227199936e-01
6.422567479534860291e-02 3.273174855012408457e-01
9.441838714764697049e-02 3.186026270464454302e-01
1.235309152580747194e-01 3.071725593054829284e-01
1.513279539584521938e-01 2.931534038826730248e-01
1.775882488797044800e-01 2.766905174266303113e-01
2.021060122465585529e-01 2.579469924049091478e-01
2.246921859529809606e-01 2.371020761211236061e-01
2.451755507695889402e-01 2.143495226498911832e-01
2.634036818267448399e-01 1.898958916570821220e-01
2.792437516427489497e-01 1.639588072683735298e-01
2.925831829210571167e-01 1.367651892758205978e-01
3.033301541234099674e-01 1.085494680575706528e-01
3.114139614407352430e-01 7.955179365655126733e-02
3.167852412379565941e-01 5.001624854514894608e-02
3.194160573531199532e-01 2.018907271783100879e-02
3.192998577993038656e-01 -9.683091076704404554e-03
3.164513054661040603e-01 -3.935492490973232366e-02
3.109059873647452288e-01 -6.858412966834628866e-02
3.027200068275642808e-01 -9.713307965772331742e-02
2.919694628804036518e-01 -1.247704324558048666e-01
2.787498207777707737e-01 -1.512726890145821290e-01
2.631751774480601824e-01 -1.764256992362396026e-01
2.453774253619213919e-01 -2.000261083748451074e-01
2.255053181323707079e-01 -2.218827396310833200e-01
2.037234410004630236e-01 -2.418179082280289549e-01
1.802110892734099801e-01 -2.596686620925446887e-01
1.551610614238973784e-01 -2.752879447302873372e-01
1.287783586550338977e-01 -2.885456744757187719e-01
1.012788022104802316e-01 -2.993297314878782256e-01
7.288757948915318419e-02 -3.075468505812289366e-01
4.383771177676396014e-02 -3.131234122089353589e-01
1.436845196288284721e-02 -3.160061248524905775e-01
-1.527638243572106147e-02 -3.161625919697839682e-01
-4.485013485293034424e-02 -3.135817565082846814e-01
-7.410508689157331574e-02 -3.082742159441752006e-01
-1.027942792707937647e-01 -3.002724008814575130e-01
-1.306733675752187740e-01 -2.896306104546328974e-01
-1.575025028173618336e-01 -2.764248981394468729e-01
-1.830482257404070223e-01 -2.607528021003819307e-01
-2.070853627056089830e-01 -2.427329148998282615e-01
-2.293989099529682996e-01 -2.225042882673888001e-01
-2.497858920226204149e-01 -2.002256696800253644e-01
-2.680571792050699953e-01 -1.760745687322609054e-01
-2.840392480785462470e-01 -1.502461526739202191e-01
-2.975758685183150232e-01 -1.229519720504209518e-01
-3.085297000515733190e-01 -9.441851908294372764e-02
-3.167837801067079906e-01 -6.488562325463448355e-02
-3.222428865891210914e-01 -3.460469050244404515e-02
-3.248347573266784361e-01 -3.836794427102297681e-03
-3.245111492821169952e-01 2.714937000209138862e-02
-3.212487210397872439e-01 5.807965768618603142e-02
-3.150497288971784160e-01 8.867675414794984334e-02
-3.059425044412109607e-01 1.186625542659837662e-01
-2.939817112268002797e-01 1.477606119050887123e-01
-2.792483825763685257e-01 1.756986425118945705e-01
-2.618497130293097053e-01 2.022110603020181863e-01
-2.419186017757224971e-01 2.270415243656870308e-01
-2.196129431562467149e-01 2.499454688353366094e-01
-1.951146618892603823e-01 2.706925912427860514e-01
-1.686284934340925301e-01 2.890692724571767847e-01
-1.403805127825277221e-01 3.048809011629534105e-01
-1.106164179554581378e-01 3.179540757310383992e-01
-7.959957752879733006e-02 3.281386565729994542e-01
-4.760885458188087588e-02 3.353096426597927948e-01
-1.493622250981489763e-02 3.393688468409286063e-01
1.811580887545437626e-02 3.402463459187174966e-01
5.123693565686848056e-02 3.379016831122484965e-01
8.411194651883940887e-02 3.323248025779317327e-01
1.164237273094217706e-01 3.235366980232892153e-01
1.478563546380630422e-01 3.115897601381024673e-01
1.780982476890369814e-01 2.965678105466032499e-01
2.068453457491093439e-01 2.785858132255499831e-01
2.338042776187316818e-01 2.577892578004545854e-01
2.586954881290181030e-01 2.343532127861797376e-01
2.812562864471760959e-01 2.084810506350407433e-01
3.012437807410749957e-01 1.804028503484911283e-01
3.184376718649946092e-01 1.503734909823515042e-01
3.326428498995586680e-01 1.186704351392510182e-01
3.436917714259076773e-01 8.559123605588522810e-02
3.514466054266798256e-01 5.145079191050364736e-02
3.558010956209400333e-01 1.657835942098823817e-02
3.566821192883260494e-01 -1.868563976932963860e-02
3.540509187940572011e-01 -5.399298855822724091e-02
3.479039853399406024e-01 -8.899118554433599337e-02
3.382735781152174659e-01 -1.233270612815265815e-01
3.252278659646588022e-01 -1.566504609905499390e-01
3.088706828844623997e-01 -1.886179534881406439e-01
2.893408930495602327e-01 -2.188965249584277073e-01
2.668113656154879054e-01 -2.471672155480116317e-01
2.414875641675443829e-01 -2.731286566330075050e-01
2.136057603508042524e-01 -2.965004669956480265e-01
1.834308858463677971e-01 -3.170264670646997240e-01
1.512540414010929146e-01 -3.344776718158857243e-01
1.173896860091623306e-01 -3.486550248864730972e-01
8.217253352445440251e-02 -3.593918389157633175e-01
4.595418789492587697e-02 -3.665559100569740214e-01
9.099551798930394925e-03 -3.700512779856808265e-01
-2.801695332304022373e-02 -3.698196065188863457e-01
-6.501531505663256383e-02 -3.658411641141369186e-01
-1.015139625111123323e-01 -3.581353879916286398e-01
-1.371338585904707530e-01 -3.467610203607025543e-01
-1.715026141314664465e-01 -3.318158176268709014e-01
-2.042585551122478860e-01 -3.134358047598351238e-01
-2.350547034968994142e-01 -2.917941027311996560e-01
-2.635626481469859894e-01 -2.670993480777214546e-01
-2.894762362987906568e-01 -2.395936940518431646e-01
-3.125150479729712494e-01 -2.095504215123007441e-01
-3.324276113184927439e-01 -1.772711834501572437e-01
-3.489943195711076585e-01 -1.430829116455210881e-01
-3.620300134972258554e-01 -1.073344182433706440e-01
-3.713861968607713449e-01 -7.039272896546276692e-02
-3.769528565510060769e-01 -3.263918818573471187e-02
-3.786598634946387598e-01 5.534620859552750669e-03
-3.764779352917342337e-01 4.373109492111847824e-02
-3.704191466030739566e-01 8.155092085059513496e-02
-3.605369786138376553e-01 1.185974277702064872e-01
-3.469259043386941910e-01 1.544809312721431571e-01
-3.297205120482595841e-01 1.888230194156393926e-01
-3.090941746166562809e-01 2.212607307013389202e-01
-2.852572780444078693e-01 2.514505752299337482e-01
-2.584550277304232258e-01 2.790723518854311691e-01
-2.289648561831296447e-01 3.038327166049623607e-01
-1.970934607080042644e-01 3.254684595811769277e-01
-1.631735041242118323e-01 3.437494525569440018e-01
-1.275600156882782388e-01 3.584812311751779390e-01
-9.062653308411085240e-02 3.695071815925197178e-01
-5.276102233507010825e-02 3.767103166652300272e-01
-1.436163895453805399e-02 3.800145825228307683e-01
2.416762176906311899e-02 3.793857103924470064e-01
6.242135857135094890e-02 3.748316227311786486e-01
9.999721147408652255e-02 3.664023521671829209e-01
1.365002756273899498e-01 3.541894867438204475e-01
1.715474307052100300e-01 3.383251478163871728e-01
2.047715358320587598e-01 3.189805125117274875e-01
2.358254416368375517e-01 2.963638980745356699e-01
2.643857732395899496e-01 2.707184306221563364e-01
2.901564407507977728e-01 2.423193257467165518e-01
3.128718371646593832e-01 2.114708129778120060e-01
3.322996873151372599e-01 1.785027402935532859e-01
3.482435157876871967e-01 1.437668985907204211e-01
3.605447062861964480e-01 1.076331092502251646e-01
3.690841298846293528e-01 7.048512062274635281e-02
3.737833247830809058e-01 3.271636137910039627e-02
3.746052155720783206e-01 -5.274399804074708653e-03
3.715543655184913585e-01 -4.308743783731783239e-02
3.646767609514098840e-01 -8.032644740811480111e-02
3.540591323765272525e-01 -1.166028614099951649e-01
3.398278224131614511e-01 -1.515400621911614509e-01
3.221472159607426389e-01 -1.847774377386012246e-01
3.012177530954576743e-01 -2.159742370247020871e-01
2.772735500100653727e-01 -2.448131813997117545e-01
2.505796533286663297e-01 -2.710038068445428383e-01
2.214289684882109754e-01 -2.942854539739645503e-01
1.901389079435105156e-01 -3.144299077098086093e-01
1.570477799232677107e-01 -3.312436872776504115e-01
1.225109713895261021e-01 -3.445699173175778007e-01
8.689696942922389700e-02 -3.542897773149924490e-01
5.058326794167249812e-02 -3.603235162697553395e-01
1.395220741403686848e-02 -3.626310247633645067e-01
-2.261320408477223223e-02 -3.612119618701109536e-01
-5.873344081132715611e-02 -3.561054396225316609e-01
-9.403653310452585179e-02 -3.473892729181076167e-01
-1.281620193318590839e-01 -3.351788077790622822e-01
-1.607647322948285995e-01 -3.196253456889434630e-01
-1.915183788012872756e-01 -3.009141862705528303e-01
-2.201188740219549855e-01 -2.792623147860261446e-01
-2.462873955869155917e-01 -2.549157647826253981e-01
-2.697731260981258150e-01 -2.281466896337183137e-01
-2.903556567841467095e-01 -1.992501796960626237e-01
-3.078470293481235243e-01 -1.685408642908902133e-01
-3.220933976013724553e-01 -1.363493396930874624e-01
-3.329762951726918385e-01 -1.030184657626707356e-01
-3.404135003764523493e-01 -6.889957476552688309e-02
-3.443594941490704109e-01 -3.434863630291189185e-02
-3.448055117626042110e-01 2.775778945458177256e-04
-3.417791937362275045e-01 3.462528624174548292e-02
-3.353438452585980056e-01 6.834742141705218987e-02
-3.255973130089638845e-01 1.011071953361849796e-01
-3.126705156983574097e-01 1.325815005438377436e-01
-2.967256374750728010e-01 1.624641476578939647e-01
-2.779540084022161794e-01 1.904688553520708094e-01
-2.565737038542099668e-01 2.163319800090108547e-01
-2.328268943910850874e-01 2.398149592980398648e-01
-2.069769799312372316e-01 2.607064477237338029e-01
-1.793055438523644129e-01 2.788241261680284300e-01
-1.501091639936042166e-01 2.940161715560510869e-01
-1.196961184028630110e-01 3.061623769597608402e-01
-8.838302407174478126e-02 3.151749166596657381e-01
-5.649144683229970210e-02 3.209987548600596319e-01
-2.434452006696917470e-02 3.236117008457753963e-01
7.736391076749603649e-03 3.230241173290301915e-01
3.943494464929014898e-02 3.192782925171642194e-01
7.044296248209759581e-02 3.124474899930260174e-01
1.004634249472651508e-01 3.026346938005558540e-01
1.292132908820635140e-01 2.899710691343297397e-01
1.564261163771135388e-01 2.746141617137951574e-01
1.818544490739602004e-01 2.567458612561667741e-01
2.052719777574991411e-01 2.365701564272244262e-01
2.264754203158702017e-01 2.143107102328158653e-01
2.452861365292141604e-01 1.902082860074345017e-01
2.615514555932773599e-01 1.645180549569977280e-01
2.751457150287530129e-01 1.375067997985966184e-01
2.859709901787552133e-01 1.094500954814309895e-01
2.939575403262992270e-01 8.062946855310740291e-02
2.990639699645833982e-01 5.132952728637716483e-02
3.012770979676087646e-01 2.183514253205232070e-02
3.006115508905344291e-01 -7.571308450588432569e-03
2.971090924055050375e-01 -3.661260879547292846e-02
2.908377033199092687e-01 -6.501925493001055323e-02
2.818904288038086015e-01 -9.253187311145490146e-02
2.703840113545787349e-01 -1.189034793869166856e-01
2.564573296371139288e-01 -1.439015651577847110e-01
2.402696646492537558e-01 -1.673099930291181148e-01
2.219988156708917471e-01 -1.889306901945187744e-01
2.018390891623615957e-01 -2.085851292111890742e-01
1.799991841882011001e-01 -2.261155886235432788e-01
1.566999980652531155e-01 -2.413861884636302746e-01
1.321723757819152079e-01 -2.542836981615502756e-01
1.066548263241530459e-01 -2.647181168101988558e-01
8.039122839252781094e-02 -2.726230280200342415e-01
5.362854712436150584e-02 -2.779557337480916268e-01
2.661458236974197089e-02 -2.806971734714759359e-01
-4.042321655585644994e-04 -2.808516368827065901e-01
-2.718496097678627099e-02 -2.784462798998378896e-01
-5.349021357977197522e-02 -2.735304551990388466e-01
-7.909009124332852525e-02 -2.661748696856872098e-01
-1.037640270569906847e-01 -2.564705667742746553e-01
-1.273024806849115120e-01 -2.445277919170553982e-01
-1.495085090696985919e-01 -2.304747329858442273e-01
-1.701992080857577527e-01 -2.144561128907077896e-01
-1.892069950944982315e-01 -1.966316958441399754e-01
-2.063807374099404512e-01 -1.771747089326040914e-01
-2.215867233216430587e-01 -1.562701943084896794e-01
-2.347094737681429122e-01 -1.341133070501910607e-01
-2.456523941033978142e-01 -1.109075733465565428e-01
-2.543382666415983095e-01 -8.686312316232169817e-02
-2.607095857954921381e-01 -6.219491095173074191e-02
-2.647287386360960837e-01 -3.712093732682882757e-02
-2.663780345960440887e-01 -1.186048387302594646e-02
-2.656595888160854235e-01 1.336762744502288137e-02
-2.625950642979649197e-01 3.834673961292475036e-02
-2.572252785828070265e-01 6.286402072988049594e-02
-2.496096811297895679e-01 8.671206986735734146e-02
-2.398257079345347265e-01 1.096904602261788569e-01
-2.279680202107869091e-01 1.316072119052411338e-01
-2.141476341740488898e-01 1.522801872659349798e-01
-1.984909491240516299e-01 1.715384025023178882e-01
-1.811386811366436644e-01 1.892232496046613310e-01
-1.622447097573067321e-01 2.051896234319243451e-01
-1.419748451500378594e-01 2.193069490878283290e-01
-1.205055232081177485e-01 2.314601052283775384e-01
-9.802242737382357851e-02 2.415502259082879799e-01
-7.471907764911311922e-02 2.494954141290697813e-01
-5.079536145652518986e-02 2.552313473100397689e-01
-2.645600494666219479e-02 2.587117369141402334e-01
-1.909022493782931446e-03 2.599086785836561275e-01
2.263585906723685273e-02 2.588128792037132087e-01
4.696879313209868789e-02 2.554337588411913496e-01
7.088141438939253580e-02 2.497994258515261468e-01
9.416843944560175650e-02 2.419565238247807781e-01
1.166292579339709701e-01 2.319699494649795912e-01
1.380695047465810288e-01 2.199224409716369899e-01
1.583026037449892787e-01 2.059140370270630127e-01
1.771512730293627325e-01 1.900614070932219180e-01
1.944489815910879493e-01 1.724970543917718757e-01
2.100413469522608989e-01 1.533683936825708249e-01
2.237874632207687842e-01 1.328367067694606884e-01
2.355611488757329008e-01 1.110759795454146909e-01
2.452521035587540144e-01 8.827162533774667030e-02
2.527669631952313423e-01 6.461910032136636284e-02
2.580302429198628178e-01 4.032241782509820432e-02
2.609851575431096360e-01 1.559256945176611120e-02
2.615943096814340452e-01 -9.354137946024560987e-03
2.598402361923470294e-01 -3.429781926068389136e-02
2.557258042126575037e-01 -5.901681079557050819e-02
2.492744488995204122e-01 -8.328952020096837272e-02
2.405302361293099878e-01 -1.068963020793549518e-01
2.295577791327554906e-01 -1.296213742564363836e-01
2.164419719693961575e-01 -1.512547485014731352e-01
2.012875237651750582e-01 -1.715941288572884749e-01
1.842183242416555733e-01 -1.904467926249845122e-01
1.653766283701471052e-01 -2.076314278266293278e-01
1.449220617563012070e-01 -2.229799093600324245e-01
1.230304501693585406e-01 -2.363389958577362671e-01
9.989247850549305696e-02 -2.475719292526227522e-01
7.571218639508936477e-02 -2.565599192475422341e-01
5.070530960583041064e-02 -2.632034952960629615e-01
2.509747833204374612e-02 -2.674237093329449588e-01
-8.777146305779873203e-04 -2.691631733503304647e-01
-2.698076097434443793e-02 -2.683869169997246118e-01
-5.296838261616452354e-02 -2.650830517080182691e-01
-7.859575781120987925e-02 -2.592632293219759854e-01
-1.036188078607283986e-01 -2.509628850301122149e-01
-1.277965232856011768e-01 -2.402412562405589203e-01
-1.508933071844373586e-01 -2.271811712017496321e-01
-1.726813125585801301e-01 -2.118886034195703594e-01
-1.929427496878839687e-01 -1.944919903269792805e-01
-2.114721391994563437e-01 -1.751413171740390795e-01
-2.280784863027551512e-01 -1.540069696993390247e-01
-2.425873517812043856e-01 -1.312783617871311481e-01
-2.548427957419400758e-01 -1.071623469756169816e-01
-2.647091609647283517e-01 -8.188143461541415313e-02
-2.720727078542465871e-01 -5.567180100700686030e-02
-2.768430494508933304e-01 -2.878111915631256443e-02
-2.789543528900910174e-01 -1.466252983067368532e-03
-2.783663219542029110e-01 2.600918904456344175e-02
-2.750649336618338214e-01 5.337741064562123716e-02
-2.690629159606176546e-01 8.036906974726426567e-02
-2.603999562001089729e-01 1.067159791420542042e-01
-2.491426328648338462e-01 1.321538378476620201e-01
-2.353840660131588658e-01 1.564249642528905138e-01
-2.192432849616904322e-01 1.792810014752091452e-01
-2.008643149410876405e-01 2.004855650364026909e-01
-1.804149876889999948e-01 2.198168029969038428e-01
-1.580854841992401227e-01 2.370698390839029168e-01
-1.340866210720694784e-01 2.520590701067266792e-01
-1.086478950668696292e-01 2.646202900737247288e-01
-8.201530350380194234e-02 2.746126149015813978e-01
-5.444896105424256588e-02 2.819201834292873188e-01
-2.622053616093105929e-02 2.864536125988070281e-01
2.389467200196610311e-03 2.881511871219039622e-01
3.109455449936073326e-02 2.869797666922960788e-01
5.960518254989947279e-02 2.829353967947474402e-01
8.763176692102145338e-02 2.760436123744174353e-01
1.148877222401167714e-01 2.663594270238699990e-01
1.410925019091525401e-01 2.539670038816312925e-01
1.659745937391362836e-01 2.389790161535190749e-01
1.892744703332532308e-01 2.215356805596969958e-01
2.107474319687987485e-01 2.018034758335519874e-01
2.301662946879981519e-01 1.799735812881307906e-01
2.473239228471834084e-01 1.562600272732200257e-01
2.620355648537029958e-01 1.308975812594483368e-01
2.741409639485711813e-01 1.041393907490404253e-01
2.835062182147166654e-01 7.625440726881203835e-02
2.900253666507867645e-01 4.752461849736668020e-02
2.936216811190905385e-01 1.824211807714655464e-02
2.942486472193570068e-01 -1.129395517158532890e-02
2.918906206195661102e-01 -4.078057511420992570e-02
2.865631490497184131e-01 -6.991404830755093558e-02
2.783129539896960769e-01 -9.839326020879143875e-02
2.672175700116123376e-01 -1.259229110707853483e-01
2.533846437217673331e-01 -1.522167048668752742e-01
2.369508982379864848e-01 -1.770004548906659869e-01
2.180807730847091619e-01 -2.000150704205055363e-01
1.969647532409362911e-01 -2.210193900183966553e-01
1.738174047861509308e-01 -2.397928286367182471e-01
1.488751381092682791e-01 -2.561378077159144340e-01
1.223937229304288277e-01 -2.698819398492823818e-01
9.464558239270309814e-02 -2.808799423391885042e-01
6.591689617159159076e-02 -2.890152570397048204e-01
3.650454488960406391e-02 -2.942013572367411789e-01
6.712939410561375060e-03 -2.963827333141734743e-01
-2.314926099697418166e-02 -2.955355271426745589e-01
-5.277247734659547274e-02 -2.916678110242916788e-01
-8.184953443626272196e-02 -2.848195299346604759e-01
-1.100789714402538311e-01 -2.750620867281238779e-01
-1.371682912191138914e-01 -2.624975798881705180e-01
-1.628371114554764687e-01 -2.472577022876164543e-01
-1.868201818553211491e-01 -2.295023133889659006e-01
-2.088702332177056753e-01 -2.094177011324396265e-01
-2.287606261517702577e-01 -1.872145533796270023e-01
-2.462877695830695546e-01 -1.631256621595926493e-01
-2.612732819122849381e-01 -1.374033870596360341e-01
-2.735658707337721984e-01 -1.103169068765664645e-01
-2.830429103507711708e-01 -8.214929106231307065e-02
-2.896116998964316513e-01 -5.319442453055803210e-02
-2.932103886400125314e-01 -2.375382101451619862e-02
-2.938085589782195028e-01 5.866638639015504114e-03
-2.914074616334211831e-01 3.536000610111888348e-02
-2.860399016530338900e-01 6.442156567603191109e-02
-2.777697778768372650e-01 9.275209760662796177e-02
-2.666912825607900550e-01 1.200610678722131563e-01
-2.529277717673321102e-01 1.460697088145184452e-01
-2.366303209050099332e-01 1.705139563843747763e-01
-2.179759833785733236e-01 1.931472116604766032e-01
-1.971657736512262837e-01 2.137428965272722137e-01
-1.744224084893693794e-01 2.320967828746978712e-01
-1.499878017048434653e-01 2.480290540551992606e-01
-1.241203688060701915e-01 2.613860797040257755e-01
-9.709218811783493219e-02 2.720419074533959591e-01
-6.918602132225078194e-02 2.798994380042453267e-01
-4.069223857883709494e-02 2.848912774764977285e-01
-1.190568342775296176e-02 2.869802601161972611e-01
1.687748694630075708e-02 2.861596383074961891e-01
4.536295056721410118e-02 2.824529407049241603e-01
7.326132359402884320e-02 2.759135031186921716e-01
1.002911831688700905e-01 2.666236805063332826e-01
1.261819773228257946e-01 2.546937520028236257e-01
1.506767907413607832e-01 2.402605343158893680e-01
1.735349372069708573e-01 2.234857219838156106e-01
1.945343518745620282e-01 2.045539759034085692e-01
2.134737591612484442e-01 1.836707841533400387e-01
2.301745949104399558e-01 1.610601214346553400e-01
2.444826645810820875e-01 1.369619354019998014e-01
2.562695224753470113e-01 1.116294897471312303e-01
2.654335604090438672e-01 8.532659510653231583e-02
2.719007977046081770e-01 5.832475968848720854e-02
2.756253679024693870e-01 3.090029194804671739e-02
2.765897010988082050e-01 3.331387682135311668e-03
2.748044042829610456e-01 -2.410476642206195452e-02
2.703078454240988582e-01 -5.113484146325492086e-02
2.631654600332655747e-01 -7.749214317834901555e-02
2.534687598255373486e-01 -1.029192737382456785e-01
2.413340851268843679e-01 -1.271706521604295814e-01
2.269011348728633415e-01 -1.500148885741031668e-01
2.103312631104218566e-01 -1.712369725796648590e-01
1.918055750094484202e-01 -1.906402592188518597e-01
1.715228462723549507e-01 -2.080482348144705451e-01
1.496972913107242620e-01 -2.233060477467105065e-01
1.265562067095474530e-01 -2.362817921515806552e-01
1.023375173156003126e-01 -2.468675355174750341e-01
7.728725276539513689e-02 -2.549800841797222883e-01
5.165698241261658386e-02 -2.605614837322099420e-01
2.570123643204261232e-02 -2.635792543528249210e-01
-3.250596222468688239e-04 -2.640263639401145279e-01
-2.616911032716243840e-02 -2.619209447487613196e-01
-5.158271057571674201e-02 -2.573057618601146124e-01
-7.632461638813566041e-02 -2.502474443027932760e-01
-1.001628038819829120e-01 -2.408354919220367096e-01
-1.228765957263530800e-01 -2.291810731630698761e-01
-1.442586363787699832e-01 -2.154156307648912305e-01
-1.641166995284151220e-01 -1.996893139418950136e-01
-1.822753134145665976e-01 -1.821692569506961901e-01
-1.985771920230046117e-01 -1.630377249913500526e-01
-2.128844625538948154e-01 -1.424901491725697189e-01
-2.250796819709748875e-01 -1.207330727799879599e-01
-2.350666478663816505e-01 -9.798202619322471385e-02
-2.427709684222615349e-01 -7.445936391274317334e-02
-2.481404173483889031e-01 -5.039208753607696961e-02
-2.511450935812186147e-01 -2.600965810868945474e-02
-2.517773582805454824e-01 -1.541832358545513950e-03
-2.500515663152719781e-01 2.278345993822252294e-02
-2.460036003067239130e-01 4.674217851045051053e-02
-2.396902169661173643e-01 7.011615737240588231e-02
-2.311882169532818720e-01 9.269499553418554527e-02
-2.205934507872646666e-01 1.142778388504648857e-01
-2.080196744497883055e-01 1.346750398094621326e-01
-1.935972692364907044e-01 1.537096837210201739e-01
-1.774718411281834829e-01 1.712189714596809853e-01
-1.598027154775432113e-01 1.870554506326533584e-01
-1.407613431408258620e-01 2.010880887518304572e-01
-1.205296343369289813e-01 2.132031836730352570e-01
-9.929823649714060452e-02 2.233051082056485837e-01
-7.726477218980432049e-02 2.313168873747598053e-01
-5.463205287810593558e-02 2.371806083210197813e-01
-3.160628381074608723e-02 2.408576642377299459e-01
-8.395274769868111414e-03 2.423288350598933050e-01
1.479332927563451264e-02 2.415942088278161259e-01
3.775378432397219486e-02 2.386729487425679475e-01
6.028393784267404437e-02 2.336029119086215633e-01
8.218686204087914671e-02 2.264401266190079753e-01
1.032724291620833457e-01 2.172581320400213678e-01
1.233587872051585821e-01 2.061471953308898208e-01
1.422737514249310109e-01 1.932134192154101593e-01
1.598561222088541456e-01 1.785777339630032767e-01
1.759568913157883718e-01 1.623747925399736669e-01
1.904403410129550944e-01 1.447517771727268310e-01
2.031850309690796941e-01 1.258671271744458975e-01
2.140846685934184868e-01 1.058891979693576957e-01
2.230488593002097619e-01 8.499486127231831167e-02
2.300037339237402945e-01 6.336805635599576658e-02
2.348924512099997974e-01 4.119830227316815391e-02
2.376755739676966184e-01 1.867918080679722287e-02
2.383313180765934125e-01 -3.993200195936471610e-03
2.368556741283178446e-01 -2.662175358001942632e-02
2.332624020187311631e-01 -4.900996034204760377e-02
2.275828993272176470e-01 -7.096340854612466498e-02
2.198659448131866923e-01 -9.229131458911499220e-02
2.101773188403618375e-01 -1.128080178440586945e-01
1.985993030119438674e-01 -1.323344398420075174e-01
1.852300617713126263e-01 -1.506994992801742317e-01
1.701829092000618771e-01 -1.677414742702078299e-01
1.535854647337917822e-01 -1.833093033680668893e-01
1.355787020213809480e-01 -1.972638170611177300e-01
1.163158956795979776e-01 -2.094788915346013636e-01
9.596147124490216063e-02 -2.198425167053328910e-01
7.468975499992819289e-02 -2.282577683877698438e-01
5.268365921258541529e-02 -2.346436798039290006e-01
3.013328882800172040e-02 -2.389360113791048623e-01
7.234459445975731547e-03 -2.410879001846744640e-01
-1.581283638371789452e-02 -2.410703874922396628e-01
-3.880601498712286934e-02 -2.388728180518518429e-01
-6.154152973872172722e-02 -2.345031054521520830e-01
-8.381653113420346746e-02 -2.279878585295623261e-01
-1.054305476612009684e-01 -2.193723644895960723e-01
-1.261871757389529114e-01 -2.087204251894431151e-01
-1.458957664122861875e-01 -1.961140439091394461e-01
-1.643730959544952019e-01 -1.816529609089883035e-01
-1.814450070715549479e-01 -1.654540371316398639e-01
-1.969480070207905997e-01 -1.476504865545186784e-01
-2.107308086747025910e-01 -1.283909589261567896e-01
-2.226558003888103598e-01 -1.078384759203941529e-01
-2.326004304841768899e-01 -8.616922510517946443e-02
-2.404584922427457083e-01 -6.357121753561577326e-02
-2.461412955475302811e-01 -4.024281622980505069e-02
-2.495787116892507207e-01 -1.639114425499463637e-02
-2.507200784135913962e-01 7.769617377054175572e-03
-2.495349530041207076e-01 3.202003035163849404e-02
-2.460137020880829584e-01 5.613728515746436998e-02
-2.401679179162189703e-01 7.989715822481753549e-02
-2.320306521013729140e-01 1.030760243808152010e-01
-2.216564513035685080e-01 1.254529064749713985e-01
-2.091212134170976344e-01 1.468115443798131692e-01
-1.945218426480758989e-01 1.669424713636181723e-01
-1.779756850763851428e-01 1.856450697647445969e-01
-1.596197685274417799e-01 2.027295878856566758e-01
-1.396098402165021901e-01 2.180190980755780661e-01
-1.181192057788613969e-01 2.313513752753224573e-01
-9.533737548326041977e-02 2.425806753691696904e-01
-7.146852563890558618e-02 2.515793929976614662e-01
-4.672978542193292895e-02 2.582395790392328361e-01
-2.134936153688848925e-02 2.624742987719262399e-01
4.435484736104965998e-03 2.642188127799918185e-01
3.038059150683074597e-02 2.634315639714434609e-01
5.623716271408373685e-02 2.600949556155291442e-01
8.175412670480271260e-02 2.542159070839171142e-01
1.066805649962169755e-01 2.458261759729198082e-01
1.307681878388440300e-01 2.349824374795244086e-01
1.537738319967064393e-01 2.217661142811638286e-01
1.754619552066277732e-01 2.062829527046775024e-01
1.956071010916995423e-01 1.886623436373831564e-01
2.139963079028332216e-01 1.690563894035483072e-01
2.304314343613107496e-01 1.476387206713337119e-01
2.447313760854623599e-01 1.246030703350721747e-01
2.567341466132146421e-01 1.001616142005164189e-01
2.662987978824229995e-01 7.454309115030420541e-02
2.733071499300820384e-01 4.799071910885449599e-02
2.776653268367879068e-01 2.075992522936365506e-02
2.793050646452421293e-01 -6.884094816105117837e-03
2.781847599509326696e-01 -3.466895895135165689e-02
2.742902622639933341e-01 -6.231779834849947991e-02
2.676353901575603267e-01 -8.955204814026004878e-02
2.582621603921439468e-01 -1.160943005347496587e-01
2.462407222318099276e-01 -1.416711903632819070e-01
2.316689923556395359e-01 -1.660162821056674343e-01
2.146719890809189180e-01 -1.888729267980455429e-01
1.954008680142970411e-01 -2.099970569510197227e-01
1.740316646932206779e-01 -2.291598877023503789e-01
1.507637532302943673e-01 -2.461504929055466084e-01
1.258180333848677446e-01 -2.607782257153907213e-01
9.943486181581220884e-02 -2.728749544708107821e-01
7.187174647399156846e-02 -2.822970862866532871e-01
4.340082613003454215e-02 -2.889273527358901528e-01
1.430615986173428868e-02 -2.926763343148028329e-01
-1.511914609324556229e-02 -2.934837030131486890e-01
-4.457594441617060421e-02 -2.913191652321404645e-01
-7.376215403411366667e-02 -2.861830904739394721e-01
-1.023759353783882803e-01 -2.781068146320236911e-01
-1.301188989979520094e-01 -2.671526103035969935e-01
-1.566993120856298161e-01 -2.534133202814277674e-01
-1.818352670206491717e-01 -2.370116542189656672e-01
-2.052577712460157133e-01 -2.180991535922126578e-01
-2.267137380118199597e-01 -1.968548312105713460e-01
-2.459688322952091610e-01 -1.734834936157994001e-01
-2.628101292420434443e-01 -1.482137679990940260e-01
-2.770485681487193097e-01 -1.212958499060311363e-01
-2.885211673422863887e-01 -9.299899434454216018e-02
-2.970929727009204435e-01 -6.360877598732007920e-02
-3.026587153590701296e-01 -3.342414710216642243e-02
-3.051441572662891843e-01 -2.754324474848187949e-03
-3.045071066806930848e-01 2.808446112679293186e-02
-3.007380893379192344e-01 5.877231749320586257e-02
-2.938606649016548000e-01 8.898910856405105319e-02
-2.839313823264174030e-01 1.184178990443371937e-01
-2.710393718990904977e-01 1.467483873942904693e-01
-2.553055759226653398e-01 1.736802883721491053e-01
-2.368816242124653915e-01 1.989266266023925755e-01
-2.159483647400433637e-01 2.222169033978519670e-01
-1.927140638313270260e-01 2.433001002768132581e-01
-1.674122942526389823e-01 2.619474842738593878e-01
-1.402995332516381866e-01 2.779551822283458651e-01
-1.116524961128678994e-01 2.911464937240640372e-01
-8.176523399508744960e-02 3.013739152195393789e-01
-5.094602769890317628e-02 3.085208511173559431e-01
-1.951411153135422169e-02 3.125029910352106199e-01
1.220373644361641592e-02 3.132693363193195246e-01
4.387669603307015054e-02 3.108028650326483122e-01
7.517347160890774926e-02 3.051208217379701160e-01
1.057658737754694073e-01 2.962746273142148890e-01
1.353323692511359810e-01 2.843494162096149580e-01
1.635615707212406122e-01 2.694631994433199229e-01
1.901556229724999936e-01 2.517656631936906475e-01
2.148334468904808114e-01 2.314366157514372857e-01
2.373338044757767329e-01 2.086840997073170501e-01
2.574181500489935437e-01 1.837421901410462577e-01
2.748732352451245808e-01 1.568685032325585482e-01
2.895134382150010843e-01 1.283414430839369402e-01
3.011827906209338934e-01 9.845721757906300553e-02
3.097566794966766235e-01 6.752665678114477821e-02
3.151432047957810068e-01 3.587186964337964190e-02
3.172841774312862850e-01 3.822776657633722604e-03
3.161557467646906039e-01 -2.828644253187072299e-02
3.117686507823997366e-01 -6.012094658467055652e-02
3.041680865509696075e-01 -9.134883456105510890e-02
2.934332029152854626e-01 -1.216447122462931268e-01
2.796762217431066899e-01 -1.506931827813107749e-01
2.630411982725075482e-01 -1.781922226420546151e-01
2.437024352342212485e-01 -2.038564054296393424e-01
2.218625693493241069e-01 -2.274199377911624298e-01
1.977503524971327697e-01 -2.486394740624112143e-01
1.716181532648790309e-01 -2.672966788791768522e-01
1.437392111660932836e-01 -2.832005133457364821e-01
1.144046629810063775e-01 -2.961892118583385192e-01
8.392038593360250098e-02 -3.061319310745297950e-01
5.260369863153629977e-02 -3.129300637853343892e-01
2.077994579378523651e-02 -3.165181952106912444e-01
-1.122099065066413208e-02 -3.168646952723124244e-01
-4.306821503457983896e-02 -3.139719421169968605e-01
-7.443333678568411771e-02 -3.078761763838656629e-01
-1.049939457210879445e-01 -2.986469899044272847e-01
-1.344370056633362731e-01 -2.863864566444793147e-01
-1.624621294376835667e-01 -2.712279176927069879e-01
-1.887846999297260187e-01 -2.533344359254842693e-01
-2.131388038988192568e-01 -2.328969395865003456e-01
-2.352799476276487001e-01 -2.101320773722109014e-01
-2.549875262094847272e-01 -1.852798106721846583e-01
-2.720670212958102852e-01 -1.586007713436877742e-01
-2.863519054086061666e-01 -1.303734157732706900e-01
-2.977052344213680368e-01 -1.008910079704357643e-01
-3.060209134864043667e-01 -7.045846603043302847e-02
-3.112246254871234297e-01 -3.938910748082147251e-02
-3.132744149758717178e-01 -8.001329780938632938e-03
-3.121609244730597643e-01 2.338473742850445680e-02
-3.079072839047675147e-01 5.445057182488605152e-02
-3.005686577975505980e-01 8.488255366505630117e-02
-2.902314585860078511e-01 1.143751817402277882e-01
-2.770122418603106484e-01 1.426341804738642249e-01
-2.610562851847915145e-01 1.693794551191982745e-01
-2.425358815893834397e-01 1.943478686123152888e-01
-2.216483745067651945e-01 2.172958242421471065e-01
-1.986139454420602357e-01 2.380016169734111564e-01
-1.736731854796954577e-01 2.562675343732369049e-01
-1.470844789871703640e-01 2.719216878956428052e-01
-1.191212295007408051e-01 2.848195584943273295e-01
-9.006895903790472502e-02 2.948452438749528670e-01
-6.022231296852684906e-02 3.019123981216587649e-01
-2.988200308764718191e-02 3.059648578972220534e-01
6.482783296843548648e-04 3.069769528808264369e-01
3.106494094143512352e-02 3.049535015314229769e-01
6.106754325636381403e-02 2.999294966092447279e-01
9.036177302236822473e-02 2.919694881161786770e-01
1.186623313034433497e-01 2.811666743926750089e-01
1.456956920166272706e-01 2.676417150027536329e-01
1.712027105295541585e-01 2.515412817205250340e-01
1.949410569964151740e-01 2.330363663759457138e-01
2.166874524050838857e-01 2.123203665023200293e-01
2.362396877889095248e-01 1.896069716351868051e-01
2.534184096898761118e-01 1.651278747274053105e-01
2.680686577113051139e-01 1.391303344581965307e-01
2.800611428334779940e-01 1.118746152182881065e-01
2.892932580499653628e-01 8.363133224678420685e-02
2.956898204363909155e-01 5.467872528452401293e-02
2.992035258106004458e-01 2.529990016570253519e-02
2.998151305756935336e-01 -4.219937274194299204e-03
2.975333704533403290e-01 -3.359624077428469829e-02
2.923946064778434883e-01 -6.254783753787128420e-02
2.844622118701869429e-01 -9.079957436301142049e-02
2.738257102267129262e-01 -1.180848718303545430e-01
2.605996776374459034e-01 -1.441481638237757934e-01
2.449224233361248226e-01 -1.687472013043594954e-01
2.269544652634500892e-01 -1.916552010643278736e-01
2.068768184857633363e-01 -2.126628221289628140e-01
1.848891157452818290e-01 -2.315799545253828529e-01
1.612075805201218515e-01 -2.482373072710274686e-01
1.360628738406718108e-01 -2.624877846259580649e-01
1.096978367442659474e-01 -2.742076418763004786e-01
8.236515065612697029e-02 -2.832974141469035700e-01
5.432493816726844532e-02 -2.896826139563519198e-01
2.584232664782803654e-02 -2.933141954050741407e-01
-2.815003102424096931e-03 -2.941687850072778332e-01
-3.137926139372242823e-02 -2.922486812215615015e-01
-5.958496621112457231e-02 -2.875816266869916649e-01
-8.717131141099901392e-02 -2.802203590169515812e-01
-1.138844670750495669e-01 -2.702419477301005735e-01
-1.394797935985970516e-01 -2.577469264964090123e-01
-1.637239522553677606e-01 -2.428582313387036840e-01
-1.863969015992706091e-01 -2.257199526358145691e-01
-2.072937469171065306e-01 -2.064959240917427774e-01
-2.262264448672363926e-01 -1.853681610072936692e-01
-2.430253600548866189e-01 -1.625351502241330071e-01
-2.575406460023123567e-01 -1.382100189244746813e-01
-2.696434478783422128e-01 -1.126185958177401414e-01
-2.792269197269270919e-01 -8.599738154118609368e-02
-2.862070504511643465e-01 -5.859144542474988004e-02
-2.905232943120699685e-01 -3.065226596710392271e-02
-2.921390031811099686e-01 -2.435532446871450669e-03
-2.910416592344380882e-01 2.580107494270702725e-02
-2.872429081884479429e-01 5.380010918835170797e-02
-2.807783945453457553e-01 8.130656777221173526e-02
-2.717074016398375313e-01 1.080700745295992277e-01
-2.601123005505311392e-01 1.338470157840297992e-01
-2.460978131600294327e-01 1.584026149857528099e-01
-2.297900958143947181e-01 1.815129306427182287e-01
-2.113356511447836150e-01 2.029667629620437452e-01
-1.909000766710930996e-01 2.225674553109070752e-01
-1.686666598092151081e-01 2.401345773545393303e-01
-1.448348298498579878e-01 2.555054775324465122e-01
-1.196184783677217145e-01 2.685366933895934061e-01
-9.324416035478004516e-02 2.791052091851418671e-01
-6.594918914987482617e-02 2.871095511560507463e-01
-3.797963895768165926e-02 2.924707118154444840e-01
-9.588263812595969326e-03 2.951328924400359877e-01
1.896763345270278608e-02 2.950640646539130496e-01
4.742838155739884098e-02 2.922563458628809063e-01
7.553416400547868781e-02 2.867261733607844865e-01
1.030272509346624316e-01 2.785142829867450209e-01
1.296542290075759218e-01 2.676854887301831076e-01
1.551682123309656991e-01 2.543282629660294503e-01
1.793310172406227254e-01 2.385541183596728843e-01
2.019152837365035813e-01 2.204967938732833588e-01
2.227065264009281398e-01 2.003112487274870679e-01
2.415050977893938855e-01 1.781724696191532009e-01
2.581280475551072096e-01 1.542740979602557905e-01
2.724108609611297638e-01 1.288268853761615484e-01
2.842090609539525969e-01 1.020569871747681739e-01
2.933996586245139482e-01 7.420410495990914512e-02
2.998824376714581130e-01 4.551949100141607779e-02
3.035810594099661031e-01 1.626382837708675172e-02
3.044439759396463940e-01 -1.329499774555059459e-02
3.024451402971171099e-01 -4.288422103231605276e-02
2.975845037717470554e-01 -7.222858924836057792e-02
2.898882920534159857e-01 -1.010528148956295613e-01
2.794090535040006928e-01 -1.290840612544824351e-01
2.662254745924432786e-01 -1.560544429963604540e-01
2.504419593974346880e-01 -1.817035198150452890e-01
2.321879720504888833e-01 -2.057807609669567439e-01
2.116171378417700533e-01 -2.280479558661039352e-01
1.889061229782864337e-01 -2.482815528548208417e-01
1.642532851307892672e-01 -2.662749049121960199e-01
1.378770928500045456e-01 -2.818403910537835011e-01
1.100143400142168243e-01 -2.948113975393424901e-01
8.091816166077864247e-02 -3.050441364274830147e-01
5.085586539004424700e-02 -3.124192810967425515e-01
2.010659468273405873e-02 -3.168433995076511134e-01
-1.104115745844568529e-02 -3.182501673703462819e-01
-4.229216417153361385e-02 -3.166013450030027987e-01
-7.334718750627249040e-02 -3.118875035104088922e-01
-1.039057844446020645e-01 -3.041284879689073462e-01
-1.336691708371607057e-01 -2.933736075599260307e-01
-1.623431166596854824e-01 -2.797015450325959773e-01
-1.896408449658628925e-01 -2.632199804765433804e-01
-2.152859061422215670e-01 -2.440649271259975883e-01
-2.390149985749449868e-01 -2.223997797702134405e-01
-2.605807066342609724e-01 -1.984140792847163826e-01
-2.797541269826196997e-01 -1.723219997926258018e-01
-2.963273546282431115e-01 -1.443605679829222666e-01
-3.101158008823320933e-01 -1.147876271190710895e-01
-3.209603164389428498e-01 -8.387956123177243983e-02
-3.287290941801343513e-01 -5.192879786793258567e-02
-3.333193280101103828e-01 -1.924111052808738509e-02
-3.346586060313438415e-01 1.386725546952895238e-02
-3.327060143947894733e-01 4.707260575268995551e-02
-3.274529488839623692e-01 8.004694341424095638e-02
-3.189236096097809448e-01 1.124612104970800497e-01
-3.071751600944254701e-01 1.439885855690259397e-01
-2.922975565828637157e-01 1.743078086639388291e-01
-2.744130387803862536e-01 2.031064985156749714e-01
-2.536752813759224900e-01 2.300844271759989457e-01
-2.302682093669997099e-01 2.549567168473806378e-01
-2.044044839102809041e-01 2.774569238915720604e-01
-1.763236691391173450e-01 2.973399755034930037e-01
-1.462900940727113186e-01 3.143849254710382457e-01
-1.145904273457619971e-01 3.283974967737881001e-01
-8.153098596818691979e-02 3.392123805010948123e-01
-4.743480263742633901e-02 3.466952626813437632e-01
-1.263847922769609222e-02 3.507445530930248245e-01
2.251114307026257089e-02 3.512927929533145588e-01
5.766046392835475626e-02 3.483077215250305336e-01
9.245271912044583651e-02 3.417929851174007494e-01
1.265316536970752803e-01 3.317884756451396910e-01
1.595452344967381308e-01 3.183702898149326499e-01
1.911493623380335904e-01 3.016503040862337226e-01
2.210115436179951320e-01 2.817753647588494004e-01
2.488144808764469751e-01 2.589260968252340422e-01
2.742595421845738790e-01 2.333153395409567343e-01
2.970700699827481528e-01 2.051862209612582699e-01
3.169944880836734202e-01 1.748098897222925552e-01
3.338091808079157730e-01 1.424829205903583862e-01
3.473211015135576063e-01 1.085244181135244790e-01
3.573700734301211157e-01 7.327285274465122900e-02
3.638307640426663436e-01 3.708265618852198131e-02
3.666143041419171467e-01 3.206117506891972705e-04
3.656695298373147662e-01 -3.663792286043520557e-02
3.609838298256783928e-01 -7.341292048365065381e-02
3.525835844615952119e-01 -1.096236755020960491e-01
3.405341876391594358e-01 -1.448928377331595019e-01
3.249396471173790490e-01 -1.788504450925277878e-01
3.059417636499511817e-01 -2.111379104519367778e-01
2.837188940586489183e-01 -2.414119181627172872e-01
2.584843081614308646e-01 -2.693481862895930057e-01
2.304841541741445843e-01 -2.946450516905158024e-01
1.999950517910398240e-01 -3.170268366813205896e-01
1.673213365577617129e-01 -3.362469581248785366e-01
1.327919833262133642e-01 -3.520907423631798316e-01
9.675724047111383674e-02 -3.643779124411832826e-01
5.958501010366157313e-02 -3.729647175212670307e-01
2.165701269256843642e-02 -3.777456782191521700e-01
-1.663522274473881735e-02 -3.786549257635618004e-01
-5.489449942447921504e-02 -3.756671173454119161e-01
-9.272217929313210372e-02 -3.687979147267583802e-01
-1.297224486919722752e-01 -3.581040180703580766e-01
-1.655065737031944373e-01 -3.436827543923123285e-01
-1.996971054703047255e-01 -3.256712163755226541e-01
-2.319319810820972272e-01 -3.042449608593600363e-01
-2.618684708896694135e-01 -2.796162860490735702e-01
-2.891869346818779496e-01 -2.520320976583455552e-01
-3.135943412251027129e-01 -2.217713877626114327e-01
-3.348275108550582968e-01 -1.891423527915418457e-01
-3.526560437873094145e-01 -1.544791813279758619e-01
-3.668849002424940942e-01 -1.181385462800035868e-01
-3.773566023228659971e-01 -8.049583950446591307e-02
-3.839530317842330676e-01 -4.194119004009533302e-02
-3.865968023725880887e-01 -2.875309718207135195e-03
-3.852521901844865315e-01 3.629478797470737927e-02
-3.799256105078785972e-01 7.516014833180517662e-02
-3.706656347462815582e-01 1.133142666816668309e-01
-3.575625462625365292e-01 1.503574615270229786e-01
-3.407474392363227800e-01 1.859011807379088166e-01
-3.203908698491452767e-01 2.195721926509829336e-01
-2.967010742290272507e-01 2.510166151705058302e-01
-2.699217725431664050e-01 2.799037377595315901e-01
-2.403295833608386500e-01 3.059295935312469350e-01
-2.082310768640279197e-01 3.288202414725640010e-01
-1.739594996062310550e-01 3.483347221214133094e-01
-1.378712072613091089e-01 3.642676537362816713e-01
-1.003418451195094430e-01 3.764514400967698404e-01
-6.176232066712075697e-02 3.847580688956716011e-01
-2.253460636898664549e-02 3.891004715440423145e-01
1.693257309756087195e-02 3.894334341924298726e-01
5.622811987234030418e-02 3.857540588727867981e-01
9.494296546102448664e-02 3.781017603204854804e-01
1.326744454374323701e-01 3.665578021763719607e-01
1.690305978053336655e-01 3.512443785736423241e-01
2.036343375104526787e-01 3.323232522541516021e-01
2.361274611267018264e-01 3.099939653534232176e-01
2.661744378023219726e-01 2.844916437841965573e-01
2.934659451149208009e-01 2.560844206786009325e-01
3.177221115167263576e-01 2.250705085661899307e-01
3.386954305144800337e-01 1.917749538204071569e-01
3.561733155789589822e-01 1.565461103555810252e-01
3.699802689693773572e-01 1.197518725614384882e-01
3.799796421362074961e-01 8.177570998920703771e-02
3.860749700774214199e-01 4.301254832553487450e-02
3.882108669104688548e-01 3.864542686908710792e-03
3.863734749264051693e-01 -3.526320977623826486e-02
3.805904644533836811e-01 -7.396697056750771437e-02
3.709305869139663536e-01 -1.118486265656749024e-01
3.575027884545955992e-01 -1.485198762017666818e-01
3.404548963976405940e-01 -1.836062897266003135e-01
3.199718954602147614e-01 -2.167511999263295464e-01
2.962738151456128510e-01 -2.476193818530602331e-01
2.696132557476806357e-01 -2.759004871349708399e-01
2.402725747572177772e-01 -3.013121849120228291e-01
2.085607753858106650e-01 -3.236029834752016665e-01
1.748101340231034972e-01 -3.425547148785889617e-01
1.393725986254333582e-01 -3.579846453707521969e-01
1.026160015883694626e-01 -3.697471954580646147e-01
6.492012955636718152e-02 -3.777352541041005818e-01
2.667269380093506559e-02 -3.818810762032995854e-01
-1.173475453092005794e-02 -3.821567571732142898e-01
-4.991091983514859415e-02 -3.785742832320032059e-01
-8.746882401680389219e-02 -3.711851606111215562e-01
-1.240297917222841079e-01 -3.600796315433026917e-01
-1.592273168712308173e-01 -3.453854893108005975e-01
-1.927107702923410715e-01 -3.272665088888330742e-01
-2.241489104664907972e-01 -3.059205137277261066e-01
-2.532331619763234509e-01 -2.815771029415072291e-01
-2.796806292177229092e-01 -2.544950665718613281e-01
-3.032368162055751326e-01 -2.249595196401969754e-01
-3.236780268609436018e-01 -1.932787883576833066e-01
-3.408134239537131127e-01 -1.597810841092898448e-01
-3.544867288464148558e-01 -1.248110026441897613e-01
-3.645775482924851207e-01 -8.872588727801207498e-02
-3.710023187361659591e-01 -5.189209583449494456e-02
-3.737148627920650057e-01 -1.468121152279286239e-02
-3.727065568010373697e-01 2.253376203485865301e-02
-3.680061149203182613e-01 5.938218675193645407e-02
-3.596789872853198289e-01 9.549950425984504720e-02
-3.478263938102651998e-01 1.305308474642993266e-01
-3.325840099380046322e-01 1.641345257702834792e-01
-3.141203141317197023e-01 1.959853354590155305e-01
-2.926346219679090144e-01 2.257776678060872122e-01
-2.683548311755394877e-01 2.532283858967275259e-01
-2.415349045723104437e-01 2.780794439897058545e-01
-2.124521201136320148e-01 3.001002263988441499e-01
-1.814041191760284166e-01 3.190895861604452488e-01
-1.487057857317335974e-01 3.348775671951543798e-01
-1.146859902273975607e-01 3.473267972122373592e-01
-7.968423275388361593e-02 3.563335422014559106e-01
-4.404722048748024865e-02 3.618284169715605958e-01
-8.125414401185589164e-03 3.637767497849260234e-01
2.773042010205405486e-02 3.621786026664089997e-01
6.317262468033064959e-02 3.570684523945047428e-01
9.785998874608405063e-02 3.485145404799383506e-01
1.314609877848979813e-01 3.366179035692496990e-01
1.636568893575697514e-01 3.215110986499537526e-01
1.941446987413175673e-01 3.033566401538863033e-01
2.226399182993002990e-01 2.823451685342167616e-01
2.488790970063361474e-01 2.586933721106615680e-01
2.726221490717538609e-01 2.326416859216537125e-01
2.936544232558048750e-01 2.044517929802242284e-01
3.117885102822492427e-01 1.744039496978356807e-01
3.268657640124645880e-01 1.427941770553693979e-01
3.387575383822916120e-01 1.099313398796545188e-01
3.473661359992762931e-01 7.613413034864380258e-02
3.526254539196205240e-01 4.172799957137723892e-02
3.545013294214654498e-01 7.042062182243544882e-03
3.529915872897479989e-01 -2.759399727420623616e-02
3.481257928133817403e-01 -6.185298801724586903e-02
3.399647172649615801e-01 -9.541321947806785664e-02
3.285995250665783018e-01 -1.279614243259401540e-01
3.141506941250264973e-01 -1.591955731686303666e-01
2.967666829305944942e-01 -1.888275574989155547e-01
2.766223599432129365e-01 -2.165857190969259216e-01
2.539172125280085845e-01 -2.422172058767507741e-01
2.288733542417593636e-01 -2.654901360634114305e-01
2.017333506072591653e-01 -2.861955545812799317e-01
1.727578846414117020e-01 -3.041491676059315807e-01
1.422232843243489420e-01 -3.191928433574815482e-01
1.104189349124148345e-01 -3.311958693746382965e-01
7.764459951067236021e-02 -3.400559586860087413e-01
4.420767163551495016e-02 -3.456999994706461687e-01
1.042038362130132297e-02 -3.480845449567602223e-01
-2.340300533585953566e-02 -3.471960424305530757e-01
-5.694901794045938159e-02 -3.430508023023153275e-01
-8.990774121212237457e-02 -3.356947101916331055e-01
-1.219755633867494055e-01 -3.252026822716108656e-01
-1.528578308458558299e-01 -3.116778832082097717e-01
-1.822714163132249654e-01 -2.952507101034851922e-01
-2.099471821992072718e-01 -2.760775401444490185e-01
-2.356323086045997717e-01 -2.543392672479098393e-01
-2.590924725508821358e-01 -2.302396371507206829e-01
-2.801138618951219961e-01 -2.040033955443885105e-01
-2.985050087518825168e-01 -1.758742650896906734e-01
-3.140984286840011741e-01 -1.461127682656506444e-01
-3.267520534303680613e-01 -1.149939140059498127e-01
-3.363504465034449775e-01 -8.280476695301253187e-02
-3.428057926042498704e-01 -4.984191891432313004e-02
-3.460586534602981823e-01 -1.640888273597045435e-02
-3.460784843852966475e-01 1.718657068595636980e-02
-3.428639075811553139e-01 5.063511115557165626e-02
-3.364427399462641133e-01 8.362856233510385096e-02
-3.268717749121350380e-01 1.158626078308074708e-01
-3.142363195966244027e-01 1.470394687298669512e-01
-2.986494903290163871e-01 1.768705312435258914e-01
-2.802512713630901930e-01 2.050789033745690215e-01
-2.592073433413564776e-01 2.314018799218546807e-01
-2.357076897990302011e-01 2.555932956617973373e-01
-2.099649916916034587e-01 2.774257472073385911e-01
-1.822128215861731071e-01 2.966926648394991317e-01
-1.527036507644808638e-01 3.132102165352042000e-01
-1.217066806532531853e-01 3.268190232623558455e-01
-8.950552707852849066e-02 3.373856812467947996e-01
-5.639576335262033724e-02 3.448040727244907622e-01
-2.268233699521614299e-02 3.489964409188562322e-01
1.132310847755179685e-02 3.499142302242178038e-01
4.530498965821729007e-02 3.475386787580907466e-01
7.894659500816986197e-02 3.418811556222717263e-01
1.119329292165616024e-01 3.329832371265906144e-01
1.439535664381321467e-01 3.209165182382978654e-01
1.747054881925456105e-01 3.057821576136226516e-01
2.038958813874941767e-01 2.877101567335622612e-01
2.312448717954154742e-01 2.668583758893479652e-01
2.564881683788697853e-01 2.434112920286380377e-01
2.793795941308794828e-01 2.175785057641388132e-01
2.996934795808199881e-01 1.895930071434424047e-01
3.172268958190713195e-01 1.597092120624803990e-01
3.318017048180211259e-01 1.282007834540415114e-01
3.432664059744556240e-01 9.535825357525594403e-02
3.514977591679542268e-01 6.148646583101963214e-02
3.564021662182594308e-01 2.690185658067514515e-02
3.579167944257727885e-01 -8.070400740654752950e-03
3.560104278847943116e-01 -4.309936512036861150e-02
3.506840344575734569e-01 -7.785138545921832520e-02
3.419710386746919739e-01 -1.119932190615409717e-01
3.299372933670101093e-01 -1.451951829825631757e-01
3.146807425650636758e-01 -1.771343051927670720e-01
2.963307847659850114e-01 -2.074974565689103323e-01
2.750473272132212821e-01 -2.359844292804011701e-01
2.510195319151819482e-01 -2.623109206477651223e-01
2.244642704627093921e-01 -2.862114040122407110e-01
1.956242940730260615e-01 -3.074418538803416756e-01
1.647661320619514536e-01 -3.257822966595687597e-01
1.321777348949105535e-01 -3.410391594282171646e-01
9.816588082905804147e-02 -3.530473906199127487e-01
6.305336789995924507e-02 -3.616723282467133593e-01
2.717601559307313008e-02 -3.668112933241907681e-01
-9.120497060293055250e-03 -3.683948884848331495e-01
-4.548392804290468661e-02 -3.663879843555917226e-01
-8.155887271779581338e-02 -3.607903791108998948e-01
-1.169902354998955396e-01 -3.516371196698496182e-01
-1.514267389860335378e-01 -3.389984762578572286e-01
-1.845244356786809592e-01 -3.229795654682597328e-01
-2.159501867701840438e-01 -3.037196205041710062e-01
-2.453850721515173083e-01 -2.813909109192975211e-01
-2.725276958857418830e-01 -2.561973178697400932e-01
-2.970973518502457722e-01 -2.283725745968242515e-01
-3.188370151079293890e-01 -1.981781855420721994e-01
-3.375161258156782473e-01 -1.659010411071293045e-01
-3.529331341139199107e-01 -1.318507485710167793e-01
-3.649177764541988167e-01 -9.635670302194075665e-02
-3.733330537883226552e-01 -5.976492950307518703e-02
-3.780768964271678523e-01 -2.243471469010946059e-02
-3.790834844587695485e-01 1.526493397203767914e-02
-3.763242035138416042e-01 5.295895601030248256e-02
-3.698082296806302072e-01 9.027000797659356923e-02
-3.595827296234732628e-01 1.268222937900605196e-01
-3.457326692472111329e-01 1.622454157034224631e-01
-3.283802283911287923e-01 1.961782054474708881e-01
-3.076838232731989309e-01 2.282724947664113990e-01
-2.838367426905677449e-01 2.581967846665769173e-01
-2.570654082664794449e-01 2.856397732689915370e-01
-2.276272732672497967e-01 3.103137031835907500e-01
-1.958083786452256558e-01 3.319574908053828932e-01
-1.619205889449754077e-01 3.503396018605948181e-01
-1.262985344913163943e-01 3.652606398884534755e-01
-8.929628981182245739e-02 3.765556171107891092e-01
-5.128382148801720330e-02 3.840958802908253089e-01
-1.264324153628197667e-02 3.877906676830285559e-01
2.623509504731039166e-02 3.875882769916129122e-01
6.495660781940382211e-02 3.834768283457321569e-01
1.031265810545515110e-01 3.754846106201228384e-01
1.403542828776319917e-01 3.636800039330774226e-01
1.762570689615500785e-01 3.481709757883965639e-01
2.104644261511968706e-01 3.291041530413547633e-01
2.426219116455247127e-01 3.066634766060107875e-01
2.723949420411320155e-01 2.810684553478752234e-01
2.994723985626394080e-01 2.525720217623005914e-01
3.235699981402775371e-01 2.214580171210396298e-01
3.444333910222703299e-01 1.880383429855209398e-01
3.618409569033578244e-01 1.526497938397393117e-01
3.756062640764576410e-01 1.156506078300847395e-01
3.855801627983179714e-01 7.741677173830877057e-02
3.916524879716418162e-01 3.833811930300923265e-02
3.937533504729060496e-01 -1.185735434511856010e-03
3.918540009493243215e-01 -4.074958598613473426e-02
3.859672546188039344e-01 -7.994689709346926298e-02
3.761474704789482537e-01 -1.183740977502015790e-01
3.624900833083981588e-01 -1.556348565315073262e-01
3.451306918676161350e-01 -1.913442921679252562e-01
3.242437117172194405e-01 -2.251330728207767695e-01
3.000406060104960915e-01 -2.566513585764179650e-01
2.727677124236908557e-01 -2.855725432675975117e-01
2.427036890051903206e-01 -3.115967538357127253e-01
2.101566060970763150e-01 -3.344540680451525971e-01
1.754607155565320875e-01 -3.539074144214057194e-01
1.389729322306424708e-01 -3.697551217736143592e-01
1.010690659705923977e-01 -3.818330895397516467e-01
6.213984536919230778e-02 -3.900165544137174090e-01
2.258677683327235675e-02 -3.942214332291419376e-01
-1.718211547038143994e-02 -3.944052268315128007e-01
-5.675661953936699672e-02 -3.905674802208627394e-01
-9.572869712736185865e-02 -3.827497777668071310e-01
-1.336968177623197029e-01 -3.710352816706459778e-01
-1.702702163800804414e-01 -3.555478324134263013e-01
-2.050730358205776482e-01 -3.364506046719705767e-01
-2.377483049875884769e-01 -3.139443387403859087e-01
-2.679617088573331141e-01 -2.882651673203068809e-01
-2.954051089097513016e-01 -2.596820621020921038e-01
-3.197997754232797529e-01 -2.284939288311393091e-01
-3.408992963848453406e-01 -1.950263834877711822e-01
-3.584921314816201798e-01 -1.596282457592840542e-01
-3.724037837149676289e-01 -1.226677891070113158e-01
-3.824985655607303636e-01 -8.452878939320745966e-02
-3.886809412406270758e-01 -4.560641620150651665e-02
-3.908964315111266297e-01 -6.303012636083191525e-03
-3.891320723604846377e-01 3.297618949975231889e-02
-3.834164240718033190e-01 7.182737167651080668e-02
-3.738191321993770133e-01 1.098524002778556996e-01
-3.604500470565079051e-01 1.466630209551208763e-01
-3.434579132654267397e-01 1.818849298212598109e-01
-3.230286457154385449e-01 2.151616772100449215e-01
-2.993832128575956708e-01 2.461583618323535116e-01
-2.727751525797050269e-01 2.745650757440816214e-01
-2.434877499044677818e-01 3.001000635662130489e-01
-2.118309093903098794e-01 3.225125628281519941e-01
-1.781377614042153612e-01 3.415853022684910423e-01
-1.427610290741479493e-01 3.571366155441697554e-01
-1.060692103964523958e-01 3.690221580513924349e-01
-6.844262070396459063e-02 3.771362260036307812e-01
-3.026932920194875393e-02 3.814126480357096782e-01
8.058960896734485707e-03 3.818252479570720670e-01
4.615104318490446944e-02 3.783878767834945589e-01
8.362030462512665130e-02 3.711540170167628716e-01
1.200887434396437636e-01 3.602159669039083356e-01
1.551908651778246551e-01 3.457036170358497862e-01
1.885774155730200463e-01 3.277828360861462231e-01
2.199189110187024510e-01 3.066534866933491310e-01
2.489089301382571839e-01 2.825470964079427882e-01
2.752671329576514281e-01 2.557242122138695950e-01
2.987419775750018158e-01 2.264714703565175180e-01
3.191131079115407942e-01 1.950984160300603953e-01
3.361933900771766903e-01 1.619341098688215075e-01
3.498305790407895133e-01 1.273235601271044126e-01
3.599086016087253426e-01 9.162402090278008726e-02
3.663484461315826834e-01 5.520119775085775837e-02
3.691086538257772887e-01 1.842540253937044459e-02
3.681854110590770390e-01 -1.833230057777351235e-02
3.636122463558354445e-01 -5.470391665079250842e-02
3.554593401769679528e-01 -9.032826838532208302e-02
3.438324596728870586e-01 -1.248546324180507955e-01
3.288715386472287894e-01 -1.579462322455686407e-01
3.107489072993765422e-01 -1.892835357659060636e-01
2.896672103019871658e-01 -2.185673322015430908e-01
2.658570439079454562e-01 -2.455215748210170246e-01
2.395743273071704038e-01 -2.698959448938300087e-01
2.110974450440827044e-01 -2.914681188188358862e-01
1.807241939055954649e-01 -3.100457188305394962e-01
1.487685692484341238e-01 -3.254679314408129853e-01
1.155574268724114673e-01 -3.376067816333419569e-01
8.142705725841432873e-02 -3.463680547474565219e-01
4.671970927697561421e-02 -3.516918619199613794e-01
1.178010034126273156e-02 -3.535528488521178514e-01
-2.304805056204361005e-02 -3.519600514894798415e-01
-5.742543146358507905e-02 -3.469564059022389735e-01
-9.102045342933030858e-02 -3.386179231930666611e-01
-1.235124414658085867e-01 -3.270525436009704134e-01
-1.545946697483077392e-01 -3.123986870796366944e-01
-1.839772128736743007e-01 -2.948235204770215945e-01
-2.113895873618993060e-01 -2.745209640034712573e-01
-2.365831603741104239e-01 -2.517094619265158872e-01
-2.593333055414487887e-01 -2.266295443541874732e-01
-2.794412888709567611e-01 -1.995412085522126899e-01
-2.967358708718150773e-01 -1.707211494752818304e-01
-3.110746142887368393e-01 -1.404598700747472784e-01
-3.223448901000952049e-01 -1.090587024749592876e-01
-3.304645827313233974e-01 -7.682676577547578600e-02
-3.353824758109678617e-01 -4.407790604577284388e-02
-3.370783371280791640e-01 -1.112764412586896880e-02
-3.355627148778810298e-01 2.170985433263252287e-02
-3.308764367822480956e-01 5.412474207786985986e-02
-3.230898290656323280e-01 8.581436360432227739e-02
-3.123016686293857980e-01 1.164860128279992246e-01
-2.986378840526723866e-01 1.458595510973447751e-01
-2.822500230990361292e-01 1.736698635502866850e-01
-2.633135062103955648e-01 1.996691339913564955e-01
-2.420256870144895656e-01 2.236289207564985115e-01
-2.186037421508850442e-01 2.453420184267539883e-01
-1.932824137313966795e-01 2.646240927152795352e-01
-1.663116284933589262e-01 2.813150783554452805e-01
-1.379540181820409772e-01 2.952803323323569540e-01
-1.084823659180437078e-01 3.064115372985251606e-01
-7.817700327601397048e-02 3.146273524706050817e-01
-4.732318253423439119e-02 3.198738116940579856e-01
-1.620844806460031845e-02 3.221244706641649969e-01
1.487996986489615453e-02 3.213803074853097130e-01
4.565771649025696099e-02 3.176693828184382062e-01
7.584580782743714777e-02 3.110462677942469334e-01
1.051730397069741835e-01 3.015912496447027413e-01
1.333782917906177479e-01 2.894093266182601876e-01
1.602127092442623413e-01 2.746290051874860083e-01
1.854417517330559928e-01 2.574009094660555386e-01
2.088470770140311294e-01 2.378962289626153082e-01
2.302282625115795733e-01 2.163050186926809004e-01
2.494043625621594762e-01 1.928343554532357118e-01
2.662152746321757024e-01 1.677063799989193249e-01
2.805229133908790362e-01 1.411562400645418325e-01
2.922121869105815395e-01 1.134299524967593009e-01
3.011917709229863238e-01 8.478220286182239218e-02
3.073946786748411597e-01 5.547410086120958816e-02
3.107786254884210564e-01 2.577090972277367928e-02
3.113261886341245899e-01 -4.060232547718824712e-03
3.090447645569434076e-01 -3.375258256031252874e-02
3.039663268605622970e-01 -6.304203457306174763e-02
2.961469897386903583e-01 -9.166932072989462943e-02
2.856663827505667719e-01 -1.193821527216197692e-01
2.726268439653449227e-01 -1.459372898045344091e-01
2.571524395482396863e-01 -1.711025188858628088e-01
2.393878188308116162e-01 -1.946585332097487964e-01
2.194969148002113846e-01 -2.164006970445573885e-01
1.976615007597523621e-01 -2.361406846755981503e-01
1.740796146583829251e-01 -2.537079829418095178e-01
1.489638632621307912e-01 -2.689512475161272564e-01
1.225396189491125831e-01 -2.817395041138848200e-01
9.504312245369010703e-02 -2.919631868191418511e-01
6.671950536697529577e-02 -2.995350067435777475e-01
3.782074149233530247e-02 -3.043906421644182458e-01
8.603558660805666128e-03 -3.064892525714766891e-01
-2.067268793754930764e-02 -3.058138128432517644e-01
-4.974817446133469878e-02 -3.023712547154497332e-01
-7.836476751697946108e-02 -2.961924225411727285e-01
-1.062681739188618552e-01 -2.873318411607247991e-01
-1.332100656135722649e-01 -2.758672967624068995e-01
-1.589501642839901141e-01 -2.618992327812588172e-01
-1.832582702333938329e-01 -2.455499640636721603e-01
-2.059162203107957889e-01 -2.269627137200986022e-01
-2.267197598808422809e-01 -2.063004782927293501e-01
-2.454803141699062052e-01 -1.837447280760963197e-01
-2.620266447394721254e-01 -1.594939506410732455e-01
-2.762063773534882971e-01 -1.337620468206520419e-01
-2.878873881226337028e-01 -1.067765896118874069e-01
-2.969590355295101958e-01 -7.877695762418861214e-02
-3.033332267679892391e-01 -5.001235585025456953e-02
-3.069453077697987253e-01 -2.073973764190394434e-02
-3.077547673432794451e-01 8.778357172552734775e-03
-3.057457470131635935e-01 3.827603210215085872e-02
-3.009273494248863035e-01 6.748631489711441611e-02
-2.933337395593784702e-01 9.614347187750921231e-02
-2.830240344898984350e-01 1.239853373011059051e-01
-2.700819789947908056e-01 1.507556387816541832e-01
-2.546154060108343220e-01 1.762062992961940799e-01
-2.367554785227180825e-01 2.000996937579768709e-01
-2.166557290544810499e-01 2.222108450893365839e-01
-1.944908902969183506e-01 2.423295402382018571e-01
-1.704555160145994619e-01 2.602623385825257318e-01
-1.447624135950301982e-01 2.758344592156814490e-01
-1.176408938614623284e-01 2.888915269449497947e-01
-8.933485022848762502e-02 2.993011588550550939e-01
-6.010068114512511633e-02 3.069543742353097460e-01
-3.020507157342353088e-02 3.117668118155185741e-01
7.734903080216795287e-05 3.136797396001079208e-01
3.046645315728346848e-02 3.126608441270392058e-01
6.067914554162415902e-02 3.087047877002759289e-01
9.043195543855728213e-02 3.018335240415461751e-01
1.194436678245919536e-01 2.920963648657330380e-01
1.474379695249478928e-01 2.795697920885920063e-01
1.741460855108733496e-01 2.643570127072087939e-01
1.993093800944572558e-01 2.465872558317811214e-01
2.226818974738424828e-01 2.264148138687498146e-01
2.440328160648529698e-01 2.040178324347580174e-01
2.631487913053036087e-01 1.795968561913234285e-01
2.798361621425689560e-01 1.533731404029457790e-01
2.939229972170497307e-01 1.255867406068917613e-01
3.052609578344198660e-01 9.649439531059446351e-02
3.137269561748688429e-01 6.636721907152653976e-02
3.192245888113311447e-01 3.548822563361857946e-02
3.216853246716008807e-01 4.149705026758859078e-03
3.210694410698884393e-01 -2.734952651636433224e-02
3.173666861408206419e-01 -5.870697744815218944e-02
3.105966522026017973e-01 -8.961939896482001844e-02
3.008088608449788204e-01 -1.197857474975162068e-01
2.880825511519253257e-01 -1.489101607921136383e-01
2.725261687201895877e-01 -1.767049174259711641e-01
2.542765562526442258e-01 -2.028933492247407266e-01
2.334978496827951333e-01 -2.272126759867252044e-01
2.103800869880850244e-01 -2.494167322051389635e-01
1.851375400377381630e-01 -2.692785561045992759e-01
1.580067829581194017e-01 -2.865928122778717557e-01
1.292445135468470174e-01 -3.011780205186232462e-01
9.912514718838578986e-02 -3.128785650877060620e-01
6.793820548143129912e-02 -3.215664606119479352e-01
3.598552434617901391e-02 -3.271428530789986522e-01
3.578308703376803079e-03 -3.295392369387783460e-01
-2.896593712509712426e-02 -3.287183721268366887e-01
-6.132657238183060466e-02 -3.246748878590992038e-01
-9.318304385228411146e-02 -3.174355632793009474e-01
-1.242181374057923782e-01 -3.070592784350814064e-01
-1.541212229151419089e-01 -2.936366325787590492e-01
-1.825914580146518473e-01 -2.772892303945273529e-01
-2.093409161885764203e-01 -2.581686404037945581e-01
-2.340976051070810249e-01 -2.364550334519662789e-01
-2.566083402931597091e-01 -2.123555154562811742e-01
-2.766414483552541714e-01 -1.861021621243063862e-01
-2.939892628143650488e-01 -1.579497773577533126e-01
-3.084703824764095104e-01 -1.281734039610393505e-01
-3.199316717916703690e-01 -9.706560353056874202e-02
-3.282499774201102505e-01 -6.493353520066491580e-02
-3.333335403731435553e-01 -3.209586316517056004e-02
-3.351230862997840454e-01 1.120474945201701189e-03
-3.335925799136371106e-01 3.438360493600330775e-02
-3.287496331784945380e-01 6.736012283784351129e-02
-3.206355606430669192e-01 9.971853522845297579e-02
-3.093250791960850954e-01 1.311326960677557385e-01
-2.949256534563107768e-01 1.612852028088329615e-01
-2.775764919713845646e-01 1.898707147580030452e-01
-2.574472033278012995e-01 2.165991572957136069e-01
-2.347361251245042024e-01 2.411987766322249982e-01
-2.096683424881245483e-01 2.634190112485265689e-01
-1.824934163634298612e-01 2.830331480487767726e-01
-1.534828451545335593e-01 2.998407335058995704e-01
-1.229272863797086501e-01 3.136697126921480505e-01
-9.113356779696135668e-02 3.243782720222427862e-01
-5.842151992400443361e-02 3.318563647646894377e-01
-2.512066398391064187e-02 3.360269018598837643e-01
8.433208970127186246e-03 3.368465942811134650e-01
4.190153068292412630e-02 3.343064370432173305e-01
7.494648105215738487e-02 3.284318327618837019e-01
1.072345128269508452e-01 3.192823419007876362e-01
1.384398305608289248e-01 3.069510681540928987e-01
1.682477863339224555e-01 2.915636943196859288e-01
1.963581592322795888e-01 2.732771676403037975e-01
2.224882808806429024e-01 2.522780523556086840e-01
2.463759729404167431e-01 2.287805674709726123e-01
2.677822645973627069e-01 2.030243312770489139e-01
2.864938605456229803e-01 1.752718374329938489e-01
3.023253327962611703e-01 1.458056904163860801e-01
3.151210127657173565e-01 1.149256308089642298e-01
3.247565634947588986e-01 8.294538319782002178e-02
3.311402154707735468e-01 5.018936139956835935e-02
3.342136533319230440e-01 1.698926723798822522e-02
3.339525446749647131e-01 -1.631937979353582577e-02
3.303667062220324024e-01 -4.940074398675819989e-02
3.234999066769927989e-01 -8.192216776655544819e-02
3.134293096704288129e-01 -1.135576209241829365e-01
3.002645642053409780e-01 -1.439910673814202569e-01
2.841465539257503337e-01 -1.729197132127333336e-01
2.652458202914482199e-01 -2.000571011471292404e-01
2.437606783100974561e-01 -2.251360186590293522e-01
2.199150468113371115e-01 -2.479111890135891338e-01
1.939560183082287836e-01 -2.681617172273845773e-01
1.661511962445858248e-01 -2.856932658072315334e-01
1.367858311043227137e-01 -3.003399433318184597e-01
1.061597814787137994e-01 -3.119658726563918072e-01
7.458434247101784764e-02 -3.204664321087530854e-01
4.237897569456690328e-02 -3.257691702097831321e-01
9.867971940096743194e-03 -3.278343714181481405e-01
-2.262291467406882944e-02 -3.266552739986222642e-01
-5.476982460273162323e-02 -3.222579403745146620e-01
-8.625410677144158822e-02 -3.147007841712333720e-01
-1.167655532377269711e-01 -3.040737619183684348e-01
-1.460055205976554804e-01 -2.904972410081655965e-01
-1.736899057100189381e-01 -2.741205589673154086e-01
-1.995519452533625893e-01 -2.551202923476444950e-01
-2.233448108991361869e-01 -2.336982565436353798e-01
-2.448439744464984413e-01 -2.100792605682610947e-01
-2.638493200866671162e-01 -1.845086432348688743e-01
-2.801869840102955700e-01 -1.572496192773145396e-01
-2.937109048011276591e-01 -1.285804656732898177e-01
-3.043040714323450580e-01 -9.879157980138766892e-02
-3.118794591566192986e-01 -6.818244205030839222e-02
-3.163806471144278709e-01 -3.705851610289808556e-02
-3.177821150351432533e-01 -5.728120337426648861e-03
-3.160892199296707061e-01 2.550069637261404010e-02
-3.113378571309743936e-01 5.632324171252545142e-02
-3.035938133902773006e-01 8.644119797985347353e-02
-2.929518229445678412e-01 1.155655405189121021e-01
-2.795343426306541867e-01 1.434193333468548048e-01
-2.634900536384825465e-01 1.697403579600280099e-01
-2.449921203481601750e-01 1.942835592249722576e-01
-2.242362282620680158e-01 2.168232998277900281e-01
-2.014384169240232003e-01 2.371553856744394728e-01
-1.768327366103872034e-01 2.550988500996073105e-01
-1.506687556038626419e-01 2.704974823640303727e-01
-1.232089459412748778e-01 2.832210888997857556e-01
-9.472597627590623182e-02 2.931664788056906890e-01
-6.549994091217996306e-02 3.002581681636893873e-01
-3.581555415902303724e-02 3.044488008057014694e-01
-5.959338915362855614e-03 3.057192861737107470e-01
2.378316214201347742e-02 3.040786578501801785e-01
5.313012523701293038e-02 2.995636591594097453e-01
8.180610762496226540e-02 2.922380649237040773e-01
1.095446081355340023e-01 2.821917509742326025e-01
1.360905026962222208e-01 2.695395253412004033e-01
1.612023332216815374e-01 2.544197371604087765e-01
1.846544302526438308e-01 2.369926812157669704e-01
2.062388518794735226e-01 2.174388176755569779e-01
2.257671237602725256e-01 1.959568279634427423e-01
2.430717674118197946e-01 1.727615288260496984e-01
2.580076063834726430e-01 1.480816675136370220e-01
2.704528423897684664e-01 1.221576215785938752e-01
2.803098959478003138e-01 9.523902712111938229e-02
2.875060118177482638e-01 6.758235336609776100e-02
2.919936158516422964e-01 3.944846398978310575e-02
2.937504385091110892e-01 1.110018058022702037e-02
2.927794117722808398e-01 -1.720014442152434722e-02
2.891083340977245730e-01 -4.519300585357186040e-02
2.827893159719809257e-01 -7.262405940656602166e-02
2.738980158986847324e-01 -9.924635106933971107e-02
2.625326782983147256e-01 -1.248224442289745384e-01
2.488129862789777436e-01 -1.491264276851440307e-01
2.328787435308482534e-01 -1.719457894206302406e-01
2.148884007028811216e-01 -1.930831426342365098e-01
1.950174425358540131e-01 -2.123577922669871720e-01
1.734566527508182854e-01 -2.296071320160693041e-01
1.504102742291812678e-01 -2.446878636127472473e-01
1.260940823746299067e-01 -2.574770319208611324e-01
1.007333897246667220e-01 -2.678728711731271916e-01
7.456099988916028987e-02 -2.757954593863991000e-01
4.781512874505979699e-02 -2.811871796690531555e-01
2.073731052163428970e-02 -2.840129887401758313e-01
-6.429694018405367195e-03 -2.842604945096138258e-01
-3.344397064667012365e-02 -2.819398460104353688e-01
-6.006648998816858237e-02 -2.770834403230410525e-01
-8.606309584550134173e-02 -2.697454523771086743e-01
-1.112064291133134653e-01 -2.600011946596951229e-01
-1.352777737659207891e-01 -2.479463148927647242e-01
-1.580688166632914227e-01 -2.336958352455768828e-01
-1.793832940424764100e-01 -2.173830573666468702e-01
-1.990385289659311052e-01 -1.991583381403712605e-01
-2.168668555912447171e-01 -1.791877325718698455e-01
-2.327169074551971306e-01 -1.576515310799422309e-01
-2.464547677662918823e-01 -1.347426989272683950e-01
-2.579649753364353648e-01 -1.106652302056480019e-01
-2.671513808165977832e-01 -8.563242905314250031e-02
-2.739378489195391508e-01 -5.986513096515962140e-02
-2.782688033116986759e-01 -3.358987717901450870e-02
-2.801096118339215235e-01 -7.037055167321550238e-03
-2.794468106656651796e-01 1.956098172466639445e-02
-2.762881669794707284e-01 4.597180251386823874e-02
-2.706625805423203412e-01 7.196478180018126003e-02
-2.626198256092262540e-01 9.731296522777024838e-02
-2.522301353236484078e-01 1.217949046220305753e-01
-2.395836316910326669e-01 1.451964504562735792e-01
-2.247896050279537816e-01 1.673124895581687976e-01
-2.079756476120301623e-01 1.879486162589726894e-01
-1.892866470686737079e-01 2.069227255193660797e-01
-1.688836458311832045e-01 2.240665169359054021e-01
-1.469425738014521476e-01 2.392268989439161331e-01
-1.236528621197189592e-01 2.522672829890235668e-01
-9.921594672260125591e-02 2.630687579438461543e-01
-7.384367112743848993e-02 2.715311356023205613e-01
-4.775659387010269125e-02 2.775738543267463609e-01
-2.118222792765258114e-02 2.811367440458914513e-01
5.646790737835426927e-03 2.821806423871002223e-01
3.249460029707542524e-02 2.806878428318593244e-01
5.912404744299944170e-02 2.766623817158159193e-01
8.529865114267026760e-02 2.701301563012380447e-01
1.107845816873319206e-01 2.611388703849742976e-01
1.353526404946738815e-01 2.497578049868420524e-01
1.587802257069710343e-01 2.360774128148163398e-01
1.808532682997043284e-01 2.202087364214543319e-01
2.013681231779382019e-01 2.022826512463002102e-01
2.201333996024499029e-01 1.824489360755935652e-01
2.369717152644733038e-01 1.608751748359262268e-01
2.517213584265098336e-01 1.377454950633991704e-01
2.642378427758360071e-01 1.132591498436013727e-01
2.743953400050051505e-01 8.762895148811786217e-02
2.820879756464784172e-01 6.107956668659970945e-02
2.872309743518027814e-01 3.384568433472839866e-02
2.897616416231449943e-01 6.170068671582268870e-03
2.896401699782867878e-01 -2.169848825213547758e-02
2.868502586592526771e-01 -4.950729942864450644e-02
2.813995372772462034e-01 -7.700198448046569055e-02
2.733197852180123122e-01 -1.039287222469733596e-01
2.626669402052839719e-01 -1.300365356111494730e-01
2.495208911263940843e-01 -1.550795889187897292e-01
2.339850475672510255e-01 -1.788194743239852891e-01
2.161857000418427877e-01 -2.010274740426838957e-01
1.962711591001363720e-01 -2.214867759169069084e-01
1.744106690762814993e-01 -2.399946105628092130e-01
1.507931160275949034e-01 -2.563642976865982970e-01
1.256255320836680289e-01 -2.704271781236717298e-01
9.913140572989270760e-02 -2.820344108655890025e-01
7.154880972344239420e-02 -2.910586150564229979e-01
4.312836047027429620e-02 -2.973953378924651392e-01
1.413102475260721164e-02 -3.009643305462199603e-01
-1.517420833910859169e-02 -3.017106156531332850e-01
-4.451277057410726878e-02 -2.996053315403988115e-01
-7.360705146103962981e-02 -2.946463402311829682e-01
-1.021790059335205836e-01 -2.868585883112533819e-01
-1.299528086162280716e-01 -2.762942119817327624e-01
-1.566575293482552478e-01 -2.630323800220365493e-01
-1.820298037841894256e-01 -2.471788709286348862e-01
-2.058164722972408711e-01 -2.288653831531982652e-01
-2.277771600882963487e-01 -2.082485801106513379e-01
-2.476867713726947362e-01 -1.855088744342945350e-01
-2.653378707822709459e-01 -1.608489587903364493e-01
-2.805429256897482015e-01 -1.344920933954838749e-01
-2.931363840382477104e-01 -1.066801631752000434e-01
-3.029765634391020090e-01 -7.767152022284484758e-02
-3.099473287809817457e-01 -4.773862983703933138e-02
-3.139595337166058986e-01 -1.716554349803962529e-02
-3.149522193701062567e-01 1.375478441365844164e-02
-3.128935433178490211e-01 4.472331007820867788e-02
-3.077814188719734112e-01 7.543780866800448015e-02
-2.996438650415486626e-01 1.055958562846733839e-01
-2.885390546482319851e-01 1.348978536985881715e-01
-2.745550553307019026e-01 1.630500609260624456e-01
-2.578092614025838114e-01 1.897676109993894633e-01
-2.384475178473061119e-01 2.147774709487381140e-01
-2.166429411028509833e-01 2.378213180340145727e-01
-1.925944446708262037e-01 2.586582996463527295e-01
-1.665249809378204215e-01 2.770676460457397461e-01
-1.386795138822725093e-01 2.928511062118141495e-01
-1.093227405167913058e-01 3.058351785528719002e-01
-7.873658194426680357e-02 3.158731100328708852e-01
-4.721746774758438236e-02 3.228466394224476788e-01
-1.507344005026595504e-02 3.266674628380326628e-01
1.737889405598315798e-02 3.272784024792192437e-01
4.981753095335832160e-02 3.246542624807917110e-01
8.191832729912501554e-02 3.188023590307195176e-01
1.133583112744126764e-01 3.097627153341223627e-01
1.438190133362495515e-01 2.976079155879380878e-01
1.729897808812054794e-01 2.824426158314939372e-01
2.005710409805868955e-01 2.644027133120807060e-01
2.262774755059475396e-01 2.436541798081550692e-01
2.498410709122149409e-01 2.203915707269949176e-01
2.710140177235202397e-01 1.948362162778042306e-01
2.895714186618749131e-01 1.672341133461852092e-01
3.053137707631810582e-01 1.378535455579625590e-01
3.180692012158508053e-01 1.069824475318262857e-01
3.276954274460289196e-01 7.492554165356077323e-02
3.340814179485624980e-01 4.200127653005236716e-02
3.371487334875332698e-01 8.538598747711298800e-03
3.368525316776900258e-01 -2.512640831381317622e-02
3.331822215707726520e-01 -5.865398310409786209e-02
3.261617586677035274e-01 -9.170420508716425889e-02
3.158495747155244393e-01 -1.239405366634060146e-01
3.023381406812630789e-01 -1.550333494765089581e-01
2.857531653765782997e-01 -1.846633966644766200e-01
2.662524362890814067e-01 -2.125251929654789762e-01
2.440243132103107337e-01 -2.383302653805469962e-01
2.192858891884217065e-01 -2.618102383196707073e-01
1.922808371285264217e-01 -2.827197188038492737e-01
1.632769639695624275e-01 -3.008389493461063324e-01
1.325634977399018644e-01 -3.159761985673577023e-01
1.004481358935594842e-01 -3.279698623915272560e-01
6.725388611693441931e-02 -3.366902517771521719e-01
3.331573323821480220e-02 -3.420410463446009186e-01
-1.022832062333698310e-03 -3.439603969098906644e-01
-3.541338537872992104e-02 -3.424216637957812059e-01
-6.950620108087325610e-02 -3.374337850012276707e-01
-1.029539129282948107e-01 -3.290412604450947409e-01
-1.354151555186792200e-01 -3.173237555943416721e-01
-1.665581453005859081e-01 -3.023953361559018616e-01
-1.960641684172170773e-01 -2.844033321471822751e-01
-2.236309347492012045e-01 -2.635268458123608548e-01
-2.489757614982227585e-01 -2.399749191337966769e-01
-2.718385515135206543e-01 -2.139843804933722060e-01
-2.919845338220270481e-01 -1.858173936229890189e-01
-3.092067364536877916e-01 -1.557587353046298029e-01
-3.233281646253466368e-01 -1.241128312994918687e-01
-3.342036606244049857e-01 -9.120058266748069797e-02
-3.417214252785947259e-01 -5.735601695174008530e-02
-3.458041846687187615e-01 -2.292280062127024370e-02
-3.464099896926189914e-01 1.174934933373049210e-02
-3.435326401743390434e-01 4.630831569108045942e-02
-3.372017293843821983e-01 8.040325358451333448e-02
-3.274823090461855823e-01 1.136882456322482887e-01
-3.144741791011851917e-01 1.458259001277039113e-01
-2.983108106412283855e-01 1.764908535401258360e-01
-2.791579144446215688e-01 2.053731397358454225e-01
-2.572116714243706248e-01 2.321813899151337623e-01
-2.326966449698114892e-01 2.566458292448571821e-01
-2.058633985941217548e-01 2.785210385283424239e-01
-1.769858454515697010e-01 2.975884519616603940e-01
-1.463583608078830867e-01 3.136585691521921460e-01
-1.142926823260687341e-01 3.265728471051585480e-01
-8.111464039710106211e-02 3.362052591172712823e-01
-4.716075485551091129e-02 3.424635152973042329e-01
-1.277472908033955128e-02 3.452899210429136723e-01
2.169611803010701445e-02 3.446618695929521414e-01
5.590444382673750989e-02 3.405919651817059246e-01
8.950645901454477860e-02 3.331277773692834510e-01
1.221654520923984438e-01 3.223512311335934855e-01
1.535552239524748397e-01 3.083776412382321919e-01
1.833633966977018526e-01 2.913544031927924882e-01
2.112945623587265398e-01 2.714593567552691655e-01
2.370732391820899732e-01 2.488988413504479580e-01
2.604466054919920004e-01 2.239054659564228000e-01
2.811869837690290641e-01 1.967356189100347985e-01
2.990940505070530109e-01 1.676667456710989879e-01
3.139967505674995385e-01 1.369944248388800523e-01
3.257548981104356201e-01 1.050292746106999547e-01
3.342604497026298027e-01 7.209372339465046353e-02
3.394384388432293842e-01 3.851867942359837871e-02
3.412475648644377468e-01 4.640134958169010032e-03
3.396804329149685220e-01 -2.920425899089586566e-02
3.347634454752796973e-01 -6.267861154412933400e-02
3.265563495437300290e-01 -9.545216900512218383e-02
3.151514472311705561e-01 -1.272026154722321056e-01
3.006724831316127666e-01 -1.576192684870501570e-01
2.832732141450569063e-01 -1.864061239879885312e-01
2.631356893996434909e-01 -2.132847275559529021e-01
2.404682618526002846e-01 -2.379968562143493505e-01
2.155033469641502997e-01 -2.603069708306919861e-01
1.884949570337271230e-01 -2.800044206200532626e-01
1.597160386021248546e-01 -2.969053798123282850e-01
1.294556420145108466e-01 -3.108544995751879592e-01
9.801595359532221108e-02 -3.217262614464845849e-01
6.570922189837165306e-02 -3.294260217866538110e-01
3.285461015952489267e-02 -3.338907400759099087e-01
-2.249926053472250682e-04 -3.350893872155601416e-01
-3.320616944422799532e-02 -3.330230333109747698e-01
-6.576815020925952382e-02 -3.277246176800475697e-01
-9.759593184239752361e-02 -3.192584070112369221e-01
-1.283833138618765968e-01 -3.077191506571688717e-01
-1.578358200061968919e-01 -2.932309449631156362e-01
-1.856734785678657296e-01 -2.759458212666910382e-01
-2.116334357759533380e-01 -2.560420747407510800e-01
-2.354723786395036544e-01 -2.337223535636253069e-01
-2.569687459160059917e-01 -2.092115299703654063e-01
-2.759247082920917582e-01 -1.827543765498789163e-01
-2.921679014279093267e-01 -1.546130726930322330e-01
-3.055528981920763165e-01 -1.250645673569178162e-01
-3.159624091702996629e-01 -9.439782528461197753e-02
-3.233082064103733888e-01 -6.291097931515214625e-02
-3.275317534153782684e-01 -3.090843131343204084e-02
-3.286045510424673299e-01 1.302076486444487006e-03
-3.265282025153705692e-01 3.341240494829480351e-02
-3.213341900610309221e-01 6.511693339479113218e-02
-3.130833729745280958e-01 9.611542419746449406e-02
-3.018652152843013803e-01 1.261158104756633924e-01
-2.877967535718418124e-01 1.548368819402347329e-01
-2.710213177293909759e-01 1.820108452816349143e-01
-2.517070194989112220e-01 2.073857370548113366e-01
-2.300450255111733400e-01 2.307276687339651078e-01
-2.062476332232059117e-01 2.518228854777791459e-01
-1.805461696259616777e-01 2.704796221378678589e-01
-1.531887338547326394e-01 2.865297421376696851e-01
-1.244378058778178586e-01 2.998301470233515342e-01
-9.456774426178633786e-02 3.102639467202770174e-01
-6.386219661416371596e-02 3.177413827964197801e-01
-3.261144668836068322e-02 3.222004993165836217e-01
-1.109722304995668530e-03 3.236075581480833407e-01
3.034751179594188594e-02 3.219571978302972481e-01
6.146625229912479338e-02 3.172723373290163851e-01
9.195662341574530052e-02 3.096038281448658669e-01
1.215354879225748336e-01 2.990298603176286263e-01
1.499289811074783207e-01 2.856551298509371062e-01
1.768749465407756793e-01 2.696097769617981643e-01
2.021252576963499248e-01 2.510481015047804076e-01
2.254479923189776081e-01 2.301470811563462449e-01
2.466294556372274072e-01 2.071047019166737391e-01
2.654760416620869923e-01 1.821381033916701642e-01
2.818159049016760731e-01 1.554815696210035680e-01
2.955004347167475842e-01 1.273843796286707186e-01
3.064055212669868355e-01 9.810853662449572909e-02
3.144326037530198459e-01 6.792639555961195452e-02
3.195094934547290655e-01 3.711820935920390196e-02
3.215909658905653501e-01 5.969614621554823058e-03
3.206591182630541548e-01 -2.523092211542147384e-02
3.167234902011153430e-01 -5.619467627895890355e-02
3.098209476491712855e-01 -8.663523406625509016e-02
3.000153315757429495e-01 -1.162710370151935901e-01
2.873968749702731085e-01 -1.448278814879841725e-01
2.720813933566527676e-01 -1.720413526362473133e-01
2.542092557661433938e-01 -1.976591729739657910e-01
2.339441447722445666e-01 -2.214434463746661474e-01
2.114716157870404900e-01 -2.431727791265385630e-01
1.869974673444761981e-01 -2.626442606190271811e-01
1.607459355429130543e-01 -2.796752872915127530e-01
1.329577271794661064e-01 -2.941052146435552683e-01
1.038879073744987391e-01 -3.057968233808959213e-01
7.380365864894217198e-02 -3.146375871458764184e-01
4.298192947261447738e-02 -3.205407307485561574e-01
1.170698668934374437e-02 -3.234460654418589431e-01
-1.973209281145235985e-02 -3.233206031719720874e-01
-5.104398423762770975e-02 -3.201589411902435178e-01
-8.193771681271945495e-02 -3.139834009307178597e-01
-1.121252792896276357e-01 -3.048439295361902168e-01
-1.413242126775821894e-01 -2.928177604447907978e-01
-1.692601683760593945e-01 -2.780088341787195216e-01
-1.956694099545999710e-01 -2.605469823923772243e-01
-2.203012370238342510e-01 -2.405868801621839081e-01
-2.429203100137035942e-01 -2.183067734222002843e-01
-2.633088552122324066e-01 -1.939069903549983376e-01
-2.812687301236250215e-01 -1.676082474221327612e-01
-2.966233300782527005e-01 -1.396497625485431382e-01
-3.092193180682975551e-01 -1.102871897453158029e-01
-3.189281609891716496e-01 -7.979039115009647909e-02
-3.256474568346675036e-01 -4.844106406844837093e-02
-3.293020389179077689e-01 -1.653024209683339255e-02
-3.298448448637449903e-01 1.564430921707006192e-02
-3.272575399328825352e-01 4.778078048383646581e-02
-3.215508861834756593e-01 7.957606757455630564e-02
-3.127648510405047766e-01 1.107285580224208754e-01
-3.009684510131795943e-01 1.409409302951343812e-01
-2.862593285607757387e-01 1.699229409688989278e-01
-2.687630624407861268e-01 1.973941744998738701e-01
-2.486322142616312902e-01 2.230867301703263750e-01
-2.260451119070318315e-01 2.467478180245032959e-01
-2.012043923089954223e-01 2.681422454818712109e-01
-1.743353014125099687e-01 2.870547697642931717e-01
-1.456837561924191893e-01 3.032922832242584410e-01
-1.155141977678197096e-01 3.166858168155360365e-01
-8.410724761866494870e-02 3.270923386320022663e-01
-5.175718607740251859e-02 3.343963277833170711e-01
-1.876927429651731316e-02 3.385111056232187887e-01
1.454305723260066602e-02 3.393799083081951995e-01
4.786112883656892109e-02 3.369766868284195804e-01
8.086401422198140343e-02 3.313066230036565973e-01
1.132315978948204571e-01 3.224063524562823524e-01
1.446476588534748309e-01 3.103438882410474720e-01
1.748029511937536085e-01 2.952182416037920087e-01
2.033982517605744667e-01 2.771587392338671352e-01
2.301473447644938330e-01 2.563240393403811712e-01
2.547799133623599444e-01 2.329008518916968196e-01
2.770443085875560763e-01 2.071023713805228705e-01
2.967101667108542618e-01 1.791664334819971782e-01
3.135708471188161650e-01 1.493534099270344417e-01
3.274456641104769306e-01 1.179438587851532605e-01
3.381818876286954989e-01 8.523595010717548159e-02
3.456564898504201344e-01 5.154268948611837042e-02
3.497776167470421638e-01 1.718896452249131512e-02
3.504857661752259768e-01 -1.749155860261538895e-02
3.477546529146858245e-01 -5.215965720150875229e-02
3.415917604019296228e-01 -8.647386643869195422e-02
3.320385594230668147e-01 -1.200938540272444843e-01
3.191703805800927274e-01 -1.526838147125202938e-01
3.030959496067223147e-01 -1.839158558289830381e-01
2.839565817384910873e-01 -2.134733381422190546e-01
2.619250391004492307e-01 -2.410541373048147029e-01
2.372040586463743106e-01 -2.663737915631078645e-01
2.100245617361130579e-01 -2.891685020336393630e-01
1.806435599326221553e-01 -3.091979529234154533e-01
1.493417749975146092e-01 -3.262479204924557119e-01
1.164209943236636235e-01 -3.401326413417877781e-01
8.220118612668096680e-02 -3.506969127419081733e-01
4.701740158611067422e-02 -3.578179001783283741e-01
1.121649374595969431e-02 -3.614066300605358051e-01
-2.484631468109251007e-02 -3.614091485928540570e-01
-6.081098044195910879e-02 -3.578073311108464494e-01
-9.631626996378860051e-02 -3.506193297121202868e-01
-1.310034335184336596e-01 -3.398996507195518602e-01
-1.645198852622349606e-01 -3.257388573691214484e-01
-1.965228505676595849e-01 -3.082628970724348716e-01
-2.266829419653801081e-01 -2.876320566223941055e-01
-2.546876253417572622e-01 -2.640395527447504942e-01
-2.802445387899134555e-01 -2.377097694029115249e-01
-3.030846276901496550e-01 -2.088961571924481397e-01
-3.229650582681363735e-01 -1.778788157721681862e-01
-3.396718865076683302e-01 -1.449617779684007624e-01
-3.530224440482463977e-01 -1.104700219445638454e-01
-3.628674084497368058e-01 -7.474624677243327242e-02
-3.690925425268352100e-01 -3.814743881770428502e-02
-3.716200782804117142e-01 -1.041264910962792691e-03
-3.704097278805044691e-01 3.619767064542572799e-02
-3.654593080541612693e-01 7.319166637337402859e-02
-3.568049683202259570e-01 1.095638209612099651e-01
-3.445210177477657787e-01 1.449419464346206887e-01
-3.287193492481680912e-01 1.789624554295474734e-01
-3.095484647943329559e-01 2.112741807917787318e-01
-2.871921093440749084e-01 2.415420861457750756e-01
-2.618675255785751221e-01 2.694508269588168359e-01
-2.338233458003141085e-01 2.947081229699741733e-01
-2.033371414189095450e-01 3.170479046452321925e-01
-1.707126543395183771e-01 3.362331985435488280e-01
-1.362767382107258063e-01 3.520587191116449355e-01
-1.003760408434023060e-01 3.643531374408495171e-01
-6.337346213815446549e-02 3.729810008855405368e-01
-2.564442451957037183e-02 3.778442811234536958e-01
1.242700486257450852e-02 3.788835321931633970e-01
5.045209907023426310e-02 3.760786442297162635e-01
8.804152097347070494e-02 3.694491829890175771e-01
1.248093941134649915e-01 3.590543097559336649e-01
1.603773488626109578e-01 3.449922829314097661e-01
1.943785076147521995e-01 3.273995396661979473e-01
2.264613590276670918e-01 3.064493676059934502e-01
2.562934761056854249e-01 2.823501857405959492e-01
2.835650444744178822e-01 2.553434456867480495e-01
3.079921595992469729e-01 2.257011765346391141e-01
3.293198566924092630e-01 1.937231987862678695e-01
3.473248398903580614e-01 1.597340366299000447e-01
3.618178805039913293e-01 1.240795611931925918e-01
3.726458577133276995e-01 8.712340045813543599e-02
3.796934189552039207e-01 4.924315416787777844e-02
3.828842413936744404e-01 1.082645427736551869e-02
3.821818802209281940e-01 -2.773308672986844747e-02
3.775901940619979524e-01 -6.603999603862416301e-02
3.691533423975683625e-01 -1.037010847829872573e-01
3.569553546225772145e-01 -1.403295716702132323e-01
3.411192750700733356e-01 -1.755491413971839165e-01
3.218058929958411141e-01 -2.089978940001072094e-01
2.992120710860529109e-01 -2.403321424616989832e-01
2.735686904652207541e-01 -2.692300175626283765e-01
2.451382343943254993e-01 -2.953948410863662666e-01
2.142120368110466133e-01 -3.185582310441246179e-01
1.811072255302528244e-01 -3.384829055496716421e-01
1.461633932516353818e-01 -3.549651553080819255e-01
1.097390324748829110e-01 -3.678369583492037131e-01
7.220777480007638249e-02 -3.769677173520330493e-01
3.395446852728364884e-02 -3.822655938174572832e-01
-4.628856156961807904e-03 -3.836784285569953545e-01
-4.314708891363416149e-02 -3.811942464669493269e-01
-8.120616984925332904e-02 -3.748413329172333164e-01
-1.184172021350285153e-01 -3.646878840776176522e-01
-1.544005025214591764e-01 -3.508412358714476653e-01
-1.887895464249935706e-01 -3.334466808376082003e-01
-2.212347655455298989e-01 -3.126858866528625658e-01
-2.514071577190703510e-01 -2.887749343682681213e-01
-2.790016708967790748e-01 -2.619619984969459026e-01
-3.037403257430716375e-01 -2.325246949106261618e-01
-3.253750443294912142e-01 -2.007671260170639238e-01
-3.436901557321204170e-01 -1.670166558612858343e-01
-3.585045529783923435e-01 -1.316204505866645780e-01
-3.696734796913370702e-01 -9.494182207756726721e-02
-3.770899288996905629e-01 -5.735641455929553489e-02
-3.806856407728788083e-01 -1.924827543389217785e-02
-3.804316904510316455e-01 1.899414733180030193e-02
-3.763386616211827906e-01 5.698203838514509512e-02
-3.684564059905841016e-01 9.433023576522994724e-02
-3.568733932757726657e-01 1.306611966962162308e-01
-3.417156607116282330e-01 1.656088666653841024e-01
-3.231453753394974981e-01 1.988224113585834729e-01
-3.013590264108390038e-01 2.299697727634452959e-01
-2.765852711781262574e-01 2.587410162564193206e-01
-2.490824510037994155e-01 2.848514254311124705e-01
-2.191358139086334311e-01 3.080443177117130893e-01
-1.870544766381584401e-01 3.280935615192460686e-01
-1.531681527923089703e-01 3.448057607310266448e-01
-1.178236856250483994e-01 3.580220885048029378e-01
-8.138142313851882970e-02 3.676197536160232260e-01
-4.421147446559348104e-02 3.735130865010032331e-01
-6.689887468420183114e-03 3.756542363423198694e-01
3.080521202673863757e-02 3.740334747284981276e-01
6.789747888662416020e-02 3.686791056209786643e-01
1.042161651333987082e-01 3.596569855209957867e-01
1.393998549376420648e-01 3.470696618020653879e-01
1.731000800916975835e-01 3.310551411165815749e-01
2.049847795314233834e-01 3.117853035559427499e-01
2.347415684634972521e-01 2.894639818036545131e-01
2.620807849885481988e-01 2.643247278339200812e-01
2.867382847573423654e-01 2.366282927416168969e-01
3.084779571247755481e-01 2.066598480142246841e-01
3.270939394386562782e-01 1.747259789470713698e-01
3.424125094791907742e-01 1.411514829392128412e-01
3.542936396110739072e-01 1.062760070717576194e-01
3.626321998823458514e-01 7.045056065124070954e-02
3.673588010612193755e-01 3.403393928998184326e-02
3.684402724022460274e-01 -2.610902410019342278e-03
3.658797754504607425e-01 -3.912049595716097367e-02
3.597165463762445614e-01 -7.513447542747868357e-02
3.500252823862914364e-01 -1.102991329042790070e-01
3.369151850997731401e-01 -1.442708872731519598e-01
3.205286648524104942e-01 -1.767196223027096558e-01
3.010397256250454956e-01 -2.073318647879378585e-01
2.786520498710594596e-01 -2.358137726630765707e-01
2.535968052911498627e-01 -2.618939052748258667e-01
2.261301981108670422e-01 -2.853257505380342729e-01
1.965307996349774933e-01 -3.058899864438826000e-01
1.650966747657648670e-01 -3.233964573223400696e-01
1.321423427661051475e-01 -3.376858483425065893e-01
9.799560181260805192e-02 -3.486310449317978621e-01
6.299424981301496307e-02 -3.561381670728077653e-01
2.748273455277640276e-02 -3.601472717601439388e-01
-8.191233510638501122e-03 -3.606327202339940641e-01
-4.368007256608952282e-02 -3.576032099188590774e-01
-7.863969204384414768e-02 -3.511014742520978671e-01
-1.127327943688872375e-01 -3.412036567564433187e-01
-1.456320847711949362e-01 -3.280183687639162682e-01
-1.770233593521517712e-01 -3.116854431080454124e-01
-2.066084431709001024e-01 -2.923743988417182860e-01
-2.341079519220685690e-01 -2.702826345864365876e-01
-2.592638528040473456e-01 -2.456333704548947228e-01
-2.818418024002492528e-01 -2.186733605950400561e-01
-3.016332451692933514e-01 -1.896703970735014733e-01
-3.184572435847047855e-01 -1.589106387644238227e-01
-3.321620357139458135e-01 -1.266957897154269708e-01
-3.426263133424716223e-01 -9.334014568260103062e-02
-3.497602005769989142e-01 -5.916754655466920781e-02
-3.535059307170611564e-01 -2.450826151011634146e-02
-3.538382180173408331e-01 1.030416362888974570e-02
-3.507643237874429332e-01 4.493606741203009375e-02
-3.443238190564759105e-01 7.905681300585554183e-02
-3.345880487433353090e-01 1.123418790770362857e-01
-3.216593048976184033e-01 1.444758735154030860e-01
-3.056697190898422511e-01 1.751554432226469782e-01
-2.867798864139962656e-01 2.040920544341087162e-01
-2.651772358030225485e-01 2.310146194843322454e-01
-2.410741634329623406e-01 2.556719475551764154e-01
-2.147059478905619656e-01 2.778349987404616916e-01
-1.863284674902857541e-01 2.972989227047856398e-01
-1.562157416400137555e-01 3.138848652871371603e-01
-1.246573194621958813e-01 3.274415285826838273e-01
-9.195553997273744895e-02 3.378464723088163701e-01
-5.842268899905198043e-02 3.450071466043261870e-01
-2.437807867898519887e-02 3.488616488037443730e-01
9.854924177228613011e-03 3.493791991528532037e-01
4.395189435845227310e-02 3.465603328670594507e-01
7.759034264952202609e-02 3.404368083630018305e-01
1.104526857485338270e-01 3.310712315218026780e-01
1.422291535263651430e-01 3.185564061235428568e-01
1.726206184351490591e-01 3.030144169122868103e-01
2.013413288117286426e-01 2.845954467315436331e-01
2.281215108336980268e-01 2.634763454430601448e-01
2.527098209897524206e-01 2.398589624034308532e-01
2.748756281289548853e-01 2.139682577044695888e-01
2.944111056511447555e-01 1.860502091686190296e-01
3.111331160419033570e-01 1.563695337347798531e-01
3.248848717277800224e-01 1.252072433623996339e-01
3.355373581177724107e-01 9.285805691304463427e-02
3.429905066917404155e-01 5.962769063058467878e-02
3.471741080814510494e-01 2.583005082613880690e-02
3.480484572507956953e-01 -8.215646824392717346e-03
3.456047251034373158e-01 -4.218780634946093372e-02
3.398650531135202768e-01 -7.576540347707695633e-02
3.308823698725614770e-01 -1.086309348920545814e-01
3.187399307574586560e-01 -1.404733390664384685e-01
3.035505842346908900e-01 -1.709908631492334519e-01
2.854557706081194968e-01 -1.998938507763061700e-01
2.646242612760446034e-01 -2.269074262347233195e-01
2.412506487710898984e-01 -2.517740511855112162e-01
2.155535999977930828e-01 -2.742559311113315634e-01
1.877738871413187904e-01 -2.941372498061002871e-01
1.581722126805352180e-01 -3.112262115560682219e-01
1.270268433538298269e-01 -3.253568707330892207e-01
9.463108414886541031e-02 -3.363907344514517339e-01
6.129060539210421515e-02 -3.442181240397397257e-01
2.732063964307100690e-02 -3.487592764809340218e-01
-6.956916608981430009e-03 -3.499651782049377213e-01
-4.121647485138651978e-02 -3.478181215364878343e-01
-7.513177392589760750e-02 -3.423319770853479049e-01
-1.083789200962257671e-01 -3.335521777789180464e-01
-1.406394205900662608e-01 -3.215554127193193112e-01
-1.716031831919084816e-01 -3.064490315788331865e-01
-2.009714544857994500e-01 -2.883701628095077796e-01
-2.284596696062242693e-01 -2.674845515141388019e-01
-2.538001868533829031e-01 -2.439851253852913793e-01
-2.767448812674929703e-01 -2.180902996444748776e-01
-2.970675722343556480e-01 -1.900420343825210689e-01
-3.145662614082353481e-01 -1.601036600919086561e-01
-3.290651586829158592e-01 -1.285574894694428982e-01
-3.404164756101321077e-01 -9.570223573065268774e-02
-3.485019675466794475e-01 -6.185025969324225992e-02
-3.532342078953812914e-01 -2.732466973426179307e-02
-3.545575800764053098e-01 7.543699616466319896e-03
-3.524489753076858189e-01 4.241940323541579239e-02
-3.469181868677159719e-01 7.696556668447661342e-02
-3.380079942400072146e-01 1.108471038007660808e-01
-3.257939333734139464e-01 1.437339404700392897e-01
-3.103837495915826583e-01 1.753042132330744352e-01
-2.919165436165235827e-01 2.052474131825245129e-01
-2.705616096820672722e-01 2.332674459993157035e-01
-2.465169689072607140e-01 2.590855744357902224e-01
-2.200076172329855084e-01 2.824432156006889127e-01
-1.912834992383837807e-01 3.031045644128766425e-01
-1.606172247408232667e-01 3.208590160963568083e-01
-1.283015478056970804e-01 3.355233621929475940e-01
-9.464663036749082492e-02 3.469437364512600874e-01
-5.997711506214238597e-02 3.549972890983222329e-01
-2.462903406466072226e-02 3.595935703972488184e-01
1.105341731137624538e-02 3.606756070215975107e-01
4.672121178937191366e-02 3.582206576124133957e-01
8.202389418984326608e-02 3.522406369025568584e-01
1.166130253567276287e-01 3.427822009672213954e-01
1.501456321206365574e-01 3.299264894597861986e-01
1.822876289908544889e-01 3.137885240864168868e-01
2.127171771322097504e-01 2.945162660274337485e-01
2.411279463985513682e-01 2.722893384932784100e-01
2.672322467658129752e-01 2.473174240717406769e-01
2.907639964350496875e-01 2.198383499440346722e-01
3.114814951560602729e-01 1.901158773831745086e-01
3.291699729479087289e-01 1.584372151618319569e-01
3.436438863525666521e-01 1.251102795519926925e-01
3.547489366367858055e-01 9.046072645980429705e-02
3.623637853879883020e-01 5.482878457328771438e-02
3.664014524115639104e-01 1.856591863230685341e-02
3.668103748992772584e-01 -1.796864494115740785e-02
3.635751114251193905e-01 -5.441149304527626018e-02
3.567166854532565212e-01 -9.039866753107894670e-02
3.462925601438127110e-01 -1.255693362369135480e-01
3.323962417118594415e-01 -1.595694558604930091e-01
3.151565124552545560e-01 -1.920553888148960331e-01
2.947362984616151427e-01 -2.226974363266364110e-01
2.713311808914556922e-01 -2.511832505512693881e-01
2.451675635704919642e-01 -2.772210894048638963e-01
2.165005133663359949e-01 -3.005428791333240590e-01
1.856112934307574680e-01 -3.209070513566507632e-01
1.528046128166699880e-01 -3.381011234178564751e-01
1.184056191888108317e-01 -3.519439933178906132e-01
8.275666430045384991e-02 -3.622879233057538784e-01
4.621387456952910644e-02 -3.690201892900347724e-01
9.143561423203922997e-03 -3.720643766134354991e-01
-2.808149193938868152e-02 -3.713813063510183476e-01
-6.508582911702499862e-02 -3.669695801181234174e-01
-1.014951649630647518e-01 -3.588657353646420578e-01
-1.369402357071409226e-01 -3.471440072455923564e-01
-1.710606141775789790e-01 -3.319156973488610607e-01
-2.035084496593058123e-01 -3.133281537833029762e-01
-2.339520924656636192e-01 -2.915633713369886748e-01
-2.620795636596429667e-01 -2.668362258233141215e-01
-2.876018349403972052e-01 -2.393923559500795162e-01
-3.102558801943282041e-01 -2.095057152157655256e-01
-3.298074649244010503e-01 -1.774758214650518084e-01
-3.460536449798564673e-01 -1.436247282352278165e-01
-3.588249458830693461e-01 -1.082937499973297552e-01
-3.679871982763066041e-01 -7.183997512341078195e-02
-3.734430086173163299e-01 -3.463260287479727473e-02
-3.751328481101700030e-01 2.950857218015192143e-03
-3.730357469244813262e-01 4.052848355100082539e-02
-3.671695849872023132e-01 7.771789695781387841e-02
-3.575909749795998516e-01 1.141402295009726064e-01
-3.443947375890288320e-01 1.494240651945978049e-01
-3.277129735009072231e-01 1.832093104662957939e-01
-3.077137410205010859e-01 2.151509527911556197e-01
-2.845993525365431154e-01 2.449226670206422485e-01
-2.586043072297662948e-01 2.722202304730795830e-01
-2.299928814408771227e-01 2.967647098347087620e-01
-1.990564018979749106e-01 3.183053853200614181e-01
-1.661102305189716688e-01 3.366223803317510144e-01
-1.314904927092646891e-01 3.515289680122022364e-01
-9.555058393126518446e-02 3.628735295584113452e-01
-5.865749179691797516e-02 3.705411429367507226e-01
-2.118797299790721803e-02 3.744547846458190499e-01
1.647537398358578375e-02 3.745761313861482589e-01
5.394809803744478327e-02 3.709059551098841667e-01
9.084790540234066736e-02 3.634841004262558406e-01
1.267986442415467152e-01 3.523890486799572397e-01
1.614342221863997173e-01 3.377370784711426488e-01
1.944024159911823812e-01 3.196810249751076416e-01
2.253685317065101390e-01 2.984086537521346005e-01
2.540188761684157859e-01 2.741406668073226305e-01
2.800640026944704597e-01 2.471283626700502001e-01
3.032416963852769820e-01 2.176509760263080073e-01
3.233196673205654958e-01 1.860127259117069221e-01
3.400979231804769909e-01 1.525396046191108690e-01
3.534107963769135274e-01 1.175759422570268609e-01
3.631286046059674089e-01 8.148078428195031087e-02
3.691589277861622165e-01 4.462412129325656063e-02
3.714474885817309335e-01 7.383011901426402360e-03
3.699786280766045876e-01 -2.986235945685083992e-02
3.647753726129377427e-01 -6.673264729072880819e-02
3.558990922868315310e-01 -1.028532898316638633e-01
3.434487560521837790e-01 -1.378583915901329116e-01
3.275597927704856360e-01 -1.713945022966093246e-01
3.084025718101188196e-01 -2.031242521172146320e-01
2.861805208950990997e-01 -2.327298047625066535e-01
2.611279027843466660e-01 -2.599160922558188536e-01
2.335072759852207802e-01 -2.844137976689286584e-01
2.036066680292644149e-01 -3.059820550366468828e-01
1.717364933332569954e-01 -3.244108421527812647e-01
1.382262467423276131e-01 -3.395230325751961153e-01
1.034210139635910325e-01 -3.511760923312441940e-01
6.767783581529987491e-02 -3.592634124291554931e-01
3.136196357799838491e-02 -3.637152551596307126e-01
-5.156952854313155178e-03 -3.644993093089097802e-01
-4.150870307072489912e-02 -3.616208506325733207e-01
-7.732633951972409103e-02 -3.551225082414476986e-01
-1.122499456352602787e-01 -3.450836418141860484e-01
-1.459303090654893442e-01 -3.316193387273773663e-01
-1.780324616712520569e-01 -3.148790442368226694e-01
-2.082390496880503206e-01 -2.950448417082506825e-01
-2.362534995612634858e-01 -2.723294035401552238e-01
-2.618029474420523472e-01 -2.469736368064484044e-01
-2.846409031393262734e-01 -2.192440507365024660e-01
-3.045496224262804197e-01 -1.894298759129984244e-01
-3.213421649602943297e-01 -1.578399674760043170e-01
-3.348641186518488411e-01 -1.247995266515273677e-01
-3.449949750688945938e-01 -9.064667655572097860e-02
-3.516491443436707276e-01 -5.572892944809080401e-02
-3.547766020142156806e-01 -2.039958340946531820e-02
-3.543631642371884993e-01 1.498591320080651726e-02
-3.504303918067823709e-01 5.007359119800679909e-02
-3.430351273617903707e-01 8.451454608609315633e-02
-3.322686740157776430e-01 1.179684426505318018e-01
-3.182556286887813224e-01 1.501069067795203216e-01
-3.011523798363904825e-01 1.806167592984214143e-01
-2.811452955242627616e-01 2.092030657293279250e-01
-2.584486238494152488e-01 2.355919814500180842e-01
-2.333021255106480507e-01 2.595333535027214422e-01
-2.059684678814593939e-01 2.808030581664787140e-01
-1.767304099613339341e-01 2.992050529940488146e-01
-1.458878094079787413e-01 3.145731252716497672e-01
-1.137544843191554550e-01 3.267723222633691638e-01
-8.065496352802682678e-02 3.357000521120117598e-01
-4.692115989458753300e-02 3.412868478440920228e-01
-1.288900141635871723e-02 3.434967905282449996e-01
2.110494505295503614e-02 3.423275912236470875e-01
5.472682309064327844e-02 3.378103348892067537e-01
8.764877537120147055e-02 3.300088928677133993e-01
1.195521391861086996e-01 3.190190138761024308e-01
1.501305177165040416e-01 3.049671065899180467e-01
1.790926976846685392e-01 2.880087298759001491e-01
2.061653860139343597e-01 2.683268094731671716e-01
2.310957403803136079e-01 2.461296024255990589e-01
2.536536710134610351e-01 2.216484328038949847e-01
2.736338937683639450e-01 1.951352242070827081e-01
2.908577173099510249e-01 1.668598561852798756e-01
3.051745501972096264e-01 1.371073730672205115e-01
3.164631166874415369e-01 1.061750747001135448e-01
3.246323755001132572e-01 7.436951546761073895e-02
3.296221277495425817e-01 4.200345276668948635e-02
3.314033212090360392e-01 9.392770762406816437e-03
3.299780543648900277e-01 -2.314660007959531279e-02
3.253792764686526118e-01 -5.530172660121062539e-02
3.176701937440918333e-01 -8.676565391719420761e-02
3.069433915335731400e-01 -1.172402958196950701e-01
2.933196847620894721e-01 -1.464392080641555294e-01
2.769467115131353796e-01 -1.740902195719383760e-01
2.579972867291126515e-01 -1.999378983890052752e-01
2.366675350528936461e-01 -2.237458312308819863e-01
2.131748236021581422e-01 -2.452986975969063954e-01
1.877555170028250286e-01 -2.644041217254312071e-01
1.606625782937347591e-01 -2.808942880597877778e-01
1.321630403460458680e-01 -2.946273083756645872e-01
1.025353732148112790e-01 -3.054883312574449561e-01
7.206677335683596419e-02 -3.133903871777143912e-01
4.105040091073015873e-02 -3.182749650049602197e-01
9.782591247129284254e-03 -3.201123183147193685e-01
-2.143993323326398234e-02 -3.189015023854894215e-01
-5.232282553937248060e-02 -3.146701452003521915e-01
-8.257682593732595944e-02 -3.074739581277321498e-01
-1.119203992689241228e-01 -2.973959942010083735e-01
-1.400822748904246573e-01 -2.845456640395953030e-01
-1.668038676452407443e-01 -2.690575214382057156e-01
-1.918415627815353575e-01 -2.510898292741974291e-01
-2.149688354473913710e-01 -2.308229295963689920e-01
-2.359781976270780568e-01 -2.084574321572463806e-01
-2.546829617330781947e-01 -1.842122306821250000e-01
-2.709187975621275002e-01 -1.583223754619524082e-01
-2.845450750587658617e-01 -1.310368202141258542e-01
-2.954459836281753127e-01 -1.026160643664083827e-01
-3.035314207778920803e-01 -7.332971247755022681e-02
-3.087376449208463214e-01 -4.345397287704527711e-02
-3.110276892233929669e-01 -1.326911778877748298e-02
-3.103915354156787099e-01 1.694307279654803586e-02
-3.068460484827432166e-01 4.690186141175136519e-02
-3.004346751091848677e-01 7.633007582422740578e-02
-2.912269106449851264e-01 1.049565829343855755e-01
-2.793175411831297361e-01 1.325186932909464266e-01
-2.648256690800864788e-01 1.587644764602944292e-01
-2.478935318981098923e-01 1.834549684302027861e-01
-2.286851262948907115e-01 2.063662532967815710e-01
-2.073846498234147573e-01 2.272914026671268017e-01
-1.841947749262004552e-01 2.460422574983348043e-01
-1.593347706073858783e-01 2.624510384756278403e-01
-1.330384883384444772e-01 2.763717724975441881e-01
-1.055522296944106930e-01 2.876815243737400052e-01
-7.713251402394399880e-02 2.962814244402593444e-01
-4.804376512563970913e-02 3.020974844474471621e-01
-1.855593319755921913e-02 3.050811934963419958e-01
1.105791720352825719e-02 3.052098952181051539e-01
4.052404207159661376e-02 3.024869429508444396e-01
6.957046079360314217e-02 2.969416250396254009e-01
9.792937635354126424e-02 2.886288674909628926e-01
1.253395565290300329e-01 2.776287152132105307e-01
1.515486563656555097e-01 2.640455963051384081e-01
1.763154626694754534e-01 2.480073755429689497e-01
1.994120418491921731e-01 2.296642048637970446e-01
2.206257731637698560e-01 2.091871802408349912e-01
2.397612502854765126e-01 1.867668158835352754e-01
2.566420350685362228e-01 1.626113481636143332e-01
2.711122485153367734e-01 1.369448830567670528e-01
2.830379851503564415e-01 1.100054021897958478e-01
2.923085383407815763e-01 8.204264378452608142e-02
2.988374255356286979e-01 5.331587588401749678e-02
3.025632039247529992e-01 2.409158022414611619e-02
3.034500686372415545e-01 -5.358934034176712768e-03
3.014882272963903542e-01 -3.476196677845212746e-02
2.966940465158794393e-01 -6.384389311329183303e-02
2.891099677481662744e-01 -9.233363828638098403e-02
2.788041917699371486e-01 -1.199651401619980240e-01
2.658701329982509076e-01 -1.464797779225220087e-01
2.504256467615110227e-01 -1.716287457354889467e-01
2.326120345875559714e-01 -1.951753503519588762e-01
2.125928317408205259e-01 -2.168972105369541270e-01
1.905523949653505078e-01 -2.365883414918499295e-01
1.666942940203953727e-01 -2.540611052387504731e-01
1.412395147618548119e-01 -2.691480035197934551e-01
1.144244968437032051e-01 -2.817032998272571143e-01
8.649901900099025986e-02 -2.916044537331952680e-01
5.772394945442659714e-02 -2.987533529540983834e-01
2.836888040609482700e-02 -3.030773301748942439e-01
-1.290333112288968983e-03 -3.045299533911147716e-01
-3.097410863847909965e-02 -3.030915803971808709e-01
-6.040172355547519800e-02 -2.987696700395920391e-01
-8.929393108442786053e-02 -2.915988449517259995e-01
-1.173755812406126059e-01 -2.816407026758184218e-01
-1.443782226094417198e-01 -2.689833743396637944e-01
-1.700426606255708017e-01 -2.537408323714325231e-01
-1.941214480870609715e-01 -2.360519510852674974e-01
-2.163812839140839550e-01 -2.160793263314126911e-01
-2.366052966714572436e-01 -1.940078627549372825e-01
-2.545951901177543886e-01 -1.700431395234339726e-01
-2.701732290198551878e-01 -1.444095676426596919e-01
-2.831840446770954034e-01 -1.173483541559662557e-01
-2.934962410276293343e-01 -8.911529059467165892e-02
-3.010037838526343212e-01 -5.997838498867194557e-02
-3.056271574404001989e-01 -3.021535853658638415e-02
-3.073142751084246838e-01 -1.110296505368048417e-04
-3.060411303026725482e-01 3.004538931619045797e-02
-3.018121855306757917e-01 5.996306003029122644e-02
-2.946604874458184087e-01 8.935232436238521592e-02
-2.846475010090327995e-01 1.179275179063461326e-01
-2.718626675213066668e-01 1.454097665041372556e-01
-2.564226859472807929e-01 1.715297373370262557e-01
-2.384705218514237834e-01 1.960303169652008182e-01
-2.181741510595433808e-01 2.186691890685041606e-01
-1.957250479231695817e-01 2.392212852986060345e-01
-1.713364307725261382e-01 2.574810835963520783e-01
-1.452412797650913800e-01 2.732647295529501696e-01
-1.176901448412163848e-01 2.864119578923767784e-01
-8.894876385661831808e-02 2.967877929140798066e-01
-5.929551314537329088e-02 3.042840087455840337e-01
-2.901871474933609071e-02 3.088203324966413144e-01
1.586173694531220479e-03 3.103453758598719858e-01
3.221945891186996092e-02 3.088372833443002730e-01
6.258017306185602313e-02 3.043040881320202562e-01
9.236906624368586283e-02 2.967837694863250664e-01
1.212916001191751691e-01 2.863440086818018759e-01
1.490609120062727777e-01 2.730816435411277388e-01
1.754007187970512138e-01 2.571218248162417397e-01
2.000481303819105772e-01 2.386168808087945625e-01
2.227563429205266510e-01 2.177448997512155260e-01
2.432971832868510154e-01 1.947080425300914408e-01
2.614634762861007267e-01 1.697306028095945107e-01
2.770712127654617052e-01 1.430568287816709749e-01
2.899614909007457442e-01 1.149485293523438978e-01
3.000022079424242705e-01 8.568249223853367791e-02
3.070894867429418973e-01 5.554773525201314732e-02
3.111488192164015842e-01 2.484261968530167286e-02
3.121359131338461990e-01 -6.128144862421597977e-03
3.100372317258480725e-01 -3.705657350787805449e-02
3.048702187751388126e-01 -6.763452519458501566e-02
2.966832052007023490e-01 -9.755683542333790093e-02
2.855549965244798538e-01 -1.265244297763624404e-01
2.715941440348258462e-01 -1.542473854108095677e-01
2.549379058785596341e-01 -1.804479080609092956e-01
2.357509076868991027e-01 -2.048631928128348823e-01
2.142235156309555133e-01 -2.272481379968750714e-01
1.905699379716830899e-01 -2.473778829684120384e-01
1.650260741801116149e-01 -2.650501423088249542e-01
1.378471335208113491e-01 -2.800873110520758491e-01
1.093050475813350658e-01 -2.923383179108391405e-01
7.968570356175273817e-02 -3.016802061124390644e-01
4.928602718305485908e-02 -3.080194243310003799e-01
1.841094580608066203e-02 -3.112928132865449005e-01
-1.262973624778803219e-02 -3.114682768400423019e-01
-4.352451713440507602e-02 -3.085451298091568262e-01
-7.396339795956025087e-02 -3.025541182242739158e-01
-1.036410696378810281e-01 -2.935571136251568514e-01
-1.322600551281046810e-01 -2.816464774673537730e-01
-1.595337695397211486e-01 -2.669441058903632702e-01
-1.851894658045143138e-01 -2.496001701852057497e-01
-2.089710368100268223e-01 -2.297915592506878102e-01
-2.306416429230678244e-01 -2.077200426869705296e-01
-2.499861368399646511e-01 -1.836101740980845831e-01
-2.668132599010820116e-01 -1.577069570199786941e-01
-2.809575864993776873e-01 -1.302732984866248056e-01
-2.922811959680788885e-01 -1.015872775634352465e-01
-3.006750543192950320e-01 -7.193925818780874670e-02
-3.060600913891604602e-01 -4.162887733775967603e-02
-3.083879622892449213e-01 -1.096194088189224487e-02
-3.076414855297876505e-01 1.975273956784009619e-02
-3.038347537277089616e-01 5.020653488598645492e-02
-2.970129164002952016e-01 8.009417761976436734e-02
-2.872516379324641100e-01 1.091168981769456564e-01
-2.746562373501490462e-01 1.369854846132911030e-01
-2.593605199937609185e-01 1.634232335433118410e-01
-2.415253145241281207e-01 1.881687609859986343e-01
-2.213367318705387332e-01 2.109786435910269431e-01
-1.990041657103326367e-01 2.316298626508235814e-01
-1.747580568182387217e-01 2.499220255659675427e-01
-1.488474461104555835e-01 2.656793419683954327e-01
-1.215373434057162721e-01 2.787523344883027776e-01
-9.310594162720899070e-02 2.890192703450530920e-01
-6.384170294051116912e-02 2.963872905703985317e-01
-3.404035387261120787e-02 3.007932316565223307e-01
-4.001821351743719245e-03 3.022041399565569275e-01
2.597286057322745201e-02 3.006174655555829967e-01
5.558463876275689108e-02 2.960609383649089876e-01
8.453949098121690819e-02 2.885921297054660495e-01
1.125514057096871356e-01 2.782977060459190244e-01
1.393452606232946367e-01 2.652923848608231827e-01
1.646595699126577050e-01 2.497176057366709834e-01
1.882490722842870834e-01 2.317399328436055839e-01
2.098871334302731262e-01 2.115492076750786488e-01
2.293679389880205477e-01 1.893564735066297910e-01
2.465084564878461393e-01 1.653916953111649324e-01
2.611501474789776345e-01 1.399013008679568792e-01
2.731604138996749365e-01 1.131455704960727532e-01
2.824337657798507428e-01 8.539590421389130215e-02
2.888927004983184443e-01 5.693199616268267843e-02
2.924882870243801780e-01 2.803894682588862347e-02
2.932004518172330321e-01 -9.956560770788536446e-04
2.910379662989588945e-01 -2.988465714266941298e-02
2.860381390205375407e-01 -5.834422274147516019e-02
2.782662187692868661e-01 -8.609667051766783930e-02
2.678145178856075614e-01 -1.128732100591659099e-01
2.548012679339211606e-01 -1.384165671680195331e-01
2.393692241076625649e-01 -1.624834694546092029e-01
2.216840293690288122e-01 -1.848469585646471403e-01
2.019323653229844195e-01 -2.052985125154376256e-01
1.803199120976178016e-01 -2.236499674358616019e-01
1.570691351514467149e-01 -2.397352104467940226e-01
1.324169262114716084e-01 -2.534116323256859760e-01
1.066121244049118427e-01 -2.645613280570113246e-01
7.991294452403191473e-02 -2.730920361997939971e-01
5.258433993236999449e-02 -2.789378108835293690e-01
2.489532788134415572e-02 -2.820594231410237240e-01
-2.883695038302156941e-03 -2.824444911679276360e-01
-3.048361992883335050e-02 -2.801073419319055624e-01
-5.763924835196185953e-02 -2.750886093086103990e-01
-8.409184498690798482e-02 -2.674545765676094589e-01
-1.095915955041560919e-01 -2.572962735418280467e-01
-1.338999463861177686e-01 -2.447283411638174477e-01
-1.567918050524867990e-01 -2.298876782186380641e-01
-1.780575804708501853e-01 -2.129318871264616053e-01
-1.975050464271511097e-01 -1.940375373111491442e-01
-2.149610117696044986e-01 -1.733982662200778124e-01
-2.302727841963227162e-01 -1.512227393245007823e-01
-2.433094165032562428e-01 -1.277324914410342405e-01
-2.539627266169315889e-01 -1.031596724690133499e-01
-2.621480851777805987e-01 -7.774472113402267071e-02
-2.678049668868946465e-01 -5.173399056656313028e-02
-2.708972666356747605e-01 -2.537734594290529111e-02
-2.714133725611066472e-01 1.074232441780853704e-03
-2.693660082699916858e-01 2.737102193028702682e-02
-2.647918522814455833e-01 5.326689311461182963e-02
-2.577509342713977247e-01 7.852157643859646041e-02
-2.483258208429112435e-01 1.029028424673774089e-01
-2.366206022345121451e-01 1.261885768011260511e-01
-2.227596930278490095e-01 1.481687320514300243e-01
-2.068864613885573189e-01 1.686471408727878984e-01
-1.891617026607913532e-01 1.874431757278743893e-01
-1.697619742296629375e-01 2.043932428418051284e-01
-1.488778094624576276e-01 2.193520996458175887e-01
-1.267118292370410237e-01 2.321939869029520098e-01
-1.034767700647594435e-01 2.428135686262334336e-01
-7.939344811800626289e-02 2.511266748229452062e-01
-5.468867858427567397e-02 2.570708440071413636e-01
-2.959316969560784813e-02 2.606056642980251747e-01
-4.339410533279647146e-03 2.617129137469016986e-01
2.084042870759706886e-02 2.603965022942494323e-01
4.571656587895246704e-02 2.566822194367552878e-01
7.006362806398362675e-02 2.506172932692826150e-01
9.366260822419587850e-02 2.422697680477706728e-01
1.163027417055132323e-01 2.317277087869292207e-01
1.377832880573243435e-01 2.190982426538980177e-01
1.579152047621464050e-01 2.045064480401710960e-01
1.765227035964106461e-01 1.880941002953482322e-01
1.934446685427827495e-01 1.700182943170507333e-01
2.085359348335352747e-01 1.504499551018788350e-01
2.216684249763014591e-01 1.295722420649056406e-01
2.327321253677471502e-01 1.075788698376623914e-01
2.416359014592306953e-01 8.467235820760014853e-02
2.483081473099193193e-01 6.106222626440850620e-02
2.526972667078449253e-01 3.696314591561883356e-02
2.547719843591096933e-01 1.259306991932683875e-02
2.545214869318504491e-01 -1.182865053804308363e-02
2.519553949876350285e-01 -3.608314390945010358e-02
2.471035680327709483e-01 -5.995387750093566365e-02
2.400157460706093537e-01 -8.322848372627417168e-02
2.307610321293443456e-01 -1.057005397694393001e-01
2.194272212748916151e-01 -1.271712875642080909e-01
2.061199825929044271e-01 -1.474512816065866871e-01
1.909619015361997685e-01 -1.663619527797599584e-01
1.740913908827909085e-01 -1.837370770870773162e-01
1.556614793348156944e-01 -1.994241389507643014e-01
1.358384875097262412e-01 -2.132855795376889518e-01
1.148006017322154987e-01 -2.251999214141959527e-01
9.273635662876367203e-02 -2.350627617057691465e-01
6.984303805664221487e-02 -2.427876268406858051e-01
4.632501836590333794e-02 -2.483066828868077947e-01
2.239203639641369412e-02 -2.515712964444762334e-01
-1.742567834245876360e-03 -2.525524400812537151e-01
-2.586364134480372348e-02 -2.512409439148886037e-01
-4.975602397074865846e-02 -2.476475906510986202e-01
-7.320636280947515062e-02 -2.418030468804236721e-01
-9.600491294221408234e-02 -2.337576360117152585e-01
-1.179473141305110578e-01 -2.235809526049527263e-01
-1.388363300736392414e-01 -2.113613202220284149e-01
-1.584835369444646258e-01 -1.972050959778299251e-01
-1.767109481273972660e-01 -1.812358260392112064e-01
-1.933525623656255910e-01 -1.635932573822911351e-01
-2.082558228882833706e-01 -1.444322121744235632e-01
-2.212829755339026649e-01 -1.239213321909520549e-01
-2.323123144165852860e-01 -1.022417017027032610e-01
-2.412393042975823354e-01 -7.958535827156311415e-02
-2.479775695287020632e-01 -5.615370186127746632e-02
-2.524597402259190493e-01 -3.215581360111591236e-02
-2.546381472117333900e-01 -7.806696422872652814e-03
-2.544853582324110852e-01 1.667454938197190928e-02
-2.519945490094456231e-01 4.106660187743944174e-02
-2.471797038206089980e-01 6.514782997765249106e-02
-2.400756415208367689e-01 8.869822762737417099e-02
-2.307378642017725301e-01 1.115013540690579924e-01
-2.192422270446905130e-01 1.333462641952230798e-01
-2.056844293369934906e-01 1.540294126966943733e-01
-1.901793280885719362e-01 1.733565155512149791e-01
-1.728600752050628298e-01 1.911443511080681557e-01
-1.538770893523950800e-01 2.072224872864073808e-01
-1.333968629998347477e-01 2.214349185905486184e-01
-1.116006089891141140e-01 2.336415930571858479e-01
-8.868276209212928862e-02 2.437198173489915909e-01
-6.484934396050241745e-02 2.515655247119302218e-01
-4.031620357736405424e-02 2.570943921592802606e-01
-1.530714673071050316e-02 2.602427942595701427e-01
9.948030641078339786e-03 2.609685820714425786e-01
3.521558914452943556e-02 2.592516770808794835e-01
6.025995545532985415e-02 2.550944714482951681e-01
8.484587646295690955e-02 2.485220274557120301e-01
1.087405989741937057e-01 2.395820707466521093e-01
1.317160552198506640e-01 2.283447737605168448e-01
1.535510338872398961e-01 2.149023276642655356e-01
1.740333160638931342e-01 1.993683030605555295e-01
1.929617553363499327e-01 1.818768017849012875e-01
2.101482813503909863e-01 1.625814041750890393e-01
2.254198064126227141e-01 1.416539182830594545e-01
2.386200152023587318e-01 1.192829395806324078e-01
2.496110183694453255e-01 9.567223176287492636e-02
2.582748517176410852e-01 7.103894125318788166e-02
2.645148038114497613e-01 4.561165993856246964e-02
2.682565561912285679e-01 1.962835248822889650e-02
2.694491219286000994e-01 -6.665833689212830385e-03
2.680655692048186101e-01 -3.302085505063175747e-02
2.641035222876829125e-01 -5.918413732227692514e-02
2.575854282442225918e-01 -8.490299613493593189e-02
2.485585823384159621e-01 -1.099270865030623212e-01
2.370949107790607524e-01 -1.340108606595053486e-01
2.232905081915650125e-01 -1.569160087645962154e-01
2.072649307393757967e-01 -1.784138577063325293e-01
1.891602483663819279e-01 -1.982877031860783290e-01
1.691398621949274650e-01 -2.163350505287472414e-01
1.473870956664155574e-01 -2.323697401715950073e-01
1.241035705235980918e-01 -2.462239345721180528e-01
9.950738117598406651e-02 -2.577499443304325233e-01
