3.061616997868383018e-17 5.000000000000000000e-01
5.170934521182392329e-02 4.972976524810092669e-01
1.028502234296948398e-01 4.892209088770322345e-01
1.528609029090963189e-01 4.758602303158482316e-01
2.011925691610677025e-01 4.573651581537950261e-01
2.473155813970701056e-01 4.339425668711729411e-01
2.907254995983876711e-01 4.058542495344428791e-01
3.309488104559447086e-01 3.734138654490248288e-01
3.675482842204206291e-01 3.369832874019883517e-01
4.001278991458933065e-01 2.969683931850677361e-01
4.283372756409655202e-01 2.538143528016222894e-01
4.518755683871156781e-01 2.080004688109945432e-01
4.704947714633964662e-01 1.600346325737539432e-01
4.840023991843986906e-01 1.104474644832595942e-01
4.922635122102167471e-01 5.978620658316648184e-02
4.952020666668078275e-01 8.608442790088937854e-03
4.928015743585938968e-01 -4.252427583967564872e-02
4.851050682670048353e-01 -9.305282725274349742e-02
4.722143770767842641e-01 -1.424268588967575744e-01
4.542887207319649123e-01 -1.901109974714147166e-01
4.315426472368390498e-01 -2.355908548371725419e-01
4.042433388273163897e-01 -2.783787598973587740e-01
3.727073231447908253e-01 -3.180191500405312732e-01
3.372966320540926599e-01 -3.540935603064372938e-01
2.984144571727253559e-01 -3.862251537559227010e-01
2.565003569422881768e-01 -4.140827425084073754e-01
2.120250751059487571e-01 -4.373842554775960179e-01
1.654850346996714905e-01 -4.558996158974846225e-01
1.173965750722103102e-01 -4.694529991912015365e-01
6.829000198372942032e-02 -4.779244494952392674e-01
1.870352247134137239e-02 -4.812508411086556248e-01
-3.082286310003816768e-02 -4.794261791867440170e-01
-7.975343956101230147e-02 -4.725012420372989297e-01
-1.275627548683432033e-01 -4.605825753021314251e-01
-1.737414282214921613e-01 -4.438308560167281702e-01
-2.178017219256654924e-01 -4.224586519408046748e-01
-2.592828141347779392e-01 -3.967276085511852735e-01
-2.977557139157063215e-01 -3.669451026016366524e-01
-3.328277637501239616e-01 -3.334604089778284708e-01
-3.641466863034747981e-01 -2.966604260596102383e-01
-3.914041287947678804e-01 -2.569650161743495254e-01
-4.143386680508597819e-01 -2.148220251946718062e-01
-4.327382521990193465e-01 -1.707020375160936132e-01
-4.464420559181032089e-01 -1.250929320876776329e-01
-4.553417351517676237e-01 -7.849430510676108641e-02
-4.593820745318879517e-01 -3.141182564848171016e-02
-4.585610280733913857e-01 1.564840966181580556e-02
-4.529291608910648859e-01 6.218545779426736669e-02
-4.425885066657653799e-01 1.077089828884855022e-01
-4.276908622675402727e-01 1.517445213595016440e-01
-4.084355472476270399e-01 1.938385008319049030e-01
-3.850666617676802295e-01 2.335629590369618092e-01
-3.578698818778171531e-01 2.705199132312893773e-01
-3.271688358280633868e-01 3.043453356376288887e-01
-2.933211092520142116e-01 3.347126957960461224e-01
-2.567139305577112451e-01 3.613360364707655648e-01
-2.177595906688304384e-01 3.839725558040799624e-01
-1.768906533590329788e-01 4.024246746625206872e-01
-1.345550138030828236e-01 4.165415744992180258e-01
-9.121086362893973676e-02 4.262201974778395130e-01
-4.732162070383679614e-02 4.314057069867752725e-01
-3.350881141601371252e-03 4.320914129389950564e-01
4.024255039592398303e-02 4.283181723283469577e-01
8.300949171388813386e-02 4.201732803190673105e-01
1.245150429200659464e-01 4.077888796853266773e-01
1.643430155014165006e-01 3.913399057881953857e-01
2.021000716611832948e-01 3.710416012784589768e-01
2.374195528684902579e-01 3.471466406225179324e-01
2.699649556774791348e-01 3.199419014173073283e-01
2.994330237091613056e-01 2.897449249582013664e-01
3.255564297256515749e-01 2.569001110476707428e-01
3.481060269347747149e-01 2.217746939665547201e-01
3.668926539750306803e-01 1.847545478679287756e-01
3.817684833791539778e-01 1.462398705971187096e-01
3.926279086333289703e-01 1.066407950996155762e-01
3.994079701754151834e-01 6.637297716764990752e-02
4.020883257495164731e-01 2.585320731874872491e-02
4.006907754000826327e-01 -1.450490687519421368e-02
3.952783559952371406e-01 -5.429514364752845851e-02
3.859540244699956602e-01 -9.312271312562185599e-02
3.728589529349665144e-01 -1.306081074907009254e-01
3.561704623702979244e-01 -1.663907192053100115e-01
3.360996247893547895e-01 -2.001321947633743492e-01
3.128885664895439400e-01 -2.315194951287198877e-01
2.868075072926503100e-01 -2.602676379387768857e-01
2.581515725040962606e-01 -2.861221006082575458e-01
2.272374156858932848e-01 -3.088608676204169790e-01
1.943996912437271907e-01 -3.282961094897682841e-01
1.599874272855887070e-01 -3.442754748494294970e-01
1.243603093074290150e-01 -3.566830276677523948e-01
8.788492394932276297e-02 -3.654397959351201042e-01
5.093103182227363274e-02 -3.705039219801836148e-01
1.386787494865739101e-02 -3.718704554840921439e-01
-2.293943705535287855e-02 -3.695707876796104907e-01
-5.913342834977794449e-02 -3.636717409956977676e-01
-9.436761420941071343e-02 -3.542743314119142228e-01
-1.283096851129768845e-01 -3.415122235040815579e-01
-1.606444909384661113e-01 -3.255499005766787080e-01
-1.910768013645055552e-01 -3.065805743766088498e-01
-2.193338214556679044e-01 -2.848238606598776923e-01
-2.451674443850383744e-01 -2.605232483339882665e-01
-2.683562262847511426e-01 -2.339433910250330040e-01
-2.887070712804986061e-01 -2.053672507239683032e-01
-3.060566178269211179e-01 -1.750931236589949869e-01
-3.202723204869784013e-01 -1.434315787310189161e-01
-3.312532242619989353e-01 -1.107023387502620998e-01
-3.389304314545920072e-01 -7.723113433987563448e-02
-3.432672638110983998e-01 -4.334655974451259025e-02
-3.442591253236914617e-01 -9.376958917378972608e-03
-3.419330735572617130e-01 2.435263082135389126e-02
-3.363471096882191813e-01 5.752345153766228597e-02
-3.275891995894570918e-01 8.982588928043590271e-02
-3.157760402587762028e-01 1.209622075550259024e-01
-3.010515971999501161e-01 1.506491051665936054e-01
-2.835854117046803791e-01 1.786201545175253314e-01
-2.635706894834681790e-01 2.046280443379580039e-01
-2.412222276711792068e-01 2.284465695566573751e-01
-2.167741771441822063e-01 2.498724280771301709e-01
-1.904776664112159401e-01 2.687267880434283662e-01
-1.625983096718896237e-01 2.848566163735720691e-01
-1.334136220517879445e-01 2.981357614389490429e-01
-1.032103652603291732e-01 3.084657848558676752e-01
-7.228184698340776870e-02 3.157765394181581420e-01
-4.092519722479789901e-02 3.200264922259357103e-01
-9.438644555935045768e-03 3.212027940453323627e-01
2.188118516936409658e-02 3.193210978580531823e-01
5.274192562271409757e-02 3.144251314197905600e-01
8.285806099626887022e-02 3.065860304357004851e-01
1.119534306529793855e-01 2.959014406727085156e-01
1.397636278213790773e-01 2.824943989563736824e-01
1.660382737572164424e-01 2.665120045390060866e-01
1.905431499316846411e-01 2.481238937705227687e-01
2.130621720411303710e-01 2.275205323493152132e-01
2.333991909593752523e-01 2.049113406724971387e-01
2.513796071646021146e-01 1.805226689387767758e-01
2.668517866616048062e-01 1.545956396781865694e-01
2.796882679803144311e-01 1.273838762865446006e-01
2.897867514560830138e-01 9.915113692431946901e-02
2.970708634108755741e-01 7.016890700228896327e-02
3.014907055321548457e-01 4.071386906555884977e-02
3.030231468725056443e-01 1.106533923389132514e-02
3.016718801340098621e-01 -1.849723955476751877e-02
2.974672500715836443e-01 -4.769682767490828618e-02
2.904658482776372730e-01 -7.626128827477934857e-02
2.807498780850589681e-01 -1.039258350408518022e-01
2.684262951614583281e-01 -1.304354075867165952e-01
2.536257311833950978e-01 -1.555469542913150427e-01
2.365012097621927711e-01 -1.790316030708942741e-01
2.172266655296897220e-01 -2.006767013843644420e-01
1.959952789693024111e-01 -2.202877077416880991e-01
1.730176411808525272e-01 -2.376899181071868705e-01
1.485197642822474184e-01 -2.527300118602964218e-01
1.227409545629082888e-01 -2.652774033901657003e-01
9.593156679825182165e-02 -2.752253869507110262e-01
6.835065929730961554e-02 -2.824920640807928041e-01
4.026357027283126999e-02 -2.870210446900778867e-01
1.193943698174028401e-02 -2.887819148130637559e-01
-1.635132022870813134e-02 -2.877704660282048854e-01
-4.433952632851678732e-02 -2.840086836111432866e-01
-7.175976951276767657e-02 -2.775444926243055277e-01
-9.835288554404292283e-02 -2.684512633215560551e-01
-1.238683855591469068e-01 -2.568270794471306795e-01
-1.480668046775278357e-01 -2.427937752126052284e-01
-1.707219347724122094e-01 -2.264957823724502717e-01
-1.916229794766014516e-01 -2.080987010865121278e-01
-2.105765420974005930e-01 -1.877876599318024642e-01
-2.274084216276409942e-01 -1.657655584885127098e-01
-2.419652502287974460e-01 -1.422511094029218492e-01
-2.541159340288013380e-01 -1.174767277919687158e-01
-2.637528826467265275e-01 -9.168628748071573631e-02
-2.707930147675697286e-01 -6.513276501571400867e-02
-2.751785291542094836e-01 -3.807579366269725485e-02
-2.768774326819170573e-01 -1.077915065883800101e-02
-2.758838192931242217e-01 1.649179816723022468e-02
-2.722178961744985415e-01 4.347267168341390625e-02
-2.659257559309161079e-01 6.990263955784596639e-02
-2.570788960464280293e-01 9.552695596898261310e-02
-2.457734894547749238e-01 1.200994358527467387e-01
-2.321294125643398043e-01 1.433848490169411238e-01
-2.162890395672756871e-01 1.651612081122401654e-01
-1.984158142823123361e-01 1.852219273646312780e-01
-1.786926131080873170e-01 2.033778301400157307e-01
-1.573199148720080542e-01 2.194589848185368730e-01
-1.345137954228341481e-01 2.333163500919233635e-01
-1.105037667089053266e-01 2.448232126467843328e-01
-8.553048178500557985e-02 2.538764022425448741e-01
-5.984332867831685526e-02 2.603972714141857270e-01
-3.369793729901892493e-02 2.643324294045509837e-01
-7.353650056761923924e-03 2.656542452194041726e-01
1.892910651446634215e-02 2.643610554717208960e-01
4.489144264061534217e-02 2.604770933647925779e-01
7.027855689767263658e-02 2.540522037172077696e-01
9.484227453929844343e-02 2.451612825155332631e-01
1.183435160360263999e-01 2.339034636002960410e-01
1.405546704017569815e-01 2.204010607241085329e-01
1.612618488273658834e-01 2.047982758127456782e-01
1.802669953546239268e-01 1.872596867451950808e-01
1.973898327941019382e-01 1.679685303184020873e-01
2.124696238029997186e-01 1.471247982494236772e-01
2.253667289747410263e-01 1.249431660666574101e-01
2.359639459308126297e-01 1.016507765293029053e-01
2.441676157231417454e-01 7.748490076919849201e-02
2.499084853268157824e-01 5.269050165344388303e-02
2.531423176005316300e-01 2.751772490423483666e-02
2.538502427867105338e-01 2.219344271807957049e-03
2.520388483844059890e-01 -2.295181247188689266e-02
2.477400070247186281e-01 -4.774542977296150625e-02
2.410104447786828308e-01 -7.191623594051499424e-02
2.319310550998112397e-01 -9.522647378046597555e-02
2.206059663163707496e-01 -1.174482845040362433e-01
2.071613732109974793e-01 -1.383659801805835199e-01
1.917441457278087624e-01 -1.577781812588815447e-01
1.745202302016587437e-01 -1.754997971912595767e-01
1.556728877661161803e-01 -1.913638362626864931e-01
1.354007029395164763e-01 -2.052230186305970538e-01
1.139154489789264285e-01 -2.169511592277519052e-01
9.143988263974062169e-02 -2.264443390215996610e-01
6.820540842831870898e-02 -2.336218395805925718e-01
4.444966589114096589e-02 -2.384268325775834585e-01
2.041406572057705843e-02 -2.408268182197510210e-01
-3.658699118607645472e-03 -2.408138093204329477e-01
-2.752714090426128246e-02 -2.384042604773079221e-01
-5.095343713252403067e-02 -2.336387445622422898e-01
-7.370583721737712646e-02 -2.265813814297582829e-01
-9.556099090176241317e-02 -2.173190263833019165e-01
-1.163061743631359363e-01 -2.059602284719497245e-01
-1.357413912490990915e-01 -1.926339710967554797e-01
-1.536813273733498575e-01 -1.774882096595367664e-01
-1.699571395200230595e-01 -1.606882230630074515e-01
-1.844180607245003711e-01 -1.424147977478044946e-01
-1.969328064978674853e-01 -1.228622646094859050e-01
-2.073907687152711510e-01 -1.022364105600360312e-01
-2.157029862687635247e-01 -8.075228766984568485e-02
-2.218028840649592104e-01 -5.863194373660534503e-02
-2.256467744984839152e-01 -3.610209876921373351e-02
-2.272141181242303964e-01 -1.339179224278584657e-02
-2.265075428554067793e-01 9.269973926236914352e-03
-2.235526236011522450e-01 3.165657191623538064e-02
-2.183974454834471113e-01 5.354603169270269469e-02
-2.111119030373595773e-01 7.472328112115554644e-02
-2.017867762456158065e-01 9.498228164693120479e-02
-1.905326377008701721e-01 1.141280353350726390e-01
-1.774785491181797570e-01 1.319784715413292453e-01
-1.627705797048810410e-01 1.483661826469684086e-01
-1.465701636459027235e-01 1.631399922467375030e-01
-1.290523154839478548e-01 1.761663411369936427e-01
-1.104037234742845791e-01 1.873304785443702380e-01
-9.082074206152333795e-02 1.965374482393476008e-01
-7.050730545202361921e-02 2.037128614678919147e-01
-4.967278483468220984e-02 2.088034509815814010e-01
-2.852981213170793437e-02 2.117774028256986796e-01
-7.292093239476159748e-03 2.126244649288806521e-01
1.382776644952925238e-02 2.113558339010175868e-01
3.462040186395084346e-02 2.080038237624024511e-01
5.488177167557278802e-02 2.026213225720396860e-01
7.441516446056312128e-02 1.952810450731001235e-01
9.303310781389667605e-02 1.860745915066273071e-01
1.105591619058710062e-01 1.751113246404192025e-01
1.268295804230763768e-01 1.625170788001752964e-01
1.416948234496633874e-01 1.484327162582122772e-01
1.550209085980424062e-01 1.330125477168735970e-01
1.666905885698923562e-01 1.164226348074141326e-01
1.766043452964367044e-01 9.883899350130237460e-02
1.846811977452372244e-01 8.044573245899282188e-02
1.908593084722941535e-01 6.143309999536424038e-02
1.950963803947553810e-01 4.199549651913156434e-02
1.973698617746438844e-01 2.232949825552590917e-02
1.976769480404875490e-01 2.631867953752577323e-03
1.960343849539448735e-01 -1.690241178429428143e-02
1.924780778109524970e-01 -3.608206291811754535e-02
1.870625132833081128e-01 -5.472137521881890315e-02
1.798600023219359412e-01 -7.264199036198419612e-02
1.709597542400804748e-01 -8.967458995380638009e-02
1.604667936577659215e-01 -1.056604718209867289e-01
1.485007334043666749e-01 -1.204530002748529782e-01
1.351944177320036633e-01 -1.339189175627651940e-01
1.206924512787889009e-01 -1.459395053270479414e-01
1.051496301299191805e-01 -1.564115865846354980e-01
8.872929205029085609e-02 -1.652483604999122613e-01
7.160160350098720983e-02 -1.723800640293086106e-01
5.394180140200854207e-02 -1.777544563495376817e-01
3.592840776516553758e-02 -1.813371238224495419e-01
1.774143529659442595e-02 -1.831116050791334049e-01
-4.393981378609916892e-04 -1.830793376057845423e-01
-1.843642867332391869e-02 -1.812594289663989333e-01
-3.607576227195009866e-02 -1.776882574855428165e-01
-5.318893096311536756e-02 -1.724189088225847322e-01
-6.961447410423227122e-02 -1.655204563825029007e-01
-8.519942262528214239e-02 -1.570771064267235673e-01
-9.980070136816546200e-02 -1.471871861456200692e-01
-1.132864086900007283e-01 -1.359620028351965493e-01
-1.255369550696525116e-01 -1.235246152315253171e-01
-1.364460770633674491e-01 -1.100084971468728440e-01
-1.459217086367987637e-01 -9.555611769325611515e-02
-1.538867035333684741e-01 -8.031745307081324114e-02
-1.602794038855934744e-01 -6.444844531009699673e-02
-1.650540518392590028e-01 -4.810942361230805681e-02
-1.681810425245007512e-01 -3.146350403070603818e-02
-1.696470182578762032e-01 -1.467498318252271478e-02
-1.694548053808379584e-01 2.092258522234209488e-03
-1.676231966187209654e-01 1.867632899541213018e-02
-1.641865832673011227e-01 3.491885727308952775e-02
-1.591944428690633129e-01 5.066647296352545793e-02
-1.527106893171351620e-01 6.577221903282286231e-02
-1.448128935113044691e-01 8.009688546593243808e-02
-1.355913837786004994e-01 9.351025228694220814e-02
-1.251482362525530578e-01 1.058922314587581737e-01
-1.135961662737793865e-01 1.171338982964796327e-01
-1.010573326246577142e-01 1.271384042091694144e-01
-8.766206703811081635e-02 1.358217638191681897e-01
-7.354754192189398576e-02 1.431135107840621756e-01
-5.885638961350328491e-02 1.489572179513763417e-01
-4.373528672619822477e-02 1.533108787977246201e-01
-2.833353110025485511e-02 1.561471511215565544e-01
-1.280158110962027231e-02 1.574534600929569650e-01
2.710396519569797241e-03 1.572319521609632231e-01
1.805393123517212706e-02 1.554993169168083222e-01
3.308363540276947762e-02 1.522864749234710269e-01
4.765854639713942853e-02 1.476381357850991560e-01
6.164341218792575294e-02 1.416122321500794257e-01
7.490990924247166449e-02 1.342792363899098229e-01
8.733778233380588840e-02 1.257213676681228354e-01
9.881589668707113638e-02 1.160316980024128086e-01
1.092431938146235099e-01 1.053131667226800960e-01
1.185295433694286693e-01 9.367751343281539855e-02
1.265964843789389449e-01 8.124414019038797563e-02
1.333778502977730762e-01 6.813891412226881494e-02
1.388202734274719408e-01 5.449292209330567488e-02
1.428835653855103915e-01 4.044118933760827012e-02
1.455409714537051757e-01 2.612137414705168609e-02
1.467792977885345740e-01 1.167245078934802185e-02
1.465989116229366451e-01 -2.766607200899218189e-03
1.450136157213441357e-01 -1.705813134834080480e-02
1.420503994581236440e-01 -3.106703840625066326e-02
1.377490699652360873e-01 -4.466207493023072878e-02
1.321617678293067755e-01 -5.771701524756756019e-02
1.253523728033634765e-01 -7.011180233425899633e-02
1.173958059266833331e-01 -8.173362171771196560e-02
1.083772474710877481e-01 -9.247789238453620053e-02
9.839124392442354095e-02 -1.022491924714408751e-01
8.754073168217259282e-02 -1.109620841236709926e-01
7.593601570007812995e-02 -1.185418256123662861e-01
6.369367731598875315e-02 -1.249249881964050735e-01
5.093543238593378070e-02 -1.300599634430221474e-01
3.778695051023276547e-02 -1.339073572078083030e-01
2.437664639552694287e-02 -1.364402675116282160e-01
1.083445457147051878e-02 -1.376444446061607652e-01
-2.709401244458489646e-03 -1.375183325823615965e-01
-1.612563286420351516e-02 -1.360729929381936099e-01
-2.928709527973132401e-02 -1.333319115747561290e-01
-4.206996631569823175e-02 -1.293306917248309706e-01
-5.435488766458199811e-02 -1.241166363260594735e-01
-6.602805708762762849e-02 -1.177482243242459758e-01
-7.698226205566788272e-02 -1.102944863224691735e-01
-8.711784567797356549e-02 -1.018342858709769400e-01
-9.634359641983486489e-02 -9.245551351399480811e-02
-1.045775538350260936e-01 -8.225420146537104626e-02
-1.117477233311349738e-01 -7.133356746926432235e-02
-1.177926938374422444e-01 -5.980299700905281762e-02
-1.226621531492261968e-01 -4.777697355182403127e-02
-1.263172966711800238e-01 -3.537396695275360492e-02
-1.287311262678878521e-01 -2.271529048957731875e-02
-1.298886369423952469e-01 -9.923937248990565008e-03
-1.297868947518678318e-01 2.876580931909827193e-03
-1.284349963160840713e-01 1.556342113950372023e-02
-1.258539078473236705e-01 2.801558104804303950e-02
-1.220762029944333638e-01 4.011502262693691923e-02
-1.171456906459098363e-01 5.174777589459465116e-02
-1.111169386392569652e-01 6.280499916127878224e-02
-1.040546982093813189e-01 7.318398601344383581e-02
-9.603323491723367300e-02 8.278910980683462650e-02
-8.713557265554207343e-02 9.153269703510351352e-02
-7.745265812330477673e-02 9.933582161962617452e-02
-6.708245388721233160e-02 1.061290129184139924e-01
-5.612896879986106757e-02 1.118528710708732304e-01
-4.470123511511012865e-02 1.164585841735489985e-01
-3.291224212445531538e-02 1.199083427117945411e-01
-2.087783653038897957e-02 1.221756476450632234e-01
-8.715600069287425186e-03 1.232455095503693504e-01
3.456284905596054315e-03 1.231145372599786320e-01
1.552017107308261215e-02 1.217909154761156049e-01
2.736007222169394362e-02 1.192942718974053795e-01
3.886276905937668252e-02 1.156554354390190165e-01
4.991888426692966257e-02 1.109160881613532879e-01
6.042391661479529219e-02 1.051283145303969074e-01
7.027922436803098194e-02 9.835405260712754005e-02
7.939294870294767714e-02 9.066445269399625584e-02
8.768086844655274825e-02 8.213914984452021228e-02
9.506717373262144055e-02 7.286546900148434258e-02
1.014851694277610905e-01 6.293753674619444183e-02
1.068778805757691353e-01 5.245532878440322538e-02
1.111985530217897006e-01 4.152368798791107596e-02
1.144110602448476927e-01 3.025128843629575418e-02
1.164902059441413062e-01 1.874956627420503591e-02
1.174219197438399753e-01 7.131627815756648621e-03
1.172033444213485265e-01 -4.488854468755754286e-03
1.158428141196665151e-01 -1.599874734869393897e-02
1.133597240650852378e-01 -2.728655288127567954e-02
1.097842933664115173e-01 -3.824348449180535459e-02
1.051572235112002984e-01 -4.876451267922995991e-02
9.952925618765315341e-02 -5.874937025603180207e-02
9.296063503755612467e-02 -6.810350744616949781e-02
8.552047687652079844e-02 -7.673898767433415258e-02
7.728605879332317574e-02 -8.457531547931367022e-02
6.834202835158420530e-02 -9.154018866773455665e-02
5.877954485640710797e-02 -9.757016758514563959e-02
4.869536030826307482e-02 -1.026112552117130622e-01
3.819084924002017628e-02 -1.066193826813167933e-01
2.737099711471723332e-02 -1.095607957668697924e-01
1.634335734658214773e-02 -1.114123388615408938e-01
5.216987292176208761e-03 -1.121616340054105987e-01
-5.898626260435738643e-03 -1.118071535497273533e-01
-1.689464150075002322e-02 -1.103581861056112806e-01
-2.766391487187792875e-02 -1.078347018177163719e-01
-3.810205710358934017e-02 -1.042671062969744988e-01
-4.810845406359840620e-02 -9.969588695132372558e-02
-5.758722511154022033e-02 -9.417117257039070433e-02
-6.644814242379695757e-02 -8.775219675441567335e-02
-7.460749083237008805e-02 -8.050667404272590644e-02
-8.198885991261763151e-02 -7.251009523088908226e-02
-8.852386075451813829e-02 -6.384494914687209588e-02
-9.415276062591604322e-02 -5.459987886284511927e-02
-9.882502957583239045e-02 -4.486878094347390711e-02
-1.024997939224373822e-01 -3.474985686763098353e-02
-1.051461925148806653e-01 -2.434462620352230433e-02
-1.067436326410623748e-01 -1.375691146268231448e-02
-1.072819434642739850e-01 -3.091804802931492208e-03
-1.067614259004307925e-01 7.545373107820996239e-03
-1.051927988836583172e-01 1.805011171733579209e-02
-1.025970430007047685e-01 2.831973642116754342e-02
-9.900514349374130163e-02 3.825441148737457331e-02
-9.445773562611600727e-02 4.775811023045152537e-02
-8.900465636660113977e-02 5.673954295927995800e-02
-8.270440726507423401e-02 6.511303368586943141e-02
-7.562353425708115418e-02 7.279933713228345371e-02
-6.783593093794515472e-02 7.972638820645777669e-02
-5.942207258108533896e-02 8.582997682698154107e-02
-5.046818883266152023e-02 9.105434175456476875e-02
-4.106539439885954768e-02 9.535267500140202912e-02
-3.130875456671612656e-02 9.868754534618261187e-02
-2.129631502829346795e-02 1.010312203931014452e-01
-1.112812903421939517e-02 1.023658851639271949e-01
-9.052594868985485528e-04 1.026837665690089746e-01
9.271223825964238288e-03 1.019871579149310564e-01
1.930124188091438681e-02 1.002883437187585686e-01
2.908668907743892224e-02 9.760942609150369265e-02
3.853239123315607695e-02 9.398205492836676778e-02
4.754702954025152861e-02 8.944706509040972753e-02
5.604402149750811746e-02 8.405402467209073525e-02
6.394235030990601254e-02 7.786069931301471680e-02
7.116733480804803003e-02 7.093243832156441442e-02
7.765133257631279262e-02 6.334148912485017269e-02
8.333436968500916586e-02 5.516624723665163738e-02
8.816469119010317268e-02 4.649044953623793219e-02
9.209922738618261939e-02 3.740231917047147359e-02
9.510397166573703043e-02 2.799367082488639358e-02
9.715426674143078090e-02 1.835898545251016950e-02
9.823499691841122705e-02 8.594463799346052993e-03
9.834068505149863582e-02 -1.202931779350802609e-03
9.747549377748139510e-02 -1.093643765852932159e-02
9.565313156617534507e-02 -2.051044192140316635e-02
9.289666507584702637e-02 -2.983142059024369852e-02
8.923824021939970319e-02 -3.880884794799979026e-02
8.471872085576941103e-02 -4.735606297819525135e-02
7.938723545480566579e-02 -5.539111360868183287e-02
7.330063968980769784e-02 -6.283754614602532484e-02
6.652291728844449137e-02 -6.962511747957625396e-02
5.912451033819472734e-02 -7.569045214635120034e-02
5.118158984199636108e-02 -8.097762793793257530e-02
4.277527408308548496e-02 -8.543868470801391224e-02
3.399080282486457300e-02 -8.903405183297868897e-02
2.491667575570661805e-02 -9.173289061144124235e-02
1.564376388639449056e-02 -9.351334875310347849e-02
6.264402817413096923e-03 -9.436272499349353249e-02
-3.128523086890393559e-03 -9.427754277067884603e-02
-1.244249655067458833e-02 -9.326353280362872922e-02
-2.158627425913275250e-02 -9.133552531044156209e-02
-3.047077589370245781e-02 -8.851725348942487970e-02
-3.900994670753617222e-02 -8.484107074827727801e-02
-4.712158533717450415e-02 -8.034758499794504572e-02
-5.472812894421896085e-02 -7.508521412033204723e-02
-6.175738825354681882e-02 -6.910966746523559967e-02
-6.814322559681028346e-02 -6.248335892480406939e-02
-7.382616967596614121e-02 -5.527475776705617627e-02
-7.875396142467340488e-02 -4.755768397772647260e-02
-8.288202605868483230e-02 -3.941055535708784530e-02
-8.617386716248004452e-02 -3.091559404083103757e-02
-8.860137945023845163e-02 -2.215800045822026096e-02
-9.014507531681276165e-02 -1.322511344754709328e-02
-9.079423455308176238e-02 -4.205533941047582755e-03
-9.054696152301835999e-02 4.811759849287926966e-03
-8.941015100903933199e-02 1.373827462126237312e-02
-8.739937284692485264e-02 2.248686428534272391e-02
-8.453867261104917874e-02 3.097257412286227515e-02
-8.086029081570342281e-02 3.911345869489822602e-02
-7.640430387319291361e-02 4.683136570768346024e-02
-7.121819078715818652e-02 5.405267842439304138e-02
-6.535633025291669174e-02 6.070900966613106825e-02
-5.887943347937957261e-02 6.673784096153319301e-02
-5.185391863367327242e-02 7.208310097950884621e-02
-4.435123333479168428e-02 7.669567800705795468e-02
-3.644713208172622315e-02 8.053386190732970962e-02
-2.822091589063871128e-02 8.356371170531584625e-02
-1.975464173192832337e-02 8.575934569246392025e-02
-1.113230959885639151e-02 8.710315170969945564e-02
-2.439035203137640811e-03 8.758591605339358099e-02
6.239783621357606475e-03 8.720687024287755718e-02
1.481929871790035706e-02 8.597365568362819177e-02
2.321603359023906646e-02 8.390220704968262555e-02
3.134868769714887343e-02 8.101655598453286200e-02
3.913891540565301447e-02 7.734855747471730547e-02
4.651207224235374277e-02 7.293754197723016641e-02
5.339792144222249570e-02 6.782989707410390368e-02
5.973128493559515251e-02 6.207858971489263467e-02
6.545266351075160194e-02 5.574261744000330587e-02
7.050879522084536888e-02 4.888639861014131005e-02
7.485313177538181761e-02 4.157912678763653336e-02
7.844625820690000195e-02 3.389407758790820291e-02
8.125624162716328647e-02 2.590787959765111781e-02
8.325890610523563329e-02 1.769975654700518125e-02
8.443803142111692972e-02 9.350748155271775344e-03
8.478547418680972003e-02 9.429172302949757282e-04
8.430121057424609654e-02 -7.441449310651881976e-03
8.299330063936433133e-02 -1.572063781556719275e-02
8.087777497709915109e-02 -2.381429604262302879e-02
7.797844517620589055e-02 -3.164420457882814730e-02
7.432664025873574054e-02 -3.913502423485477888e-02
6.996087197999738272e-02 -4.621501238484544694e-02
6.492643252498964124e-02 -5.281670155081698292e-02
5.927492876046529940e-02 -5.887753392322700452e-02
5.306375778250008168e-02 -6.434044595830677726e-02
4.635552903252061763e-02 -6.915439769428026462e-02
3.921743873573831779e-02 -7.327484197769991436e-02
3.172060284044184858e-02 -7.666412938259885290e-02
2.393935500109584114e-02 -7.929184523307751531e-02
1.595051644978679947e-02 -8.113507579857393015e-02
7.832644836412707909e-03 -8.217860141393487639e-02
-3.347307133376861091e-04 -8.241501497697073519e-02
-8.471868595473058469e-03 -8.184476483724456575e-02
-1.649959802986868465e-02 -8.047612734585846139e-02
-2.434009439049720711e-02 -7.832509683528916800e-02
-3.191761354631632991e-02 -7.541520150721733873e-02
-3.915921578543044013e-02 -7.177725032816828499e-02
-4.599546029730482849e-02 -6.744901092617208715e-02
-5.236106369571733726e-02 -6.247482180047189693e-02
-5.819551642750343812e-02 -5.690514276571534413e-02
-6.344365133118756717e-02 -5.079604812278026155e-02
-6.805615908078632703e-02 -4.420866757495971883e-02
-7.199004576875779604e-02 -3.720858038636772752e-02
-7.520902844373082707e-02 -2.986516870475374244e-02
-7.768386501794681542e-02 -2.225093633974138674e-02
-7.939261559059157536e-02 -1.444079959627924716e-02
-8.032083289030711448e-02 -6.511357009171563417e-03
-8.046168021723681951e-02 1.459854993852426151e-03
-7.981597595565220749e-02 9.395113357892424105e-03
-7.839216442607604973e-02 1.721725940488580409e-02
-7.620621354433072814e-02 2.485044240484727066e-02
-7.328144044783678479e-02 3.222084863011673989e-02
-6.964826693013827230e-02 3.925740896167385224e-02
-6.534390718679709831e-02 4.589247833470870563e-02
-6.041199101350189921e-02 5.206248059167694481e-02
-5.490212620414191419e-02 5.770851265225460797e-02
-4.886940446736161292e-02 6.277690230747282052e-02
-4.237386661821425371e-02 6.721970763305362695e-02
-3.547990184129625607e-02 7.099517836797837600e-02
-2.825560201420809422e-02 7.406814990372660723e-02
-2.077210407639195136e-02 7.641035914086977132e-02
-1.310289511180865243e-02 7.800070213488241588e-02
-5.323096252029736741e-03 7.882542222656817310e-02
2.491267691693356372e-03 7.887822697895641166e-02
1.026400583193947356e-02 7.816033292465443538e-02
1.791949894908842142e-02 7.668043781890883370e-02
2.538343028849662786e-02 7.445462078706652220e-02
3.258350239863622155e-02 7.150617144446873297e-02
3.945013313983865982e-02 6.786534974561239664e-02
4.591712420069627570e-02 6.356907898127371614e-02
5.192229573015523514e-02 5.866057498058431519e-02
5.740808102520485179e-02 5.318891518377221600e-02
6.232207560374181110e-02 4.720855182495806157e-02
6.661753543613320450e-02 4.077877399714645995e-02
7.025381960289921179e-02 3.396312385840780795e-02
7.319677318502744445e-02 2.682877267453460945e-02
7.541904677276128899e-02 1.944586277499656124e-02
7.690034959262181946e-02 1.188682182198604574e-02
7.762763389509880207e-02 4.225656053618739166e-03
7.759520891083894478e-02 -3.462770640636640088e-03
7.680478336449064747e-02 -1.110346482348088110e-02
7.526543622623631247e-02 -1.862203173996854894e-02
7.299352223526259231e-02 -2.594538593716633201e-02
7.001249879604155846e-02 -3.300247256127823714e-02
6.635267743430593723e-02 -3.972496390592387960e-02
6.205092177981438861e-02 -4.604790661393085710e-02
5.715027859370376551e-02 -5.191034704307012637e-02
5.169954936574743670e-02 -5.725591687810558522e-02
4.575280671172052283e-02 -6.203337336214442138e-02
3.936886033261529499e-02 -6.619708896568464451e-02
3.261067778230863912e-02 -6.970748580752932078e-02
2.554476572377063076e-02 -7.253141068265493707e-02
1.824051773211663938e-02 -7.464244713295171973e-02
1.076953502182833450e-02 -7.602116161207242429e-02
3.204926732158771413e-03 -7.665528143946759299e-02
-4.379403403534948107e-03 -7.653980290442441436e-02
-1.190947705365057521e-02 -7.567702856207762785e-02
-1.931196094117381898e-02 -7.407653345356604579e-02
-2.651487915654753350e-02 -7.175506067471819349e-02
-3.344831121316274580e-02 -6.873634740512404862e-02
-4.004506907507096591e-02 -6.505088318544782755e-02
-4.624134659956149335e-02 -6.073560288880938685e-02
-5.197733511413474977e-02 -5.583351746548553818e-02
-5.719779918553663522e-02 -5.039328614279268287e-02
-6.185260703450630448e-02 -4.446873432795476339e-02
-6.589721049948912834e-02 -3.811832198537155880e-02
-6.929306995135088576e-02 -3.140456773615118297e-02
-7.200802045620095793e-02 -2.439344536783476583e-02
-7.401657914359346946e-02 -1.715372482796488976e-02
-7.530018004190142111e-02 -9.756287461838533334e-03
-7.584734204792023538e-02 -2.273444262798591815e-03
-7.565376969061848866e-02 5.221769724322472030e-03
-7.472238385355561840e-02 1.265630692485679790e-02
-7.306328227058314639e-02 1.995781774796902275e-02
-7.069363029431029177e-02 2.705535318058223393e-02
-6.763748311553050008e-02 3.388005263890274399e-02
-6.392554127760945171e-02 4.036581041042011653e-02
-5.959484197654055238e-02 4.644991423949335757e-02
-5.468838925850599830e-02 5.207364989253235321e-02
-4.925472681637185768e-02 5.718286588154208178e-02
-4.334745763859211565e-02 6.172849292360296780e-02
-3.702471527347314662e-02 6.566701316468122329e-02
-3.034859193375010269e-02 6.896087469472536591e-02
-2.338452907629081159e-02 7.157884742213238560e-02
-1.620067644585538452e-02 7.349631695390537733e-02
-8.867225866667643314e-03 7.469551373746709244e-02
-1.455726298526326557e-03 7.516567535513590803e-02
5.961613156754211329e-03 7.490314051641963622e-02
1.331262550946083270e-02 7.391137396004797411e-02
2.052588657056284363e-02 7.220092215054890739e-02
2.753140727808446597e-02 6.978930032642437220e-02
3.426131095987997033e-02 6.670081212218594013e-02
4.065048441679541824e-02 6.296631196885757453e-02
4.663721392483855671e-02 5.862288902299505472e-02
5.216378185522342614e-02 5.371348849575106194e-02
5.717701430732974321e-02 4.828649384277500234e-02
6.162879010233823784e-02 4.239524961336012948e-02
6.547649999860065406e-02 3.609753702264208858e-02
6.868345177702368798e-02 2.945500741006538276e-02
7.121921737769619509e-02 2.253257914349161492e-02
7.305991883745012461e-02 1.539780386959195384e-02
7.418845037628232775e-02 8.120208294487040943e-03
7.459463460290056969e-02 7.706179017449958646e-04
7.427531145000740298e-02 -6.579530824460691658e-03
7.323435910212849898e-02 -1.385888300644968520e-02
7.148264683619741378e-02 -2.099685611341618047e-02
6.903792035166916863e-02 -2.792432217017013635e-02
6.592462081635601379e-02 -3.457427486551069989e-02
6.217363949003994888e-02 -4.088247515073814564e-02
5.782201040436724115e-02 -4.678806913904468012e-02
5.291254416849285047e-02 -5.223417239573907578e-02
4.749340653009731517e-02 -5.716841504446717320e-02
4.161764584553404728e-02 -6.154344250247290038e-02
3.534267409562947410e-02 -6.531736709467354796e-02
2.872970652089244098e-02 -6.845416627751199634e-02
2.184316533763534796e-02 -7.092402372441973524e-02
1.475005333112407516e-02 -7.270361008019451954e-02
7.519311020222199660e-03 -7.377630468545029463e-02
2.211387791043437935e-04 -7.413234733196048809e-02
-7.073689776754835123e-03 -7.376891901669382912e-02
-1.429450353421408797e-02 -7.269016367349528940e-02
-2.137141616127066768e-02 -7.090714047283362687e-02
-2.823599998801393923e-02 -6.843770955997677263e-02
-3.482194502794645763e-02 -6.530635242066461232e-02
-4.106569683024219319e-02 -6.154392868718738807e-02
-4.690706706567468465e-02 -5.718737180310029533e-02
-5.228981101872864912e-02 -5.227932654590633499e-02
-5.716216648310160769e-02 -4.686773195885893251e-02
-6.147734893433664388e-02 -4.100535376013231259e-02
-6.519399827816331483e-02 -3.474927077510346629e-02
-6.827657294181906089e-02 -2.816032037106916408e-02
-7.069568758395219921e-02 -2.130250825951866128e-02
-7.242839124177685717e-02 -1.424238836527855212e-02
-7.345838330669192395e-02 -7.048418741326928534e-03
-7.377616531625906526e-02 2.097002692813666562e-04
-7.337912716541970803e-02 7.461699259644800908e-03
-7.227156696749843789e-02 1.463741790585849911e-02
-7.046464443014852086e-02 2.166748152559444182e-02
-6.797626824640112808e-02 2.848396956024513982e-02
-6.483091863077948547e-02 3.502106957463620163e-02
-6.105940674920583983e-02 4.121571051123616020e-02
-5.669857339309182509e-02 4.700816913805450081e-02
-5.179093843912690315e-02 5.234264276939024074e-02
-4.638427876827064256e-02 5.716778968293110413e-02
-4.053115502786935886e-02 6.143722091994208157e-02
-3.428841022811495581e-02 6.510994184234718263e-02
-2.771661912458215499e-02 6.815074441796524496e-02
-2.087950197180474254e-02 7.053054361099027336e-02
-1.384330828950881311e-02 7.222665467220887314e-02
-6.676176568521096331e-03 7.322300868944851826e-02
5.525239275898242552e-04 7.351030434983345241e-02
7.772862938684232080e-03 7.308609447591223052e-02
1.491502412529285837e-02 7.195480652219436724e-02
2.190997864114202151e-02 7.012769685095640582e-02
2.869015088809525119e-02 6.762273924041099782e-02
3.519007005515730618e-02 6.446444870843666408e-02
4.134700117885529297e-02 6.068364235531066575e-02
4.710154965781027103e-02 5.631713953304321590e-02
5.239823340794574902e-02 5.140740423122158037e-02
5.718601715411036207e-02 4.600213312462227144e-02
6.141880371599344607e-02 4.015379325036393804e-02
6.505587755776928716e-02 3.391911376740874839e-02
6.806229632836642562e-02 2.735853669411934114e-02
7.040922661780357750e-02 2.053563191564723028e-02
7.207422069022911826e-02 1.351648209872068941e-02
7.304143152133389660e-02 6.369043443399381027e-03
7.330176406082355989e-02 -8.375115633391229473e-04
7.285296893885576108e-02 -8.033457060329650054e-03
7.169965694231715536e-02 -1.514919738935783904e-02
6.985324303719026018e-02 -2.211594456307972717e-02
6.733184040113913971e-02 -2.886637553910572154e-02
6.416008342419919630e-02 -3.533528275024699211e-02
6.036888768320123472e-02 -4.146020409548487051e-02
5.599514920353248354e-02 -4.718202629798506215e-02
5.108138591015292523e-02 -5.244555579108828303e-02
4.567532473067086041e-02 -5.720005160454016968e-02
3.982943834109914372e-02 -6.139971508831157387e-02
3.360043603469834578e-02 -6.500413172700726661e-02
2.704871364126662167e-02 -6.797866075986837286e-02
2.023776782372937663e-02 -7.029476882552328221e-02
1.323358042704000752e-02 -7.193030439202939552e-02
6.103978847766237774e-03 -7.286971030633712654e-02
-1.082021371675520507e-03 -7.310417239724935345e-02
-8.254885344909515879e-03 -7.263170268654731143e-02
-1.534523254703739140e-02 -7.145715639848658485e-02
-2.228450888091113025e-02 -6.959218260157871982e-02
-2.900565057511060932e-02 -6.705510896255480191e-02
-3.544373346210660108e-02 -6.387076173451916583e-02
-4.153660132569490099e-02 -6.007022273260257533e-02
-4.722546720918543300e-02 -5.569052566523496201e-02
-5.245548183850527041e-02 -5.077429478123954981e-02
-5.717626363417074864e-02 -4.536932935632295716e-02
-6.134239016334896988e-02 -3.952814801660711752e-02
-6.491383544148797424e-02 -3.330746501760165762e-02
-6.785634772627949229e-02 -2.676762891844484266e-02
-7.014178139843905979e-02 -1.997204664825743409e-02
-7.174836661984709818e-02 -1.298656730134902827e-02
-7.266091694273772716e-02 -5.878842512313550532e-03
-7.287097287282529035e-02 1.282330350854664477e-03
-7.237688001596256915e-02 8.427675771119653297e-03
-7.118380107807774360e-02 1.548811193626509902e-02
-6.930366163532121482e-02 2.239542031480732179e-02
-6.675503023926925017e-02 2.908290643158895766e-02
-6.356293406432690640e-02 3.548604540973658572e-02
-5.975861193465042964e-02 4.154310599809880877e-02
-5.537920717968836115e-02 4.719574701754683521e-02
-5.046740335488032747e-02 5.238958043353131311e-02
-4.507100642120515088e-02 5.707469559301225903e-02
-3.924247749850358347e-02 6.120613954822726882e-02
-3.303842078795667797e-02 6.474434882404477010e-02
-2.651903169377547997e-02 6.765552846502641271e-02
-1.974751055902690400e-02 6.991197471824506238e-02
-1.278944776151364621e-02 7.149233826355194665e-02
-5.712186189681601328e-03 7.238182548811739059e-02
1.415832666939205366e-03 7.257233591125990257e-02
8.525732625773059514e-03 7.206253449278092471e-02
1.554887024100566964e-02 7.085785819658173279e-02
2.241750027302981396e-02 6.897046878355118926e-02
2.906543498260678871e-02 6.641911559375328344e-02
3.542867919609844068e-02 6.322893483117868196e-02
4.144604556478690555e-02 5.943121178336620292e-02
4.705974348537492885e-02 5.506307176590079927e-02
5.221593438475959081e-02 5.016711485962044303e-02
5.686524802471137896e-02 4.479099807032190655e-02
6.096325487149668876e-02 3.898696904673148306e-02
6.447089001249203810e-02 3.281135595694472523e-02
6.735482458210129142e-02 2.632401854190298887e-02
6.958778117790964668e-02 1.958776573258047549e-02
7.114879029978797564e-02 1.266774553241855131e-02
7.202338542414229994e-02 5.630813124870430973e-03
7.220373492674998783e-02 -1.455116634720193293e-03
7.168870968489399198e-02 -8.521726044939855957e-03
7.048388581643175166e-02 -1.550095432672941864e-02
6.860148264382469330e-02 -2.232565394462397712e-02
6.606023659917806268e-02 -2.893023713865082794e-02
6.288521240543416824e-02 -3.525130643371642697e-02
5.910755347333418452e-02 -4.122826306243271288e-02
5.476417403767520897e-02 -4.680388746519215104e-02
4.989739611406261016e-02 -5.192488631484924039e-02
4.455453488361199588e-02 -5.654240084994134607e-02
3.878743660249125980e-02 -6.061247168666618335e-02
3.265197358180250281e-02 -6.409645571133604225e-02
2.620750434435153639e-02 -6.696140224130546492e-02
1.951628955734667145e-02 -6.918035247186210546e-02
1.264288880344658153e-02 -7.073257830757619102e-02
5.653542531767750609e-03 -7.160378385039600779e-02
-1.384466765072173144e-03 -7.178623451347365680e-02
-8.403462400340460867e-03 -7.127882290244455521e-02
-1.533602413313552015e-02 -7.008707095051609770e-02
-2.211563535090310326e-02 -6.822306840602693212e-02
-2.867732059411315024e-02 -6.570534838073155415e-02
-3.495826732954169375e-02 -6.255870126814892795e-02
-4.089842604333386589e-02 -5.881392892783886966e-02
-4.644108294571316214e-02 -5.450754159851119163e-02
-5.153339985377845128e-02 -4.968140054476634371e-02
-5.612691614433670817e-02 -4.438230995387085903e-02
-6.017800804211325544e-02 -3.866156207573909209e-02
-6.364830092588934229e-02 -3.257444003681490841e-02
-6.650503079216300850e-02 -2.617968315265638279e-02
-6.872135150867912656e-02 -1.953891991131228786e-02
-7.027658501334817231e-02 -1.271607409690092561e-02
-7.115641216291272719e-02 -5.776749767713737493e-03
-7.135300250510573372e-02 1.212399006951589550e-03
-7.086508183230942615e-02 8.184307613356226960e-03
-6.969793696848296249e-02 1.507214344918008167e-02
-6.786335783854306747e-02 2.180994543662104906e-02
-6.537951746517468854e-02 2.833325440034369438e-02
-6.227079705129272974e-02 3.457973567643684437e-02
-5.856753639569159398e-02 4.048976813983730383e-02
-5.430573304631654274e-02 4.600700242014700569e-02
-4.952669980577173448e-02 5.107890251938750764e-02
-4.427666435174194837e-02 5.565724445664169823e-02
-3.860632237229464497e-02 5.969857322368313929e-02
-3.257034852175023226e-02 6.316461375030808789e-02
-2.622686989726081414e-02 6.602263201899109812e-02
-1.963690708609123689e-02 6.824574294523702567e-02
-1.286378813530150537e-02 6.981316214822275157e-02
-5.972541046442209067e-03 7.071039927073727305e-02
9.707294039479757997e-04 7.092939106357892820e-02
7.899474574004050967e-03 7.046857302200537632e-02
1.474733856511958874e-02 6.933288894512394662e-02
2.144879246806336709e-02 6.753373837804679813e-02
2.793976021205121438e-02 6.508886248546229270e-02
3.415823006582440619e-02 6.202216948850008266e-02
4.004484597972045312e-02 5.836350136921442111e-02
4.554347315221937698e-02 5.414834410298370593e-02
5.060173245176470547e-02 4.941748421377759048e-02
5.517149862281080230e-02 4.421661495522981322e-02
5.920935755094258734e-02 3.859589589721483527e-02
6.267701825240261371e-02 3.260947013865927308e-02
6.554167568478327932e-02 2.631494376815739569e-02
6.777632094396986162e-02 1.977283255147131019e-02
6.936000182153391480e-02 1.304597919884498136e-02
7.027801215273042634e-02 6.198950228034208650e-03
7.052202310556388021e-02 -7.025793387724782197e-04
7.009016548354414511e-02 -7.592455704583058254e-03
6.898704388406502741e-02 -1.440467966209488075e-02
6.722368895341891692e-02 -2.107403819857173871e-02
6.481744820878510005e-02 -2.753672831024721324e-02
6.179181648325119541e-02 -3.373096706895944291e-02
5.817620762611957347e-02 -3.959758211409095813e-02
5.400566965159395855e-02 -4.508057692911068837e-02
4.932054606907090855e-02 -5.012766550180164371e-02
4.416608664299639941e-02 -5.469077125880997953e-02
3.859201131419551234e-02 -5.872648550567921566e-02
3.265203146328857220e-02 -6.219648098978861755e-02
2.640333310576800305e-02 -6.506787663224007645e-02
1.990602697370812135e-02 -6.731354994128461999e-02
1.322257075739241040e-02 -6.891239412009324272e-02
6.417169047967439394e-03 -6.984951741118074209e-02
-4.448432628638333982e-04 -7.011638277292976673e-02
-7.297628210010645607e-03 -6.971088655557276803e-02
-1.407547658975326701e-02 -6.863737542908600331e-02
-2.071343833736129930e-02 -6.690660140814889967e-02
-2.714794539562208342e-02 -6.453561541392935363e-02
-3.331742109344989350e-02 -6.154760040301058416e-02
-3.916287018232331163e-02 -5.797164567503462762e-02
-4.462844666228116264e-02 -5.384246755860053885e-02
-4.966198646722379262e-02 -4.920006890557435814e-02
-5.421550299546071261e-02 -4.408934964384989691e-02
-5.824564798544599326e-02 -3.855967651389336642e-02
-6.171412540065356750e-02 -3.266440647328072711e-02
-6.458805657623489793e-02 -2.646037192807164373e-02
-6.684029312228872977e-02 -2.000733275451487339e-02
-6.844967458232192881e-02 -1.336740039532986063e-02
-6.940122837863391125e-02 -6.604439584470902375e-03
-6.968631013351751780e-02 2.165465300628231662e-04
-6.930268303074428593e-02 7.030041935729642102e-03
-6.825453547070692295e-02 1.377064794490099990e-02
-6.655243686873806019e-02 2.037371194767835167e-02
-6.421323204388891537e-02 2.677594866608605864e-02
-6.125987523891382458e-02 3.291604792123425244e-02
-5.772120539555332386e-02 3.873526305648435780e-02
-5.363166487691742312e-02 4.417797434787501532e-02
-4.903096437511779426e-02 4.919222197663877805e-02
-4.396369726182110943e-02 5.373020343454382175e-02
-3.847890712757504050e-02 5.774873057840283069e-02
-3.262961270732369495e-02 6.120964194215981063e-02
-2.647229480024986328e-02 6.408016634962040992e-02
-2.006635015800203869e-02 6.633323434383604777e-02
-1.347351763266195317e-02 6.794773445566877623e-02
-6.757282141874667268e-03 6.890871186940797366e-02
1.773550772289694407e-05 6.920751309933401152e-02
6.786406108366463408e-03 6.884185973377640599e-02
1.348372076897847577e-02 6.781585886023863696e-02
2.004541328292305455e-02 6.613996317584293350e-02
2.640857816798986707e-02 6.383086504586217569e-02
3.251227509336662019e-02 6.091133049179269648e-02
3.829811386629169284e-02 5.740997475814318268e-02
4.371081434346755362e-02 5.336098167158044581e-02
4.869873587947842059e-02 4.880376954856981142e-02
5.321437122376082574e-02 4.378260692265015935e-02
5.721480012582322999e-02 3.834618184544770492e-02
6.066209830241803269e-02 3.254712896174031395e-02
6.352369785613086461e-02 2.644151896389768802e-02
6.577269570819872790e-02 2.008831539104938280e-02
6.738810711468226633e-02 1.354880404972417032e-02
6.835506186919902694e-02 6.886000592766537004e-03
6.866494135236457519e-02 1.640419995127219074e-04
6.831545516234938109e-02 -6.552432149848289554e-03
6.731065664656180059e-02 -1.319890261996421559e-02
6.566089724636856029e-02 -1.971159166537743077e-02
6.338272015880878907e-02 -2.602807637787103029e-02
6.049869440578420354e-02 -3.208788832080254616e-02
5.703719097656143738e-02 -3.783309367408673601e-02
5.303210326777977462e-02 -4.320884830826446366e-02
4.852251458159425462e-02 -4.816392245466802335e-02
4.355232310418472030e-02 -5.265119467085611904e-02
3.816980437768423273e-02 -5.662809925623329965e-02
3.242713475533697681e-02 -6.005702406265248094e-02
2.637989255434909641e-02 -6.290566984619010149e-02
2.008651902259361854e-02 -6.514735489255329970e-02
1.360775235884194995e-02 -6.676126513537557206e-02
7.006040281078592530e-03 -6.773264741980054848e-02
3.449368381481113049e-04 -6.805294411608171778e-02
-6.311510694902544572e-03 -6.771986785696169908e-02
-1.289937890912176005e-02 -6.673741575253962222e-02
-1.935548338177914274e-02 -6.511582302180514426e-02
-2.561798589111294322e-02 -6.287145656543206840e-02
-3.162698787640883663e-02 -6.002664958400485973e-02
-3.732510443454242072e-02 -5.660947891402810100e-02
-4.265801333963224057e-02 -5.265348730533626898e-02
-4.757497382087619298e-02 -4.819735339264042545e-02
-5.202931013280348571e-02 -4.328451261584490700e-02
-5.597885529911923730e-02 -3.796273281327872812e-02
-5.938635080212589096e-02 -3.228364864486146096e-02
-6.221979842115996084e-02 -2.630225939466463575e-02
-6.445276089106029282e-02 -2.007639505010740122e-02
-6.606460855096495111e-02 -1.366615585484705353e-02
-6.704070967972541872e-02 -7.133330781570071909e-03
-6.737256276162206792e-02 -5.408005669705539739e-04
-6.705786948992591145e-02 6.048068907451982675e-03
-6.610055773534311008e-02 1.257003873556067700e-02
-6.451072372974016311e-02 1.896260799759893687e-02
-6.230451556867704771e-02 2.516460967710939731e-02
-5.950397891536288175e-02 3.111679645119818163e-02
-5.613683613675587991e-02 3.676240759175720269e-02
-5.223621111657254096e-02 4.204771105093917799e-02
-4.784030248341344937e-02 4.692251554190918911e-02
-4.299200848646372863e-02 5.134064772376017993e-02
-3.773850721326306445e-02 5.526038994433268847e-02
-3.213079626946816619e-02 5.864487438288117777e-02
-2.622319642564903408e-02 6.146242986234128763e-02
-2.007282407705792901e-02 6.368687806430559095e-02
-1.373903765574007244e-02 6.529777637407349622e-02
-7.282863377492146580e-03 6.628060510342795308e-02
-7.664058968115433808e-04 6.662689738016421004e-02
5.747750420612355964e-03 6.633431055046137836e-02
1.219714381754514326e-02 6.540663850753912489e-02
1.852003524229905995e-02 6.385376493203150094e-02
2.465600044036159524e-02 6.169155800046097204e-02
3.054650834553717179e-02 5.894170768316360498e-02
3.613548021851525904e-02 5.563150730591790577e-02
4.136982417739282214e-02 5.179358158512668148e-02
4.619994001291615610e-02 4.746556385957548252e-02
5.058018947825002748e-02 4.268972572744438032e-02
5.446932758631507776e-02 3.751256275107393151e-02
5.783090055882075808e-02 3.198434182549752397e-02
6.063357782545236024e-02 2.615860546256799923e-02
6.285143254769069709e-02 2.009165261321885221e-02
6.446418979201086474e-02 1.384199698891994471e-02
6.545741072130641103e-02 7.469801458926595382e-03
6.582262035063554673e-02 1.036297701288198779e-03
6.555737775387839028e-02 -5.396803276102982855e-03
6.466528816572265914e-02 -1.176790405225741458e-02
6.315595698513357115e-02 -1.801611143504714546e-02
6.104488624670911107e-02 -2.408181915058081254e-02
5.835331467987325826e-02 -2.990727699177793408e-02
5.510800301725842648e-02 -3.543714098144419566e-02
5.134096673755699641e-02 -4.061899930095209249e-02
4.708915892952473398e-02 -4.540386898169238711e-02
4.239410643807260681e-02 -4.974665865033633255e-02
3.730150289581832257e-02 -5.360659295757319587e-02
3.186076264986068690e-02 -5.694759470001752727e-02
2.612453995994695397e-02 -5.973862106250619336e-02
2.014821816737873139e-02 -6.195395085865897100e-02
1.398937381093171006e-02 -6.357342012747480009e-02
7.707220894130938429e-03 -6.458260394760273471e-02
1.362040685250354849e-03 -6.497294285391910784e-02
-4.985397444027199476e-03 -6.474181277814752833e-02
-1.127441856411217670e-02 -6.389253798089804259e-02
-1.744502252274529250e-02 -6.243434699185308745e-02
-2.343846432335221913e-02 -6.038227545034061117e-02
-2.919780687297144489e-02 -5.775700298720339021e-02
-3.466845221769439267e-02 -5.458464226789502827e-02
-3.979866546983411996e-02 -5.089648331133375669e-02
-4.454006331856253526e-02 -4.672868381074877370e-02
-4.884806940889412780e-02 -4.212191362138761191e-02
-5.268233231694359475e-02 -3.712095692850438805e-02
-5.600710221947196449e-02 -3.177427600418930576e-02
-5.879156276186636026e-02 -2.613354081777681526e-02
-6.101011506686762620e-02 -2.025312907892982961e-02
-6.264261129244801107e-02 -1.418960156197983206e-02
-6.367453563659647431e-02 -8.001157782303019300e-03
-6.409713119454163444e-02 -1.747077268485726148e-03
-6.390747159508096409e-02 4.512848203656401498e-03
-6.310847687252385541e-02 1.071888597843312536e-02
-6.170887356399470947e-02 1.681193203366273051e-02
-5.972309955330287745e-02 2.273407321827726479e-02
-5.717115470721002846e-02 2.842913687745451945e-02
-5.407839886270032759e-02 3.384322266398634427e-02
-5.047529922019469706e-02 3.892521151924594608e-02
-4.639712967274945560e-02 4.362724703866693865e-02
-4.188362505057289381e-02 4.790518471282843860e-02
-3.697859367973762440e-02 5.171900485343580711e-02
-3.172949203982512040e-02 5.503318536998767080e-02
-2.618696565407501939e-02 5.781703095475170667e-02
-2.040435479613097319e-02 6.004495914029073234e-02
-1.443718571113528776e-02 6.169672714472207442e-02
-8.342645440000991466e-03 6.275761174811712861e-02
-2.179029699874223108e-03 6.321854353579815788e-02
3.994813774443566404e-03 6.307618239684691097e-02
1.012004600223907758e-02 6.233293845824544599e-02
1.613839631937910232e-02 6.099693837736328700e-02
2.199271543407467500e-02 5.908193743182706126e-02
2.762751675303935783e-02 5.660717835622844363e-02
3.298950087843591922e-02 5.359719837537179482e-02
3.802805834697672166e-02 5.008158636885735870e-02
4.269574589927901953e-02 4.609469256744228027e-02
4.694873182787528965e-02 4.167529362344498528e-02
5.074720625348199537e-02 3.686621631135846705e-02
5.405575251858241170e-02 3.171392349727360227e-02
5.684367626162037390e-02 2.626806636311070434e-02
5.908528914059794218e-02 2.058100718086430456e-02
6.076014460771242409e-02 1.470731720024962691e-02
6.185322359254998015e-02 8.703254438176382876e-03
6.235506842644192999e-02 2.626226338210642386e-03
6.226186383016549947e-02 -3.465757598750080631e-03
6.157546428662748206e-02 -9.514638026199596921e-03
6.030336762510216803e-02 -1.546285758329032922e-02
5.845863514898105850e-02 -2.125390713481139018e-02
5.605975914062369392e-02 -2.683286126971533292e-02
5.313047388983763858e-02 -3.214690096906259315e-02
4.969952603439214966e-02 -3.714580716824791157e-02
4.580040078442366991e-02 -4.178243238310288404e-02
4.147099273565985761e-02 -4.601314880681579150e-02
3.675323954147054206e-02 -4.979825845343124890e-02
3.169271766841879473e-02 -5.310236552829968038e-02
2.633820409446407940e-02 -5.589470754499813870e-02
2.074120812561976168e-02 -5.814944209878103454e-02
1.495547778447243494e-02 -5.984588662546065641e-02
9.036485460252936808e-03 -6.096870891838071516e-02
3.040897702368983158e-03 -6.150806664036122945e-02
-2.973965813945685446e-03 -6.145969454815697341e-02
-8.950679021377718619e-03 -6.082493863945323542e-02
-1.483225671310607965e-02 -5.961073693210927615e-02
-2.056269712998259544e-02 -5.782954708802389571e-02
-2.608751474283283606e-02 -5.549922159482381656e-02
-3.135425818323671343e-02 -5.264283171291707364e-02
-3.631300841625877823e-02 -4.928844187855279529e-02
-4.091685243442733100e-02 -4.546883672118302855e-02
-4.512232798258903471e-02 -4.122120330125904342e-02
-4.888983509583997439e-02 -3.658677159845219462e-02
-5.218401054511269399e-02 -3.161041667610807460e-02
-5.497406163453244510e-02 -2.634022631172669091e-02
-5.723405617772255038e-02 -2.082703821224063390e-02
-5.894316589390894562e-02 -1.512395122350918865e-02
-6.008585482949668072e-02 -9.285812174818042913e-03
-6.065202756366508408e-02 -3.368694942202282109e-03
-6.063712845361644149e-02 2.570635492998667865e-03
-6.004217520580520939e-02 8.475271789586182394e-03
-5.887374418419704519e-02 1.428870994647080464e-02
-5.714390243038511980e-02 1.995539091722299888e-02
-5.487008703340436055e-02 2.542123294902631434e-02
-5.207493299113059859e-02 3.063414953872225718e-02
-4.878605119955774921e-02 3.554454803018552295e-02
-4.503575868660154857e-02 4.010580405676193033e-02
-4.086076366802501164e-02 4.427470725823196007e-02
-3.630180844067967816e-02 4.801187397203757895e-02
-3.140327353798619964e-02 5.128212291060608996e-02
-2.621274695048638262e-02 5.405481018764653200e-02
-2.078056255663604177e-02 5.630412044357429452e-02
-1.515931221234304710e-02 5.800931123992754401e-02
-9.403336208866002605e-03 5.915490834090804395e-02
-3.568197024757419154e-03 5.973084997256098566e-02
2.289858533262559195e-03 5.973257864232990599e-02
8.114443585514163892e-03 5.916107960928027737e-02
1.384957654607549098e-02 5.802286561314510399e-02
1.944022229822892078e-02 5.632990799348661093e-02
2.483282390956228006e-02 5.409951485356959133e-02
2.997581970277764588e-02 5.135415744190651582e-02
3.482014063470816045e-02 4.812124643278990060e-02
3.931967526704821525e-02 4.443285575669028015e-02
4.343171915231250346e-02 4.032541352468631268e-02
4.711739474671673700e-02 3.583934634861457580e-02
5.034201751442886341e-02 3.101867537759116222e-02
5.307542742392357127e-02 2.591058353332110348e-02
5.529227595687440794e-02 2.056495220286024342e-02
5.697226581061819867e-02 1.503387194796445073e-02
5.810034094120963832e-02 9.371132051878049499e-03
5.866682508484111214e-02 3.631693938696519026e-03
5.866750740629202154e-02 -2.128846335284090199e-03
5.810367444822838595e-02 -7.854801206439592648e-03
5.698208809001329561e-02 -1.349093497416339708e-02
5.531490976328417436e-02 -1.898300204085356241e-02
5.311957170857815186e-02 -2.427827469467805713e-02
5.041859658742185030e-02 -2.932605521145497177e-02
4.723936728195388124e-02 -3.407816720832613361e-02
4.361384921390331487e-02 -3.848942138995937318e-02
3.957826799110424759e-02 -4.251805108556690888e-02
3.517274563825922157e-02 -4.612611327963587332e-02
3.044089908448195658e-02 -4.927985118817913845e-02
2.542940495856373107e-02 -5.195001482181931668e-02
2.018753508002696373e-02 -5.411213640314983808e-02
1.476666732630057925e-02 -5.574675796416159873e-02
9.219776800824881074e-03 -5.683960893530305702e-02
3.600912420633321960e-03 -5.738173204604236910e-02
-2.035326645059344543e-03 -5.736954893999334643e-02
-7.634333699076362861e-03 -5.680489122452897499e-02
-1.314204161291300868e-02 -5.569497272900698903e-02
-1.850544421564324568e-02 -5.405229310122743741e-02
-2.367311295812520033e-02 -5.189449847098986934e-02
-2.859569635752252925e-02 -4.924419156361022065e-02
-3.322639726392567078e-02 -4.612869331512239879e-02
-3.752142322953957998e-02 -4.257975852932986693e-02
-4.144040554829137024e-02 -3.863324857812452245e-02
-4.494678286677421253e-02 -3.432876457549763338e-02
-4.800814564186556277e-02 -2.970924484770369814e-02
-5.059653813285477919e-02 -2.482053087299284505e-02
-5.268871506126200643e-02 -1.971090617082046914e-02
-5.426635054511814993e-02 -1.443061287942064980e-02
-5.531619741150842207e-02 -9.031350969064362230e-03
-5.583019550602502656e-02 -3.565765194254810408e-03
-5.580552814487575036e-02 1.913075009880291222e-03
-5.524462638858701480e-02 7.352197434455268188e-03
-5.415512135035917274e-02 1.269924556198392777e-02
-5.254974528157524416e-02 1.790298840722432880e-02
-5.044618269550332074e-02 2.291381666729857061e-02
-4.786687329257079820e-02 2.768422028305742716e-02
-4.483876893154822851e-02 3.216924273198136508e-02
-4.139304734559745569e-02 3.632690763854712346e-02
-3.756478572556883055e-02 4.011861359788498893e-02
-3.339260636285467515e-02 4.350948269939516888e-02
-2.891827659172616083e-02 4.646869575996953605e-02
-2.418627238433958965e-02 4.896978054564168903e-02
-1.924333573059702068e-02 5.099083328347984306e-02
-1.413800632946360381e-02 5.251470613031866685e-02
-8.920138596835762435e-03 5.352914667726341863e-02
-3.640408904545681338e-03 5.402688845042197263e-02
1.650181976912951489e-03 5.400569187261651527e-02
6.900806253540972719e-03 5.346833565618064332e-02
1.206130136833071659e-02 5.242255909764168692e-02
1.708265231050534391e-02 5.088095623558964997e-02
2.191745928203862534e-02 4.886082330840470223e-02
2.652038622137595225e-02 4.638396140402616802e-02
3.084858591960070243e-02 4.347643662514927287e-02
3.486209774084834262e-02 4.016830049566353505e-02
3.852421427293101219e-02 3.649327370392457109e-02
4.180181358208574782e-02 3.248839661222339970e-02
4.466565412281572195e-02 2.819365025648960105e-02
4.709062975606892465e-02 2.365155181361662529e-02
4.905598275231017741e-02 1.890672872371610899e-02
5.054547309496393304e-02 1.400547581924637200e-02
5.154750284959395273e-02 8.995299931554812459e-03
5.205519482034819817e-02 3.924456517693049665e-03
5.206642517289795935e-02 -1.158517123747382317e-03
5.158381015755020282e-02 -6.205267499062059461e-03
5.061465342262799760e-02 -1.116807202207498878e-02
4.917084257468228720e-02 -1.600030519352510505e-02
4.726869384007303942e-02 -2.065688688362707012e-02
4.492876797733083571e-02 -2.509468562784714779e-02
4.217564437511062830e-02 -2.927291381414479782e-02
3.903765891356844597e-02 -3.315349721726828375e-02
3.554660845957854226e-02 -3.670141562975173105e-02
3.173742514820437899e-02 -3.988501165672336812e-02
2.764782384982402905e-02 -4.267626508268995006e-02
2.331792643254876340e-02 -4.505103057876896910e-02
1.878986660213633614e-02 -4.698923689426405537e-02
1.410737923507292269e-02 -4.847504606331911464e-02
9.315378215224837111e-03 -4.949697155169232449e-02
4.459526839964529470e-03 -5.004795466667789905e-02
-4.141951219324579059e-04 -5.012539895090504377e-02
-5.259923660284914100e-03 -4.973116267440325089e-02
-1.003233804036612019e-02 -4.887150992540235939e-02
-1.468707970033580890e-02 -4.755702117510188232e-02
-1.918115875177285601e-02 -4.580246455232313968e-02
-2.347334446734636315e-02 -4.362662940772177311e-02
-2.752453633106285991e-02 -4.105212407072022368e-02
-3.129811244547481275e-02 -3.810514000332941575e-02
-3.476025233427403049e-02 -3.481518483170865930e-02
-3.788023144529090169e-02 -3.121478698654728268e-02
-4.063068494524649243e-02 -2.733917490556023872e-02
-4.298784033953519101e-02 -2.322594669764335013e-02
-4.493171770662136161e-02 -1.891469375309859369e-02
-4.644628500110607044e-02 -1.444660994271974863e-02
-4.751957970434383949e-02 -9.864115147173165704e-03
-4.814379370002337677e-02 -5.210457451178052320e-03
-4.831531977350463081e-02 -5.293106188669271725e-04
-4.803475963830030476e-02 4.135629511930467676e-03
-4.730689372953581634e-02 8.741046105873742644e-03
-4.614061333436011297e-02 1.324439632380854971e-02
-4.454881595043796300e-02 1.760429676755994807e-02
-4.254826507356064547e-02 2.178089602357380014e-02
-4.015941591159209040e-02 2.573623109379578888e-02
-3.740620880303436452e-02 2.943456466776647393e-02
-3.431583238195216878e-02 3.284270037898977951e-02
-3.091845877509797474e-02 3.593027339928639430e-02
-2.724695334019311063e-02 3.867001395537509462e-02
-2.333656165485733722e-02 4.103798160032312570e-02
-1.922457664285878026e-02 4.301376833613366341e-02
-1.494998887690760295e-02 4.458066896106678556e-02
-1.055312322374319517e-02 4.572581730444311848e-02
-6.075265097427195483e-03 4.644028730963362106e-02
-1.558279660003756379e-03 4.671915823062947060e-02
2.955772645399187826e-03 4.656154351701445593e-02
7.425020825753638268e-03 4.597058327393686861e-02
1.180816494004573516e-02 4.495340049550256012e-02
1.606484866383797033e-02 4.352103170896091250e-02
2.015603182523888204e-02 4.168830276734763335e-02
2.404434281072104912e-02 3.947366929429657612e-02
2.769440982266832552e-02 3.689904566276150377e-02
3.107317791429758599e-02 3.398959378187995511e-02
3.415020427452018087e-02 3.077348313402188118e-02
3.689792918532502214e-02 2.728162424048127810e-02
3.929192028518395385e-02 2.354737796305062664e-02
4.131108800322589453e-02 1.960624325748908103e-02
4.293787027843651294e-02 1.549552618250978411e-02
4.415838494411067350e-02 1.125399313265963534e-02
4.496254843815807034e-02 6.921511403848597775e-03
4.534415979311328532e-02 2.538680315018644173e-03
4.530094916296122792e-02 -1.853543802942508520e-03
4.483459045490958972e-02 -6.214225380100250190e-03
4.395067795062543303e-02 -1.050282674033494595e-02
4.265866712031980701e-02 -1.467958119081871904e-02
4.097178015199580414e-02 -1.870585869232187573e-02
3.890687703454278473e-02 -2.254452079181393578e-02
3.648429334416424669e-02 -2.616026158612426780e-02
3.372764618621922061e-02 -2.951993160155007637e-02
3.066361003623020720e-02 -3.259284161866270874e-02
2.732166450192578810e-02 -3.535104364351682182e-02
2.373381629008263632e-02 -3.776958642491073936e-02
1.993429790471168417e-02 -3.982674314087365774e-02
1.595925097724898781e-02 -4.150421505074292083e-02
1.184637866233412273e-02 -4.278729318390407654e-02
7.634587964806140332e-03 -4.366498326858126583e-02
3.363631352110563969e-03 -4.413010829334276103e-02
-9.262658907790771376e-04 -4.417937069404440781e-02
-5.194782660928457148e-03 -4.381337831559539014e-02
-9.401879879589684214e-03 -4.303663385399494890e-02
-1.350817564399787833e-02 -4.185748782469789209e-02
-1.747531416835261184e-02 -4.028805544552204604e-02
-2.126632503922053219e-02 -3.834409816332266796e-02
-2.484596938945379460e-02 -3.604487088982430421e-02
-2.818106970632482111e-02 -3.341293634037048599e-02
-3.124082013374810535e-02 -3.047394818661454396e-02
-3.399707430348602316e-02 -2.725640503672307688e-02
-3.642460793487898446e-02 -2.379137754189268247e-02
-3.850135367550094889e-02 -2.011221119239404997e-02
-4.020860591370044312e-02 -1.625420760721335220e-02
-4.153119357588493793e-02 -1.225428733667538114e-02
-4.245761922432887692e-02 -8.150637384434493427e-03
-4.298016309234278798e-02 -3.982346811337453274e-03
-4.309495102965291147e-02 2.109660923445389022e-04
-4.280198567843594010e-02 4.389531489334601820e-03
-4.210514055640710018e-02 8.513806899879501275e-03
-4.101211708422090180e-02 1.254485367624065886e-02
-3.953436495607751816e-02 1.644470741181039419e-02
-3.768697197786918807e-02 2.017674020695281456e-02
-3.548850718255876918e-02 2.370600894433107578e-02
-3.296083202846264437e-02 2.699958340227832931e-02
-3.012889102109917588e-02 3.002685786552616518e-02
-2.702046718321188257e-02 3.275983968133217711e-02
-2.366591046401661513e-02 3.517341229031802075e-02
-2.009784173999231566e-02 3.724557018115421531e-02
-1.635083530233836721e-02 3.895762349369851635e-02
-1.246108293990131829e-02 4.029437029387539226e-02
-8.466042909306401021e-03 4.124423486282159657e-02
-4.404077234073585333e-03 4.179937067889483160e-02
-3.140808901158261002e-04 4.195572712112205505e-02
3.764893485561774875e-03 4.171307928291279055e-02
7.794011683303816301e-03 4.107502065113605161e-02
1.173503112097810247e-02 4.004891877480201007e-02
1.555066750243312007e-02 3.864583441536711267e-02
1.920495134970985271e-02 3.688040503321037000e-02
2.266357092940082460e-02 3.477069381873975490e-02
2.589419823370459062e-02 3.233800581803943780e-02
2.886679485083104221e-02 2.960667302806169882e-02
3.155389476546868049e-02 2.660381064213548918e-02
3.393086136561906246e-02 2.335904690994618574e-02
3.597611619499424540e-02 1.990422933399777286e-02
3.767133727782991104e-02 1.627311015409389425e-02
3.900162515176309325e-02 1.250101427016096778e-02
3.995563846970229260e-02 8.624494709308981252e-03
4.052568814462995106e-02 4.680972115893555427e-03
4.070779473411803573e-02 7.083694388450037733e-04
4.050171645496114525e-02 -3.255253452717432605e-03
3.991093770750112762e-02 -7.172067698781824790e-03
3.894262138848233329e-02 -1.100483977755847831e-02
3.760752559596692440e-02 -1.471728866694888872e-02
3.591988568223233869e-02 -1.827443235613136069e-02
3.389726295137351214e-02 -2.164292034516127061e-02
3.156036162478894486e-02 -2.479134892419994352e-02
2.893281600625256800e-02 -2.769055620909169346e-02
2.604095006597076031e-02 -3.031389412500483729e-02
2.291351192655946903e-02 -3.263747477230782845e-02
1.958138597108313728e-02 -3.464038887553803903e-02
1.607728550202158768e-02 -3.630489430495933284e-02
1.243542905768856184e-02 -3.761657296752656671e-02
8.691203638003205598e-03 -3.856445468664151943e-02
4.880818203604636932e-03 -3.914110702463584335e-02
1.040950889926977934e-03 -3.934269034493766137e-02
-2.791606579779766159e-03 -3.916897775859470854e-02
-6.580303791353394292e-03 -3.862333994896627321e-02
-1.028918238305975494e-02 -3.771269521541034675e-02
-1.388321923400988138e-02 -3.644742541795832624e-02
-1.732865879236474352e-02 -3.484125883679987240e-02
-2.059333136601536329e-02 -3.291112127948896821e-02
-2.364695482805609372e-02 -3.067696011572458928e-02
-2.646141669793936058e-02 -2.816153355253244936e-02
-2.901103175586827732e-02 -2.539017440742279488e-02
-3.127277577757311966e-02 -2.239053650272407672e-02
-3.322649244837770632e-02 -1.919231698214377002e-02
-3.485507144648202632e-02 -1.582696051753302094e-02
-3.614459615225634054e-02 -1.232734838799851018e-02
-3.708445974810143514e-02 -8.727475539610670546e-03
-3.766744879038486787e-02 -5.062118828253544742e-03
-3.788979365846786851e-02 -1.366499710177920346e-03
-3.775118561232138070e-02 2.324055325414528007e-03
-3.725476051668813460e-02 5.974453290446703375e-03
-3.640704961243240723e-02 9.550168942727910865e-03
-3.521789803188061369e-02 1.301757155181616082e-02
-3.370035206168141978e-02 1.634424109344126755e-02
-3.187051645060980792e-02 1.949927090631705523e-02
-2.974738333834947568e-02 2.245355399912949204e-02
-2.735263464218286658e-02 2.518005037522456913e-02
-2.471041997924989381e-02 2.765403294599992970e-02
-2.184711242025557179e-02 2.985330982886608142e-02
-1.879104456460502226e-02 3.175842106981021512e-02
-1.557222759546975435e-02 3.335280809140943326e-02
-1.222205611460222552e-02 3.462295444166801905e-02
-8.773001669489821977e-03 3.555849670459824280e-02
-5.258297969669860350e-03 3.615230472686344065e-02
-1.711622406487236549e-03 3.640053286551139800e-02
1.833228939388165243e-03 3.630263569380134253e-02
5.342663608000129509e-03 3.586135132819470717e-02
8.783607998042026327e-03 3.508265835048947345e-02
1.212381777491582796e-02 3.397570041970492810e-02
1.533217848435056152e-02 3.255268139988735238e-02
1.837899360095063966e-02 3.082873219994797936e-02
2.123625738160485332e-02 2.882175077838035337e-02
2.387791005726231860e-02 2.655221700612199823e-02
2.628007308179122412e-02 2.404298430322975716e-02
2.842126236132426834e-02 2.131905016781186768e-02
3.028257760983373362e-02 1.840730789661456507e-02
3.184786621386822419e-02 1.533628195443237710e-02
3.310386023944881378e-02 1.213584958352318006e-02
3.404028547477987166e-02 8.836951352920315375e-03
3.464994167081713455e-02 5.471293430225582927e-03
3.492875341555978785e-02 2.071044414876060339e-03
3.487579135468666519e-02 -1.331470398318842716e-03
3.449326374814706136e-02 -4.704074453277937683e-03
3.378647862690423165e-02 -8.015042215130151540e-03
3.276377708420910584e-02 -1.123339550074314852e-02
3.143643849909904392e-02 -1.432919113115858900e-02
2.981855874361993841e-02 -1.727379727815742810e-02
2.792690266727468340e-02 -2.004015599879653900e-02
2.578073238099742523e-02 -2.260302959494332742e-02
2.340161424472714941e-02 -2.493922917470677361e-02
2.081320226310614738e-02 -2.702782211170751125e-02
1.804100413479773485e-02 -2.885031636583285097e-02
1.511213344459029842e-02 -3.039082232106865566e-02
1.205504669968217313e-02 -3.163618917659144492e-02
8.899269122587549069e-03 -3.257611503564391414e-02
5.675111801608564294e-03 -3.320322980365539300e-02
2.413382865574012145e-03 -3.351315026095545713e-02
-8.549046089195062609e-04 -3.350450693332930607e-02
-4.098825232592593140e-03 -3.317894264372227286e-02
-7.287831763280793428e-03 -3.254108288849505426e-02
-1.039204070497366794e-02 -3.159847843907784976e-02
-1.338251041646262157e-02 -3.036152082248836509e-02
-1.623150917926565948e-02 -2.884333158032175229e-02
-1.891277077659231018e-02 -2.705962644274230791e-02
-2.140173525874231736e-02 -2.502855577985536178e-02
-2.367577271462503741e-02 -2.277052290578416086e-02
-2.571438803268915815e-02 -2.030798200879791252e-02
-2.749940481577749576e-02 -1.766521766236165553e-02
-2.901512681148003120e-02 -1.486810803559618713e-02
-3.024847543141208697e-02 -1.194387406567805517e-02
-3.118910215737739217e-02 -8.920816977877289375e-03
-3.182947486714240992e-02 -5.828046640278493340e-03
-3.216493735559289302e-02 -2.695203318701532361e-03
-3.219374157661186037e-02 4.478245472974049738e-04
-3.191705062240422081e-02 3.571183770056204475e-03
-3.133891731545346282e-02 6.645338126819344722e-03
-3.046623652546629618e-02 9.641346799109176691e-03
-2.930866711607306788e-02 1.253113622559595165e-02
-2.787852963704231038e-02 1.528776270967146557e-02
-2.619067918982164941e-02 1.788566348765353864e-02
-2.426235472224423997e-02 2.030089392074001242e-02
-2.211300622754853659e-02 2.251134860641330893e-02
-1.976410152856627675e-02 2.449696435779890116e-02
-1.723891451818969703e-02 2.623990317156309204e-02
-1.456229690030528406e-02 2.772471349484237346e-02
-1.176043562944278573e-02 2.893846830752705435e-02
-8.860598381248668831e-03 2.987087875615350788e-02
-5.890869497998496573e-03 3.051438230815677055e-02
-2.879878942353661028e-03 3.086420463749445231e-02
1.434731420470861975e-04 3.091839470281367019e-02
3.150293623879387144e-03 3.067783273520209922e-02
6.111972676598978471e-03 3.014621111142022983e-02
9.000456525111975165e-03 2.932998834795952359e-02
1.178851403636244251e-02 2.823831670898436369e-02
1.444999460380751513e-02 2.688294417479901791e-02
1.696007486088362687e-02 2.527809176427575286e-02
1.929549186741355213e-02 2.344030744217729528e-02
2.143476054476876544e-02 2.138829806808735523e-02
2.335837328939367394e-02 1.914274105597213449e-02
2.504897426309737885e-02 1.672607613147100367e-02
2.649152252317062139e-02 1.416228588007531312e-02
2.767343424907139568e-02 1.147665913943862054e-02
2.858468916673979898e-02 8.695539208434058601e-03
2.921791679021283963e-02 5.846065162886259284e-03
2.956845664470926505e-02 2.955906313436212646e-03
2.963439194220462980e-02 5.299241843992083902e-05
2.941655644325349636e-02 -2.834757695692276171e-03
2.891851450426628084e-02 -5.679706441051962824e-03
2.814651457513999214e-02 -8.454764049507826687e-03
2.710941667543239134e-02 -1.113364881667167766e-02
2.581859463544267097e-02 -1.369113846295479456e-02
2.428781413905044956e-02 -1.610331015829836315e-02
2.253308784524906197e-02 -1.834776687447963600e-02
2.057250909219042467e-02 -2.040384786960910968e-02
1.842606589946439374e-02 -2.225282127252709019e-02
1.611543717856551636e-02 -2.387805691886931564e-02
1.366377323585388909e-02 -2.526517779332698721e-02
1.109546280531119311e-02 -2.640218865191511569e-02
8.435888978716679643e-03 -2.727958063165120128e-02
5.711176506415663844e-03 -2.789041090095842335e-02
2.947933021599789469e-03 -2.823035665953167739e-02
1.729867944315932366e-04 -2.829774305830604075e-02
-2.586876351444489935e-03 -2.809354487578952231e-02
-5.305174328417420170e-03 -2.762136205402667202e-02
-7.955977649549618447e-03 -2.688736435465035809e-02
-1.051416515695459408e-02 -2.590022447614847775e-02
-1.295567457003754010e-02 -2.467102241467226606e-02
-1.525772468975998379e-02 -2.321311588838345305e-02
-1.739903027406930827e-02 -2.154199556458053291e-02
-1.936000080013125513e-02 -1.967512006051767501e-02
-2.112292120999675199e-02 -1.763173249474304580e-02
-2.267211293172323103e-02 -1.543266054519022192e-02
-2.399407368006305566e-02 -1.310010212828863901e-02
-2.507759476750070701e-02 -1.065739894828149348e-02
-2.591385489523378993e-02 -8.128800276519498533e-03
-2.649648964210724045e-02 -5.539219405637393207e-03
-2.682163612470277181e-02 -2.913985282235936024e-03
-2.688795256088255189e-02 -2.785918534414967432e-04
-2.669661272895480081e-02 2.341552332243864581e-03
-2.625127557308487569e-02 4.921371751206213459e-03
-2.555803045939188112e-02 7.436366288161653203e-03
-2.462531883332787219e-02 9.862845981209658955e-03
-2.346383326516853635e-02 1.217815583181613807e-02
-2.208639509447461735e-02 1.436088850509395498e-02
-2.050781209352527806e-02 1.639108289006257352e-02
-1.874471776179514534e-02 1.825040665424611935e-02
-1.681539403663966439e-02 1.992232110956426716e-02
-1.473957935748462615e-02 2.139222690481105971e-02
-1.253826415118272988e-02 2.264758927207376552e-02
-1.023348357090055408e-02 2.367803276434891566e-02
-7.848090536167339967e-03 2.447543521750434811e-02
-5.405516369641807581e-03 2.503399442665963509e-02
-2.929543753722226723e-03 2.535025281216267759e-02
-4.440730510372894817e-04 2.542310913985406859e-02
2.027110116145217078e-03 2.525380702327522167e-02
4.460563725292249725e-03 2.484590059120556430e-02
6.833412416074865180e-03 2.420519793202539904e-02
9.123562609196214299e-03 2.333968314461587132e-02
1.130990764488578638e-02 2.225941803164756261e-02
1.337252103411304752e-02 2.097642466332234890e-02
1.529283606343728556e-02 1.950455021601606512e-02
1.705381015821253593e-02 1.785931564890061440e-02
1.864007258659382618e-02 1.605774992120789432e-02
2.003805427599458788e-02 1.411821157243438665e-02
2.123609871257040385e-02 1.206019958647663870e-02
2.222455310035680726e-02 9.904155537285750169e-03
2.299583916714822984e-02 7.671259068065829599e-03
2.354450321699681770e-02 5.383218788499155236e-03
2.386724524202799361e-02 3.062060685146660022e-03
2.396292711688347704e-02 7.299161289350942052e-04
2.383256010523412960e-02 -1.591188468946235684e-03
2.347927210712287896e-02 -3.879538354147439756e-03
2.290825526622407640e-02 -6.113931552365600708e-03
2.212669473642293883e-02 -8.273872581291523420e-03
2.114368452525573761e-02 -1.033974571600112732e-02
1.997012147547814337e-02 -1.229300273442204133e-02
1.861857579925367198e-02 -1.411633558127198609e-02
1.710315776481994773e-02 -1.579381204152087784e-02
1.543936940720636378e-02 -1.731100879285427108e-02
1.364394525933899753e-02 -1.865512867405763955e-02
1.173468376619344472e-02 -1.981510133318415898e-02
9.730271098035866290e-03 -2.078166659308370440e-02
7.650099114276680615e-03 -2.154744004717895969e-02
5.514079247466414403e-03 -2.210696057350976240e-02
3.342454077649417189e-03 -2.245671962862525947e-02
1.155608351108995202e-03 -2.259517235313862615e-02
-1.026118834412403013e-03 -2.252273068577352599e-02
-3.182619002964656978e-03 -2.224173884135327572e-02
-5.294194817979831769e-03 -2.175643165916993013e-02
-7.341734604029205927e-03 -2.107287647048827761e-02
-9.306879418433762138e-03 -2.019889926604244781e-02
-1.117218131450376135e-02 -1.914399606559201439e-02
-1.292125154343944440e-02 -1.791923050165107265e-02
-1.453889755489671393e-02 -1.653711872772146638e-02
-1.601124777585824846e-02 -1.501150284723798238e-02
-1.732586327243554672e-02 -1.335741413247928770e-02
-1.847183552795745448e-02 -1.159092736292829419e-02
-1.943986970162482619e-02 -9.729007660227745324e-03
-2.022235286468369517e-02 -7.789351232303150588e-03
-2.081340839697507633e-02 -5.790232740676110913e-03
-2.120893662107073419e-02 -3.750325613795074762e-03
-2.140663173096794131e-02 -1.688521382238240527e-03
-2.140598630064929203e-02 3.762279570960137993e-04
-2.120828120406620040e-02 2.425077883500856984e-03
-2.081656026330382103e-02 4.439456784884078348e-03
-2.023559001215228387e-02 6.401227545593628221e-03
-1.947180507133993918e-02 8.292844005914668665e-03
-1.853323973457293716e-02 1.009750106782922145e-02
-1.742944646130243497e-02 1.179927728686522119e-02
-1.617140206218932105e-02 1.338326886179616593e-02
-1.477140244620438192e-02 1.483571401191794738e-02
-1.324294687434275121e-02 1.614410681457660243e-02
-1.160061273362023027e-02 1.729729966341590416e-02
-9.859921906274545650e-03 1.828559359979400195e-02
-8.037199862837797817e-03 1.910081586566738168e-02
-6.149428653568963024e-03 1.973638412499978748e-02
-4.214095010942240337e-03 2.018735690199849331e-02
-2.249034806277902098e-03 2.045046988816048503e-02
-2.722751263184844178e-04 2.052415787549693657e-02
1.698124749801782803e-03 2.040856218019840643e-02
3.644232186346560431e-03 2.010552352856757180e-02
5.548398554379162760e-03 1.961856048482291809e-02
7.393413847170882645e-03 1.895283360809440348e-02
9.162657289858846393e-03 1.811509563342198273e-02
1.084024165292021141e-02 1.711363770058480643e-02
1.241115772490814298e-02 1.595820317521449982e-02
1.386140425140012025e-02 1.465988806373609045e-02
1.517810711248013256e-02 1.323104964056728838e-02
1.634963198547968385e-02 1.168519492999312709e-02
1.736568632544254615e-02 1.003685917899213055e-02
1.821740977268365355e-02 8.301475300042856012e-03
1.889745218064009871e-02 6.495235343148767458e-03
1.940003854827247742e-02 4.634945130441068227e-03
1.972102023976854412e-02 2.737873254112623347e-03
1.985791197958680990e-02 8.215956978130126110e-04
1.980991422238878238e-02 -1.096162607748331179e-03
1.957792061484498261e-02 -2.997687942568655686e-03
1.916451038872476684e-02 -4.865438284705394384e-03
1.857392565121882000e-02 -6.682202722851065396e-03
1.781203366841557431e-02 -8.431258380730902169e-03
1.688627436977323260e-02 -1.009652344275553497e-02
1.580559343453738150e-02 -1.166270488533786322e-02
1.458036145418029929e-02 -1.311543954635494350e-02
1.322227979693236036e-02 -1.444142720607413492e-02
1.174427392977404894e-02 -1.562855440711418201e-02
1.016037507845832417e-02 -1.666600780817843047e-02
8.485591225753052330e-03 -1.754437594623581634e-02
6.735768561160235951e-03 -1.825573837423578524e-02
4.927444600443583317e-03 -1.879374124612228150e-02
3.077696712564323509e-03 -1.915366610505258096e-02
1.203976473266784751e-03 -1.933246917548117963e-02
-6.760545543077905745e-04 -1.932880306013552013e-02
-2.544686741208191608e-03 -1.914303819341536470e-02
-4.384329476274966692e-03 -1.877726118617145667e-02
-6.177677704461663824e-03 -1.823525685324095882e-02
-7.907876309927173650e-03 -1.752247398417619215e-02
-9.558680736898823166e-03 -1.664597507924963152e-02
-1.111461226057583462e-02 -1.561437043505311054e-02
-1.256110635668189826e-02 -1.443773712537071811e-02
-1.388465267161555043e-02 -1.312752358107423592e-02
-1.507292516518085601e-02 -1.169644062568100940e-02
-1.611490108435641860e-02 -1.015833996968855749e-02
-1.700096752873050607e-02 -8.528081304342237032e-03
-1.772301448504676191e-02 -6.821389262579265374e-03
-1.827451333901395844e-02 -5.054701629732694795e-03
-1.865058001527420545e-02 -3.245010287733106433e-03
-1.884802205003544007e-02 -1.409696462910014570e-03
-1.886536906387973819e-02 4.336380827955489789e-04
-1.870288627281953275e-02 2.267342224763445584e-03
-1.836257085173553447e-02 4.073887286222929900e-03
-1.784813114381804053e-02 5.836037744399152211e-03
-1.716494889032301949e-02 7.537019094125374866e-03
-1.632002483499299730e-02 9.160681153898401347e-03
-1.532190823501199985e-02 1.069165514174594094e-02
-1.418061389966830156e-02 1.211550886944791176e-02
-1.290751587000613446e-02 1.341888175570940880e-02
-1.151523197058516162e-02 1.458960654066234278e-02
-1.001750203200070348e-02 1.561683133155589501e-02
-8.429050864538567903e-03 1.649112320243797600e-02
-6.765441624824718517e-03 1.720455745954768689e-02
-5.042921090642904329e-03 1.775079167494413718e-02
-3.278258443463118264e-03 1.812512375372754558e-02
-1.488579225105861326e-03 1.832453347100020460e-02
3.088038168631240896e-04 1.834770709201928585e-02
2.096561251680795820e-03 1.819504487004073093e-02
3.857517103423134617e-03 1.786865139896237978e-02
5.574816862559403910e-03 1.737230898046276603e-02
7.232091659112999810e-03 1.671143434505451691e-02
8.813616934368962222e-03 1.589301924146058892e-02
1.030446401536415889e-02 1.492555557683479354e-02
1.169064308061402296e-02 1.381894594962018719e-02
1.295923610582079381e-02 1.258440056588369486e-02
1.409851849365239586e-02 1.123432166653810793e-02
1.509806822029583634e-02 9.782176716024422111e-03
1.594886147166629103e-02 8.242361710933327965e-03
1.664335389205328503e-02 6.630056059133629907e-03
1.717554672569282861e-02 4.961070555031883017e-03
1.754103729540428327e-02 3.251690034193541450e-03
1.773705343044760727e-02 1.518512330450431849e-03
1.776247471487736249e-02 -2.217198019751578280e-04
1.761782874536656565e-02 -1.952278536691261961e-03
1.730527468581736714e-02 -3.656606888564172073e-03
1.682857732370375212e-02 -5.318482222990094516e-03
1.619306151448152847e-02 -6.922171265139888743e-03
1.540555175027722747e-02 -8.452579260348485821e-03
1.447429758328742759e-02 -9.895391871330722761e-03
1.340888576625503571e-02 -1.123720848817598428e-02
1.222014009359804511e-02 -1.246566572904912566e-02
1.092001003602480202e-02 -1.356955002259899526e-02
9.521449357401168961e-03 -1.453889828524111173e-02
8.038285984752481864e-03 -1.536508583609528036e-02
6.485084470309593688e-03 -1.604090082832252892e-02
4.877002437743669511e-03 -1.656060461593074004e-02
3.229642443425518109e-03 -1.691997761837296319e-02
1.558900707353324134e-03 -1.711635038986772384e-02
-1.191858219187153303e-04 -1.714861974462245434e-02
-1.788592608318028635e-03 -1.701724993220591828e-02
-3.433459433573674176e-03 -1.672425899742729580e-02
-5.038239656475053917e-03 -1.627319059520226929e-02
-6.587845459393503432e-03 -1.566907166145934879e-02
-8.067787770414027587e-03 -1.491835646567107876e-02
-9.464309615217568472e-03 -1.402885768772258249e-02
-1.076451172833471463e-02 -1.300966527093381370e-02
-1.195646933796177397e-02 -1.187105390369338521e-02
-1.302934239859842962e-02 -1.062437557007037819e-02
-1.397346639067731378e-02 -9.281950221326211448e-03
-1.478043456196872010e-02 -7.856950989673316954e-03
-1.544317482033891013e-02 -6.363272839665642250e-03
-1.595600970657474332e-02 -4.815398881192201053e-03
-1.631470317321404018e-02 -3.228261958035402810e-03
-1.651649383240520394e-02 -1.617102786594459525e-03
-1.656011445441775073e-02 2.674061736115431164e-06
-1.644579761761142886e-02 1.615645032107660686e-03
-1.617526752980343388e-02 3.206512010971612845e-03
-1.575171815848353668e-02 4.760245015264577551e-03
-1.517977792268541785e-02 6.262221878900797734e-03
-1.446546131210136969e-02 7.698363700858690262e-03
-1.361610790814994469e-02 9.055264859845186740e-03
-1.264030938683967722e-02 1.032031645020938665e-02
-1.154782518346630059e-02 1.148182205212363270e-02
-1.034948759431336338e-02 1.252910481522820710e-02
-9.057097179962650749e-03 1.345260490928599888e-02
-7.683309417230226208e-03 1.424396647737205361e-02
-6.241513622125064754e-03 1.489611331587458246e-02
-4.745705234013249119e-03 1.540331260052265998e-02
-3.210352611090454365e-03 1.576122607868108913e-02
-1.650259538337816873e-03 1.596694825443230326e-02
-8.042469103022214030e-05 1.601903120388175131e-02
1.484100671037504775e-03 1.591749577321812867e-02
3.028359141222430450e-03 1.566382456130267428e-02
4.537623361740687061e-03 1.526094839324002028e-02
5.997532788904181428e-03 1.471322228162312909e-02
7.394234701167057972e-03 1.402637866631611767e-02
8.714515972433906771e-03 1.320747110013225679e-02
9.945928887006540847e-03 1.226480534183265261e-02
1.107690979080546215e-02 1.120785845391066710e-02
1.209688942869941060e-02 1.004718661859911773e-02
1.299639388449159300e-02 8.794322497522646595e-03
1.376713511844637229e-02 7.461663066648045045e-03
1.440209018610725568e-02 6.062348957404315071e-03
1.489556832121135405e-02 4.610136426192015628e-03
1.524326517428060274e-02 3.119263156715634550e-03
1.544230361598705574e-02 1.604309171517668935e-03
1.549126063991470605e-02 8.005418982981487479e-05
1.539018003156898511e-02 -1.438667182724330702e-03
1.514057060863296771e-02 -2.937111011137289937e-03
1.474538998036289961e-02 -4.400768891480549318e-03
1.420901391949743776e-02 -5.815510664712530975e-03
1.353719158701294570e-02 -7.167723541509996542e-03
1.273698699701841103e-02 -8.444446218541276639e-03
1.181670725474162804e-02 -9.633496604936377106e-03
1.078581824260731181e-02 -1.072359183153671902e-02
9.654848566293335738e-03 -1.170445928441232394e-02
8.435282702676525149e-03 -1.256693748782549552e-02
7.139439834549409641e-03 -1.330306088961810684e-02
5.780355500370089154e-03 -1.390614007353497411e-02
4.371653173992483266e-03 -1.437083273678973344e-02
2.927400289978612877e-03 -1.469319079490383206e-02
1.461965248711257284e-03 -1.487069686117283886e-02
-1.012858867242222675e-05 -1.490228597277367187e-02
-1.474350376601165540e-03 -1.478835230521551719e-02
-2.916309169110448910e-03 -1.453074077997252959e-02
-4.321899641223157611e-03 -1.413272363631794086e-02
-5.677444588901421792e-03 -1.359896220538337613e-02
-6.969832678566482975e-03 -1.293545428991719343e-02
-8.186649965094267359e-03 -1.214946771530441873e-02
-9.316303762871373448e-03 -1.124946077392554450e-02
-1.034813753730911591e-02 -1.024499043383846411e-02
-1.127253558332242528e-02 -9.146609322249242904e-03
-1.208101637138965338e-02 -7.965752622076884351e-03
-1.276631356986071900e-02 -6.714616135349367639e-03
-1.332244389289202573e-02 -5.406026867796428874e-03
-1.374476107436707097e-02 -4.053307572818452310e-03
-1.402999542768052638e-02 -2.670136760029010684e-03
-1.417627861752377566e-02 -1.270405722740546072e-03
-1.418315344099362052e-02 1.319258310651993189e-04
-1.405156858863862782e-02 1.522973949152382940e-03
-1.378385852925840052e-02 2.889072820438497429e-03
-1.338370883321944593e-02 4.216913817128907158e-03
-1.285610114519382396e-02 5.493674249281562880e-03
-1.220725974390598871e-02 6.707147809845376632e-03
-1.144458246439546134e-02 7.845872374451971429e-03
-1.057654673866758113e-02 8.899237592136004238e-03
-9.612612207791984553e-03 9.857586261106688133e-03
-8.563113835140715932e-03 1.071230456938453493e-02
-7.439146802238724016e-03 1.145590031164562053e-02
-6.252444551719514923e-03 1.208206834278206798e-02
-5.015251407225987390e-03 1.258574268566288804e-02
-3.740191247029782395e-03 1.296313487335287035e-02
-2.440133736183988048e-03 1.321175827211721991e-02
-1.128059630927707698e-03 1.333043829879918853e-02
1.830733408843354486e-04 1.331930861212068766e-02
1.480462548184322252e-03 1.317979352013103761e-02
2.751589045297294159e-03 1.291457700338890548e-02
3.984341315633835659e-03 1.252755890291888143e-02
5.167132884759059047e-03 1.202379896281913045e-02
6.289012611479349001e-03 1.140944954716205557e-02
7.339766572916264949e-03 1.069167796706029482e-02
8.310010578021819264e-03 9.878579456479019694e-03
9.191272472106043825e-03 8.979081923390161077e-03
9.976063531089103542e-03 8.002843674793242920e-03
1.065793838582105441e-02 6.960145369120863262e-03
1.123154306177520656e-02 5.861777487847642798e-03
1.169265086591667752e-02 4.718924639386185699e-03
1.203817754276857721e-02 3.543053675395494741e-03
1.226620378473864195e-02 2.345793786587414657e-03
1.237598257543326766e-02 1.138810764786057266e-03
1.236791703029753962e-02 -6.630500073996564790e-05
1.224353626764558382e-02 -1.258150977133668880e-03
1.200546040426834701e-02 -2.425620642747877784e-03
1.165735532670339990e-02 -3.558006308065935017e-03
1.120387798507569040e-02 -4.645095659699903339e-03
1.065061303967674601e-02 -5.677261184523777621e-03
1.000400176088091231e-02 -6.645541738062478790e-03
9.271264139740971813e-03 -7.541715633537177631e-03
8.460315209300873010e-03 -8.358364743712121472e-03
7.579676605571562115e-03 -9.088929224776149882e-03
6.638384412196352349e-03 -9.727752588711483309e-03
5.645894334716874269e-03 -1.027011696638818576e-02
4.611985239439809862e-03 -1.071226851575414474e-02
3.546662069164721598e-03 -1.105143303783792490e-02
2.460059113926219704e-03 -1.128582196599569980e-02
1.362344570670185728e-03 -1.141462898876659249e-02
2.636272728535954055e-04 -1.143801765420248730e-02
-8.261335897361710839e-04 -1.135710038278249685e-02
-1.897215008118554929e-03 -1.117390938585044458e-02
-2.940212267933853697e-03 -1.089136004631310536e-02
-3.946116035665095390e-03 -1.051320736843903807e-02
-4.906383891575096141e-03 -1.004399614371169307e-02
-5.812995558747088148e-03 -9.489010842436878049e-03
-6.658525104464370521e-03 -8.854214634739510092e-03
-7.436203559851623131e-03 -8.146176302978033051e-03
-8.139953156785673105e-03 -7.372004791206439485e-03
-8.764425732588640092e-03 -6.539278130325529813e-03
-9.305034026794499133e-03 -5.655970329479702817e-03
-9.757975878736099840e-03 -4.730376917576314955e-03
-1.012025139648985161e-02 -3.771039792673376058e-03
-1.038967322360239386e-02 -2.786672006099898818e-03
-1.056487008054478316e-02 -1.786083073295554463e-03
-1.064528380230006163e-02 -7.781053650830490427e-04
-1.063116013160013938e-02 2.284779075628830421e-04
-1.052353355947558029e-02 1.225002643745001958e-03
-1.032420653107969655e-02 2.202991308724557267e-03
-1.003572335572381659e-02 3.154217509058041338e-03
-9.661339175746498642e-03 4.070767340959646242e-03
-9.204984360170727700e-03 4.945097206236834762e-03
-8.671224696168969640e-03 5.770087828665969309e-03
-8.065217754735880956e-03 6.539094239157956963e-03
-7.392665807625264061e-03 7.245991531459338580e-03
-6.659765670854356223e-03 7.885216221154692229e-03
-5.873155846292220025e-03 8.451803068799912735e-03
-5.039861327924201329e-03 8.941417253119535863e-03
-4.167236434165950097e-03 9.350381802916305982e-03
-3.262906022066632255e-03 9.675700216704547288e-03
-2.334716526466762681e-03 9.915078991547029291e-03
-1.390661247807196705e-03 1.006694082693721133e-02
-4.388077775786706569e-04 1.013042433188637327e-02
5.127516817554340998e-04 1.010538883644755866e-02
1.455961744391200130e-03 9.992412192922154809e-03
2.382864788373191545e-03 9.792783736190909666e-03
3.285661096136378422e-03 9.508492448613611869e-03
4.156767862405839030e-03 9.142210388537248822e-03
4.988876742425811528e-03 8.697271456181305746e-03
5.775009612443007118e-03 8.177645586944826822e-03
6.508572213168460976e-03 7.587908479767303122e-03
7.183405345648270768e-03 6.933206987365764587e-03
7.793833288172614254e-03 6.219220316850969203e-03
8.334709103174757841e-03 5.452117212668559226e-03
8.801456505098609676e-03 4.638509319141549854e-03
9.190107963946383962e-03 3.785400947618934239e-03
9.497338725750547467e-03 2.900135502247130036e-03
9.720496440614130595e-03 1.990338848679927032e-03
9.857626101570071339e-03 1.063859942087466096e-03
9.907490014018381641e-03 1.287090631277262626e-04
9.869582535878830901e-03 -8.070059571555186512e-04
9.744139353011858212e-03 -1.735145110270663264e-03
9.532141083399130535e-03 -2.647602736314588062e-03
9.235311037308775381e-03 -3.536374728545933765e-03
8.856106998684524709e-03 -4.393625914359158662e-03
8.397717770374842766e-03 -5.211761578269486633e-03
7.864029342527943320e-03 -5.983494180618552025e-03
7.259587601999033593e-03 -6.701900085626280590e-03
6.589577585273802621e-03 -7.360483752073871191e-03
5.859785245051918161e-03 -7.953237456858023788e-03
5.076553498471138640e-03 -8.474697869179250928e-03
4.246732780394027636e-03 -8.919998905380059281e-03
3.377626385353423109e-03 -9.284920304973933586e-03
2.476930942631357102e-03 -9.565931385811160537e-03
1.552672428849277871e-03 -9.760229460999069254e-03
6.131381809511798724e-04 -9.865772431702588691e-03
-3.331945710379654842e-04 -9.881305108229120060e-03
-1.277733078427881674e-03 -9.806378857560629422e-03
-2.211845732932613950e-03 -9.641364227709151372e-03
-3.126940343366420294e-03 -9.387456257727001818e-03
-4.014543323734082701e-03 -9.046672246862785816e-03
-4.866379053977740350e-03 -8.621841826022307725e-03
-5.674448649264001408e-03 -8.116589248947281635e-03
-6.431107356089708210e-03 -7.535307899147739540e-03
-7.129139784403104585e-03 -6.883127089739454751e-03
-7.761832184410031275e-03 -6.165871316365732074e-03
-8.323040985165321148e-03 -5.390012207907760033e-03
-8.807256830118053575e-03 -4.562613504324470291e-03
-9.209663372561828487e-03 -3.691269474455134963e-03
-9.526190130976962267e-03 -2.784037267865391383e-03
-9.753568914880420340e-03 -1.849359210002785850e-03
-9.889360143831502081e-03 -8.959845820903400730e-04
-9.931974159335429930e-03 6.710463523282012130e-05
-9.880705561764716385e-03 1.030781039453450634e-03
-9.735748071515219759e-03 1.985859554037662077e-03
-9.498200567302566080e-03 2.923186886379964579e-03
-9.170064086229242836e-03 3.833731791487014762e-03
-8.754229665459490120e-03 4.708675208541621311e-03
-8.254457004558556424e-03 5.539499319405368286e-03
-7.675344028898314908e-03 6.318074571116466531e-03
-7.022287537301320944e-03 7.036743708416464196e-03
-6.301435220058982517e-03 7.688401877394068946e-03
-5.519629435599265714e-03 8.266571888338030208e-03
-4.684343233421354828e-03 8.765473764131517798e-03
-3.803609206390540405e-03 9.180087749814247119e-03
-2.885941846200102117e-03 9.506210019200753147e-03
-1.940254160009821129e-03 9.740500384740218009e-03
-9.757693830098120458e-04 9.880521396755548302e-03
-1.928689694287270744e-06 9.924768307331735193e-03
9.717041351875066891e-04 9.872689470475877471e-03
1.935540057086091413e-03 9.724696853046631284e-03
2.880063137751825552e-03 9.482166439887211931e-03
3.795928796775361463e-03 9.147428429856930415e-03
4.674060906580637664e-03 8.723747235502189376e-03
5.505746639734550654e-03 8.215291416487073561e-03
6.282737662379342392e-03 7.627089243324149115e-03
6.997325153802142449e-03 6.964979395322302286e-03
7.642412122823183385e-03 6.235560310293583597e-03
8.211599590597395623e-03 5.446121531636365087e-03
8.699255184733899540e-03 4.604569537538540785e-03
9.100573782712612428e-03 3.719346596880590203e-03
9.411629475451533527e-03 2.799343515265770733e-03
9.629418217394708837e-03 1.853807213298964062e-03
9.751890633856426585e-03 8.922441470164631759e-04
9.777974567716786816e-03 -7.567936383419717730e-05
9.707587065177172847e-03 -1.040238790498108565e-03
9.541635622539611575e-03 -1.991753893306057784e-03
9.282008641751550784e-03 -2.920690907306875989e-03
8.931555169450667783e-03 -3.817763257366052140e-03
8.494054121150373601e-03 -4.674029656684783492e-03
7.974173317599904040e-03 -5.480988469003486227e-03
7.377418782260851751e-03 -6.230667254840148613e-03
6.710074865998985963e-03 -6.915706476043320845e-03
5.979135875525964233e-03 -7.529436400285308834e-03
5.192229984330651305e-03 -8.065946326068079708e-03
4.357536298038466697e-03 -8.520145338696197626e-03
3.483696028995649733e-03 -8.887813908241459088e-03
2.579718805554201411e-03 -9.165645750069817063e-03
1.654885199410185449e-03 -9.351279485254567966e-03
7.186465988510424077e-04 -9.443319760802981744e-03
-2.194858139215440172e-04 -9.441343616467723701e-03
-1.150031422702544768e-03 -9.345899700002819124e-03
-2.063631914590466528e-03 -9.158503914861322245e-03
-2.951160614768657837e-03 -8.881616034062955745e-03
-3.803818645820110540e-03 -8.518607754553533459e-03
-4.613226889605936444e-03 -8.073720826721397445e-03
-5.371512710665375667e-03 -7.552015797884739645e-03
-6.071390468699801486e-03 -6.959312020022723547e-03
-6.706234928686619079e-03 -6.302119674544755246e-03
-7.270146768685342709e-03 -5.587564659113347827e-03
-7.758009486856414297e-03 -4.823307262739571187e-03
-8.165537118925312796e-03 -4.017455624424846536e-03
-8.489312294225745056e-03 -3.178475026221138592e-03
-8.726814280347256966e-03 -2.315094113280085578e-03
-8.876436791858821271e-03 -1.436209160832700163e-03
-8.937495465934938363e-03 -5.507875207590557341e-04
-8.910225035041368161e-03 3.322286213611469474e-04
-8.795766352809836902e-03 1.204017064461304718e-03
-8.596143551652946080e-03 2.055967902544658058e-03
-8.314231727718229478e-03 2.879772289165143714e-03
-7.953715659565574123e-03 3.667506674428723003e-03
-7.519040170131320762e-03 4.411711602722041999e-03
-7.015352834880726057e-03 5.105464240138643875e-03
-6.448439821817217830e-03 5.742443890609835733e-03
-5.824655720372905188e-03 6.316989858114546719e-03
-5.150839239007597506e-03 6.824148202563888772e-03
-4.434244526698229681e-03 7.259711603380402355e-03
-3.682467825289017713e-03 7.620257048529301309e-03
-2.903353166362106826e-03 7.903168254864098921e-03
-2.104906410926469639e-03 8.106649677812291163e-03
-1.295209155270693078e-03 8.229731309486143856e-03
-4.823334980586413585e-04 8.272264405695239214e-03
3.257413695265253158e-04 8.234908391066561931e-03
1.121209834348054369e-03 8.119109294295183063e-03
1.896516932596719902e-03 7.927070160963584078e-03
2.644431028206878712e-03 7.661713978606950366e-03
3.358111379933782347e-03 7.326639726695974471e-03
4.031169961549179066e-03 6.926072231800778356e-03
4.657726988509231121e-03 6.464806564660616900e-03
5.232459698134165130e-03 5.948147760885879459e-03
5.750644027168709191e-03 5.381846680165644319e-03
6.208188928966181658e-03 4.772032840184584936e-03
6.601663171473520948e-03 4.125145070631922387e-03
6.928314554777089372e-03 3.447860829687227849e-03
7.186081581381613403e-03 2.747025011404894117e-03
7.373597703033710205e-03 2.029579048283729550e-03
7.490188353783868574e-03 1.302491078708342817e-03
7.535861058150922914e-03 5.726879049198768798e-04
7.511288974964576599e-03 -1.530105844191548617e-04
7.417788301235623064e-03 -8.679539117077685008e-04
7.257281790242826880e-03 -1.565718049390807864e-03
7.032274807883490825e-03 -2.240158242579624696e-03
6.745825895497942724e-03 -2.885463426501526808e-03
6.401496220053991965e-03 -3.496201896283647557e-03
6.003304083228887429e-03 -4.067361772518183344e-03
5.555676627947840271e-03 -4.594386129157970559e-03
5.063399359604865528e-03 -5.073202664046575286e-03
4.531564090211856292e-03 -5.500247863107184457e-03
3.965515896433004402e-03 -5.872485676260971038e-03
3.370799658137435019e-03 -6.187420785401860635e-03
2.753106713215294505e-03 -6.443106601558508395e-03
2.118222128174798800e-03 -6.638148179376278553e-03
1.471973043207680607e-03 -6.771700281460308474e-03
8.201785061154964838e-04 -6.843460862526439155e-03
1.686011626511177202e-04 -6.853660273797567218e-03
-4.770988773122604551e-04 -6.803046511413736973e-03
-1.111407726695831785e-03 -6.692866849047814266e-03
-1.728998738210679037e-03 -6.524846204509837828e-03
-2.324770675039000267e-03 -6.301162593007801627e-03
-2.893882902622361367e-03 -6.024420016809963092e-03
-3.431787509815157049e-03 -5.697619133396507503e-03
-3.934258305319749890e-03 -5.324126031579495301e-03
-4.397416668568959221e-03 -4.907639428212962583e-03
-4.817754262639317893e-03 -4.452156578669861677e-03
-5.192152640593931424e-03 -3.961938172362857412e-03
-5.517892793298616837e-03 -3.441473889286644772e-03
-5.792676777727777220e-03 -2.895447838909027960e-03
-6.014645627850496307e-03 -2.328698290165225320e-03
-6.182379837372183745e-03 -1.746180331612655042e-03
-6.294904254260988603e-03 -1.152928759973539724e-03
-6.351690262117708728e-03 -5.540211348626956911e-04
-6.352655326169057495e-03 4.545887061676692265e-05
-6.298159974974005398e-03 6.404577067654484502e-04
-6.189002280373492523e-03 1.225987664901535953e-03
-6.026409888742922071e-03 1.797161975082980749e-03
-5.812029646624336347e-03 2.349229185545724172e-03
-5.547914854565331837e-03 2.877606724340921879e-03
-5.236510174997010582e-03 3.377913539002802643e-03
-4.880634213779309373e-03 3.846001702219881135e-03
-4.483459791160382402e-03 4.277986861145274128e-03
-4.048491917103153384e-03 4.670277395353413658e-03
-3.579543488808647339e-03 5.019602134179033080e-03
-3.080708734613829547e-03 5.323036468973354682e-03
-2.556334438755966405e-03 5.578026680262547499e-03
-2.010988996315245161e-03 5.782412284663140077e-03
-1.449429366579413217e-03 5.934446193132877218e-03
-8.765660154903007293e-04 6.032812460780718512e-03
-2.974259640451321139e-04 6.076641399577935657e-03
2.828859106208155417e-04 6.065521820324258108e-03
8.592271423886647204e-04 5.999510169214176958e-03
1.426453478424674929e-03 5.879138336239148402e-03
1.979468738036109510e-03 5.705416703665904671e-03
2.513274210512052038e-03 5.479828695148090956e-03
3.023006396933985637e-03 5.204325704539380926e-03
3.503981032303917116e-03 4.881317352371323560e-03
3.951736829665024146e-03 4.513657539562698252e-03
4.362078532488464916e-03 4.104626214849321601e-03
4.731118836685309012e-03 3.657906815470664350e-03
5.055318723539532592e-03 3.177559388241709554e-03
5.331525730371114435e-03 2.667989450055413461e-03
5.557009677183697045e-03 2.133912702675224392e-03
5.729495366327632538e-03 1.580315774988453508e-03
5.847191778613917978e-03 1.012413226289718068e-03
5.908817303650975260e-03 4.356011053847078833e-04
5.913620564583592192e-03 -1.445925790827525350e-04
5.861396428159397314e-03 -7.225600623800584963e-04
5.752496830318826887e-03 -1.292668229906501244e-03
5.587836094536729678e-03 -1.849314701195349953e-03
5.368890474931228320e-03 -2.386985018869286230e-03
5.097691718297031778e-03 -2.900310327320181070e-03
4.776814507897639631e-03 -3.384124891059897815e-03
4.409357725751578659e-03 -3.833522775830619164e-03
3.998919548630238546e-03 -4.243912997301475636e-03
3.549566475339180002e-03 -4.611072433634014027e-03
3.065796467182398208e-03 -4.931195799702601211e-03
2.552501637543668454e-03 -5.200945157068302162e-03
2.014913559831406614e-03 -5.417491319467055214e-03
1.458545799500609490e-03 -5.578545926050402885e-03
8.891429475744434905e-04 -5.682394735776710726e-03
3.126201814006723139e-04 -5.727923046571097888e-03
-2.650002195292578268e-04 -5.714634634133186619e-03
-8.376546891369868013e-04 -5.642663820345160744e-03
-1.399305755927730127e-03 -5.512780362736503272e-03
-1.944010181765583409e-03 -5.326386944816460974e-03
-2.465987018559171774e-03 -5.085509141295800790e-03
-2.959684722399920451e-03 -4.792777831227074820e-03
-3.419846456405828752e-03 -4.451404134059857784e-03
-3.841572717833351917e-03 -4.065147047530658087e-03
-4.220380442234630131e-03 -3.638274070196870387e-03
-4.552257767412993920e-03 -3.175515193359529625e-03
-4.833713682625293863e-03 -2.682010745812007935e-03
-5.061821843721201614e-03 -2.163253668929677673e-03
-5.234257901579595675e-03 -1.625026887106959406e-03
-5.349329769013620034e-03 -1.073336517939193309e-03
-5.406000339198637275e-03 -5.143417368788357012e-04
-5.403902265462297468e-03 4.571782971488983481e-05
-5.343344516237851817e-03 6.005962618596015013e-04
-5.225310528801417956e-03 1.144116097497218125e-03
-5.051447899910337797e-03 1.670242700868586859e-03
-4.824049668350819525e-03 2.173157262987869109e-03
-4.546032485503877750e-03 2.647331522886772238e-03
-4.220894474248460156e-03 3.087593469501638543e-03
-3.852668159542813053e-03 3.489184509183562710e-03
-3.445877088634594423e-03 3.847820129540256186e-03
-3.005480150396967060e-03 4.159741925715828431e-03
-2.536810215099172868e-03 4.421763038638288311e-03
-2.045507885128013213e-03 4.631306365738040512e-03
-1.537451221493882055e-03 4.786435001429376057e-03
-1.018682372770061267e-03 4.885874470179050327e-03
-4.953320817720200568e-04 4.929026427718762732e-03
2.645691954250213200e-05 4.915973624212031587e-03
5.406065963204103762e-04 4.847476045225281721e-03
1.041179342460922183e-03 4.724958270656396189e-03
1.522451732206318983e-03 4.550488216032533111e-03
1.978985291575901390e-03 4.326747542694813278e-03
2.405693329801415759e-03 4.056994141697608906e-03
2.797902925643382804e-03 3.745017209233775929e-03
3.151411231300923523e-03 3.395085536849020043e-03
3.462535337270196672e-03 3.011889736104281061e-03
3.728155033465535822e-03 2.600479203514493177e-03
3.945747903946173439e-03 2.166194705494871916e-03
4.113416302749492957e-03 1.714597523788388093e-03
4.229905874997813738e-03 1.251396148730633817e-03
4.294615409172410254e-03 7.823715401257171770e-04
4.307597930965851099e-03 3.133019925989377098e-04
4.269558365764448797e-03 -1.501154266910725659e-04
4.181829981099222451e-03 -6.023359945897526369e-04
4.046345132264792671e-03 -1.038031590607680190e-03
3.865609160522597270e-03 -1.452159894241632308e-03
3.642660865347060323e-03 -1.840026317754738135e-03
3.381026238946572681e-03 -2.197340642929532413e-03
3.084666162899608096e-03 -2.520267623687350109e-03
2.757918848338872936e-03 -2.805470908607282307e-03
2.405437870185255737e-03 -3.050149738672275086e-03
2.032126701763095535e-03 -3.252067984263221252e-03
1.643070698396193255e-03 -3.409575199453105700e-03
1.243467506128297963e-03 -3.521619489710607273e-03
8.385568844919254064e-04 -3.587752109436438686e-03
4.335509299310855266e-04 -3.608123826031341391e-03
3.356566962964720451e-05 -3.583473205550632285e-03
-3.564450358458858773e-04 -3.515107089788376341e-03
-7.317523878067637086e-04 -3.404873644253165674e-03
-1.087911506821429876e-03 -3.255128458963162975e-03
-1.420815486054483089e-03 -3.068694278098450801e-03
-1.726743954620457103e-03 -2.848815019039541846e-03
-2.002405554652334548e-03 -2.599104814492520822e-03
-2.244973832903727259e-03 -2.323492872324179389e-03
-2.452116150787712456e-03 -2.026164995958177045e-03
-2.622015324277937511e-03 -1.711502643358328362e-03
-2.753383815217421218e-03 -1.384020423849286526e-03
-2.845475634172032683e-03 -1.048299852264313091e-03
-2.898078715121967398e-03 -7.089272989602435349e-04
-2.911501883222028866e-03 -3.704368930303890330e-04
-2.886565605223481365e-03 -3.724893633046183407e-05
-2.824580231077685778e-03 2.863870444314818033e-04
-2.727317975167284098e-03 5.964457501506989631e-04
-2.596979157001966677e-03 8.891753872662445414e-04
-2.436153293828940275e-03 1.161142166236080230e-03
-2.247775699671529081e-03 1.409269497534452759e-03
-2.035080296145211527e-03 1.630871450317184683e-03
-1.801549379688558968e-03 1.823680131159563945e-03
-1.550861117044678153e-03 1.985866735920852229e-03
-1.286835555862653061e-03 2.116056125146207039e-03
-1.013379939908336724e-03 2.213334870463729270e-03
-7.344341093713192478e-04 2.277252814811826093e-03
-4.539167460309362009e-04 2.307818281818436318e-03
-1.756731913830028666e-04 2.305487157672567872e-03
9.657447539938432879e-05 2.271146150976364585e-03
3.592744634325477924e-04 2.206090611706355235e-03
6.090888225568574050e-04 2.111997358358969241e-03
8.429330107904859379e-04 1.990893021505435109e-03
1.058011036844515697e-03 1.845118461490993832e-03
1.251845813586599911e-03 1.677289857848066230e-03
1.422304437177828547e-03 1.490257098023431209e-03
1.567618187304764587e-03 1.287060112540174689e-03
1.686401981427412562e-03 1.070882387868336838e-03
1.777657867183733004e-03 8.450045873839688321e-04
1.840773878093246961e-03 6.127613297450013475e-04
1.875527628802041132e-03 3.774955366271782304e-04
1.882079721800812957e-03 1.425142724283932373e-04
1.860962293590623894e-03 -8.895374298679365800e-05
1.813063003743937409e-03 -3.137984313689938087e-04
1.739604822943248766e-03 -5.290659941092953206e-04
1.642122021532650428e-03 -7.319934758370001291e-04
1.522432797877931038e-03 -9.200398958389080376e-04
1.382609015526848608e-03 -1.090913649548541252e-03
1.224943539960139140e-03 -1.242595944557609413e-03
1.051915679502551286e-03 -1.373360098737181527e-03
8.661552405684650683e-04 -1.481786590581814700e-03
6.704057057666466249e-04 -1.566773813139087784e-03
4.674870343006433718e-04 -1.627544542331210188e-03
2.602585681960768596e-04 -1.663648186684142313e-03
5.158250636899844408e-05 -1.674958937865773370e-03
-1.557116185333756687e-04 -1.661669989929799975e-03
-3.588610575258940742e-04 -1.624284038857309008e-03
-5.552021900729832600e-04 -1.563600312410031714e-03
-7.422007685119433621e-04 -1.480698412828137470e-03
-9.174797757941122352e-04 -1.376919281966899368e-03
-1.078844653003320931e-03 -1.253843619951941490e-03
-1.224305696934791096e-03 -1.113268104081565138e-03
-1.352101955262281253e-03 -9.571803394138431349e-04
-1.460713229123102204e-03 -7.877293305314907743e-04
-1.548868228671367118e-03 -6.071975763628295001e-04
-1.615558778475783414e-03 -4.179736440864559137e-04
-1.660046580985142465e-03 -2.225228527990460970e-04
-1.681866845970859080e-03 -2.335787375091979507e-05
-1.680828861830297978e-03 1.769904367026987673e-04
-1.657013613571028986e-03 3.760016740723987495e-04
-1.610768578076719141e-03 5.711937164181020389e-04
-1.542699849628189658e-03 7.601494954968138294e-04
-1.453661767221243106e-03 9.405424788885381401e-04
-1.344744230647345121e-03 1.110160658443187570e-03
-1.217257904504249078e-03 1.266928865519981488e-03
-1.072717518077730831e-03 1.408929258074194781e-03
-9.128234753215630319e-04 1.534419848717901054e-03
-7.394419926678363550e-04 1.641850966541927694e-03
-5.545839834269218052e-04 1.729879567642294853e-03
-3.603829070798359596e-04 1.797381330095691038e-03
-1.590717996295332377e-04 1.843460489059698879e-03
4.704030256421293861e-05 1.867457386147159705e-03
2.555923380519198600e-04 1.868953724255465951e-03
4.641953928431885178e-04 1.847775534260378194e-03
6.704568745862702055e-04 1.803993874258512852e-03
8.720044989411579288e-04 1.737923295064201096e-03
1.066509905404292762e-03 1.650118117665410299e-03
1.251716183436731890e-03 1.541369272358501970e-03
1.425456984349345382e-03 1.412691765833272439e-03
1.585672444646287014e-03 1.265312732442391667e-03
1.730433284689008233e-03 1.100663267441786370e-03
1.857959997472341225e-03 9.203649368616592273e-04
1.966640729566145312e-03 7.262146006928654404e-04
2.055047720387248502e-03 5.201676604443303915e-04
2.121952172354492957e-03 3.043198510650776218e-04
2.166337431520340678e-03 8.088770631781578560e-05
2.187410365969647691e-03 -1.478121640650682670e-04
2.184610837211714042e-03 -3.793848375588685859e-04
2.157619168894102640e-03 -6.113797251081910496e-04
2.106361527320053245e-03 -8.413139337887878301e-04
2.031013139253640219e-03 -1.066696169527778541e-03
1.931999285121618372e-03 -1.285050994288320552e-03
1.809994019488126923e-03 -1.493943243809398632e-03
1.665916585654974528e-03 -1.691002403822023607e-03
1.500925508151987461e-03 -1.873946735379238872e-03
1.316410365231163518e-03 -2.040606934418822630e-03
1.113981262866257623e-03 -2.188949106634750872e-03
8.954560521655165759e-04 -2.317096836345316178e-03
6.628453537181482101e-04 -2.423352127324971024e-03
4.183354748462872214e-04 -2.506214995523032597e-03
1.642693289653505203e-04 -2.564401497752755252e-03
-9.687451060513885325e-05 -2.596859987277568699e-03
-3.625093055102225972e-04 -2.602790091481585119e-03
-6.299616880598046158e-04 -2.581647900167732736e-03
-8.964906183920944797e-04 -2.533151631042906710e-03
-1.159317504371333097e-03 -2.457294666389889942e-03
-1.415653576311977097e-03 -2.354350411212175267e-03
-1.662727906304187209e-03 -2.224874446169027454e-03
-1.897815804565795243e-03 -2.069703885655408814e-03
-2.118267312064499308e-03 -1.889953878353243426e-03
-2.321535498548438214e-03 -1.687011216550114842e-03
-2.505204268402799143e-03 -1.462525051140497979e-03
-2.667015372914325732e-03 -1.218394740941671980e-03
-2.804894327583700234e-03 -9.567548972868510299e-04
-2.916974936905960061e-03 -6.799577177775201686e-04
-3.001622136445265040e-03 -3.905527361696916775e-04
-3.057452873571324219e-03 -9.126414763634962349e-05
-3.083354763283046099e-03 2.150341004718450515e-04
-3.078502274096720902e-03 5.253452322488881771e-04
-3.042370221539887100e-03 8.365783329862372560e-04
-2.974744372704023112e-03 1.145578531662538825e-03
-2.875728993981705242e-03 1.449158380410264790e-03
-2.745751205251029115e-03 1.744130115845218820e-03
-2.585562037388981250e-03 2.027338471047278930e-03
-2.396234125578913712e-03 2.295693695161007009e-03
-2.179156007964653044e-03 2.546204429442108872e-03
-1.936023036817766975e-03 2.776010084710575990e-03
-1.668819577740574336e-03 2.982418529330123271e-03
-1.379805822663678939e-03 3.162927587016964390e-03
-1.071506568778034718e-03 3.315248288416292825e-03
-7.466857921971461771e-04 3.437339142854806302e-03
-4.083222123674489553e-04 3.527431088841373637e-03
-5.958225102683804890e-05 3.584050000587687534e-03
2.962093639489860974e-04 3.606036477599286038e-03
6.556010706102124606e-04 3.592562671079714033e-03
1.015047716021427304e-03 3.543145930714618370e-03
1.370945243460909135e-03 3.457659088057030497e-03
1.719666477997649177e-03 3.336337227255071515e-03
2.057597649964340147e-03 3.179780830104271018e-03
2.381175284988160373e-03 2.988955220293515805e-03
2.686923082446974944e-03 2.765186270717323331e-03
2.971488401940281833e-03 2.510152376771880058e-03
3.231677978756944489e-03 2.225872737149797633e-03
3.464492494618959511e-03 1.914692022519175283e-03
3.667159639651730585e-03 1.579261550562326838e-03
3.837165315108334845e-03 1.222517121976288666e-03
3.972282643254325396e-03 8.476537065362645769e-04
4.070598470822385344e-03 4.580972011149301313e-04
4.130537075769163610e-03 5.747351214862304099e-05
4.150880813337455566e-03 -3.504247573977467382e-04
4.130787466165213549e-03 -7.616737114598524407e-04
4.069804093653549976e-03 -1.172255327676064536e-03
3.967871499671985630e-03 -1.578102634010487837e-03
3.825333285039541655e-03 -1.975129779755879604e-03
3.642946447177804973e-03 -2.359266572043031921e-03
3.421876001467471454e-03 -2.726507049505998235e-03
3.163689593365312525e-03 -3.072950286137481838e-03
2.870348055650480314e-03 -3.394840743015329048e-03
2.544191950330368119e-03 -3.688607770191417150e-03
2.187924172880296395e-03 -3.950903864916245796e-03
1.804588734120924189e-03 -4.178641299811621142e-03
1.397545871527362251e-03 -4.369026745689352960e-03
9.704436775756857501e-04 -4.519593527549231431e-03
5.271864670955572372e-04 -4.628231169368581671e-03
7.190013858248776987e-05 -4.693211903758357298e-03
-3.911051844475348181e-04 -4.713213846133492216e-03
-8.573749172944298072e-04 -4.687340559018375770e-03
-1.322351841360005576e-03 -4.615136760226971370e-03
-1.781419628422425440e-03 -4.496599959990244845e-03
-2.229947673631249225e-03 -4.332187845926487209e-03
-2.663336830193112695e-03 -4.122821269995698146e-03
-3.077065622640577040e-03 -3.869882728870087385e-03
-3.466736502431021910e-03 -3.575210268509853781e-03
-3.828121700166566953e-03 -3.241086784644676283e-03
-4.157208222944008651e-03 -2.870224732718394418e-03
-4.450241543233031220e-03 -2.465746303891796706e-03
-4.703767526926686503e-03 -2.031159167309286914e-03
-4.914666488554018248e-03 -1.570322192018429666e-03
-5.080193384962439739e-03 -1.087421579232215017e-03
-5.198019716013100276e-03 -5.869390709606269949e-04
-5.266260006765664456e-03 -7.360467784450182370e-05
-5.283498593653666343e-03 4.476469763142623486e-04
-5.248812149448761795e-03 9.717232389710220818e-04
-5.161787621890529670e-03 1.493422534654063102e-03
-5.022535298369918029e-03 2.007485547883518327e-03
-4.831696750864660286e-03 2.508648005382077203e-03
-4.590447460700674762e-03 2.991694550235781888e-03
-4.300493972100818962e-03 3.451513174638253748e-03
-3.964065476212705677e-03 3.883149656619920564e-03
-3.583899783243841512e-03 4.281861430272118803e-03
-3.163223698623499926e-03 4.643170308791747664e-03
-2.705727878929768161e-03 4.962913475101891209e-03
-2.215536304973100747e-03 5.237292155874533062e-03
-1.697170572033129647e-03 5.462917403017603091e-03
-1.155509259815388698e-03 5.636852421872845173e-03
-5.957427062093623811e-04 5.756650906818516419e-03
-2.332356946109420600e-05 5.820390873447417630e-03
5.560863781052399497e-04 5.826703512288479783e-03
1.136672726600566636e-03 5.774796631678251815e-03
1.712527625928493644e-03 5.664472306460055506e-03
2.277711108205421591e-03 5.496138404536993552e-03
2.826313897966869701e-03 5.270813724326918817e-03
3.352515838188869363e-03 4.990122694970483552e-03
3.850653247873932206e-03 4.656293876736681235e-03
4.315288906878928313e-03 4.272147699707213621e-03
4.741269735506205632e-03 3.841069536899568981e-03
5.123786552017409179e-03 3.366981131667038177e-03
5.458430981860562699e-03 2.854305571857701073e-03
5.741248804903583032e-03 2.307926088974174891e-03
5.968789053149204174e-03 1.733139041699709518e-03
6.138148207149960768e-03 1.135601521977835492e-03
6.247008883991891914e-03 5.212740969389530231e-04
6.293672463608956068e-03 -1.036407288246074402e-04
6.277085162726615125e-03 -7.327636808079676092e-04
6.196857136462011889e-03 -1.359606803723189096e-03
6.053274265437110641e-03 -1.977643713520823004e-03
5.847302370079745029e-03 -2.580381211721907448e-03
5.580583683246741374e-03 -3.161431428503871412e-03
5.255425506217648729e-03 -3.714583638730974829e-03
4.874781070194061407e-03 -4.233874883845802420e-03
4.442222723922960650e-03 -4.713658532124262099e-03
3.961907667481108335e-03 -5.148669920941678635e-03
3.438536550909357479e-03 -5.534088247924076609e-03
2.877305352280920721e-03 -5.865593912811873506e-03
2.283851041974544870e-03 -6.139420558086102105e-03
1.664191626716405529e-03 -6.352401113559083719e-03
1.024661247783041325e-03 -6.502007217490374420e-03
3.718453397122535955e-04 -6.586379877622951587e-03
-2.874956736429098167e-04 -6.604357958066877504e-03
-9.465065205237406000e-04 -6.555495169768554842e-03
-1.598309884012870082e-03 -6.440065614740600464e-03
-2.236083666534919093e-03 -6.259063492380867455e-03
-2.853137947463222843e-03 -6.014194323447106388e-03
-3.442990677971358247e-03 -5.707857753093398614e-03
-3.999441166821150057e-03 -5.343122105256842801e-03
-4.516640433717145249e-03 -4.923690970188357267e-03
-4.989157542460563588e-03 -4.453862213198629162e-03
-5.412041074549029523e-03 -3.938479894966511428e-03
-5.780874964555415656e-03 -3.382879689708412439e-03
-6.091827990781119653e-03 -2.792828475796465398e-03
-6.341696297105881529e-03 -2.174458852439969947e-03
-6.527938413350527908e-03 -1.534199404821534564e-03
-6.648702340745201410e-03 -8.787015980051716014e-04
-6.702844374921042465e-03 -2.147642252529485287e-04
-6.689939449753715822e-03 4.507436314077597670e-04
-6.610282899247111113e-03 1.110960151722692815e-03
-6.464883650369847648e-03 1.759107857257262561e-03
-6.255448975394573528e-03 2.388569248765836598e-03
-5.984361045654014964e-03 2.992960052208787011e-03
-5.654645638396985259e-03 3.566199161740093472e-03
-5.269933452495138664e-03 4.102574417958471976e-03
-4.834414586314306553e-03 4.596803421729796051e-03
-4.352789561224747368e-03 5.044089119559830650e-03
-3.830208819381907687e-03 5.440169589394593802e-03
-3.272208034349651136e-03 5.781358458760955769e-03
-2.684645306469542279e-03 6.064579120467706620e-03
-2.073632597110874366e-03 6.287391545061738612e-03
-1.445465143835717586e-03 6.448011210434556953e-03
-8.065497841249100143e-04 6.545320030038785999e-03
-1.633331163595072512e-04 6.578869273088733260e-03
4.777695861839306724e-04 6.548874580561372082e-03
1.110443818617769945e-03 6.456203287990475853e-03
1.728542794292121021e-03 6.302354368894241138e-03
2.326151101889987593e-03 6.089431409044669848e-03
2.897644333066720472e-03 5.820109110328437751e-03
3.437744016571871435e-03 5.497593902082666649e-03
3.941567276086381175e-03 5.125579306521008127e-03
4.404670717306216447e-03 4.708196762618800137e-03
4.823088143775910996e-03 4.249962658333745515e-03
5.193361799187783297e-03 3.755722353982890709e-03
5.512566934264619654e-03 3.230591999630645725e-03
5.778329597523764426e-03 2.679898956459092919e-03
5.988837649310457291e-03 2.109121626040692202e-03
6.142845095632555770e-03 1.523829472707811461e-03
6.239669931138521093e-03 9.296239936550592482e-04
6.279185767182594857e-03 3.320813497619701129e-04
6.261807600663621583e-03 -2.633026814838360314e-04
6.188472840772212685e-03 -8.511668854885262418e-04
6.060614710793280763e-03 -1.426331613436405271e-03
5.880133174783609522e-03 -1.983840837241213160e-03
5.649363440603591066e-03 -2.519004374087475007e-03
5.371040040946029222e-03 -3.027433779371580674e-03
5.048258321777975705e-03 -3.505073476972104651e-03
4.684433963692796569e-03 -3.948227001089827347e-03
4.283261156055775086e-03 -4.353578305897706779e-03
3.848670027251333350e-03 -4.718208177945704823e-03
3.384783908016585248e-03 -5.039605860318660882e-03
2.895876969399999428e-03 -5.315676066114317228e-03
2.386332732971859980e-03 -5.544741620394689346e-03
1.860603900027620093e-03 -5.725542023474458619e-03
1.323173889837017409e-03 -5.857228273151413728e-03
7.785204158477995479e-04 -5.939354318867213871e-03
2.310813650337674603e-04 -5.971865546525839154e-03
-3.147768195105478113e-04 -5.955084708385260418e-03
-8.547881178562720395e-04 -5.889695718450054136e-03
-1.384813203377603750e-03 -5.776725730155815933e-03
-1.900862993771463465e-03 -5.617525900355755178e-03
-2.399119529897704179e-03 -5.413751222096859633e-03
-2.875954280934803209e-03 -5.167339779351497360e-03
-3.327944019593853664e-03 -4.880491740853595307e-03
-3.751884448931323141e-03 -4.555648368562393094e-03
-4.144801792520675862e-03 -4.195471270444399610e-03
-4.503961060104237461e-03 -3.802818902172702339e-03
-4.826874078093210813e-03 -3.380730719084502206e-03
-5.111309095262799029e-03 -2.932411352133612419e-03
-5.355296099731777365e-03 -2.461208678265127976e-03
-5.557131991569337799e-03 -1.970595890470370950e-03
-5.715385123549888112e-03 -1.464154115792599313e-03
-5.828899390321155838e-03 -9.455554805657146594e-04
-5.896798013117181790e-03 -4.185464890421599585e-04
-5.918487128610344650e-03 1.130684447111325250e-04
-5.893659248237943099e-03 6.454434906017379389e-04
-5.822296609531101182e-03 1.174708112100455656e-03
-5.704674394422261201e-03 1.696984184722207705e-03
-5.541363742985103667e-03 2.208403711168781258e-03
-5.333234445675341315e-03 2.705127307021183095e-03
-5.081457154191925882e-03 3.183363609033542166e-03
-4.787504912290210107e-03 3.639389728524928570e-03
-4.453153774291914065e-03 4.069572835686437184e-03
-4.080482251593273851e-03 4.470392918184309082e-03
-3.671869306952484178e-03 4.838466709895372989e-03
-3.229990603698818224e-03 5.170572734093894195e-03
-2.757812713012175888e-03 5.463677350988890846e-03
-2.258584987490047744e-03 5.714961643753773551e-03
-1.735828823453348284e-03 5.921848921456443655e-03
-1.193324058100119931e-03 6.082032563051323684e-03
-6.350922800925639126e-04 6.193503875509414475e-03
-6.538023250452042526e-05 6.254575882316201936e-03
5.113650894234782326e-04 6.263915469819587856e-03
1.090528085502862066e-03 6.220572195593191550e-03
1.667352613440281411e-03 6.123997585680284600e-03
2.236975837412208141e-03 5.974066569711072687e-03
2.794465347104081471e-03 5.771096198180174393e-03
3.334859343231933674e-03 5.515861148491165052e-03
3.853209612334367040e-03 5.209605540133888102e-03
4.344626940888595204e-03 4.854050604122299439e-03
4.804328548633668081e-03 4.451397787363641466e-03
5.227687055055798421e-03 4.004326918544391482e-03
5.610280432237840613e-03 3.515989117822911330e-03
5.947942343625042816e-03 2.989994197456709996e-03
6.236812222755231359e-03 2.430392373859273369e-03
6.473384409869481666e-03 1.841650191879537230e-03
6.654555638871533299e-03 1.228620648481480900e-03
6.777670153172728369e-03 5.965075941214846751e-04
6.840561727362479486e-03 -4.917541628247943053e-05
6.841591882293900431e-03 -7.026515561826595984e-04
6.779683604458571627e-03 -1.357932083202965197e-03
6.654349916696448292e-03 -2.008872164896998488e-03
6.465716696115309317e-03 -2.649230633303677977e-03
6.214539195789325551e-03 -3.272733044690240550e-03
5.902211798891093125e-03 -3.873137345816137899e-03
5.530770616178698300e-03 -4.444301382207418820e-03
5.102893183302017500e-03 -4.980248016454320165e-03
4.621882927634909759e-03 -5.475239615414708577e-03
4.091642864837309775e-03 -5.923848526442244619e-03
3.516651147333259286e-03 -6.321018794738452427e-03
2.901925417136215837e-03 -6.662129672924514863e-03
2.252979842163432313e-03 -6.943055638564378518e-03
1.575775193550539707e-03 -7.160222042732352320e-03
8.766624299906592387e-04 -7.310655551928298308e-03
1.623203592237385689e-04 -7.392028598889027920e-03
-5.603119557411254245e-04 -7.402697124244486844e-03
-1.284107289161136485e-03 -7.341730969766093254e-03
-2.001826007939267685e-03 -7.208936373787952837e-03
-2.706194585998954096e-03 -7.004870119088803769e-03
-3.389985918206164187e-03 -6.730844991917412506e-03
-4.046100432306683897e-03 -6.388926325831658162e-03
-4.667646969671993863e-03 -5.981919524218691497e-03
-5.248022392869075570e-03 -5.513348579150009580e-03
-5.780988881119813322e-03 -4.987425729030055266e-03
-6.260747892864269165e-03 -4.409012521407898108e-03
-6.682009807822056682e-03 -3.783572668545957113e-03
-7.040058309077854536e-03 -3.117117200296972129e-03
-7.330808628272716260e-03 -2.416142529465983672e-03
-7.550858852627718998e-03 -1.687562147246347150e-03
-7.697533580485149858e-03 -9.386327589197567987e-04
-7.768919310834421568e-03 -1.768757510172101755e-04
-7.763896364296332848e-03 5.900027749209191610e-04
-7.682151965044486074e-03 1.354202020330605785e-03
-7.524181662424066566e-03 2.107914039064800234e-03
-7.291292352803159516e-03 2.843407162747099703e-03
-6.985591128943429047e-03 3.553112361303878506e-03
-6.609964694612776442e-03 4.229707982052626804e-03
-6.168049583132215359e-03 4.866201809154722079e-03
-5.664193540030630983e-03 5.456009420863036641e-03
-5.103408546314416698e-03 5.993027872026792519e-03
-4.491316068058115105e-03 6.471703792626709584e-03
-3.834085218326367932e-03 6.887095069087577869e-03
-3.138364607889746177e-03 7.234925362100554092e-03
-2.411208740058746677e-03 7.511630811420218386e-03
-1.659999871572017576e-03 7.714398383305370865e-03
-8.923663148680520017e-04 7.841195428035088733e-03
-1.160981965049903925e-04 7.890790131660958134e-03
6.609382881223205101e-04 7.862762666476520376e-03
1.430887073376410678e-03 7.757506966402712145e-03
2.185987828880726555e-03 7.576223174519576727e-03
2.918659943522870608e-03 7.320900928716476963e-03
3.621583891286657593e-03 6.994293766688523817e-03
4.287779027283018102e-03 6.599885041606571266e-03
4.910676919433017672e-03 6.141845842796596344e-03
5.484189389720573946e-03 5.624985510552374564e-03
6.002770517425071693e-03 5.054695419168158191e-03
6.461477884200536766e-03 4.436887596117413714e-03
6.856014914025882444e-03 3.777923456953650571e-03
7.182764239137261544e-03 3.084542935552757673e-03
7.438825489201381265e-03 2.363791845572460210e-03
7.622039205074768523e-03 1.622944555761000234e-03
7.731002299704980291e-03 8.694251200209676157e-04
7.765075024128147152e-03 1.107277975354462388e-04
7.724379500898913460e-03 -6.456621129630474168e-04
7.609789988497570740e-03 -1.392346223784340269e-03
7.422915136807927382e-03 -2.122088926554787595e-03
7.166072584442073623e-03 -2.827890355486023868e-03
6.842256332659633032e-03 -3.503055676714061234e-03
