3.061616997868383018e-17 5.000000000000000000e-01
5.170934521182392329e-02 4.972976524810092669e-01
1.028502221000342082e-01 4.892209043589981210e-01
1.528608935952674996e-01 4.758602073115256736e-01
2.011925330331776063e-01 4.573650901643122046e-01
2.473154783648561783e-01 4.339424145924831722e-01
2.907252578581992486e-01 4.058539641719560165e-01
3.309483157406308274e-01 3.734133961802123536e-01
3.675473699760565260e-01 3.369825932761606468e-01
4.001263389517854541e-01 2.969674594457376027e-01
4.283347792147036981e-01 2.538132112914343042e-01
4.518717824703892827e-01 2.079992217857418169e-01
4.704892867651824240e-01 1.600334789248878398e-01
4.839947640587112243e-01 1.104467262717929582e-01
4.922532539727298984e-01 5.978635593200759546e-02
4.951887216565751260e-01 8.610127464377982653e-03
4.927847261162415227e-01 -4.252021192966870533e-02
4.850843935689126418e-01 -9.304532983352038766e-02
4.721896989976632764e-01 -1.424146574557222655e-01
4.542600674519309267e-01 -1.900926096978478030e-01
4.315103148568782965e-01 -2.355646031799680518e-01
4.042079560262588078e-01 -2.783428017721919501e-01
3.726699151191715242e-01 -3.179715228616502576e-01
3.372586808469905106e-01 -3.540322420762172517e-01
2.983779552354013376e-01 -3.861481394274400847e-01
2.564678505983415402e-01 -4.139881357543543361e-01
2.119996945151326195e-01 -4.372703748674860447e-01
1.654705069583976007e-01 -4.557651138214079412e-01
1.173972172481981685e-01 -4.692969911916582415e-01
6.831069116811237796e-02 -4.777466509997503330e-01
1.874964034417504061e-02 -4.810517079169810417e-01
-3.074551315789263509e-02 -4.792070474802758162e-01
-7.963874412154278715e-02 -4.722644631671432669e-01
-1.274044314244733300e-01 -4.603316401983840733e-01
-1.735331951615948498e-01 -4.435705037650075622e-01
-2.175374962733993556e-01 -4.221949569117409151e-01
-2.589569348249027292e-01 -3.964680404601388930e-01
-2.973631873571702111e-01 -3.666985540320936154e-01
-3.323645287049539210e-01 -3.332371834787513643e-01
-3.636098893469139615e-01 -2.964721850499189570e-01
-3.907924052723256159e-01 -2.568246819871675690e-01
-4.136524242090539594e-01 -2.147436333991321333e-01
-4.319799389931531231e-01 -1.707005378823241992e-01
-4.456164260627886731e-01 -1.251839372990846966e-01
-4.544560745409075841e-01 -7.869378762795542492e-02
-4.584463989101992265e-01 -3.173576456817841368e-02
-4.575882358125686888e-01 1.518442850422743219e-02
-4.519351329275022033e-01 6.156668355419558925e-02
-4.415921451058474334e-01 1.069219769429641254e-01
-4.267140598680136954e-01 1.507776621055032518e-01
-4.075030809338179849e-01 1.926825066940630327e-01
-3.842060045565898752e-01 2.322114189780624116e-01
-3.571109290152714166e-01 2.689698128626120677e-01
-3.265435426115508299e-01 3.025975660178731319e-01
-2.928630398697610882e-01 3.327725312247948875e-01
-2.564577192998003241e-01 3.592135670598808339e-01
-2.177403190220207341e-01 3.816830603787462195e-01
-1.771431487422749917e-01 3.999889196286897652e-01
-1.351130779898916945e-01 4.139860247359778977e-01
-9.210644118640042011e-02 4.235771260852504994e-01
-4.858392000378167902e-02 4.287131918483716442e-01
-5.005462613348027334e-03 4.293932095421394424e-01
3.817470215478384332e-02 4.256634541155566720e-01
8.051289966738087167e-02 4.176162410584924878e-01
1.215806415338846203e-01 4.053881887788535199e-01
1.609690048319408762e-01 3.891580195155624478e-01
1.982927125647400424e-01 3.691439336524064974e-01
2.331938756149167513e-01 3.456005961860507125e-01
2.653453600523026923e-01 3.188157779346613707e-01
2.944537492446853144e-01 2.891066972597058915e-01
3.202618757418791984e-01 2.568161105912018516e-01
3.425509036045537581e-01 2.223082019049401059e-01
3.611419476522381711e-01 1.859643224905161152e-01
3.758972219319964836e-01 1.481786328720568757e-01
3.867207154841575956e-01 1.093536986090421631e-01
3.935583991304436036e-01 6.989609093093232528e-02
3.963979724625813494e-01 3.021204177303045760e-02
3.952681654001348743e-01 -9.296799183637927469e-03
3.902376135542078850e-01 -4.823746036738222470e-02
3.814133311241482693e-01 -8.622955495610858112e-02
3.689388091193401831e-01 -1.229089596209737012e-01
3.529917702966203219e-01 -1.579312304986049686e-01
3.337816153023541732e-01 -1.909747256419565553e-01
3.115465970811327479e-01 -2.217434075788373427e-01
2.865507626427485355e-01 -2.499693041746564315e-01
2.590807027559945408e-01 -2.754146106857557896e-01
2.294421510602527858e-01 -2.978734206358785719e-01
1.979564744599436876e-01 -3.171730778861071021e-01
1.649570973497698212e-01 -3.331751464067492230e-01
1.307858983915366202e-01 -3.457760013271083399e-01
9.578962072543714679e-02 -3.549070451267088422e-01
6.031633608865616392e-02 -3.605345584917900581e-01
2.471199659607751023e-02 -3.626592014992758295e-01
-1.068289128844184671e-02 -3.613151817874332705e-01
-4.553643949464503821e-02 -3.565691102216840824e-01
-7.952836970829982310e-02 -3.485185673195473899e-01
-1.123527984838901955e-01 -3.372904060450659380e-01
-1.437207946318389273e-01 -3.230388185055377837e-01
-1.733626909139901473e-01 -3.059431955739221332e-01
-2.010301356527429140e-01 -2.862058095175878392e-01
-2.264978734408772398e-01 -2.640493503432229661e-01
-2.495652476805147180e-01 -2.397143467800333938e-01
-2.700574211332808505e-01 -2.134565026358835882e-01
-2.878263139853820540e-01 -1.855439786961741722e-01
-3.027512620807371602e-01 -1.562546494201495495e-01
-3.147394009166602502e-01 -1.258733624553327046e-01
-3.237257836989191340e-01 -9.468922747274059748e-02
-3.296732441904707822e-01 -6.299295906111633536e-02
-3.325720172404151298e-01 -3.107429644740540911e-02
-3.324391317318262096e-01 7.804793257388058757e-04
-3.293175922298439695e-01 3.229091239471770791e-02
-3.232753668409599768e-01 6.318460721333368779e-02
-3.144041997124230603e-01 9.319931818908078203e-02
-3.028182683880852877e-01 1.220848807113279338e-01
-2.886527026750906333e-01 1.496049807953281074e-01
-2.720619845527355030e-01 1.755387517041334944e-01
-2.532182521758470362e-01 1.996821899622597540e-01
-2.323095235284974303e-01 2.218493942485428583e-01
-2.095378585525849435e-01 2.418736245870588830e-01
-1.851174770022211979e-01 2.596081830385160716e-01
-1.592728482906906884e-01 2.749271186249956922e-01
-1.322367684951528399e-01 2.877257605519338846e-01
-1.042484384969148553e-01 2.979210849167176489e-01
-7.555155599350943385e-02 3.054519210116865002e-01
-4.639243285357601276e-02 3.102790040435230434e-01
-1.701814802588289682e-02 3.123848816080066482e-01
1.232525501302353041e-02 3.117736815897753644e-01
4.139451845729547746e-02 3.084707493154822955e-01
6.995086129085717475e-02 3.025221617930513029e-01
9.776160559308025300e-02 2.939941267396926627e-01
1.246017331752777291e-01 2.829722738591679554e-01
1.502553684457567096e-01 2.695608454982281743e-01
1.745171840225478443e-01 2.538817934179413704e-01
1.971937260986535156e-01 2.360737879829275521e-01
2.181046569151667003e-01 2.162911456253252818e-01
2.370839119171996578e-01 1.947026800048911044e-01
2.539807692641780079e-01 1.714904818849799228e-01
2.686608293511000833e-01 1.468486323974910190e-01
2.810069026655423463e-01 1.209818579088720453e-01
2.909198027129348274e-01 9.410411879563154725e-02
2.983190381922821710e-01 6.643714465404713942e-02
3.031434056215664419e-01 3.820892776751233511e-02
3.053514773719260833e-01 9.652167341722171084e-03
3.049219812353732850e-01 -1.899732699135351158e-02
3.018540674615134423e-01 -4.750226739944704568e-02
2.961674589837759441e-01 -7.562555029016249097e-02
2.879024804175955299e-01 -1.031319428271574995e-01
2.771199613729461442e-01 -1.297897866659827315e-01
2.639010097008153144e-01 -1.553727112548151101e-01
2.483466505044265582e-01 -1.796613481852389616e-01
2.305773271052437290e-01 -2.024450371776986002e-01
2.107322606717805802e-01 -2.235235133687729636e-01
1.889686659032266403e-01 -2.427085646582893552e-01
1.654608210133187429e-01 -2.598256470000756546e-01
1.403989912822122821e-01 -2.747154447081531781e-01
1.139882066307406072e-01 -2.872353621278694868e-01
8.644689501369520745e-02 -2.972609324159488087e-01
5.800537491385892447e-02 -3.046871287107719706e-01
2.890421182980477954e-02 -3.094295626789133613e-01
-6.075546324328211234e-04 -3.114255553184739345e-01
-3.027430465461128026e-02 -3.106350650038290917e-01
-5.983584282502332763e-02 -3.070414580867093512e-01
-8.902950133746001526e-02 -3.006521079381670458e-01
-1.175923269822285039e-01 -2.914988151003282679e-01
-1.452633411328045077e-01 -2.796380185919297712e-01
-1.717858466767245851e-01 -2.651507982774621297e-01
-1.969097651825467143e-01 -2.481426723478305785e-01
-2.203939872044799186e-01 -2.287431643522850055e-01
-2.420087115577242987e-01 -2.071051399736941745e-01
-2.615377503456619013e-01 -1.834039103292143258e-01
-2.787807756392705061e-01 -1.578361010144334609e-01
-2.935554830964698936e-01 -1.306182887036801687e-01
-3.056996474891276461e-01 -1.019854098413426891e-01
-3.150730450989512321e-01 -7.218894877419534950e-02
-3.215592182670611865e-01 -4.149491554527839215e-02
-3.250670580475698568e-01 -1.018162645573030163e-02
-3.255321819299001884e-01 2.146269663989346099e-02
-3.229180849594994740e-01 5.314248955015871134e-02
-3.172170442981749883e-01 8.455755004528998919e-02
-3.084507593141052051e-01 1.154058592903797059e-01
-2.966707116626363105e-01 1.453864941492063190e-01
-2.819582324917767058e-01 1.742026020200942715e-01
-2.644242668549704467e-01 2.015644080722380771e-01
-2.442088286073370584e-01 2.271922232757562776e-01
-2.214801424644341210e-01 2.508194204942189032e-01
-1.964334734747460176e-01 2.721953451631403675e-01
-1.692896478547483152e-01 2.910881267358173541e-01
-1.402932729115292099e-01 3.072873571576160145e-01
-1.097106711522978229e-01 3.206066107475376015e-01
-7.782752962067224223e-02 3.308857517958658234e-01
-4.494629929036170202e-02 3.379930098065108690e-01
-1.138336942983598360e-02 3.418268121957561689e-01
2.253396964232284513e-02 3.423173252511035880e-01
5.647074109313925810e-02 3.394276858924334395e-01
9.008764136191488303e-02 3.331549031818193396e-01
1.230445106018403234e-01 3.235304119279998614e-01
1.550038769959786178e-01 3.106202644455678397e-01
1.856345363927200953e-01 2.945249505154780567e-01
2.146151273757238021e-01 2.753788398057934184e-01
2.416376610260543289e-01 2.533492453987487014e-01
2.664109642722293780e-01 2.286351115776983356e-01
2.886639958732974964e-01 2.014653335979905702e-01
3.081489947501836468e-01 1.720967217398442217e-01
3.246444215736007388e-01 1.408116264582395527e-01
3.379576562278807650e-01 1.079152458436037909e-01
3.479274159869177319e-01 7.373264082709750367e-02
3.544258619416134626e-01 3.860548754635189511e-02
3.573603643813380026e-01 2.888599974540962626e-03
3.566749014217087677e-01 -3.305374074626567932e-02
3.523510691478357604e-01 -6.885161088751681757e-02
3.444086858604986645e-01 -1.041333807579120779e-01
3.329059776215557154e-01 -1.385297194841169921e-01
3.179393371385574318e-01 -1.716776225729642613e-01
2.996426603047180337e-01 -2.032244239710314371e-01
2.781862369383864553e-01 -2.328317248523051886e-01
2.537752266441085647e-01 -2.601792000460260712e-01
2.266477422444323764e-01 -2.849682587409020917e-01
1.970725344518440281e-01 -3.069254921969981065e-01
1.653463091459049794e-01 -3.258058723324537276e-01
1.317907044548447815e-01 -3.413956612907442789e-01
9.674895925231925820e-02 -3.535149951203510055e-01
6.058230874725122755e-02 -3.620201082207719079e-01
2.366614651109521031e-02 -3.668051691866687225e-01
-1.361400449923057601e-02 -3.678037030689870757e-01
-5.086666664933178761e-02 -3.649895798155417537e-01
-8.769868061635174850e-02 -3.583775536959940555e-01
-1.237195276044763537e-01 -3.480233437950683295e-01
-1.585456507253999725e-01 -3.340232511072233623e-01
-1.918047250909244439e-01 -3.165133133169946156e-01
-2.231398263992646902e-01 -2.956680039311508357e-01
-2.522134486585062563e-01 -2.716984879700194977e-01
-2.787113231734357766e-01 -2.448504518542378161e-01
-3.023459930108182703e-01 -2.154015303691996785e-01
-3.228600998301601743e-01 -1.836583585839970389e-01
-3.400293431912593811e-01 -1.499532812790450309e-01
-3.536650761881113825e-01 -1.146407567350195278e-01
-3.636165054657324869e-01 -7.809349559810224717e-02
-3.697724683005044199e-01 -4.069837891121088486e-02
-3.720627755257145952e-01 -2.852195368828952700e-03
-3.704590664224657326e-01 3.504273719619417637e-02
-3.649751938515302108e-01 7.258301591571383882e-02
-3.556671527549220557e-01 1.093686332151083129e-01
-3.426325164725750883e-01 1.450074225264263716e-01
-3.260093989137100579e-01 1.791194216073682954e-01
-3.059749539610083779e-01 2.113411023041500136e-01
-2.827434290723128130e-01 2.413294171249569797e-01
-2.565637954284523126e-01 2.687656151364747337e-01
-2.277169820880161066e-01 2.933587824321359783e-01
-1.965127463851301381e-01 3.148490657127505643e-01
-1.632862171835138265e-01 3.330105413262645087e-01
-1.283941515235937358e-01 3.476536963849916062e-01
-9.221094861942981391e-02 3.586274932611556721e-01
-5.512446803552298324e-02 3.658209937950088753e-01
-1.753170116429414102e-02 3.691645248696659998e-01
2.016565319510046569e-02 3.686303725449635027e-01
5.756565730713282536e-02 3.642329976282741022e-01
9.427059476409700711e-02 3.560287713206123361e-01
1.298913705293432697e-01 3.441152353381504714e-01
1.640517996267537582e-01 3.286298965991758525e-01
1.963927348537163331e-01 3.097485721125213254e-01
2.265759860114561486e-01 2.876833050356692456e-01
2.542879858403609417e-01 2.626798779222472291e-01
2.792431610821364818e-01 2.350149538866095345e-01
3.011869851308616730e-01 2.049928765348776050e-01
3.198986333058377318e-01 1.729421737653186186e-01
3.351932446800209853e-01 1.392118159454170667e-01
3.469237939583093566e-01 1.041672544956725316e-01
3.549825097826747045e-01 6.818629779738304142e-02
3.593018407033949924e-01 3.165487239741762021e-02
3.598549606390917255e-01 -5.037280538311827288e-03
3.566558112035995709e-01 -4.150092316275297982e-02
3.497586838219207683e-01 -7.735160313097615148e-02
3.392573500205360304e-01 -1.122138507110517214e-01
3.252837535906591970e-01 -1.457252429316798492e-01
3.080062834207220046e-01 -1.775402888778104538e-01
2.876276506139295863e-01 -2.073340927921094312e-01
2.643823979898490828e-01 -2.348057546937697415e-01
2.385340741623348804e-01 -2.596814717430754316e-01
2.103721080419555800e-01 -2.817173075109537517e-01
1.802084227879858225e-01 -3.007016006032742772e-01
1.483738308981624177e-01 -3.164569886815593036e-01
1.152142542461162961e-01 -3.288420287534516984e-01
8.108681443637895392e-02 -3.377523996137694606e-01
4.635583983241813033e-02 -3.431216774347414233e-01
1.138883601923735590e-02 -3.449216806659483603e-01
-2.344753370873362691e-02 -3.431623855447376581e-01
-5.779141198132952545e-02 -3.378914185717714069e-01
-9.128961054182732626e-02 -3.291931372112554821e-01
-1.236013463996294831e-01 -3.171873142838899096e-01
-1.544017612372770021e-01 -3.020274406072280260e-01
-1.833852188581233111e-01 -2.838986880781755873e-01
-2.102683803889238701e-01 -2.630155490301087085e-01
-2.347929768509665061e-01 -2.396191814089207173e-01
-2.567282679207268381e-01 -2.139744973295456265e-01
-2.758731639103143007e-01 -1.863670319373647022e-01
-2.920579923304680858e-01 -1.570996314424517037e-01
-3.051458948791264669e-01 -1.264890006306952364e-01
-3.150338452672429845e-01 -9.486215107582361694e-02
-3.216532828911494168e-01 -6.255279167857806522e-02
-3.249703619287017675e-01 -2.989770304888112601e-02
-3.249858199176005602e-01 2.766863364366475408e-03
-3.217344742138210645e-01 3.510872158512715058e-02
-3.152843588742197389e-01 6.680318460542625236e-02
-3.057355184119354696e-01 9.753635878697465567e-02
-2.932184784922609033e-01 1.270082652678564406e-01
-2.778924169310373893e-01 1.549357572036349773e-01
-2.599430612933475437e-01 1.810552047151671728e-01
-2.395803419388996824e-01 2.051249227245585949e-01
-2.170358314993785509e-01 2.269273203876033540e-01
-1.925600034855370624e-01 2.462707545255866382e-01
-1.664193439973590261e-01 2.629910732703745757e-01
-1.388933513447573875e-01 2.769528400129430135e-01
-1.102714587805074253e-01 2.880502316360710746e-01
-8.084989911289305886e-02 2.962076122989543703e-01
-5.092859412358418519e-02 3.013797665475600462e-01
-2.080807417213303284e-02 3.035518227264537572e-01
9.213576842556319216e-03 3.027388711825361178e-01
3.884367085672838643e-02 2.989852751956209587e-01
6.779774553174100493e-02 2.923636965897308815e-01
9.580224773955736683e-02 2.829738537644396201e-01
1.225970461638272307e-01 2.709410323304988211e-01
1.479377511850584748e-01 2.564143706580551130e-01
1.715978230342959376e-01 2.395649444332517697e-01
1.933704521412934196e-01 2.205836757592939401e-01
2.130701986283194960e-01 1.996790934256299221e-01
2.305343809677961320e-01 1.770749717032721327e-01
2.456242068902256825e-01 1.530078754098334326e-01
2.582256426591169052e-01 1.277246390335828874e-01
2.682500197847565993e-01 1.014798074251153370e-01
2.756343810940940497e-01 7.453306497540802822e-02
2.803415707780522736e-01 4.714667932105423565e-02
2.823600755719089528e-01 1.958298447541429246e-02
2.817036265642883230e-01 -7.898073094934329741e-03
2.784105732548778911e-01 -3.504130351682422512e-02
2.725430433733589952e-01 -6.159853751417757733e-02
2.641859036194462718e-01 -8.733076711448503615e-02
2.534455378777435430e-01 -1.120101468295362085e-01
2.404484605968108812e-01 -1.354218411892277318e-01
2.253397687046234665e-01 -1.573657134556671888e-01
2.082814943227201399e-01 -1.776578182275176387e-01
1.894508555804933769e-01 -1.961317213419711825e-01
1.690383880133573546e-01 -2.126396453160235289e-01
1.472460210457093854e-01 -2.270534128631328530e-01
1.242851054798909116e-01 -2.392651970060761801e-01
1.003744108077070235e-01 -2.491880781888227148e-01
7.573811050102247089e-02 -2.567564105360042315e-01
5.060377262798541192e-02 -2.619260010159591978e-01
2.520037220379919493e-02 -2.646741067212727283e-01
-2.436593575297572574e-04 -2.649992567813657662e-01
-2.550233344850820830e-02 -2.629209065603327899e-01
-5.035393907247155687e-02 -2.584789327682777693e-01
-7.458280141033563071e-02 -2.517329789272083618e-01
-9.798095355158904785e-02 -2.427616612872111335e-01
-1.203497120272716270e-01 -2.316616457917933247e-01
-1.415011479986331977e-01 -2.185466070518009285e-01
-1.612594471355264514e-01 -2.035460805160193842e-01
-1.794621523499299043e-01 -1.868042191358677551e-01
-1.959612846212574200e-01 -1.684784658251733402e-01
-2.106243381526341774e-01 -1.487381529284218518e-01
-2.233351470249309578e-01 -1.277630397471750390e-01
-2.339946213643488704e-01 -1.057417989497591304e-01
-2.425213518084526898e-01 -8.287046241885538678e-02
-2.488520817458248491e-01 -5.935083678968920001e-02
-2.529420343146266403e-01 -3.538888954621265126e-02
-2.547651305087810236e-01 -1.119314877019156329e-02
-2.543140839854847179e-01 1.302690736357212803e-02
-2.516003397566162758e-01 3.706247236344605706e-02
-2.466538967188080245e-01 6.070700525728566638e-02
-2.395230054396968178e-01 8.375779979711842071e-02
-2.302737437824977640e-01 1.060175208017554160e-01
-2.189894732593244131e-01 1.272956995996874230e-01
-2.057701793096094467e-01 1.474101806963540595e-01
-1.907316990140618673e-01 1.661885119233891817e-01
-1.740048400865249478e-01 1.834692704375005257e-01
-1.557343953445342877e-01 1.991033170297863419e-01
-1.360780572516066544e-01 2.129549712906374515e-01
-1.152052375560360942e-01 2.249031002603917584e-01
-9.329579752619571176e-02 2.348421132921338084e-01
-7.053869480303348594e-02 2.426828559718384737e-01
-4.713055345655720041e-02 2.483533960942725938e-01
-2.327416444243330176e-02 2.517996948926798928e-01
8.230756969481143898e-04 2.529861569781209907e-01
2.495077936194595170e-02 2.518960527717397091e-01
4.889722642616115694e-02 2.485318076206431415e-01
7.245105682048733065e-02 2.429151522848222999e-01
9.540298650411234427e-02 2.350871300764646732e-01
1.175475354493168284e-01 2.251079566302239821e-01
1.386847555880705019e-01 2.130567290876484443e-01
1.586219352144936645e-01 1.990309722630190514e-01
1.771752948747427059e-01 1.831460562282558324e-01
1.941716512398102557e-01 1.655344524178806453e-01
2.094500045339027783e-01 1.463448155096800929e-01
2.228630659140021786e-01 1.257409267470428749e-01
2.342787018148102529e-01 1.039004902037340278e-01
2.435812806274234021e-01 8.101378727791197498e-02
2.506729072197211861e-01 5.728219622734147948e-02
2.554745311143538644e-01 3.291658511791742403e-02
2.579269146259245971e-01 8.135588133088266991e-03
2.579914479296018803e-01 -1.683622323882198735e-02
2.556507988934138553e-01 -4.177026108181250419e-02
2.509093865573782112e-01 -6.643591944839513652e-02
2.437936683828876294e-01 -9.060263431835828551e-02
2.343522328206527894e-01 -1.140419878545589072e-01
2.226556903470260917e-01 -1.365298385073520637e-01
2.087963578854130642e-01 -1.578484574866192425e-01
1.928877334472420546e-01 -1.777886512607813052e-01
1.750637598780048487e-01 -1.961518490770859935e-01
1.554778787576360510e-01 -2.127521340463629507e-01
1.343018777576430733e-01 -2.274181961155760934e-01
1.117245370741462712e-01 -2.399951852774200312e-01
8.795008290841502263e-02 -2.503464436494694523e-01
6.319645832484599435e-02 -2.583550956042472424e-01
3.769342414950282300e-02 -2.639254759507376202e-01
1.168051377024902256e-02 -2.669843670093142718e-01
-1.459516349857615039e-02 -2.674820622791866387e-01
-4.088124550790014911e-02 -2.653932099068149197e-01
-6.692251935286255837e-02 -2.607174065156960263e-01
-9.246340465981459089e-02 -2.534795626697288196e-01
-1.172504872630573680e-01 -2.437300183234312745e-01
-1.410350776695787067e-01 -2.315444011505518318e-01
-1.635757677120113773e-01 -2.170232233254619225e-01
-1.846409580813533624e-01 -2.002912151524020301e-01
-2.040113290303214311e-01 -1.814963968639193570e-01
-2.214822264604755786e-01 -1.608088929069609596e-01
-2.368659358623693978e-01 -1.384194960663189811e-01
-2.499938171745210436e-01 -1.145379918021447452e-01
-2.607182745660234224e-01 -8.939125616174216360e-02
-2.689145364265412841e-01 -6.322114352599705889e-02
-2.744822224589262838e-01 -3.628218322786711664e-02
-2.773466767016494194e-01 -8.839106695277666390e-03
-2.774600475439369940e-01 1.883577081430566971e-02
-2.748020983145814111e-01 4.646528764144410711e-02
-2.693807348002504876e-01 7.377026415903929768e-02
-2.612322390509801417e-01 1.004723924492902931e-01
-2.504212020259577454e-01 1.262971561783705343e-01
-2.370401509848766297e-01 1.509767486945350068e-01
-2.212088709994025904e-01 1.742529568167794085e-01
-2.030734235035556723e-01 1.958799776080863975e-01
-1.828048760779863169e-01 2.156271257244575246e-01
-1.605977346523426164e-01 2.332814332085630660e-01
-1.366680953393184794e-01 2.486500820516331922e-01
-1.112515564668815210e-01 2.615626245464537925e-01
-8.460088961354075843e-02 2.718729957961535382e-01
-5.698349824777886735e-02 2.794612814815704005e-01
-2.867869003723930166e-02 2.842352179405780999e-01
2.520857086073238629e-05 2.861314044378673316e-01
2.883386467350422533e-02 2.851162106147979158e-01
5.745004543769760552e-02 2.811863654705776261e-01
8.557678462288637045e-02 2.743692177989367487e-01
1.129205737895476597e-01 2.647226617460563536e-01
1.391945421960910367e-01 2.523347250204044379e-01
1.641215891301325558e-01 2.373228212257911807e-01
1.874374326038909244e-01 2.198326717562589794e-01
2.088935389695399936e-01 2.000369066353534786e-01
2.282598990757114255e-01 1.781333575526142243e-01
2.453276180820246621e-01 1.543430600969744604e-01
2.599112879598414194e-01 1.289079857614808255e-01
2.718511140141298688e-01 1.020885276494600674e-01
2.810147694377215788e-01 7.416076690451323117e-02
2.872989549246359187e-01 4.541354967416655342e-02
2.906306436881260225e-01 1.614540686194903749e-02
2.909679958120378607e-01 -1.333864900841351224e-02
2.883009296675669297e-01 -4.273041382894296469e-02
2.826513491876709305e-01 -7.172182194563606061e-02
2.740730057356009497e-01 -1.000083108767153839e-01
2.626509971897054707e-01 -1.272921547647844764e-01
2.485009306109714489e-01 -1.532857128625038645e-01
2.317677372881920828e-01 -1.777145865640311906e-01
2.126241573873152435e-01 -2.003206373936136098e-01
1.912689105900600428e-01 -2.208648309396775700e-01
1.679245728660908876e-01 -2.391298736699724314e-01
1.428351830482236517e-01 -2.549226119194991091e-01
1.162636061262439791e-01 -2.680761650796018025e-01
8.848868310043400687e-02 -2.784517681002183775e-01
5.980219980334884611e-02 -2.859403018098076177e-01
3.050570927489481762e-02 -2.904634932167158290e-01
9.072440335000788803e-04 -2.919747718360664601e-01
-2.868204409731714075e-02 -2.904597721390471676e-01
-5.795127808909397715e-02 -2.859364763958944788e-01
-8.659324482754207630e-02 -2.784549964275123135e-01
-1.143077404264933455e-01 -2.680969970401753666e-01
-1.408048334681256952e-01 -2.549747681397206978e-01
-1.658080089210069441e-01 -2.392299566530484423e-01
-1.890571569585290101e-01 -2.210319733739827264e-01
-2.103113728029183671e-01 -2.005760936478092060e-01
-2.293515360293215954e-01 -1.780812743669959175e-01
-2.459826404503844266e-01 -1.537877130257706559e-01
-2.600358487294122667e-01 -1.279541775332445896e-01
-2.713702559155767857e-01 -1.008551478942166651e-01
-2.798743270988565679e-01 -7.277777031617482795e-02
-2.854669957407600656e-01 -4.401868642641831864e-02
-2.880984330455262366e-01 -1.488079035709650999e-02
-2.877504629036913286e-01 1.433008024800266726e-02
-2.844366238686890092e-01 4.330847022329242790e-02
-2.782018793948892177e-01 7.175261192348286743e-02
-2.691219816784082286e-01 9.936767185453372619e-02
-2.573024984622073741e-01 1.258689023606083535e-01
-2.428775160448912451e-01 1.509846631993551069e-01
-2.260080354209068609e-01 1.744592796172388105e-01
-2.068800819340363695e-01 1.960557057046640461e-01
-1.857025520050624157e-01 2.155579643368429332e-01
-1.627048233611142480e-01 2.327733378560206123e-01
-1.381341577156498801e-01 2.475342867851639816e-01
-1.122529269963049442e-01 2.597000772406185543e-01
-8.533569597001017248e-02 2.691581012869374567e-01
-5.766619545329834673e-02 2.758248782043716263e-01
-2.953422120857439673e-02 2.796467284702314204e-01
-1.232494107923236965e-03 2.806001161405739519e-01
2.694648280595793310e-02 2.786916592093859335e-01
5.471353511200527375e-02 2.739578113701104378e-01
8.178586120396305614e-02 2.664642223617065819e-01
1.078899766316558512e-01 2.563047877029021038e-01
1.327645269183390375e-01 2.436004020607885345e-01
1.561629452700555032e-01 2.284974440768949011e-01
1.778559138014071672e-01 2.111659787982863024e-01
1.976336032977812351e-01 1.917977285679625388e-01
2.153076901011199418e-01 1.706038555835975856e-01
2.307131145193281052e-01 1.478125506172185410e-01
2.437095686180492660e-01 1.236664685519731910e-01
2.541827008827498013e-01 9.842004116578213779e-02
2.620450286693798980e-01 7.233669849093357640e-02
2.672365528375468258e-01 4.568603059017040113e-02
2.697250724371767494e-01 1.874092171471557558e-02
2.695062007549661742e-01 -8.225311445871581750e-03
2.666030873788490241e-01 -3.494174633715280837e-02
2.610658541674835131e-01 -6.114261583070233069e-02
2.529707560801404687e-01 -8.656997543967089037e-02
2.424190806959556355e-01 -1.109762492898201391e-01
2.295358028992620647e-01 -1.341266295835965572e-01
2.144680136022448225e-01 -1.558013064545519244e-01
1.973831434940455931e-01 -1.757975074892882683e-01
1.784670046274340616e-01 -1.939313287592126511e-01
1.579216741653925171e-01 -2.100393419183126387e-01
1.359632457999608579e-01 -2.239799647485006262e-01
1.128194752185313759e-01 -2.356345854329359168e-01
8.872734652695822566e-02 -2.449084337723446136e-01
6.393058674720351886e-02 -2.517311954925315898e-01
3.867715539682609061e-02 -2.560573686869364596e-01
1.321673067664628359e-02 -2.578663752536073939e-01
-1.220177153829091719e-02 -2.571623962004009334e-01
-3.733261808515545011e-02 -2.539739656769217091e-01
-6.193561339557637768e-02 -2.483533532283647427e-01
-8.577835363826817605e-02 -2.403757113930071465e-01
-1.086383621256260396e-01 -2.301380143828232194e-01
-1.303050873302088741e-01 -2.177578035030934278e-01
-1.505817468518665103e-01 -2.033717565323678311e-01
-1.692870027877760863e-01 -1.871340996012843261e-01
-1.862564561554382880e-01 -1.692148811711402245e-01
-2.013439502723879115e-01 -1.497981285180335909e-01
-2.144226752761428656e-01 -1.290799076766934173e-01
-2.253860682447974273e-01 -1.072663080940859520e-01
-2.341485056250225405e-01 -8.457137329404090798e-02
-2.406457868640677344e-01 -6.121499867097858483e-02
-2.448354102516578923e-01 -3.742081712658377329e-02
-2.466966439846905446e-01 -1.341409265358046478e-02
-2.462303973530856060e-01 1.058035882671002140e-02
-2.434588986924212384e-01 3.434020303219561393e-02
-2.384251883443047615e-01 5.764755806591908421e-02
-2.311924362978453051e-01 8.029088635230123561e-02
-2.218430954471303229e-01 1.020667931193545847e-01
-2.104779024851486102e-01 1.227817182073063229e-01
-1.972147393618934041e-01 1.422535094681127710e-01
-1.821873689638677241e-01 1.603128675419769333e-01
-1.655440558252373739e-01 1.768046646154157742e-01
-1.474460916267343602e-01 1.915890941958474647e-01
-1.280662467995626330e-01 2.045426725952109170e-01
-1.075871477504556362e-01 2.155591096637962945e-01
-8.619960243755468710e-02 2.245500108399136607e-01
-6.410088809274656907e-02 2.314454209445984123e-01
-4.149301539217695178e-02 2.361942096350257148e-01
-1.858098296188783957e-02 2.387642996299386700e-01
4.428964396041732907e-03 2.391427399300990742e-01
2.733106094532621044e-02 2.373356272724912730e-01
4.992171654558009986e-02 2.333678799767601453e-01
7.200117296700662972e-02 2.272828691661453182e-01
9.337510919311668711e-02 2.191419130748278876e-01
1.138561856411633155e-01 2.090236407926116535e-01
1.332655179644579579e-01 1.970232323511525441e-01
1.514340718339656500e-01 1.832515425297114309e-01
1.682039708205611273e-01 1.678341161597854403e-01
1.834297102076584973e-01 1.509101030448309066e-01
1.969792702518200211e-01 1.326310808919784756e-01
2.087351230732827079e-01 1.131597948856641056e-01
2.185951279976124928e-01 9.266882272690640798e-02
2.264733107839601856e-01 7.133917412467592756e-02
2.323005227661791017e-01 4.935883386498626790e-02
2.360249765032136071e-01 2.692125770574838040e-02
2.376126550887026623e-01 4.223830456849811919e-03
2.370475913752872477e-01 -1.853371510996386015e-02
2.343320147573666190e-01 -4.115087541285089578e-02
2.294863740863244406e-01 -6.342796276167712854e-02
2.225492252049237063e-01 -8.516771390376967621e-02
2.135769849735812687e-01 -1.061768771872649009e-01
2.026435532202357503e-01 -1.262677792909104590e-01
1.898398036499278352e-01 -1.452598614670363997e-01
1.752729453843200058e-01 -1.629811751702301414e-01
1.590657574707100563e-01 -1.792698268900671521e-01
1.413556994076803075e-01 -1.939753619796719397e-01
1.222939014820752235e-01 -2.069600772813809386e-01
1.020440394997406824e-01 -2.181002524055179748e-01
8.078109931898609652e-02 -2.272872896278756993e-01
5.869003745795267624e-02 -2.344287525456988375e-01
3.596434494012253069e-02 -2.394492938804666238e-01
1.280452245948593415e-02 -2.422914631479311243e-01
-1.058352411994392846e-02 -2.429163853403620288e-01
-3.399015797654934140e-02 -2.413043022905777546e-01
-5.720374436840058169e-02 -2.374549690187002238e-01
-8.001243069367358629e-02 -2.313878981058382633e-01
-1.022059608906032979e-01 -2.231424459975898389e-01
-1.235775106595519840e-01 -2.127777361160087255e-01
-1.439255292198781677e-01 -2.003724147511138642e-01
-1.630555726247291393e-01 -1.860242369095555237e-01
-1.807821130642137120e-01 -1.698494806138141078e-01
-1.969303084513335245e-01 -1.519821801054043187e-01
-2.113377105282742141e-01 -1.325732079872007640e-01
-2.238559066319615320e-01 -1.117891908697741105e-01
-2.343520724071903594e-01 -8.981124282695969463e-02
-2.427104158223263031e-01 -6.683355183574667124e-02
-2.488334986942410676e-01 -4.306181812647095347e-02
-2.526434199872006903e-01 -1.871155431073249359e-02
-2.540828458428691650e-01 5.993741105443266444e-03
-2.531158721914443244e-01 3.082452350908539487e-02
-2.497287068881001437e-01 5.554724030516863809e-02
-2.439301596123533145e-01 7.992645084856980775e-02
-2.357519292555979029e-01 1.037270101923955246e-01
-2.252486801956286033e-01 1.267162973330258069e-01
-2.124979007051027158e-01 1.486664674586584967e-01
-1.975995387490290800e-01 1.693567067130336279e-01
-1.806754125769675090e-01 1.885754671910359892e-01
-1.618683957882103841e-01 2.061226593078869240e-01
-1.413413789195949455e-01 2.218117783463670056e-01
-1.192760120501044074e-01 2.354719419021208404e-01
-9.587123540622287388e-02 2.469498151278816944e-01
-7.134160745740390774e-02 2.561114011325514861e-01
-4.591544248083614249e-02 2.628436746261650359e-01
-1.983277201670137491e-02 2.670560379189159672e-01
6.656853003552506282e-03 2.686815796798428524e-01
3.329670042580183675e-02 2.676781184327841068e-01
5.982531563002099761e-02 2.640290072263143939e-01
8.597907011678379563e-02 2.577437072055095979e-01
1.114947866561744605e-01 2.488581051858626270e-01
1.361124124345764463e-01 2.374345493356562753e-01
1.595777068037038671e-01 2.235616186581354248e-01
1.816449182833241305e-01 2.073536157154886317e-01
2.020794218197596581e-01 1.889497819658380040e-01
2.206602870151778417e-01 1.685132381870231844e-01
2.371827480955387701e-01 1.462296556207574871e-01
2.514605467871020017e-01 1.223056666494897748e-01
2.633281200274243949e-01 9.696702697651615743e-02
2.726426055470719811e-01 7.045654437716805663e-02
2.792856398183653499e-01 4.303179208457885013e-02
2.831649246681464116e-01 1.496262772722798187e-02
2.842155409788022502e-01 -1.347145859237454391e-02
2.824009903369509300e-01 -4.198414103599801273e-02
2.777139482091342537e-01 -7.028517134643084974e-02
2.701767152010281503e-01 -9.808337859685777038e-02
2.598413561595865340e-01 -1.250897236399127477e-01
2.467895202709536329e-01 -1.510203752833997604e-01
2.311319388524366303e-01 -1.755997743498680652e-01
2.130076011930463198e-01 -1.985636512963901978e-01
1.925826125204753159e-01 -2.196619629930500472e-01
1.700487419175356341e-01 -2.386617145928324468e-01
1.456216717314798292e-01 -2.553496331756384130e-01
1.195389621882830822e-01 -2.695346559560254929e-01
9.205775677775153432e-02 -2.810502172344692684e-01
6.345224151263534340e-02 -2.897562970001079652e-01
3.401088391331913430e-02 -2.955411931745627330e-01
4.033485453753021983e-03 -2.983230090473815155e-01
-2.617192436085889057e-02 -2.980508307165865012e-01
-5.629231925476529952e-02 -2.947055773042980831e-01
-8.601299783905930196e-02 -2.883005102921354368e-01
-1.150209592060235653e-01 -2.788813921115184113e-01
-1.430082949011644566e-01 -2.665262880858497718e-01
-1.696755590521774881e-01 -2.513450099077856881e-01
-1.947350782248314371e-01 -2.334782029960922878e-01
-2.179141628272675268e-01 -2.130960842619726570e-01
-2.389581825991597963e-01 -1.903968409723550137e-01
-2.576334698973028470e-01 -1.656047054752574077e-01
-2.737300161152635414e-01 -1.389677244982395476e-01
-2.870639286366179488e-01 -1.107552454944802228e-01
-2.974796181980799981e-01 -8.125514604327363499e-02
-3.048516894040342873e-01 -5.077083556633266159e-02
-3.090865103558727012e-01 -1.961806155491344766e-02
-3.101234409015012350e-01 1.187844492417780042e-02
-3.079357028313391975e-01 4.338844749852080462e-02
-3.025308794020918901e-01 7.457976784018389982e-02
-2.939510358101162235e-01 1.051218941015270025e-01
-2.822724566111615707e-01 1.346895936152505968e-01
-2.676050000047219823e-01 1.629664856019925612e-01
-2.500910770223892521e-01 1.896485420951301570e-01
-2.299042601156966181e-01 2.144474710646703253e-01
-2.072475361853491072e-01 2.370939355958396610e-01
-1.823512243137519473e-01 2.573405808644415593e-01
-1.554705790007327448e-01 2.749648304541449928e-01
-1.268831047248727140e-01 2.897714190023787384e-01
-9.688561115515209599e-02 3.015946310886014614e-01
-6.579104150349519842e-02 3.103002195812379349e-01
-3.392510929763093569e-02 3.157869802982673502e-01
-1.622781229497325013e-03 3.179879637676600312e-01
3.077535433365438319e-02 3.168713090500763774e-01
6.292679212558792423e-02 3.124406889566304635e-01
9.449084602088035634e-02 3.047353605056872805e-01
1.251323738420180576e-01 2.938298190592520398e-01
1.545254484742020762e-01 2.798330592049846355e-01
1.823569333741295040e-01 2.628874500472891396e-01
2.083299216081701266e-01 2.431672370834926378e-01
2.321669990954028651e-01 2.208766872131806558e-01
2.536132947433256679e-01 1.962478976063374292e-01
2.724392826240979448e-01 1.695382930875451999e-01
2.884433042166770211e-01 1.410278403307399508e-01
3.014537819996276347e-01 1.110160104572742168e-01
3.113310992803925425e-01 7.981852454897220284e-02
3.179691250448041795e-01 4.776391909202114261e-02
3.212963677966080844e-01 1.518997239783487566e-02
3.212767434896812158e-01 -1.755997383888736191e-02
3.179099488120767925e-01 -5.014075088852192746e-02
3.112314400191739661e-01 -8.220911140240821924e-02
3.013120154924746608e-01 -1.134274537176908071e-01
2.882570081121872962e-01 -1.434674778309663057e-01
2.722050974773753129e-01 -1.720137318989044539e-01
2.533267563745373874e-01 -1.987670095193221353e-01
2.318223500743991083e-01 -2.234475599081467978e-01
2.079199109772286169e-01 -2.457980753913812932e-01
1.818726147822543049e-01 -2.655864233462186252e-01
1.539559876836922303e-01 -2.826080928165277117e-01
1.244648770558041129e-01 -2.966883294551656558e-01
9.371022064849746092e-02 -3.076839361651482196e-01
6.201565144469465413e-02 -3.154847207764017725e-01
2.971397700809167569e-02 -3.200145762547140782e-01
-2.856426642105679842e-03 -3.212321832426018875e-01
-3.535526586543930039e-02 -3.191313291247224737e-01
-6.744398393746171838e-02 -3.137408422390941531e-01
-9.878937852636583694e-02 -3.051241442657592895e-01
-1.290671420648011325e-01 -2.933784281632895730e-01
-1.579652861561433863e-01 -2.786334732388168756e-01
-1.851874127831406591e-01 -2.610501129792436870e-01
-2.104557971365534075e-01 -2.408183750927825884e-01
-2.335142493229887539e-01 -2.181553167671438642e-01
-2.541307276595481945e-01 -1.933025832652899567e-01
-2.720996696234558310e-01 -1.665237121532398001e-01
-2.872440198651146637e-01 -1.381012216378749158e-01
-2.994169426799321854e-01 -1.083335190297257944e-01
-3.085031952826135515e-01 -7.753165860079917759e-02
-3.144201520369792613e-01 -4.601598812053900311e-02
-3.171184716898771683e-01 -1.411272178980246296e-02
-3.165824037498693455e-01 1.784952230584338495e-02
-3.128297342344280585e-01 4.954318214639143875e-02
-3.059113750346651450e-01 8.064517153681523276e-02
-2.959106050669702559e-01 1.108402229899921043e-01
-2.829419751512236014e-01 1.398241183648041286e-01
-2.671498921329903409e-01 1.673067735946878465e-01
-2.487069011129401930e-01 1.930151459050671314e-01
-2.278116877248873018e-01 2.166959343101645674e-01
-2.046868251825189611e-01 2.381180468664765015e-01
-1.795762932666181699e-01 2.570748111045657591e-01
-1.527427985264457888e-01 2.733859072231450416e-01
-1.244649267028350992e-01 2.868990069681680022e-01
-9.503415973329361333e-02 2.974911045920052288e-01
-6.475179066278417828e-02 3.050695298501936992e-01
-3.392577035463952700e-02 3.095726366019984077e-01
-2.867520075951559416e-03 3.109701641928404037e-01
2.811125617278255329e-02 3.092632723691742802e-01
5.870172629193562419e-02 3.044842539688417116e-01
8.860102303923797495e-02 2.966959355546841537e-01
1.175152341756888347e-01 2.859907673924867999e-01
1.451622645142884305e-01 2.724896259534126397e-01
1.712745521397348869e-01 2.563403485193984088e-01
1.956016025549657533e-01 2.377160104839173838e-01
2.179123207040817300e-01 2.168129701948362242e-01
2.379971203351315678e-01 1.938487048756607489e-01
2.556697928909740791e-01 1.690594628651043430e-01
2.707691209663409260e-01 1.426977588046117462e-01
2.831602243082996795e-01 1.150297394725642991e-01
2.927356293296075607e-01 8.633244870978733221e-02
2.994160561145911559e-01 5.689102030512523112e-02
3.031509198907880176e-01 2.699582781751123928e-02
3.039185468836656523e-01 -3.060379888913290856e-03
3.017261073351006906e-01 -3.298532911515557331e-02
2.966092712199147607e-01 -6.249003029659293967e-02
2.886315948120362074e-01 -9.129151900088620930e-02
2.778836487088220952e-01 -1.191155037617993018e-01
2.644819001977393169e-01 -1.456988970517770210e-01
2.485673649259867446e-01 -1.707922073856726897e-01
2.303040446959416510e-01 -1.941617724058487815e-01
2.098771698458993251e-01 -2.155918147985100841e-01
1.874912660780903573e-01 -2.348863050056163027e-01
1.633680667591691504e-01 -2.518706168990155203e-01
1.377442926401595824e-01 -2.663929648467698863e-01
1.108693177176127559e-01 -2.783256164211948547e-01
8.300275453125692537e-02 -2.875658613239454042e-01
5.441197864188595384e-02 -2.940367433162684452e-01
2.536960466195527231e-02 -2.976875575629434612e-01
-3.849051968695732170e-03 -2.984941015428047573e-01
-3.296850785655657673e-02 -2.964586857395129504e-01
-6.171561714659026809e-02 -2.916099080496259432e-01
-8.982202837594893685e-02 -2.840021977679948462e-01
-1.170265723604261149e-01 -2.737151368135801732e-01
-1.430775618500075841e-01 -2.608525675317457382e-01
-1.677349848751806816e-01 -2.455414979438892142e-01
-1.907725749939616910e-01 -2.279308167060686285e-01
-2.119797430239974967e-01 -2.081898312812152096e-01
-2.311633562881125481e-01 -1.865066439226985839e-01
-2.481493528994885844e-01 -1.630863810102922973e-01
-2.627841801493187024e-01 -1.381492920744564479e-01
-2.749360476212813764e-01 -1.119287354942014034e-01
-2.844959872306700999e-01 -8.466906836171900208e-02
-2.913787139597990294e-01 -5.662345837856955222e-02
-2.955232826250147049e-01 -2.805163588940242855e-02
-2.968935375551426392e-01 7.823957235880443740e-04
-2.954783535786137394e-01 2.961267306218906201e-02
-2.912916682002676394e-01 5.817359103646402296e-02
-2.843723062934319645e-01 8.620220859185652451e-02
-2.747836000339785589e-01 1.134405242488017995e-01
-2.626128048731039555e-01 1.396377084316418882e-01
-2.479703249992402103e-01 1.645522617275637367e-01
-2.309887533017231098e-01 1.879540949937246186e-01
-2.118217236878067178e-01 2.096265223882457784e-01
-1.906425938334069814e-01 2.293681390708349754e-01
-1.676429661590942422e-01 2.469945743413397565e-01
-1.430310581435801642e-01 2.623401070153676962e-01
-1.170299340674785249e-01 2.752591307319489089e-01
-8.987561120304464468e-02 2.856274578435850642e-01
-6.181505432927404675e-02 2.933434515526972541e-01
-3.310407325407998397e-02 2.983289770295288190e-01
-4.005138763564924063e-03 3.005301633742886724e-01
2.521486691070678673e-02 2.999179694700400134e-01
5.428694841605306159e-02 2.964885480117687711e-01
8.294232718092059420e-02 2.902634032901136307e-01
1.109147852395244993e-01 2.812893396538897473e-01
1.379430049691084126e-01 2.696381989716455929e-01
1.637728864698652642e-01 2.554063868561228801e-01
1.881598241584040432e-01 2.387141889028078501e-01
2.108709240947806429e-01 2.197048797198856984e-01
2.316871436279335228e-01 1.985436290857801045e-01
2.504053351321943177e-01 1.754162111547701020e-01
2.668401759254909744e-01 1.505275242323237672e-01
2.808259669145809490e-01 1.240999302498282941e-01
2.922182831100922917e-01 9.637142467204068419e-02
3.008954576330505892e-01 6.759364509914191077e-02
3.067598890339718887e-01 3.802974582076768667e-02
3.097391580019089319e-01 7.952142967494248496e-03
3.097869327702322817e-01 -2.235985990767597187e-02
3.068836576487383727e-01 -5.262253473459341940e-02
3.010370132838531276e-01 -8.255026531378724386e-02
2.922821402263796609e-01 -1.118581365454056481e-01
2.806816191894143109e-01 -1.402645548291734101e-01
2.663252033140468544e-01 -1.674938770862241244e-01
2.493292998158511686e-01 -1.932790251416571514e-01
2.298362005472384950e-01 -2.173640616783266144e-01
2.080130632634441812e-01 -2.395067036433454200e-01
1.840506477049679845e-01 -2.594807488733287815e-01
1.581618129862897570e-01 -2.770783918150660496e-01
1.305797851872957660e-01 -2.921124045657065849e-01
1.015562064559164812e-01 -3.044181600489924699e-01
7.135897932237970920e-02 -3.138554749873521676e-01
4.026992227028958204e-02 -3.203102514268050260e-01
8.582254879628123043e-03 -3.236958969225898763e-01
-2.340206697668389957e-02 -3.239545050951315175e-01
-5.537514336650151137e-02 -3.210577801119269825e-01
-8.702602557221833512e-02 -3.150076907313402730e-01
-1.180436883286541117e-01 -3.058368418459311289e-01
-1.481200514786978062e-01 -2.936085539691393187e-01
-1.769530222705910372e-01 -2.784166437999360255e-01
-2.042495271084423525e-01 -2.603848987285622418e-01
-2.297285053006876410e-01 -2.396662544534071682e-01
-2.531238348191187093e-01 -2.164416697704075188e-01
-2.741871538482866799e-01 -1.909186982337634786e-01
-2.926905512959012134e-01 -1.633297749757122164e-01
-3.084290955852591054e-01 -1.339302269575046722e-01
-3.212231727340740806e-01 -1.029960214918499428e-01
-3.309206060339118238e-01 -7.082127098780985341e-02
-3.373985312965601668e-01 -3.771551487073093040e-02
-3.405650036198040187e-01 -4.000802483606062665e-03
-3.403603139324937743e-01 2.999139655583361874e-02
-3.367579961903247043e-01 6.392342562311727205e-02
-3.297655089877789547e-01 9.745478687462388878e-02
-3.194245785024155682e-01 1.302455665549026864e-01
-3.058111930652836485e-01 1.619599052522854299e-01
-2.890352432220583134e-01 1.922694773102432420e-01
-2.692398048765671237e-01 2.208569427554240294e-01
-2.466000669515810706e-01 2.474193346515098646e-01
-2.213219089184490507e-01 2.716713447466733711e-01
-1.936401374926075836e-01 2.933484706625219540e-01
-1.638163957198681686e-01 3.122099886800395185e-01
-1.321367615413596985e-01 3.280417174139425573e-01
-9.890905667538292534e-02 3.406585393265820216e-01
-6.445989024471066031e-02 3.499066491060389139e-01
-2.913146496142564323e-02 3.556655004050088831e-01
6.721821860637413118e-03 3.578494235993361361e-01
4.273695191819570915e-02 3.564088979065190843e-01
7.854599731855925471e-02 3.513314538841875723e-01
1.137799272003666290e-01 3.426421886376874726e-01
1.480724731475996092e-01 3.304038881091327373e-01
1.810640110553710658e-01 3.147167476731295155e-01
2.124054171895002063e-01 2.957176886302033125e-01
2.417618558267029261e-01 2.735792726996059132e-01
2.688164559965749434e-01 2.485082211748866898e-01
2.932738354775055734e-01 2.207435499642627086e-01
3.148634313272056784e-01 1.905543362384072292e-01
3.333425978495035968e-01 1.582371367954805153e-01
3.484994350009490427e-01 1.241130824722018605e-01
3.601553128058969655e-01 8.852467692687802925e-02
3.681670603533349073e-01 5.183233184377681463e-02
3.724287913631256219e-01 1.441067400892945619e-02
3.728733420983206814e-01 -2.335533726052380771e-02
3.694733015233042095e-01 -6.107444122992818081e-02
3.622416180194891200e-01 -9.835321212677634872e-02
3.512317716216684094e-01 -1.348002558166238873e-01
3.365375055757359735e-01 -1.700304206197197632e-01
3.182921159861331062e-01 -2.036689754550941034e-01
2.966673033605252696e-01 -2.353557083836282926e-01
2.718715949096749962e-01 -2.647488990567880562e-01
2.441483514612085293e-01 -2.915291195643223143e-01
2.137733798194539347e-01 -3.154028193887268849e-01
1.810521679063230582e-01 -3.361056545315903032e-01
1.463167742194494136e-01 -3.534055182888217184e-01
1.099224086153887392e-01 -3.671052382869678388e-01
7.224373411160517344e-02 -3.770449084856082878e-01
3.367093114799268871e-02 -3.831038265576267587e-01
-5.394433171399534016e-03 -3.852020121562406141e-01
-4.454368577907729526e-02 -3.833012862120268593e-01
-8.336543116489272820e-02 -3.774058963076603046e-01
-1.214499890900935242e-01 -3.675626782953486105e-01
-1.583938369261674861e-01 -3.538607495916381573e-01
-1.938040066867361411e-01 -3.364307349436248540e-01
-2.273023870441949201e-01 -3.154435308452763764e-01
-2.585298814340965534e-01 -2.911086201275264185e-01
-2.871503747432682663e-01 -2.636719534859801040e-01
-3.128544630388616632e-01 -2.334134197814222711e-01
-3.353629033043966645e-01 -2.006439317884619045e-01
-3.544297431777875262e-01 -1.657021586167461702e-01
-3.698450942012194709e-01 -1.289509402307287000e-01
-3.814375160532084141e-01 -9.077342329553905742e-02
-3.890759835931751343e-01 -5.156896093033977446e-02
-3.926714132571403337e-01 -1.174882181436930247e-02
-3.921777303440048268e-01 2.826824357176907498e-02
-3.875924639657103432e-01 6.806053000607464876e-02
-3.789568618387674781e-01 1.072079471215204860e-01
-3.663555260966180893e-01 1.452965806009293981e-01
-3.499155626211395975e-01 1.819231939150166844e-01
-3.298052598620754283e-01 2.166996165545118369e-01
-3.062323186627661231e-01 2.492569726069895075e-01
-2.794416417620994020e-01 2.792497013831413688e-01
-2.497127109546199986e-01 3.063593243120409371e-01
-2.173565811531495973e-01 3.302979155737613137e-01
-1.827125250114217669e-01 3.508112373281800922e-01
-1.461443657814787134e-01 3.676815042498879915e-01
-1.080365396535597072e-01 3.807297463441907670e-01
-6.878993191217341874e-02 3.898177436465601886e-01
-2.881753380422635846e-02 3.948495113414375313e-01
1.146003097672007587e-02 3.957723190161670512e-01
5.161905985504771505e-02 3.925772331292477491e-01
9.123735381396562427e-02 3.852991772541035642e-01
1.298987773046751670e-01 3.740165101939460501e-01
1.671977445837894427e-01 3.588501275833444470e-01
2.027435824041854129e-01 3.399620980314551066e-01
2.361647205333669841e-01 3.175538501554048265e-01
2.671126636853416447e-01 2.918639319369932816e-01
2.952657010994150233e-01 2.631653686514212054e-01
3.203323131481533581e-01 2.317626501065258859e-01
3.420542379670163391e-01 1.979883820426240337e-01
3.602091651243047865e-01 1.621996402290745154e-01
3.746130277416614418e-01 1.247740690121386803e-01
3.851218742031198294e-01 8.610576849832662916e-02
3.916332851927750713e-01 4.660101558694924873e-02
3.940873323729658928e-01 6.673872416613506678e-03
3.924670808714372794e-01 -3.325827257844479051e-02
3.867986170050780048e-01 -7.277918146770445684e-02
3.771506083740829851e-01 -1.114782109477596983e-01
3.636334037802668728e-01 -1.489546747786922587e-01
3.463976855774695274e-01 -1.848220767690524624e-01
3.256326920307386352e-01 -2.187121683356074708e-01
3.015640319867364250e-01 -2.502787869723212544e-01
2.744511185865973757e-01 -2.792014347570379584e-01
2.445842528343935562e-01 -3.051885592663479696e-01
2.122813915243594585e-01 -3.279805029162963237e-01
1.778846372882585125e-01 -3.473520907516254308e-01
1.417564913166163842e-01 -3.631148310179451721e-01
1.042759116059752550e-01 -3.751187074152594336e-01
6.583422136714925377e-02 -3.832535466908868482e-01
2.683091348155043632e-02 -3.874499501264674350e-01
-1.233060239444954895e-02 -3.876797824480672783e-01
-5.124726330525683493e-02 -3.839562166807633514e-01
-8.952058064430311324e-02 -3.763333384205042043e-01
-1.267607864563825848e-01 -3.649053178487769999e-01
-1.625908542722347139e-01 -3.498051625139998455e-01
-1.966503522341108978e-01 -3.312030683945892395e-01
-2.285990886067169880e-01 -3.093043909926495583e-01
-2.581205186265710938e-01 -2.843472627744932368e-01
-2.849248604848069188e-01 -2.565998815155056123e-01
-3.087519011300239868e-01 -2.263575103494157581e-01
-3.293734787011062259e-01 -1.939392218708216320e-01
-3.465956003805417129e-01 -1.596844206046908188e-01
-3.602601829539024414e-01 -1.239491853307887193e-01
-3.702464019043423260e-01 -8.710247220632105769e-02
-3.764716393153041962e-01 -4.952222057625147583e-02
-3.788920253354317591e-01 -1.159140382443979087e-02
-3.775025724246207637e-01 2.630593239646837958e-02
-3.723369059980983220e-01 6.378860270334511806e-02
-3.634665993671632456e-01 1.004821443758796007e-01
-3.510001249939776469e-01 1.360225700666993498e-01
-3.350814379897370521e-01 1.700599730757409445e-01
-3.158882114503375194e-01 2.022619496035288622e-01
-2.936297466048179983e-01 2.323168049140819091e-01
-2.685445838171810484e-01 2.599365131668660567e-01
-2.408978432039681761e-01 2.848594037795014744e-01
-2.109783259852879844e-01 3.068525505175154766e-01
-1.790954096578804833e-01 3.257138430313075705e-01
-1.455757716522506351e-01 3.412737242295428297e-01
-1.107599773040366387e-01 3.533965806477510352e-01
-7.499896872961180072e-02 3.619817767964118582e-01
-3.865049154944227155e-02 3.669643283102101416e-01
-2.075496356585664233e-03 3.683152125266050958e-01
3.436545496844452263e-02 3.660413207246794309e-01
7.031572399592807276e-02 3.601850494399559399e-01
1.054260474092366950e-01 3.508235513964714225e-01
1.393578875319256005e-01 3.380676583069908148e-01
1.717866315316647630e-01 3.220604842686262681e-01
2.024046159726439476e-01 3.029757316560326430e-01
2.309239499102624937e-01 2.810157207624742748e-01
2.570791122563700903e-01 2.564091667362626281e-01
2.806293018578756571e-01 2.294087293596501209e-01
3.013605215916847491e-01 2.002883629076064043e-01
3.190873807498116332e-01 1.693404946973412206e-01
3.336546030354102799e-01 1.368730619921940672e-01
3.449382305791732217e-01 1.032064376555579255e-01
3.528465174827881690e-01 6.867027536543610089e-02
3.573205094699452022e-01 3.360030530500530965e-02
3.583343092454587264e-01 -1.664888950717368548e-03
3.558950301010224138e-01 -3.678708211437864417e-02
3.500424431357481714e-01 -7.143157794817250883e-02
3.408483261571999545e-01 -1.052703106320705406e-01
3.284155248728950482e-01 -1.379848495043115852e-01
3.128767393546938447e-01 -1.692692813950148756e-01
2.943930509434037890e-01 -1.988329464193670237e-01
2.731522067453047153e-01 -2.264030049098589292e-01
2.493666806460171359e-01 -2.517268151237981866e-01
2.232715313227459919e-01 -2.745741034389075907e-01
1.951220732400927305e-01 -2.947389137580190832e-01
1.651913999534020405e-01 -3.120413109764892945e-01
1.337677753019012872e-01 -3.263288393652677977e-01
1.011519024829714147e-01 -3.374777285016183348e-01
6.765411306824412052e-02 -3.453938299091100506e-01
3.359149602528988671e-02 -3.500132838632232790e-01
-7.150080976439281491e-04 -3.513029140495008695e-01
-3.494352283771238327e-02 -3.492603500054769494e-01
-6.877413670556919989e-02 -3.439138794610004934e-01
-1.018917651992056056e-01 -3.353220348007335261e-01
-1.339889505435353512e-01 -3.235729198957753017e-01
-1.647685766039097832e-01 -3.087832854783745251e-01
-1.939464774097595101e-01 -2.910973630558340020e-01
-2.212539188402937729e-01 -2.706854690697224619e-01
-2.464399342556400363e-01 -2.477423925984138242e-01
-2.692734961922521597e-01 -2.224855813700188367e-01
-2.895455076694571361e-01 -1.951531421952557577e-01
-3.070705981637040782e-01 -1.660016731429565795e-01
-3.216887108879754043e-01 -1.353039458627469938e-01
-3.332664696560001527e-01 -1.033464574086307985e-01
-3.416983153049754640e-01 -7.042687173294451264e-02
-3.469074033875884644e-01 -3.685137170198032192e-02
-3.488462566158281319e-01 -2.931943032317658755e-03
-3.474971673373979941e-01 3.101638803945222511e-02
-3.428723471428479774e-01 6.467834126132369910e-02
-3.350138176416369018e-01 9.774117393222742090e-02
-3.239930565849967747e-01 1.298974435319266152e-01
-3.099103959130927177e-01 1.608477312518463709e-01
-2.928941634371605152e-01 1.903033076724604256e-01
-2.730995886159472419e-01 2.179887085188527696e-01
-2.507074763275868867e-01 2.436442036733054151e-01
-2.259226583730211679e-01 2.670281391444695451e-01
-1.989722341509548575e-01 2.879191324864839863e-01
-1.701036135978282460e-01 3.061181030892763388e-01
-1.395823770799534957e-01 3.214501198225027667e-01
-1.076899684488656084e-01 3.337660497088656975e-01
-7.472123891459699074e-02 3.429439926260333671e-01
-4.098186074402300483e-02 3.488904884873573753e-01
-6.785631041229817605e-03 3.515414849264574815e-01
2.754831299775373221e-02 3.508630552048170870e-01
6.169834495457770379e-02 3.468518578689553378e-01
9.534324291092310943e-02 3.395353315973232422e-01
1.281651020323401613e-01 3.289716206882092875e-01
1.598522414653433255e-01 3.152492287385566527e-01
1.901020806166774380e-01 2.984864002380245296e-01
2.186239596858298440e-01 2.788302320396724432e-01
2.451418793190958123e-01 2.564555189534840629e-01
2.693971344547806956e-01 2.315633400252040952e-01
2.911508178421186033e-01 2.043793943927755263e-01
3.101861693473529358e-01 1.751520979367863218e-01
3.263107439240565677e-01 1.441504515556081001e-01
3.393583874697617131e-01 1.116617068847471084e-01
3.491909950205256408e-01 7.798883721624109977e-02
3.557000214189037224e-01 4.344783091974296907e-02
3.588077389970831255e-01 8.364838434758260083e-03
3.584682234388297251e-01 -2.692680686989859171e-02
3.546680545463656853e-01 -6.208966847668539318e-02
3.474267209827811564e-01 -9.678536017239791622e-02
3.367967205778255591e-01 -1.306777449416746950e-01
3.228633504566586487e-01 -1.634361500358982588e-01
3.057441840564077418e-01 -1.947385681705602056e-01
2.855882350106880851e-01 -2.242748142911647202e-01
2.625748108816923221e-01 -2.517496071192179552e-01
2.369120627749675134e-01 -2.768855447588227103e-01
2.088352399535528259e-01 -2.994259440211074486e-01
1.786046616440953860e-01 -3.191375138152607316e-01
1.465034212649359846e-01 -3.358128339651007543e-01
1.128348412710392240e-01 -3.492726121390774541e-01
7.791969966859163543e-02 -3.593676932258710877e-01
4.209325196853166973e-02 -3.659807974399469366e-01
5.702074888957934726e-03 -3.690279656902882843e-01
-3.089923955219474674e-02 -3.684596932758489318e-01
-6.735150882284439422e-02 -3.642617357639237330e-01
-1.032944709914513093e-01 -3.564555739397270440e-01
-1.383703481036820671e-01 -3.450985279604447675e-01
-1.722274226972464184e-01 -3.302835124499966524e-01
-2.045236022223135830e-01 -3.121384370150197540e-01
-2.349299293961769897e-01 -2.908252448059608919e-01
-2.631339921263415316e-01 -2.665385926297417218e-01
-2.888432080794442469e-01 -2.395041874317457298e-01
-3.117879448611538540e-01 -2.099767886930046235e-01
-3.317244412565438783e-01 -1.782378926768721228e-01
-3.484374964910298966e-01 -1.445931181054712633e-01
-3.617428963763020811e-01 -1.093693163527114098e-01
-3.714895474913174067e-01 -7.291143256406788786e-02
-3.775612931978515330e-01 -3.557914721110769229e-02
-3.798783882811149759e-01 2.256669579960872505e-03
-3.783986123114702060e-01 4.021765606028068762e-02
-3.731180054118903300e-01 7.792177220030108153e-02
-3.640712139518051949e-01 1.149871894795774785e-01
-3.513314377318821347e-01 1.510362168531233507e-01
-3.350099744331716534e-01 1.856992216407384599e-01
-3.152553614320325881e-01 2.186185035501955198e-01
-2.922521194810288048e-01 2.494520799711593961e-01
-2.662191071754089200e-01 2.778773410737207517e-01
-2.374074995134110022e-01 3.035945341173711398e-01
-2.060984081644094135e-01 3.263300377212949854e-01
-1.726001652298111699e-01 3.458393886573523091e-01
-1.372452962662712161e-01 3.619100259895754457e-01
-1.003872120892443376e-01 3.743637200791398723e-01
-6.239665666656696308e-02 3.830586560140228913e-01
-2.365793461077969270e-02 3.878911507850167917e-01
1.543503567715523266e-02 3.887969749591659863e-01
5.448279182484963568e-02 3.857522616992537512e-01
9.308449013637147551e-02 3.787739937787156230e-01
1.308421124951031911e-01 3.679200576112328092e-01
1.673646719961192908e-01 3.532888600647423605e-01
2.022723713528835621e-01 3.350185086789494449e-01
2.352006682177071595e-01 3.132855608010554627e-01
2.658042021796438448e-01 2.883033520386614201e-01
2.937605393560493439e-01 2.603199192434134113e-01
3.187736921671616153e-01 2.296155379258142393e-01
3.405773740624575829e-01 1.964998985035004420e-01
3.589379516325668096e-01 1.613089500465618720e-01
3.736570596642547759e-01 1.244014441508899671e-01
3.845738482456361185e-01 8.615521519388077976e-02
3.915668349658994463e-01 4.696323645959906562e-02
3.945553395348591064e-01 7.229494420586415025e-03
3.935004827243650527e-01 -3.263527420629196846e-02
3.884057363537005703e-01 -7.221793618396517289e-02
3.793170160488227305e-01 -1.111073585120706531e-01
3.663223136420983850e-01 -1.488987997152815268e-01
3.495508712844694887e-01 -1.851982469673210396e-01
3.291719045538686883e-01 -2.196266507265782486e-01
3.053928869997714068e-01 -2.518240094960459974e-01
2.784574188220428903e-01 -2.814532579668045931e-01
2.486426865991265833e-01 -3.082039196379591228e-01
2.162565502396890660e-01 -3.317954748973699353e-01
1.816343003076835716e-01 -3.519804081479289137e-01
1.451351052159105814e-01 -3.685469030148592617e-01
1.071381920413555372e-01 -3.813211528394159777e-01
6.803880294087509550e-02 -3.901692599537143202e-01
2.824397180219813397e-02 -3.949987018547687634e-01
-1.183183209309195995e-02 -3.957593472872924512e-01
-5.177114501814320674e-02 -3.924440103463939788e-01
-9.115798494726357060e-02 -3.850885359622659987e-01
-1.295823130254347144e-01 -3.737714154665253696e-01
-1.666444306079672699e-01 -3.586129363000569170e-01
-2.019592628214448848e-01 -3.397738752406501139e-01
-2.351604808757272735e-01 -3.174537497414170462e-01
-2.659044171950447621e-01 -2.918886470151955681e-01
-2.938737298123200170e-01 -2.633486553151522247e-01
-3.187807753563263180e-01 -2.321349263896427539e-01
-3.403706533213557983e-01 -1.985764022757155189e-01
-3.584238881031012181e-01 -1.630262433902620323e-01
-3.727587194664849224e-01 -1.258579982354439686e-01
-3.832329766304462537e-01 -8.746155791577492344e-02
-3.897455159563711913e-01 -4.823894103421064866e-02
-3.922372072526860154e-01 -8.599956366259230156e-03
-3.906914588972043023e-01 3.104220801640583324e-02
-3.851342833247300979e-01 7.027541845601951997e-02
-3.756338859420261800e-01 1.086930095881468161e-01
-3.622997939481100160e-01 1.458981197232931126e-01
-3.452815503129471608e-01 1.815079010723626152e-01
-3.247669711076615617e-01 2.151575638803869261e-01
-3.009799930241068289e-01 2.465042075303084390e-01
-2.741781368696725174e-01 2.752303969683755902e-01
-2.446496170680500237e-01 3.010474459084359067e-01
-2.127101310680560298e-01 3.236983718118674469e-01
-1.786993660161191599e-01 3.429604915681280231e-01
-1.429772630447169735e-01 3.586476310684160729e-01
-1.059200820357987516e-01 3.706119264183755924e-01
-6.791631170826113728e-02 3.787451993185458332e-01
-2.936247133160869299e-02 3.829798940943760499e-01
9.341148729445615528e-03 3.832895689203923983e-01
4.779476008904057910e-02 3.796889388939603815e-01
8.560331569345075442e-02 3.722334737113592862e-01
1.223806688744814020e-01 3.610185577215502817e-01
1.577536068195498908e-01 3.461782250215930667e-01
1.913657149856290984e-01 3.278834869547929687e-01
2.228810312831363272e-01 3.063402738239270895e-01
2.519874516106388462e-01 2.817870167864533482e-01
2.783998514942346847e-01 2.544918997098030711e-01
3.018628921342041416e-01 2.247498141908095826e-01
3.221534830393906201e-01 1.928790539473135279e-01
3.390828839472759260e-01 1.592177897043711432e-01
3.524984085063194161e-01 1.241203553537660043e-01
3.622847248585563396e-01 8.795339981080660396e-02
3.683647582913655016e-01 5.109194862800730402e-02
3.707001717533837670e-01 1.391541076391694144e-02
3.692914293236936318e-01 -2.319642171939286651e-02
3.641774466942651056e-01 -5.986733744684824554e-02
3.554348372824684410e-01 -9.572859039329162378e-02
3.431767669835715795e-01 -1.304226642473666209e-01
3.275514347527288539e-01 -1.636068772011280981e-01
3.087402001256884243e-01 -1.949567902087186722e-01
2.869553824049081991e-01 -2.241693844640777478e-01
2.624377595150141906e-01 -2.509659769037396737e-01
2.354537974354737606e-01 -2.750948459041300254e-01
2.062926436210527348e-01 -2.963335429681463462e-01
1.752629198996442372e-01 -3.144908700355402709e-01
1.426893519755764173e-01 -3.294085060563125000e-01
1.089092738534636062e-01 -3.409622705854711278e-01
7.426904622780827747e-02 -3.490630163402149710e-01
3.912042815734737000e-02 -3.536571468562261789e-01
3.816941166621529852e-03 -3.547267595385350525e-01
-3.128973569804561344e-02 -3.522894184760985703e-01
-6.585330236839202767e-02 -3.463975653316868075e-01
-9.953626975818913314e-02 -3.371375803864428700e-01
-1.320132530324517883e-01 -3.246285093712174552e-01
-1.629740999560135295e-01 -3.090204784627587631e-01
-1.921268083479130140e-01 -2.904928062534007926e-01
-2.192002135179530464e-01 -2.692518510214075289e-01
-2.439464367579462223e-01 -2.455286234783917443e-01
-2.661430569603195351e-01 -2.195761822256157569e-01
-2.855949929878776050e-01 -1.916668472594300066e-01
-3.021360828488776074e-01 -1.620892634552117129e-01
-3.156303492369919583e-01 -1.311453468378721288e-01
-3.259729445260675096e-01 -9.914714694290817365e-02
-3.330907718232536951e-01 -6.641365869032025970e-02
-3.369427821409951562e-01 -3.326761694421306870e-02
-3.375199511104120531e-01 -3.230632745732670838e-05
-3.348449418899855923e-01 3.297158207871794117e-02
-3.289714639912788008e-01 6.542901677454955600e-02
-3.199833406177945427e-01 9.703358578973669823e-02
-3.079932997676003703e-01 1.274903235157293924e-01
-2.931415067622470949e-01 1.565183794392447647e-01
-2.755938580147840322e-01 1.838535060369312635e-01
-2.555400577233474246e-01 2.092503455036817117e-01
-2.331915007627410885e-01 2.324844975358530685e-01
-2.087789863375858757e-01 2.533543530418395640e-01
-1.825502879537705681e-01 2.716826813724071421e-01
-1.547676059607250854e-01 2.873179614188747233e-01
-1.257049293196721429e-01 3.001354496865470955e-01
-9.564533337012987024e-02 3.100379811830600851e-01
-6.487823544431274569e-02 3.169565057270596342e-01
-3.369664717000029480e-02 3.208503461785273125e-01
-2.394444223394387537e-03 3.217071958976195911e-01
2.873633483916703327e-02 3.195428666432607590e-01
5.940812348560726985e-02 3.144007815710347375e-01
8.934037734918920393e-02 3.063512285822571624e-01
1.182620187853515303e-01 2.954903860824586448e-01
1.459137566041521505e-01 2.819391348809576203e-01
1.720502634336973369e-01 2.658416714396306113e-01
1.964421949565386960e-01 2.473639389536639865e-01
2.188780371153854765e-01 2.266918938179841025e-01
2.391657692839802563e-01 2.040296259008429203e-01
2.571343333219874849e-01 1.795973517137756104e-01
2.726349003588430242e-01 1.536293000401546260e-01
2.855419290617677297e-01 1.263715098701216899e-01
2.957540110202468431e-01 9.807956059683695105e-02
3.031945007077012644e-01 6.901625436825230275e-02
3.078119292471727664e-01 3.944927027167925704e-02
3.095802028999719568e-01 9.648809667858138095e-03
3.084985888046493097e-01 -2.011474849976827711e-02
3.045914920105928236e-01 -4.957316420279216096e-02
2.979080292702012134e-01 -7.846260712601876852e-02
2.885214063718827826e-01 -1.065258650606320939e-01
2.765281070107868389e-01 -1.335144740649043260e-01
2.620469023044070811e-01 -1.591907555075045277e-01
2.452176877073115324e-01 -1.833297500757094800e-01
2.262001667669269467e-01 -2.057210222637282093e-01
2.051723914492867284e-01 -2.261703354661933618e-01
1.823291615924811926e-01 -2.445011929476269830e-01
1.578803060387030666e-01 -2.605562222852774168e-01
1.320488567093888732e-01 -2.741983994628948706e-01
1.050691297551823444e-01 -2.853121052849016404e-01
7.718472828530104080e-02 -2.938040079099026314e-01
4.864648148080322893e-02 -2.996037664312312110e-01
1.971033512725246795e-02 -3.026645515584099888e-01
-9.364791232157115494e-03 -3.029633805759453513e-01
-3.831916521899551148e-02 -3.005012648744194714e-01
-6.689440527106733925e-02 -2.953031694634772886e-01
-9.483563169337121124e-02 -2.874177849874812174e-01
-1.218935898547120894e-01 -2.769171138728373505e-01
-1.478267304112148295e-01 -2.638958733417998692e-01
-1.724032316336767401e-01 -2.484707191311988916e-01
-1.954029491740315871e-01 -2.307792948558574919e-01
-2.166192789299208055e-01 -2.109791130547352123e-01
-2.358609190587503679e-01 -1.892462750516042125e-01
-2.529535176573626809e-01 -1.657740378489959143e-01
-2.677411931645453658e-01 -1.407712373510246751e-01
-2.800879151651207155e-01 -1.144605782731474286e-01
-2.898787339802540997e-01 -8.707680213956200954e-02
-2.970208482225683011e-01 -5.886474578526904033e-02
-3.014444982020703101e-01 -3.007730069151533236e-02
-3.031036814565746251e-01 -9.732978646959802123e-04
-3.019766817722617236e-01 2.818467529055626239e-02
-2.980663981099346271e-01 5.713251491809998722e-02
-2.914004739987617887e-01 8.560687084677778835e-02
-2.820312218437292517e-01 1.133474329462731411e-01
-2.700353394986541589e-01 1.400992156671723443e-01
-2.555134179856319854e-01 1.656148222743396570e-01
-2.385892408466123438e-01 1.896566699499878383e-01
-2.194088772843008628e-01 2.119991567451150472e-01
-1.981395729768309355e-01 2.324307513066767583e-01
-1.749684442209050173e-01 2.507559864135530669e-01
-1.501009828569341842e-01 2.667973376265146412e-01
-1.237593812410190258e-01 2.803969688040638952e-01
-9.618068833482851243e-02 2.914183268636802437e-01
-6.761480976667226528e-02 2.997475689812338362e-01
-3.832236645535556929e-02 3.052948064226481129e-01
-8.572428061887817780e-03 3.079951503915627220e-01
2.135986087865086869e-02 3.078095466525780921e-01
5.119574281354847406e-02 3.047253872469142255e-01
8.065537633612963886e-02 2.987568893485930688e-01
1.094604107770970614e-01 2.899452332045159286e-01
1.373365833172525696e-01 2.783584531482332092e-01
1.640163148799198556e-01 2.640910778593651975e-01
1.892412804355848577e-01 2.472635183405052506e-01
2.127649273268440444e-01 2.280212028208770114e-01
2.343549208657957905e-01 2.065334677625856041e-01
2.537954911206747322e-01 1.829922055001254044e-01
2.708896516851619918e-01 1.576102746481126138e-01
2.854612712168199673e-01 1.306196896433949595e-01
2.973569735585092633e-01 1.022696008727671108e-01
3.064478446516472609e-01 7.282408127763073669e-02
3.126309258862925988e-01 4.255973767172437777e-02
3.158304752305746144e-01 1.176316722705670996e-02
3.159989794303346144e-01 -1.927171835374375669e-02
3.131179027548148253e-01 -5.024647658257594407e-02
3.071981601681514351e-01 -8.086099978779832942e-02
2.982803054081977767e-01 -1.108164350871467391e-01
2.864344272295169525e-01 -1.398181300844496266e-01
2.717597499888825818e-01 -1.675785747669052417e-01
2.543839377892841980e-01 -1.938203095076692639e-01
2.344621045197743392e-01 -2.182787688259683334e-01
2.121755352990314369e-01 -2.407050306357886305e-01
1.877301280140854234e-01 -2.608684411324259655e-01
1.613545668049215231e-01 -2.785590862278001234e-01
1.332982424425945001e-01 -2.935900815501773509e-01
1.038289375447698365e-01 -3.057996544672477723e-01
7.323029743019106308e-02 -3.150529933643912983e-01
4.179911009525302812e-02 -3.212438414990636537e-01
9.842421265700927041e-03 -3.242958151399137345e-01
-2.232548543562463961e-02 -3.241634281804036122e-01
-5.438621864968421621e-02 -3.208328099695268998e-01
-8.602048459136757419e-02 -3.143221021254053449e-01
-1.169113302375821839e-01 -3.046815270957458077e-01
-1.467473960597599492e-01 -2.919931246785116286e-01
-1.752261419184681646e-01 -2.763701547115692270e-01
-2.020570113284911040e-01 -2.579561684139120570e-01
-2.269644995065058513e-01 -2.369237545543160239e-01
-2.496910912175470676e-01 -2.134729703028077630e-01
-2.700000354402918301e-01 -1.878294702417447892e-01
-2.876779252692040489e-01 -1.602423505322479180e-01
-3.025370532531872492e-01 -1.309817286043138684e-01
-3.144175145199960553e-01 -1.003360819224425743e-01
-3.231890325328098390e-01 -6.860937233203671937e-02
-3.287524851449665220e-01 -3.611798517638305228e-02
-3.310411117313494800e-01 -3.187514753784773114e-03
-3.300213855467515334e-01 2.985057027325117851e-02
-3.256935390553685195e-01 6.266234622880716143e-02
-3.180917337508733511e-01 9.491490196120141998e-02
-3.072838698998875961e-01 1.262798171201442721e-01
-2.933710356475627279e-01 1.564366132779064222e-01
-2.764865989751280062e-01 1.850761399869015333e-01
-2.567949500472672120e-01 2.119038582946645433e-01
-2.344899054832620677e-01 2.366429851056132128e-01
-2.097927899813092356e-01 2.590374630808860990e-01
-1.829502172517009084e-01 2.788547234077971559e-01
-1.542315841421028344e-01 2.958882085048514243e-01
-1.239263105041830820e-01 3.099596241953586073e-01
-9.234085923576655641e-02 3.209208992531364935e-01
-5.979555957721160303e-02 3.286558272641842970e-01
-2.662127071876683321e-02 3.330813716493086774e-01
6.844078169046970833e-03 3.341486181484546458e-01
4.025903380964381689e-02 3.318433629900444104e-01
7.328221179888431969e-02 3.261863290477497457e-01
1.055758972079444968e-01 3.172330064743803524e-01
1.368096131094331813e-01 3.050731185479274021e-01
1.666636175676567133e-01 2.898297177172829975e-01
1.948322903379443027e-01 2.716579210434445502e-01
2.210273716790720211e-01 2.507432983451893804e-01
2.449810172844597289e-01 2.272999303263115167e-01
2.664486353637905980e-01 2.015681577362896937e-01
2.852114743335249503e-01 1.738120461517160542e-01
3.010789323739063161e-01 1.443165942188547601e-01
3.138905632482429375e-01 1.133847161286493793e-01
3.235177562199831325e-01 8.133403166864948408e-02
3.298650716030747110e-01 4.849349938041499358e-02
3.328712173967662835e-01 1.519993011952821410e-02
3.325096565400731397e-01 -1.820558035289475754e-02
3.287888385242507261e-01 -5.138126023915631779e-02
3.217520533730036658e-01 -8.398827211002111992e-02
3.114769143256176931e-01 -1.156942863244052183e-01
2.980744629078718733e-01 -1.461769758757433813e-01
2.816879166250974564e-01 -1.751273921753957741e-01
2.624910817415510578e-01 -2.022531906145528802e-01
2.406864371145729931e-01 -2.272816675748179915e-01
2.165029155310771447e-01 -2.499625764449084631e-01
1.901934080964672313e-01 -2.700706924123709718e-01
1.620320202566542800e-01 -2.874080987673676701e-01
1.323111107173587653e-01 -3.018061707282307937e-01
1.013381468307349015e-01 -3.131272363347045173e-01
6.943241192183750854e-02 -3.212658977106499503e-01
3.692160150592620899e-02 -3.261499999270507377e-01
4.138346386898903752e-03 -3.277412387500993063e-01
-2.858329878236700108e-02 -3.260354026884195733e-01
-6.091136275932804850e-02 -3.210622489079141273e-01
-9.251942238577991195e-02 -3.128850167122164128e-01
-1.230899870289442338e-01 -3.015995863418624023e-01
-1.523177663305458618e-01 -2.873332947779769220e-01
-1.799127864064935522e-01 -2.702434240003481203e-01
-2.056033216317280365e-01 -2.505153807015667589e-01
-2.291386114994133638e-01 -2.283605897578385724e-01
-2.502913347291202406e-01 -2.040141267660879054e-01
-2.688598157793724019e-01 -1.777321176429487171e-01
-2.846699421569986455e-01 -1.497889356154832041e-01
-2.975767743675501453e-01 -1.204742278919693210e-01
-3.074658391907698629e-01 -9.008980479302886035e-02
-3.142540791733806071e-01 -5.894642719455744917e-02
-3.178904629185462793e-01 -2.736053206067306023e-02
-3.183562634929527069e-01 4.349073921978286426e-03
-3.156649895432579456e-01 3.586451453546037754e-02
-3.098619789835449501e-01 6.687210249114962368e-02
-3.010236634650058640e-01 9.706552163303040770e-02
-2.892565153731504468e-01 1.261488996535822249e-01
-2.746956924454705962e-01 1.538397397502864750e-01
-2.575033982267982968e-01 1.798716816449464351e-01
-2.378669794470788801e-01 2.039970646889691097e-01
-2.159967839871375084e-01 2.259892683529704238e-01
-1.921238053665938195e-01 2.456448082131314214e-01
-1.664971416230275059e-01 2.627851685619543853e-01
-1.393812980360199794e-01 2.772583559479273596e-01
-1.110533643716852953e-01 2.889401612463670665e-01
-8.180009817538803907e-02 2.977351212409185544e-01
-5.191494611989194707e-02 3.035771741102739063e-01
-2.169503552525838333e-02 3.064300066264650790e-01
8.561832087978287972e-03 3.062870942393328688e-01
3.856015415849932404e-02 3.031714385076779150e-01
6.800963664831465028e-02 2.971350095042901152e-01
9.662801096708246995e-02 2.882579038349634692e-01
1.241437307729561373e-01 2.766472317389631619e-01
1.502985229975596637e-01 2.624357493515450113e-01
1.748497754676906490e-01 2.457802543215690805e-01
1.975727216457925928e-01 2.268597634002814944e-01
2.182624157134099296e-01 2.058735008962938873e-01
2.367354943397089184e-01 1.830387170860401091e-01
2.528316934205191990e-01 1.585883612502704265e-01
2.664151149613311342e-01 1.327686365081451325e-01
2.773752362454574016e-01 1.058364631732706257e-01
2.856276562753344850e-01 7.805687766842378528e-02
2.911145772958689260e-01 4.970039404629469221e-02
2.938050219720032552e-01 2.104035488189541503e-02
2.936947894683160087e-01 -7.649702258827087778e-03
2.908061562386139443e-01 -3.609863739431030949e-02
2.851873297527080520e-01 -6.404023543640700866e-02
2.769116656431769852e-01 -9.121564521654090818e-02
2.660766608270986877e-01 -1.173757087070663729e-01
2.528027370297472598e-01 -1.422831605870198968e-01
2.372318307955590400e-01 -1.657146801231897393e-01
2.195258075059543512e-01 -1.874627792831951023e-01
1.998647181268194961e-01 -2.073375130400340050e-01
1.784449183767439495e-01 -2.251679999402695920e-01
1.554770707397672425e-01 -2.408037431639936943e-01
1.311840502457017610e-01 -2.541157444779450492e-01
1.057987752121666292e-01 -2.649974056487369167e-01
7.956198419304305602e-02 -2.733652140174633316e-01
5.271998021827536962e-02 -2.791592110180531328e-01
2.552235700937479854e-02 -2.823432451604367399e-01
-1.780254632529236665e-03 -2.829050071816693879e-01
-2.893841187285318972e-02 -2.808558604446484974e-01
-5.570605117308219389e-02 -2.762304699853139200e-01
-8.184260999914182155e-02 -2.690862344192881950e-01
-1.071150681471291083e-01 -2.595025319353498339e-01
-1.312998933877435881e-01 -2.475797908160042859e-01
-1.541848774171122871e-01 -2.334383960434978644e-01
-1.755708494484525539e-01 -2.172174445150198696e-01
-1.952732561685663615e-01 -1.990733622039476958e-01
-2.131235981987725792e-01 -1.791783972671735503e-01
-2.289707146258747328e-01 -1.577190036159099862e-01
-2.426819085906759543e-01 -1.348941298446311998e-01
-2.541439083263063448e-01 -1.109134286570307854e-01
-2.632636594146585129e-01 -8.599540204724878678e-02
-2.699689453665453098e-01 -6.036549749820872141e-02
-2.742088349214388820e-01 -3.425417035641200453e-02
-2.759539556990999176e-01 -7.894927344022894741e-03
-2.751965950129743876e-01 1.847763411524516383e-02
-2.719506297703483955e-01 4.462977643994703314e-02
-2.662512884348326447e-01 7.033054841382924138e-02
-2.581547490120649768e-01 9.535367427971690180e-02
-2.477375779400329270e-01 1.194793925266065537e-01
-2.350960156226545306e-01 1.424962320626760037e-01
-2.203451151416242204e-01 1.642027140705918931e-01
-2.036177358991821118e-01 1.844089699839474017e-01
-1.850634162248739056e-01 2.029382580318228324e-01
-1.648471243899399252e-01 2.196283781036455496e-01
-1.431478843065284168e-01 2.343329751117006754e-01
-1.201573021670279406e-01 2.469227166805245677e-01
-9.607799918732297384e-02 2.572863402270700317e-01
-7.112196115327767965e-02 2.653315625236702391e-01
-4.550881590564148649e-02 2.709858455847385383e-01
-1.946405030213902571e-02 2.741970134849201490e-01
6.782821432501276622e-03 2.749337155033835245e-01
3.300012571760788105e-02 2.731857317987538281e-01
5.895592143054426831e-02 2.689641186545880802e-01
8.441990269347823816e-02 2.623011911989596157e-01
1.091652995693375844e-01 2.532503423960765221e-01
1.329707634125656401e-01 2.418856980348604857e-01
1.556222234773190494e-01 2.283016084003944290e-01
1.769147012964767951e-01 2.126119783096060978e-01
1.966540693158451147e-01 1.949494382220364752e-01
2.146587403063491273e-01 1.754643601984551271e-01
2.307612741902308751e-01 1.543237235716214129e-01
2.448098891129087407e-01 1.317098363105180248e-01
2.566698638777237806e-01 1.078189191963951493e-01
2.662248192435292538e-01 8.285956107902747725e-02
2.733778660717162690e-01 5.705105463638694696e-02
2.780526089058052430e-01 3.062162321078537239e-02
2.801939896481240866e-01 3.806548654650842092e-03
2.797689747150417516e-01 -2.315377947619644272e-02
2.767670696528925500e-01 -5.001588848884276628e-02
2.712006421860106986e-01 -7.653530642059204470e-02
2.631050608014610104e-01 -1.024686829577998171e-01
2.525386393902232518e-01 -1.275759334922531019e-01
2.395823840316106679e-01 -1.516223888827025745e-01
2.243395395428053607e-01 -1.743809328545511128e-01
2.069349350486160422e-01 -1.956341084680663645e-01
1.875141295468681357e-01 -2.151761747293783056e-01
1.662423602391057964e-01 -2.328150942225932496e-01
1.433032982493524232e-01 -2.483744326181042406e-01
1.188976182484779570e-01 -2.616951510725650798e-01
9.324139041946946649e-02 -2.726372728892699215e-01
6.656430511920947979e-02 -2.810814063610662106e-01
3.910774249352236970e-02 -2.869301064764072651e-01
1.112270116149093047e-02 -2.901090591352373238e-01
-1.713239812121812936e-02 -2.905680726950061188e-01
-4.539401620610115928e-02 -2.882818630453298225e-01
-7.339588749828421244e-02 -2.832506199868972119e-01
-1.008714794486388622e-01 -2.755003444574417037e-01
-1.275564976428439357e-01 -2.650829480932910820e-01
-1.531914134305807085e-01 -2.520761087245602106e-01
-1.775239901345498916e-01 -2.365828776580070070e-01
-2.003117831995209208e-01 -2.187310369837571489e-01
-2.213245854571124216e-01 -1.986722062233822195e-01
-2.403468029945629303e-01 -1.765807076112708984e-01
-2.571797306645614567e-01 -1.526521886700062669e-01
-2.716436934083605315e-01 -1.271020103624151132e-01
-2.835800403768881095e-01 -1.001634170953924763e-01
-2.928529652693144802e-01 -7.208550012173764454e-02
-2.993511308868609944e-01 -4.313097061773953772e-02
-3.029890774020783106e-01 -1.357376112728010502e-02
-3.037083956187132672e-01 1.630352366038057693e-02
-3.014786485323628362e-01 4.621228372380868643e-02
-2.962980267813747348e-01 7.586070312880806299e-02
-2.881937260812383883e-01 1.049566053875052724e-01
-2.772220374408214671e-01 1.332103566634712244e-01
-2.634681438388356556e-01 1.603377875813235820e-01
-2.470456200643641742e-01 1.860631035522611609e-01
-2.280956355639650879e-01 2.101217529994248712e-01
-2.067858633552367709e-01 2.322632226738398920e-01
-1.833091013263142832e-01 2.522537294041176104e-01
-1.578816155045058567e-01 2.698787781281736797e-01
-1.307412181061280154e-01 2.849455569156917334e-01
-1.021450963339082946e-01 2.972851409043062443e-01
-7.236741092846329937e-02 3.067544786342721319e-01
-4.169668636712728360e-02 3.132381361650210527e-01
-1.043301729867109062e-02 3.166497765772440243e-01
2.111488173040559566e-02 3.169333549863440069e-01
5.263275075114026008e-02 3.140640114645064651e-01
8.380396151089274104e-02 3.080486509779621906e-01
1.143127586958588848e-01 2.989261946310353135e-01
1.438475239143111872e-01 2.867674961938419531e-01
1.721040373898638232e-01 2.716749225368590426e-01
1.987886989667285165e-01 2.537815967228349567e-01
2.236216730110484330e-01 2.332503075218558541e-01
2.463399221233328884e-01 2.102720928978027981e-01
2.667000953195481361e-01 1.850645087694302582e-01
2.844812374904092667e-01 1.578695980312107838e-01
2.994872885025669507e-01 1.289515783824373429e-01
3.115493422492677245e-01 9.859427091305961177e-02
3.205276382741285568e-01 6.709829458796534585e-02
3.263132612575059266e-01 3.477805471642928664e-02
3.288295266434065334e-01 1.958556151240021994e-03
3.280330339644291771e-01 -3.102792570336755651e-02
3.239143729572229180e-01 -6.384528101677645895e-02
3.164984713121572479e-01 -9.615707213674017095e-02
3.058445768258340469e-01 -1.276300728333427392e-01
2.920458707785827390e-01 -1.579378015816341185e-01
2.752287134938572466e-01 -1.867640099635876627e-01
2.555515272036710250e-01 -2.138060874011621648e-01
2.332033254940607814e-01 -2.387783440166168780e-01
2.084019026869591285e-01 -2.614151344514902831e-01
1.813917004800367772e-01 -2.814737869538426196e-01
1.524413763317654935e-01 -2.987373044762541840e-01
1.218410878266040359e-01 -3.130168063144669333e-01
8.989952832579839459e-02 -3.241536784895817647e-01
5.694075181613481723e-02 -3.320214108099912576e-01
2.330081030083057739e-02 -3.365270974327520537e-01
-1.067575679838707846e-02 -3.376125820313957693e-01
-4.463954325612573548e-02 -3.352552328360891565e-01
-7.823996722402044857e-02 -3.294683369203360579e-01
-1.111289924977128529e-01 -3.203011073660368968e-01
-1.429648388278522975e-01 -3.078383012954918341e-01
-1.734156401453434970e-01 -2.921994511631992864e-01
-2.021630099623862309e-01 -2.735377160994783563e-01
-2.289054740786877484e-01 -2.520383644392741318e-01
-2.533617320584139465e-01 -2.279169028007133058e-01
-2.752737107339985889e-01 -2.014168711478891982e-01
-2.944093752181935475e-01 -1.728073271315806458e-01
-3.105652655406186957e-01 -1.423800466032295597e-01
-3.235687300393934596e-01 -1.104464704975778866e-01
-3.332798299972380973e-01 -7.733443123754127346e-02
-3.395928936754304961e-01 -4.338469439494201108e-02
-3.424377018250858162e-01 -8.947353510937691365e-03
-3.417802908969520548e-01 2.562188228625945224e-02
-3.376233644791782340e-01 5.996546695286669032e-02
-3.300063079160575619e-01 9.372782077440409976e-02
-3.190048055469372201e-01 1.265591161493940242e-01
-3.047300686018989957e-01 1.581190053942614360e-01
-2.873276690712079362e-01 1.880802471969100220e-01
-2.669760019374079474e-01 2.161321893606358013e-01
-2.438844005778567081e-01 2.419840752804134354e-01
-2.182909134545190644e-01 2.653681344951735466e-01
-1.904597710995152016e-01 2.860424237324020180e-01
-1.606785715687518989e-01 3.037933873167579235e-01
-1.292552156721279155e-01 3.184381090196101716e-01
-9.651462605714157539e-02 3.298262309479489396e-01
-6.279528659135547031e-02 3.378415188664116720e-01
-2.844564043122638219e-02 3.424030573693932489e-01
6.179613341364928979e-03 3.434660625229823960e-01
4.072328360397964309e-02 3.410223039283468704e-01
7.482947013400800818e-02 3.351001325674587417e-01
1.081473240628761379e-01 3.257641152262175099e-01
1.403347447043246932e-01 3.131142806965900860e-01
1.710619724895933447e-01 2.972849872864770093e-01
2.000150390727770677e-01 2.784434253630387879e-01
2.268990374396076537e-01 2.567877726734311694e-01
2.514411770389587963e-01 2.325450239800776198e-01
2.733935915301023978e-01 2.059685200725267229e-01
2.925358696672720193e-01 1.773352044350270384e-01
3.086772830894995434e-01 1.469426387225779007e-01
3.216586883075473469e-01 1.151058106972193545e-01
3.313540839375733182e-01 8.215377037435163399e-02
3.376718133791333232e-01 4.842613019650776618e-02
3.405553855065914792e-01 1.426947034825402742e-02
3.399839187225621728e-01 -1.996630829984595915e-02
3.359722159108897710e-01 -5.393165108304875943e-02
3.285704557312461027e-01 -8.728099283656699792e-02
3.178635115300940672e-01 -1.196763389031589436e-01
3.039699077579667286e-01 -1.507907457588538724e-01
2.870404276816099221e-01 -1.803116645834880183e-01
2.672563898840804031e-01 -2.079441129234862462e-01
2.448276145156752792e-01 -2.334136417881351455e-01
2.199901034562596058e-01 -2.564690680576490189e-01
1.930034614415157557e-01 -2.768849449281373665e-01
1.641480877623605339e-01 -2.944637462383514204e-01
1.337221703431864528e-01 -3.090377438763477480e-01
1.020385158202069126e-01 -3.204705610092522527e-01
6.942125066045481963e-02 -3.286583875727404624e-01
3.620242937428552049e-02 -3.335308482542250208e-01
2.718586473898416435e-03 -3.350515170601011672e-01
-3.069273098321946905e-02 -3.332180764277785645e-01
-6.369641364967204566e-02 -3.280621226832637904e-01
-9.596318694876501687e-02 -3.196486234115062386e-01
-1.271729199558303547e-01 -3.080750359580172182e-01
-1.570178124933444552e-01 -2.934700997769327802e-01
-1.852054285571537728e-01 -2.759923186457986510e-01
-2.114615462364410059e-01 -2.558281518469806559e-01
-2.355328028913869776e-01 -2.331899350486809352e-01
-2.571890911527984214e-01 -2.083135560577817624e-01
-2.762256973426076012e-01 -1.814559172092068129e-01
-2.924651758964211812e-01 -1.528922059131383460e-01
-3.057589244991246180e-01 -1.229130057917820623e-01
-3.159884537003808114e-01 -9.182128002506462217e-02
-3.230663417570219798e-01 -5.992925915564949885e-02
-3.269368688457051086e-01 -2.755526610647998295e-02
-3.275763281848217412e-01 4.979488689690109507e-03
-3.249930149622132780e-01 3.735410935331922450e-02
-3.192268972489293866e-01 6.925118166227171856e-02
-3.103489762549607178e-01 1.003598739162041148e-01
-2.984603463186645267e-01 1.303789414597172625e-01
-2.836909678880156216e-01 1.590196062313522507e-01
-2.661981694221226546e-01 1.860082844400593738e-01
-2.461648965919370768e-01 2.110891374460392156e-01
-2.237977293692466341e-01 2.340264231115888327e-01
-1.993246895456662338e-01 2.546066272609810999e-01
-1.729928629046386113e-01 2.726403574164255050e-01
-1.450658616691083980e-01 2.879639836290157073e-01
-1.158211539586952998e-01 3.004410139680734892e-01
-8.554728780947444544e-02 3.099631950383126555e-01
-5.454103783678815320e-02 3.164513307309770873e-01
-2.310450285998570663e-02 3.198558152525182718e-01
8.457817236206383732e-03 3.201568792835099431e-01
3.984194434262246232e-02 3.173645506267140926e-01
7.074729627239799423e-02 3.115183311921386755e-01
1.008794994875567008e-01 3.026866047884011479e-01
1.299531295782043461e-01 2.909657795153101634e-01
1.576943341614991390e-01 2.764791755635733206e-01
1.838433222406303802e-01 2.593756733999073028e-01
2.081566989158087910e-01 2.398281379716962203e-01
2.304096261332123641e-01 2.180316363179335415e-01
2.503977920821642278e-01 1.942014675234723375e-01
2.679391738830544933e-01 1.685710252941599041e-01
2.828755803261995272e-01 1.413895145563359712e-01
2.950739636027191470e-01 1.129195443927666631e-01
3.044274911907902115e-01 8.343462031802995060e-02
3.108563713032336806e-01 5.321655937142844017e-02
3.143084275450372389e-01 2.255285176834985472e-02
3.147594206529265026e-01 -8.266007092797270431e-03
3.122131173755275935e-01 -3.894919061426901224e-02
3.067011086853096979e-01 -6.920819765384504663e-02
2.982823815770960230e-01 -9.875946904705218410e-02
2.870426506886286644e-01 -1.273269418791113383e-01
2.730934578641298627e-01 -1.546445202340953617e-01
2.565710495612007480e-01 -1.804584421406928429e-01
2.376350436653399401e-01 -2.045295235600264605e-01
2.164668988169320130e-01 -2.266352615082936062e-01
1.932682007661810086e-01 -2.465717797625804897e-01
1.682587746662741468e-01 -2.641556029153843688e-01
1.416746607029394367e-01 -2.792252394212808020e-01
1.137659584649790556e-01 -2.916425714466762131e-01
8.479454342595524330e-02 -3.012940381497959397e-01
5.503169583779277119e-02 -3.080915996348082553e-01
2.475565554234488569e-02 -3.119734770916708921e-01
-5.750876844988308742e-03 -3.129046640263744017e-01
-3.620327165285558424e-02 -3.108772052649161344e-01
-6.631751391543160012e-02 -3.059102421964384755e-01
-9.581273832985370831e-02 -2.980498244970001820e-01
-1.244137347088056789e-01 -2.873684903364105980e-01
-1.518534035096693324e-01 -2.739646188077185518e-01
-1.778751414361972039e-01 -2.579615600239418827e-01
-2.022351376524804401e-01 -2.395065499913506812e-01
-2.247045618188831806e-01 -2.187694189851026039e-01
-2.450716259521719675e-01 -1.959411037135621592e-01
-2.631435030237182504e-01 -1.712319750545275854e-01
-2.787480862365736556e-01 -1.448699945721828031e-01
-2.917355740603206904e-01 -1.170987143702444666e-01
-3.019798673474329287e-01 -8.817513609683340359e-02
-3.093797662016368744e-01 -5.836744608234387122e-02
-3.138599557121780070e-01 -2.795264465527442371e-02
-3.153717712021350539e-01 2.785911365159400837e-03
-3.138937352575718598e-01 3.356103316457287322e-02
-3.094318605002582268e-01 6.408427087117161969e-02
-3.020197075706145817e-01 9.406851155272866194e-02
-2.917182140783448618e-01 1.232305745568135769e-01
-2.786152836444754644e-01 1.512937931096144384e-01
-2.628251217132459017e-01 1.779905594345310982e-01
-2.444873401701473936e-01 2.030648047345884055e-01
-2.237658302906376240e-01 2.262743953507687644e-01
-2.008474112489703201e-01 2.473934236787137531e-01
-1.759402633744047151e-01 2.662143729613956622e-01
-1.492721572741535219e-01 2.825501357874436459e-01
-1.210884918329868665e-01 2.962358670151301610e-01
-9.165015593196911003e-02 3.071306529105388705e-01
-6.123123048629053322e-02 3.151189795335067600e-01
-3.011654906717281532e-02 3.201119848232832910e-01
1.400863072277134819e-03 3.220484804224000297e-01
3.302245032027697341e-02 3.208957310250256656e-01
6.444686584976276611e-02 3.166499809362171569e-01
9.537276493350597961e-02 3.093367195701249850e-01
1.255016278416627995e-01 2.990106797854590326e-01
1.545405869859138026e-01 2.857555652405112112e-01
1.822052324364728526e-01 2.696835053309416530e-01
2.082223696220467934e-01 2.509342387326655155e-01
2.323327029396979049e-01 2.296740290890599834e-01
2.542934191609687589e-01 2.060943189342571980e-01
2.738806449299823753e-01 1.804101305089220730e-01
2.908917533135764732e-01 1.528582246768397379e-01
3.051474899701569488e-01 1.236950295770552766e-01
3.164939111833870999e-01 9.319436395537318563e-02
3.248041041886575719e-01 6.164496334655850118e-02
3.299796571005639834e-01 2.934782921687118656e-02
3.319518763148043838e-01 -3.386568540086721396e-03
3.306827308958994460e-01 -3.624121420069688349e-02
3.261655105624083895e-01 -6.889556740811302038e-02
3.184251864391075548e-01 -1.010286549792555749e-01
3.075184664772646070e-01 -1.323222040832059132e-01
2.935335403260720954e-01 -1.624637865694981975e-01
2.765895114443305824e-01 -1.911499435276323156e-01
2.568355173430041383e-01 -2.180892587635034630e-01
2.344495420156750554e-01 -2.430053497975160903e-01
2.096369278127394320e-01 -2.656397452328786435e-01
1.826285972125040180e-01 -2.857546179174854650e-01
1.536789981032073427e-01 -3.031353442318179825e-01
1.230637892787042331e-01 -3.175928610775825001e-01
9.107728583115927423e-02 -3.289657937125770593e-01
5.802968696081816508e-02 -3.371223294677861970e-01
2.424411138061768542e-02 -3.419618145802317266e-01
-9.946532062036722230e-03 -3.434160538629159598e-01
-4.420280872510447961e-02 -3.414502956907305986e-01
-7.818212572945507088e-02 -3.360638877841250483e-01
-1.115421693719188534e-01 -3.272905924927703158e-01
-1.439443777429803839e-01 -3.151985536882416783e-01
-1.750574085352960829e-01 -2.998899090855177696e-01
-2.045605784905447089e-01 -2.815000549852336720e-01
-2.321472315404862208e-01 -2.601965576618013865e-01
-2.575279887336920370e-01 -2.361777175192186218e-01
-2.804338575487965168e-01 -2.096708032863181248e-01
-3.006191621778597223e-01 -1.809299678468589967e-01
-3.178642616989805214e-01 -1.502338637284196254e-01
-3.319780248618321439e-01 -1.178829797711116734e-01
-3.428000323911669645e-01 -8.419672381407820871e-02
-3.502024802535450010e-01 -4.951027933317247998e-02
-3.540917602089958538e-01 -1.417126679748730890e-02
-3.544096971548936770e-01 2.146375695177510368e-02
-3.511344262327069088e-01 5.703292579369783483e-02
-3.442808963742300943e-01 9.217278054601840687e-02
-3.339009908736227938e-01 1.265220355166065402e-01
-3.200832596431619770e-01 1.597253555620382071e-01
-3.029522619994682864e-01 1.914371032270841821e-01
-2.826675230863077148e-01 2.213250153853941748e-01
-2.594221113215439689e-01 2.490737691032718359e-01
-2.334408485100084585e-01 2.743883972084003586e-01
-2.049781684410735549e-01 2.969975152614198755e-01
-1.743156438398859032e-01 3.166563232925835858e-01
-1.417592054156207870e-01 3.331493477650357971e-01
-1.076360804012593403e-01 3.462928917418495178e-01
-7.229148136178364936e-02 3.559371641418137000e-01
-3.608508303571835579e-02 3.619680610302478119e-01
6.126875735920084146e-04 3.643085821897094623e-01
3.742450260980883375e-02 3.629198575811071747e-01
7.397007622287402051e-02 3.578017697497795080e-01
1.098701682933894141e-01 3.489931668627643258e-01
1.447506021790036235e-01 3.365716589526436819e-01
1.782462526886342546e-01 3.206529966048973224e-01
2.100049604713349616e-01 3.013900359781878091e-01
2.396913294880854695e-01 2.789712986958918783e-01
2.669903652157735729e-01 2.536191397379543577e-01
2.916109127061924933e-01 2.255875409403355347e-01
3.132888555759863469e-01 1.951595520213967871e-01
3.317900394172570433e-01 1.626444051484367270e-01
3.469128859683383581e-01 1.283743328834034414e-01
3.584906676399585712e-01 9.270112285750736758e-02
3.663934156184014967e-01 5.599244567642096965e-02
3.705294387243454057e-01 1.862799531134424688e-02
3.708464344494931120e-01 -1.900451644867008627e-02
3.673321780748748377e-01 -5.651346805121540418e-02
3.600147804435566146e-01 -9.350749394173296647e-02
3.489625097625631001e-01 -1.295996623703973560e-01
3.342831776883428141e-01 -1.644116192430327417e-01
3.161230948500557969e-01 -1.975776522007918479e-01
2.946656058277447587e-01 -2.287486298271849960e-01
2.701292183706351380e-01 -2.575957721164051639e-01
2.427653501800479396e-01 -2.838142095784797481e-01
2.128557053855920644e-01 -3.071262944471717660e-01
1.807093158480354844e-01 -3.272846211418672380e-01
1.466592878585750714e-01 -3.440747237301147732e-01
1.110592776641935037e-01 -3.573174222784069598e-01
7.427973792933144359e-02 -3.668707901145983330e-01
3.670397617888090241e-02 -3.726317196087697292e-01
-1.275931542310417824e-03 -3.745370685587669501e-01
-3.926332686136345396e-02 -3.725643739599671100e-01
-7.686120900589138438e-02 -3.667321247912169180e-01
-1.136764817002640371e-01 -3.570995904034619528e-01
-1.493241601437410304e-01 -3.437662060961740318e-01
-1.834314916064316847e-01 -3.268705224505143447e-01
-2.156419441350015953e-01 -3.065887298986249565e-01
-2.456190193390389576e-01 -2.831327747877786516e-01
-2.730498472136055343e-01 -2.567480877901651137e-01
-2.976485234202001506e-01 -2.277109498599377280e-01
-3.191591523678684039e-01 -1.963255249978426153e-01
-3.373585627737741288e-01 -1.629205928029142381e-01
-3.520586660985455807e-01 -1.278460171270930645e-01
-3.631084323018929361e-01 -9.146899006362030349e-02
-3.703954617002336858e-01 -5.417009296025444842e-02
-3.738471362789215768e-01 -1.633921812585511016e-02
-3.734313385629701720e-01 2.162860362837408165e-02
-3.691567310257476420e-01 5.933742351956078354e-02
-3.610725983016335183e-01 9.639459682498210946e-02
-3.492682419131357685e-01 1.324149621995371062e-01
-3.338719437904238418e-01 1.670249272408234342e-01
-3.150495205133174159e-01 1.998664187554038407e-01
-2.930024722257093539e-01 2.306006559142805001e-01
-2.679657520738767951e-01 2.589117044949904023e-01
-2.402051819402201138e-01 2.845097740381409834e-01
-2.100145440822158427e-01 3.071342227752081877e-01
-1.777123817684146401e-01 3.265562385988045047e-01
-1.436385450905986738e-01 3.425811681044175216e-01
-1.081505207901231336e-01 3.550504697880058624e-01
-7.161958713873058102e-02 3.638432717877752021e-01
-3.442683663709116687e-02 3.688775190592311626e-01
3.040889478712691194e-03 3.701106995165657221e-01
4.039511021230324933e-02 3.675401434056364547e-01
7.724981234435630839e-02 3.612028949386691945e-01
1.132255119136431204e-01 3.511751599628183396e-01
1.479532258262015731e-01 3.375713380991496315e-01
1.810783110686907671e-01 3.205426523220935020e-01
2.122641307630871443e-01 3.002753933007296094e-01
2.411955085058852255e-01 2.769887999437068982e-01
2.675819350562519960e-01 2.509326014338172928e-01
2.911604944399485695e-01 2.223842495645581563e-01
3.116984798808976054e-01 1.916458733619693655e-01
3.289956736180303376e-01 1.590409907578267390e-01
3.428862734817231805e-01 1.249110145034576375e-01
3.532404334099426002e-01 8.961158893612036769e-02
3.599654138522477287e-01 5.350880406453726451e-02
3.630063433697449105e-01 1.697532506191442789e-02
3.623465715784308649e-01 -1.961352201052736499e-02
3.580076178061588621e-01 -5.588366497728674415e-02
3.500487194367680743e-01 -9.146615910638661306e-02
3.385659882120968245e-01 -1.260009786058060577e-01
3.236911869174433631e-01 -1.591406865224686551e-01
3.055901428433405176e-01 -1.905539452378716692e-01
2.844608181539182712e-01 -2.199288318798962583e-01
2.605310607606773909e-01 -2.469759254614473376e-01
2.340560624648970744e-01 -2.714311353798652404e-01
2.053155539610841684e-01 -2.930582440297049285e-01
1.746107687611355708e-01 -3.116511396559533131e-01
1.422612101821502106e-01 -3.270357191631316773e-01
1.086012572229450301e-01 -3.390714443543538792e-01
7.397664642305500082e-02 -3.476525389584794734e-01
3.874086764609859651e-02 -3.527088177675994918e-01
3.251512154593317119e-03 -3.542061432057277970e-01
-3.213338865171838643e-02 -3.521465086377286169e-01
-6.705899586977324967e-02 -3.465677516611689324e-01
-1.011772299436307088e-01 -3.375429044605083861e-01
-1.341502357687405778e-01 -3.251791920022841786e-01
-1.656537116442912683e-01 -3.096166923737331267e-01
-1.953800748838594448e-01 -2.910266773712238408e-01
-2.230414178735118103e-01 -2.696096500797282580e-01
-2.483722366627115208e-01 -2.455931101688268170e-01
-2.711319187958929344e-01 -2.192290701009668441e-01
-2.911069521354294753e-01 -1.907913477648862932e-01
-3.081128407846503436e-01 -1.605726672146005618e-01
-3.219957124041092356e-01 -1.288815990397334521e-01
-3.326336045897179128e-01 -9.603937304329919489e-02
-3.399374214208653600e-01 -6.237659669406608876e-02
-3.438515547522393856e-01 -2.822991325212137123e-02
-3.443541682775191903e-01 6.061366457991166148e-03
-3.414571458002906290e-01 4.015862492460139932e-02
-3.352057084728925496e-01 7.372725838415664090e-02
-3.256777089747207032e-01 1.064399246535961546e-01
-3.129826136673715120e-01 1.379796874356509773e-01
-2.972601866568109208e-01 1.680430276938140455e-01
-2.786788923872663415e-01 1.963426944761482718e-01
-2.574340358653907090e-01 2.226103695860643106e-01
-2.337456618471231984e-01 2.465991227270200870e-01
-2.078562362974224476e-01 2.680856361587481418e-01
-1.800281351417613307e-01 2.868721804660409047e-01
-1.505409667583051669e-01 3.027883257276389184e-01
-1.196887558046056121e-01 3.156923751524615129e-01
-8.777701682918431780e-02 3.254725110934176269e-01
-5.511974668639031683e-02 3.320476462259380201e-01
-2.203635973550466254e-02 3.353679767199413964e-01
1.115138926472215679e-02 3.354152299693945460e-01
4.412247465391283541e-02 3.322026167547801889e-01
7.655964550728180940e-02 3.257744905723522488e-01
1.081524036973305070e-01 3.162057161430223418e-01
1.385998926185852687e-01 3.036007586447647122e-01
1.676136711023947790e-01 2.880925052833957500e-01
1.949203484817886578e-01 2.698408330444422853e-01
2.202640583811185937e-01 2.490309385263501096e-01
2.434087505820183850e-01 2.258714476295346774e-01
2.641402822358080993e-01 2.005923245560299051e-01
2.822682917321859830e-01 1.734426010521809003e-01
2.976278406740415772e-01 1.446879480955318154e-01
3.100808116276787540e-01 1.146081132825115534e-01
3.195170515961788804e-01 8.349424801331413459e-02
3.258552534808938361e-01 5.164614919402868431e-02
3.290435701326037687e-01 1.936944058494720344e-02
3.290599579309348988e-01 -1.302728087903009396e-02
3.259122491502377539e-01 -4.523530848046522501e-02
3.196379546552139406e-01 -7.694867372075138434e-02
3.103038007041378776e-01 -1.078669542346446797e-01
2.980050058065344398e-01 -1.376980175156524433e-01
2.828643056717660142e-01 -1.661606771216902756e-01
2.650307362823384749e-01 -1.929872389703320423e-01
2.446781870192087371e-01 -2.179259164307778274e-01
2.220037326964743318e-01 -2.407430959305642271e-01
1.972257737761241025e-01 -2.612254268271852475e-01
1.705819941414010721e-01 -2.791817275458172709e-01
1.423271430392741843e-01 -2.944446927441938811e-01
1.127306751184339179e-01 -3.068723812215302660e-01
8.207426479331171587e-02 -3.163494753450919461e-01
5.064921644380276922e-02 -3.227883018475510291e-01
1.875379272502303990e-02 -3.261296057927194902e-01
-1.330951613871367116e-02 -3.263430715028307616e-01
-4.523675876910136090e-02 -3.234275862748458019e-01
-7.672530118853890246e-02 -3.174112447738641207e-01
-1.074765938521368147e-01 -3.083510940661606248e-01
-1.371989035735284301e-01 -2.963326213301294421e-01
-1.656099870106875482e-01 -2.814689883480186450e-01
-1.924396827980026092e-01 -2.639000189221686887e-01
-2.174323999997095358e-01 -2.437909473638613655e-01
-2.403494813152082521e-01 -2.213309381582296842e-01
-2.609714203858400361e-01 -1.967313888022562685e-01
-2.790999136315849838e-01 -1.702240296319643409e-01
-2.945597282801861172e-01 -1.420588361867538563e-01
-3.072003696348553081e-01 -1.125017712908042977e-01
-3.168975321534087675e-01 -8.183237555101903482e-02
-3.235543205738554140e-01 -5.034122636573443860e-02
-3.271022291105080693e-01 -1.832728679624690687e-02
-3.275018686508988641e-01 1.390483323767010421e-02
-3.247434298704431899e-01 4.604768206039741574e-02
-3.188468876159857857e-01 7.779380544119327001e-02
-3.098619371930256272e-01 1.088386038315206916e-01
-2.978676509917513870e-01 1.388831839123764178e-01
-2.829718681016047954e-01 1.676371719586880193e-01
-2.653103165590594004e-01 1.948214664934814488e-01
-2.450454737229400548e-01 2.201709050298766845e-01
-2.223651726273969398e-01 2.434368201222951444e-01
-1.974809644972982392e-01 2.643894605901150330e-01
-1.706262499041292235e-01 2.828202546384418481e-01
-1.420541932718227540e-01 2.985438926808931526e-01
-1.120354375901511657e-01 3.114002089655782957e-01
-8.085563823710267828e-02 3.212558426129248912e-01
-4.881283672981413801e-02 3.280056603857158803e-01
-1.621469699502562853e-02 3.315739254184406626e-01
1.662437164587038038e-02 3.319151982233200515e-01
4.938617916504303706e-02 3.290149585504631435e-01
8.175178036640014245e-02 3.228899390936150748e-01
1.134045334627322571e-01 3.135881645826991693e-01
1.440331631326332851e-01 3.011886924696041135e-01
1.733347990035725705e-01 2.858010541722239561e-01
2.010179602790200803e-01 2.675643986695740995e-01
2.268054572749581554e-01 2.466463431122195016e-01
2.504371809619191369e-01 2.232415380001494531e-01
2.716727522276518036e-01 1.975699573563469424e-01
2.902940003741760200e-01 1.698749253593422603e-01
3.061072533129877149e-01 1.404209023552446256e-01
3.189454106628618613e-01 1.094910417258327523e-01
3.286697689100333553e-01 7.738453722915901445e-02
3.351715868242071128e-01 4.441379059023398135e-02
3.383733698490376529e-01 1.090142266648967510e-02
3.382298573484709969e-01 -2.282284406529629453e-02
3.347286993187169046e-01 -5.642540223167063357e-02
3.278908120952933603e-01 -8.957204457117168284e-02
3.177704056692521317e-01 -1.219312851403902276e-01
3.044546784475419265e-01 -1.531776837729045271e-01
2.880631786182247800e-01 -1.829951403163252444e-01
2.687468346786204831e-01 -2.110801249814386882e-01
2.466866611184374281e-01 -2.371448112951000109e-01
2.220921486840631565e-01 -2.609200786613328771e-01
1.951993520470721444e-01 -2.821583524053156711e-01
1.662686910217918701e-01 -3.006362504008983638e-01
1.355824846853733723e-01 -3.161570069582247955e-01
1.034422408115724112e-01 -3.285526465639383997e-01
7.016572589949084116e-02 -3.376858823081971273e-01
3.608384372529260115e-02 -3.434517163821119712e-01
1.537352734594755110e-03 -3.457787228640402111e-01
-3.312654530574547090e-02 -3.446299961074015816e-01
-6.755771119434494931e-02 -3.400037513667646394e-01
-1.014066330785581282e-01 -3.319335678199569206e-01
-1.343280110078872991e-01 -3.204882667376712235e-01
-1.659843307037378590e-01 -3.057714268701533511e-01
-1.960493852815990146e-01 -2.879205335510010566e-01
-2.242117014647560524e-01 -2.671057664234257056e-01
-2.501778403642289095e-01 -2.435284390186538417e-01
-2.736755346100483433e-01 -2.174191018282183030e-01
-2.944566270996759605e-01 -1.890353258992569507e-01
-3.122997783917306758e-01 -1.586591876216340291e-01
-3.270129119236613313e-01 -1.265944788334562587e-01
-3.384353687517477893e-01 -9.316366960517961926e-02
-3.464397463773672969e-01 -5.870465403179692121e-02
-3.509333994068593032e-01 -2.356731202979203688e-02
-3.518595832613717889e-01 1.189007753407824407e-02
-3.491982258718059340e-01 4.730453509282764313e-02
-3.429663162227883366e-01 8.231215115197342003e-02
-3.332179027058922993e-01 1.165518895805381788e-01
-3.200436984609584257e-01 1.496693827044991709e-01
-3.035702951780616665e-01 1.813206772258230404e-01
-2.839589911526458343e-01 2.111758901877594519e-01
-2.614042436829183691e-01 2.389227348660550865e-01
-2.361317601217102213e-01 2.642698775835953251e-01
-2.083962459949356139e-01 2.869500880145636201e-01
-1.784788325266842002e-01 3.067231475499161419e-01
-1.466842096194894696e-01 3.233784827198625811e-01
-1.133374937822018008e-01 3.367374934869312164e-01
-7.878086580996525312e-02 3.466555493132212895e-01
-4.337000704438354060e-02 3.530236308245082721e-01
-7.470376299577333352e-03 3.557695945507217128e-01
2.854662804300543005e-02 3.548590465680052652e-01
6.430758600821245841e-02 3.502958144344915370e-01
9.944100949006282053e-02 3.421220098929219078e-01
1.335812881147966369e-01 3.304176799258148334e-01
1.663725842861881465e-01 3.153000483301491852e-01
1.974726345590258614e-01 2.969223545610499837e-01
2.265564153419312721e-01 2.754723011240613473e-01
2.533196322703647474e-01 2.511701252199284862e-01
2.774819944018036000e-01 2.242663146119039941e-01
2.987902366489457728e-01 1.950389917425751074e-01
3.170208565591781102e-01 1.637909939264653447e-01
3.319825346398541654e-01 1.308466809403177333e-01
3.435182108846142057e-01 9.654850448267743301e-02
3.515067939370172256e-01 6.125337673975071034e-02
3.558644833909474503e-01 2.532887764153888416e-02
3.565456900258376360e-01 -1.085065770811991133e-02
3.535435432589550397e-01 -4.690812851546379003e-02
3.468899797146271502e-01 -8.246769084336227906e-02
3.366554115073896458e-01 -1.171587689316379993e-01
3.229479775575674338e-01 -1.506200110726216290e-01
3.059123859482154595e-01 -1.825031464018800620e-01
2.857283599364190407e-01 -2.124767000447020937e-01
2.626087071975378162e-01 -2.402295265044886718e-01
2.367970256354412217e-01 -2.654741208870767255e-01
2.085650771246947421e-01 -2.879496701627572430e-01
1.782098630163427844e-01 -3.074248147052800473e-01
1.460504260856572978e-01 -3.237000877270788113e-01
1.124244170878857529e-01 -3.366100062959620498e-01
7.768446406549756045e-02 -3.460247912753022792e-01
4.219438472255017392e-02 -3.518516977315635508e-01
6.325283887591660881e-03 -3.540359417616475990e-01
-2.954842069344629923e-02 -3.525612142557603690e-01
-6.505300027221415371e-02 -3.474497767753824129e-01
-9.981940054477617119e-02 -3.387621394353189652e-01
-1.334871667486826063e-01 -3.265963253781936637e-01
-1.657082653265100902e-01 -3.110867310638508187e-01
-1.961507603625819440e-01 -2.924025961105505833e-01
-2.245023047659396309e-01 -2.707461007668637287e-01
-2.504734083924645693e-01 -2.463501132123133708e-01
-2.738004479445056982e-01 -2.194756127334430706e-01
-2.942483865245955621e-01 -1.904088183559465297e-01
-3.116131741133962296e-01 -1.594580556926360193e-01
-3.257238039493290938e-01 -1.269503975556018904e-01
-3.364440037632742131e-01 -9.322811624815724452e-02
-3.436735450181393481e-01 -5.864498737250300325e-02
-3.473491576694613947e-01 -2.356248644241153503e-02
-3.474450424472309007e-01 1.165407943765840552e-02
-3.439729804982821770e-01 4.663946357311293811e-02
-3.369820308286026744e-01 8.103234966206607215e-02
-3.265578293785372233e-01 1.144791564698277170e-01
-3.128215057968192214e-01 1.466377415980358312e-01
-2.959282218512201412e-01 1.771809606896005973e-01
-2.760653534076961124e-01 2.058000448583191533e-01
-2.534503382061435439e-01 2.322077607156490808e-01
-2.283282152120714725e-01 2.561413200569593873e-01
-2.009688845511797828e-01 2.773650093118642523e-01
-1.716641199032563625e-01 2.956725122191640742e-01
-1.407243677128849624e-01 3.108889028143220767e-01
-1.084753696420427405e-01 3.228722896712631352e-01
-7.525464632389118613e-02 3.315150963733481948e-01
-4.140788166342149190e-02 3.367449673517700082e-01
-7.285247660169988891e-03 3.385252924734030722e-01
2.676229000237462935e-02 3.368553480340407136e-01
6.038664554461532774e-02 3.317700560669502585e-01
9.324622643875975225e-02 3.233393680615375132e-01
1.250094481758444454e-01 3.116672832549318706e-01
1.553581136064893231e-01 2.968905155647971195e-01
1.839906219021331113e-01 2.791768269314586215e-01
2.106249744449898709e-01 2.587230482914728569e-01
2.350015475545759736e-01 2.357528125765149807e-01
2.568856048616128263e-01 2.105140269881916049e-01
2.760695253084922141e-01 1.832761143127656367e-01
2.923747304118441970e-01 1.543270536500836732e-01
3.056532801164543733e-01 1.239702568944601735e-01
3.157891340315810980e-01 9.252131805995678082e-02
3.226990766340958050e-01 6.030466500981251921e-02
3.263332874007993656e-01 2.765015386923038929e-02
3.266755585536541551e-01 -5.110357797999207780e-03
3.237431624213955583e-01 -3.764642269912794881e-02
3.175863741561828490e-01 -6.963236473943314186e-02
3.082876591545684608e-01 -1.007505545605622416e-01
2.959605379793203705e-01 -1.306945665098661058e-01
2.807481448264685930e-01 -1.591721856256581025e-01
2.628214985974078877e-01 -1.859082353017438294e-01
2.423775083894490479e-01 -2.106471986563686338e-01
2.196367376840726304e-01 -2.331556092435467797e-01
1.948409536684448662e-01 -2.532241895739053006e-01
1.682504899548251664e-01 -2.706697189213498334e-01
1.401414524508336479e-01 -2.853366150433923609e-01
1.108027992720192895e-01 -2.970982176984365286e-01
8.053332637194590693e-02 -3.058577651640248529e-01
4.963859099350388659e-02 -3.115490583075621878e-01
1.842780512194363077e-02 -3.141368100974781252e-01
-1.278926914721810471e-02 -3.136166817315320099e-01
-4.370539101236486923e-02 -3.100150097648597391e-01
-7.401884874694396321e-02 -3.033882317101373460e-01
-1.034363746802119260e-01 -2.938220205249715278e-01
-1.316759447482209189e-01 -2.814301401745077924e-01
-1.584694209304801926e-01 -2.663530387044568681e-01
-1.835650236522784473e-01 -2.487562009023233933e-01
-2.067296225866435133e-01 -2.288282749753302037e-01
-2.277508107831756612e-01 -2.067789972099519091e-01
-2.464387503548705061e-01 -1.828369383607392484e-01
-2.626277754077615545e-01 -1.572470966632346645e-01
-2.761777405846059241e-01 -1.302683633732074076e-01
-2.869751063296499538e-01 -1.021708874549485391e-01
-2.949337547364596634e-01 -7.323336647627071150e-02
-2.999955325854706256e-01 -4.374029092156624110e-02
-3.021305208841216228e-01 -1.397916901421958347e-02
-3.013370328635019968e-01 1.576224124400278648e-02
-2.976413449364060382e-01 4.519866674357144593e-02
-2.910971675596156771e-01 7.404999544538906631e-02
-2.817848652473708415e-01 1.020438699537994931e-01
-2.698104371348581942e-01 1.289181756618241470e-01
-2.553042714741510788e-01 1.544234021167148474e-01
-2.384196892468926632e-01 1.783248578840999077e-01
-2.193312936871764374e-01 2.004047209569409516e-01
-1.982331439161226783e-01 2.204639086389182379e-01
-1.753367720907168525e-01 2.383237528083681223e-01
-1.508690644601125563e-01 2.538274685162202338e-01
-1.250700275016827234e-01 2.668414059675929817e-01
-9.819046087777610898e-02 2.772560780605141106e-01
-7.048955397913926613e-02 2.849869577134451215e-01
-4.223244451827455614e-02 2.899750391899101332e-01
-1.368775086005607523e-02 2.921871679957390167e-01
1.487491135016374803e-02 2.916161359667264197e-01
4.318739033746193945e-02 2.882805431202477009e-01
7.098542132205919175e-02 2.822244318029888954e-01
9.801099130275796323e-02 2.735166993722366047e-01
1.240146260482610230e-01 2.622502973593981990e-01
1.487575808397487154e-01 2.485412266661057856e-01
1.720139176192124475e-01 2.325273398276492542e-01
1.935724524128629165e-01 2.143669627392719157e-01
2.132385582042904404e-01 1.942373494732221317e-01
2.308358098150201931e-01 1.723329849148243775e-01
2.462074587979853346e-01 1.488637509119156155e-01
2.592177278500275017e-01 1.240529724626181773e-01
2.697529157911211506e-01 9.813536116138149579e-02
2.777223057294151420e-01 7.135487368319612389e-02
2.830588706218266082e-01 4.396250351235477666e-02
2.857197720399519691e-01 1.621402441713570494e-02
2.856866495511673487e-01 -1.163229566212326677e-02
2.829656997163111920e-01 -3.931799160387837444e-02
2.775875452802319954e-01 -6.658669034989635194e-02
2.696068966822297575e-01 -9.318637397970974678e-02
2.591020095329845119e-01 -1.188715985082977877e-01
2.461739431863849414e-01 -1.434056507290275562e-01
2.309456219989952097e-01 -1.665626268211324035e-01
2.135607219253464750e-01 -1.881294113599255580e-01
1.941823829375511901e-01 -2.079075484051813028e-01
1.729917465571725876e-01 -2.257149881034596628e-01
1.501863452607868910e-01 -2.413876910830104472e-01
1.259783519793000461e-01 -2.547810796047222381e-01
1.005927036425413035e-01 -2.657713235988907186e-01
7.426511369332826351e-02 -2.742564509027965447e-01
4.723998937926022351e-02 -2.801572722755464873e-01
1.976827042028841269e-02 -2.834181130995820919e-01
-7.894793660085761000e-03 -2.840073450775020270e-01
-3.549190966807140579e-02 -2.819177126927541188e-01
-6.276603199286363843e-02 -2.771664507171384129e-01
-8.946266028014011884e-02 -2.697951906100912178e-01
-1.153321245933803391e-01 -2.598696552569292328e-01
-1.401318390260962166e-01 -2.474791431273815068e-01
-1.636285047565762263e-01 -2.327358045928104857e-01
-1.856002437027875207e-01 -2.157737148107763403e-01
-2.058386442426568541e-01 -1.967477492584154553e-01
-2.241507009172803433e-01 -1.758322696600867208e-01
-2.403606306340453913e-01 -1.532196296977872962e-01
-2.543115486346405052e-01 -1.291185115020953289e-01
-2.658669883897614716e-01 -1.037521054833978051e-01
-2.749122506270315625e-01 -7.735614756392839020e-02
-2.813555678889726464e-01 -5.017682929628896477e-02
-2.851290682812459010e-01 -2.246859627798018094e-02
-2.861895393346313710e-01 5.508140973520708403e-03
-2.845189763214935885e-01 3.348937198894254980e-02
-2.801248978893884911e-01 6.120990719393716584e-02
-2.730404354608261253e-01 8.840582845990256622e-02
-2.633241889983352624e-01 1.148169500056021725e-01
-2.510598474219342680e-01 1.401892675251696363e-01
-2.363555740492284396e-01 1.642773731117870006e-01
-2.193431595639822873e-01 1.868468134354974441e-01
-2.001769471887795138e-01 2.076763687267612346e-01
-1.790325369216218543e-01 2.265602304211916940e-01
-1.561052778742444969e-01 2.433100558402392921e-01
-1.316085598997823736e-01 2.577568790201348325e-01
-1.057719177967878094e-01 2.697528577575497577e-01
-7.883896340256039970e-02 2.791728381132723702e-01
-5.106516281815091235e-02 2.859157190002859505e-01
-2.271547781723922549e-02 2.899056010729133548e-01
5.938107841273336344e-03 2.910927059196259936e-01
3.461915497372897860e-02 2.894540535314701901e-01
6.304940486386152732e-02 2.849938881560594162e-01
9.095145983201166628e-02 2.777438449364874606e-01
1.180514829366088314e-01 2.677628521556625341e-01
1.440818906121948961e-01 2.551367664375795430e-01
1.687840116506099386e-01 2.399777408739922346e-01
1.919106857992009807e-01 2.224233287221172306e-01
2.132287724409176466e-01 2.026353267105254208e-01
2.325215515922931242e-01 1.807983713592021258e-01
2.495909873314163807e-01 1.571182930464475325e-01
2.642598220459953517e-01 1.318202404962335317e-01
2.763734869931728233e-01 1.051465962993713560e-01
2.858018048959611312e-01 7.735469989517002043e-02
2.924404647038199578e-01 4.871439867175639954e-02
2.962122506920411569e-01 1.950544995273198468e-02
2.970680103526063265e-01 -9.985201455636383630e-03
2.949873480178001883e-01 -3.946624380502863905e-02
2.899790338338292806e-01 -6.864488925737698144e-02
2.820811205389845977e-01 -9.722980612294530867e-02
2.713607634708314897e-01 -1.249340627019797090e-01
2.579137422986564343e-01 -1.514780524007414142e-01
2.418636861181144571e-01 -1.765923695675859495e-01
2.233610067203166683e-01 -2.000206056003870081e-01
2.025815480219178566e-01 -2.215220353181515112e-01
1.797249627798781502e-01 -2.408741643684469413e-01
1.550128307777918768e-01 -2.578751095555242290e-01
1.286865356235722124e-01 -2.723457854149342605e-01
1.010049201050465667e-01 -2.841318721181540496e-01
7.224174267584236586e-02 -2.931055418503625831e-01
4.268296005560265338e-02 -2.991669231472341983e-01
1.262386309483026769e-02 -3.022452852799122347e-01
-1.763390505332612310e-02 -3.022999276151670522e-01
-4.778541577645689653e-02 -2.993207613498368724e-01
-7.752558096519322761e-02 -2.933285774859339390e-01
-1.065523017232556102e-01 -2.843749920090389294e-01
-1.345696017810983081e-01 -2.725420665768216733e-01
-1.612907181140806057e-01 -2.579416084086988969e-01
-1.864411134641456025e-01 -2.407141534081267964e-01
-2.097613779020911506e-01 -2.210276410898952271e-01
-2.310099875004598680e-01 -1.990757933442687255e-01
-2.499658894903464823e-01 -1.750762124278801013e-01
-2.664308849379044553e-01 -1.492682167875109822e-01
-2.802317819824186595e-01 -1.219104363582040329e-01
-2.912222950076061578e-01 -9.327819179413972261e-02
-2.992846677471978079e-01 -6.366068465419434663e-02
-3.043310012268924392e-01 -3.335802784166252977e-02
-3.063042705859038151e-01 -2.678147559926893993e-03
-3.051790181677712654e-01 2.806641033290208781e-02
-3.009617137842756085e-01 5.856173542899942297e-02
-2.936907766983027357e-01 8.849583431633896435e-02
-2.834362575993999989e-01 1.175619030615710492e-01
-2.702991826163794742e-01 1.454615550454226858e-01
-2.544105651805961266e-01 1.719079688900565506e-01
-2.359300952770497506e-01 1.966289219468762561e-01
-2.150445192541037831e-01 2.193696759409296537e-01
-1.919657268631021485e-01 2.398956828833026522e-01
-1.669285655245291711e-01 2.579950812499526291e-01
-1.401884066295911169e-01 2.734809552452029946e-01
-1.120184843487986304e-01 2.861933310097365957e-01
-8.270703967188998418e-02 2.960008864468284817e-01
-5.255430358798767604e-02 3.028023580662109193e-01
-2.186934678009809160e-02 3.065276275696068864e-01
9.033168145667083704e-03 3.071384760521451707e-01
3.983629653056461328e-02 3.046289972124567869e-01
7.022414752711474140e-02 2.990256647652015931e-01
9.988520952270683873e-02 2.903870531115665954e-01
1.285156287795536090e-01 2.788032142003675773e-01
1.558224054552028726e-01 2.643947173590333599e-01
1.815264720870276849e-01 2.473113626445373192e-01
2.053656209443362468e-01 2.277305819146237253e-01
2.270972483574303924e-01 2.058555453064007112e-01
2.465008862039174131e-01 1.819129940913286614e-01
2.633804931441798280e-01 1.561508239141895238e-01
2.775664809213332918e-01 1.288354451831309755e-01
2.889174540437584038e-01 1.002489498261096568e-01
2.973216444144303194e-01 7.068611573755359534e-02
3.026980259219761438e-01 4.045128198365144367e-02
3.049970976225238051e-01 9.855129195596057379e-03
3.042013278758156081e-01 -2.078859945768786119e-02
3.003252556093063408e-01 -5.116640077242700507e-02
2.934152487248672392e-01 -8.096830140417100863e-02
2.835489234888584065e-01 -1.098910993435823907e-01
2.708342345662333450e-01 -1.376415235714777974e-01
2.554082399058150710e-01 -1.639392736253835747e-01
2.374355614141199222e-01 -1.885199072974676204e-01
2.171065626583499053e-01 -2.111375510651950782e-01
1.946352581632970202e-01 -2.315673998461260374e-01
1.702569807492906317e-01 -2.496079812118174590e-01
1.442258335174058936e-01 -2.650831607517655786e-01
1.168119553174655628e-01 -2.778438682966459239e-01
8.829863041933826151e-02 -2.877695279392709082e-01
5.897927462909197116e-02 -2.947691781920968590e-01
2.915433123371199628e-02 -2.987822721505020152e-01
-8.718890889535497535e-04 -2.997791511488969163e-01
-3.079438990008975807e-02 -2.977611890587751331e-01
-6.031065771173819284e-02 -2.927606080407318401e-01
-8.912378375080555470e-02 -2.848399701832854403e-01
-1.169455055559654455e-01 -2.740913529980308905e-01
-1.434991363674688325e-01 -2.606352201526831447e-01
-1.685223518003633458e-01 -2.446190020723415515e-01
-1.917698051514674096e-01 -2.262154040885956674e-01
-2.130155448541431462e-01 -2.056204626325639495e-01
-2.320552100336271684e-01 -1.830513725215147935e-01
-2.487079827975532675e-01 -1.587441106527434365e-01
-2.628182787869496329e-01 -1.329508833701917858e-01
-2.742571605760230624e-01 -1.059374263902679303e-01
-2.829234617064941282e-01 -7.798018744905324540e-02
-2.887446153829762441e-01 -4.936342030492876787e-02
-2.916771721757780433e-01 -2.037622774780057169e-02
-2.917070132045135322e-01 8.690415716733948179e-03
-2.888492645334583830e-01 3.754663736114322026e-02
-2.831479076361291258e-01 6.590659788650768403e-02
-2.746750969408017773e-01 9.349135264248426003e-02
-2.635301950950350580e-01 1.200316132775686856e-01
-2.498385394682257066e-01 1.452703821601690759e-01
-2.337499560955752509e-01 1.689654336729783379e-01
-2.154370397272606930e-01 1.908916185020091971e-01
-1.950932208590357986e-01 2.108429692894350505e-01
-1.729306425643045708e-01 2.286345884659028715e-01
-1.491778716059361798e-01 2.441043016913006236e-01
-1.240774696655727871e-01 2.571140630798132154e-01
-9.788345157957852039e-02 2.675511012313539494e-01
-7.085865820869063914e-02 2.753287980025578285e-01
-4.327207199134505688e-02 2.803872948919592378e-01
-1.539610334077972688e-02 2.826938248516734364e-01
1.249612415065008697e-02 2.822427702386611226e-01
4.013346223052015327e-02 2.790554504505508571e-01
6.724937353794686878e-02 2.731796455237955334e-01
9.358448854437551034e-02 2.646888645773137760e-01
1.188890595377644632e-01 2.536813704367093525e-01
1.429252888311562941e-01 2.402789740492540238e-01
1.654695101094522669e-01 2.246256143773392167e-01
1.863142077616061210e-01 2.068857387910483792e-01
2.052698437501255802e-01 1.872425089141396271e-01
2.221664879333479226e-01 1.658958523816033981e-01
2.368552461191810454e-01 1.430603737945334852e-01
2.492094627526049710e-01 1.189631543275729425e-01
2.591256948837803997e-01 9.384146164551952773e-02
2.665244520052149624e-01 6.794039373228905054e-02
2.713506987608479970e-01 4.151048035945290038e-02
2.735741199074779306e-01 1.480526580138030214e-02
2.731891492253193943e-01 -1.192110395080607337e-02
2.702147663070221806e-01 -3.841626680179827807e-02
2.646940672823711038e-01 -6.443198110278999802e-02
2.566936175404436749e-01 -8.972639223096688654e-02
2.463025963756825532e-01 -1.140662094429511914e-01
2.336317451949784518e-01 -1.372287745584777896e-01
2.188121324676839397e-01 -1.590040054786757695e-01
2.019937499701823236e-01 -1.791961991080289196e-01
1.833439560643107535e-01 -1.976256799096822170e-01
1.630457827501380907e-01 -2.141302820593912470e-01
1.412961240462098367e-01 -2.285666549534645930e-01
1.183038238745080240e-01 -2.408113836503839866e-01
9.428768206526297324e-02 -2.507619176648870907e-01
6.947439735265052707e-02 -2.583373033685902320e-01
4.409646631229711955e-02 -2.634787170652645449e-01
1.839005710297121274e-02 -2.661497975854581477e-01
-7.407128218840844554e-03 -2.663367769574648825e-01
-3.305796899226975255e-02 -2.640484152258546491e-01
-5.832801298889225827e-02 -2.593157450361691096e-01
-8.298752722121492675e-02 -2.521916234380575106e-01
-1.068134810130522694e-01 -2.427501026889204716e-01
-1.295914511377844469e-01 -2.310856271659144923e-01
-1.511174346175232497e-01 -2.173120655687244551e-01
-1.711995558163987852e-01 -2.015615886725013461e-01
-1.896596555647482030e-01 -1.839834038536301841e-01
-2.063347512059524880e-01 -1.647423584596196255e-01
-2.210783576526187122e-01 -1.440174248286564263e-01
-2.337616607630068344e-01 -1.220000803855793292e-01
-2.442745355920935835e-01 -9.889259675144602968e-02
-2.525264033253157847e-01 -7.490625220654240080e-02
-2.584469219585575073e-01 -5.025948214525038232e-02
-2.619865070380240080e-01 -2.517598235977338075e-02
-2.631166800117867854e-01 1.172199072554336796e-04
-2.618302429653930896e-01 2.539171218921369017e-02
-2.581412797122350500e-01 5.041964542319117559e-02
-2.520849843813383062e-01 7.497567025721810219e-02
-2.437173197875172892e-01 9.883884654877887754e-02
-2.331145089786600400e-01 1.217945118731935533e-01
-2.203723644299970807e-01 1.436360952368323785e-01
-2.056054603936447178e-01 1.641668626327412173e-01
-1.889461549117992523e-01 1.832015815821535221e-01
-1.705434638316147278e-01 2.005680911805023114e-01
-1.505618113009684345e-01 2.161087672273891147e-01
-1.291796545770846905e-01 2.296818751588963758e-01
-1.065879830151535146e-01 2.411627942941204639e-01
-8.298871806522650774e-02 2.504451064447048014e-01
-5.859302061763482783e-02 2.574415402542862275e-01
-3.361951799715919703e-02 2.620847635561978084e-01
-8.292463534731751851e-03 2.643280169881938035e-01
1.716015778498699781e-02 2.641455831040748214e-01
4.250856359541604207e-02 2.615330862725983585e-01
6.752313389589842396e-02 2.565076197522668244e-01
9.197638146644235291e-02 2.491076974743053063e-01
1.156449178526411797e-01 2.393930292525888182e-01
1.383113996203142182e-01 2.274441193649489323e-01
1.597664394652923980e-01 2.133616897108802923e-01
1.798104667451562722e-01 1.972659300410168903e-01
1.982555220823599418e-01 1.792955790677508709e-01
2.149269708775837506e-01 1.596068415969100485e-01
2.296651208735200067e-01 1.383721481594487324e-01
2.423267293271904599e-01 1.157787649605458297e-01
2.527863858872790859e-01 9.202726329130887784e-02
2.609377579348308718e-01 6.732985885448557195e-02
2.666946859330869279e-01 4.190863272844009418e-02
2.699921172460102992e-01 1.599364692060786450e-02
2.707868679247514843e-01 -1.017903137043379633e-02
2.690581982946823603e-01 -3.636938109359988403e-02
2.648082091552076411e-01 -6.233553728579971365e-02
2.580620418958413098e-01 -8.783594720797678612e-02
2.488678673292808452e-01 -1.126315502827136411e-01
2.372966745705417935e-01 -1.364879636181322853e-01
2.234418532986873762e-01 -1.591776546087251276e-01
2.074185693405247166e-01 -1.804820811221775345e-01
1.893629353559048711e-01 -2.001937795748329474e-01
1.694309802931069919e-01 -2.181183811668306327e-01
1.477974232033937019e-01 -2.340765366997547003e-01
1.246542589379810578e-01 -2.479057307418128520e-01
1.002091651790176230e-01 -2.594619664431964123e-01
