3.535533905932736198e-01 -3.535533905932739529e-01
3.150783097127689558e-01 -3.882066318265913751e-01
2.732044925526584400e-01 -4.186576600210665244e-01
2.283930975342557401e-01 -4.445730875138338423e-01
1.811379579437615572e-01 -4.656704285960594492e-01
1.319599261477355234e-01 -4.817212939366355418e-01
8.140090711052572203e-02 -4.925539520191803966e-01
3.001765259810983480e-02 -4.980552276524332633e-01
-2.162460970752792810e-02 -4.981717157269545115e-01
-7.295863604873949193e-02 -4.929102967660801138e-01
-1.234216382940773737e-01 -4.823379493491601888e-01
-1.724616904128674355e-01 -4.665808630612163777e-01
-2.195439935990012303e-01 -4.458228641358288336e-01
-2.641569257798491721e-01 -4.203031743657110741e-01
-3.058178043110036937e-01 -3.903135316847858305e-01
-3.440782940405013313e-01 -3.561947087148804592e-01
-3.785293975184020887e-01 -3.183324729445919932e-01
-4.088059697301242301e-01 -2.771530384420556326e-01
-4.345907054933788038e-01 -2.331180652466788572e-01
-4.556175543592601018e-01 -1.867192677983557925e-01
-4.716745250263121303e-01 -1.384726982424549779e-01
-4.826058488842586147e-01 -8.891277408766290469e-02
-4.883134802524580209e-01 -3.858612244919185780e-02
-4.887579190639932958e-01 1.195468504874414722e-02
-4.839583500639958458e-01 6.215743172850610176e-02
-4.739921009335426039e-01 1.114765147201545875e-01
-4.589934300117500254e-01 1.593790892387890179e-01
-4.391516623636723127e-01 2.053510261668470838e-01
-4.147087007285564231e-01 2.489026135931795558e-01
-3.859559452845552352e-01 2.895739365675029653e-01
-3.532306630905091005e-01 3.269398737273251920e-01
-3.169118544280912775e-01 3.606146545826582894e-01
-2.774156689916275620e-01 3.902559270307138228e-01
-2.351904298903825519e-01 4.155682910391953477e-01
-1.907113276808731217e-01 4.363062612966865372e-01
-1.444748500872113650e-01 4.522766288901602372e-01
-9.699301565892454180e-02 4.633401996365067999e-01
-4.878748133296319234e-02 4.694128944677645743e-01
-3.835949098404637259e-04 4.704662052639658754e-01
4.769553750761412747e-02 4.665270070392248947e-01
9.493489880233466072e-02 4.576767353943307359e-01
1.408332544415971943e-01 4.440499461670442405e-01
1.849086277018214819e-01 4.258322807943541455e-01
2.267034943180296913e-01 4.032578681917391439e-01
2.657896387281675765e-01 3.766062003370068689e-01
3.017726188891225458e-01 3.461985246541049444e-01
3.342957920471227862e-01 3.123938015892022690e-01
3.630438597735130002e-01 2.755842803971985111e-01
3.877458969450052195e-01 2.361907500610823940e-01
4.081778360679697570e-01 1.946575254087965501e-01
4.241643853282079935e-01 1.514472308426238756e-01
4.355803658977807635e-01 1.070354456355378236e-01
4.423514612546871061e-01 6.190527546938139752e-02
4.444543784757289950e-01 1.654191479399109641e-02
4.419164285555282068e-01 -2.857273631195719407e-02
4.348145396960312326e-01 -7.296533877454940142e-02
4.232737241155550834e-01 -1.161762050704691629e-01
4.074650251642428778e-01 -1.577641572258778324e-01
3.876029773295510128e-01 -1.973110995816863555e-01
3.639426170040042097e-01 -2.344262580009443264e-01
3.367760866086660920e-01 -2.687500420797711009e-01
3.064288787688920768e-01 -2.999574922599049231e-01
2.732557706823455779e-01 -3.277612794514348504e-01
2.376365019369094667e-01 -3.519142307994379548e-01
1.999712496005426887e-01 -3.722113615179080126e-01
1.606759575329143319e-01 -3.884913985884189125e-01
1.201775775430785620e-01 -4.006377891532181268e-01
7.890927794743549106e-02 -4.085791925053476326e-01
3.730567573070502768e-02 -4.122894607116789345e-01
-4.201853370710960378e-03 -4.117871189749100491e-01
-4.518973470864245945e-02 -4.071343625762868790e-01
-8.524657509798208577e-02 -3.984355926325643393e-01
-1.239773176551516171e-01 -3.858355178861823109e-01
-1.610071288409032353e-01 -3.695168542713854198e-01
-1.959849796933779698e-01 -3.496976580130709000e-01
-2.285868878496769008e-01 -3.266283314795845882e-01
-2.585187918640467486e-01 -3.005883438939592200e-01
-2.855190344661392432e-01 -2.718827112873201113e-01
-3.093604366903299763e-01 -2.408382817393223130e-01
-3.298519501731634884e-01 -2.077998729882811202e-01
-3.468398802877905585e-01 -1.731263099115513959e-01
-3.602086780907332031e-01 -1.371864091865873936e-01
-3.698813042291766440e-01 -1.003549576649472030e-01
-3.758191729316500140e-01 -6.300872965285335414e-02
-3.780216889213245945e-01 -2.552258642738486349e-02
-3.765253944944306208e-01 1.173430103209302348e-02
-3.714027480475824428e-01 4.840206790549944627e-02
-3.627605589747180392e-01 8.413357496971393679e-02
-3.507381074640308904e-01 1.185975999131791414e-01
-3.355049788835651192e-01 1.514817735485432526e-01
-3.172586464194586120e-01 1.824952363660765353e-01
-2.962218378214139802e-01 2.113709956918567723e-01
-2.726397210945225025e-01 2.378679687687340616e-01
-2.467769462829096649e-01 2.617727003922405982e-01
-2.189145803596499462e-01 2.829007482413745111e-01
-1.893469719877380886e-01 3.010977331902980891e-01
-1.583785822097970031e-01 3.162400558922359162e-01
-1.263208159880563897e-01 3.282352847415734853e-01
-9.348888798464605188e-02 3.370222238992996999e-01
-6.019875408371744285e-02 3.425706733705878859e-01
-2.676413795353245820e-02 3.448808961172076804e-01
6.506320526271701897e-03 3.439828098432597403e-01
3.931177084192100102e-02 3.399349233883495192e-01
7.136169016470003679e-02 3.328230395820276910e-01
1.023782361404928648e-01 3.227587479478103982e-01
1.320983989425888738e-01 3.098777317913966600e-01
1.602759404701867563e-01 2.943379149690379948e-01
1.866831116426210802e-01 2.763174740175484145e-01
2.111121417405157352e-01 2.560127413519054373e-01
2.333764966384064832e-01 2.336360249196509642e-01
2.533119055210987791e-01 2.094133690678951776e-01
2.707771582445065994e-01 1.835822804572123657e-01
2.856546778619082350e-01 1.563894416791505315e-01
2.978508752590399711e-01 1.280884342644629803e-01
3.072962937235163006e-01 9.893748933150452174e-02
3.139455536750530573e-01 6.919728497661591093e-02
3.177771099532036847e-01 3.912880725307105179e-02
3.187928333982957274e-01 8.991287562156821678e-03
3.170174302424591528e-01 -2.095977079282395836e-02
3.124977131539486974e-01 -5.047446655138519006e-02
3.053017380427220928e-01 -7.931026649000139095e-02
2.955178207607475072e-01 -1.072336568321332201e-01
2.832534476366626586e-01 -1.340216751554024199e-01
2.686340933943977549e-01 -1.594633194652990138e-01
2.518019594451674781e-01 -1.833608325450929166e-01
2.329146448399560809e-01 -2.055308609670894460e-01
2.121437613549235768e-01 -2.258054892484426812e-01
1.896735032856032288e-01 -2.440331505474157003e-01
1.656991815781444499e-01 -2.600794160198172666e-01
1.404257309575961954e-01 -2.738276654914431618e-01
1.140661977537323901e-01 -2.851796424561616750e-01
8.684021520199769473e-02 -2.940558965904230826e-01
5.897247213645918917e-02 -3.003961169968945022e-01
3.069118021619699627e-02 -3.041593592695425730e-01
2.226544156267351929e-03 -3.053241692297767873e-01
-2.619076111432773468e-02 -3.038886058407189172e-01
-5.433110285966115394e-02 -2.998701653888006802e-01
-8.196738927238302053e-02 -2.933056085546585923e-01
-1.088765514429199943e-01 -2.842506921005971687e-01
-1.348410056353354924e-01 -2.727798040157531911e-01
-1.596500919372197680e-01 -2.589855034870552908e-01
-1.831014861071286470e-01 -2.429779667640510898e-01
-2.050025806695680852e-01 -2.248843365773490199e-01
-2.251718305744017656e-01 -2.048479749606897937e-01
-2.434400582247727152e-01 -1.830276186515740200e-01
-2.596517119840549559e-01 -1.595964362936292402e-01
-2.736660715350346385e-01 -1.347409868641344655e-01
-2.853583927095454942e-01 -1.086600791115472919e-01
-2.946209836616674460e-01 -8.156353231568730378e-02
-3.013642035505935679e-01 -5.367083937839675634e-02
-3.055173742588820351e-01 -2.520973411171312933e-02
-3.070295951260588185e-01 3.585334393788872955e-03
-3.058704502534530523e-01 3.247481627766596324e-02
-3.020305976591066699e-01 6.121575896372593445e-02
-2.955222294547498740e-01 8.956358203053099709e-02
-2.863793923006099917e-01 1.172739206862889461e-01
-2.746581576853625584e-01 1.441045280942816198e-01
-2.604366320913178434e-01 1.698172252233931256e-01
-2.438147978483603817e-01 1.941798853283585868e-01
-2.249141764592325343e-01 2.169684386290590961e-01
-2.038773073938832114e-01 2.379688812915653484e-01
-1.808670367974155313e-01 2.569792714500934716e-01
-1.560656122254713007e-01 2.738116937827297370e-01
-1.296735817519411860e-01 2.882941737043571706e-01
-1.019084961721895416e-01 3.002725191023905560e-01
-7.300341796078317624e-02 3.096120693843538718e-01
-4.320524200859179875e-02 3.161993319927819401e-01
-1.277283406902603516e-02 3.199434831554786030e-01
1.802500290815365475e-02 3.207777121375944840e-01
4.891172226482756041e-02 3.186603882809196375e-01
7.960537206865445081e-02 3.135760309743024221e-01
1.098210610788816211e-01 3.055360638878736323e-01
1.392735323794600522e-01 2.945793363222321548e-01
1.676798224972182727e-01 2.807723963658428357e-01
1.947619816796783976e-01 2.642095027078960601e-01
2.202498290802326619e-01 2.450123644024397584e-01
2.438837149275856209e-01 2.233296005999207134e-01
2.654172603787993134e-01 1.993359152262728640e-01
2.846200447049102578e-01 1.732309847643055678e-01
3.012802087649644744e-01 1.452380606397578877e-01
3.152069434140078452e-01 1.156022911932595432e-01
3.262328315835797965e-01 8.458877178431190025e-02
3.342160132846245246e-01 5.248033517608716864e-02
3.390421437215424549e-01 1.957509793991715416e-02
3.406261160753015216e-01 -1.381621785610963327e-02
3.389135223095798288e-01 -4.737316500164887034e-02
3.338818275668042901e-01 -8.076862763026514125e-02
3.255412363341025350e-01 -1.136720249085920731e-01
3.139352322711986276e-01 -1.457526306907781788e-01
2.991407738319690757e-01 -1.766829740344389998e-01
2.812681357397731619e-01 -2.061422844573446156e-01
2.604603896569734345e-01 -2.338199455271715022e-01
2.368925179798598846e-01 -2.594189165700639954e-01
2.107701621135425474e-01 -2.826590829618171319e-01
1.823280102268273473e-01 -3.032804949347818191e-01
1.518278339959255319e-01 -3.210464550804657535e-01
1.195561883585290475e-01 -3.357464154948414103e-01
8.582179275496278070e-02 -3.471986468040273999e-01
5.095261666881446827e-02 -3.552526431183439803e-01
1.529269643388790449e-02 -3.597912292813771895e-01
-2.080128581305643043e-02 -3.607323395887945261e-01
-5.696362654206071907e-02 -3.580304404230953419e-01
-9.282339085421041636e-02 -3.516775729520403293e-01
-1.280083275237509921e-01 -3.417039961302493767e-01
-1.621488660677492255e-01 -3.281784146791777990e-01
-1.948821509558547604e-01 -3.112077814484585647e-01
-2.258560667078914619e-01 -2.909366685244222928e-01
-2.547332068234371971e-01 -2.675462065881560325e-01
-2.811947392669891244e-01 -2.412525972708460253e-01
-3.049441216088599749e-01 -2.123052085408262679e-01
-3.257106199017347214e-01 -1.809842684154150672e-01
-3.432525869537916829e-01 -1.475981774511690992e-01
-3.573604578311238011e-01 -1.124804654586893521e-01
-3.678594241648781571e-01 -7.598642252571352618e-02
-3.746117480538630473e-01 -3.848943891606838169e-02
-3.775186853197950443e-01 -3.770934785934044933e-04
-3.765219921136119807e-01 3.795296796150432472e-02
-3.716049884304400419e-01 7.609731852062502633e-02
-3.627931612150279150e-01 1.136511521551176601e-01
-3.501542940975640450e-01 1.502127512376757457e-01
-3.337981163958727571e-01 1.853879680391498364e-01
-3.138754697838305741e-01 2.187946675068870861e-01
-2.905769968843325279e-01 2.500670785476146185e-01
-2.641313619229974097e-01 2.788600015034571333e-01
-2.348030193996488435e-01 3.048528206556292419e-01
-2.028895524219526958e-01 3.277532723944570070e-01
-1.687186078239344134e-01 3.473009221405372049e-01
-1.326444603879493034e-01 3.632703061651521015e-01
-9.504424333159404437e-02 3.754736981051109979e-01
-5.631388664463957833e-02 3.837634641564632854e-01
-1.686380880391638581e-02 3.880339756138646012e-01
2.288558919933114666e-02 3.882230525416041633e-01
6.250857576364746149e-02 3.843129178559367976e-01
1.015788325622815624e-01 3.763306468984481956e-01
1.396742349231299141e-01 3.643481036141233975e-01
1.763816123681244408e-01 3.484813606393644680e-01
2.113014328275200637e-01 3.288896068755504665e-01
2.440523546032973001e-01 3.057735523924053900e-01
2.742755925533624795e-01 2.793733469710819040e-01
3.016390424830718286e-01 2.499660329867231801e-01
3.258411155768050071e-01 2.178625623011943846e-01
3.466142386834989431e-01 1.834044102909085650e-01
3.637279741357946072e-01 1.469598242750704831e-01
3.769917216478416155e-01 1.089197498570667888e-01
3.862569687237316085e-01 6.969348227010827013e-02
3.914190613804286456e-01 2.970409334514314062e-02
3.924184727337056144e-01 -1.061631237457149636e-02
3.892415530404240709e-01 -5.083145660154029383e-02
3.819207510587523946e-01 -9.050580402870095353e-02
3.705343029997154591e-01 -1.292094786421879860e-01
3.552053918168005531e-01 -1.665231213366495933e-01
3.361007860322615670e-01 -2.020426311590133028e-01
3.134289736463968801e-01 -2.353837338399579204e-01
2.874378128378711206e-01 -2.661863233115675520e-01
2.584117270598371152e-01 -2.941185246293717137e-01
2.266684776923831857e-01 -3.188804300828710914e-01
1.925555525553132030e-01 -3.402074642478809530e-01
1.564462132504509384e-01 -3.578733382558039189e-01
1.187352484298956345e-01 -3.716925585712422264e-01
7.983448362330811121e-02 -3.815224610156773832e-01
4.016810115858455293e-02 -3.872647465811591694e-01
1.678259397490152859e-04 -3.888665016693217402e-01
-3.973196562399265025e-02 -3.863206916891600007e-01
-7.909915655666868717e-02 -3.796661240505021517e-01
-1.175087588254694754e-01 -3.689868798121536675e-01
-1.545476853047701160e-01 -3.544112248591538838e-01
-1.898193708749721098e-01 -3.361100158451533204e-01
-2.229481852362575900e-01 -3.142946192388866855e-01
-2.535835869615045701e-01 -2.892143708703728278e-01
-2.814039707136584689e-01 -2.611536079338580008e-01
-3.061201634875378441e-01 -2.304283104547784067e-01
-3.274785302028045963e-01 -1.973823937941562301e-01
-3.452636539140392369e-01 -1.623836977897444023e-01
-3.593005612500208001e-01 -1.258197215701285232e-01
-3.694564693768898067e-01 -8.809315588507084238e-02
-3.756420367243277214e-01 -4.961726694032264628e-02
-3.778121058426371914e-01 -1.081118718446714283e-02
-3.759659329921615778e-01 2.790483074524004528e-02
-3.701469053244214047e-01 6.611414065665852102e-02
-3.604417527165190149e-01 1.034083544011750178e-01
-3.469792673878692169e-01 1.393918641555079441e-01
-3.299285502845957230e-01 1.736861831045424520e-01
-3.094968087888164132e-01 2.059340548759455436e-01
-2.859267355286083667e-01 2.358032853057254741e-01
-2.594935028660375065e-01 2.629902538911863541e-01
-2.305014119675780071e-01 2.872230665606460009e-01
-1.992802391626215253e-01 3.082643160985543140e-01
-1.661813255280368828e-01 3.259134216458069444e-01
-1.315734572548548365e-01 3.400085251072133552e-01
-9.583858995272670489e-02 3.504279233133745786e-01
-5.936746799588903806e-02 3.570910273127508860e-01
-2.255518862068750865e-02 3.599588443343797461e-01
1.420323376622977321e-02 3.590339789685915717e-01
5.051725185139047114e-02 3.543601604819462403e-01
8.600506754386870456e-02 3.460213076033410995e-01
1.202977631502062245e-01 3.341401475501786233e-01
1.530432352420524889e-01 3.188764112149181096e-01
1.839098878739123533e-01 3.004246312409690201e-01
2.125900453153073411e-01 2.790115741257335191e-01
2.388030484133114584e-01 2.548933414467233205e-01
2.622980030406855678e-01 2.283521787697907757e-01
2.828561537502631285e-01 1.996930337294983149e-01
3.002928606829501912e-01 1.692399071409745881e-01
3.144591628973263386e-01 1.373320427886028927e-01
3.252429165344419282e-01 1.043200027259601620e-01
3.325695015324965365e-01 7.056167550809708255e-02
3.364020958935266536e-01 3.641826476413857760e-02
3.367415217101880631e-01 2.250304915825688135e-03
3.336256722196200286e-01 -3.158625032578439573e-02
3.271285340006737097e-01 -6.474382277220240567e-02
3.173588230118773446e-01 -9.688684619692261579e-02
3.044582574263826058e-01 -1.276952054281852156e-01
2.885994941081074794e-01 -1.568674422582259087e-01
2.699837582104542277e-01 -1.841236971571693637e-01
2.488382011832058205e-01 -2.092083539794357405e-01
2.254130229435132304e-01 -2.318923668471913335e-01
1.999783934230240923e-01 -2.519752513970843766e-01
1.728212152084873665e-01 -2.692867206822097681e-01
1.442417671944404844e-01 -2.836879562176139458e-01
1.145502701671613360e-01 -2.950725077988978207e-01
8.406341518891759235e-02 -3.033668202916446344e-01
5.310089509382020373e-02 -3.085303900669602029e-01
2.198197836100842378e-02 -3.105555580892566114e-01
-8.977836876626397664e-03 -3.094669507937452546e-01
-3.947005286787916983e-02 -3.053205837741145845e-01
-6.919625283416679096e-02 -2.982026468913193118e-01
-9.787100131153755878e-02 -2.882279926731442510e-01
-1.252245364312788711e-01 -2.755383527676536493e-01
-1.510052295783523291e-01 -2.603003097140588751e-01
-1.749817913280913295e-01 -2.427030533803802292e-01
-1.969452061805350152e-01 -2.229559530732685146e-01
-2.167103823359121106e-01 -2.012859775425861475e-01
-2.341175065316448978e-01 -1.779349958792744435e-01
-2.490330977391002065e-01 -1.531569926432829742e-01
-2.613507572469732643e-01 -1.272152304685732760e-01
-2.709916162896604530e-01 -1.003793928897642324e-01
-2.779044858680908558e-01 -7.292273924053971346e-02
-2.820657167155221634e-01 -4.511930221303528388e-02
-2.834787797963116418e-01 -1.724115554043848669e-02
-2.821735824648345381e-01 1.044421617485319538e-02
-2.782055372038189089e-01 3.767642431750581333e-02
-2.716543991074251152e-01 6.420454009217443914e-02
-2.626228943058995791e-01 8.978929057116255552e-02
-2.512351611612286262e-01 1.142050713565597592e-01
-2.376350275847561311e-01 1.372417614413138642e-01
-2.219841487046241291e-01 1.587063287300210512e-01
-2.044600296421376362e-01 1.784242175710103184e-01
-1.852539583497133657e-01 1.962405125158330765e-01
-1.645688733316335306e-01 2.120208753218378872e-01
-1.426171906294351754e-01 2.256522549119303334e-01
-1.196186137274098948e-01 2.370433725697288774e-01
-9.579794904484757734e-02 2.461249870484147062e-01
-7.138294845776879671e-02 2.528499464816976738e-01
-4.660219886383933779e-02 2.571930359836469004e-01
-2.168307720167791247e-02 2.591506315930785509e-01
3.150212407121348243e-03 2.587401727446199118e-01
2.767850457451649995e-02 2.559994667237989185e-01
5.168942872482473055e-02 2.509858395833151623e-01
7.497904440151920147e-02 2.437751487621876711e-01
9.735334683687042745e-02 2.344606731630654584e-01
1.186296357647567690e-01 2.231518967139489440e-01
1.386377423499219608e-01 2.099732014808652070e-01
1.572211109209644686e-01 1.950624862229795031e-01
1.742377334505172126e-01 1.785697241821717907e-01
1.895609373569371314e-01 1.606554805179186141e-01
2.030800291900490273e-01 1.414893997441595830e-01
2.147007947173521503e-01 1.212486732104956638e-01
2.243458602838720728e-01 1.001165045000394910e-01
2.319549201989478393e-01 7.828058244633798179e-02
2.374848357553413780e-01 5.593157219134153174e-02
2.409096121015762704e-01 3.326163361325578521e-02
2.422202596365762295e-01 1.046297535731252441e-02
2.414245468841355879e-01 -1.227354837298150550e-02
2.385466519441303002e-01 -3.475979214054034788e-02
2.336267196209315944e-01 -5.681161956525176970e-02
2.267203312127502868e-01 -7.825014532679219759e-02
2.178978937260493132e-01 -9.890291543185171508e-02
2.072439549755979993e-01 -1.186050230021162832e-01
1.948564506631027538e-01 -1.372001574343034158e-01
1.808458891160960036e-01 -1.545415852647293864e-01
1.653344789344433630e-01 -1.704930614369561392e-01
1.484552043546369660e-01 -1.849296699238359709e-01
1.303508527213702584e-01 -1.977385927995749804e-01
1.111729980699053821e-01 -2.088198069009694346e-01
9.108094448800796439e-02 -2.180867071700708648e-01
7.024063265733039574e-02 -2.254666556458934101e-01
4.882351278338210171e-02 -2.309014548851364423e-01
2.700538702041887021e-02 -2.343477443576632846e-01
4.965224737296370511e-03 -2.357773161741341661e-01
-1.711604605254731654e-02 -2.351773540966031750e-01
-3.905676948288892836e-02 -2.325505895294607273e-01
-6.067580927020078951e-02 -2.279153680199580423e-01
-8.179380907567235237e-02 -2.213056295182774247e-01
-1.022344614511388194e-01 -2.127707976548699476e-01
-1.218257803014897167e-01 -2.023755751798704816e-01
-1.404013711908452811e-01 -1.901996427584456695e-01
-1.578016931681445467e-01 -1.763372584727343206e-01
-1.738753051072114142e-01 -1.608967556558934531e-01
-1.884800888659232398e-01 -1.439999370842905968e-01
-2.014844408891171279e-01 -1.257813640848599868e-01
-2.127684232314953627e-01 -1.063875397777565568e-01
-2.222248643815893931e-01 -8.597598646824781976e-02
-2.297603997473246784e-01 -6.471421812158144327e-02
-2.352964412388910687e-01 -4.277860989245860224e-02
-2.387700650755073539e-01 -2.035316782567520716e-02
-2.401348067679049680e-01 2.371796917602903183e-03
-2.393613522047363107e-01 2.520108363947788643e-02
-2.364381139132197829e-01 4.793610045181895957e-02
-2.313716818841285994e-01 7.037643694509702896e-02
-2.241871388577936219e-01 9.232150131834346296e-02
-2.149282306669784148e-01 1.135722107063136949e-01
-2.036573831267811385e-01 1.339327220774916005e-01
-1.904555580500088829e-01 1.532121897813173428e-01
-1.754219422401500639e-01 1.712265324915922260e-01
-1.586734657637985657e-01 1.878001997883950447e-01
-1.403441439499494015e-01 2.027679170964610256e-01
-1.205842433430861088e-01 2.159763864757417162e-01
-9.955927272128288485e-02 2.272859313065241915e-01
-7.744880136781867597e-02 2.365720639744320342e-01
-5.444510936681713764e-02 2.437269576189882159e-01
-3.075167686191098218e-02 2.486608031367884275e-01
-6.581521413433912004e-03 2.513030330160677672e-01
1.784460521761131735e-02 2.516033942309858218e-01
4.230014737462368946e-02 2.495328533447394026e-01
6.655478732998769409e-02 2.450843181599122456e-01
9.037658107890797488e-02 2.382731617072325059e-01
1.135341687097689428e-01 2.291375360707548769e-01
1.357990382868752566e-01 2.177384654947083220e-01
1.569478207123818359e-01 2.041597103869096375e-01
1.767645917968775904e-01 1.885073962037527584e-01
1.950431567892625950e-01 1.709094037465202220e-01
2.115892919200635380e-01 1.515145200887810795e-01
2.262229171185141663e-01 1.304913521574442292e-01
2.387801739890600961e-01 1.080270078703901293e-01
2.491153833896759540e-01 8.432555265401085742e-02
2.571028575502330993e-01 5.960625208521879576e-02
2.626385426070826368e-01 3.410161428411805778e-02
2.656414687080828618e-01 8.055248484560290426e-03
2.660549861250395831e-01 -1.828043878438078904e-02
2.638477701290866673e-01 -4.464669516972767649e-02
2.590145742158025399e-01 -7.078099353174586994e-02
2.515767180705788530e-01 -9.641969126517811739e-02
2.415823000174027735e-01 -1.213007571158326164e-01
2.291061243516551438e-01 -1.451665339711732394e-01
2.142493379807163534e-01 -1.677665071349694337e-01
1.971387741408507366e-01 -1.888600467865862997e-01
1.779260044152437548e-01 -2.082190928928889240e-01
1.567861038026027720e-01 -2.256307507998148165e-01
1.339161371329090910e-01 -2.408997660910629779e-01
1.095333786499753242e-01 -2.538508480673140610e-01
8.387328003202469684e-02 -2.643308123696020973e-01
5.718720545426103641e-02 -2.722105148379735384e-01
2.973995546472699147e-02 -2.773865506487872001e-01
1.807104401486433858e-03 -2.797826950928170575e-01
-2.632782121779718779e-02 -2.793510650181994515e-01
-5.437629349385304789e-02 -2.760729829385881184e-01
-8.204783121348607766e-02 -2.699595290642020085e-01
-1.090531115554620456e-01 -2.610517700139473596e-01
-1.351071104824180524e-01 -2.494206566686968385e-01
-1.599322359626368095e-01 -2.351665874839748427e-01
-1.832614176967151953e-01 -2.184186375467512264e-01
-2.048411170033641593e-01 -1.993334576856832241e-01
-2.244342209527555587e-01 -1.780938519753221816e-01
-2.418227849824806652e-01 -1.549070484372782608e-01
-2.568105936947290280e-01 -1.300026719966280997e-01
-2.692255036095945187e-01 -1.036304436020422104e-01
-2.789215383152165439e-01 -7.605763487564320968e-02
-2.857807117321803370e-01 -4.756629766235178497e-02
-2.897145540958619980e-01 -1.845030049867238051e-02
-2.906653198349974931e-01 1.098779557757579434e-02
-2.886068601264283884e-01 4.043998717395264758e-02
-2.835451467606623921e-01 6.959616807082959211e-02
-2.755184380134228506e-01 9.814752011717790825e-02
-2.645970814344131283e-01 1.257899165047353940e-01
-2.508829527832412420e-01 1.522272979289096551e-01
-2.345085347091996619e-01 1.771749821296909333e-01
-2.156356431306325483e-01 2.003628677816132742e-01
-1.944538135649241384e-01 2.215384946662138366e-01
-1.711783638360966642e-01 2.404699235048056716e-01
-1.460481535892387828e-01 2.569484007385902657e-01
-1.193230648170356401e-01 2.707907758958629785e-01
-9.128123110379388061e-02 2.818416419549595320e-01
-6.221604647013519174e-02 2.899751722637035622e-01
-3.243298751458552343e-02 2.950966310732377473e-01
-2.246284958824876134e-03 2.971435385433419119e-01
2.802451732127674358e-02 2.960864751305720688e-01
5.805807618359141303e-02 2.919295145291742055e-01
8.753479540160159778e-02 2.847102787442370442e-01
1.161403617390350806e-01 2.744996159186396389e-01
1.435692346565605737e-01 2.614008964315983619e-01
1.695280435866813873e-01 2.455489379186243382e-01
1.937388521595093116e-01 2.271085771679764442e-01
2.159422555059258009e-01 2.062728973282441647e-01
2.359002725856826632e-01 1.832611326638735605e-01
2.533989996606181849e-01 1.583162747746509336e-01
2.682509938535974636e-01 1.317024077866217613e-01
2.802973589379694208e-01 1.037018032769617543e-01
2.894095090496852651e-01 7.461180857266776212e-02
2.954905898597048886e-01 4.474156452627661013e-02
2.984765408390437358e-01 1.440859089025964268e-02
2.983367865407099973e-01 -1.606472103977613086e-02
2.950745492572880435e-01 -4.635466778331959886e-02
2.887267799337400187e-01 -7.613980374657762507e-02
2.793637087648170314e-01 -1.051044806684544169e-01
2.670880214277839837e-01 -1.329423155574858961e-01
2.520336713369907833e-01 -1.593595471913241690e-01
2.343643426015096232e-01 -1.840782426910143599e-01
2.142715824669862157e-01 -2.068393175886338031e-01
1.919726258771561611e-01 -2.274053351529282119e-01
1.677079383517317279e-01 -2.455630534918735453e-01
1.417385066021445983e-01 -2.611256920769354228e-01
1.143429091561541794e-01 -2.739348927899249442e-01
8.581420170286589710e-02 -2.838623543344094835e-01
5.645665567746695201e-02 -2.908111252947335745e-01
2.658238176348595716e-02 -2.947165361899192759e-01
-3.492115991785144959e-03 -2.955467645103230789e-01
-3.344941337313233481e-02 -2.933030349674782267e-01
-6.297463255789333136e-02 -2.880194478666326385e-01
-9.175886013366366112e-02 -2.797624420016512348e-01
-1.195024778392523440e-01 -2.686299007307055287e-01
-1.459183686288881288e-01 -2.547499140170539911e-01
-1.707349624351108819e-01 -2.382792131534147151e-01
-1.936990881961889177e-01 -2.194012985835697427e-01
-2.145786012877005933e-01 -1.983242846470801013e-01
-2.331647584189054379e-01 -1.752784881626247293e-01
-2.492743152824095088e-01 -1.505137904974130914e-01
-2.627513257365960420e-01 -1.242968051142677582e-01
-2.734686250076585057e-01 -9.690788451962706329e-02
-2.813289832729189421e-01 -6.863800203579917270e-02
-2.862659199789915898e-01 -3.978554487604729628e-02
-2.882441733059342148e-01 -1.065305560416707036e-02
-2.872598232603728041e-01 1.845604079026138752e-02
-2.833400709157499198e-01 4.724068726931355405e-02
-2.765426802666303141e-01 7.540538638361360402e-02
-2.669550929785376447e-01 1.026632981369329373e-01
-2.546932299497272068e-01 1.287392106103658618e-01
-2.398999970142729199e-01 1.533723518178639333e-01
-2.227435152681049857e-01 1.763190135508369283e-01
-2.034151017322959609e-01 1.973549627941241225e-01
-1.821270180207016642e-01 2.162776112814770169e-01
-1.591100222711580026e-01 2.329079241196372052e-01
-1.346107577616754980e-01 2.470920565799601953e-01
-1.088890017424561929e-01 2.587026988556149765e-01
-8.221480958992842536e-02 2.676401200517761203e-01
-5.486558720261245498e-02 2.738329046222381380e-01
-2.712312477857031778e-02 2.772383780728905900e-01
7.293750613240793752e-04 2.778427223239637311e-01
2.841024240022999026e-02 2.756607846155311736e-01
5.564222692751048804e-02 2.707355872130954300e-01
8.215529641984187226e-02 2.631375483833455209e-01
1.076893182083705630e-01 2.529634281285166875e-01
1.319965969399441164e-01 2.403350149587487050e-01
1.548442441079448395e-01 2.253975725167594590e-01
1.760163572288202527e-01 2.083180671234103054e-01
1.953159891383846325e-01 1.892831992660216345e-01
2.125668906400820513e-01 1.684972636877719310e-01
2.276150126173622223e-01 1.461798640448988551e-01
2.403297566853007661e-01 1.225635090720491871e-01
2.506049664638737018e-01 9.789111783289977664e-02
2.583596545686998591e-01 7.241346193544118126e-02
2.635384633975592084e-01 4.638657256575538096e-02
2.661118607071115694e-01 2.006913985146679957e-02
2.660760737905561446e-01 -6.280068579144728463e-03
2.634527716519131091e-01 -3.240474572444146384e-02
2.582884945977212410e-01 -5.805351109335953746e-02
2.506538503740968205e-01 -8.298228123427363323e-02
2.406424953271057987e-01 -1.069565291956239977e-01
2.283699067477622524e-01 -1.297534081759602054e-01
2.139719667169789619e-01 -1.511637226570167469e-01
1.976033759613037843e-01 -1.709937312880073224e-01
1.794359173983218203e-01 -1.890667679970585158e-01
1.596565899590213500e-01 -2.052246700778349864e-01
1.384656339235138256e-01 -2.193290043057746219e-01
1.160744694000419575e-01 -2.312620844496911521e-01
9.270356972225596293e-02 -2.409277758328295382e-01
6.858029144633583096e-02 -2.482520848364704880e-01
4.393668231049242118e-02 -2.531835334045026142e-01
1.900728798989819932e-02 -2.556933206769320677e-01
-5.973022242529359149e-03 -2.557752758344383759e-01
-3.077119173584824674e-02 -2.534456080578480486e-01
-5.515805639827459084e-02 -2.487424611816199393e-01
-7.891035137193572191e-02 -2.417252821377817718e-01
-1.018126287591630263e-01 -2.324740136378486699e-01
-1.236590720968487045e-01 -2.210881227195198306e-01
-1.442551947248014443e-01 -2.076854777896845750e-01
-1.634194106889985121e-01 -1.924010876254078906e-01
-1.809844683406948151e-01 -1.753857164526119450e-01
-1.967987383182057126e-01 -1.568043897129396680e-01
-2.107273524262877895e-01 -1.368348042039946588e-01
-2.226531774952856257e-01 -1.156656600089748244e-01
-2.324776282761486235e-01 -9.349493074929027259e-02
-2.401213231464664755e-01 -7.052808219836331771e-02
-2.455245710714130114e-01 -4.697625721221947853e-02
-2.486476934128526439e-01 -2.305444102069466664e-02
-2.494711818361761702e-01 1.020378981524877387e-03
-2.479956946466047862e-01 2.503104528379615501e-02
-2.442418948822251967e-01 4.876204103017092728e-02
-2.382501343996181464e-01 7.200126698590282592e-02
-2.300799890110798163e-01 9.454177280429856833e-02
-2.198096504731193446e-01 1.161834313558019471e-01
-2.075351817885126848e-01 1.367345455556799039e-01
-1.933696428741714934e-01 1.560133778096364776e-01
-1.774420941708041155e-01 1.738495928809684343e-01
-1.598964862347630189e-01 1.900856056628642821e-01
-1.408904437649067254e-01 2.045778260110833191e-01
-1.205939528851568410e-01 2.171977934530343879e-01
-9.918796083394637586e-02 2.278331952382388337e-01
-7.686289751174910090e-02 2.363887618327854823e-01
-5.381712861354458893e-02 2.427870345884782788e-01
-3.025535032973064239e-02 2.469690009389367003e-01
-6.386935840953015392e-03 2.488945930939482354e-01
1.757575593730821215e-02 2.485430468247087354e-01
4.141909868396494165e-02 2.459131175616415810e-01
6.492993675826455591e-02 2.410231510883416028e-01
8.789732087931000082e-02 2.339110074945972839e-01
1.101142377763011243e-01 2.246338405920808023e-01
1.313793296403975852e-01 2.132677289703115986e-01
1.514985807567711951e-01 1.999071603581715484e-01
1.702869632096312980e-01 1.846643709798475030e-01
1.875700298553910350e-01 1.676685422101163170e-01
2.031854427182301359e-01 1.490648577101599259e-01
2.169844249750913778e-01 1.290134251444215452e-01
2.288331247733206286e-01 1.076880675397426379e-01
2.386138792736781644e-01 8.527499034682180235e-02
2.462263675442094846e-01 6.197133129579993766e-02
2.515886412560882635e-01 3.798360119560677955e-02
2.546380225600378688e-01 1.352602490191978472e-02
2.553318590594555459e-01 -1.118120723921194916e-02
2.536481264508920752e-01 -3.591376608786901736e-02
2.495858701796645485e-01 -6.044507610408098724e-02
2.431654783620206539e-01 -8.454825997094464474e-02
2.344287792574697160e-01 -1.079981210031200622e-01
2.234389577355997414e-01 -1.305731479869619016e-01
2.102802864686448003e-01 -1.520575262721481635e-01
1.950576689895906213e-01 -1.722431382093099761e-01
1.778959932786307596e-01 -1.909315354214035920e-01
1.589392961687298156e-01 -2.079358649255715619e-01
1.383497405818491233e-01 -2.230827308034475376e-01
1.163064057677472701e-01 -2.362139731145717902e-01
9.300390716894074705e-02 -2.471883435293792675e-01
6.865084653644364099e-02 -2.558830639781934368e-01
4.346809386431314121e-02 -2.621952483102137910e-01
1.768692363660574404e-02 -2.660431685746004749e-01
-8.452984809248961437e-03 -2.673673505869719191e-01
-3.470566763128331289e-02 -2.661314835756754538e-01
-6.082110060088050801e-02 -2.623231299943586947e-01
-8.654750837796659768e-02 -2.559542230933462004e-01
-1.116337387928615366e-01 -2.470613415547349700e-01
-1.358316806010577138e-01 -2.357057524042288910e-01
-1.588987019751678664e-01 -2.219732155024681242e-01
-1.806000860013050047e-01 -2.059735451726055766e-01
-2.007114386775017412e-01 -1.878399269186263598e-01
-2.190210443896096482e-01 -1.677279897068735259e-01
-2.353321435830844632e-01 -1.458146368951605820e-01
-2.494651073719182655e-01 -1.222966415709589028e-01
-2.612594841402570700e-01 -9.738901477152650532e-02
-2.705758938059507623e-01 -7.132315777181034988e-02
-2.772977463326399827e-01 -4.434481230644132105e-02
-2.813327622982466636e-01 -1.671182520518455297e-02
-2.826142748489872125e-01 1.130825356859948422e-02
-2.811022941811703868e-01 3.944071811493024549e-02
-2.767843177856832426e-01 6.740637546902249200e-02
-2.696758720456245983e-01 9.492431059492503764e-02
-2.598207698590632719e-01 1.217147210600810769e-01
-2.472910855465630664e-01 1.475017883792236195e-01
-2.321868351671498854e-01 1.720165618082525327e-01
-2.146353512436299793e-01 1.949998231299659990e-01
-1.947903628871978654e-01 2.162048976352408669e-01
-1.728307819016473845e-01 2.354003813636942333e-01
-1.489592021029695901e-01 2.523727532497798687e-01
-1.234001225070347485e-01 2.669288413971238616e-01
-9.639790841528107779e-02 2.788981136617818546e-01
-6.821450772239097404e-02 2.881347640621599315e-01
-3.912694293729577361e-02 2.945195682426615669e-01
-9.424602406528717613e-03 2.979614832876740782e-01
2.059364298487888212e-02 2.983989695952103949e-01
5.062246882515467061e-02 2.958010152533562254e-01
8.035324084505611475e-02 2.901678463908464733e-01
1.094772402682319401e-01 2.815313102643451360e-01
1.376889363003294120e-01 2.699549213638898215e-01
1.646892700312805602e-01 2.555335645252683197e-01
1.901889132475917676e-01 2.383928528913228095e-01
2.139114652975377950e-01 2.186881425179890148e-01
2.355965512348366375e-01 1.966032094277331554e-01
2.550027849931001955e-01 1.723485989237557581e-01
2.719105623159298046e-01 1.461596609426983606e-01
2.861246495819713132e-01 1.182942890911088257e-01
2.974765365107549520e-01 8.903038473139673892e-02
3.058265197730468676e-01 5.866306949115458746e-02
3.110654994924300087e-01 2.750168042461391404e-02
3.131164600078067961e-01 -4.133427713766736102e-03
3.119356061950182557e-01 -3.591424025053870095e-02
3.075131478112733685e-01 -6.750855897780794201e-02
2.998737159264728835e-01 -9.858356132162761354e-02
2.890764024542952781e-01 -1.288094028312506689e-01
2.752144180940611640e-01 -1.578628225277917130e-01
2.584143684052757628e-01 -1.854307101284083936e-01
2.388351522067162502e-01 -2.112135941285322449e-01
2.166664909658761740e-01 -2.349290101866413072e-01
1.921271022666424522e-01 -2.563147102139382016e-01
1.654625347574093241e-01 -2.751316740190473120e-01
1.369426861332845302e-01 -2.911668872830462940e-01
1.068590296409773766e-01 -3.042358520240929232e-01
7.552157826191234491e-02 -3.141847985287442024e-01
4.325561907956334412e-02 -3.208925709481220134e-01
1.039825332598876342e-02 -3.242721623451600421e-01
-2.270521981066629322e-02 -3.242718788930155083e-01
-5.570503538729037335e-02 -3.208761171185096628e-01
-8.825076900527284440e-02 -3.141057425083360610e-01
-1.199951741118190224e-01 -3.040180623965116347e-01
-1.505980065327694184e-01 -2.907063907732347352e-01
-1.797297923174106526e-01 -2.742992074400260605e-01
-2.070754953569329815e-01 -2.549589187246251165e-01
-2.323380393433219782e-01 -2.328802296424774265e-01
-2.552416504338249625e-01 -2.082881515834922037e-01
-2.755349782511355428e-01 -1.814356592474182239e-01
-2.929939509063272385e-01 -1.526010196018524612e-01
-3.074243381979088197e-01 -1.220848289184721935e-01
-3.186639900546201498e-01 -9.020678801831369387e-02
-3.265847232675135325e-01 -5.730225170159284481e-02
-3.310938335899843432e-01 -2.371859113468901409e-02
-3.321352146098068836e-01 1.018858969393882617e-02
-3.296900693622486500e-01 4.405934048666521052e-02
-3.237772054020035539e-01 7.753330981898538810e-02
-3.144529089256011822e-01 1.102537038858370927e-01
-3.018103984748823354e-01 1.418712134434128025e-01
-2.859788636949631146e-01 1.720478638618374578e-01
-2.671220995054824909e-01 2.004607440326017231e-01
-2.454367508111927332e-01 2.268055712382689715e-01
-2.211501874678329926e-01 2.508000509744023332e-01
-1.945180335747189737e-01 2.721869930919418312e-01
-1.658213792324927383e-01 2.907371484731280931e-01
-1.353637066326247029e-01 3.062517337303047871e-01
-1.034675656884610079e-01 3.185646150838127855e-01
-7.047103733473895903e-02 3.275441265870886465e-01
-3.672402507786722697e-02 3.330945021739639689e-01
-2.584417343143406362e-03 3.351569055513703432e-01
3.158583538598710300e-02 3.337100466934989629e-01
6.542468142137755627e-02 3.287703760732944014e-01
9.857392727735572735e-02 3.203918637272216152e-01
1.306831488740748393e-01 3.086653590916357826e-01
1.614135034316807327e-01 2.937175362475787921e-01
1.904414053715030586e-01 2.757094457359527406e-01
2.174620231077052379e-01 2.548346876951360085e-01
2.421925575604624015e-01 2.313172283485336878e-01
2.643752659250739323e-01 2.054088859368226605e-01
2.837801973585061810e-01 1.773865159250782308e-01
3.002076107549147554e-01 1.475489286743061623e-01
3.134900486292792054e-01 1.162135757109227924e-01
3.234940452639673003e-01 8.371304322270889386e-02
3.301214516440810764e-01 5.039139342791729842e-02
3.333103642584161475e-01 1.660039598397958921e-02
3.330356495165629482e-01 -1.730430739144801430e-02
3.293090602706827408e-01 -5.096706142998222444e-02
3.221789456741145918e-01 -8.403603533474948706e-02
3.117295602999043957e-01 -1.161669972556739067e-01
2.980799830234946990e-01 -1.470269832236322793e-01
2.813826605899981681e-01 -1.762978201044440862e-01
2.618215949851303015e-01 -2.036794641546985363e-01
2.396101976607513395e-01 -2.288931192188981001e-01
2.149888372856728069e-01 -2.516841014666856280e-01
1.882221109590240804e-01 -2.718244207906544418e-01
1.595958717010569072e-01 -2.891150525259336135e-01
1.294140492537229903e-01 -3.033878741884770136e-01
9.799529741177884223e-02 -3.145072579544389013e-01
6.566950694480731821e-02 -3.223712971095417101e-01
3.277422976413131572e-02 -3.269126517773898732e-01
-3.489499265973405049e-04 -3.280990172028936946e-01
-3.335805578237544672e-02 -3.259332103051546525e-01
-6.591433053429450462e-02 -3.204528776569932624e-01
-9.768577887663036641e-02 -3.117298322964021651e-01
-1.283506039140599464e-01 -2.998690308752654521e-01
-1.576005007730871543e-01 -2.850072065552376466e-01
-1.851437730938919335e-01 -2.673111767254962023e-01
-2.107082405971610894e-01 -2.469758480017618385e-01
-2.340439087286331488e-01 -2.242219440343315995e-01
-2.549253744822052581e-01 -1.992934843734042172e-01
-2.731539458476978099e-01 -1.724550449861484980e-01
-2.885594558766457207e-01 -1.439888329705178438e-01
-3.010017560620252830e-01 -1.141916095498783923e-01
-3.103718775378523920e-01 -8.337149654977864255e-02
-3.165928524739961003e-01 -5.184470224886487261e-02
-3.196201919224913590e-01 -1.993220276075995459e-02
-3.194420202172151835e-01 1.204358505123765723e-02
-3.160788697936125491e-01 4.376210368825222963e-02
-3.095831439359397752e-01 7.490789367618214123e-02
-3.000382584355493210e-01 1.051737376172301452e-01
-2.875574764175065634e-01 1.342636781517370925e-01
-2.722824548335346928e-01 1.618958773715538646e-01
-2.543815203964213678e-01 1.878053000206137690e-01
-2.340476964052826403e-01 2.117461885861577631e-01
-2.114965098606762517e-01 2.334943028087697048e-01
-1.869636023896149579e-01 2.528489139231468452e-01
-1.607021735368250326e-01 2.696345345094974255e-01
-1.329802855954380636e-01 2.837023711524224168e-01
-1.040780599357647995e-01 2.949314903137643662e-01
-7.428479522429953796e-02 3.032296910521006805e-01
-4.389603801274634398e-02 3.085340814258777375e-01
-1.321063592895137598e-02 3.108113585627662601e-01
1.747219686764609967e-02 3.100577954298697758e-01
4.785577317630943656e-02 3.062989402655451610e-01
7.764875755684687297e-02 2.995890374042503024e-01
1.065678962232536053e-01 2.900101808145591487e-01
1.343406274566870395e-01 2.776712140541785501e-01
1.607075498174267980e-01 2.627063925049271109e-01
1.854247274630050901e-01 2.452738256693271224e-01
2.082658140522643808e-01 2.255537189766031458e-01
2.290239790018382959e-01 2.037464359511407808e-01
2.475136222315559853e-01 1.800704027361901272e-01
2.635718659580577605e-01 1.547598778388136476e-01
2.770598145418222136e-01 1.280626105712079910e-01
2.878635758334059380e-01 1.002374120143056935e-01
2.958950398731323150e-01 7.155166243070430754e-02
3.010924137963237879e-01 4.227878199579518381e-02
3.034205128679819397e-01 1.269567865567283044e-02
3.028708079789974583e-01 -1.691979725081740188e-02
2.994612378780313611e-01 -4.629136333844689061e-02
2.932357914588144543e-01 -7.514676886213704499e-02
2.842638684529693038e-01 -1.032201885139666236e-01
2.726394285410114193e-01 -1.302545274630293737e-01
2.584799403491109815e-01 -1.560036200953593966e-01
2.419251430873171627e-01 -1.802343063253610822e-01
2.231356347045357347e-01 -2.027283708334976786e-01
2.022913013873344212e-01 -2.232843321178958063e-01
1.795896040165069207e-01 -2.417190698115243286e-01
1.552437378221450393e-01 -2.578692802945042883e-01
1.294806819513449891e-01 -2.715927522071741040e-01
1.025391559906637939e-01 -2.827694550296874776e-01
7.466750067726907192e-02 -2.913024354258491599e-01
4.612150009849289023e-02 -2.971185175421158786e-01
1.716216262988297728e-02 -3.001688048986099755e-01
-1.194652229218269059e-02 -3.004289829008808255e-01
-4.093983471471110414e-02 -2.978994223340910574e-01
-6.955456551069620630e-02 -2.926050854721159999e-01
-9.753123240430668084e-02 -2.845952376411492457e-01
-1.246162550284686948e-01 -2.739429682206663830e-01
-1.505640738846270588e-01 -2.607445261451510898e-01
-1.751391986412610402e-01 -2.451184759900046639e-01
-1.981181719024610877e-01 -2.272046848058006663e-01
-2.192914362923541194e-01 -2.071631381731503518e-01
-2.384650887580788692e-01 -1.851726004898766598e-01
-2.554625125543154018e-01 -1.614291357725916587e-01
-2.701258761196025371e-01 -1.361444898302472117e-01
-2.823174878011958655e-01 -1.095443480003627512e-01
-2.919209967724649135e-01 -8.186648027177809150e-02
-2.988424313054808823e-01 -5.335878628042864391e-02
-3.030110664138032095e-01 -2.427725329499646686e-02
-3.043801137699404524e-01 5.116159092581504426e-03
-3.029272277322789808e-01 3.455569329200152556e-02
-2.986548222913213424e-01 6.377401224615233954e-02
-2.915901947686275753e-01 9.250444687116193831e-02
-2.817854531772949200e-01 1.204832566618544432e-01
-2.693172452829316055e-01 1.474518873255219187e-01
-2.542862885908058757e-01 1.731592089712572780e-01
-2.368167017290234710e-01 1.973637181133421348e-01
-2.170551389987457336e-01 2.198356865547709260e-01
-1.951697312186763678e-01 2.403592401110575261e-01
-1.713488373987241964e-01 2.587343501256326173e-01
-1.457996132315571292e-01 2.747787208272275405e-01
-1.187464038834764174e-01 2.883295557974573931e-01
-9.042897008856322361e-02 2.992451871638056593e-01
-6.110055809134066346e-02 3.074065516192030501e-01
-3.102582553036885640e-02 3.127184980032579609e-01
-4.786373781100845479e-04 3.151109150611610676e-01
3.026025579826609191e-02 3.145396567179393754e-01
6.090563609718502303e-02 3.109872579335262177e-01
9.117031618704656004e-02 3.044634370275214330e-01
1.207676996639802519e-01 2.950053654694378413e-01
1.494143821430589936e-01 2.826776999938889201e-01
1.768327714170050413e-01 2.675723707668772877e-01
2.027537040641169408e-01 2.498081212593097067e-01
2.269190351016849017e-01 2.295297975548309111e-01
2.490841766829061388e-01 2.069073870171953267e-01
2.690205614435287607e-01 1.821348085509384429e-01
2.865180059369234478e-01 1.554284590885398609e-01
3.013869496689063343e-01 1.270255234054083748e-01
3.134605455700513743e-01 9.718205687619302369e-02
3.225965783344646454e-01 6.617085331525007774e-02
3.286791879180933629e-01 3.427911256173004489e-02
3.316203766314430035e-01 1.805924945250186918e-03
3.313612796823497408e-01 -3.094040783017788787e-02
3.278731807217861172e-01 -6.364519355086566132e-02
3.211582559132369896e-01 -9.599028811738026523e-02
3.112500322736455605e-01 -1.276571259537361280e-01
2.982135485069427605e-01 -1.583298144472551350e-01
2.821452092513259124e-01 -1.876982631187147643e-01
2.631723265664167588e-01 -2.154613169407821049e-01
2.414523455700500476e-01 -2.413298622324465681e-01
2.171717554471066514e-01 -2.650298758692223311e-01
1.905446846884135403e-01 -2.863053766801811895e-01
1.618111930575642787e-01 -3.049212510345030713e-01
1.312352708943108348e-01 -3.206659276509986056e-01
9.910255565781350695e-02 -3.333538613333911771e-01
6.571778470349708134e-02 -3.428277980456907459e-01
3.140200491940031702e-02 -3.489607925968206681e-01
-3.510436939203930799e-03 -3.516579521150123289e-01
-3.867509633869064406e-02 -3.508578807724162529e-01
-7.374079577850578548e-02 -3.465338038535243914e-01
-1.083531200601051403e-01 -3.386943522268250906e-01
-1.421580074829839890e-01 -3.273839915520104782e-01
-1.748054005080651174e-01 -3.126830841045177278e-01
-2.059529178697385443e-01 -2.947075748901170633e-01
-2.352695089597073574e-01 -2.736082977152569096e-01
-2.624390505746871383e-01 -2.495699010306883514e-01
-2.871638458373654834e-01 -2.228093976298786139e-01
-3.091679852820625740e-01 -1.935743466103939381e-01
-3.282005307538730099e-01 -1.621406803440607891e-01
-3.440384839074510648e-01 -1.288101934969542450e-01
-3.564895027076570022e-01 -9.390771533886566047e-02
-3.653943314213717319e-01 -5.777799062940976171e-02
-3.706289121339730874e-01 -2.078229821041253228e-02
-3.721061488049924870e-01 1.670515998096200327e-02
-3.697772982689475629e-01 5.430106348737025190e-02
-3.636329680560404509e-01 9.161693535925691245e-02
-3.537036969104521145e-01 1.282632125807912360e-01
-3.400601112304393325e-01 1.638533848187980757e-01
-3.228126504907770644e-01 1.980081635783145777e-01
-3.021108520425681565e-01 2.303596274504661479e-01
-2.781421987438379428e-01 2.605552990144123782e-01
-2.511305356779001130e-01 2.882621066009843913e-01
-2.213340673077127119e-01 3.131701846673025647e-01
-1.890429514624124285e-01 3.349964676370186800e-01
-1.545765114933809192e-01 3.534880337268514472e-01
-1.182800927081956721e-01 3.684251574964646503e-01
-8.052159372928763270e-02 3.796240326078805793e-01
-4.168770766956188950e-02 3.869391295377513362e-01
-2.179911911829981834e-03 3.902651567191798287e-01
3.758975123164362553e-02 3.895385977609500117e-01
7.720305766886459420e-02 3.847388019562896777e-01
1.162401006422827260e-01 3.758886102001465779e-01
1.542838559677748300e-01 3.630545036276907611e-01
1.909247621362978597e-01 3.463462677071118545e-01
2.257652631920019637e-01 3.259161701026489499e-01
2.584242620937509671e-01 3.019576563020628379e-01
2.885414326885311076e-01 2.747035727071120981e-01
3.157813394783839378e-01 2.444239325454142520e-01
3.398373160424648654e-01 2.114232455063546900e-01
3.604350552696815035e-01 1.760374373619921773e-01
3.773358697654297655e-01 1.386303885116816348e-01
3.903395737988147873e-01 9.959013387672509265e-02
3.992869575916865865e-01 5.932476265531506920e-02
4.040618251979721243e-01 1.825805555932913729e-02
4.045925611777958508e-01 -2.317508561925548174e-02
4.008532069682389509e-01 -6.453336711079969701e-02
3.928640306443507701e-01 -1.053739377584514969e-01
3.806915796033727428e-01 -1.452572742167999864e-01
3.644482117235159357e-01 -1.837520608296177582e-01
3.442911066728128189e-01 -2.204400078769386262e-01
3.204207651982183269e-01 -2.549205521803906693e-01
2.930790103339382946e-01 -2.868153850357429424e-01
2.625465104544861816e-01 -3.157727540963760071e-01
2.291398498867530109e-01 -3.414714881455357398e-01
1.932081783128801744e-01 -3.636246966449088180e-01
1.551294753713245156e-01 -3.819830995000954577e-01
1.153064716304636195e-01 -3.963379465998573825e-01
7.416227140538593499e-02 -4.065234913179996967e-01
3.213572665779019372e-02 -4.124189872599587914e-01
-1.032338558884613768e-02 -4.139501830299015528e-01
-5.275932731438949530e-02 -4.110902956222576288e-01
-9.471544812595951435e-02 -4.038604491332907220e-01
-1.357392602843386920e-01 -3.923295717690686857e-01
-1.753874814425949724e-01 -3.766137505186833989e-01
-2.132309865830465945e-01 -3.568750492867562851e-01
-2.488596144265451393e-01 -3.333198007493429760e-01
-2.818867626368485868e-01 -3.061963948092476517e-01
-3.119537259105094051e-01 -2.757925877596394959e-01
-3.387337310586651662e-01 -2.424323562362341589e-01
-3.619356125292745863e-01 -2.064723367905541562e-01
-3.813070884880787048e-01 -1.682978904955922672e-01
-3.966375989973112692e-01 -1.283188377274728786e-01
-4.077606729755856030e-01 -8.696491223211816335e-02
-4.145557961774514744e-01 -4.468098695984989988e-02
-4.169497583282180675e-01 -1.922126890644368065e-03
-4.149174637156960443e-01 4.085147385623216776e-02
-4.084821958989714452e-01 8.317961195836731658e-02
-3.977153336661318761e-01 1.246071925383577805e-01
-3.827355218775121415e-01 1.646892852466710078e-01
-3.637073072875914304e-01 2.029960602777870771e-01
-3.408392557668836753e-01 2.391175473033431143e-01
-3.143815734664405226e-01 2.726681624812350990e-01
-2.846232603060777633e-01 3.032909515370004194e-01
-2.518888296509822489e-01 3.306615003769424743e-01
-2.165346331024718962e-01 3.544914687370920303e-01
-1.789448339053559822e-01 3.745317069466355675e-01
-1.395270765109345446e-01 3.905749209306306757e-01
-9.870790328252571078e-02 4.024578560305897001e-01
-5.692797214854472543e-02 4.100629760137249891e-01
-1.463713116374094902e-02 4.133196196991335558e-01
2.771059596126879826e-02 4.122046226563993443e-01
6.966204442079824977e-02 4.067424011673297923e-01
1.107699126795147065e-01 3.970045013834401226e-01
1.505976854643309715e-01 3.831086164519124093e-01
1.887244085585754738e-01 3.652170885561299984e-01
2.247492647055436832e-01 3.435349153979990189e-01
2.582958990332455129e-01 3.183072868317411985e-01
2.890164456808428373e-01 2.898166827441406856e-01
3.165952111393806612e-01 2.583795682502550428e-01
3.407519741635362531e-01 2.243427267773204781e-01
3.612448669096399168e-01 1.880792755903693825e-01
3.778728071451756265e-01 1.499844117253666398e-01
3.904774568888216835e-01 1.104709391014789405e-01
3.989446886067411491e-01 6.996462975349140856e-02
4.032055460364876165e-01 2.889947363680565873e-02
4.032366927591515271e-01 -1.228712770208065241e-02
3.990603477171350555e-01 -5.315916813149287878e-02
3.907437129034940781e-01 -9.328678966442975617e-02
3.783979043547305299e-01 -1.322509271234976469e-01
3.621764032901750863e-01 -1.696477927524812357e-01
3.422730496888108376e-01 -2.050931511941736507e-01
3.189196057138284357e-01 -2.382263382332593382e-01
2.923829211265069339e-01 -2.687139802098394425e-01
2.629617371200325682e-01 -2.962533749938920380e-01
2.309831688026901808e-01 -3.205754998183012461e-01
1.967989061726272970e-01 -3.414476156451048405e-01
1.607811910200387384e-01 -3.586754427338894047e-01
1.233186104910946601e-01 -3.721048912941485876e-01
8.481174951353534497e-02 -3.816233297270639757e-01
4.566876402835173127e-02 -3.871603823004351463e-01
6.300922335437171562e-03 -3.886882537082972933e-01
-3.288183483764126058e-02 -3.862215830803810701e-01
-7.147526588802206871e-02 -3.798168354236461930e-01
-1.090850833886820026e-01 -3.695712437148866436e-01
-1.453310466007247670e-01 -3.556213198578127010e-01
-1.798508480104232532e-01 -3.381409574121476691e-01
-2.123037535310711987e-01 -3.173391533430589551e-01
-2.423739595148827197e-01 -2.934573799790410331e-01
-2.697736336028540571e-01 -2.667666418635699643e-01
-2.942456106454884313e-01 -2.375642552053010559e-01
-3.155657193962893015e-01 -2.061703901449253307e-01
-3.335447203523507764e-01 -1.729244180427767508e-01
-3.480298399301798296e-01 -1.381811074358373082e-01
-3.589058910574645656e-01 -1.023067132091594056e-01
-3.660959751705140097e-01 -6.567500387537109074e-02
-3.695617654712954336e-01 -2.866327166439580285e-02
-3.693033760580687330e-01 8.351630591818535662e-03
-3.653588261428983297e-01 4.499718301703320433e-02
-3.578031129545315436e-01 8.090898162862890375e-02
-3.467469110470318694e-01 1.157343717390881682e-01
-3.323349158455621843e-01 1.491358959558749531e-01
-3.147438674110439871e-01 1.807945201526141021e-01
-2.941802758546009922e-01 2.104126124433224332e-01
-2.708778708342116093e-01 2.377166469609901522e-01
-2.450948193298138067e-01 2.624596071376243400e-01
-2.171107429927072452e-01 2.844230707216545695e-01
-1.872235712093552884e-01 3.034189614860454687e-01
-1.557462668987756316e-01 3.192909566581709768e-01
-1.230034624844493357e-01 3.319155431897797826e-01
-8.932804345490301390e-02 3.412027200312405251e-01
-5.505771646634512184e-02 3.470963475298105561e-01
-2.053159806574175739e-02 3.495741488907813110e-01
1.391314115186024873e-02 3.486473722801817776e-01
4.794454376312237004e-02 3.443601255692051999e-01
8.123901287762247403e-02 3.367883988888853430e-01
1.134843106494747567e-01 3.260387930485471597e-01
1.443823814461261679e-01 3.122469744478716391e-01
1.736519758913212252e-01 2.955758793597821343e-01
2.010310548799582875e-01 2.762136923647056652e-01
2.262789556711590488e-01 2.543716252662627242e-01
2.491783052596840964e-01 2.302815240094348292e-01
2.695366693627647137e-01 2.041933319551850756e-01
2.871879284986053604e-01 1.763724383456464206e-01
3.019933757350796166e-01 1.470969409312598286e-01
3.138425337156096062e-01 1.166548515398242031e-01
3.226536879886489628e-01 8.534127150980053145e-02
3.283741499348568071e-01 5.345557016436106035e-02
3.309802499324328018e-01 2.129858607404200299e-02
3.304770606267851685e-01 -1.083012422872676322e-02
3.268978712487035643e-01 -4.263496153311461395e-02
3.203034224102341843e-01 -7.382686336181520925e-02
3.107809156770295900e-01 -1.041257673766624869e-01
2.984428137201481923e-01 -1.332629405841165571e-01
2.834254481052638219e-01 -1.609831581712231063e-01
2.658874527833540169e-01 -1.870467178797650121e-01
2.460080421082170288e-01 -2.112312779264637064e-01
2.239851527301179035e-01 -2.333335085721777169e-01
2.000334690121029491e-01 -2.531705495069930256e-01
1.743823516994819633e-01 -2.705812672271271091e-01
1.472736894594545154e-01 -2.854273085125221265e-01
1.189596926146529454e-01 -2.975939479525351317e-01
8.970064794082610593e-02 -3.069907291959450557e-01
5.976265280543244934e-02 -3.135519012083486379e-01
2.941534621162678748e-02 -3.172366522958802726e-01
-1.070346497700845612e-03 -3.180291459931165465e-01
-3.142443940749291287e-02 -3.159383641121737418e-01
-6.138006734375503481e-02 -3.109977633094258009e-01
-9.067560878560115833e-02 -3.032647524487689372e-01
-1.190567374270456585e-01 -2.928199988312337188e-01
-1.462783904396126322e-01 -2.797665720275275825e-01
-1.721066393853514231e-01 -2.642289325155510737e-01
-1.963204621940133898e-01 -2.463517825803794303e-01
-2.187134034952594730e-01 -2.262987819193277295e-01
-2.390951070236642106e-01 -2.042511360024794331e-01
-2.572927217227885532e-01 -1.804060748228897004e-01
-2.731521724434781695e-01 -1.549752300732443189e-01
-2.865392894321391326e-01 -1.281829216238672131e-01
-2.973407915001128332e-01 -1.002643642748511366e-01
-3.054651184173631240e-01 -7.146380583847651569e-02
-3.108431086885377614e-01 -4.203260768708427797e-02
-3.134285194547641318e-01 -1.222727898468069924e-02
-3.131983858292856637e-01 1.769252408555680930e-02
-3.101532175292925908e-01 4.746602267637912292e-02
-3.043170312207399419e-01 7.683335166541462036e-02
-2.957372175586126528e-01 1.055375963837353326e-01
-2.844842424929469593e-01 1.333268178280877236e-01
-2.706511830315110889e-01 1.599560543270719670e-01
-2.543530983131390699e-01 1.851892874520862375e-01
-2.357262375599483983e-01 2.088013597870228277e-01
-2.149270872492398399e-01 2.305798320066754226e-01
-1.921312606822239977e-01 2.503267665743304504e-01
-1.675322340302864699e-01 2.678604252671349384e-01
-1.413399339115232745e-01 2.830168676876020362e-01
-1.137791825895802661e-01 2.956514379357411682e-01
-8.508800798974797130e-02 3.056401267137680011e-01
-5.551582943912752866e-02 3.128807936955638747e-01
-2.532152216192461516e-02 3.172942470683921545e-01
5.228626706367277277e-03 3.188251603286175739e-01
3.586305117165061035e-02 3.174428112344669928e-01
6.630712234956524787e-02 3.131416409833356340e-01
9.628543081367352263e-02 3.059416208276934945e-01
1.255241194657805981e-01 2.958884175022062912e-01
1.537532498883125154e-01 2.830533500282140236e-01
1.807091840310293962e-01 2.675331318208213349e-01
2.061369620746771880e-01 2.494493935460585510e-01
2.297926564260110993e-01 2.289479838551627400e-01
2.514456810553708510e-01 2.061980469509683001e-01
2.708810348124292555e-01 1.813908779052794962e-01
2.879014569696088377e-01 1.547385587302114729e-01
3.023294730661288954e-01 1.264723803918824385e-01
3.140093091769053935e-01 9.684105821951287385e-02
3.228086530253073128e-01 6.610875048209562121e-02
3.286202409099934219e-01 3.455289225094457933e-02
3.313632502333735408e-01 2.461859010007114764e-03
3.309844785087903696e-01 -2.986752321459119203e-02
3.274592910875733232e-01 -6.213260219150204544e-02
3.207923214838951376e-01 -9.402763713102474386e-02
3.110179100788469375e-01 -1.252466264775329852e-01
2.982002691449727183e-01 -1.554862008437806198e-01
2.824333645339792143e-01 -1.844485544457309389e-01
2.638405089773421808e-01 -2.118443839975277521e-01
2.425736581475889941e-01 -2.373958158588552747e-01
2.188124086735746820e-01 -2.608392832212095280e-01
1.927627064142605207e-01 -2.819283177370467408e-01
1.646552647606824848e-01 -3.004362343953595471e-01
1.347437027240088736e-01 -3.161586756820770061e-01
1.033024146303076068e-01 -3.289159849483788145e-01
7.062418657057537019e-02 -3.385553798129068426e-01
3.701757802579039996e-02 -3.449528977063504032e-01
2.804090256693730909e-03 -3.480150873272269130e-01
-3.168485392811642293e-02 -3.476804218087739540e-01
-6.611109157880111498e-02 -3.439204117861922039e-01
-1.001330321390969669e-01 -3.367403992830644288e-01
-1.334090687387873286e-01 -3.261800163823606602e-01
-1.656010538640120267e-01 -3.123132959825513089e-01
-1.963778033673154455e-01 -2.952484255296478621e-01
-2.254185915046156841e-01 -2.751271384235383088e-01
-2.524165988234864932e-01 -2.521237417796969860e-01
-2.770822742998679256e-01 -2.264437833394621347e-01
-2.991465731469486466e-01 -1.983223645147157155e-01
-3.183640322132206824e-01 -1.680221107745711873e-01
-3.345156458533878330e-01 -1.358308147793633458e-01
-3.474115065964713533e-01 -1.020587717864613747e-01
-3.568931768442928920e-01 -6.703583083844753820e-02
-3.628357601982556413e-01 -3.110818904262452333e-02
-3.651496452686684990e-01 5.365036968822475480e-03
-3.637818936494640054e-01 4.201543869500062173e-02
-3.587172493551444852e-01 7.846909747046625083e-02
-3.499787572945922132e-01 1.143504747290544077e-01
-3.376279734314213132e-01 1.492863792701541459e-01
-3.217647582290973363e-01 1.829099647105907334e-01
-3.025266489637365996e-01 2.148647126164081045e-01
-2.800878113313076123e-01 2.448083561750251380e-01
-2.546575757078812230e-01 2.724166991724061293e-01
-2.264785683806184446e-01 2.973872854939002552e-01
-1.958244529908095000e-01 3.194428753760467088e-01
-1.629973022552037576e-01 3.383346861974694808e-01
-1.283246246950055791e-01 3.538453577001801076e-01
-9.215607554113269817e-02 3.657916041610321800e-01
-5.485988513942244293e-02 3.740265191623490248e-01
-1.681904199292377430e-02 3.784415022094831937e-01
2.157272900370868843e-02 3.789677804731752531e-01
5.991514960999121814e-02 3.755775033516856043e-01
9.780568655479116025e-02 3.682843923016146936e-01
1.348439171555086968e-01 3.571439334217883510e-01
1.706359128819892601e-01 3.422531055317112880e-01
2.047985906982449089e-01 3.237496419013142779e-01
2.369639818117496854e-01 3.018108292954923000e-01
2.667833678715284540e-01 2.766518535266497825e-01
2.939312356849968499e-01 2.485237061913360412e-01
3.181090041468872531e-01 2.177106760269333918e-01
3.390484769105382989e-01 1.845274393816834779e-01
3.565149765146221617e-01 1.493157877307498826e-01
3.703101256397026697e-01 1.124410336035523983e-01
3.802742382272905619e-01 7.428812332852327560e-02
3.862882900168267408e-01 3.525750288906150109e-02
3.882754425965628808e-01 -4.239217046364356783e-03
3.862021001790514885e-01 -4.378374809679934365e-02
3.800784837248907810e-01 -8.295571213709541925e-02
3.699587126835426898e-01 -1.213372776801049935e-01
3.559403904279049291e-01 -1.585177911500196546e-01
3.381636953576576676e-01 -1.940983492338991534e-01
3.168099855612543925e-01 -2.276962588674913412e-01
2.920999307830686731e-01 -2.589493324397417195e-01
2.642911911661601776e-01 -2.875199674793433302e-01
2.336756677591210751e-01 -3.130989623991653481e-01
2.005763550164839648e-01 -3.354090227949518277e-01
1.653438304183498797e-01 -3.542079162897755484e-01
1.283524208224856578e-01 -3.692912379441812276e-01
8.999608918237049504e-02 -3.804947527654095607e-01
5.068408876456031997e-02 -3.876962867926839196e-01
1.083643493182634941e-02 -3.908171435485484624e-01
-2.912075311447868270e-02 -3.898230282628715737e-01
-6.875998655002929505e-02 -3.847244681264243571e-01
-1.076571619900139470e-01 -3.755767228416122538e-01
-1.453962824630871953e-01 -3.624791894016887173e-01
-1.815740892036811216e-01 -3.455742965234095410e-01
-2.158045469897814095e-01 -3.250459088077323755e-01
-2.477231342710390916e-01 -3.011172663495214064e-01
-2.769908871241223980e-01 -2.740484728395258252e-01
-3.032981495899501057e-01 -2.441335651876727075e-01
-3.263679867402911605e-01 -2.116971991133371478e-01
-3.459592208841113514e-01 -1.770909897384557730e-01
-3.618690558733088092e-01 -1.406895503271699821e-01
-3.739352594454182221e-01 -1.028862758892390705e-01
-3.820378788842291318e-01 -6.408892135882841845e-02
-3.861004709200966389e-01 -2.471502643806120988e-02
-3.860908326582307426e-01 1.481275907341251565e-02
-3.820212263408113151e-01 5.407139457654033809e-02
-3.739480968408905870e-01 9.264215732641219170e-02
-3.619712868753924284e-01 1.301152854653776780e-01
-3.462327609339655443e-01 1.660945014332089742e-01
-3.269148547741032584e-01 2.002013633876922882e-01
-3.042380729571303455e-01 2.320793945446408824e-01
-2.784584622239258400e-01 2.613979432304909256e-01
-2.498645934672900637e-01 2.878557298944141585e-01
-2.187741895883796583e-01 3.111840413040260489e-01
-1.855304405721445171e-01 3.311495365964392534e-01
-1.504980506322656231e-01 3.475566347158487446e-01
-1.140590652179289954e-01 3.602494579762048899e-01
-7.660852799132580881e-02 3.691133157287609379e-01
-3.855001793390902542e-02 3.740757026931819662e-01
-2.911238067457122373e-04 3.751068110254496824e-01
3.776109347998292398e-02 3.722195618789733151e-01
7.520459836177015300e-02 3.654691485030730491e-01
1.116467851074397083e-01 3.549521038484267366e-01
1.467087387944104593e-01 3.408049076044913361e-01
1.800293044362067940e-01 3.232021529832405093e-01
2.112689186743111347e-01 3.023542986534168420e-01
2.401131617313982947e-01 2.785050359577466161e-01
2.662759910986325362e-01 2.519283058553570820e-01
2.895026226432557137e-01 2.229250038720797800e-01
3.095720294160815289e-01 1.918194146681844181e-01
3.262990333492600814e-01 1.589554206092463062e-01
3.395359701967424204e-01 1.246925309218302191e-01
3.491739134146017998e-01 8.940177960989073580e-02
3.551434481354170392e-01 5.346154128681468443e-02
3.574149918892507993e-01 1.725331443668299408e-02
3.559986641925938500e-01 -1.884247864035765857e-02
3.509437124964144838e-01 -5.445062680860074389e-02
3.423375071877615694e-01 -8.920515306521412113e-02
3.303041233118231279e-01 -1.227531805713770741e-01
3.150025313624740253e-01 -1.547585993606872545e-01
2.966244238232840225e-01 -1.849054943661426198e-01
2.753917080772613768e-01 -2.129012988746634416e-01
2.515537004075917293e-01 -2.384796452724833038e-01
2.253840545904871595e-01 -2.614028737340931552e-01
1.971774704260899902e-01 -2.814641823394306019e-01
1.672462223725039443e-01 -2.984894087938225749e-01
1.359165485769080195e-01 -3.123384181075171684e-01
1.035249456213644115e-01 -3.229060909452620143e-01
7.041441314699931064e-02 -3.301229086181540762e-01
3.693069226197960575e-02 -3.339551355753860307e-01
3.418540839958280741e-03 -3.344046050316466512e-01
-2.978191250277320221e-02 -3.315081179769934216e-01
-6.233869577387445710e-02 -3.253364702035714817e-01
-9.393136460714023028e-02 -3.159931260952206222e-01
-1.242541818811613297e-01 -3.036125617141297584e-01
-1.530190740000111627e-01 -2.883583031409285846e-01
-1.799583352736139619e-01 -2.704206890443994760e-01
-2.048270555033561424e-01 -2.500143890440286176e-01
-2.274052497678872575e-01 -2.273757115590823441e-01
-2.474996734587799063e-01 -2.027597364947314462e-01
-2.649453097785838263e-01 -1.764373092887263350e-01
-2.796065211274670337e-01 -1.486919335278848453e-01
-2.913778600123292373e-01 -1.198165995455937605e-01
-3.001845392586910966e-01 -9.011058613962609487e-02
-3.059825653376642696e-01 -5.987627182012025817e-02
-3.087585424876480023e-01 -2.941599083276123100e-02
-3.085291589663862188e-01 9.710323702477401640e-04
-3.053403715333913859e-01 3.099164238866926671e-02
-2.992663001145933199e-01 6.036156524326935502e-02
-2.904078604480862524e-01 8.880805300292707316e-02
-2.788911579906019345e-01 1.160723460519783590e-01
-2.648656631880373369e-01 1.419119203995229395e-01
-2.485021970921552636e-01 1.661025057637451896e-01
-2.299907553933659976e-01 1.884398599681511854e-01
-2.095381998102711085e-01 2.087412885610801794e-01
-1.873658462474720454e-01 2.268469019580265644e-01
-1.637069792119587586e-01 2.426206057613523870e-01
-1.388043216785915246e-01 2.559508231889940921e-01
-1.129074889352512656e-01 2.667509517004945652e-01
-8.627045394130505862e-02 2.749595589060132017e-01
-5.914905042645085542e-02 2.805403256464717998e-01
-3.179853837174832082e-02 2.834817467093721510e-01
-4.471254684765815259e-03 2.837966019682803265e-01
2.258563015722239026e-02 2.815212127824729405e-01
4.913223092986222784e-02 2.767145002497395923e-01
7.493792572220048243e-02 2.694568633578947048e-01
9.978317943560915948e-02 2.598488962223539089e-01
1.234612014009087294e-01 2.480099644264785186e-01
1.457794282842269362e-01 2.340766610015288518e-01
1.665608259169405470e-01 2.182011628020112948e-01
1.856450060882669784e-01 2.005495079624382004e-01
2.028891566475908292e-01 1.812998147796717197e-01
2.181687876251343639e-01 1.606404580929613468e-01
2.313782876778254782e-01 1.387682322266416413e-01
2.424313037601395493e-01 1.158865137570996851e-01
2.512609522458996714e-01 9.220343134183450751e-02
2.578198615714812347e-01 6.793006872842403954e-02
2.620800581040261257e-01 4.327871174917916758e-02
2.640327050172046053e-01 1.846115168812878862e-02
2.636877047407470975e-01 -6.312944171523702380e-03
2.610731761090453462e-01 -3.083758560682602415e-02
2.562348176750160467e-01 -5.491192849136864590e-02
2.492351687883972433e-01 -7.834165372004697758e-02
2.401527799764064663e-01 -1.009402514085426389e-01
2.290813039261138384e-01 -1.225302071380725555e-01
2.161285179715116966e-01 -1.429440882895054721e-01
2.014152884559271550e-01 -1.620255296566084080e-01
1.850744866956960388e-01 -1.796301185323275207e-01
1.672498655387315569e-01 -1.956261803146670808e-01
1.480949047173319710e-01 -2.098954663737200022e-01
1.277716323640219753e-01 -2.223337464563292787e-01
1.064494292178288781e-01 -2.328513082810810819e-01
8.430382122071060358e-02 -2.413733671988384233e-01
6.151526541311195390e-02 -2.478403888712631675e-01
3.826793330524326520e-02 -2.522083278633932002e-01
1.474849524586851340e-02 -2.544487848708791855e-01
-8.855091250219567986e-03 -2.545490850250273773e-01
-3.235478964711929056e-02 -2.525122761751880107e-01
-5.556367649661350661e-02 -2.483570571092110491e-01
-7.829712493675490548e-02 -2.421176340878862521e-01
-1.003739818231488973e-01 -2.338434975021459195e-01
-1.216177268740440687e-01 -2.235991279616500460e-01
-1.418576152790389511e-01 -2.114636291559827130e-01
-1.609298013587613096e-01 -1.975302868986959504e-01
-1.786784404575659790e-01 -1.819060534439318477e-01
-1.949567657500569373e-01 -1.647109559355148523e-01
-2.096281360611049471e-01 -1.460774277260419307e-01
-2.225670501565521764e-01 -1.261495613028678908e-01
-2.336601222785952003e-01 -1.050822816903408674e-01
-2.428070129982582426e-01 -8.304043947139472248e-02
-2.499213087609363504e-01 -6.019782299143427995e-02
-2.549313428339956000e-01 -3.673608987460640768e-02
-2.577809497523570470e-01 -1.284361869462257583e-02
-2.584301448230807430e-01 1.128571750678465137e-02
-2.568557198166031563e-01 3.545385318062282271e-02
-2.530517456625577810e-01 5.945990394144826802e-02
-2.470299728022896935e-01 8.310160698357899056e-02
-2.388201198462763797e-01 1.061768220027045628e-01
-2.284700413579956180e-01 1.284850850499391350e-01
-2.160457659485599535e-01 1.498292063795062801e-01
-2.016313964274823456e-01 1.700169019790939984e-01
-1.853288645193768014e-01 1.888624471215732403e-01
-1.672575301080301835e-01 2.061883365257583256e-01
-1.475536314118924275e-01 2.218269427765903468e-01
-1.263695724183411528e-01 2.356221569672911353e-01
-1.038730392714091871e-01 2.474309875839455497e-01
-8.024595617368188161e-02 2.571251072625719281e-01
-5.568327798702713688e-02 2.645923281187629317e-01
-3.039162268214849055e-02 2.697379875732881516e-01
-4.587748883830409033e-03 2.724862264358524078e-01
2.150311407221906085e-02 2.727811411013933984e-01
4.764907394542849950e-02 2.705877920725728858e-01
7.361350941738738218e-02 2.658930516581901604e-01
9.915711590992899727e-02 2.587062746154901172e-01
1.240400472412261784e-01 2.490597767055718892e-01
1.480241349453450539e-01 2.370091076114580475e-01
1.708751651974729224e-01 2.226331064191658382e-01
1.923651915779515664e-01 2.060337298698947939e-01
2.122748604077717427e-01 1.873356458380137368e-01
2.303957241287714897e-01 1.666855869521952915e-01
2.465325172132676601e-01 1.442514619287595390e-01
2.605053683969127953e-01 1.202212249960210588e-01
2.721519226581926021e-01 9.480150672155680802e-02
2.813293463369668790e-01 6.821601257300449750e-02
2.879161891070521895e-01 4.070369860684052571e-02
2.918140772033253061e-01 1.251673674604269516e-02
2.929492133562789369e-01 -1.608171486735034475e-02
2.912736564863795952e-01 -4.481991643213927012e-02
2.867663720871492794e-01 -7.342010781001272191e-02
2.794340247654519827e-01 -1.016012040226119961e-01
2.693114890617023249e-01 -1.290815925796554020e-01
2.564620765255467005e-01 -1.555820081960975487e-01
2.409774639858709711e-01 -1.808284538947688425e-01
2.229773153037864497e-01 -2.045551366802708104e-01
2.026085923779569475e-01 -2.265073848126365474e-01
1.800445548153940534e-01 -2.464445129438647131e-01
1.554834514422998581e-01 -2.641426010288895343e-01
1.291469106604498374e-01 -2.793971530014526805e-01
1.012780405045235477e-01 -2.920256017255579706e-01
7.213925307275567689e-02 -3.018696276995168071e-01
4.200983173453790021e-02 -3.087972604006294919e-01
1.118326311138596180e-02 -3.127047330065360065e-01
-2.003564077002878419e-02 -3.135180635000993643e-01
-5.133380159280690608e-02 -3.111943378379786740e-01
-8.239308370068232357e-02 -3.057226739123352077e-01
-1.128936189151735769e-01 -2.971248484280739621e-01
-1.425172110876572196e-01 -2.854555725168929081e-01
-1.709507825062390185e-01 -2.708024058713865978e-01
-1.978898229735774061e-01 -2.532853033602350812e-01
-2.230418015396394282e-01 -2.330557924278983950e-01
-2.461295005332424513e-01 -2.102957840348147478e-01
-2.668942317022264810e-01 -1.852160243999141365e-01
-2.850988911287851701e-01 -1.580542000380979750e-01
-3.005308265152368263e-01 -1.290727118056785305e-01
-3.130044718797644343e-01 -9.855613549633078507e-02
-3.223637075535457086e-01 -6.680839785494027683e-02
-3.284839255386272083e-01 -3.414969514990858629e-02
-3.312737676967940637e-01 -9.131862903449207078e-04
-3.306765116554691852e-01 3.255850415867249381e-02
-3.266710832143616128e-01 6.591693486454097695e-02
-3.192726782607313574e-01 9.881160791511439667e-02
-3.085329817012110176e-01 1.308937977729986157e-01
-2.945399756391439694e-01 1.618204050426240437e-01
-2.774173339097525948e-01 1.912577902103806404e-01
-2.573234050695528130e-01 2.188855421845633531e-01
-2.344497909576659933e-01 2.444001366922863294e-01
-2.090195329401473845e-01 2.675184403887307383e-01
-1.812849228489243347e-01 2.879810178963656542e-01
-1.515249603697305103e-01 3.055552009068127628e-01
-1.200424831552796001e-01 3.200378809269579516e-01
-8.716100017992309268e-02 3.312579902075871718e-01
-5.322126275242699406e-02 3.390786388240450422e-01
-1.857761111054652761e-02 3.433988797443274787e-01
1.640586241421698732e-02 3.441550779746653799e-01
5.135929009442108395e-02 3.413218644644678834e-01
8.591109974415023220e-02 3.349126603250307532e-01
1.196921327715599476e-01 3.249797620090658090e-01
1.523397577108466239e-01 3.116139833499719236e-01
1.835019417279878384e-01 2.949438573113619677e-01
2.128412249362022224e-01 2.751343999061677259e-01
2.400385426094172048e-01 2.523854507154978388e-01
2.647968604596909192e-01 2.269296078904117775e-01
2.868445757620158854e-01 1.990297789720748556e-01
3.059386432150068558e-01 1.689763744137527668e-01
3.218673875561161579e-01 1.370841751411158715e-01
3.344529685678960806e-01 1.036889095704870423e-01
3.435534681731142737e-01 6.914357916405834692e-02
3.490645737708727991e-01 3.381457478815291795e-02
3.509208367576048815e-01 -1.922371187169736933e-03
3.490964902456066832e-01 -3.768634998732550700e-02
3.436058152734968174e-01 -7.309551012922579916e-02
3.345030502306191034e-01 -1.077713101704463328e-01
3.218818437217878525e-01 -1.413427406400363517e-01
3.058742566096736004e-01 -1.734504655706575749e-01
2.866493244191303247e-01 -2.037508349591017065e-01
2.644111966011996606e-01 -2.319197209947808924e-01
2.393968742664695226e-01 -2.576561329945811774e-01
2.118735728425802378e-01 -2.806855686408957773e-01
1.821357406271529311e-01 -3.007630623037307327e-01
1.505017683377793958e-01 -3.176758948966695306e-01
1.173104284525784274e-01 -3.312459338229982730e-01
8.291708634162621439e-02 -3.413315760595906356e-01
4.768973109055210657e-02 -3.478292717162304037e-01
1.200486330117609725e-02 -3.506746140849839599e-01
-2.375670606467873008e-02 -3.498429796386020030e-01
-5.921408925301313575e-02 -3.453497127702376268e-01
-9.399054778769647123e-02 -3.372498567099122546e-01
-1.277176587036028543e-01 -3.256374339916800476e-01
-1.600393725285318702e-01 -3.106442864592511843e-01
-1.906159160939017716e-01 -2.924384900447670188e-01
-2.191274953216434396e-01 -2.712223645907783087e-01
-2.452777557462845204e-01 -2.472301037462157902e-01
-2.687969616508987247e-01 -2.207250543941125798e-01
-2.894448582809426296e-01 -1.919966791075563561e-01
-3.070131856026978578e-01 -1.613572387317491197e-01
-3.213278164395911851e-01 -1.291382353110510361e-01
-3.322504964921659809e-01 -9.568665818398457146e-02
-3.396801686644010942e-01 -6.136107812687163071e-02
-3.435538692161133612e-01 -2.652763591594077541e-02
-3.438471884721837069e-01 8.444027416161349955e-03
-3.405742940771356864e-01 4.318485103726656116e-02
-3.337875200209840520e-01 7.733039816639453168e-02
-3.235765298128626677e-01 1.105248168514120222e-01
-3.100670671781092236e-01 1.424246726234241756e-01
-2.934193124401584529e-01 1.727026099347717947e-01
-2.738258672621327050e-01 2.010508017547188997e-01
-2.515093946099007938e-01 2.271841496375417990e-01
-2.267199474445018292e-01 2.508431990794060540e-01
-1.997320120081806094e-01 2.717967435370854390e-01
-1.708413072583564452e-01 2.898440856200221738e-01
-1.403613865817543438e-01 3.048169334993866553e-01
-1.086200746946697077e-01 3.165809182634444219e-01
-7.595578505980490891e-02 3.250367179463928280e-01
-4.271376142374920526e-02 3.301207802529306234e-01
-9.242287381903000615e-03 3.318056408554894698e-01
2.411109236229266525e-02 3.300998389636826680e-01
5.700329614847540749e-02 3.250474365952250033e-01
8.909933331061553607e-02 3.167271525556108469e-01
1.200757960924885293e-01 3.052511265043092448e-01
1.496241779243729086e-01 2.907633325959086412e-01
1.774539831134163692e-01 2.734376659875002447e-01
2.032955960369607351e-01 2.534757289555168991e-01
2.269028813009086321e-01 2.311043464284718851e-01
2.480554899848309014e-01 2.065728433846319989e-01
2.665608509899035083e-01 1.801501187598091858e-01
2.822558305807196244e-01 1.521215522407781684e-01
2.950080474119468055e-01 1.227857815714860357e-01
3.047168345995250327e-01 9.245138876600927924e-02
3.113138446776569368e-01 6.143353390450643353e-02
3.147632975222201535e-01 3.005057499304843519e-02
3.150618754651539621e-01 -1.379288291741648633e-03
3.122382738219915410e-01 -3.254131025782591030e-02
3.063524213725960510e-01 -6.312739797652998364e-02
2.974943792666575049e-01 -9.283918436090235482e-02
2.857829408890804612e-01 -1.213909394746543469e-01
2.713639607207194993e-01 -1.485122911333801032e-01
2.544084292423282601e-01 -1.739507331257660050e-01
2.351103228433358283e-01 -1.974738970175191344e-01
2.136842573580989557e-01 -2.188715684035543174e-01
1.903629753278502090e-01 -2.379574319034931384e-01
1.653946981544593964e-01 -2.545705327157001263e-01
1.390403749706674852e-01 -2.685764461077565501e-01
1.115708603046079300e-01 -2.798681497790883599e-01
8.326405247362614337e-02 -2.883665975385078517e-01
5.440202411824927170e-02 -2.940209961518623349e-01
2.526817540105738558e-02 -2.968087904916020814e-01
-3.855560828991527397e-03 -2.967353652229038352e-01
-3.269143414076736143e-02 -2.938334741556126173e-01
-6.096848594136842353e-02 -2.881624110474158562e-01
-8.842502931916235154e-02 -2.798069380353584990e-01
-1.148109776834806139e-01 -2.688759899787578900e-01
-1.398900030133609362e-01 -2.555011748002573024e-01
-1.634415070979133855e-01 -2.398350914015625335e-01
-1.852623918134395087e-01 -2.220494878996585320e-01
-2.051686171981238482e-01 -2.023332837761774583e-01
-2.229965388154876438e-01 -1.808904800600051321e-01
-2.386040186057465928e-01 -1.579379818786049716e-01
-2.518713083490908278e-01 -1.337033588973942089e-01
-2.627016988468187653e-01 -1.084225626431418593e-01
-2.710219396243429002e-01 -8.233762909640990335e-02
-2.767824391108150706e-01 -5.569439002995610344e-02
-2.799572448860991880e-01 -2.874020999850866731e-02
-2.805438141274722574e-01 -1.721770697399906125e-03
-2.785625841707155548e-01 2.511707877964848915e-02
-2.740563546052791621e-01 5.153738883658465220e-02
-2.670894936022211730e-01 7.730707816364922047e-02
-2.577469822228867224e-01 1.022027909151028285e-01
-2.461333112759999386e-01 1.260116305726840802e-01
-2.323712458849234719e-01 1.485327606049206828e-01
-2.166004733027517559e-01 1.695788638319263297e-01
-1.989761496813528818e-01 1.889774541653069517e-01
-1.796673614750758929e-01 2.065720360899856445e-01
-1.588555169567524850e-01 2.222231088684224476e-01
-1.367326829611453520e-01 2.358090139599665902e-01
-1.134998814691185881e-01 2.472266255441203375e-01
-8.936536002577349924e-02 2.563918853046603386e-01
-6.454284926962698676e-02 2.632401837635150454e-01
-3.924982005995075740e-02 2.677265914439680983e-01
-1.370575184783242445e-02 2.698259439903477053e-01
1.186957693502914933e-02 2.695327860772250284e-01
3.725776657672762865e-02 2.668611795096121897e-01
6.224343285283360366e-02 2.618443813538320342e-01
8.661579676018241192e-02 2.545343997412284898e-01
1.101702142386059013e-01 2.450014282676714894e-01
1.327096415567690091e-01 2.333331707786498732e-01
1.540460359598740669e-01 2.196340647902249033e-01
1.740016802127095918e-01 2.040244050384202590e-01
1.924104279205074708e-01 1.866393754635703450e-01
2.091188652547721905e-01 1.676279959241414041e-01
2.239873850762393315e-01 1.471519898135403293e-01
2.368911697350637446e-01 1.253845786355133607e-01
2.477210790451857825e-01 1.025092094941395110e-01
2.563844400839356830e-01 7.871822138699638427e-02
2.628057355698031339e-01 5.421145616695446923e-02
2.669271876332790505e-01 2.919482006935641971e-02
2.687092338316574014e-01 3.878801794909622798e-03
2.681308922837121189e-01 -2.152304670017311794e-02
2.651900128300774262e-01 -4.679566032367234174e-02
2.599034111761628352e-01 -7.172403519143054351e-02
2.523068830626909453e-01 -9.609482014134802796e-02
2.424550956501601018e-01 -1.196979179309755753e-01
2.304213535125397838e-01 -1.423280881467370307e-01
2.162972369258502059e-01 -1.637865433239220903e-01
2.001921105208803453e-01 -1.838825292174576520e-01
1.822325008560544413e-01 -2.024348795891994512e-01
1.625613420639735185e-01 -2.192735353049628522e-01
1.413370894384475829e-01 -2.342410169820643151e-01
1.187326998109347609e-01 -2.471938416744267897e-01
9.493448515051877701e-02 -2.580038657083226217e-01
7.014084054790496736e-02 -2.665595471272654837e-01
4.456084521555758043e-02 -2.727671178857259959e-01
1.841274690836019329e-02 -2.765516474807330760e-01
-8.077665164839419390e-03 -2.778579875971053936e-01
-3.467879103425505760e-02 -2.766515853576214101e-01
-6.115504489800638321e-02 -2.729191530759015882e-01
-8.726876342642508888e-02 -2.666691828977165168e-01
-1.127821850857706476e-01 -2.579322953955108244e-01
-1.374594866506018143e-01 -2.467614120576918924e-01
-1.610688616467928214e-01 -2.332317426919389147e-01
-1.833846241147477074e-01 -2.174405800401177091e-01
-2.041893198325742120e-01 -1.995068953773304621e-01
-2.232758260196027189e-01 -1.795707305313614111e-01
-2.404494195788878241e-01 -1.577923835996489221e-01
-2.555297931593386029e-01 -1.343513876434681287e-01
-2.683529977484121476e-01 -1.094452837841228404e-01
-2.787732901673127262e-01 -8.328819239097021154e-02
-2.866648637521944099e-01 -5.610918841014504027e-02
-2.919234406837908913e-01 -2.815048930705585373e-02
-2.944677048875408154e-01 3.345334463472544352e-04
-2.942405551761910210e-01 2.908350595047483333e-02
-2.912101593524444310e-01 5.782735071120155557e-02
-2.853707913315141065e-01 8.629271456387964390e-02
-2.767434334555833320e-01 1.142045073425177054e-01
-2.653761332846688581e-01 1.412885218739795556e-01
-2.513441020920746394e-01 1.672741166292357473e-01
-2.347495405840259730e-01 1.918969383229225667e-01
-2.157211889722718823e-01 2.149016502662129957e-01
-1.944135961815168789e-01 2.360446400910004572e-01
-1.710061070674379902e-01 2.550966772663237903e-01
-1.457015697203928317e-01 2.718454903102550668e-01
-1.187247682314772901e-01 2.860982334390321791e-01
-9.032058966050748872e-02 2.976838126064454970e-01
-6.075193732652411222e-02 3.064550414819470769e-01
-3.029740589550962426e-02 3.122905989020798856e-01
7.512629790465530756e-04 3.150967607076500254e-01
3.209192254604258110e-02 3.148088806440388354e-01
6.341493546582264995e-02 3.113925971439622242e-01
9.440623324466061728e-02 3.048447453149229491e-01
1.247504903747880256e-01 2.951939562960536612e-01
1.541343807321262083e-01 2.825009293040656178e-01
1.822498818930513576e-01 2.668583651234204823e-01
2.087975915131815574e-01 2.483905534746246591e-01
2.334900187964998597e-01 2.272526105752138703e-01
2.560548133985431352e-01 2.036293672451153225e-01
2.762378938740645551e-01 1.777339120527844929e-01
2.938064380130133713e-01 1.498057981991906262e-01
3.085516981183192287e-01 1.201089270396099445e-01
3.202916044014476604e-01 8.892912297630449492e-02
3.288731245800170511e-01 5.657142829636874204e-02
3.341743483012278304e-01 2.335713720694791024e-02
3.361062631030510284e-01 -1.037940658828812902e-02
3.346141982757457889e-01 -4.429420944303750357e-02
3.296789131186133037e-01 -7.803719186959562348e-02
3.213173103852058343e-01 -1.112558794159859143e-01
3.095827597960780220e-01 -1.435991802659233041e-01
2.945650208582178964e-01 -1.747212076780917667e-01
2.763897588135749706e-01 -2.042851040350979752e-01
2.552176522906804412e-01 -2.319668224379493326e-01
2.312430960949623526e-01 -2.574588214799114483e-01
2.046925074841454695e-01 -2.804736290782667285e-01
1.758222491724870107e-01 -3.007472320408943189e-01
1.449161871279769087e-01 -3.180422493964862873e-01
1.122829059064010260e-01 -3.321508494149730262e-01
7.825260874250777876e-02 -3.428973726732766902e-01
4.317373383029090433e-02 -3.501406264584511763e-01
7.409322113006357180e-03 -3.537758192160609383e-01
-2.866682458621618024e-02 -3.537361076099193036e-01
-6.467415318144158209e-02 -3.499937330172531169e-01
-1.002294921715190662e-01 -3.425607288922161153e-01
-1.349512611114417060e-01 -3.314891853363439722e-01
-1.684637085610979634e-01 -3.168710623582265962e-01
-2.004011294026941392e-01 -2.988375486236311551e-01
-2.304120115554656734e-01 -2.775579654772274973e-01
-2.581630632614014820e-01 -2.532382315591530930e-01
-2.833430743976381172e-01 -2.261188958343176292e-01
-3.056665621621161288e-01 -1.964727525637009475e-01
-3.248771572662911278e-01 -1.646020694635692283e-01
-3.407506884994518370e-01 -1.308354551532071031e-01
-3.530979266780496784e-01 -9.552439912710018743e-02
-3.617669527099079407e-01 -5.903952176105336375e-02
-3.666451186942312757e-01 -2.176657571286824341e-02
-3.676605755951166121e-01 1.589775654637785515e-02
-3.647833460139222050e-01 5.355022148227273071e-02
-3.580259258841012038e-01 9.078545965232474868e-02
-3.474434044561536816e-01 1.272005257013966439e-01
-3.331330976615725081e-01 1.623994105679766875e-01
-3.152336957716319610e-01 1.959975128513274101e-01
-2.939239321261742921e-01 2.276260065228055129e-01
-2.694207855248903494e-01 2.569360530535730880e-01
-2.419772345746276643e-01 2.836028075687823669e-01
-2.118795877977381614e-01 3.073291708098417896e-01
-1.794444185571358041e-01 3.278492414679216038e-01
-1.450151387752913468e-01 3.449314268117203985e-01
-1.089582499524834741e-01 3.583811734312098429e-01
-7.165931406467611342e-02 3.680432843099559204e-01
-3.351869048943106194e-02 3.738037932683204723e-01
5.052911878317873501e-03 3.755913730291310371e-01
4.363901585833387248e-02 3.733782562844221165e-01
8.182203576390090216e-02 3.671806645046588602e-01
1.191879641753087749e-01 3.570587334525308632e-01
1.553310293538247844e-01 3.431159296803134029e-01
1.898582676306074246e-01 3.254979709012171818e-01
2.223939575327311402e-01 3.043912595362759932e-01
2.525838633231800023e-01 2.800208469339243167e-01
2.800992378348600709e-01 2.526479514371494095e-01
3.046405373037841535e-01 2.225670588736489153e-01
3.259408043186617365e-01 1.901026390990517845e-01
3.437686789606029247e-01 1.556055168676724332e-01
3.579310026578349513e-01 1.194489394804137961e-01
3.682749841701196125e-01 8.202438731235582592e-02
3.746899023841399057e-01 4.373717640703007198e-02
3.771083261778093165e-01 5.001904801567663532e-03
3.755068374275741805e-01 -3.376220391413830429e-02
3.699062492146260595e-01 -7.213600512304073342e-02
3.603713173577201001e-01 -1.097051306069735110e-01
3.470099494851888178e-01 -1.460646238658846741e-01
3.299719218798729536e-01 -1.808234591768802524e-01
3.094471202121762410e-01 -2.136088917579809232e-01
2.856633259444091855e-01 -2.440705885633892569e-01
2.588835755730737875e-01 -2.718844920134332876e-01
2.294031249077399248e-01 -2.967563723162125466e-01
1.975460552034137285e-01 -3.184250279249769555e-01
1.636615614212140468e-01 -3.366650958923849135e-01
1.281199702591760692e-01 -3.512894470277017622e-01
9.130853182068660034e-02 -3.621511363113573689e-01
5.362703501600413203e-02 -3.691448827755466899e-01
1.548330124106100762e-02 -3.722080702525923379e-01
-2.271139166939404458e-02 -3.713212578678390940e-01
-6.054690154504038108e-02 -3.665081970113790444e-01
-9.761877650363733061e-02 -3.578353574357413525e-01
-1.335327193479211305e-01 -3.454109709684343166e-01
-1.679089104184976478e-01 -3.293836070257877835e-01
-2.003861396338667555e-01 -3.099402995971907715e-01
-2.306257010851068268e-01 -2.873042505691046355e-01
-2.583150067393027438e-01 -2.617321391129268093e-01
-2.831708794978647359e-01 -2.335110713115746417e-01
-3.049424900026145857e-01 -2.029552081940200203e-01
-3.234139061276496419e-01 -1.704021138387230849e-01
-3.384062289775893184e-01 -1.362088681567276971e-01
-3.497792943681596878e-01 -1.007479913412218098e-01
-3.574329241255404521e-01 -6.440322874849260804e-02
-3.613077170369007884e-01 -2.756524613928973411e-02
-3.613853748454636805e-01 9.372714248364829442e-03
-3.576885642385731479e-01 4.601916640377362588e-02
-3.502803212567736635e-01 8.198865232802454717e-02
-3.392630098878214873e-01 1.169059044920244123e-01
-3.247768517364856278e-01 1.504098524270824910e-01
-3.069980473804983512e-01 1.821574275637024565e-01
-2.861365199103981793e-01 2.118271298909721601e-01
-2.624333068677628389e-01 2.391223164670689683e-01
-2.361576334713350878e-01 2.637741731848056714e-01
-2.076037083848804865e-01 2.855443449743851336e-01
-1.770872806778859276e-01 3.042271975326956146e-01
-1.449420003421054426e-01 3.196516898221538616e-01
-1.115156263982422652e-01 3.316828414546233450e-01
-7.716612773748135479e-02 3.402227840630984712e-01
-4.225772238748864984e-02 3.452113908010538967e-01
-7.156900874689901132e-03 3.466264831323988549e-01
2.777152121578685059e-02 3.444836190209490945e-01
6.216827748703451784e-02 3.388354714364141818e-01
9.568340940627212410e-02 3.297708107061907423e-01
1.279798691310418679e-01 3.174131086044704175e-01
1.587369287520141170e-01 3.019187861323291422e-01
1.876533611685979597e-01 2.834751306594776032e-01
2.144503611228921747e-01 2.622979114305705184e-01
2.388741785370924742e-01 2.386287253525836705e-01
2.606984401770539028e-01 2.127321074471815177e-01
2.797261397457744825e-01 1.848924423520731386e-01
2.957912807391453458e-01 1.554107147735664940e-01
3.087601607157273165e-01 1.246011378210295367e-01
3.185322899860402734e-01 9.278769869153399852e-02
3.250409420592336729e-01 6.030066122489983332e-02
3.282533360311609139e-01 2.747306570066550269e-02
3.281704614792920194e-01 -5.362739124252609985e-03
3.248265513372513014e-01 -3.787849394699114441e-02
3.182882140015980688e-01 -6.975331792560683641e-02
3.086532461420080642e-01 -1.006768592238697080e-01
2.960491446207726973e-01 -1.303522754820671536e-01
2.806313404270286971e-01 -1.584990162541533021e-01
2.625811800210849367e-01 -1.848553824219811292e-01
2.421036815985838919e-01 -2.091808407740211040e-01
2.194250955082301113e-01 -2.312580752722538380e-01
1.947902993813833694e-01 -2.508947599794928429e-01
1.684600594535763662e-01 -2.679250421329168463e-01
1.407081900791379014e-01 -2.822107273814291051e-01
1.118186435681336466e-01 -2.936421627092820619e-01
8.208256222238863309e-02 -3.021388160028433134e-01
5.179532383179218796e-02 -3.076495545405431020e-01
2.125361093510769878e-02 -3.101526278600836850e-01
-9.247467123317830440e-03 -3.096553634475072148e-01
-3.941717186927921890e-02 -3.061935864691780473e-01
-6.897182745007569837e-02 -2.998307773037594548e-01
-9.763738284069536921e-02 -2.906569829049274190e-01
-1.251518231054164487e-01 -2.787875000194486863e-01
-1.512674106855012024e-01 -2.643613499867100702e-01
-1.757527401651816090e-01 -2.475395662467592683e-01
-1.983945925239828378e-01 -2.285033167810483767e-01
-2.189995759623890592e-01 -2.074518853070675406e-01
-2.373955494452094916e-01 -1.846005329949732543e-01
-2.534328188460460152e-01 -1.601782642685144198e-01
-2.669850992600783512e-01 -1.344255231191614219e-01
-2.779502469593176373e-01 -1.075918411599956076e-01
-2.862507603134826772e-01 -7.993346064447846844e-02
-2.918340528081474483e-01 -5.171095444391676094e-02
-2.946725032890580853e-01 -2.318686400469304951e-02
-2.947632903843201979e-01 5.376624833980422902e-03
-2.921280196925333805e-01 3.371994956244141195e-02
-2.868121537666170062e-01 6.158836505928601268e-02
-2.788842561654018559e-01 8.873404826525646549e-02
-2.684350618869753569e-01 1.149180992943759361e-01
-2.555763873415743404e-01 1.399124263825189673e-01
-2.404398936729730263e-01 1.635015036622913809e-01
-2.231757177041944207e-01 1.854839923296990878e-01
-2.039509850768805033e-01 2.056742173119881500e-01
-1.829482202869801566e-01 2.239034930389415257e-01
-1.603636683075154723e-01 2.400212933460467990e-01
-1.364055423485113216e-01 2.538962618842540153e-01
-1.112922120521530750e-01 2.654170606672929256e-01
-8.525034607590817326e-02 2.744930555463708788e-01
-5.851302259589206273e-02 2.810548384590270676e-01
-3.131782078514339790e-02 2.850545872523284063e-01
-3.904905803984095626e-03 2.864662647314386024e-01
2.348487920668505813e-02 2.852856597408411909e-01
5.061190739015667545e-02 2.815302727921403236e-01
7.723963440744824327e-02 2.752390489428770404e-01
1.031364233364321370e-01 2.664719639711224941e-01
1.280773230125308582e-01 2.553094675063830588e-01
1.518457888683259205e-01 2.418517881295650374e-01
1.742353373094829017e-01 2.262181057259759764e-01
1.950511250595851620e-01 2.085455966868951794e-01
2.141114452626236009e-01 1.889883578520954177e-01
2.312491324515188185e-01 1.677162153801201594e-01
2.463128687789110927e-01 1.449134250365495258e-01
2.591683841693415147e-01 1.207772707131698486e-01
2.696995432984927166e-01 9.551656834163317622e-02
2.778093125455685652e-01 6.935008275083165419e-02
2.834206003106478633e-01 4.250486544276146222e-02
2.864769643523604747e-01 1.521452172988224660e-02
2.869431800955178358e-01 -1.228258381169236059e-02
2.848056641965964753e-01 -3.974517406640688810e-02
2.800727480502587796e-01 -6.693094818502969001e-02
2.727747963848960455e-01 -9.359850175726153187e-02
2.629641666410212353e-01 -1.195092669970517218e-01
2.507150054634598724e-01 -1.444294609379166983e-01
2.361228793752598587e-01 -1.681320289912687505e-01
2.193042375446521697e-01 -1.903985705959553576e-01
2.003957055105768659e-01 -2.110212330985676843e-01
1.795532112182468554e-01 -2.298045595716643741e-01
1.569509401347546351e-01 -2.465672760502108929e-01
1.327801247290552877e-01 -2.611440015115272240e-01
1.072476750873699036e-01 -2.733868663342721717e-01
8.057465157826873559e-02 -2.831670236150437558e-01
5.299458779621513127e-02 -2.903760375317309683e-01
2.475167222878674189e-02 -2.949271333322135979e-01
-3.901201239374822889e-03 -2.967562938841107334e-01
-3.270450217999761738e-02 -2.958231882686276348e-01
-6.139423833109355910e-02 -2.921119186491200614e-01
-8.970422098998921678e-02 -2.856315725998806454e-01
-1.173684042924654225e-01 -2.764165692468178448e-01
-1.441232800335592590e-01 -2.645267889496830116e-01
-1.697103082424156195e-01 -2.500474778422597799e-01
-1.938783624129454264e-01 -2.330889203356580064e-01
-2.163861671419227695e-01 -2.137858746699538015e-01
-2.370047049636905823e-01 -1.922967687564428318e-01
-2.555195684216757246e-01 -1.688026558685460643e-01
-2.717332329054368834e-01 -1.435059321920749142e-01
-2.854672255296392680e-01 -1.166288208098742035e-01
-2.965641653570257885e-01 -8.841162934336310730e-02
-3.048896505867233486e-01 -5.911079117289091966e-02
-3.103339689540379753e-01 -2.899670287637166888e-02
-3.128136085261642996e-01 1.648626774423183824e-03
-3.122725473335898894e-01 3.253409827554021999e-02
-3.086833031972504027e-01 6.336219264905866566e-02
-3.020477216240624596e-01 9.383177053901130271e-02
-2.923974883196136521e-01 1.236409721217711088e-01
-2.797943558676955766e-01 1.524901912742432364e-01
-2.643300697586293269e-01 1.800850956303523542e-01
-2.461259872969265572e-01 2.061396615502069651e-01
-2.253323848121744077e-01 2.303791922361514699e-01
-2.021274519547041904e-01 2.525432863626765889e-01
-1.767159753548777634e-01 2.723887240841720847e-01
-1.493277175210143692e-01 2.896922371663984697e-01
-1.202155005025367790e-01 3.042531302702997653e-01
-8.965300750591770340e-02 3.158957211112609631e-01
-5.793231927382740815e-02 3.244715683286328867e-01
-2.536120557378583953e-02 3.298614574291615642e-01
7.739804457519670021e-03 3.319771171079078376e-01
4.104054615311281823e-02 3.307626405894672494e-01
7.420450739437539633e-02 3.261955893530402162e-01
1.068922482825046122e-01 3.182877596835920753e-01
1.387649173746593467e-01 3.070855958987637191e-01
1.694878274383391781e-01 2.926702378027865037e-01
1.987340520586716175e-01 2.751571938748225699e-01
2.261880032460870105e-01 2.546956358657317399e-01
2.515489494635201329e-01 2.314673148060136243e-01
2.745344332444620838e-01 2.056851028668905679e-01
2.948835478215856565e-01 1.775911700116037106e-01
3.123600342511596573e-01 1.474548091967043950e-01
3.267551566590696788e-01 1.155699263956370820e-01
3.378903209614609882e-01 8.225221979796508431e-02
3.456194056083212729e-01 4.783607428978869924e-02
3.498307686109400350e-01 1.267120016429143514e-02
3.504489034448011187e-01 -2.288094947717618857e-02
3.474357188187323087e-01 -5.845094550138718592e-02
3.407914212894573858e-01 -9.366529367811957107e-02
3.305549840279102813e-01 -1.281504473045693426e-01
3.168041896610038766e-01 -1.615368770766629214e-01
2.996552399664205169e-01 -1.934631523024802346e-01
2.792619302306137974e-01 -2.235799866308186279e-01
2.558143912303684764e-01 -2.515542011076261075e-01
2.295374070020449464e-01 -2.770725575894322779e-01
2.006883217542913267e-01 -2.998454163434391972e-01
1.695545543928272947e-01 -3.196101730484039449e-01
1.364507440930855797e-01 -3.361344323709063442e-01
1.017155551121032425e-01 -3.492188778123543891e-01
6.570817351086692681e-02 -3.586998005797674138e-01
2.880453260079766237e-02 -3.644512537971691390e-01
-8.606692324807164660e-03 -3.663868024063583473e-01
-4.612827611542522077e-02 -3.644608435611795816e-01
-8.335877608445368958e-02 -3.586694771472891397e-01
-1.198969556066825509e-01 -3.490509112032436634e-01
-1.553462483875116540e-01 -3.356853924171019354e-01
-1.893192130128428241e-01 -3.186946580183460664e-01
-2.214419219977159514e-01 -2.982409082555090296e-01
-2.513582352208378334e-01 -2.745253092670781325e-01
-2.787339098432399798e-01 -2.477860396036644097e-01
-3.032604932342327086e-01 -2.182958970033847812e-01
-3.246589525026656320e-01 -1.863594903006714487e-01
-3.426829958064235848e-01 -1.523100457445733802e-01
-3.571220439080409204e-01 -1.165058619141491891e-01
-3.678038142846736802e-01 -7.932645195376800129e-02
-3.745964844427538409e-01 -4.116841594871187282e-02
-3.774104058808119833e-01 -2.441089865258631690e-03
-3.761993453312044156e-01 3.643797946079985889e-02
-3.709612354301770054e-01 7.504768133100710170e-02
-3.617384227483617098e-01 1.129680563817712785e-01
-3.486174070889789811e-01 1.497850249715054760e-01
-3.317280720541798678e-01 1.850950732321002545e-01
-3.112424130145351464e-01 2.185098414188521021e-01
-2.873727747149830702e-01 2.496605600385903567e-01
-2.603696167349036084e-01 2.782022807612524185e-01
-2.305188308136780495e-01 3.038178513103377831e-01
-1.981386395814700718e-01 3.262215863585442577e-01
-1.635761114263789007e-01 3.451625898940196002e-01
-1.272033310159598751e-01 3.604276885294987465e-01
-8.941326931068006856e-02 3.718439397530262092e-01
-5.061540070228037758e-02 3.792806841098688153e-01
-1.123111688483569015e-02 3.826511165394795855e-01
2.831100570982957379e-02 3.819133538769310943e-01
6.758003092349544605e-02 3.770709876885997014e-01
1.061475269625998391e-01 3.681731156949520911e-01
1.435924086899139362e-01 3.553138475255541162e-01
1.795057020297971817e-01 3.386312908141748679e-01
2.134951742085484383e-01 3.183060288310408659e-01
2.451897750885627669e-01 2.945591070019690227e-01
2.742438370712202977e-01 2.676495516109544393e-01
3.003409839114877800e-01 2.378714496482014218e-01
3.231977022714419556e-01 2.055506240774920279e-01
3.425665338966229490e-01 1.710409436876577649e-01
3.582388508771454094e-01 1.347203111006322895e-01
3.700471814968994688e-01 9.698637637726131855e-02
3.778670596150274230e-01 5.825202694284640353e-02
3.816183762950581260e-01 1.894070720608811292e-02
3.812662184252750275e-01 -2.051837676539262564e-02
3.768211852824898678e-01 -5.969511084684989838e-02
3.683391803015165777e-01 -9.816332746858462410e-02
3.559206816442667121e-01 -1.355056040791676186e-01
3.397095014353221920e-01 -1.713179491136271881e-01
3.198910496658431413e-01 -2.052143206273963072e-01
2.966901246874843467e-01 -2.368309249364056179e-01
2.703682578483508347e-01 -2.658302454264048764e-01
2.412206450936587032e-01 -2.919047551225447124e-01
2.095727020820971065e-01 -3.147802717560805874e-01
1.757762876894757020e-01 -3.342189133991507743e-01
1.402056409414455251e-01 -3.500216252004390571e-01
1.032530772217744863e-01 -3.620302513129523003e-01
6.532449862422652631e-02 -3.701291262064306808e-01
2.683477128560557423e-02 -3.742461706003552546e-01
-1.179697533346161370e-02 -3.743534819273751091e-01
-5.015207164585358535e-02 -3.704674153719154095e-01
-8.781699812046331322e-02 -3.626481576736067525e-01
-1.243879877214682517e-01 -3.509988019621865241e-01
-1.594754873093999770e-01 -3.356639378233023385e-01
-1.927084267885453284e-01 -3.168277765091770393e-01
-2.237382474795934773e-01 -2.947118366337651563e-01
-2.522426444668342538e-01 -2.695722207624633437e-01
-2.779289814695441452e-01 -2.416965179604422254e-01
-3.005373410649107013e-01 -2.114003715458991628e-01
-3.198431777866129755e-01 -1.790237549562979369e-01
-3.356595466757607005e-01 -1.449270017354202245e-01
-3.478388852019900779e-01 -1.094866381529714383e-01
-3.562743320317306450e-01 -7.309106885077816529e-02
-3.609005718254436612e-01 -3.613616715285091624e-02
-3.616942010222985449e-01 9.791777281944983192e-04
-3.586736153454322396e-01 3.785750440908253883e-02
-3.518984254606274398e-01 7.410716249256298072e-02
-3.414684127746989706e-01 1.093465849950217561e-01
-3.275220418250944787e-01 1.432084032549238162e-01
-3.102345536184760721e-01 1.753433537563592604e-01
-2.898156670179151129e-01 2.054239379361437745e-01
-2.665069166930915112e-01 2.331477983004539567e-01
-2.405786652836670592e-01 2.582407708782358258e-01
-2.123268279407592718e-01 2.804595846202477261e-01
-1.820693508124990867e-01 2.995941813670178200e-01
-1.501424873563165230e-01 3.154696348918168969e-01
-1.168969181043898325e-01 3.279476525962340405e-01
-8.269376066648767565e-02 3.369276486289335404e-01
-4.790051732096672898e-02 3.423473824449457248e-01
-1.288700752252831122e-02 3.441831620560609206e-01
2.197866794527426546e-02 3.424496163764839118e-01
5.633408560619840300e-02 3.371990460779469290e-01
8.982633684706990695e-02 3.285203671740321574e-01
1.221157027263427841e-01 3.165376660973466261e-01
1.528791270383470791e-01 3.014083892627000827e-01
1.818134517303466868e-01 2.833211939769822441e-01
2.086383822407046618e-01 2.624934910200596438e-01
2.330991541229128772e-01 2.391687122449559222e-01
2.549688763870624486e-01 2.136133391005297644e-01
2.740505312701435603e-01 1.861137300433537423e-01
2.901786145803794126e-01 1.569727863619909680e-01
3.032204052888557433e-01 1.265064969778842696e-01
3.130768576043050921e-01 9.504040331114595175e-02
3.196831127822650220e-01 6.290602363318606449e-02
3.230086337191078183e-01 3.043728282567832039e-02
3.230569697976889421e-01 -2.033016651286525915e-03
3.198651603760704898e-01 -3.417664764544577766e-02
3.135027927223150712e-01 -6.567329343713393386e-02
3.040707324521572663e-01 -9.621373272499028628e-02
2.916995479699701077e-01 -1.255028429394735301e-01
2.765476533634568246e-01 -1.532623932561034130e-01
2.587991967738995092e-01 -1.792336018492658445e-01
2.386617234347257477e-01 -2.031794353120307817e-01
2.163636443258001862e-01 -2.248866317180448215e-01
1.921515427194621928e-01 -2.441674324676607333e-01
1.662873517932394740e-01 -2.608610117914954007e-01
1.390454369556437531e-01 -2.748345965306478456e-01
1.107096165835081414e-01 -2.859842725253121665e-01
8.157015451545587825e-02 -2.942354775759267738e-01
5.192075690489135475e-02 -2.995431844493992579e-01
2.205560493067839148e-02 -3.018917807465610337e-01
-7.733546578062956874e-03 -3.012946555887660027e-01
-3.716017629366357572e-02 -2.977935059884591062e-01
-6.594568302679351679e-02 -2.914573784120582101e-01
-9.382192780945704247e-02 -2.823814633997949186e-01
-1.205336098327648708e-01 -2.706856631573547611e-01
-1.458404572514616637e-01 -2.565129537643597857e-01
-1.695192165855143873e-01 -2.400275650461548560e-01
-1.913654271271307272e-01 -2.214130004610846414e-01
-2.111949692545032065e-01 -2.008699272346804454e-01
-2.288453806226925791e-01 -1.786139584558942284e-01
-2.441769337255858263e-01 -1.548733487585505775e-01
-2.570734724472491517e-01 -1.298866341510840350e-01
-2.674430081383443736e-01 -1.039002389200260751e-01
-2.752180779429826418e-01 -7.716607352742942127e-02
-2.803558704032880211e-01 -4.993914643620464555e-02
-2.828381254876445317e-01 -2.247521160031957718e-02
-2.826708181063516401e-01 4.971528022676698425e-03
-2.798836358814636438e-01 3.215064211171804465e-02
-2.745292634162692091e-01 5.881760260473287844e-02
-2.666824865585331050e-01 8.473580588048806872e-02
-2.564391311686142205e-01 1.096784738855945962e-01
-2.439148516910093767e-01 1.334304224340450429e-01
-2.292437853914756074e-01 1.557896867527624463e-01
-2.125770884706897346e-01 1.765689961710217581e-01
-1.940813704114505711e-01 1.955970916300689977e-01
-1.739370428743817476e-01 2.127198814000602067e-01
-1.523365992438655558e-01 2.278014320155484218e-01
-1.294828405602448107e-01 2.407247929620595084e-01
-1.055870630762525408e-01 2.513926550518256753e-01
-8.086722206615987174e-02 2.597278437066541934e-01
-5.554608581670853612e-02 2.656736495136080567e-01
-2.984939296095515809e-02 2.691939994312219087e-01
-4.004025222769496892e-03 2.702734712014982499e-01
2.176379131847996570e-02 2.689171609743578606e-01
4.723024827718533269e-02 2.651504067691286548e-01
7.217566994402360714e-02 2.590183700218916529e-01
9.638617098334950617e-02 2.505854868257861301e-01
1.196552492767246623e-01 2.399347940446031890e-01
1.417853064339856251e-01 2.271671372751559170e-01
1.625890891691356976e-01 2.124002677636150915e-01
1.818910453518464143e-01 1.957678354549509114e-01
1.995285890933858330e-01 1.774182853882115551e-01
2.153532697079188485e-01 1.575136646588275458e-01
2.292318398084610132e-01 1.362283471672046942e-01
2.410472181558486471e-01 1.137476833743969462e-01
2.506993431856980314e-01 9.026658230323797438e-02
2.581059134012539391e-01 6.598803306799870538e-02
2.632030110497837749e-01 4.112157329661301347e-02
2.659456057087101755e-01 1.588171193388575667e-02
2.663079346079859633e-01 -9.513685913313271389e-03
2.642837567210393757e-01 -3.484504420464759611e-02
2.598864778819784949e-01 -5.989274311073680690e-02
2.531491444456294149e-01 -8.443879959379056721e-02
2.441243033128902007e-01 -1.082685525804315541e-01
2.328837265094657605e-01 -1.311723434830675827e-01
2.195179989427529788e-01 -1.529471824011822412e-01
2.041359684793107587e-01 -1.733983898954674641e-01
1.868640575053925057e-01 -1.923412022736324667e-01
1.678454388803209685e-01 -2.096023337423939814e-01
1.472390746483254742e-01 -2.250214817803605494e-01
1.252186194453930868e-01 -2.384527603661356077e-01
1.019711938692041547e-01 -2.497660535788119862e-01
7.769603114065987137e-02 -2.588482760617761835e-01
5.260300246023714987e-02 -2.656045281052428209e-01
2.691102770769656163e-02 -2.699591331382668047e-01
8.463794394324543682e-04 -2.718565455918455220e-01
-2.535911051189596033e-02 -2.712621174151665926e-01
-5.146993115415546965e-02 -2.681627120091345517e-01
-7.724884710509173635e-02 -2.625671549947154459e-01
-1.024589145841367926e-01 -2.545065120654121382e-01
-1.268655438703140959e-01 -2.440341851873959189e-01
-1.502385922083738778e-01 -2.312258196083638584e-01
-1.723544699738971397e-01 -2.161790155145832948e-01
-1.929982418523778775e-01 -1.990128397288623285e-01
-2.119657038724701015e-01 -1.798671345608222616e-01
-2.290654163841425728e-01 -1.589016227917880164e-01
-2.441206725115979137e-01 -1.362948097833036887e-01
-2.569713812599238589e-01 -1.122426858208489392e-01
-2.674758443327734381e-01 -8.695723401974467248e-02
-2.755124058424704980e-01 -6.066475140258457271e-02
-2.809809544773152479e-01 -3.360399307835088001e-02
-2.838042583435774202e-01 -6.024151782015020606e-03
-2.839291128546239107e-01 2.181731138361041669e-02
-2.813272869402304588e-01 4.965697171751845551e-02
-2.759962484231341384e-01 7.722786062556616371e-02
-2.679596533832789285e-01 1.042619759900296067e-01
-2.572675897450484861e-01 1.304928640772734239e-01
-2.439965639086048577e-01 1.556582473864114580e-01
-2.282492227594757894e-01 1.795026724780514060e-01
-2.101538060711383715e-01 2.017801506386539823e-01
-1.898633271691226865e-01 2.222567633373138118e-01
-1.675544827207870735e-01 2.407132038422372666e-01
-1.434262956177451420e-01 2.569472261046472639e-01
-1.176984980903970357e-01 2.707759721050312374e-01
-9.060966539617119897e-02 2.820381493029301967e-01
-6.241511361306052719e-02 2.905960306444480001e-01
-3.338457820467410908e-02 2.963372507639368547e-01
-3.799693058461962522e-03 2.991763735653046319e-01
2.604870740891076022e-02 2.990562082761408780e-01
5.586343777918493375e-02 2.959488533211305783e-01
8.534393501588671826e-02 2.898564499413865403e-01
1.141893257174873277e-01 2.808116303696281402e-01
1.421015553518368835e-01 2.688776485287860396e-01
1.687885460214386679e-01 2.541481846201690264e-01
1.939673481184134018e-01 2.367468185690069782e-01
2.173672504347957668e-01 2.168261710583238300e-01
2.387328129195832871e-01 1.945667147616442494e-01
2.578267854904902068e-01 1.701752633912578527e-01
2.744328806992000214e-01 1.438831462659720395e-01
2.883583630841650702e-01 1.159440839550494040e-01
2.994364212722599450e-01 8.663178616903184637e-02
3.075282946030892806e-01 5.623729087668340176e-02
3.125251244720750332e-01 2.506607103389672103e-02
3.143495043273595302e-01 -6.565062255158619041e-03
3.129567053226687268e-01 -3.833122833135295393e-02
3.083355580458920775e-01 -6.990288285534664026e-02
3.005089744741220592e-01 -1.009493242059533169e-01
2.895340983081585717e-01 -1.311422617718870087e-01
2.755020760663552948e-01 -1.601594060792063678e-01
2.585374457186244146e-01 -1.876880397414413815e-01
2.387971441625356128e-01 -2.134285277574894113e-01
2.164691394282911296e-01 -2.370977257289249018e-01
1.917706980895920454e-01 -2.584322451318222802e-01
1.649463028936533071e-01 -2.771915358601583779e-01
1.362652400461985824e-01 -2.931607478530248168e-01
1.060188798370857860e-01 -3.061533357139284983e-01
7.451767831156023980e-02 -3.160133728081846449e-01
4.208793142551234268e-02 -3.226175443578316870e-01
9.068316518033336590e-03 -3.258767925101824225e-01
-2.419374105769730998e-02 -3.257375901974768895e-01
-5.734583572781717931e-02 -3.221828247868828154e-01
-9.003444139221537801e-02 -3.152322769928868063e-01
-1.219088180506848335e-01 -3.049426861376944853e-01
-1.526249231336298806e-01 -2.914073944793526549e-01
-1.818492791112997498e-01 -2.747555714736531485e-01
-2.092627505430406654e-01 -2.551510256535595156e-01
-2.345641882710336190e-01 -2.327906117495394944e-01
-2.574738958618589257e-01 -2.079022489229910287e-01
-2.777368761596862301e-01 -1.807425701283047192e-01
-2.951258180979856593e-01 -1.515942272560183435e-01
-3.094437867177741164e-01 -1.207628810817803072e-01
-3.205265826283278385e-01 -8.857390909479263830e-02
-3.282447408830351798e-01 -5.536886795009875878e-02
-3.325051433844001814e-01 -2.150175053113595816e-02
-3.332522234281815599e-01 1.266491962275558339e-02
-3.304687457922353966e-01 4.676411151390186954e-02
-3.241761508113922829e-01 8.042838078943841118e-02
-3.144344560926485843e-01 1.132939868924692367e-01
-3.013417148492996134e-01 1.450049848554883225e-01
-2.850330352007189871e-01 1.752172433826746922e-01
-2.656791701276463025e-01 2.036023415234348155e-01
-2.434846930223531491e-01 2.298512974936157416e-01
-2.186857788610817033e-01 2.536780850401143539e-01
-1.915476158866189771e-01 2.748228951483447924e-01
-1.623614772584373034e-01 2.930551038318437995e-01
-1.314414863466829564e-01 3.081759101836368253e-01
-9.912111315903660014e-02 3.200206127675836454e-01
-6.574944357835831032e-02 3.284604975636895574e-01
-3.168726221198866350e-02 3.334043123957300958e-01
2.697002534060707109e-03 3.347993104934616770e-01
3.703142219265475460e-02 3.326318527766068955e-01
7.094475458075603924e-02 3.269275590831562939e-01
1.040706222972537093e-01 3.177510069986453911e-01
1.360516339818373666e-01 3.052049818090811772e-01
1.665433996313175624e-01 2.894292865502935963e-01
1.952183925655790464e-01 2.705991264656426032e-01
2.217696125224750681e-01 2.489230873437517089e-01
2.459140068151635106e-01 2.246407321221121078e-01
2.673956094749082024e-01 1.980198447481194279e-01
2.859883617884578788e-01 1.693533545275563990e-01
3.014985815764944510e-01 1.389559780077867235e-01
3.137670528971387429e-01 1.071606187906589680e-01
3.226707125397549891e-01 7.431456850625117738e-02
3.281239146385086514e-01 4.077555446786519655e-02
3.300792599179146469e-01 6.907681243109753400e-03
3.285279814168496348e-01 -2.692268550485136386e-02
3.234998839542558291e-01 -6.035104404021660734e-02
3.150628400292492803e-01 -9.301884167641452650e-02
3.033218502208088196e-01 -1.245774719405322167e-01
2.884176813989577370e-01 -1.546921370294296327e-01
2.705251011135814121e-01 -1.830455306893649658e-01
2.498507313247730066e-01 -2.093412990838142973e-01
2.266305499805208457e-01 -2.333072409651335277e-01
2.011270692238385505e-01 -2.546982090570525936e-01
1.736262282798211043e-01 -2.732986809903634184e-01
1.444340409675834991e-01 -2.889249741619141498e-01
1.138730364056395744e-01 -3.014270788178632920e-01
8.227853746721516814e-02 -3.106900913288938026e-01
4.999482214108605382e-02 -3.166352340313627334e-01
1.737121398921288515e-02 -3.192204531381460098e-01
-1.524185165806301451e-02 -3.184405914145276850e-01
-4.749673926599309176e-02 -3.143271375005145529e-01
-7.905245663276933010e-02 -3.069475588746879424e-01
-1.095783858972825542e-01 -2.964042304309065790e-01
-1.387578593405181804e-01 -2.828329754150563091e-01
-1.662915396443640781e-01 -2.664012399850093082e-01
-1.919005670909534889e-01 -2.473059268574776537e-01
-2.153294394422502478e-01 -2.257709173397024205e-01
-2.363485938864543501e-01 -2.020443144665213797e-01
-2.547566644233216215e-01 -1.763954429348478237e-01
-2.703823923290725739e-01 -1.491116440149793942e-01
-2.830861718344918065e-01 -1.204949055952762998e-01
-2.927612178060783332e-01 -9.085836896454335676e-02
-2.993343469772391519e-01 -6.052275484318595661e-02
-3.027663690715162725e-01 -2.981275153550930201e-02
-3.030520889299904708e-01 9.465921056176897306e-04
-3.002199254387851735e-01 3.143342692389045762e-02
-2.943311585384653095e-01 6.133257694297307439e-02
-2.854788157643864954e-01 9.033888514036411688e-02
-2.737862198076623788e-01 1.181603950685427562e-01
-2.594052211254318507e-01 1.445213364375242671e-01
-2.425141384844961001e-01 1.691648812334660690e-01
-2.233154375192318852e-01 1.918556430005058377e-01
-2.020331789084884866e-01 2.123818949780034160e-01
-1.789102699473120728e-01 2.305574866390926181e-01
-1.542055549935505976e-01 2.462234422119094490e-01
-1.281907814932803091e-01 2.592492289257307125e-01
-1.011474790259754564e-01 2.695336869535158719e-01
-7.336378906054255578e-02 2.770056172631101821e-01
-4.513128288354981144e-02 2.816240277856625340e-01
-1.674180446441230624e-02 2.833780424073559234e-01
1.151562612171427857e-02 2.822864812374915600e-01
3.935781465893317677e-02 2.783971243535734996e-01
6.651026804742846132e-02 2.717856747273431628e-01
9.270991307120413083e-02 2.625544392540395955e-01
1.177076315285422309e-01 2.508307497047107537e-01
1.412705874844149279e-01 2.367651479675570991e-01
1.631843255405818760e-01 2.205293621140658189e-01
1.832546223368884952e-01 2.023141015998873860e-01
2.013090769471782837e-01 1.823267012758236771e-01
2.171984293654273257e-01 1.607886448337728647e-01
2.307975998424582897e-01 1.379329988448743383e-01
2.420064464577587615e-01 1.140017879596624817e-01
2.507502371484733317e-01 8.924334391529953336e-02
2.569798422642578517e-01 6.390965854752504727e-02
2.606716558798233829e-01 3.825376781698360679e-02
2.618272518493560685e-01 1.252719669842307197e-02
2.604727880399966278e-01 -1.302250928205379334e-02
2.566581735284735322e-01 -3.815414157870505862e-02
2.504560158124742308e-01 -6.263505314167161497e-02
2.419603670512361360e-01 -8.624323023016726431e-02
2.312852899918205196e-01 -1.087691943969473912e-01
2.185632655475356900e-01 -1.300177201965810603e-01
2.039434649671884314e-01 -1.498093569261507718e-01
1.875899101676546388e-01 -1.679817454985447212e-01
1.696795461021713969e-01 -1.843907243346212255e-01
1.504002490120983915e-01 -1.989112209018263355e-01
1.299487940746256454e-01 -2.114379281860184201e-01
1.085288053311947581e-01 -2.218857679255482052e-01
8.634870988325760166e-02 -2.301901448303983744e-01
6.361971719880660237e-02 -2.363069982261989943e-01
4.055384301310549500e-02 -2.402126595788385277e-01
1.736199576080460494e-02 -2.419035261499348222e-01
-5.747858223549959580e-03 -2.413955625906556990e-01
-2.857243632021127730e-02 -2.387236435898121845e-01
-5.091477554469946848e-02 -2.339407517447700813e-01
-7.258575222386853820e-02 -2.271170456180378050e-01
-9.340547805563181871e-02 -2.183388129113459364e-01
-1.132045620612986137e-01 -2.077073257230765135e-01
-1.318252367227520649e-01 -1.953376139953051926e-01
-1.491223476695562600e-01 -1.813571707455982063e-01
-1.649642020323536240e-01 -1.659046058213957398e-01
-1.792332772913053651e-01 -1.491282625717083032e-01
-1.918267926374779553e-01 -1.311848113787294490e-01
-2.026571461910069427e-01 -1.122378331040547739e-01
-2.116522225748799502e-01 -9.245640449965555896e-02
-2.187555763184259039e-01 -7.201369653949700467e-02
-2.239264973551035320e-01 -5.108559547106074350e-02
-2.271399654838130999e-01 -2.984935519429269407e-02
-2.283865010843157961e-01 -8.482288375308413841e-03
-2.276719196216436814e-01 1.283949748088730053e-02
-2.250169975511838172e-01 3.394231391636561013e-02
-2.204570571580888871e-01 5.465605136144192910e-02
-2.140414776472143454e-01 7.481528192360054064e-02
-2.058331394607036957e-01 9.426030301303342518e-02
-1.959078083594022468e-01 1.128381204762587270e-01
-1.843534652827324982e-01 1.304033705674302601e-01
-1.712695874218319592e-01 1.468191806132084221e-01
-1.567663853254949169e-01 1.619579686174552058e-01
-1.409640002307073203e-01 1.757021823060160026e-01
-1.239916651918246543e-01 1.879449782323411311e-01
-1.059868329963350730e-01 1.985908415578597763e-01
-8.709427204678978074e-02 2.075561466208903083e-01
-6.746513621918985570e-02 2.147696591147206235e-01
-4.725600740538526967e-02 2.201729805335530532e-01
-2.662790958158817167e-02 2.237209327429749983e-01
-5.745299547029159536e-03 2.253818826253033980e-01
1.522496586568897019e-02 2.251380053153459182e-01
3.611468490270752091e-02 2.229854841314503067e-01
5.675538691248510625e-02 2.189346448165384040e-01
7.697942754059652892e-02 2.130100212442492813e-01
9.662110090749870261e-02 2.052503493378870503e-01
1.155177660226651692e-01 1.957084856152594143e-01
1.335109840314525342e-01 1.844512465300011117e-01
1.504476621498458400e-01 1.715591646471142651e-01
1.661811993340006621e-01 1.571261576825325190e-01
1.805726278757349423e-01 1.412591065662788525e-01
1.934917442332506621e-01 1.240773389660792952e-01
2.048182215213369128e-01 1.057120151398316249e-01
2.144426952211708759e-01 8.630541357443077821e-02
2.222678128512342866e-01 6.601011461494792065e-02
2.282092375925822147e-01 4.498808118826619351e-02
2.321965952081062046e-01 2.340963677159800527e-02
2.341743530600364220e-01 1.452341937895456616e-03
2.341026196348205968e-01 -2.070022788738957661e-02
2.319578527499555620e-01 -4.285979941808490401e-02
2.277334645612647535e-01 -6.483480771930631714e-02
2.214403103555332430e-01 -8.643188439594347294e-02
2.131070536481793898e-01 -1.074574190403405627e-01
2.027803940730673882e-01 -1.277191848117999740e-01
1.905251453765532954e-01 -1.470280151106558575e-01
1.764241583622879472e-01 -1.651995182568063436e-01
1.605780796571898428e-01 -1.820558155406729051e-01
1.431049398712726517e-01 -1.974272865881842309e-01
1.241395663483668282e-01 -2.111543048120084198e-01
1.038328175127797154e-01 -2.230889447239452206e-01
8.235063778932814882e-02 -2.330966420848474829e-01
5.987293418800707090e-02 -2.410577872930896592e-01
3.659227787344238036e-02 -2.468692320820942698e-01
1.271243635377898411e-02 -2.504456895301773733e-01
-1.155325570833372339e-02 -2.517210075967476479e-01
-3.598367667278525722e-02 -2.506492968984413983e-01
-6.035183632678129545e-02 -2.472058942335312592e-01
-8.442691744056547709e-02 -2.413881444547909538e-01
-1.079764231724157225e-01 -2.332159846770920364e-01
-1.307684109256238292e-01 -2.227323164787033960e-01
-1.525737913307902149e-01 -2.100031537020758121e-01
-1.731686692993292809e-01 -1.951175356635833358e-01
-1.923367026024021542e-01 -1.781871980203977024e-01
-2.098714522048895081e-01 -1.593459961901280419e-01
-2.255786976547684286e-01 -1.387490790446954114e-01
-2.392786902190474907e-01 -1.165718135700400809e-01
-2.508083149903058140e-01 -9.300846425663966688e-02
-2.600231381009044940e-01 -6.827063467978278233e-02
-2.667993096709999623e-01 -4.258547998293879533e-02
-2.710352937126462858e-01 -1.619370430336032965e-02
-2.726534036454422716e-01 1.065264026925259212e-02
-2.716011188342219440e-01 3.769253418090968283e-02
-2.678521606634582386e-01 6.465852824604993720e-02
-2.614073089424349128e-01 9.127941410502650454e-02
-2.522949420371038420e-01 1.172830002110185482e-01
-2.405712870222715127e-01 1.423989641574622267e-01
-2.263203693097425584e-01 1.663617503824240951e-01
-2.096536545981200761e-01 1.889134808638391894e-01
-1.907093795677421433e-01 2.098068453782323539e-01
-1.696515714657240992e-01 2.288079372597146000e-01
-1.466687605441664710e-01 2.456990003847727422e-01
-1.219723931797294658e-01 2.602810533351161970e-01
-9.579495736364139480e-02 2.723763573631964863e-01
-6.838783605540420252e-02 2.818306959044162840e-01
-4.001890758827511552e-02 2.885154349416849118e-01
-1.096991584776451506e-02 2.923293355207413069e-01
1.846636373517527088e-02 2.932000921211608824e-01
4.798913327600164147e-02 2.910855733847024229e-01
7.729272476286440374e-02 2.859747448602251718e-01
1.060698613676279711e-01 2.778882569078689468e-01
1.340149914830405520e-01 2.668786846744194974e-01
1.608276565487227472e-01 2.530304109549885161e-01
1.862158569580920076e-01 2.364591478787169132e-01
2.098993743913611931e-01 2.173110954317926391e-01
2.316130083685767616e-01 1.957617412320856731e-01
2.511096908855896537e-01 1.720143104717309357e-01
2.681634394931839416e-01 1.462978784555015732e-01
2.825721115800197691e-01 1.188651628386904469e-01
2.941599244709052208e-01 8.999001685260336891e-02
3.027797082806666928e-01 5.996464878425000755e-02
3.083148612469048255e-01 2.909659669403804119e-02
3.106809804720692125e-01 -2.294509241308825050e-03
3.098271446002937579e-01 -3.388036133276419587e-02
3.057368288953167812e-01 -6.532752786893712693e-02
2.984284374254136951e-01 -9.630110524495300028e-02
2.879554415478283724e-01 -1.264684267786496952e-01
2.744061185630310984e-01 -1.555027850671883982e-01
2.579028892193979683e-01 -1.830871240727741101e-01
2.386012576303296884e-01 -2.089176570072173722e-01
2.166883620555601908e-01 -2.327073665189532403e-01
1.923811498328752423e-01 -2.541893446729150408e-01
1.659241944622240061e-01 -2.731199317459799825e-01
1.375871773788606700e-01 -2.892816149238354728e-01
1.076620612451387737e-01 -3.024856505570918674e-01
7.645998558410424528e-02 -3.125743766863618989e-01
4.430791921781317144e-02 -3.194231860422406255e-01
1.154510821778140239e-02 -3.229421334833484925e-01
-2.148064313830489250e-02 -3.230771571120152896e-01
-5.441681379603116597e-02 -3.198108945541546788e-01
-8.691008292137063218e-02 -3.131630825149994135e-01
-1.186102797101546980e-01 -3.031905329688435735e-01
-1.491743185962206564e-01 -2.899866834401707005e-01
-1.782700733114817027e-01 -2.736807243577096260e-01
-2.055801437471881377e-01 -2.544363116196604047e-01
-2.308054706405671119e-01 -2.324498775889453084e-01
-2.536687547536243814e-01 -2.079485586760478066e-01
-2.739176394023877248e-01 -1.811877623996560605e-01
-2.913276179091670581e-01 -1.524484012802190813e-01
-3.057046307543782593e-01 -1.220338250603239250e-01
-3.168873208584765955e-01 -9.026648650429494602e-02
-3.247489194828319659e-01 -5.748437935827509920e-02
-3.291987396497848550e-01 -2.403728990751487216e-02
-3.301832586907577638e-01 9.717094087943302719e-03
-3.276867764772009584e-01 4.341717149544811749e-02
-3.217316410092250223e-01 7.670146612924094720e-02
-3.123780382655219068e-01 1.092126678120254324e-01
-2.997233484886669963e-01 1.406016286394840553e-01
-2.839010763246225255e-01 1.705312674365242198e-01
-2.650793673870659450e-01 1.986803365068623428e-01
-2.434591288101650708e-01 2.247470064607648421e-01
-2.192717761238465179e-01 2.484522271373226232e-01
-1.927766342524681320e-01 2.695428252490643661e-01
-1.642580206984223246e-01 2.877943036127422194e-01
-1.340220474000620443e-01 3.030133082450506277e-01
-1.023931814943293689e-01 3.150397354511495496e-01
-6.971060289976015178e-02 3.237484556948451719e-01
-3.632440283491917415e-02 3.290506347422295641e-01
-2.591668235957292864e-03 3.308946378316425241e-01
3.112750175227415803e-02 3.292665076925975765e-01
6.447400040349776651e-02 3.241900123988766258e-01
9.709369229660741452e-02 3.157262642300692201e-01
1.286413201319269450e-01 3.039729158650872898e-01
1.587842942474867458e-01 2.890629452751538042e-01
1.872063212590673598e-01 2.711630455587376032e-01
2.136108304301267413e-01 2.504716406057349576e-01
2.377241590578708375e-01 2.272165518351614844e-01
2.592984613021164786e-01 2.016523452661242999e-01
2.781143084409269384e-01 1.740573918071846027e-01
2.939829524627947110e-01 1.447306768411353028e-01
3.067482291464764810e-01 1.139883979035006822e-01
3.162880812797884689e-01 8.216039147295940703e-02
3.225156873681722103e-01 4.958643158651621780e-02
3.253801860209690755e-01 1.661244414481346035e-02
3.248669911151836343e-01 -1.641331862602265698e-02
3.209976977597814862e-01 -4.914409904232458493e-02
3.138295839554495203e-01 -8.123840614823944761e-02
3.034547186209745062e-01 -1.123636960946231000e-01
2.899986872123791470e-01 -1.421999202020122754e-01
2.736189553593884050e-01 -1.704428998713797272e-01
2.545028954804384180e-01 -1.968074918654005856e-01
2.328654997300167173e-01 -2.210305106941216902e-01
2.089468100361292491e-01 -2.428733771015452181e-01
1.830090979877617985e-01 -2.621244656542718321e-01
1.553338298518878169e-01 -2.786011283513291636e-01
1.262184540503938079e-01 -2.921513753190931317e-01
9.597304999006955883e-02 -3.026551979706381679e-01
6.491687820109508233e-02 -3.100255244373245067e-01
3.337487229562995095e-02 -3.142088015637451992e-01
1.674113309319154351e-03 -3.151852022372561568e-01
-2.985967345739068413e-02 -3.129684612431684609e-01
-6.090555990999451524e-02 -3.076053471409551654e-01
-9.115075714574362442e-02 -2.991747817926954101e-01
-1.202938219848307261e-01 -2.877866230927711433e-01
-1.480476943091019459e-01 -2.735801301016635434e-01
-1.741425340705138602e-01 -2.567221331350837410e-01
-1.983283297592386418e-01 -2.374049343659416500e-01
-2.203772533324646621e-01 -2.158439671294826445e-01
-2.400857400524935292e-01 -1.922752443555478807e-01
-2.572762753174519523e-01 -1.669526283664976019e-01
-2.717988743391136497e-01 -1.401449556610521729e-01
-2.835322443785434077e-01 -1.121330512454508099e-01
-2.923846242369019244e-01 -8.320666778593309443e-02
-2.982942952493486399e-01 -5.366138356171012980e-02
-3.012297669654904198e-01 -2.379549565346654461e-02
-3.011896449944719278e-01 6.093057963624750988e-03
-2.982021862232570042e-01 3.570971550667480926e-02
-2.923245542764764671e-01 6.476621593163132962e-02
-2.836417901613039194e-01 9.298340153760809024e-02
-2.722655158707943945e-01 1.200938713985248152e-01
-2.583323912510286369e-01 1.458444608277914556e-01
-2.420023466475919316e-01 1.699985247431313740e-01
-2.234566157169010359e-01 1.923380056437143382e-01
-2.028955943043718735e-01 2.126652698978281908e-01
