3.535533905932736753e-01 -3.535533905932738419e-01
3.150783097127689003e-01 -3.882066318265914306e-01
2.732044959265885753e-01 -4.186576602031386041e-01
2.283931115845092008e-01 -4.445730911928895135e-01
1.811379932053714947e-01 -4.656704454567319740e-01
1.319599943596114211e-01 -4.817213431765902110e-01
8.140101786598259725e-02 -4.925540650015624577e-01
3.001780878471451905e-02 -4.980554496733237135e-01
-2.162441747208675505e-02 -4.981721065280458882e-01
-7.295843568670820622e-02 -4.929109294680016351e-01
-1.234214828636746170e-01 -4.823389075458002218e-01
-1.724616645817595439e-01 -4.665822358981077667e-01
-2.195442194948883374e-01 -4.458247392935928977e-01
-2.641575671240113943e-01 -4.203056286565458599e-01
-3.058190692156497748e-01 -3.903166202941209528e-01
-3.440804363527517618e-01 -3.561984530836835305e-01
-3.785327149827673598e-01 -3.183368469317195415e-01
-4.088107990243648460e-01 -2.771579537220652534e-01
-4.345974137972715701e-01 -2.331233565554273468e-01
-4.556265272265547228e-01 -1.867246787307649536e-01
-4.716861504613651945e-01 -1.384778683797341092e-01
-4.826204976732713092e-01 -8.891722828099131448e-02
-4.883314827609547271e-01 -3.858926310986798142e-02
-4.887795388825257326e-01 1.195358180927296073e-02
-4.839837550578592329e-01 6.215921530358321095e-02
-4.740213324239629933e-01 1.114821538237960319e-01
-4.590263709796543745e-01 1.593896597027300577e-01
-4.391880057168231488e-01 2.053676922255845139e-01
-4.147479188025581798e-01 2.489266023310278408e-01
-3.859972618523070942e-01 2.896065053966085379e-01
-3.532730292277722617e-01 3.269822709844276698e-01
-3.169539296201986378e-01 3.606680735703525764e-01
-2.774558088639757503e-01 3.903214540804039734e-01
-2.352266819000302378e-01 4.156468484314407852e-01
-1.907414360162225098e-01 4.363985461331575388e-01
-1.444962708863299083e-01 4.523830492624657529e-01
-9.700294347477715629e-02 4.634608096729333493e-01
-4.878288754713871328e-02 4.695473300515685122e-01
-3.612795883939587675e-04 4.706136209209202392e-01
4.773888167091080298e-02 4.666860196040585884e-01
9.500261180215317791e-02 4.578453760432636965e-01
1.409286218756235776e-01 4.442256199371689696e-01
1.850347829454469795e-01 4.260117375485818481e-01
2.268633112967673171e-01 4.034371872049749008e-01
2.659856170157257615e-01 3.767807905451222017e-01
3.020067632395045387e-01 3.463631424078303378e-01
3.345694888291894653e-01 3.125425874902923451e-01
3.633577531054848486e-01 2.757108164658201299e-01
3.880997676137824537e-01 2.362881380946838250e-01
4.085704865536631258e-01 1.947184869487858239e-01
4.245935344282105728e-01 1.514642286727447829e-01
4.360425565482298205e-01 1.070008262031916790e-01
4.428419851725370893e-01 6.181143105813115268e-02
4.449672211855030257e-01 1.638146369328761023e-02
4.424442382163259468e-01 -2.880675398282514510e-02
4.353486229035082866e-01 -7.327925251383418659e-02
4.238040715192846752e-01 -1.165754962003169304e-01
4.079803693140824916e-01 -1.582532358725064758e-01
3.880908846485474628e-01 -1.978930809220080800e-01
3.643896151853379672e-01 -2.351027426822558941e-01
3.371678280577537490e-01 -2.695209060555799896e-01
3.067503399687995236e-01 -3.008206915309377116e-01
2.734914865629589631e-01 -3.287126753446367178e-01
2.377708340922209118e-01 -3.529474381938441652e-01
1.999886859640109538e-01 -3.733176325626334502e-01
1.605614376844041180e-01 -3.896595469417942215e-01
1.199168405553584504e-01 -4.018541529505694210e-01
7.848922773509534045e-02 -4.098276439389451076e-01
3.671475793761570100e-02 -4.135514661317252205e-01
-4.973269624556374280e-03 -4.130418526859637729e-01
-4.614897752799790309e-02 -4.083588766499492984e-01
-8.639830078982717321e-02 -3.996050440946180560e-01
-1.253231602096558372e-01 -3.869234535775888939e-01
-1.625453764007942503e-01 -3.704955525432258590e-01
-1.977102866005857884e-01 -3.505385252139000540e-01
-2.304900307961501582e-01 -3.273023499502472622e-01
-2.605864784365965470e-01 -3.010665669221799234e-01
-2.877337719569376118e-01 -2.721367992165720784e-01
-3.117004684424880545e-01 -2.408410721990500436e-01
-3.322912659453446382e-01 -2.075259770417584582e-01
-3.493483061574975124e-01 -1.725527248301355621e-01
-3.627520502809744030e-01 -1.362931375812787560e-01
-3.724217299496589417e-01 -9.912562186368370498e-02
-3.783153798892854858e-01 -6.143116952932037994e-02
-3.804294635951171455e-01 -2.358942838694082916e-02
-3.787981076095987554e-01 1.402511650118778465e-02
-3.734919639491441345e-01 5.104681278459014676e-02
-3.646167238205569872e-01 8.712232687789490948e-02
-3.523113082602434276e-01 1.219139084705006260e-01
-3.367457694847765803e-01 1.551024222862911195e-01
-3.181189262080631464e-01 1.863901116320780538e-01
-2.966557687963140011e-01 2.155030604458368637e-01
-2.726046722004283329e-01 2.421933544528314941e-01
-2.462344501263976915e-01 2.662409232210848353e-01
-2.178312863044890857e-01 2.874550544198558599e-01
-1.876955786922521463e-01 3.056755755422169152e-01
-1.561387319923494832e-01 3.207737021964502389e-01
-1.234799330090252528e-01 3.326525557554256274e-01
-9.004294213647058565e-02 3.412473566373077083e-01
-5.615293270226689309e-02 3.465253027384431195e-01
-2.213340801674690966e-02 3.484851455186743219e-01
1.169677615564169819e-02 3.471564789245537574e-01
4.502625834223535767e-02 3.425987587064945883e-01
7.755386449754572697e-02 3.349000717268799110e-01
1.089911273674762648e-01 3.241756765582015642e-01
1.390646146797100136e-01 3.105663380296616038e-01
1.675180515642320511e-01 2.942364793988275218e-01
1.941142254223794661e-01 2.753721765084612971e-01
2.186366642464425414e-01 2.541790186489082393e-01
2.408910821087064669e-01 2.308798608990368650e-01
2.607065881561244636e-01 2.057124924831838508e-01
2.779366579353064193e-01 1.789272451807167874e-01
2.924598682067574562e-01 1.507845650843531726e-01
3.041803944387882486e-01 1.215525782642868646e-01
3.130282926244650210e-01 9.150464833245486318e-02
3.189595544551453998e-01 6.091695765516656758e-02
3.219559417101163223e-01 3.006615098449695947e-02
3.220246242050593399e-01 -7.729656574427869751e-04
3.191976264295803833e-01 -3.132964822447919379e-02
3.135310948139252707e-01 -6.133934615057456269e-02
3.051043982569390245e-01 -9.054572983352009163e-02
2.940190750437973732e-01 -1.187026033916286916e-01
2.803976395966677471e-01 -1.455756935155964049e-01
2.643822626503651296e-01 -1.709443067031660990e-01
2.461333384462637552e-01 -1.946028485499650684e-01
2.258279524107849046e-01 -2.163622000624764730e-01
2.036582625501843213e-01 -2.360509471485922328e-01
1.798298074720964534e-01 -2.535164605210049604e-01
1.545597535573216275e-01 -2.686258242155819542e-01
1.280750933731002739e-01 -2.812666117807779420e-01
1.006108069611236361e-01 -2.913475099382306088e-01
7.240799716783519191e-02 -2.987987901547728420e-01
4.371200972757608577e-02 -3.035726291106287111e-01
1.477054837508504428e-02 -3.056432795082609788e-01
-1.416820513531018462e-02 -3.050070930536676328e-01
-4.285745658141577874e-02 -3.016823977708899540e-01
-7.105364117760447351e-02 -2.957092320960577614e-01
-9.851823286333573348e-02 -2.871489384550214297e-01
-1.250195028475115377e-01 -2.760836289133866694e-01
-1.503342517438809034e-01 -2.626155009420815256e-01
-1.742494764949009400e-01 -2.468660152750467851e-01
-1.965639509072818758e-01 -2.289749666978130038e-01
-2.170897419790477068e-01 -2.090994244894664733e-01
-2.356536421967178885e-01 -1.874125543950281025e-01
-2.520985093229787255e-01 -1.641023270836836634e-01
-2.662845051908723226e-01 -1.393701185688383248e-01
-2.780902250385804408e-01 -1.134292086559948176e-01
-2.874137089754710828e-01 -8.650318414412838663e-02
-2.941733272815556521e-01 -5.882425423282603566e-02
-2.983085314249319664e-01 -3.063148637538416069e-02
-2.997804629504459140e-01 -2.168971659077745511e-03
-2.985724127618814006e-01 2.631607032310348190e-02
-2.946901238020621094e-01 5.457523623334387813e-02
-2.881619307409992170e-01 8.236092158219975035e-02
-2.790387310199964332e-01 1.094283284343226387e-01
-2.673937824752541381e-01 1.355374846118439502e-01
-2.533223237808502892e-01 1.604552599304835681e-01
-2.369410151079494598e-01 1.839573642198520376e-01
-2.183871976913939195e-01 2.058303111842952338e-01
-1.978179724199045642e-01 2.258733315757978921e-01
-1.754090991121636522e-01 2.439002186973170672e-01
-1.513537197949222091e-01 2.597410889538964707e-01
-1.258609110448403179e-01 2.732440400388930213e-01
-9.915408785892047827e-02 2.842766982325700131e-01
-7.146921618996801562e-02 2.927276178999019263e-01
-4.305288667694227162e-02 2.985075160685047857e-01
-1.416028849976615211e-02 3.015503561173101255e-01
1.494695170367938732e-02 3.018142420096835421e-01
4.400303237201753231e-02 2.992821144392064925e-01
7.274032307519087692e-02 2.939622364548498679e-01
1.008917745504180757e-01 2.858884577440112262e-01
1.281933717177384247e-01 2.751202485777961004e-01
1.543866073857773635e-01 2.617424964494461936e-01
1.792209532726400933e-01 2.458650606464421184e-01
2.024563041087631687e-01 2.276220823682858219e-01
2.238653699813302478e-01 2.071710505106952871e-01
2.432359917438809416e-01 1.846916258549200218e-01
2.603733542670889078e-01 1.603842290972896378e-01
2.751020725607639106e-01 1.344684008956981147e-01
2.872681263623587111e-01 1.071809448612214138e-01
2.967406196687795150e-01 7.877386714763505438e-02
3.034133428866641613e-01 4.951212895144418979e-02
3.072061167874381438e-01 1.967123079206967509e-02
3.080658992686484687e-01 -1.046535014201589037e-02
3.059676380287627007e-01 -4.060884605731627378e-02
3.009148546407357516e-01 -7.046798248139193865e-02
2.929399481374932446e-01 -9.975183272650244015e-02
2.821042090731469831e-01 -1.281727140690619993e-01
2.684975593052546516e-01 -1.554491008077943937e-01
2.522379475126519943e-01 -1.813085172648998267e-01
2.334704499807273015e-01 -2.054903647981549120e-01
2.123661215301901328e-01 -2.277486777105044990e-01
1.891205380272988068e-01 -2.478547655681896111e-01
1.639520632685676771e-01 -2.655997116509854483e-01
1.370998543957749338e-01 -2.807966979322985557e-01
1.088216232761846647e-01 -2.932831283884896889e-01
7.939117442029931804e-02 -3.029225242126706297e-01
4.909574296139367772e-02 -3.096061666434844484e-01
1.823315894523716910e-02 -3.132544655938774847e-01
-1.289113336508444958e-02 -3.138180350533634755e-01
-4.396717031241952761e-02 -3.112784593098628649e-01
-7.468364512627329033e-02 -3.056487373594584667e-01
-1.047311315442609192e-01 -2.969733964058970943e-01
-1.338053196039679649e-01 -2.853282690544939326e-01
-1.616102277939412413e-01 -2.708199326324143841e-01
-1.878613555390353240e-01 -2.535848129718392130e-01
-2.122887402184815420e-01 -2.337879589252022938e-01
-2.346398835782396441e-01 -2.116214977925238716e-01
-2.546825135000647666e-01 -1.873027856793534340e-01
-2.722071486198924251e-01 -1.610722705198556759e-01
-2.870294352334847310e-01 -1.331910890441139195e-01
-2.989922282678874610e-01 -1.039384222942899699e-01
-3.079673908076245858e-01 -7.360863735596848145e-02
-3.138573141527175592e-01 -4.250824658482021956e-02
-3.165960650793064879e-01 -1.095270336343037026e-02
-3.161501932530061953e-01 2.073690023752248687e-02
-3.125192391792852020e-01 5.223721345630433915e-02
-3.057358606443690285e-01 8.322605464822341315e-02
-2.958655979535716463e-01 1.133858422009894340e-01
-2.830062786536901021e-01 1.424069898579368165e-01
-2.672870666496319769e-01 1.699912279354558187e-01
-2.488671648150201088e-01 1.958548125766011727e-01
-2.279341842989676958e-01 2.197315863028218574e-01
-2.047021976940025800e-01 2.413758546983689468e-01
-1.794094970024861790e-01 2.605650460694433068e-01
-1.523160808723720006e-01 2.771021233390338900e-01
-1.237008988221666300e-01 2.908177202397201344e-01
-9.385888309755072156e-02 3.015719770162822999e-01
-6.309780136050184562e-02 3.092560543090278613e-01
-3.173496557292811854e-02 3.137933076144602262e-01
-9.383417268361004279e-05 3.151401086658718875e-01
3.149945407203267461e-02 3.132863041931204240e-01
6.271957531997340851e-02 3.082553067566887739e-01
9.324550546682695840e-02 3.001038166528508522e-01
1.227639550789088457e-01 2.889211782003510698e-01
1.509727156288954431e-01 2.748283779903425428e-01
1.775838792884446848e-01 2.579766968567604457e-01
2.023268960639850456e-01 2.385460313516484243e-01
2.249514578691545197e-01 2.167429119596516462e-01
2.452301083003694537e-01 1.927982070810118631e-01
2.629605884266518756e-01 1.669645827797167081e-01
2.779679481920753203e-01 1.395137463017322166e-01
2.901063296500268063e-01 1.107334770834834253e-01
2.992604248157505475e-01 8.092449228640465064e-02
3.053465930344119172e-01 5.039718286809968112e-02
3.083136267915635997e-01 1.946825753777630882e-02
3.081431590341605076e-01 -1.154266717544569915e-02
3.048497092710640843e-01 -4.231649209623752905e-02
2.984803699294690249e-01 -7.253803722380441910e-02
2.891141386055152696e-01 -1.018993821176070042e-01
2.768609059122071892e-01 -1.301031077318304252e-01
2.618601125458811518e-01 -1.568654039856494375e-01
2.442790929163687619e-01 -1.819190091759995132e-01
2.243111261712696924e-01 -2.050159495492736295e-01
2.021732186504369422e-01 -2.259300499172718635e-01
1.781036446958390307e-01 -2.444591890955175040e-01
1.523592752817707341e-01 -2.604272771196283753e-01
1.252127260933439679e-01 -2.736859346154180139e-01
9.694935844473549780e-02 -2.841158583158559514e-01
6.786416777565625058e-02 -2.916278604859646184e-01
3.825859538336995325e-02 -2.961635738870017631e-01
8.437299532238930547e-03 -2.976958178348002582e-01
-2.129507786703455433e-02 -2.962286248348778850e-01
-5.063713256686405706e-02 -2.917969439981976110e-01
-7.929381885301853283e-02 -2.844659803110489160e-01
-1.069794606066952064e-01 -2.743302295063929641e-01
-1.334206702428716584e-01 -2.615122354859391041e-01
-1.583590887959574478e-01 -2.461610445495706900e-01
-1.815539353530066791e-01 -2.284503939222168323e-01
-2.027843403638222575e-01 -2.085766578216751987e-01
-2.218514401724773766e-01 -1.867565767083645967e-01
-2.385802131489441757e-01 -1.632247974156759984e-01
-2.528210410118204576e-01 -1.382312535585490942e-01
-2.644509822810141575e-01 -1.120384169439473665e-01
-2.733747482393993344e-01 -8.491845165104877635e-02
-2.795253752712636430e-01 -5.715030300729350560e-02
-2.828645909394817415e-01 -2.901675385983370006e-02
-2.833828746202665672e-01 -8.014803362985700773e-04
-2.810992168929231094e-01 2.721386128521570413e-02
-2.760605851432934577e-01 5.475248590446524233e-02
-2.683411059466543347e-01 8.154523969501410730e-02
-2.580409777146993044e-01 1.073332411103759265e-01
-2.452851297912734541e-01 1.318703768011602051e-01
-2.302216466355404278e-01 1.549256285580525028e-01
-2.130199779159175633e-01 1.762852097334777213e-01
-1.938689572341708578e-01 1.957544921231127444e-01
-1.729746537912350002e-01 2.131597069718307313e-01
-1.505580825838132020e-01 2.283494065708713272e-01
-1.268527872373234056e-01 2.411956903529607898e-01
-1.021023541841892396e-01 2.515951375247573729e-01
-7.655787713502258673e-02 2.594694859589163349e-01
-5.047536279222265138e-02 2.647660766116077813e-01
-2.411313991668184026e-02 2.674580173917633363e-01
2.270710732028193707e-03 2.675440873603732173e-01
2.842087989597772216e-02 2.650483876356786173e-01
5.408728220964754974e-02 2.600197478737829582e-01
7.902741430239243470e-02 2.525308995159309400e-01
1.030085970165174614e-01 2.426774291223213198e-01
1.258100819130183456e-01 2.305765270296830927e-01
1.472250041635021489e-01 2.163655482612706904e-01
1.670621659833965711e-01 2.002004040722866196e-01
1.851476369197605498e-01 1.822538037230699293e-01
2.013261595380463065e-01 1.627133670322619408e-01
2.154623513275632785e-01 1.417796289715450853e-01
2.274416959375586966e-01 1.196639580245073969e-01
2.371713191380301622e-01 9.658641024977925038e-02
2.445805471461759695e-01 7.277354097061071447e-02
2.496212471470786731e-01 4.845619577013548368e-02
2.522679519440208518e-01 2.386730201648626370e-02
2.525177726800177935e-01 -7.603185105156296149e-04
2.503901054603844267e-01 -2.519609615266389310e-02
2.459261394613522778e-01 -4.921380032461011161e-02
2.391881757193490277e-01 -7.259354928150976716e-02
2.302587617910010487e-01 -9.512373841746678271e-02
2.192396656017504275e-01 -1.166028326158468909e-01
2.062507041890247750e-01 -1.368410406581828664e-01
1.914284212824381992e-01 -1.556618804417248814e-01
1.749246426967730195e-01 -1.729035866323967996e-01
1.569049222129902665e-01 -1.884203650651863349e-01
1.375468937989874907e-01 -2.020834866348530656e-01
1.170385463101818596e-01 -2.137822150091119588e-01
9.557643694568634940e-02 -2.234245640627707530e-01
7.336385972726404414e-02 -2.309378824609947256e-01
5.060898512495814322e-02 -2.362692643005998572e-01
2.752298668561967837e-02 -2.393857861396191944e-01
4.318170139631675661e-03 -2.402745720984830191e-01
-1.879388002180705855e-02 -2.389426899937751314e-01
-4.160412207992598976e-02 -2.354168826620876842e-01
-6.390783296560909044e-02 -2.297431397430138300e-01
-8.550632543434881494e-02 -2.219861162143406397e-01
-1.062085942701689045e-01 -2.122284049077314827e-01
-1.258328800742311293e-01 -2.005696710796018023e-01
-1.442081400559036275e-01 -1.871256578706558815e-01
-1.611754161351445225e-01 -1.720270721607428110e-01
-1.765890915775163716e-01 -1.554183609160682822e-01
-1.903180283103001469e-01 -1.374563886366796939e-01
-2.022465780043483374e-01 -1.183090269471416961e-01
-2.122754609467291664e-01 -9.815366773630666841e-02
-2.203225068076211379e-01 -7.717566532223518738e-02
-2.263232531631010069e-01 -5.556673928982588939e-02
-2.302314038809263330e-01 -3.352333554915089275e-02
-2.320191388188798387e-01 -1.124494612546621079e-02
-2.316772749186659097e-01 1.106758085641040661e-02
-2.292152788144918574e-01 3.321373514582869751e-02
-2.246611314574480101e-01 5.499503005817125284e-02
-2.180610461548324608e-01 7.621666773948006235e-02
-2.094790423140084068e-01 9.668917200269229462e-02
-1.989963780632042212e-01 1.162299769285833617e-01
-1.867108457964223034e-01 1.346649596695101980e-01
-1.727359355556915277e-01 1.518299061912843084e-01
-1.571998720200855626e-01 1.675718990397388475e-01
-1.402445317154061011e-01 1.817506166260237921e-01
-1.220242478886531673e-01 1.942395339907262430e-01
-1.027045113042559521e-01 2.049270155339301125e-01
-8.246057601041834051e-02 2.137172907888626461e-01
-6.147597988895230764e-02 2.205313049728777619e-01
-3.994099053510644787e-02 2.253074367728545579e-01
-1.805098770879143624e-02 2.280020766139462807e-01
3.995205751778611522e-03 2.285900595216116549e-01
2.599703206634888103e-02 2.270649476167809766e-01
4.775393267554185750e-02 2.234391582815746791e-01
6.906709494137833194e-02 2.177439350959745612e-01
8.974119750908179927e-02 2.100291597707192870e-01
1.095861400702886901e-01 2.003630051998899764e-01
1.284187437969889212e-01 1.888314284741082205e-01
1.460644069394808064e-01 1.755375061369902623e-01
1.623587012898933257e-01 1.606006172342220595e-01
1.771488956740743526e-01 1.441554765714910535e-01
1.902953921772098933e-01 1.263510246718326235e-01
2.016730614173433966e-01 1.073491817113417374e-01
2.111724637052291575e-01 8.732347405561158293e-02
2.187009435907401600e-01 6.645754333738009001e-02
2.241835860963281302e-01 4.494354929372936652e-02
2.275640238759310541e-01 2.298047880359151487e-02
2.288050856108001241e-01 7.723747173862310824e-04
2.278892771574373144e-01 -2.147350086531223112e-02
2.248190882908527033e-01 -4.354855325290442336e-02
2.196171193302577096e-01 -6.524477529331772219e-02
2.123260234838036664e-01 -8.635668380899727548e-02
2.030082623918925966e-01 -1.066832546003160798e-01
1.917456740707202956e-01 -1.260298378774353245e-01
1.786388542433758886e-01 -1.442100357458887261e-01
1.638063538776181327e-01 -1.610475233161871578e-01
1.473836976087722905e-01 -1.763777951403507904e-01
1.295222295930716638e-01 -1.900498190042423097e-01
1.103877951903946275e-01 -2.019275796272190782e-01
9.015926869401851007e-02 -2.118914955413215284e-01
6.902693908672559442e-02 -2.198396933395061759e-01
4.719077043005047434e-02 -2.256891307448120054e-01
2.485854037043376194e-02 -2.293765379508430069e-01
2.243886401790697125e-03 -2.308591735003759360e-01
-2.043572003902306353e-02 -2.301154000662888888e-01
-4.296106285100565608e-02 -2.271450535052519093e-01
-6.511330956269649473e-02 -2.219696039181333902e-01
-8.667615772328401968e-02 -2.146321041856969203e-01
-1.074379779085186393e-01 -2.051969235854639029e-01
-1.271939315170031448e-01 -1.937492663062649334e-01
-1.457480414236421995e-01 -1.803944769369405787e-01
-1.629151936881402529e-01 -1.652571372897077007e-01
-1.785230488917528280e-01 -1.484799612005298641e-01
-1.924138422959859873e-01 -1.302224962016659549e-01
-2.044460528810189692e-01 -1.106596431581852724e-01
-2.144959224241783369e-01 -8.998000707344624982e-02
-2.224588071117259425e-01 -6.838409427188792133e-02
-2.282503457295564364e-01 -4.608237303488143394e-02
-2.318074302359053873e-01 -2.329321647217176550e-02
-2.330889664648304604e-01 -2.407479345076572698e-04
-2.320764148234034097e-01 2.284738940893743520e-02
-2.287741031061621688e-01 4.574231611105265827e-02
-2.232093059330547136e-01 6.821622953521887245e-02
-2.154320877955367142e-01 9.004472232390843545e-02
-2.055149092416754808e-01 1.110090817480729464e-01
-1.935519983157226176e-01 1.308985453802718191e-01
-1.796584996973975001e-01 1.495124968906578478e-01
-1.639693815842064584e-01 1.666625569859010170e-01
-1.466381349688566649e-01 1.821745534006129208e-01
-1.278352882538129620e-01 1.958903709447555319e-01
-1.077467263388140195e-01 2.076696377552579020e-01
-8.657184027042752472e-02 2.173912348578912468e-01
-6.452152617678991176e-02 2.249546117017749425e-01
-4.181605402114273867e-02 2.302808923377086536e-01
-1.868282829901645251e-02 2.333137591133986610e-01
4.645935845040640236e-03 2.340201031290963518e-01
2.793559651258713250e-02 2.323904332095663161e-01
5.095150357063572832e-02 2.284390377738464428e-01
7.346142587385171008e-02 2.222038966925840575e-01
9.523796102853905599e-02 2.137463429822375194e-01
1.160609015964969154e-01 2.031504769634839003e-01
1.357195319958681146e-01 1.905223382749774153e-01
1.540148310128066356e-01 1.759888438500311902e-01
1.707615557857980193e-01 1.596965026002289123e-01
1.857901843539484232e-01 1.418099200747441058e-01
1.989486953581217910e-01 1.225101087466531069e-01
2.101041652328523024e-01 1.019926217888153658e-01
2.191441652075601376e-01 8.046553021503388692e-02
2.259779426248856027e-01 5.814726505281975905e-02
2.305373734565915600e-01 3.526434775994445603e-02
2.327776754255586056e-01 1.204903337922559256e-02
2.326778857403261624e-01 -1.126311425913055150e-02
2.302410590336153029e-01 -3.443567563240722967e-02
2.254942143563307966e-01 -5.723382882862066562e-02
2.184880524834173776e-01 -7.942679799707531851e-02
2.092964090109006026e-01 -1.007902541026990395e-01
1.980154624281008358e-01 -1.211086454013174940e-01
1.847627059660801319e-01 -1.401774324228908242e-01
1.696756946421763557e-01 -1.578052033391970088e-01
1.529105814047319323e-01 -1.738156469566722873e-01
1.346404586027639128e-01 -1.880493621973543805e-01
1.150535231353313897e-01 -2.003654847914864146e-01
9.435108554998963837e-02 -2.106431139816817288e-01
7.274544503734396705e-02 -2.187825243053206636e-01
5.045765369007430834e-02 -2.247061499518495098e-01
2.771519454424394013e-02 -2.283593317554221958e-01
4.749598786068561646e-03 -2.297108195502041705e-01
-1.820597192049679472e-02 -2.287530253537728153e-01
-4.091915175607413468e-02 -2.255020256207601603e-01
-6.316077951468690443e-02 -2.199973135914372879e-01
-8.470726393921275410e-02 -2.123013055156056650e-01
-1.053428803592111052e-01 -2.024986072288120220e-01
-1.248619742653379744e-01 -1.906950501643249196e-01
-1.430710486231800693e-01 -1.770165083708489517e-01
-1.597907131526782598e-01 -1.616075104441807020e-01
-1.748574754585317803e-01 -1.446296624448241697e-01
-1.881253690783129262e-01 -1.262598983516926843e-01
-1.994673609127111114e-01 -1.066885764490823896e-01
-2.087765529604583559e-01 -8.611745519295004037e-02
-2.159671935060321624e-01 -6.475755852431822057e-02
-2.209754477131693484e-01 -4.282695586959386902e-02
-2.237599345199409728e-01 -2.054848254777629987e-02
-2.243020258811695422e-01 1.852574724441698097e-03
-2.226059070239256310e-01 2.415080237926806039e-02
-2.186983989892998803e-01 4.612296986561708473e-02
-2.126285472986366165e-01 6.755030050202895375e-02
-2.044669830760414697e-01 8.822067963961194303e-02
-1.943050653533893724e-01 1.079307773765246364e-01
-1.822538155533331705e-01 1.264880642235763075e-01
-1.684426572654429410e-01 1.437126995037904809e-01
-1.530179763785064206e-01 1.594392738580311386e-01
-1.361415183886604263e-01 1.735183890029408371e-01
-1.179886412510271626e-01 1.858180598236073289e-01
-9.874644346757664726e-02 1.962249259569049387e-01
-7.861178819459439804e-02 2.046452622067380378e-01
-5.778924500087938287e-02 2.110057794028151745e-01
-3.648897150698272168e-02 2.152542096431057927e-01
-1.492455748398187343e-02 2.173596722194410802e-01
6.689145911814347624e-03 2.173128188889149326e-01
2.813818924116755216e-02 2.151257594940856055e-01
4.921165808434670857e-02 2.108317712266715993e-01
6.970376579703844999e-02 2.044848006850694677e-01
8.941585359322104520e-02 1.961587505395646636e-01
1.081582965821390463e-01 1.859465800228387311e-01
1.257523220671347142e-01 1.739592307595004550e-01
1.420316910583810932e-01 1.603243777838841422e-01
1.568442374675508011e-01 1.451850264425426362e-01
1.700532512797456874e-01 1.286979712837015288e-01
1.815386938104961434e-01 1.110321341964327219e-01
1.911982350580816448e-01 9.236680001955566155e-02
1.989481051310191262e-01 7.288976858869411490e-02
2.047237537445812106e-01 5.279544272618821171e-02
2.084803138158295988e-01 3.228287200197082346e-02
2.101928672216404337e-01 1.155377220606832595e-02
2.098565127967911559e-01 -9.189459621270698597e-03
2.074862386185002683e-01 -2.974571505117430681e-02
2.031166025303965672e-01 -4.991710995661544081e-02
1.968012266841679403e-01 -6.951086763910045707e-02
1.886121136041549462e-01 -8.834113183949159065e-02
1.786387928937258895e-01 -1.062306930784908954e-01
1.669873091888233185e-01 -1.230126129122705719e-01
1.537790633118190087e-01 -1.385317319554099369e-01
1.391495197779336612e-01 -1.526460489000127374e-01
1.232467948493827098e-01 -1.652279592295406996e-01
1.062301402128414535e-01 -1.761653438709735175e-01
8.826833806990984355e-02 -1.853624996315852702e-01
6.953801906811023226e-02 -1.927409115762683534e-01
5.022193215261114979e-02 -1.982398400381432946e-01
3.050717994148676934e-02 -2.018167381773200431e-01
1.058342236078849662e-02 -2.034475089399224446e-01
-9.358921055469135442e-03 -2.031265802169420209e-01
-2.913045708932722813e-02 -2.008668075730947189e-01
-4.854457680408704595e-02 -1.966992077910330872e-01
-6.741916991437800488e-02 -1.906725279473607815e-01
-8.557828059846982194e-02 -1.828526561295339692e-01
-1.028536905805826351e-01 -1.733218812068982317e-01
-1.190864162071132576e-01 -1.621780102759883269e-01
-1.341281072310561151e-01 -1.495333535023716520e-01
-1.478423360915639140e-01 -1.355135870728865488e-01
-1.601057676185607959e-01 -1.202565058479972554e-01
-1.708092002933187248e-01 -1.039106780608647917e-01
-1.798584714431173126e-01 -8.663401504537597553e-02
-1.871752200296301905e-01 -6.859226948845864591e-02
-1.926975019948252155e-01 -4.995747609269902967e-02
-1.963802544439442743e-01 -3.090634880454329325e-02
-1.981956062618492886e-01 -1.161864891315390370e-02
-1.981330340665199419e-01 7.724461641999856229e-03
-1.961993636921643414e-01 2.694206749683954877e-02
-1.924186186556488820e-01 4.585513355273045100e-02
-1.868317182852533287e-01 6.428811135531224685e-02
-1.794960293725775258e-01 8.207050477885172168e-02
-1.704847786111007846e-01 9.903838804155301601e-02
-1.598863227921862584e-01 1.150358466447962413e-01
-1.478032939337970697e-01 1.299163392360927483e-01
-1.343516288796894886e-01 1.435439830463121902e-01
-1.196594840927454190e-01 1.557947352767235227e-01
-1.038660487399348936e-01 1.665574665468544657e-01
-8.712026648870999090e-02 1.757349180367753227e-01
-6.957947707405211235e-02 1.832445349220837294e-01
-5.140798925107709777e-02 1.890191697071149646e-01
-3.277559721825100414e-02 1.930076501052138127e-01
-1.385605297911046002e-02 1.951752071878820882e-01
5.174492595254114383e-03 1.955037606208851753e-01
2.413906703562376799e-02 1.939920589187955346e-01
4.286145879370244910e-02 1.906556737734983742e-01
6.116779190377325676e-02 1.855268486406975725e-01
7.888807974571081238e-02 1.786542028952880501e-01
9.585774502412836018e-02 1.701022939851432880e-01
1.119190933240453573e-01 1.599510411172075652e-01
1.269227279379890050e-01 1.482950150934362055e-01
1.407288940817166267e-01 1.352425999706673432e-01
1.532087411242718245e-01 1.209150332414797580e-01
1.642454920508438498e-01 1.054453322160654044e-01
1.737355100518470918e-01 8.897711522164766795e-02
1.815892528858854826e-01 7.166332711932449362e-02
1.877321064945299545e-01 5.366487946196969033e-02
1.921050983851941840e-01 3.514921512029180878e-02
1.946654592496852576e-01 1.628880951197334698e-02
1.953870438157283007e-01 -2.740373115915962533e-03
1.942606234569772827e-01 -2.176046306670258862e-02
1.912940221447795852e-01 -4.059329293808160155e-02
1.865121017007738691e-01 -5.906201563252173881e-02
1.799565953801561258e-01 -7.699271874693615347e-02
1.716857900680492655e-01 -9.421602132738862712e-02
1.617740586442989459e-01 -1.105686389575367690e-01
1.503112453559639072e-01 -1.258949032456494199e-01
1.374019083217938586e-01 -1.400482219870756440e-01
1.231644245687982947e-01 -1.528924666088001538e-01
1.077299642569746613e-01 -1.643032739510541795e-01
9.124134197312076811e-02 -1.741692500077375583e-01
7.385175415725378500e-02 -1.823930639314735314e-01
5.572341285383755616e-02 -1.888924214082795816e-01
3.702608704322035010e-02 -1.936009074175708278e-01
1.793556379520461555e-02 -1.964686894108234327e-01
-1.367957614832350987e-03 -1.974630730609303608e-01
-2.070152468722082084e-02 -1.965689039469045996e-01
-3.988112914617869542e-02 -1.937888098368241996e-01
-5.872342765261452657e-02 -1.891432796062526844e-01
-7.704747013527511734e-02 -1.826705762692125978e-01
-9.467641978562782445e-02 -1.744264830923021870e-01
-1.114392485959605911e-01 -1.644838832970195175e-01
-1.271724027628853004e-01 -1.529321813005112274e-01
-1.417213930789703868e-01 -1.398765468345862517e-01
-1.549423080280863951e-01 -1.254370099787057991e-01
-1.667032610050256936e-01 -1.097474198326256062e-01
-1.768857264304508348e-01 -9.295425483708562309e-02
-1.853857597728256201e-01 -7.521530243748503208e-02
-1.921150884839886164e-01 -5.669821924620128961e-02
-1.970020619083604763e-01 -3.757898418125235618e-02
-1.999924494175603085e-01 -1.804025828349051924e-02
-2.010500773436359190e-01 1.730333973355189766e-03
-2.001572967245613954e-01 2.154198608002806659e-02
-1.973152754231365102e-01 4.120253695121284254e-02
-1.925441098213211688e-01 6.052032710823668921e-02
-1.858827530112678039e-01 7.930606571522404169e-02
-1.773887581856398998e-01 9.737469023988373773e-02
-1.671378377557313222e-01 1.145472003306118591e-01
-1.552232405779850610e-01 1.306524475073763680e-01
-1.417549515288080153e-01 1.455288624586048019e-01
-1.268587195142671931e-01 1.590261021219719351e-01
-1.106749218153399716e-01 1.710065993032061638e-01
-9.335727443080646393e-02 1.813469983514347794e-01
-7.507139976875898402e-02 1.899394613574895974e-01
-5.599326463435080198e-02 1.966928304662650673e-01
-3.630750294686443946e-02 2.015336331867656761e-01
-1.620563897542687259e-02 2.044069190328539343e-01
4.115780213606022066e-03 2.052769304019891883e-01
2.445710574534233281e-02 2.041275564248128394e-01
4.461754388356628520e-02 2.009625978391660073e-01
6.439715610421700709e-02 1.958058606987405914e-01
8.359885974681055543e-02 1.887010348993220787e-01
1.020304141809846021e-01 1.797113714329940104e-01
1.195063720648537331e-01 1.689191599194307669e-01
1.358499754231940193e-01 1.564250100599062221e-01
1.508949766433341777e-01 1.423469427426801992e-01
1.644873650738239435e-01 1.268192985748776702e-01
1.764869807118354950e-01 1.099914736026348927e-01
1.867689974738818426e-01 9.202649388544899278e-02
1.952252597521873245e-01 7.309944239031379576e-02
2.017654573550251851e-01 5.339575334501339698e-02
2.063181255002760062e-01 3.310939071792919075e-02
2.088314582619225090e-01 1.244092885516850586e-02
2.092739257417098875e-01 -8.404445512327116466e-03
2.076346872334962901e-01 -2.921898969361769877e-02
2.039237947449548671e-01 -4.979449892069108541e-02
1.981721834178338526e-01 -6.992441616012992633e-02
1.904314476206081519e-01 -8.940593599729743102e-02
1.807734037516970926e-01 -1.080420806443290194e-01
1.692894430624032331e-01 -1.256437262681867062e-01
1.560896800610941382e-01 -1.420315582180296521e-01
1.413019042686615157e-01 -1.570379343497857183e-01
1.250703428436771569e-01 -1.705086539351915453e-01
1.075542455088003280e-01 -1.823045593695561128e-01
8.892632074074542647e-02 -1.923029900575195794e-01
6.937102178891130233e-02 -2.003991080820345938e-01
4.908270330285958993e-02 -2.065070274920372539e-01
2.826366875681373542e-02 -2.105607521611025934e-01
7.122128671200314218e-03 -2.125149115829321755e-01
-1.412990932498991818e-02 -2.123452860762667094e-01
-3.527879672784722809e-02 -2.100491150819283892e-01
-5.611142424016238306e-02 -2.056451845238959630e-01
-7.641740291027883381e-02 -1.991736915492824944e-01
-9.599122344185538613e-02 -1.906958873329569482e-01
-1.146343709416982465e-01 -1.802935010050684128e-01
-1.321573727747809290e-01 -1.680679501072842308e-01
-1.483817578422195471e-01 -1.541393452799121599e-01
-1.631419064829066345e-01 -1.386452991014046621e-01
-1.762867713136320458e-01 -1.217395511189937884e-01
-1.876814506538387883e-01 -1.035904231006843368e-01
-1.972085977154306169e-01 -8.437912038194651798e-02
-2.047696504584422539e-01 -6.429789685434707247e-02
-2.102858689012220839e-01 -4.354810262914908525e-02
-2.136991687081812308e-01 -2.233813468980321362e-02
-2.149727420366054631e-01 -8.813119088648724330e-04
-2.140914588827311227e-01 2.060630336501806034e-02
-2.110620445011075486e-01 4.190811435503728061e-02
-2.059130360387069203e-01 6.280922396233544480e-02
-1.986944952355415572e-01 8.309861968002608956e-02
-1.894775100654993161e-01 1.025713152278934226e-01
-1.783534894091194367e-01 1.210304671636763529e-01
-1.654332385864066002e-01 1.382893920403491794e-01
-1.508458343024975112e-01 1.541734790849342840e-01
-1.347373108021346078e-01 1.685219784110484065e-01
-1.172691710249110508e-01 1.811896461117769586e-01
-9.861673839761517235e-02 1.920482291137029507e-01
-7.896736657268398074e-02 2.009877743895209512e-01
-5.851852590478855143e-02 2.079177490061454026e-01
-3.747578673514220110e-02 2.127679595066017115e-01
-1.605072061190277594e-02 2.154892612646598926e-01
5.541258596125307398e-03 2.160540506872605793e-01
2.708309114445722754e-02 2.144565354462828199e-01
4.835828252130077581e-02 2.107127802727484789e-01
6.915310622349631064e-02 2.048605282171534758e-01
8.925877535001910945e-02 1.969587996433500576e-01
1.084735605527081259e-01 1.870872735544971688e-01
1.266048325119287499e-01 1.753454581227667508e-01
1.434710079633869650e-01 1.618516594853471879e-01
1.589033793806495787e-01 1.467417599544600104e-01
1.727478097031049653e-01 1.301678187466377146e-01
1.848662749762932100e-01 1.122965101457050058e-01
1.951382394233431294e-01 9.330741565614615596e-02
2.034618610070892397e-01 7.339117499704658765e-02
2.097549743202403449e-01 5.274755010664069349e-02
2.139558792753167848e-01 3.158340929704307048e-02
2.160239439018041552e-01 1.011061688812011153e-02
2.159399773271527267e-01 -1.145611230992016685e-02
2.137063842275132575e-01 -3.290138193416752149e-02
2.093470999540729682e-01 -5.401128416260481818e-02
2.029073078095644800e-01 -7.457554879564215478e-02
1.944529421883996190e-01 -9.438964948510686348e-02
1.840699834792261236e-01 -1.132568458235598124e-01
1.718635527378014061e-01 -1.309901407780180715e-01
1.579568161494375178e-01 -1.474141339313675969e-01
1.424897111935255478e-01 -1.623667521697783889e-01
1.256175081787302972e-01 -1.757008408112000764e-01
1.075092224193453100e-01 -1.872855996923664113e-01
8.834589375574536385e-02 -1.970078504022859112e-01
6.831875137128350095e-02 -2.047731226501106894e-01
4.762728291342854803e-02 -2.105065496644049905e-01
2.647722777924368248e-02 -2.141535645183120506e-01
5.078515067718392118e-03 -2.156803913392127681e-01
-1.635683287051380511e-02 -2.150743274702799912e-01
-3.761681014400525269e-02 -2.123438147825356115e-01
-5.849152915452071611e-02 -2.075183004675021092e-01
-7.877529363578375521e-02 -2.006478897503957137e-01
-9.826862240662191661e-02 -1.918027950305362939e-01
-1.167802189494624859e-01 -1.810725823283884928e-01
-1.341288198256176956e-01 -1.685652341499753459e-01
-1.501449400820618063e-01 -1.544060441851248799e-01
-1.646725265628693480e-01 -1.387363339202891399e-01
-1.775704567864853645e-01 -1.217120186234615931e-01
-1.887138852615832252e-01 -1.035020352856056286e-01
-1.979954248022564034e-01 -8.428664869777256763e-02
-2.053261521136998946e-01 -6.425565292795021310e-02
-2.106364287198422558e-01 -4.360648636628385727e-02
-2.138765301754631809e-01 -2.254227922485740540e-02
-2.150170784277822544e-01 -1.269852904127241090e-03
-2.140492741470346738e-01 2.000230903048139108e-02
-2.109849278126267880e-01 4.106609838224931086e-02
-2.058562903015858370e-01 6.171580854586126291e-02
-1.987156856602698973e-01 8.175012984725721354e-02
-1.896349506304634558e-01 1.009740948644965303e-01
-1.787046873292379434e-01 1.192009552092091335e-01
-1.660333372317204514e-01 1.362539720354786488e-01
-1.517460862613633499e-01 1.519681034923204832e-01
-1.359836123388917517e-01 1.661915734360715768e-01
-1.189006881655829961e-01 1.787873069578728713e-01
-1.006646533070069405e-01 1.896342196453983664e-01
-8.145377078944807114e-02 1.986283489727906082e-01
-6.145548441379433680e-02 2.056838177833075487e-01
-4.086459382354607622e-02 2.107336214793895657e-01
-1.988135120996532487e-02 2.137302349029632786e-01
1.290461304921172205e-03 2.146460200900314197e-01
2.244547980162460085e-02 2.134734519506238937e-01
4.337874440187364927e-02 2.102251571706599542e-01
6.388766266112379244e-02 2.049337557679428989e-01
8.377394508235451454e-02 1.976515130840834078e-01
1.028454946657492014e-01 1.884498062235585858e-01
1.209182329335263817e-01 1.774184106489191948e-01
1.378178455498399735e-01 1.646646142741673702e-01
1.533814314843671700e-01 1.503121679525469545e-01
1.674590406359872663e-01 1.345000827176607017e-01
1.799150859301819894e-01 1.173812854960303020e-01
1.906296171195107081e-01 9.912114625392659528e-02
1.994994448389209307e-01 7.989589066153153507e-02
2.064391048841201226e-01 5.989091334495121738e-02
2.113816541788869907e-01 3.929900764389242240e-02
2.142792914623930511e-01 1.831852849354637450e-02
2.151037973463611197e-01 -2.848494401181539838e-03
2.138467900498839669e-01 -2.399827553626876844e-02
2.105197948024664645e-01 -4.492720692351983430e-02
2.051541265990144691e-01 -6.543378786984271889e-02
1.978005876795276008e-01 -8.532053341897220811e-02
1.885289827769570936e-01 -1.043958438880402406e-01
1.774274568149403208e-01 -1.224758183191388267e-01
1.646016613293352360e-01 -1.393859952028744797e-01
1.501737486701089086e-01 -1.549630136783493040e-01
1.342812258751144294e-01 -1.690561486486237552e-01
1.170756714105634089e-01 -1.815287329632347679e-01
9.872130226676527343e-02 -1.922594674809188775e-01
7.939342915350565411e-02 -2.011435772699889102e-01
5.927680730437143164e-02 -2.080938140963550509e-01
3.856389799410606112e-02 -2.130412959250131966e-01
1.745305668066461993e-02 -2.159361756212538341e-01
-3.853335647086531326e-03 -2.167481325669549930e-01
-2.515078080965417115e-02 -2.154666824921775969e-01
-4.623459398161476608e-02 -2.121013024498762944e-01
-6.690183873177875384e-02 -2.066813695185447941e-01
-8.695324877856561163e-02 -1.992559134901272511e-01
-1.061951187640532979e-01 -1.898931854744103642e-01
-1.244411465884654178e-01 -1.786800460125903267e-01
-1.415142102385082701e-01 -1.657211779279729180e-01
-1.572480625854875969e-01 -1.511381307367132276e-01
-1.714889283185242752e-01 -1.350682049827456599e-01
-1.840969880094603661e-01 -1.176631863351193380e-01
-1.949477352728827273e-01 -9.908794068005209732e-02
-2.039331940799653520e-01 -7.951888274184626404e-02
-2.109629844999365289e-01 -5.914233196474669857e-02
-2.159652264684195078e-01 -3.815277047078100697e-02
-2.188872726072053909e-01 -1.675101886638127868e-02
-2.196962626336235735e-01 4.857653505785062241e-03
-2.183794919328082007e-01 2.646547875487705731e-02
-2.149445895495113723e-01 4.786414591807422458e-02
-2.094195132208213350e-01 6.884676875023901244e-02
-2.018523495184171013e-01 8.920987263541077517e-02
-1.923109221204216679e-01 1.087553447897339071e-01
-1.808822119840074460e-01 1.272923416074316361e-01
-1.676715939022154211e-01 1.446391350930841813e-01
-1.528018956534974715e-01 1.606248807703384573e-01
-1.364122876356214376e-01 1.750912900682190243e-01
-1.186570125011905119e-01 1.878941909575992109e-01
-9.970396586502314196e-02 1.989049615371251412e-01
-7.973314061902540828e-02 2.080118223436993874e-01
-5.893494875346894785e-02 2.151209743794060270e-01
-3.750843583109857160e-02 2.201575711949673997e-01
-1.565940437967457480e-02 2.230665148387866448e-01
6.401536552539631442e-03 2.238130670586829241e-01
2.846097760635520404e-02 2.223832688172418803e-01
5.030475234763377712e-02 2.187841629370267660e-01
7.171999829346023536e-02 2.130438165133569928e-01
9.249721617071260393e-02 2.052111416037638580e-01
1.124323077090680773e-01 1.953555146078611582e-01
1.313285723153162499e-01 1.835661966716727600e-01
1.489986432077249623e-01 1.699515593683138814e-01
1.652663440085092028e-01 1.546381218041420480e-01
1.799684473974699217e-01 1.377694071578843271e-01
1.929563235991953452e-01 1.195046171716348943e-01
2.040974408563509257e-01 1.000171677681004206e-01
2.132767253130850305e-01 7.949308327083938475e-02
2.203977702789738091e-01 5.812923582845699877e-02
2.253838631856434349e-01 3.613147934212376788e-02
2.281788267057806296e-01 1.371268540005871062e-02
2.287476645646537021e-01 -8.909300341534727788e-03
2.270770043976949870e-01 -3.151376195939265684e-02
2.231753319252508527e-01 -5.387925712193927796e-02
2.170730127094522566e-01 -7.578578031904029122e-02
2.088220998096746717e-01 -9.701692441072418127e-02
1.984959277426232294e-01 -1.173620192816044044e-01
1.861884952601537135e-01 -1.366182264346099684e-01
1.720136415616559666e-01 -1.545925686146416844e-01
1.561040226373213990e-01 -1.711038740198538577e-01
1.386098964728182392e-01 -1.859846153336630892e-01
1.196977278133576350e-01 -1.990826246901378493e-01
9.954862506537094646e-02 -2.102626667625509260e-01
7.835662368694515378e-02 -2.194078534310585082e-01
5.632683206448733243e-02 -2.264208849300256288e-01
3.367345737454149890e-02 -2.312251039861678015e-01
1.061773026935953698e-02 -2.337653512208310580e-01
-1.261425161287201176e-02 -2.340086119868992620e-01
-3.579374034131511256e-02 -2.319444468253535896e-01
-5.869159284975849350e-02 -2.275851998390627240e-01
-8.108055229076163717e-02 -2.209659738238210769e-01
-1.027374992411205223e-01 -2.121443894132929164e-01
-1.234456781289837296e-01 -2.012001260436441785e-01
-1.429968927953282620e-01 -1.882342244841710144e-01
-1.611936166360280198e-01 -1.733681776030354116e-01
-1.778510070814739996e-01 -1.567428119199285041e-01
-1.927988035612480111e-01 -1.385169699288438805e-01
-2.058830891361436155e-01 -1.188660052675131057e-01
-2.169678972268786477e-01 -9.798010479676443063e-02
-2.259366463169964478e-01 -7.606245351125111298e-02
-2.326933871435786783e-01 -5.332725991215160610e-02
-2.371638486981991756e-01 -2.999766101311152414e-02
-2.392962713243914630e-01 -6.303527505217469164e-03
-2.390620172975257973e-01 1.752080924054478378e-02
-2.364559514876339030e-01 4.123888571775617684e-02
-2.314965870133662007e-01 6.461446705061425766e-02
-2.242259931720402000e-01 8.741391618350406734e-02
-2.147094653522123031e-01 1.094085474669052871e-01
-2.030349590762879353e-01 1.303769406312632606e-01
-1.893122927556337987e-01 1.501071914088547010e-01
-1.736721261438470831e-01 1.683990755810008400e-01
-1.562647238196162025e-01 1.850661039904245020e-01
-1.372585152936379171e-01 1.999374470595229325e-01
-1.168384654898630137e-01 2.128597085862592719e-01
-9.520427137647537175e-02 2.236985300386238606e-01
-7.256839088685114458e-02 2.323400049682678159e-01
-4.915395976581018317e-02 2.386918927588391470e-01
-2.519259107336366960e-02 2.426846257040705113e-01
-9.220568224475515599e-04 2.442720830119843312e-01
2.341608916360156042e-02 2.434321302782225804e-01
4.757893504519880579e-02 2.401669173746810715e-01
7.132465677471239163e-02 2.345029307846546729e-01
9.441496095098303454e-02 2.264907989401572785e-01
1.166174996826053883e-01 2.162048516682547883e-01
1.377082326148998948e-01 2.037424374038213359e-01
1.574737117294544297e-01 1.892230043490558955e-01
1.757132652370174686e-01 1.727869542282595428e-01
1.922410578476051457e-01 1.545942796731316904e-01
2.068880059067307320e-01 1.348229985535518705e-01
2.195035273216694449e-01 1.136674007169155287e-01
2.299571078526185530e-01 9.133612459222072155e-02
2.381396671933488640e-01 6.805008293097410121e-02
2.439647102953287072e-01 4.404025857603404565e-02
2.473692515773759926e-01 1.954539255388907867e-02
2.483145019866086212e-01 -5.190412040031486957e-03
2.467863113116464946e-01 -2.992014596293659720e-02
2.427953606699609912e-01 -5.439638447662152598e-02
2.363771026710170808e-01 -7.837378723843446693e-02
2.275914493683378614e-01 -1.016115817920126424e-01
2.165222107290317166e-01 -1.238760051395133011e-01
2.032762785162244568e-01 -1.449426781509993989e-01
1.879825950426521342e-01 -1.645988837396968052e-01
1.707908967452460014e-01 -1.826457376189475346e-01
1.518702226828438639e-01 -1.989002212940721992e-01
1.314072347417332420e-01 -2.131970542986309780e-01
1.096043563575724022e-01 -2.253903885137751306e-01
8.667774862804832059e-02 -2.353553069918180862e-01
6.285514439155148736e-02 -2.429891117130398570e-01
3.837356233360450508e-02 -2.482123868771638209e-01
1.347692443879781009e-02 -2.509698266445403170e-01
-1.158639888168457553e-02 -2.512308186724001025e-01
-3.656609089903962995e-02 -2.489897773127276726e-01
-6.121241232883935929e-02 -2.442662229234431326e-01
-8.527872093436866807e-02 -2.371046063663684866e-01
-1.085239612008858240e-01 -2.275738803961519507e-01
-1.307150986207434862e-01 -2.157668222563415839e-01
-1.516294737051616104e-01 -2.017991143639565610e-01
-1.710570516731296231e-01 -1.858081924554731978e-01
-1.888025448524494332e-01 -1.679518729590513404e-01
-2.046873861502302161e-01 -1.484067736248227964e-01
-2.185515334962278289e-01 -1.273665435635036314e-01
-2.302550869154597335e-01 -1.050399207914347044e-01
-2.396797018273122970e-01 -8.164863713745257323e-02
-2.467297842765464877e-01 -5.742519191546965190e-02
-2.513334560544963070e-01 -3.261051709065150572e-02
-2.534432715468259434e-01 -7.451557044053301951e-03
-2.530367044260619092e-01 1.780120614296942100e-02
-2.501163840809583205e-01 4.289626853232984816e-02
-2.447100605441223098e-01 6.758363087735287655e-02
-2.368703242414480215e-01 9.161730618730024034e-02
-2.266740755923422057e-01 1.147577855297154115e-01
-2.142217501119128009e-01 1.367744371350904653e-01
-1.996363071493877650e-01 1.574478145941193841e-01
-1.830619927898979871e-01 1.765718509107280509e-01
-1.646628897245587531e-01 1.939559163828270816e-01
-1.446212690335041129e-01 2.094267197139298708e-01
-1.231357608065004744e-01 2.228300333966480862e-01
-1.004193623262865792e-01 2.340322262356546168e-01
-7.669730414302922128e-02 2.429215878734219680e-01
-5.220479575875031086e-02 2.494094323255007517e-01
-2.718467380480804260e-02 2.534309698009349354e-01
-1.884976522399042440e-03 2.549459384531749251e-01
2.344353096242661125e-02 2.539389901529284788e-01
4.854985564754117633e-02 2.504198268714993292e-01
7.318527484962042418e-02 2.444230867852874300e-01
9.710580856651081227e-02 2.360079817335054841e-01
1.200746413203145346e-01 2.252576901560247036e-01
1.418644693739154750e-01 2.122785120814426052e-01
1.622597500341984855e-01 1.971987951023630725e-01
1.810588308067976882e-01 1.801676425419421745e-01
1.980759297858770696e-01 1.613534175579750263e-01
2.131429709512994708e-01 1.409420610446952549e-01
2.261112417403999542e-01 1.191352318930703896e-01
2.368528401651965321e-01 9.614829500145750940e-02
2.452619209319719940e-01 7.220817786795283300e-02
2.512557212186741773e-01 4.755111600130796506e-02
2.547753564572014517e-01 2.242030975661102321e-02
2.557863787817428736e-01 -2.936483994330993993e-03
2.542790931810110511e-01 -2.826940138074433492e-02
2.502686288069250753e-01 -5.332893793488089479e-02
2.437947653209864562e-01 -7.786840748984792671e-02
2.349215165780904890e-01 -1.016463693419326353e-01
2.237364763319658056e-01 -1.244289998414395276e-01
2.103499329734770662e-01 -1.459923852044952286e-01
1.948937625602314705e-01 -1.661247131919269537e-01
1.775201115417396613e-01 -1.846283423707475446e-01
1.583998826080875444e-01 -2.013217289467351401e-01
1.377210389729491280e-01 -2.160411926194162058e-01
1.156867441262077190e-01 -2.286425045481303153e-01
9.251335564179215265e-02 -2.390022823124218765e-01
6.842829298833863483e-02 -2.470191786836176406e-01
4.366780045202470900e-02 -2.526148530773096867e-01
1.847462723275980837e-02 -2.557347167078922179e-01
-6.904352491629739408e-03 -2.563484446951460050e-01
-3.222055622890664800e-02 -2.544502506570027744e-01
-5.722611396968552144e-02 -2.500589234735350885e-01
-8.167629732113446117e-02 -2.432176250615556701e-01
-1.053319145390066991e-01 -2.339934446074959928e-01
-1.279616296861417202e-01 -2.224767243582200238e-01
-1.493442113578038188e-01 -2.087801603957240293e-01
-1.692706802636918528e-01 -1.930376873758631318e-01
-1.875463350876371837e-01 -1.754031584464229576e-01
-2.039926372743672001e-01 -1.560488334984642678e-01
-2.184489368012415000e-01 -1.351636907102752860e-01
-2.307740225667909983e-01 -1.129515779991568103e-01
-2.408474827516710604e-01 -8.962922248795958391e-02
-2.485708623643493598e-01 -6.542411740753559246e-02
-2.538686071553532542e-01 -4.057230698173908134e-02
-2.566887851511460705e-01 -1.531609076850537661e-02
-2.570035792018856013e-01 1.009833034867168786e-02
-2.548095461364044967e-01 3.542324381588472099e-02
-2.501276403515807489e-01 6.041182771475869795e-02
-2.430030019111449890e-01 8.482054264815179490e-02
-2.335045114699138280e-01 1.084114902769452576e-01
-2.217241165527335245e-01 1.309547159367754898e-01
-2.077759358825924108e-01 1.522304333324998871e-01
-1.917951505495378295e-01 1.720311500823371587e-01
-1.739366928223566866e-01 1.901636738550250838e-01
-1.543737453097422385e-01 2.064509800028687392e-01
-1.332960649598624869e-01 2.207339229297036465e-01
-1.109081602610899192e-01 2.328727765999725474e-01
-8.742730172178510284e-02 2.427485900475713498e-01
-6.308140977424818441e-02 2.502643343739394122e-01
-3.810686580577915539e-02 2.553458422547959517e-01
-1.274622968740977622e-02 2.579425286471755951e-01
1.275410216272309522e-02 2.580278848625180421e-01
3.814627582649145893e-02 2.555997413181165800e-01
6.318337334403061056e-02 2.506802964664712197e-01
8.762179775146670957e-02 2.433159116115973797e-01
1.112236269468397376e-01 2.335766735327337862e-01
1.337589139252917669e-01 2.215557290291442216e-01
1.550079114262936097e-01 2.073683976547746888e-01
1.747631997421209560e-01 1.911510710087180598e-01
1.928316973415154512e-01 1.730599089673704183e-01
2.090365350572362668e-01 1.532693451685095964e-01
2.232187758614636863e-01 1.319704158685521822e-01
2.352389636969957343e-01 1.093689279752485255e-01
2.449784864319351219e-01 8.568348359344615806e-02
2.523407397466627122e-01 6.114337979697063996e-02
2.572520806285963357e-01 3.598640354250411122e-02
2.596625611257420418e-01 1.045654265985171763e-02
2.595464350762909378e-01 -1.519836532236890254e-02
2.569024326699363980e-01 -4.072902413363856805e-02
2.517537998875074012e-01 -6.588708670468075568e-02
2.441481020889517128e-01 -9.042755709864659652e-02
2.341568089481829151e-01 -1.141111621672412646e-01
2.218746176535222603e-01 -1.367066810157950563e-01
2.074185492494720340e-01 -1.579931897877488167e-01
1.909268610172358827e-01 -1.777622080078432587e-01
1.725577374538512787e-01 -1.958197330241691902e-01
1.524877870214834397e-01 -2.119881382045167850e-01
1.309103586909251271e-01 -2.261079164058104329e-01
1.080336940568317472e-01 -2.380392516616058329e-01
8.407893241233711790e-02 -2.476634036248765713e-01
5.927798762212405786e-02 -2.548838910472275288e-01
3.387131691146782336e-02 -2.596274624558431721e-01
8.105602781284641095e-03 -2.618448441890385836e-01
-1.776862984539962984e-02 -2.615112580520405072e-01
-4.349943845129113779e-02 -2.586267030371087183e-01
-6.883590645789063045e-02 -2.532159977963696629e-01
-9.353058193976390711e-02 -2.453285828409913494e-01
-1.173418879645268115e-01 -2.350380837451054583e-01
-1.400364811965434386e-01 -2.224416389353463253e-01
-1.613915358202337169e-01 -2.076589979251121376e-01
-1.811969304784882551e-01 -1.908313980851169822e-01
-1.992573167784210397e-01 -1.721202302066354439e-01
-2.153940489834261784e-01 -1.517055051900507434e-01
-2.294469557784512281e-01 -1.297841361587313003e-01
-2.412759364536393447e-01 -1.065680521367387695e-01
-2.507623654871347640e-01 -8.228216112036837449e-02
-2.578103086357276252e-01 -5.716218862500093562e-02
-2.623474887854585491e-01 -3.145238435017312650e-02
-2.643260176849059895e-01 -5.403151583039174366e-03
-2.637229273659287276e-01 2.073137528253855139e-02
-2.605404440907386765e-01 4.669580587765212454e-02
-2.548060169032407840e-01 7.223598730507758969e-02
-2.465720997557404592e-01 9.710149160648760824e-02
-2.359156885853853913e-01 1.210480729197724870e-01
-2.229376171162117948e-01 1.438400701981766006e-01
-2.077616175390480935e-01 1.652527318020642344e-01
-1.905331545495050627e-01 1.850744389475902363e-01
-1.714180434805732955e-01 2.031088058994334478e-01
-1.506008654281948966e-01 2.191766359195852498e-01
-1.282831943136408248e-01 2.331177133210010632e-01
-1.046816527348221892e-01 2.447924135119764755e-01
-8.002581520990698083e-02 2.540831146406191121e-01
-5.455597899242047022e-02 2.608953963427671496e-01
-2.852082402062454738e-02 2.651590131431660891e-01
-2.174984740607247436e-03 2.668286322391976717e-01
2.422344250076355690e-02 2.658843276883994799e-01
5.041543207128407200e-02 2.623318254029899932e-01
7.614357676936703290e-02 2.562024958032788069e-01
1.011546254922342375e-01 2.475530934733376764e-01
1.252019857175440953e-01 2.364652456714354534e-01
1.480481659200620637e-01 2.230446940497009811e-01
1.694671492908956800e-01 2.074203094299330585e-01
1.892466332208802005e-01 1.897428423515000184e-01
2.071901281886228963e-01 1.701834645530156676e-01
2.231189372930514614e-01 1.489321321176789448e-01
2.368739512987698692e-01 1.261957430006631353e-01
2.483172534884146854e-01 1.021961229190850723e-01
2.573335178776016696e-01 7.716785919013341433e-02
2.638311863619890452e-01 5.135600368469356997e-02
2.677434125328906900e-01 2.501366743835130996e-02
2.690287621963996512e-01 -1.600469385602130718e-03
2.676716630386534179e-01 -2.822470756834709327e-02
2.636825983726300837e-01 -5.459691365708196215e-02
2.570980424546047138e-01 -8.045711383028908426e-02
2.479801374451991725e-01 -1.055500709395380265e-01
2.364161146847439665e-01 -1.296278189601555164e-01
2.225174655289517966e-01 -1.524521294438952734e-01
2.064188695221607084e-01 -1.737968851862758957e-01
1.882768901454097143e-01 -1.934503371938564031e-01
1.682684507401192298e-01 -2.112172221542668038e-01
1.465891054507477975e-01 -2.269207189641309075e-01
1.234511221276101689e-01 -2.404042244439839604e-01
9.908139606235891184e-02 -2.515329301492513769e-01
7.371921517305886351e-02 -2.601951841549222100e-01
4.761389879451629475e-02 -2.663036238288029600e-01
2.102233354639549898e-02 -2.697960678928268408e-01
-5.793580069721109525e-03 -2.706361764433760642e-01
-3.256951987810239452e-02 -2.688138126858266586e-01
-5.904134818076507002e-02 -2.643451503466551222e-01
-8.494774134005517174e-02 -2.572725557945206298e-01
-1.100327870964025317e-01 -2.476641887611112647e-01
-1.340485302960914837e-01 -2.356133453627775043e-01
-1.567574414283111339e-01 -2.212375497444559747e-01
-1.779347831202634511e-01 -2.046774032162355095e-01
-1.973708507431688186e-01 -1.860952022145415385e-01
-2.148730645304245679e-01 -1.656733387690380865e-01
-2.302678920896893411e-01 -1.436124993687398488e-01
-2.434025818883866765e-01 -1.201296801732910230e-01
-2.541466901896375918e-01 -9.545603838641386618e-02
-2.623933859934649004e-01 -6.983460127882688828e-02
-2.680605207750074159e-01 -4.351785580017531602e-02
-2.710914521846246594e-01 -1.676524293845384206e-02
-2.714556133597129106e-01 1.015941804201167184e-02
-2.691488220688477151e-01 3.699054963650140471e-02
-2.641933265392358288e-01 6.346345410914584761e-02
-2.566375874815889913e-01 8.931694299024243999e-02
-2.465557984945000725e-01 1.142959316623065463e-01
-2.340471496758325942e-01 1.381539729906752778e-01
-2.192348418643026153e-01 1.606557045753222168e-01
-2.022648614532843725e-01 1.815791850805354990e-01
-1.833045281351924627e-01 2.007180962290038562e-01
-1.625408260199658061e-01 2.178838082409203791e-01
-1.401785387732278065e-01 2.329072260450610887e-01
-1.164382219918993489e-01 2.456404420552028567e-01
-9.155401039861731094e-02 2.559582179244793143e-01
-6.577129047633424597e-02 2.637592193387326978e-01
-3.934426218536225123e-02 2.689670120014267529e-01
-1.253341426854982961e-02 2.715308090082393377e-01
1.439706150327386275e-02 2.714259623262420540e-01
4.118189120596636027e-02 2.686541936797499641e-01
6.755734849391992203e-02 2.632435627759002195e-01
9.326386687003682119e-02 2.552481734510432809e-01
1.180486083859905028e-01 2.447476209567742977e-01
1.416679631406648210e-01 2.318461862046918842e-01
1.638899546793565754e-01 2.166717853252979609e-01
1.844965273816997209e-01 1.993746853432334931e-01
2.032856931518394472e-01 1.801259991034807051e-01
2.200735161771391335e-01 1.591159747773111532e-01
2.346959161856469189e-01 1.365520973108558245e-01
2.470102724902190627e-01 1.126570210332981659e-01
2.568968131395720222e-01 8.766635429723013129e-02
2.642597756820168065e-01 6.182631846409335219e-02
2.690283283634534728e-01 3.539130475924322228e-02
2.711572430034737691e-01 8.621353492423985271e-03
2.706273132969698736e-01 -1.822041913888333003e-02
2.674455148478490640e-01 -4.487042097995126017e-02
2.616449081029474377e-01 -7.106720281276522611e-02
2.532842705348931078e-01 -9.655401620674568253e-02
2.424474877595229061e-01 -1.210813185234015238e-01
2.292427019970508517e-01 -1.444092400761945172e-01
2.138012160452835431e-01 -1.663099344919893030e-01
1.962761703603936869e-01 -1.865698064733126993e-01
1.768410068288957249e-01 -2.049915951571291972e-01
1.556877348980008902e-01 -2.213962927605775399e-01
1.330250176512354776e-01 -2.356248798963335167e-01
1.090760971538671104e-01 -2.475398608119973864e-01
8.407657993164013854e-02 -2.570265838400508929e-01
5.827210477191552274e-02 -2.639943345162706345e-01
3.191591613619990109e-02 -2.683771911124506748e-01
5.266367337349522545e-03 -2.701346347104935930e-01
-2.141562174375230207e-02 -2.692519083953395231e-01
-4.786912725378792560e-02 -2.657401226391485349e-01
-7.383577900408863637e-02 -2.596361064632150550e-01
-9.906228800621905140e-02 -2.510020064722071065e-01
-1.233029191385919821e-01 -2.399246383330690957e-01
-1.463218847955456980e-01 -2.265145976937965877e-01
-1.678956362250304257e-01 -2.109051398811664646e-01
-1.878150303417861489e-01 -1.932508399588709902e-01
-2.058873510978507515e-01 -1.737260468467727859e-01
-2.219381659875239721e-01 -1.525231471776357373e-01
-2.358129999436888169e-01 -1.298506563811709924e-01
-2.473788173784966793e-01 -1.059311424475707086e-01
-2.565252719433077644e-01 -8.099904160403664788e-02
-2.631657416691731699e-01 -5.529836794275980183e-02
-2.672381440492049287e-01 -2.908030614451439719e-02
-2.687055005819850018e-01 -2.600751201729796167e-03
-2.675562554743059485e-01 2.388219265348296913e-02
-2.638043460394943751e-01 5.011072934326744888e-02
-2.574890247531831378e-01 7.582988010825872371e-02
-2.486744353441524558e-01 1.007899600509392091e-01
-2.374489476805951571e-01 1.247489980634242102e-01
-2.239242585390915086e-01 1.474750767728820189e-01
-2.082342675923244124e-01 1.687485699897610658e-01
-1.905337401005520737e-01 1.883642562104009543e-01
-1.709967698209124698e-01 2.061332879951406627e-01
-1.498150575391924699e-01 2.218849985023993998e-01
-1.271960223630883569e-01 2.354685280935896186e-01
-1.033607644777910090e-01 2.467542557162613059e-01
-7.854189944038529603e-02 2.556350217054194629e-01
-5.298128526701973567e-02 2.620271306966279745e-01
-2.692766453520904768e-02 2.658711254992013329e-01
-6.342444747405775324e-04 2.671323250119567172e-01
2.564376145145032260e-02 2.658011215560762697e-01
5.165160667436254766e-02 2.618930353275520928e-01
7.713747548033395018e-02 2.554485260128072643e-01
1.018549140900901623e-01 2.465325639431955596e-01
1.255652134809930043e-01 2.352339572955815805e-01
1.480396931564735841e-01 2.216644635586054457e-01
1.690618897475125171e-01 2.059576872385748270e-01
1.884296402923614500e-01 1.882677519442793324e-01
2.059570144826299853e-01 1.687677832346166085e-01
2.214760872583882989e-01 1.476482109617752725e-01
2.348385350565647123e-01 1.251149077795244702e-01
2.459170407439565942e-01 1.013871820110367333e-01
2.546064941300383300e-01 7.669564441806375754e-02
2.608249769374590410e-01 5.127996957147778340e-02
2.645145231909490358e-01 2.538657348155959684e-02
2.656416481481863046e-01 -7.337701032983027626e-04
2.641976411181473638e-01 -2.682835178484145253e-02
2.601986197725290051e-01 -5.264496372832164900e-02
2.536853458331093103e-01 -7.793432864277691219e-02
2.447228042909172230e-01 -1.024524972949932416e-01
2.333995505599064380e-01 -1.259631916683418562e-01
2.198268321679782700e-01 -1.482400714374156048e-01
2.041374937215489904e-01 -1.690689021988501239e-01
1.864846759261694908e-01 -1.882496048704585256e-01
1.670403213859717739e-01 -2.055981668349093350e-01
1.459935017211936303e-01 -2.209483967494048351e-01
1.235485822191292327e-01 -2.341535064561948709e-01
9.992324175389508123e-02 -2.450875050956829171e-01
7.534636706081179747e-02 -2.536463923284281718e-01
5.005583524440544024e-02 -2.597491360759305312e-01
2.429622684771568300e-02 -2.633384331600628903e-01
-1.683525622856461455e-03 -2.643812464552609542e-01
-2.763254192353091498e-02 -2.628691017591374690e-01
-5.330040793871172050e-02 -2.588181508467166658e-01
-7.843958316559358768e-02 -2.522689983780318501e-01
-1.028077788336402287e-01 -2.432862945047284398e-01
-1.261702839724563319e-01 -2.319580972452395806e-01
-1.483022172528358495e-01 -2.183950108818455138e-01
-1.689906831456512715e-01 -2.027291087564250527e-01
-1.880368118654003606e-01 -1.851126508848970897e-01
-2.052576636807294241e-01 -1.657166087542254751e-01
-2.204879794723244024e-01 -1.447290114922671900e-01
-2.335817608871542106e-01 -1.223531292924848329e-01
-2.444136650636819508e-01 -9.880551151713526381e-02
-2.528802006701700300e-01 -7.431389827934138659e-02
-2.589007138904812488e-01 -4.911502550338044809e-02
-2.624181549914784695e-01 -2.345234447267374386e-02
-2.633996181948497495e-01 2.426322313293623103e-03
-2.618366497341580446e-01 2.827116654660029316e-02
-2.577453211847727799e-01 5.383279796329062949e-02
-2.511660673894854368e-01 7.886464364346633393e-02
-2.421632905451500117e-01 1.031253198023676099e-01
-2.308247342442625305e-01 1.263809533736609536e-01
-2.172606334592580568e-01 1.484074311591986051e-01
-2.016026456003585376e-01 1.689925542761178401e-01
-1.840025823989972220e-01 1.879380780856013955e-01
-1.646309476283656092e-01 2.050616201781017833e-01
-1.436752890700056795e-01 2.201984142774900677e-01
-1.213383897570057962e-01 2.332028948398627843e-01
-9.783631267617769189e-02 2.439500970697041637e-01
-7.339631765030084354e-02 2.523368588725280470e-01
-4.825467035567559959e-02 2.582828131499472768e-01
-2.265436447555125785e-02 2.617311608424486846e-01
3.157221163631314213e-03 2.626492172183719775e-01
2.893070798776815195e-02 2.610287260749432070e-01
5.441712269259319640e-02 2.568859387382289583e-01
7.937029876723626642e-02 2.502614570023628526e-01
1.035492514226927230e-01 2.412198414129173574e-01
1.267205030601293581e-01 2.298489885535340005e-01
1.486603368696005900e-01 2.162592832172687551e-01
1.691569568205842644e-01 2.005825335129461373e-01
1.880125331861111082e-01 1.829706990516579701e-01
2.050451138243621074e-01 1.635944243591214431e-01
2.200903827153526393e-01 1.426413915463355109e-01
2.330032487039304656e-01 1.203145080255825089e-01
2.436592490201681116e-01 9.682994666404412532e-02
2.519557539191895068e-01 7.241505720758724396e-02
2.578129606876639057e-01 4.730616906815765521e-02
2.611746672856339879e-01 2.174630663747146447e-02
2.620088186247796491e-01 -4.017160334268340093e-03
2.603078185130244804e-01 -2.973491043525174071e-02
2.560886045054491800e-01 -5.515808357469499656e-02
2.493924866125143969e-01 -8.004068915550449637e-02
2.402847495306079106e-01 -1.041419878545772754e-01
2.288540225638291403e-01 -1.272288232921539031e-01
2.152114231988959403e-01 -1.490778809672966554e-01
1.994894824958418078e-01 -1.694778525187917717e-01
1.818408625821998914e-01 -1.882314842669352284e-01
1.624368785668980630e-01 -2.051574900936578294e-01
1.414658391016831995e-01 -2.200923100161480683e-01
1.191312215940218272e-01 -2.328916972901688420e-01
9.564969969864149657e-02 -2.434321185295253154e-01
7.124904216868103990e-02 -2.516119531318513625e-01
4.616590341727652008e-02 -2.573524802409489221e-01
2.064352721352933143e-02 -2.605986435336860585e-01
-5.070614197429166095e-03 -2.613195862746781617e-01
-3.072722261126929755e-02 -2.595089513141117799e-01
-5.607759465322472575e-02 -2.551849429912758649e-01
-8.087603727567245493e-02 -2.483901502263186067e-01
-1.048822544336599633e-01 -2.391911324128116745e-01
-1.278636816701102519e-01 -2.276777720407217320e-01
-1.495977458331884946e-01 -2.139624002609329667e-01
-1.698740278628094180e-01 -1.981787038257070976e-01
-1.884963075147705058e-01 -1.804804239827370316e-01
-2.052844729770023080e-01 -1.610398621776079064e-01
-2.200762688300800518e-01 -1.400461989317772493e-01
-2.327288683379608314e-01 -1.177036501553098552e-01
-2.431202626006801204e-01 -9.422948149560968212e-02
-2.511504444869755437e-01 -6.985189260204532902e-02
-2.567423780991666682e-01 -4.480779479987657965e-02
-2.598427442531962561e-01 -1.934050386837666419e-02
-2.604224546480751745e-01 6.302629539792726707e-03
-2.584769296641638014e-01 3.187262867983105263e-02
-2.540261370464856894e-01 5.712131514505482816e-02
-2.471143910743827110e-01 8.180372523297968490e-02
-2.378099141694348106e-01 1.056804946059873573e-01
-2.262041652265480984e-01 1.285201879102507438e-01
-2.124109412449007028e-01 1.501015505518084603e-01
-1.965652610633416286e-01 1.702156605891055052e-01
-1.788220421468183219e-01 1.886679596796655423e-01
-1.593545834053013699e-01 2.052801432048960706e-01
-1.383528689340411122e-01 2.198918910801472837e-01
-1.160217093247184750e-01 2.323624223231706698e-01
-9.257873879387598648e-02 2.425718581876369351e-01
-6.825228779165119775e-02 2.504223805525073732e-01
-4.327915197619524451e-02 2.558391742736054741e-01
-1.790227945532087833e-02 2.587711443311365711e-01
7.631601003573078475e-03 2.591914008247571122e-01
3.307438751908946956e-02 2.570975071541903856e-01
5.817902782098309522e-02 2.525114936332090720e-01
8.270192626658590118e-02 2.454796211625452362e-01
1.064053121772932792e-01 2.360719102355452459e-01
1.290595560849155388e-01 2.243814474065146114e-01
1.504454029399949211e-01 2.105234615534607723e-01
1.703561023752279135e-01 1.946341843192523346e-01
1.885994152001715107e-01 1.768695060495395766e-01
2.049994765351698389e-01 1.574034405522972691e-01
2.193984974173369129e-01 1.364264138773610135e-01
2.316582883151823702e-01 1.141433940362674149e-01
2.416615897548368419e-01 9.077188013571436953e-02
2.493131971723291929e-01 6.653977076714918948e-02
2.545408691440235738e-01 4.168313266686139718e-02
2.572960102903564805e-01 1.644389162365976140e-02
2.575541223749920339e-01 -8.932531644454785175e-03
2.553150194104124027e-01 -3.419961740452730908e-02
2.506028049090198717e-01 -5.911215108525614409e-02
2.434656117626452509e-01 -8.342861213232387330e-02
2.339751075694440074e-01 -1.069135241369281036e-01
2.222257705327593535e-01 -1.293397432412921044e-01
2.083339433083368497e-01 -1.504906624615236499e-01
1.924366743518662881e-01 -1.701623104247842189e-01
1.746903583971912144e-01 -1.881653240858115195e-01
1.552691896556077367e-01 -2.043267762563885370e-01
1.343634431495190906e-01 -2.184918402373100532e-01
1.121776003686989626e-01 -2.305252812762478842e-01
8.892833790326923338e-02 -2.403127423165454246e-01
6.484240399172760960e-02 -2.477618247443723609e-01
4.015439781589114077e-02 -2.528029651675647860e-01
1.510447491495849233e-02 -2.553900821156640522e-01
-1.006399826427817681e-02 -2.555009926184100277e-01
-3.510681764096836022e-02 -2.531375949566773143e-01
-5.978131932535975940e-02 -2.483258161835362465e-01
-8.384873872150951091e-02 -2.411153253260030771e-01
-1.070765278610527893e-01 -2.315790154771820708e-01
-1.292406083758514679e-01 -2.198122602508755241e-01
-1.501275381933832032e-01 -2.059319522745065856e-01
-1.695365709294507361e-01 -1.900753335196518901e-01
-1.872815880486043971e-01 -1.723986292913090856e-01
-2.031928851519926305e-01 -1.530754995977079147e-01
-2.171187952222781437e-01 -1.322953233835534592e-01
-2.289271332907450163e-01 -1.102613327142626942e-01
-2.385064487760719942e-01 -8.718861543102549017e-02
-2.457670736590769900e-01 -6.330200604316546520e-02
-2.506419566843282598e-01 -3.883388567364642885e-02
-2.530872758972665393e-01 -1.402191271511249102e-02
-2.530828240128579210e-01 1.089329351942851937e-02
-2.506321633477242017e-01 3.567049346094804813e-02
-2.457625493093207325e-01 6.007016939129608546e-02
-2.385246237008906145e-01 8.385684616285005166e-02
-2.289918837813734176e-01 1.068013723626078104e-01
-2.172599234038692928e-01 1.286831272837379303e-01
-2.034454641561778410e-01 1.492921390750847621e-01
-1.876851882328159637e-01 1.684311040832161266e-01
-1.701343765799051277e-01 1.859172751421395153e-01
-1.509653694042450145e-01 2.015842045973856578e-01
-1.303658644428290492e-01 2.152833254632966486e-01
-1.085370699282863088e-01 2.268853557357231321e-01
-8.569173055450915455e-02 2.362815126469563487e-01
-6.205204593237613475e-02 2.433845255377315719e-01
-3.784750201688878019e-02 2.481294380134999589e-01
-1.331263677542535162e-02 2.504741921293605067e-01
1.131523805506842034e-02 2.503999894894318734e-01
3.579833691106729110e-02 2.479114263303043575e-01
5.990069968911439224e-02 2.430364018631693823e-01
8.339046809235710345e-02 2.358258013538468423e-01
1.060421170427249954e-01 2.263529576028591728e-01
1.276386196672293916e-01 2.147128966270782924e-01
1.479735250764295518e-01 2.010213754200250447e-01
1.668529290624081174e-01 1.854137216599954230e-01
1.840973189428877221e-01 1.680434871238525030e-01
1.995432750554008983e-01 1.490809283321759826e-01
2.130450128483032390e-01 1.287113295819095615e-01
2.244757511085435087e-01 1.071331849998769237e-01
2.337288935934045131e-01 8.455625756125940973e-02
2.407190181732833112e-01 6.119953441412608747e-02
2.453826494475546682e-01 3.728909591166364168e-02
2.476788178329601131e-01 1.305592422450647938e-02
2.475894106518252147e-01 -1.126632928000570813e-02
2.451192974191763463e-01 -3.544359812190767817e-02
2.402962336374603880e-01 -5.924365325532544857e-02
2.331705446520243308e-01 -8.243833239716687189e-02
2.238145932337871902e-01 -1.048057247521680668e-01
2.123220366252621394e-01 -1.261322902486815278e-01
1.988068807926158532e-01 -1.462148930986452433e-01
1.834023415505850185e-01 -1.648627303857528870e-01
1.662595240509447680e-01 -1.818991374587314580e-01
1.475459338314965563e-01 -1.971632531507947483e-01
1.274438341951595055e-01 -2.105115292484889544e-01
1.061484661137002961e-01 -2.218190701791567521e-01
8.386614811460327279e-02 -2.309807905609083389e-01
6.081227470120973561e-02 -2.379123800457879356e-01
3.720923276557809578e-02 -2.425510667675133403e-01
1.328425617347346425e-02 -2.448561726615513245e-01
-1.073276077506405725e-02 -2.448094559388517000e-01
-3.461146998232358246e-02 -2.424152380449001998e-01
-5.812327513743043017e-02 -2.377003145034746467e-01
-8.104351518016159051e-02 -2.307136511102103882e-01
-1.031536048566798341e-01 -2.215258689842942996e-01
-1.242431120577998926e-01 -2.102285239883620038e-01
-1.441117569821460387e-01 -1.969331953437639393e-01
-1.625713033225154869e-01 -1.817703688065034628e-01
-1.794473251151669224e-01 -1.648881440362052475e-01
-1.945808471119225280e-01 -1.464507923114608534e-01
-2.078298309239094144e-01 -1.266371553943779760e-01
-2.190704962695225744e-01 -1.056389092892663362e-01
-2.281984652099997568e-01 -8.365870977814079956e-02
-2.351297189748096927e-01 -6.090823768314661268e-02
-2.398013587895489462e-01 -3.760616269944608292e-02
-2.421721640038033974e-01 -1.397604535418224721e-02
-2.422229427572812899e-01 9.755802828269542412e-03
-2.399566724013098007e-01 3.336248054156724235e-02
-2.353984288904899247e-01 5.661865874111136204e-02
-2.285951063567074615e-01 7.930272301936179546e-02
-2.196149300565743423e-01 1.011988760637873991e-01
-2.085467678250636503e-01 1.220991803861625064e-01
-1.954992470545629524e-01 1.418055221346506967e-01
-1.805996860319210862e-01 1.601314776007390916e-01
-1.639928501905554004e-01 1.769040650033661677e-01
-1.458395454542444347e-01 1.919653652633962204e-01
-1.263150623487211133e-01 2.051739967609900461e-01
-1.056074859237201430e-01 2.164064304840273012e-01
-8.391588774905818504e-02 2.255581335144070942e-01
-6.144841731304370031e-02 2.325445304450386164e-01
-3.842031105095727872e-02 2.373017740582048229e-01
-1.505183777840175124e-02 2.397873331643280703e-01
8.433805822592985862e-03 2.399803483503886448e-01
3.181261416752077104e-02 2.378817804543452985e-01
5.486189583381947260e-02 2.335143829416587991e-01
7.736238351959015547e-02 2.269224540424612802e-01
9.910030814995830772e-02 2.181713857055412598e-01
1.198694176866414302e-01 2.073470139985595928e-01
1.394729217570254698e-01 1.945547774310054934e-01
1.577253439535898361e-01 1.799186914583016106e-01
1.744542645554807703e-01 1.635801491263188245e-01
1.895019374826485137e-01 1.456965594197220104e-01
2.027267664994166219e-01 1.264398363706993322e-01
2.140046270269836126e-01 1.059947533530538333e-01
2.232300213899389429e-01 8.455717821834139725e-02
2.303170568971327214e-01 6.233220601514965348e-02
2.352002378274412053e-01 3.953220695977862492e-02
2.378350641405318766e-01 1.637480808822901202e-02
2.381984315448892608e-01 -6.919172390712951919e-03
2.362888294142619083e-01 -3.012781860811688389e-02
2.321263349321076586e-01 -5.303021874726836921e-02
2.257524037436964004e-01 -7.540855523876181798e-02
2.172294592903696309e-01 -9.705016385238429688e-02
2.066402848725651387e-01 -1.177495424120095641e-01
1.940872243204370962e-01 -1.373102903489961668e-01
1.796911989268145382e-01 -1.555469609713781287e-01
1.635905582076054576e-01 -1.722868286969010954e-01
1.459397421268953110e-01 -1.873714998710619417e-01
1.269078046742330157e-01 -2.006583799136041346e-01
1.066768177367913434e-01 -2.120220310963471799e-01
8.544014098160138126e-02 -2.213553507737937576e-01
6.340058615448593282e-02 -2.285705762950438202e-01
4.076849303644219935e-02 -2.336001072449565008e-01
1.775973511510782477e-02 -2.363971373642077822e-01
-5.406326320602619466e-03 -2.369360902696591720e-01
-2.850892047629783113e-02 -2.352128549224460352e-01
-5.132795825028632630e-02 -2.312448186546267881e-01
-7.364611672418926169e-02 -2.250706974494474100e-01
-9.525089739515155141e-02 -2.167501650577740580e-01
-1.159366388378643836e-01 -2.063632844067903593e-01
-1.355064649019967482e-01 -1.940097466001043935e-01
-1.537741501428173674e-01 -1.798079246038236378e-01
-1.705658849445216563e-01 -1.638937504442672666e-01
-1.857219237197765271e-01 -1.464194263940657992e-01
-1.990981006477151316e-01 -1.275519821797636011e-01
-2.105671986365025283e-01 -1.074716916907867553e-01
-2.200201585542407856e-01 -8.637036399356795568e-02
-2.273671172515036032e-01 -6.444952464338585263e-02
-2.325382644869432025e-01 -4.191850432845495994e-02
-2.354845105495455004e-01 -1.899245276676623032e-02
-2.361779581321956090e-01 4.109703502360059942e-03
-2.346121921703279711e-01 2.716735961823702264e-02
-2.308023209559216526e-01 4.996031745335006297e-02
-2.247848248209831645e-01 7.227085388190733484e-02
-2.166172402337808167e-01 9.388580707656893343e-02
-2.063776220180257026e-01 1.145986062790299437e-01
-1.941638105437588357e-01 1.342112407022842124e-01
-1.800925105653702618e-01 1.525361488864742376e-01
-1.642981901652046939e-01 1.693980105430507865e-01
-1.469318099699032931e-01 1.846354238043357021e-01
-1.281593944252506223e-01 1.981024518401192924e-01
-1.081604584283592935e-01 2.096700240004641669e-01
-8.712630400878586256e-02 2.192271779843721624e-01
-6.525820300901587212e-02 2.266821310051403693e-01
-4.276548282794220834e-02 2.319631695115817460e-01
-1.986353324725462569e-02 2.350193487161458816e-01
3.228246849734373296e-03 2.358209949608522371e-01
2.628854344255921946e-02 2.343600058031623523e-01
4.909624216330641527e-02 2.306499446094802119e-01
7.143254380595379094e-02 2.247259283867746316e-01
9.308306039180409830e-02 2.166443095444154365e-01
1.138398717602905341e-01 2.064821542403154075e-01
1.335035229778213928e-01 1.943365219093124707e-01
1.518849433692922302e-01 1.803235524786594990e-01
1.688072686731725280e-01 1.645773696276115472e-01
1.841075486959968255e-01 1.472488102276290345e-01
1.976383507406724305e-01 1.285039782366660666e-01
2.092691562116019699e-01 1.085226653420293119e-01
2.188876039520586403e-01 8.749665752641729022e-02
2.264006165411998617e-01 6.562789602865924665e-02
2.317353137425797738e-01 4.312654543240412863e-02
2.348397330584704734e-01 2.020897987187997638e-02
2.356833500559784023e-01 -2.904293444671393089e-03
2.342573930369621360e-01 -2.599075353407138966e-02
2.305749485894813544e-01 -4.882800742950669376e-02
2.246708565656718448e-01 -7.119593385747621794e-02
2.166013950602894145e-01 -9.287880811541880666e-02
2.064437579960484159e-01 -1.136673875869406020e-01
1.942953299362548680e-01 -1.333609376533375079e-01
1.802727647227664320e-01 -1.517691782790735466e-01
1.645108764585712646e-01 -1.687141322617759231e-01
1.471613532000947688e-01 -1.840318570381443419e-01
1.283913054760948691e-01 -1.975740430177169160e-01
1.083816633904094301e-01 -2.092094626669992741e-01
8.732543757807550988e-02 -2.188252559761274252e-01
6.542586065284188013e-02 -2.263280394957517816e-01
4.289442699471678055e-02 -2.316448278186513110e-01
1.994884976616739108e-02 -2.347237581825382946e-01
-3.189045096296910711e-03 -2.355346107703460978e-01
-2.629546750123559068e-02 -2.340691192637603113e-01
-4.914683354937255527e-02 -2.303410682457342762e-01
-7.152196694939932931e-02 -2.243861725689943742e-01
-9.320421633255865368e-02 -2.162617365954553617e-01
-1.139835313298486474e-01 -2.060461239545030854e-01
-1.336585396524032354e-01 -1.938380140730866230e-01
-1.520385112470075406e-01 -1.797554566135510790e-01
-1.689452207318851429e-01 -1.639347359225552525e-01
-1.842146897048952126e-01 -1.465290563230327858e-01
-1.976987916606292028e-01 -1.277070608704362065e-01
-2.092667035718850099e-01 -1.076511978635163874e-01
-2.188061896723123012e-01 -8.655595093173619470e-02
-2.262247046064526368e-01 -6.462594990024200792e-02
-2.314503048751857528e-01 -4.207398084404146560e-02
-2.344323593810282436e-01 -1.911891477305608864e-02
-2.351420518503953005e-01 4.016424771263753593e-03
-2.335726699594515010e-01 2.710743428877485789e-02
-2.297396780960829776e-01 4.992992171353324848e-02
-2.236805728313761288e-01 7.226229505938279452e-02
-2.154545223283977073e-01 9.388772674811923791e-02
-2.051417930623908592e-01 1.145962722635266995e-01
-1.928429693428889424e-01 1.341869222024268393e-01
-1.786779731930535076e-01 1.524695674324796080e-01
-1.627848941336067501e-01 1.692668579094640524e-01
-1.453186403177206543e-01 1.844159367461495336e-01
-1.264494242497581911e-01 1.977700323503772395e-01
-1.063610979765549497e-01 2.091998928495660826e-01
-8.524932666302438566e-02 2.185950558826716683e-01
-6.331969854951439991e-02 2.258649068535483750e-01
-4.078574384975594547e-02 2.309395606194339923e-01
-1.786681901070808279e-02 2.337705544098954424e-01
5.214040736990980043e-03 2.343313169920965278e-01
2.823230465770108083e-02 2.326174225781386939e-01
5.096414402197640969e-02 2.286466269787924832e-01
7.318862211155315045e-02 2.224586856792043488e-01
9.468985505617989740e-02 2.141149556866893677e-01
1.152591221353137935e-01 2.036977851567261522e-01
1.346969046879905596e-01 1.913096969188454177e-01
1.528148334949012144e-01 1.770723740770791810e-01
1.694375254199286807e-01 1.611254578289956774e-01
1.844042912144100432e-01 1.436251695137482076e-01
1.975706976850390983e-01 1.247427706435279560e-01
2.088099688924011377e-01 1.046628762765061949e-01
2.180142126659823376e-01 8.358163853687838873e-02
2.250954604765863509e-01 6.170481836431996464e-02
2.299865105804288490e-01 3.924576466812872144e-02
2.326415663215462559e-01 1.642332095978627643e-02
2.330366635301422129e-01 -6.540319767491290306e-03
2.311698830627799406e-01 -2.942179065876507002e-02
2.270613466745920739e-01 -5.199873559317377825e-02
2.207529965719149112e-01 -7.405198117820493975e-02
2.123081611440374439e-01 -9.536767472842316851e-02
2.018108930061451034e-01 -1.157393823816631195e-01
1.893651357349370179e-01 -1.349700725854044159e-01
1.750937077043980272e-01 -1.528740164895722453e-01
1.591370643723796219e-01 -1.692786059034449841e-01
1.416519045197144333e-01 -1.840260210254902884e-01
1.228096195782350519e-01 -1.969747507044284363e-01
1.027946016144530572e-01 -2.080009505585199148e-01
8.180242689687873547e-02 -2.169996259222778112e-01
6.003793316277763331e-02 -2.238856283566227345e-01
3.771320970353517904e-02 -2.285944563319806666e-01
1.504552019727994211e-02 -2.310828526548457107e-01
-7.744821174892854362e-03 -2.313291932364051617e-01
-3.043659939163908743e-02 -2.293336638759447543e-01
-5.280985290360291906e-02 -2.251182238313788886e-01
-7.464801148430573463e-02 -2.187263570529930090e-01
-9.573999673699055968e-02 -2.102226140431593393e-01
-1.158822648086104412e-01 -1.996919493537678003e-01
-1.348807714964655735e-01 -1.872388617239782171e-01
-1.525528407603935210e-01 -1.729863457741151467e-01
-1.687289186647333850e-01 -1.570746659886538832e-01
-1.832541959583694757e-01 -1.396599654243042554e-01
-1.959900838448773719e-01 -1.209127231522676427e-01
-2.068155289842942834e-01 -1.010160758719883117e-01
-2.156281553875095125e-01 -8.016402040387343719e-02
-2.223452225970760088e-01 -5.855951486884505147e-02
-2.269043849469000174e-01 -3.641248000331224338e-02
-2.292642573706799303e-01 -1.393777549808025706e-02
-2.294047883932424647e-01 8.646870710590054757e-03
-2.273274126500598458e-01 3.112299155882101293e-02
-2.230549979663711546e-01 5.327349389269870478e-02
-2.166315854318862921e-01 7.488475339827838084e-02
-2.081219255913080157e-01 9.574867123657386514e-02
-1.976108158286146999e-01 1.156646726439657380e-01
-1.852022459214993089e-01 1.344416283945714663e-01
-1.710183605640070437e-01 1.518996808381485597e-01
-1.551982493832172738e-01 1.678719572162147289e-01
-1.378965765931694787e-01 1.822061541096099690e-01
-1.192820639215115969e-01 1.947659781699896675e-01
-9.953584179880592409e-02 2.054324297225547935e-01
-7.884968500465810992e-02 2.141049173830517349e-01
-5.742415000801683739e-02 2.207021934930744334e-01
-3.546663211279516698e-02 2.251631019275019685e-01
-1.318936121715193199e-02 2.274471316490904726e-01
9.192644490082647890e-03 2.275347712601768768e-01
3.146364724295275250e-02 2.254276617123114890e-01
5.340926102732168612e-02 2.211485462627364729e-01
7.481850577619818254e-02 2.147410186939399113e-01
9.548582491405652184e-02 2.062690727211395070e-01
1.152130471469575423e-01 1.958164573847253620e-01
1.338112739870370993e-01 1.834858450429917576e-01
1.511026798377481939e-01 1.693978073351706248e-01
1.669221886956956669e-01 1.536896468479222455e-01
1.811190341931787351e-01 1.365140744415901386e-01
1.935581900264809196e-01 1.180377155079186391e-01
2.041216409291197742e-01 9.843949802926131587e-02
2.127094896501072474e-01 7.790892609259630897e-02
2.192408897991335315e-01 5.664425542474531283e-02
2.236547960806712643e-01 3.485058838962119127e-02
2.259105251713726392e-01 1.273790659812292989e-02
2.259881222840573189e-01 -9.480940179029138937e-03
2.238885302907222541e-01 -3.159226973997703719e-02
2.196335601291180550e-01 -5.338360857856126740e-02
2.132656630754790894e-01 -7.464571915584712614e-02
2.048475073138283920e-01 -9.517459422989481277e-02
1.944613630531118464e-01 -1.147733994994167839e-01
1.822083022204740999e-01 -1.332543463305956299e-01
1.682072204768763901e-01 -1.504404770162811877e-01
1.525936909445293754e-01 -1.661673458562278882e-01
1.355186605898074659e-01 -1.802845803380265233e-01
1.171470016566762973e-01 -1.926573078319908927e-01
9.765593188121492185e-02 -2.031674344785993624e-01
7.723331842639055700e-02 -2.117147643326247053e-01
5.607588154677892872e-02 -2.182179483215309912e-01
3.438731491612886243e-02 -2.226152541635398885e-01
1.237634031833726063e-02 -2.248651500583611906e-01
-9.745295886912934760e-03 -2.249466924583101712e-01
-3.176483124840523420e-02 -2.228597227353587285e-01
-5.347050710610540963e-02 -2.186248733663433974e-01
-7.465360146308243350e-02 -2.122833683789315806e-01
-9.511042182350799845e-02 -2.038966303285856263e-01
-1.146442507370716707e-01 -1.935456954674628083e-01
-1.330672257084846433e-01 -1.813304425198197234e-01
-1.502021357268696067e-01 -1.673686422184202660e-01
-1.658841174291141030e-01 -1.517948364329333444e-01
-1.799622348274280137e-01 -1.347590573196717767e-01
-1.923009275968453335e-01 -1.164253984276360510e-01
-2.027813141239881156e-01 -9.697045109420675268e-02
-2.113023368530481394e-01 -7.658162074260414787e-02
-2.177817389176659180e-01 -5.545533884073650804e-02
-2.221568626055053230e-01 -3.379518728633989361e-02
-2.243852618517315212e-01 -1.180995283642318101e-02
-2.244451226841354119e-01 1.028837010827391915e-02
-2.223354873306691293e-01 3.228660952769716458e-02
-2.180762795337651827e-01 5.397245942698043752e-02
-2.117081304786139206e-01 7.513651773662052835e-02
-2.032920066173928841e-01 9.557429910760883995e-02
-1.929086425416729478e-01 1.150882034245694768e-01
-1.806577839033582933e-01 1.334894212234813415e-01
-1.666572471933648880e-01 1.505997577415569832e-01
-1.510418049397617424e-01 1.662533580409323308e-01
-1.339618957191249515e-01 1.802983219277453364e-01
-1.155822011395678667e-01 1.925981723600788675e-01
-9.608008804069261000e-02 2.030331843301424466e-01
-7.564390385908881242e-02 2.115015663954350200e-01
-5.447117282591892179e-02 2.179204643472582859e-01
-3.276670057187249657e-02 2.222267844242533097e-01
-1.074060509028416412e-02 2.243778276987783982e-01
1.139370722031418127e-02 2.243517290387969099e-01
3.342160111666248740e-02 2.221476958944687830e-01
5.512928794136359029e-02 2.177860440604880710e-01
7.630589696191404647e-02 2.113080295047031210e-01
9.674552261814521603e-02 2.027754773118423115e-01
1.162492278311657162e-01 1.922702107498377999e-01
1.346269838718067713e-01 1.798932854069348608e-01
1.516995278216170806e-01 1.657640352516570603e-01
1.673001193805591369e-01 1.500189393157365381e-01
1.812761796775298750e-01 1.328103194741079851e-01
1.934907958149917895e-01 1.143048814782113287e-01
2.038240761181723815e-01 9.468211297235404333e-02
2.121743424518857946e-01 7.413255367133933516e-02
2.184591475012701289e-01 5.285595418591168548e-02
2.226161065730529187e-01 3.105934113721363007e-02
2.246035352457354806e-01 8.955007189519113148e-03
2.244008860637410341e-01 -1.324155455913424845e-02
2.220089794140620021e-01 -3.531375176506725000e-02
2.174500203714518631e-01 -5.704602129786880832e-02
2.107674115525615399e-01 -7.822592535513972489e-02
2.020253661327228167e-01 -9.864622339612734436e-02
1.913083050124959605e-01 -1.181069225326105837e-01
1.787200569883078960e-01 -1.364172478704804292e-01
1.643828666107804426e-01 -1.533975261613554908e-01
1.484362189869387061e-01 -1.688809639473430602e-01
1.310354926317011948e-01 -1.827153023579523028e-01
1.123504532214096574e-01 -1.947643318766588971e-01
9.256360272994715310e-02 -2.049092517257700419e-01
7.186839991863183674e-02 -2.130498600098618134e-01
5.046736948799800115e-02 -2.191055623956255916e-01
2.857011836902817112e-02 -2.230161888735879283e-01
6.391278620398025724e-03 -2.247426100281135486e-01
-1.585160280459476170e-02 -2.242671462179915698e-01
-3.794020656144735798e-02 -2.215937651207374459e-01
-5.965759444038564591e-02 -2.167480651990822405e-01
-8.079035249241689476e-02 -2.097770447865614507e-01
-1.011307023744874994e-01 -2.007486586392190631e-01
-1.204785597910870976e-01 -1.897511659401157624e-01
-1.386435193831663804e-01 -1.768922758504284376e-01
-1.554467461003291306e-01 -1.622980987539596465e-01
-1.707227539826680629e-01 -1.461119133191641495e-01
-1.843210543661813194e-01 -1.284927613833405646e-01
-1.961076567996925812e-01 -1.096138844279301999e-01
-2.059664099356407485e-01 -8.966100320423218972e-02
-2.138001550723206412e-01 -6.883049795999113263e-02
-2.195317005560518953e-01 -4.732748368560887181e-02
-2.231046034819707535e-01 -2.536376797915700088e-02
-2.244837398104213289e-01 -3.155753380611508313e-03
-2.236556623407296718e-01 1.907770777929062786e-02
-2.206287427056649042e-01 4.111748452944895271e-02
-2.154330957322263262e-01 6.274634262561512577e-02
-2.081202867176769611e-01 8.375110227801309259e-02
-1.987628243719193055e-01 1.039247565329137479e-01
-1.874534443552072771e-01 1.230685289747796007e-01
-1.743041904704012990e-01 1.409938500083303403e-01
-1.594453026297621423e-01 1.575242317860768571e-01
-1.430239226861714508e-01 1.724970228587934251e-01
-1.252026310767451744e-01 1.857650248341392585e-01
-1.061578289537994657e-01 1.971979547194540883e-01
-8.607798205539987646e-02 2.066837381845002819e-01
-6.516174397884727520e-02 2.141296206922671808e-01
-4.361597775100180957e-02 2.194630852933724952e-01
-2.165369562602226933e-02 2.226325678429333654e-01
5.080621268930533450e-04 2.236079624574224545e-01
2.265038806467026614e-02 2.223809121618662288e-01
4.455468626060995335e-02 2.189648818622939308e-01
6.600484688933438981e-02 2.133950129915366534e-01
8.678939480303504705e-02 2.057277613954531792e-01
1.067035994386845987e-01 1.960403117751850499e-01
1.255514931923564503e-01 1.844298022454952946e-01
1.431478070241323508e-01 1.710123567523602617e-01
1.593198161120999157e-01 1.559219068451164758e-01
1.739090474866652192e-01 1.393088446197074393e-01
1.867728435914215723e-01 1.213385123083689371e-01
1.977857661861415761e-01 1.021895438912372722e-01
2.068408266477033963e-01 8.205207558718792538e-02
2.138505305048933325e-01 6.112584338796343136e-02
2.187477259450908429e-01 3.961818691816108157e-02
2.214862480346676543e-01 1.774197982257350037e-02
2.220413524790193216e-01 -4.286492407648586148e-03
2.204099348908436229e-01 -2.624968576382374907e-02
2.166105337145024512e-01 -4.793096052249828237e-02
2.106831171472836883e-01 -6.911673178869778833e-02
2.026886565826015452e-01 -8.959858621582514338e-02
1.927084912526021432e-01 -1.091753437276859334e-01
1.808434908462426827e-01 -1.276550436721944348e-01
1.672130249027507232e-01 -1.448568356482120845e-01
1.519537497085726718e-01 -1.606127562577128465e-01
1.352182252389823314e-01 -1.747693742337420864e-01
1.171733763652220706e-01 -1.871892877677112654e-01
9.799881407791745380e-02 -1.977524593923386254e-01
7.788503384209659319e-02 -2.063573754525205584e-01
5.703150938545726439e-02 -2.129220189979090794e-01
3.564469018427725983e-02 -2.173846424846729020e-01
1.393595820962764166e-02 -2.197043413659229005e-01
-7.880462266125024332e-03 -2.198614271838905954e-01
-2.958964118013585401e-02 -2.178575802464575994e-01
-5.097806964590980566e-02 -2.137157917562883813e-01
-7.183576795368087908e-02 -2.074800946911016242e-01
-9.195835367292012896e-02 -1.992150866992613012e-01
-1.111490493958508935e-01 -1.890052503430176833e-01
-1.292206103344278878e-01 -1.769540780274555802e-01
-1.459971528527971296e-01 -1.631830108767941545e-01
-1.613158660728574723e-01 -1.478302026421215165e-01
-1.750285899203330442e-01 -1.310491214276465199e-01
-1.870032443692384583e-01 -1.130070035899557873e-01
-1.971250961790817768e-01 -9.388317558180130085e-02
-2.052978510854487071e-01 -7.386726076481364700e-02
-2.114445611834143701e-01 -5.315728929292081600e-02
-2.155083391155238060e-01 -3.195773006013325618e-02
-2.174528726227321074e-01 -1.047746440509151472e-02
-2.172627350182071704e-01 1.107227823533286047e-02
-2.149434891798271685e-01 3.248000223401000669e-02
-2.105215847070188717e-01 5.353602466110022468e-02
-2.040440499308047995e-01 7.403453068095328105e-02
-1.955779824826002766e-01 9.377558530156705763e-02
-1.852098440972032301e-01 1.125670818306488685e-01
-1.730445672295667647e-01 1.302266080943730586e-01
-1.592044749939779680e-01 1.465832133878960108e-01
-1.438280493310138963e-01 1.614790526001374238e-01
-1.270685448454962618e-01 1.747709026515922581e-01
-1.090924456014644994e-01 1.863315335149411389e-01
-9.007780422214066440e-02 1.960509160767306136e-01
-7.021247237914024497e-02 2.038372582968847324e-01
-4.969224034184297617e-02 2.096178601009774101e-01
-2.871890407536492260e-02 2.133397792503499701e-01
-7.498279008818629042e-03 2.149703023118931799e-01
1.376181996084299523e-02 2.144972167742121294e-01
3.485361241314475361e-02 2.119288823110998254e-01
5.557138042344057782e-02 2.072941011571571290e-01
7.571347092042682303e-02 2.006417895149392172e-01
9.508425297192787951e-02 1.920404538397803840e-01
1.134960111027596558e-01 1.815774777286379982e-01
1.307707564429141933e-01 1.693582269552255104e-01
1.467419383712199599e-01 1.555049819279490930e-01
1.612560403498861372e-01 1.401557084836718148e-01
1.741740448282786680e-01 1.234626794540795158e-01
1.853727534176191627e-01 1.055909608383505116e-01
1.947459499885303424e-01 8.671677767319395380e-02
2.022053959058770500e-01 6.702577579765162108e-02
2.076816482747993742e-01 4.671119665606471988e-02
2.111246938115459160e-01 2.597198305984446329e-02
2.125043927558021573e-01 5.010834430538722330e-03
2.118107280584639041e-01 -1.596777227576519007e-02
2.090538604371170450e-01 -3.675956799757141430e-02
2.042639889363685457e-01 -5.716247095096639586e-02
1.974910158867731746e-01 -7.697854557264263708e-02
1.888040225704604169e-01 -9.601591373011168773e-02
1.782905606102251350e-01 -1.140906028708366521e-01
1.660557664090838159e-01 -1.310283134692819262e-01
1.522213076414813682e-01 -1.466660889604571583e-01
1.369241723795711629e-01 -1.608538723351402855e-01
1.203153129135730581e-01 -1.734559347056874035e-01
1.025581576810337264e-01 -1.843521624211420795e-01
8.382700594311566500e-02 -1.934391907034579972e-01
6.430532092610086181e-02 -2.006313732790592219e-01
4.418393807371227139e-02 -2.058615790776332499e-01
2.365920582208676584e-02 -2.090818087474717868e-01
2.931076907564941075e-03 -2.102636254777826008e-01
-1.779883135662598675e-02 -2.093983964062799963e-01
-3.832918914897458923e-02 -2.064973427082988922e-01
-5.846089979583515145e-02 -2.015913982944938510e-01
-7.799902036342118428e-02 -1.947308788707191596e-01
-9.675463881643779629e-02 -1.859849649186706699e-01
-1.145466898298384273e-01 -1.754410039222529250e-01
-1.312036919643899679e-01 -1.632036388764921686e-01
-1.465653897029823294e-01 -1.493937717568328827e-01
-1.604842847852256393e-01 -1.341473721815576725e-01
-1.728270488829947715e-01 -1.176141433120201918e-01
-1.834757854272195399e-01 -9.995605414879411843e-02
-1.923291393345551992e-01 -8.134575992488064788e-02
-1.993032596091541264e-01 -6.196492300846215273e-02
-2.043325861262103305e-01 -4.200244789275527080e-02
-2.073704594494123754e-01 -2.165264895521473026e-02
-2.083895481022386698e-01 -1.113368621603330654e-03
-2.073820894589875896e-01 1.941593598474263341e-02
-2.043599422006264488e-01 3.973611955489324971e-02
-1.993544500762305105e-01 5.965026981437448333e-02
-1.924161185066731450e-01 7.896560507317813837e-02
-1.836141073459409412e-01 9.749532997638780951e-02
-1.730355448604405932e-01 1.150604317453432918e-01
-1.607846696820814936e-01 1.314913997854469385e-01
-1.469818091205437327e-01 1.466298522842383600e-01
-1.317622037686005110e-01 1.603300543248936949e-01
-1.152746897877234555e-01 1.724603130869745982e-01
-9.768025160551342678e-02 1.829042368884831737e-01
-7.915045897949514464e-02 1.915618461296605957e-01
-5.986580347208521335e-02 1.983505256174255549e-01
-4.001395032871357671e-02 2.032058092663471538e-01
-1.978792254654321639e-02 2.060819897731051842e-01
6.157654424178983206e-04 2.069525475320247443e-01
2.099900657872828466e-02 2.058103947833506142e-01
4.116401427668332086e-02 2.026679327471740677e-01
6.091524313461602058e-02 1.975569284377854951e-01
8.006126755142441154e-02 1.905281857805727896e-01
9.841661322401645817e-02 1.816510405709657883e-01
1.158035548699242745e-01 1.710126924223095979e-01
1.320538291701953415e-01 1.587173556619934367e-01
1.470102561971318167e-01 1.448852467496302143e-01
1.605282538033599438e-01 1.296514179388343346e-01
1.724772304681099488e-01 1.131644483704486864e-01
1.827418432535537485e-01 9.558500514561382722e-02
1.912231088075478647e-01 7.708428816943063699e-02
1.978393567480193349e-01 5.784237366813662490e-02
2.025270162648761529e-01 3.804647225388806814e-02
2.052412283634918178e-01 1.788911823279701677e-02
2.059562778351974321e-01 -2.433692484412646167e-03
2.046658407590227491e-01 -2.272439801053346628e-02
2.013830450987198206e-01 -4.278578146019107464e-02
1.961403437437586050e-01 -6.242287893198854298e-02
1.889892011353346002e-01 -8.144486616480549335e-02
1.799995964018316352e-01 -9.966690572924014058e-02
1.692593476858079427e-01 -1.169119369787350871e-01
1.568732640594335537e-01 -1.330123915180368432e-01
1.429621330813984348e-01 -1.478118176442915210e-01
1.276615536299492148e-01 -1.611663980724774015e-01
1.111206251386770427e-01 -1.729463462637595150e-01
9.350050574949014814e-02 -1.830371678234987143e-01
7.497284064700385220e-02 -1.913407895515890078e-01
5.571810624721808963e-02 -1.977764949033536668e-01
3.592387989091742895e-02 -2.022816991564882760e-01
1.578301379555846831e-02 -2.048125805627545593e-01
-4.508234402323637799e-03 -2.053445132118739969e-01
-2.475210539862232953e-02 -2.038723143719371744e-01
-4.475125793069956864e-02 -2.004103037185877567e-01
-6.431068592630566350e-02 -1.949921736700905572e-01
-8.323961457022759081e-02 -1.876706718610750280e-01
-1.013533569388495453e-01 -1.785170985975123581e-01
-1.184751132017774350e-01 -1.676206239221966210e-01
-1.344376949121152409e-01 -1.550874306660119384e-01
-1.490851575978726640e-01 -1.410396915494683545e-01
-1.622743257209836865e-01 -1.256143900148258552e-01
-1.738761950797264866e-01 -1.089619959957626033e-01
-1.837771988854570437e-01 -9.124500925416853536e-02
-1.918803250352704159e-01 -7.263638421858262251e-02
-1.981060735163767683e-01 -5.331785143257646020e-02
-2.023932444025481059e-01 -3.347815175309972607e-02
-2.046995485238491397e-01 -1.331120031746412836e-02
-2.050020345924467025e-01 6.985801985614510830e-03
-2.032973283337793091e-01 2.721429125786597666e-02
-1.996016809871435371e-01 4.717627889102857242e-02
-1.939508263852997849e-01 6.667628657608894172e-02
-1.863996476812051495e-01 8.552325916331464384e-02
-1.770216472577656464e-01 1.035324568444507681e-01
-1.659082435634020303e-01 1.205272430736788331e-01
-1.531679070910646756e-01 1.363408004065572166e-01
-1.389251089371837389e-01 1.508177943846639446e-01
-1.233191160211738330e-01 1.638159055417436061e-01
-1.065026397953259263e-01 1.752072360403767182e-01
-8.864035139043138778e-02 1.848795769333354544e-01
-6.990727748222938520e-02 1.927375233707477320e-01
-5.048709236844738796e-02 1.987034265291631185e-01
-3.057032280411669037e-02 2.027181726083333857e-01
-1.035248304217947259e-02 2.047417809116494625e-01
9.967841742286417950e-03 2.047538147801966912e-01
3.019094490989413654e-02 2.027536009718705901e-01
5.011796158872865170e-02 1.987602549483792613e-01
6.955282638493451297e-02 1.928125114359961756e-01
8.830420627901652830e-02 1.849683615419732141e-01
1.061873896070524292e-01 1.753044996190346871e-01
1.230261124075444912e-01 1.639155849558875944e-01
1.386543039823431578e-01 1.509133252143480541e-01
1.529177342694302277e-01 1.364253903143841096e-01
1.656755465496011492e-01 1.205941671693233630e-01
1.768016601000302335e-01 1.035753672776301565e-01
1.861860286554776478e-01 8.553650066821610887e-02
1.937357419305283934e-01 6.665523105836862472e-02
1.993759589805894350e-01 4.711762830249272005e-02
2.030506595560108429e-01 2.711631435278687163e-02
2.047232088361564950e-01 6.848586254632882744e-03
2.043767459838066736e-01 -1.348551134757438111e-02
2.020143680204050940e-01 -3.368518677114545889e-02
1.976591152467241930e-01 -5.355089040758583691e-02
1.913537585051276468e-01 -7.288629399226584371e-02
1.831603900425588516e-01 -9.150024028492867445e-02
1.731598217033845089e-01 -1.092086436609309708e-01
1.614507961201892272e-01 -1.258363225559366028e-01
1.481490184595356530e-01 -1.412187453427607986e-01
1.333860180987258837e-01 -1.552036720432908579e-01
1.173078513397451395e-01 -1.676526752828117472e-01
1.000736578905069007e-01 -1.784425250692713572e-01
8.185408534373581069e-02 -1.874664233150153403e-01
6.282959724456203821e-02 -1.946350755003605770e-01
4.318868154485381444e-02 -1.998775884923814083e-01
2.312597728241721357e-02 -2.031421852626638380e-01
2.840338184918168862e-03 -2.043967290769431178e-01
-1.746714742735840792e-02 -2.036290516398136241e-01
-3.759516058690081514e-02 -2.008470816491509658e-01
-5.734415934149782873e-02 -1.960787722277385625e-01
-7.651836992954143268e-02 -1.893718277334383027e-01
-9.492774139661969146e-02 -1.807932324827905002e-01
-1.123898439199362276e-01 -1.704285859358517785e-01
-1.287316916477641016e-01 -1.583812508610442094e-01
-1.437914716599640319e-01 -1.447713060628600390e-01
-1.574201535056414247e-01 -1.297343653473984892e-01
-1.694829832098875000e-01 -1.134202407270210877e-01
-1.798608341987739667e-01 -9.599142782077749181e-02
-1.884513976068545593e-01 -7.762147997969957858e-02
-1.951702037104115495e-01 -5.849327097683321847e-02
-1.999514640702330370e-01 -3.879716379160323692e-02
-2.027487257884346417e-01 -1.872910399127093728e-02
-2.035353311952713129e-01 1.511343003780023448e-03
-2.023046782649398079e-01 2.172299089788203366e-02
-1.990702790933823463e-01 4.170504748656786442e-02
-1.938656158344309599e-01 6.125912518466328921e-02
-1.867437955622040235e-01 8.019122672715373046e-02
-1.777770075855100718e-01 9.831368590319315703e-02
-1.670557887626659688e-01 1.154470436415281770e-01
-1.546881043312581805e-01 1.314218404274108687e-01
-1.407982536562846776e-01 1.460803068900679291e-01
-1.255256120916803664e-01 1.592779354469953668e-01
-1.090232218260201030e-01 1.708849171162967195e-01
-9.145624612536179532e-02 1.807874289975142379e-01
-7.300030277851379812e-02 1.888887594607459308e-01
-5.383969377760577935e-02 1.951102597571888753e-01
-3.416554931680131774e-02 1.993921125534589001e-01
-1.417390505391318868e-02 2.016939097788603974e-01
5.936267756028256772e-03 2.019950341389674109e-01
2.596506055757385328e-02 2.002948311041229112e-01
4.571362516904363404e-02 1.966125987471910308e-01
6.498616515076278966e-02 1.909873772891132193e-01
8.359189593665081186e-02 1.834775203237821728e-01
1.013469477400665980e-01 1.741600812926531183e-01
1.180761955851672151e-01 1.631300126041118070e-01
1.336149980207156363e-01 1.504991858844793307e-01
1.478108270492973497e-01 1.363952436637226873e-01
1.605247729596048223e-01 1.209602945038384392e-01
1.716329090706436578e-01 1.043494651540572138e-01
1.810275028703083322e-01 8.672932474771416489e-02
1.886180616402174659e-01 6.827619732621786897e-02
1.943322023867256609e-01 4.917438007350648232e-02
1.981163377260006520e-01 2.961428555848693092e-02
1.999361712796375312e-01 9.790527004162623628e-03
1.997769981056023436e-01 -1.010003387626229321e-02
1.976438076965989499e-01 -2.986025661857977936e-02
1.935611891026941533e-01 -4.929468935371519867e-02
1.875730397562404284e-01 -6.821151388895492496e-02
1.797420815734593613e-01 -8.642444895343200095e-02
1.701491898576884265e-01 -1.037545925389392193e-01
1.588925424137616615e-01 -1.200321849637402821e-01
1.460865980818223664e-01 -1.350982751693022010e-01
1.318609155945651146e-01 -1.488062738180980504e-01
1.163588252364781556e-01 -1.610233779826465150e-01
9.973596823575570092e-02 -1.716318518156520201e-01
8.215871711022533497e-02 -1.805301573472118115e-01
6.380249213480182480e-02 -1.876339184338892130e-01
4.484999577575640023e-02 -1.928767067995700302e-01
2.548938028993490146e-02 -1.962106487250561693e-01
5.912367560419915305e-03 -1.976068449763536128e-01
-1.368765982054385294e-02 -1.970556005825818968e-01
-3.311757702317460333e-02 -1.945664630079019519e-01
-5.218642581699327321e-02 -1.901680691972104931e-01
-7.070729478715534477e-02 -1.839078038928980696e-01
-8.849915233972781292e-02 -1.758512734999919946e-01
-1.053886144859217527e-01 -1.660816016001627760e-01
-1.212116301534747059e-01 -1.546985539634984363e-01
-1.358150677000434514e-01 -1.418175025633758302e-01
-1.490581873880206243e-01 -1.275682396480372627e-01
-1.608139858094062014e-01 -1.120936543476856728e-01
-1.709703996096278156e-01 -9.554828558510837511e-02
-1.794313573353459590e-01 -7.809676619884677040e-02
-1.861176698073650770e-01 -5.991217417071695306e-02
-1.909677510788442834e-01 -4.117430766642100198e-02
-1.939381637635878564e-01 -2.206790124181989832e-02
-1.950039842910543386e-01 -2.780801033353452658e-03
-1.941589854453561470e-01 1.649788296296742646e-02
-1.914156353577312897e-01 3.557962931487583524e-02
-1.868049139266389769e-01 5.427834414634333943e-02
-1.803759554645472385e-01 7.241217286901938111e-02
-1.721955021933196939e-01 8.980525829491040057e-02
-1.623471902006601297e-01 1.062894276773994201e-01
-1.509306869101015858e-01 1.217058064820534247e-01
-1.380606698558308199e-01 1.359063327657399345e-01
-1.238656640960278804e-01 1.487551604873289801e-01
-1.084867502476278001e-01 1.601299387669317120e-01
-9.207615629025228676e-02 1.699229553946809690e-01
-7.479574731539566368e-02 1.780421342748817193e-01
-5.681542828040761495e-02 1.844118779626759685e-01
-3.831147555820835909e-02 1.889737479933485120e-01
-1.946481364803348199e-02 1.916869773029127588e-01
-4.592538267124396238e-04 1.925288106769543484e-01
1.852028822822888998e-02 1.914946708272243781e-01
3.728957872399359802e-02 1.885981493662791386e-01
5.566683889996865142e-02 1.838708236133038132e-01
7.347448822309982086e-02 1.773619018043326723e-01
9.054084120473472608e-02 1.691377008819116845e-01
1.067017419499794728e-01 1.592809625885902025e-01
1.218021212312692669e-01 1.478900150725510620e-01
1.356974616940024025e-01 1.350777886186047827e-01
1.482551577446481195e-01 1.209706954315634270e-01
1.593557577302781025e-01 1.057073846113936871e-01
1.688940771833475907e-01 8.943738456072596044e-02
1.767801731643928731e-01 7.231964604574082911e-02
1.829401826490383576e-01 5.452099332250148755e-02
1.873169798708702871e-01 3.621451249838486541e-02
1.898706763895748606e-01 1.757789421143900535e-02
1.905789807759745436e-01 -1.208276887835990588e-03
1.894373782768690728e-01 -1.996225207223491574e-02
1.864591419400056238e-01 -3.850285547985435319e-02
1.816751755876496732e-01 -5.665121183087950402e-02
1.751336905663783416e-01 -7.423244883393287363e-02
1.668997197149898193e-01 -9.107735848571346660e-02
1.570544734688805733e-01 -1.070240018959422446e-01
1.456945444452651117e-01 -1.219192428331409422e-01
1.329309682171352647e-01 -1.356201958792030426e-01
1.188881492742057816e-01 -1.479955758952223310e-01
1.037026623755789578e-01 -1.589269364306807597e-01
8.752194061096792155e-02 -1.683097857446095302e-01
7.050286249681607387e-02 -1.760545702406111079e-01
5.281025133210513062e-02 -1.820875163385817230e-01
3.461530081866671937e-02 -1.863513231034680806e-01
1.609394160633811563e-02 -1.888056993144046347e-01
-2.574836050893545506e-03 -1.894277400751913643e-01
-2.121068795004269272e-02 -1.882121395266482533e-01
-3.963363407372540170e-02 -1.851712377104324514e-01
-5.766577325712606700e-02 -1.803349011402927971e-01
-7.513297846594516050e-02 -1.737502381482694813e-01
-9.186655693012461821e-02 -1.654811515762251162e-01
-1.077048751245098662e-01 -1.556077264304460139e-01
-1.224948839851890681e-01 -1.442254699883824542e-01
-1.360935671162086524e-01 -1.314444177965735372e-01
-1.483693275848413651e-01 -1.173880882682659388e-01
-1.592032517349265264e-01 -1.021923115646327512e-01
-1.684902544656841916e-01 -8.600394071656694561e-02
-1.761400950676920985e-01 -6.897945680062074481e-02
-1.820782538625381475e-01 -5.128348098785481118e-02
-1.862466611399609395e-01 -3.308720717968949981e-02
-1.886042712158452483e-01 -1.456676972168720156e-02
-1.891274758354364594e-01 4.098438663590741639e-03
-1.878103526064306417e-01 2.272748306604681703e-02
-1.846647456544749100e-01 4.113962066164902204e-02
-1.797201772364279970e-01 5.915603679561511064e-02
-1.730235906105292154e-01 7.660156651117432103e-02
-1.646389260342827343e-01 9.330638521843205579e-02
-1.546465333263478958e-01 1.091076524062728620e-01
-1.431424259736979732e-01 1.238510926577063298e-01
-1.302373832759678163e-01 1.373924987339374126e-01
-1.160559084812613495e-01 1.495991421423624179e-01
-1.007350522676983967e-01 1.603510773938829903e-01
-8.442311224891335675e-02 1.695423270796857784e-01
-6.727822041722525404e-02 1.770819359500432622e-01
-4.946683157220238547e-02 1.828948833503632465e-01
-3.116212680291605142e-02 1.869228446520428966e-01
-1.254233051199958246e-02 1.891247887871133904e-01
6.210991124953024398e-03 1.894774122922293080e-01
2.491467170025330261e-02 1.879754156240913410e-01
4.338574166444384567e-02 1.846315953272487653e-01
6.144321234639835844e-02 1.794767616514899300e-01
7.890984673271006500e-02 1.725594805548432420e-01
9.561389972869835385e-02 1.639456417557725032e-01
1.113908108032027749e-01 1.537178561995372894e-01
1.260848322673631394e-01 1.419746879885308288e-01
1.395505769524748307e-01 1.288297274777704393e-01
1.516544697311176249e-01 1.144105138375803576e-01
1.622760881637793362e-01 9.885731691965675416e-02
1.713093785442395822e-01 8.232178971475649643e-02
1.786637347535901810e-01 6.496550404394038636e-02
1.842649286047604584e-01 4.695838336535177598e-02
1.880558817559569995e-01 2.847704769231457558e-02
1.899972707799668370e-01 9.703086592248165096e-03
1.900679585826507978e-01 -9.178722941599104512e-03
1.882652470532923394e-01 -2.798223629242659050e-02
1.846049475855327526e-01 -4.652178075227414444e-02
1.791212679131869989e-01 -6.461399652709179375e-02
1.718665155418811485e-01 -8.207966082605767932e-02
1.629106199071520544e-01 -9.874547670135375155e-02
1.523404772333034063e-01 -1.144458085473583353e-01
1.402591238849731914e-01 -1.290243465976582404e-01
1.267847308608965606e-01 -1.423356795032471589e-01
1.120494757393270813e-01 -1.542467632030962155e-01
9.619826926060273675e-02 -1.646382818160146977e-01
7.938731938269778798e-02 -1.734058665993163662e-01
6.178259314079611458e-02 -1.804611686004268800e-01
4.355817605110419433e-02 -1.857327732106186791e-01
2.489454531433819839e-02 -1.891669467339830712e-01
5.976774043483209890e-03 -1.907282067598231601e-01
-1.300731546391408269e-02 -1.903997098990710124e-01
-3.186903077647532112e-02 -1.881834522966276124e-01
-5.042070164997139448e-02 -1.841002802425050211e-01
-6.847756634266607967e-02 -1.781897101551440377e-01
-8.585963262737052182e-02 -1.705095591804367261e-01
-1.023934943844767714e-01 -1.611353896181175749e-01
-1.179140850448969768e-01 -1.501597723315535871e-01
-1.322663497364359453e-01 -1.376913761975225858e-01
-1.453068187667700684e-01 -1.238538924875119268e-01
-1.569050660434959388e-01 -1.087848048214540425e-01
-1.669450371774298669e-01 -9.263401697925460754e-02
-1.753262333280048990e-01 -7.556235237619982059e-02
-1.819647383160342413e-01 -5.773994038838962950e-02
-1.867940781336075717e-01 -3.934450593761721487e-02
-1.897659037068398780e-01 -2.055957979812955694e-02
-1.908504895967648440e-01 -1.572647957392218389e-03
-1.900370432360791173e-01 1.742674096046040177e-02
-1.873338091610589617e-01 3.624888632834612906e-02
-1.827680056255980012e-01 5.470585179725131336e-02
-1.763855653517433786e-01 7.261337413982323075e-02
-1.682506599157434501e-01 8.979272603540690290e-02
-1.584450504880379751e-01 1.060725242323932865e-01
-1.470672588006953496e-01 1.212904628838503834e-01
-1.342315668765565739e-01 1.352949541028856673e-01
-1.200668558588554313e-01 1.479466587528360244e-01
-1.047152959746331657e-01 1.591198916392319307e-01
-8.833090123096491719e-02 1.687038865925878928e-01
-7.107796386242944131e-02 1.766039084090622047e-01
-5.312938480624515569e-02 1.827422002332846074e-01
-3.466491756422928477e-02 1.870587567070103596e-01
-1.586934370581231588e-02 1.895119150491803850e-01
3.069401035693346963e-03 1.900787581565347995e-01
2.196213062760803830e-02 1.887553257988294486e-01
4.062032283311366176e-02 1.855566320061120267e-01
5.885802373518556063e-02 1.805164887854227851e-01
7.649372302778406629e-02 1.736871383382824208e-01
9.335218076371670781e-02 1.651386979559310020e-01
1.092661868056810370e-01 1.549584237247749741e-01
1.240782349830144154e-01 1.432498010580173231e-01
1.376420949025309592e-01 1.301314718612426036e-01
1.498242654871986823e-01 1.157360098200585358e-01
1.605052956068363790e-01 1.002085568486898587e-01
1.695809488337006454e-01 8.370534154785476411e-02
1.769632332865438695e-01 6.639208081632448633e-02
1.825812600899232585e-01 4.844228146267708784e-02
1.863819055854124829e-01 3.003548097316828536e-02
1.883303023482114369e-01 1.135542841101374115e-02
1.884101437550446123e-01 -7.411771727369175465e-03
1.866237997233882728e-01 -2.607953355205756829e-02
1.829922432142643274e-01 -4.446266247900195617e-02
1.775547890548578867e-01 -6.237920746790119597e-02
1.703686485715395771e-01 -7.965227399346234971e-02
1.615083054079375635e-01 -9.611177945713618442e-02
1.510647197167960254e-01 -1.115961334470629979e-01
1.391443696396698071e-01 -1.259538261343898791e-01
1.258681406069303010e-01 -1.390449091429996342e-01
1.113700744857778063e-01 -1.507423544338367394e-01
9.579599196167030983e-02 -1.609332780906095606e-01
7.930200274527483828e-02 -1.695200173642177344e-01
6.205291924161375483e-02 -1.764210509120881787e-01
4.422059019130923641e-02 -1.815717538377508988e-01
2.598217148852308839e-02 -1.849249808766695591e-01
7.518351890555637421e-03 -1.864514728677593991e-01
-1.098844834272473883e-02 -1.861400834758516198e-01
-2.935588770610426598e-02 -1.839978249697055146e-01
-4.740350448206644141e-02 -1.800497336935244219e-01
-6.495449066525699200e-02 -1.743385576775201284e-01
-8.183741221550586142e-02 -1.669242793740370601e-01
-9.788789032389709488e-02 -1.578834572788842816e-01
-1.129501996565475258e-01 -1.473083998158443708e-01
-1.268787547824399842e-01 -1.353062064374228324e-01
-1.395395003573877968e-01 -1.219976616663469293e-01
-1.508111813137776036e-01 -1.075160003587289498e-01
-1.605864813751232967e-01 -9.200555715917584088e-02
-1.687730196128313376e-01 -7.562031414409607633e-02
-1.752941962465174863e-01 -5.852236152472587577e-02
-1.800898804421059984e-01 -4.088028699975728569e-02
-1.831169344675352972e-01 -2.286750990402940803e-02
-1.843495702073328080e-01 -4.660576692084291393e-03
-1.837795356980068684e-01 1.356256547820735951e-02
-1.814161310093226620e-01 3.162430023563976567e-02
-1.772860544457671994e-01 4.934906183494162935e-02
-1.714330816625539433e-01 6.656502688268683965e-02
-1.639175818657898354e-01 8.310576190298100963e-02
-1.548158767826954829e-01 9.881181125966101431e-02
-1.442194495316985736e-01 1.135322106551346355e-01
-1.322340118816635601e-01 1.271259122601912372e-01
-1.189784396525025850e-01 1.394631084846131852e-01
-1.045835871659913513e-01 1.504264424633948438e-01
-8.919099269747177150e-02 1.599120944966459790e-01
-7.295148779743318435e-02 1.678307349307044394e-01
-5.602372414154055402e-02 1.741083352897047631e-01
-3.857264249485296143e-02 1.786868408383472384e-01
-2.076786295412198086e-02 1.815246737564546742e-01
-2.782043330966205933e-03 1.825970702603580686e-01
1.521076373268284362e-02 1.818962782671467993e-01
3.303677293911610330e-02 1.794315864201866118e-01
5.052412011776994533e-02 1.752291924665194678e-01
6.750449231801110284e-02 1.693319129802588197e-01
8.381471923047026373e-02 1.617987378527161457e-01
9.929831140191901218e-02 1.527042343528839385e-01
1.138069312780852771e-01 1.421378068899830094e-01
1.272017837952708064e-01 1.302028198726156438e-01
1.393549140376508511e-01 1.170155922473102572e-01
1.501504003749124516e-01 1.027042734036700822e-01
1.594854324858127059e-01 8.740761114608523730e-02
1.672712647481537362e-01 7.127362334571753222e-02
1.734340366253635524e-01 5.445818569471767151e-02
1.779154528939755342e-01 3.712354868216431042e-02
1.806733178244868954e-01 1.943679749323961106e-02
1.816819187400997571e-01 1.568268996146523174e-03
1.809322557231669293e-01 -1.631005967754157321e-02
1.784321156064415381e-01 -3.402619623653641706e-02
1.742059897646951461e-01 -5.140975720261967835e-02
1.682948366017244513e-01 -6.829357597034713123e-02
1.607556909963458180e-01 -8.451528032896525600e-02
1.516611243188940306e-01 -9.991882510124383554e-02
1.410985724370433514e-01 -1.143559748074155780e-01
1.291694960151151539e-01 -1.276877017967728845e-01
1.159884153605760249e-01 -1.397854898742248164e-01
1.016818489501214451e-01 -1.505325592796140644e-01
8.638712526198077946e-02 -1.598249774963162173e-01
7.025109274010592209e-02 -1.675726515229681024e-01
5.342873949756516555e-02 -1.737001923648355539e-01
3.608173519586591049e-02 -1.781476436096050275e-01
1.837690826415858472e-02 -1.808710671343631560e-01
4.846722411969194900e-04 -1.818429802371414605e-01
-1.742258447272650168e-02 -1.810526397882919747e-01
-3.517213078146135680e-02 -1.785061703443210912e-01
-5.259253204227901102e-02 -1.742265345489567852e-01
-6.951528113009031173e-02 -1.682533455525147548e-01
-8.577640634278628495e-02 -1.606425225996785666e-01
-1.012180412000721758e-01 -1.514657923559924735e-01
-1.156899414458993774e-01 -1.408100399530621827e-01
-1.290509349534148531e-01 -1.287765151195381375e-01
-1.411702907499703119e-01 -1.154799001175777357e-01
-1.519289940258725935e-01 -1.010472475107235951e-01
-1.612209147599332204e-01 -8.561679703642817441e-02
-1.689538584828763901e-01 -6.933668203380737027e-02
-1.750504887009589061e-01 -5.236353697313633065e-02
-1.794491116087554294e-01 -3.486101863639556181e-02
-1.821043149245068216e-01 -1.699825439884728243e-02
-1.829874683372127442e-01 1.051773204044763712e-03
-1.820870341638645695e-01 1.911388185624312425e-02
-1.794087184478376229e-01 3.701236279171146726e-02
-1.749754869885702668e-01 5.457267717453571920e-02
-1.688274003417107594e-01 7.162314710290547393e-02
-1.610212834844940433e-01 8.799662685527952222e-02
-1.516302322483062681e-01 1.035321382306816224e-01
-1.407429601985405176e-01 1.180764540319907546e-01
-1.284629912049243816e-01 1.314856140928908346e-01
-1.149077044783925888e-01 1.436263587549760634e-01
-1.002072403374320159e-01 1.543774653593743829e-01
-8.450327639289850756e-02 1.636309741234376613e-01
-6.794768519035247756e-02 1.712932907221755008e-01
-5.070108560827261274e-02 1.772861539795037855e-01
-3.293130146507323303e-02 1.815474582875454546e-01
-1.481174182397051141e-02 1.840319217032710675e-01
3.480281609672064569e-03 1.847115921093601676e-01
2.176528384005809932e-02 1.835761853575200719e-01
3.986336591166068227e-02 1.806332509237436879e-01
5.759598699839436203e-02 1.759081622812044832e-01
7.478773174813409252e-02 1.694439309208421729e-01
9.126805527062174794e-02 1.613008447058140726e-01
1.068729882259774333e-01 1.515559330162138119e-01
1.214467847194614369e-01 1.403022629057455173e-01
1.348434961364707585e-01 1.276480722352900665e-01
1.469284692031304629e-01 1.137157481529392777e-01
1.575797088954244973e-01 9.864065160434025425e-02
1.666891198332354773e-01 8.256981673683658207e-02
1.741636441168050164e-01 6.566052885290786512e-02
1.799262392072856209e-01 4.807878934859374093e-02
1.839166992081263385e-01 2.999768639465815248e-02
1.860923103132176570e-01 1.159568735147038961e-02
1.864283328258355410e-01 -6.945130165587418657e-03
1.849183038862917405e-01 -2.544089089651284039e-02
1.815741568582407151e-01 -4.370775997140837615e-02
1.764261551945752737e-01 -6.156378772788743958e-02
1.695226405147359505e-01 -7.883074247315829952e-02
1.609295965554058960e-01 -9.533591235457215818e-02
1.507300325850173539e-01 -1.109138577044989776e-01
1.390231917784021387e-01 -1.254080956275249736e-01
1.259235919096651501e-01 -1.386726991979100598e-01
1.115599075183393019e-01 -1.505737944281903828e-01
9.607370441597311295e-02 -1.609909391486574193e-01
7.961803900745464957e-02 -1.698183690931790168e-01
6.235593638490057738e-02 -1.769660978084378056e-01
4.445876249496748950e-02 -1.823608584771276298e-01
2.610450686650806623e-02 -1.859468773564230959e-01
7.475993400178665600e-03 -1.876864702642708771e-01
-1.124096244689039986e-02 -1.875604553784704920e-01
-2.985943111076751547e-02 -1.855683775287418069e-01
-4.819327388504507370e-02 -1.817285480653869911e-01
-6.605902149761369579e-02 -1.760778729886774974e-01
-8.327772327681422226e-02 -1.686714982305985433e-01
-9.967677833251793740e-02 -1.595822815212188939e-01
-1.150916936989420797e-01 -1.489000723044497099e-01
-1.293677615818011328e-01 -1.367308163289303324e-01
-1.423616381092909777e-01 -1.231954939621126843e-01
-1.539428069985609160e-01 -1.084289030586626096e-01
-1.639949127444715882e-01 -9.257829888353727443e-02
-1.724169493025289879e-01 -7.580190512652051904e-02
-1.791242917575264493e-01 -5.826731143088149933e-02
-1.840495601274642068e-01 -4.014977407869356474e-02
-1.871433062300715544e-01 -2.163043751506932635e-02
-1.883745164167283381e-01 -2.894495241393524928e-03
-1.877309249352561715e-01 1.587069074585137005e-02
-1.852191346965183505e-01 3.447749235664664819e-02
-1.808645442675423654e-01 5.273991981165934706e-02
-1.747110819733414810e-01 7.047550820355198697e-02
-1.668207500371743646e-01 8.750716657790626185e-02
-1.572729837018849164e-01 1.036649703179634979e-01
-1.461638322311465954e-01 1.187878782467986089e-01
-1.336049705665085241e-01 1.327253566909085969e-01
-1.197225521933976133e-01 1.453388937706165396e-01
-1.046559154276402448e-01 1.565033883823737093e-01
-8.855615685516365909e-02 1.661083997032264392e-01
-7.158457927768084594e-02 1.740592563971344042e-01
-5.391104875553821146e-02 1.802779751278344444e-01
-3.571227605744717315e-02 1.847040114124009202e-01
-1.717001600393244787e-02 1.872948552173299974e-01
1.530775412442082501e-03 1.880264280255760923e-01
2.020381198832458397e-02 1.868932911481554215e-01
3.866335695157769453e-02 1.839086637615904019e-01
5.672609187824150662e-02 1.791042511560634598e-01
7.421295568203654935e-02 1.725298856661104385e-01
9.095093488193160824e-02 1.642529847040586632e-01
1.067747869592896581e-01 1.543578322047758911e-01
1.215286794124010306e-01 1.429446915988998312e-01
1.350677280922805701e-01 1.301287601409418238e-01
1.472594195467648304e-01 1.160389760108680446e-01
1.579849033967846428e-01 1.008166910670865446e-01
1.671401422032770812e-01 8.461422343978833305e-02
1.746369078384286677e-01 6.759330530380812385e-02
1.804036150329987598e-01 4.992344214914606199e-02
1.843859845128536790e-01 3.178020066597777443e-02
1.865475299431111067e-01 1.334344297261489364e-02
1.868698647475787733e-01 -5.204474664270785679e-03
1.853528267434090826e-01 -2.368052024087463972e-02
1.820144204060014925e-01 -4.190280314932862821e-02
1.768905784375104095e-01 -5.969237178049436460e-02
1.700347461340559474e-01 -7.687497368963670807e-02
1.615172917762537352e-01 -9.328277487503219834e-02
1.514247499888009274e-01 -1.087559782279032550e-01
1.398589184271266106e-01 -1.231443554115320554e-01
1.269358037999091249e-01 -1.363087055373340961e-01
1.127844318913084898e-01 -1.481221839975444821e-01
9.754553527909794186e-02 -1.584715032009167968e-01
8.137013252076931435e-02 -1.672579942186389612e-01
6.441801353154190390e-02 -1.743985198279521254e-01
4.685614667064433997e-02 -1.798262309987008478e-01
2.885702367978603897e-02 -1.834911604858280032e-01
1.059695907715335096e-02 -1.853606488509459416e-01
-7.745639100629998601e-03 -1.854195999216932400e-01
-2.599201019733967527e-02 -1.836705643907070862e-01
-4.396477651470052928e-02 -1.801336519397779279e-01
-6.148965682081847933e-02 -1.748462739333298821e-01
-7.839714141602957542e-02 -1.678627203418186498e-01
-9.452411291025242246e-02 -1.592535761151394336e-01
-1.097153975389523750e-01 -1.491049837149188151e-01
-1.238252326538798881e-01 -1.375177599191838573e-01
-1.367186369598732132e-01 -1.246063763213907105e-01
-1.482726711190983093e-01 -1.104978141480059961e-01
-1.583775774964357452e-01 -9.533030510440285155e-02
-1.669377890618526372e-01 -7.925197092018813894e-02
-1.738727987845073986e-01 -6.241937509619457231e-02
-1.791178822351497946e-01 -4.499600104998635608e-02
-1.826246705956326155e-01 -2.715065885558078443e-02
-1.843615547821346179e-01 -9.055872646392175429e-03
-1.843139383055469038e-01 9.113757645529746085e-03
-1.824843350439027956e-01 2.718323333542062292e-02
-1.788922999973432959e-01 4.497881954601475746e-02
-1.735742003230361374e-01 6.232968958531152903e-02
-1.665828296320552571e-01 7.906953603830967070e-02
-1.579868699261962883e-01 9.503813388750613489e-02
-1.478702068943431591e-01 1.100828415201190041e-01
-1.363311055647435932e-01 1.240600261410302607e-01
-1.234812545120392430e-01 1.368364008815153021e-01
-1.094446879370942205e-01 1.482902617674188017e-01
-9.435659596539286431e-02 1.583126136771646209e-01
-7.836203443971170857e-02 1.668081754705478259e-01
-6.161454630835366125e-02 1.736962555949324027e-01
-4.427470742575761314e-02 1.789114906652037040e-01
-2.650861018399897420e-02 1.824044407573719440e-01
-8.486298878192868878e-03 1.841420364430011170e-01
9.619828926364948699e-03 1.841078739117949781e-01
2.763664051423834686e-02 1.823023558721945381e-01
4.539189099507479064e-02 1.787426772745054626e-01
6.271583650287095024e-02 1.734626562563588992e-01
7.944282311011555131e-02 1.665124120564654420e-01
9.541283718916347689e-02 1.579578929699093359e-01
1.104730033116289450e-01 1.478802587158397908e-01
1.244790218420675082e-01 1.363751145868481451e-01
1.372965125564610256e-01 1.235516270344441114e-01
1.488022731033972756e-01 1.095315181468126953e-01
1.588854466601337112e-01 9.444792688524923652e-02
1.674485694217928422e-01 7.844417126070246660e-02
1.744084957453920504e-01 6.167241553142748661e-02
1.796971924555716693e-01 4.429225428859285413e-02
1.832623949402196195e-01 2.646922604416831679e-02
1.850681188501536734e-01 8.373269580851661065e-03
1.850950224587564197e-01 -9.822863138264933611e-03
1.833406160260784012e-01 -2.794522327658906929e-02
1.798193158377638101e-01 -4.582029611449140588e-02
1.745623419418616262e-01 -6.327663200061894866e-02
1.676174599766004358e-01 -8.014646247360326936e-02
1.590485688588432756e-01 -9.626728682083383892e-02
1.489351374745157552e-01 -1.114834145231504564e-01
1.373714948684159887e-01 -1.256474493415269678e-01
1.244659797604977941e-01 -1.386217012333839926e-01
1.103399565076466776e-01 -1.502795128402934777e-01
9.512670587278765355e-02 -1.605064879629548580e-01
7.897020014589720138e-02 -1.692016102297504987e-01
6.202377327355693831e-02 -1.762782410662696031e-01
4.444869768440862234e-02 -1.816649870798525690e-01
2.641268043697757653e-02 -1.853064280788981055e-01
8.088292154377554541e-03 -1.871636981429611879e-01
-1.034866134171532129e-02 -1.872149106484380099e-01
-2.872079536872228223e-02 -1.854554291301024893e-01
-4.685082795828711399e-02 -1.818979791830721005e-01
-6.456327747689336038e-02 -1.765725906715495119e-01
-8.168614675952808046e-02 -1.695263773511947458e-01
-9.805258277303079140e-02 -1.608231529952618422e-01
-1.135024959635667768e-01 -1.505428865081485934e-01
-1.278841236680874349e-01 -1.387810000455440562e-01
-1.410555223442194195e-01 -1.256475156790335668e-01
-1.528859738960118564e-01 -1.112660576302341442e-01
-1.632572920424552043e-01 -9.577271854084429270e-02
-1.720650154880274119e-01 -7.931479962531887140e-02
