3.535533905932738974e-01 3.535533905932737864e-01
3.882065290640274724e-01 3.150784361253012866e-01
4.186573077412465982e-01 2.732050399890509351e-01
4.445724345838666380e-01 2.283944072935340519e-01
4.656695290931545661e-01 1.811403968986018964e-01
4.817203128370138865e-01 1.319638639555832382e-01
4.925531667141793135e-01 8.140669239979067551e-02
4.980550251199556411e-01 3.002558882292412704e-02
4.981725852948882260e-01 -2.161428802214803921e-02
4.929128185174810328e-01 -7.294578593745314199e-02
4.823427783344614861e-01 -1.234062291286992102e-01
4.665887095979597277e-01 -1.724438221205751853e-01
4.458344705888051540e-01 -2.195239116552801795e-01
4.203192888862049559e-01 -2.641350322409133922e-01
3.903348796053096592e-01 -3.057946645787097406e-01
3.562219622124309648e-01 -3.440546389779930436e-01
3.183662196806275602e-01 -3.785061202943520442e-01
2.771937500491080120e-01 -4.087841172845532722e-01
2.331660665269165156e-01 -4.345714645244343477e-01
1.867747075240699384e-01 -4.556022318635839508e-01
1.385355224531878982e-01 -4.716645235637682010e-01
8.898270276267006285e-02 -4.826026368779051667e-01
3.866263039665523982e-02 -4.883185577736759431e-01
-1.187238230286672552e-02 -4.887727796874812292e-01
-6.207038634846026581e-02 -4.839844395047199765e-01
-1.113860486609159484e-01 -4.740307732945689967e-01
-1.592867895526430821e-01 -4.590459025751483235e-01
-2.052587331640207680e-01 -4.392189699435140593e-01
-2.488124016534631888e-01 -4.147916506728244745e-01
-2.894880875605342907e-01 -3.860550742592368523e-01
-3.268608431687186622e-01 -3.533461968023248745e-01
-3.605450308281407112e-01 -3.170436714406928980e-01
-3.901983839872953386e-01 -2.775632697626437273e-01
-4.155255350474222897e-01 -2.353529121028486992e-01
-4.362809730073214931e-01 -1.908873688623571319e-01
-4.522714011183251448e-01 -1.446626984038843489e-01
-4.633574723225510894e-01 -9.719048964105084232e-02
-4.694548880031580440e-01 -4.899197913447913416e-02
-4.705348532495456926e-01 -5.921138978867859868e-04
-4.666238906854543456e-01 4.748637119399074652e-02
-4.578030208709764626e-01 9.472879095456701593e-02
-4.442063257995587100e-01 1.406341931628354580e-01
-4.260189200113842500e-01 1.847208241759078495e-01
-4.034743597215622590e-01 2.265313146084603491e-01
-3.768515270824671637e-01 2.656375274752887927e-01
-3.464710325740820718e-01 3.016450159930935127e-01
-3.126911837803519334e-01 3.341970436319159354e-01
-2.759035734039338994e-01 3.629781249186269099e-01
-2.365283432464663216e-01 3.877170518419663647e-01
-1.950091839968333129e-01 4.081893774036651212e-01
-1.518081329966565196e-01 4.242193348125193331e-01
-1.074002336719755979e-01 4.356811779351978942e-01
-6.226812102526884524e-02 4.424999358054005905e-01
-1.689659747592023656e-02 4.446515811585580735e-01
2.823273756602470708e-02 4.421626200110380656e-01
7.264674268416877745e-02 4.351091161521498663e-01
1.158858147044566911e-01 4.236151709795368814e-01
1.575087380249214353e-01 4.078508853043671945e-01
1.970972505970010058e-01 3.880298355087826168e-01
2.342602784667381643e-01 3.644061016880970616e-01
2.686377956396227007e-01 3.372708900958423239e-01
2.999042713339364896e-01 3.069487962810584225e-01
3.277716723575563873e-01 2.737937587233987280e-01
3.519919933449460747e-01 2.381847562677621433e-01
3.723592979360267341e-01 2.005213020400259394e-01
3.887112543604818726e-01 1.612187900703853094e-01
4.009301563049317285e-01 1.207037534016525832e-01
4.089434309320406635e-01 7.940908785166181372e-02
4.127236378673532768e-01 3.776929744398480754e-02
4.122879700295935534e-01 -3.784184521358890420e-03
4.076972728652419886e-01 -4.482754692352814568e-02
3.990546038924532302e-01 -8.494897570085627181e-02
3.865033594014742890e-01 -1.237528063291615105e-01
3.702249996442450453e-01 -1.608634118367305854e-01
3.504364078277499295e-01 -1.959287884862318807e-01
3.273869216648610525e-01 -2.286238058078345348e-01
3.013550791020687125e-01 -2.586530925152409899e-01
2.726451221134102432e-01 -2.857535349061883223e-01
2.415833041105116819e-01 -3.096963695689900486e-01
2.085140475650701930e-01 -3.302888575144313221e-01
1.737959988759713303e-01 -3.473755321562033704e-01
1.377980273504712805e-01 -3.608390188032752910e-01
1.008952144273218138e-01 -3.706004284371811064e-01
6.346487797662021813e-02 -3.766193334628267220e-01
2.588267470064155654e-02 -3.788933377842368388e-01
-1.148117862774294951e-02 -3.774572579130828220e-01
-4.826552707152087507e-02 -3.723819358200579632e-01
-8.412170766341657557e-02 -3.637727078458570795e-01
-1.187167540872613725e-01 -3.517675574964320706e-01
-1.517363548705526755e-01 -3.365349823167458343e-01
-1.828875366006441072e-01 -3.182716054482942480e-01
-2.119010477997105291e-01 -2.971995682881531375e-01
-2.385334345520707944e-01 -2.735637391897706716e-01
-2.625687941765470490e-01 -2.476287742759231691e-01
-2.838201996011035511e-01 -2.196760668654151871e-01
-3.021307911694643411e-01 -1.900006218235832101e-01
-3.173745365479620495e-01 -1.589078905080921200e-01
-3.294566631573109250e-01 -1.267106009234779673e-01
-3.383137710846128576e-01 -9.372561625304084987e-02
-3.439136376970355347e-01 -6.027085314212859285e-02
-3.462547281470189087e-01 -2.666228900336874499e-02
-3.453654286021549669e-01 6.788914754248744250e-03
-3.413030213296442406e-01 3.977914925843695215e-02
-3.341524227002133918e-01 7.201493291469032720e-02
-3.240247067405209735e-01 1.032153056852028183e-01
-3.110554380534223951e-01 1.331140271958500543e-01
-2.954028387449949000e-01 1.614615659516087098e-01
-2.772458144545817404e-01 1.880268699156842638e-01
-2.567818646932837345e-01 2.125989116246399524e-01
-2.342249024761665632e-01 2.349880038312920638e-01
-2.098030077072386979e-01 2.550268843529430729e-01
-1.837561379710922760e-01 2.725715713225360659e-01
-1.563338193313291158e-01 2.875019923667976318e-01
-1.277928419639134672e-01 2.997223922986965161e-01
-9.839497039784582400e-02 3.091615315678306608e-01
-6.840469226734931241e-02 3.157726785848795625e-01
-3.808703042626251228e-02 3.195334065656325606e-01
-7.705422785475282872e-03 3.204452104973917193e-01
2.248031394294671206e-02 3.185329549216934786e-01
5.221592541110828961e-02 3.138441656200046115e-01
8.125455630848264776e-02 3.064481786556955689e-01
1.093584748631939996e-01 2.964351603677393698e-01
1.363006791263411399e-01 2.839150118476473361e-01
1.618663805185647508e-01 2.690161711825762025e-01
1.858543615122214554e-01 2.518843263383191422e-01
2.080782055709827216e-01 2.326810510118922926e-01
2.283673985599535827e-01 2.115823751319084178e-01
2.465683017662940457e-01 1.887773009538648294e-01
2.625449974298543210e-01 1.644662749149518044e-01
2.761800082767086884e-01 1.388596246066645390e-01
2.873748929809200603e-01 1.121759694199578467e-01
2.960507197603806095e-01 8.464061264193067924e-02
3.021484204536434293e-01 5.648392205797767712e-02
3.056290274418705932e-01 2.793970545936799374e-02
3.064737956916435691e-01 -7.564131092519842461e-04
3.046842120209112270e-01 -2.936861099072314574e-02
3.002818934539756568e-01 -5.766247342237983825e-02
2.933083762554839491e-01 -8.540658411623003321e-02
2.838248012479827054e-01 -1.123740918114048831e-01
2.719114849229408715e-01 -1.383442603660850201e-01
2.576673816420180230e-01 -1.631039859522187552e-01
2.412094491052740042e-01 -1.864492718980576558e-01
2.226719051532485560e-01 -2.081866671342589015e-01
2.022053797800502650e-01 -2.281346581197402079e-01
1.799759628569690406e-01 -2.461250079107912825e-01
1.561641482703374495e-01 -2.620040355016169942e-01
1.309636755146400267e-01 -2.756338280064546398e-01
1.045802702585975630e-01 -2.868933776965078009e-01
7.723028602078940708e-02 -2.956796353740317462e-01
4.913924985108141658e-02 -3.019084710862796617e-01
2.054031580952117922e-02 -3.055155327788798281e-01
-8.327368943621437855e-03 -3.064569931860605667e-01
-3.722037949723060873e-02 -3.047101750772540640e-01
-6.589280279569166565e-02 -3.002740449474602391e-01
-9.409809300935528809e-02 -2.931695653715363226e-01
-1.215909828113348468e-01 -2.834398965566816697e-01
-1.481294393089211958e-01 -2.711504381360057003e-01
-1.734766519826692610e-01 -2.563887029587954003e-01
-1.974030386190689379e-01 -2.392640155556110537e-01
-2.196882539141892521e-01 -2.199070290902014890e-01
-2.401231842068781708e-01 -1.984690559526474940e-01
-2.585119107020862894e-01 -1.751212086919211597e-01
-2.746736225980867530e-01 -1.500533497195868371e-01
-2.884444648253535748e-01 -1.234728565760417340e-01
-2.996792910839921054e-01 -9.560318377984962368e-02
-3.082533025326582576e-01 -6.668224317281416791e-02
-3.140635649962408849e-01 -3.696062066565992260e-02
-3.170303736342597323e-01 -6.699618042785728152e-03
-3.170984480081584511e-01 2.383086133971960147e-02
-3.142379387193454110e-01 5.435456892342151181e-02
-3.084452278791625091e-01 8.459129298282672127e-02
-2.997435070650673050e-01 1.142593476395746405e-01
-2.881831181097554984e-01 1.430781479988698091e-01
-2.738416440520698436e-01 1.707708485372795293e-01
-2.568237398355012746e-01 1.970670200507982084e-01
-2.372606948519573877e-01 2.217053388829040017e-01
-2.153097221703882402e-01 2.444362608290639172e-01
-1.911529722322864444e-01 2.650246510888156770e-01
-1.649962719051641380e-01 2.832523409377417645e-01
-1.370675930230707551e-01 2.989205814439205300e-01
-1.076152578688981259e-01 3.118523645768075392e-01
-7.690589242258782932e-02 3.218945824659983912e-01
-4.522214156616444214e-02 3.289199963726094911e-01
-1.286016375296406694e-02 3.328289881410581019e-01
1.987307413413136326e-02 3.335510685019065780e-01
5.266267794096806537e-02 3.310461185892186187e-01
8.518885674861249868e-02 3.253053434045341530e-01
1.171300734285301293e-01 3.163519186841037278e-01
1.481662860552982186e-01 3.042413252301152671e-01
1.779822433852401853e-01 2.890613285097186624e-01
2.062707929606953372e-01 2.709316166195260278e-01
2.327361771840840421e-01 2.500031106630690725e-01
2.570972746215696159e-01 2.264569171961285932e-01
2.790907491037764587e-01 2.005029360643619807e-01
2.984740689937540603e-01 1.723781312934988263e-01
3.150283595781865897e-01 1.423444769155622625e-01
3.285610526101285234e-01 1.106865937985500176e-01
3.389082985883085097e-01 7.770909763443559215e-02
3.459371093903538252e-01 4.373368217392765989e-02
3.495472013693653457e-01 9.095965519725870974e-03
3.496725119525228020e-01 -2.585786925167399275e-02
3.462823661176216428e-01 -6.077460472839527061e-02
3.393822728331703509e-01 -9.529765387536000276e-02
3.290143355885294385e-01 -1.290708192692019141e-01
3.152572654657641582e-01 -1.617421053908272843e-01
2.982259897628485312e-01 -1.929675410813949110e-01
2.780708539128112222e-01 -2.224149683515793674e-01
2.549764192961990195e-01 -2.497677533530756888e-01
2.291598644530057072e-01 -2.747283754901787001e-01
2.008690021013572469e-01 -2.970218513754251943e-01
1.703799291991967835e-01 -3.163989516167101668e-01
1.379943319773898336e-01 -3.326391702563514241e-01
1.040364723643670691e-01 -3.455534090500615441e-01
6.884988689319568311e-02 -3.549863536500378336e-01
3.279382589208899162e-02 -3.608184739273028185e-01
-3.760514274773290016e-03 -3.629676438222022572e-01
-4.043393218006548911e-02 -3.613903831233016839e-01
-7.684329569355018152e-02 -3.560826656820552660e-01
-1.126057007455489867e-01 -3.470802915447127046e-01
-1.473426670114471315e-01 -3.344588139458382625e-01
-1.806843220475934098e-01 -3.183330173742515701e-01
-2.122735250167437637e-01 -2.988559482966537395e-01
-2.417698813558862847e-01 -2.762175055381452804e-01
-2.688536005645300597e-01 -2.506426027025644987e-01
-2.932291507228826366e-01 -2.223889202990566027e-01
-3.146286653741501294e-01 -1.917442703552099670e-01
-3.328150610028098311e-01 -1.590236011737851396e-01
-3.475848264826650880e-01 -1.245656744644414032e-01
-3.587704495188119846e-01 -8.872945129233374140e-02
-3.662424492233404827e-01 -5.189022707480994701e-02
-3.699109884961357952e-01 -1.443555917364308661e-02
-3.697270447741591304e-01 2.323896657280743322e-02
-3.656831229045500731e-01 6.073408179491303349e-02
-3.578134993239294181e-01 9.765124378487979873e-02
-3.461939923200194613e-01 1.335970546766307165e-01
-3.309412588412212197e-01 1.681876399526029686e-01
-3.122116240325075176e-01 2.010529348595750110e-01
-2.901994553387480247e-01 2.318408281983942720e-01
-2.651351027319400755e-01 2.602211276981645782e-01
-2.372824091342205510e-01 2.858892618261844598e-01
-2.069358423589773011e-01 3.085696951761652818e-01
-1.744172807483564402e-01 3.280190477475211641e-01
-1.400724737935493680e-01 3.440288415820175194e-01
-1.042672255509932422e-01 3.564278539437586990e-01
-6.738334509475711609e-02 3.650840488897507119e-01
-2.981441111692156518e-02 3.699060641144723549e-01
8.038599921326406231e-03 3.708442352812819642e-01
4.577177100467994669e-02 3.678911456083098219e-01
8.298273501334751945e-02 3.610816941859620322e-01
1.192751458734527259e-01 3.504926822944946507e-01
1.542630781226919656e-01 3.362419227894108409e-01
1.875753035014555148e-01 3.184868833557603640e-01
2.188593947106873550e-01 2.974228800267590400e-01
2.477856086239056954e-01 2.732808427463802592e-01
2.740505039737028969e-01 2.463246798614792954e-01
2.973802518167562581e-01 2.168482731921132223e-01
3.175336008728173454e-01 1.851721396891923277e-01
3.343044640827227409e-01 1.516397995920437947e-01
3.475240973827035673e-01 1.166138943966193442e-01
3.570628466866452855e-01 8.047210079645204794e-02
3.628314443396640776e-01 4.360288902888340146e-02
3.647818417872671914e-01 6.401175722083868661e-03
3.629075708238771458e-01 -3.073607762438879121e-02
3.572436395562280653e-01 -6.741428200025915973e-02
3.478659363756688716e-01 -1.032455669672940612e-01
3.348901823008012535e-01 -1.378530213979327901e-01
3.184704545565975597e-01 -1.708748134153552090e-01
2.987972739066537819e-01 -2.019681047493974424e-01
2.760952914667689773e-01 -2.308127262274694280e-01
2.506206045746501299e-01 -2.571145733388706112e-01
2.226577355031803818e-01 -2.806086844569919969e-01
1.925163105685401554e-01 -3.010619683815949355e-01
1.605274804555066881e-01 -3.182755523174367052e-01
1.270401253232724681e-01 -3.320867261762716072e-01
9.241689043612169585e-02 -3.423704641134031057e-01
5.703009966190937530e-02 -3.490405094214688586e-01
2.125759518292198030e-02 -3.520500142351534745e-01
-1.452144783826746048e-02 -3.513917308823066299e-01
-4.993068309959148438e-02 -3.470977570808082557e-01
-8.460068376593352091e-02 -3.392388424587267637e-01
-1.181729154738870302e-01 -3.279232690020229546e-01
-1.503035472932809924e-01 -3.132953229461110656e-01
-1.806670586507705678e-01 -2.955333802654449005e-01
-2.089596031511803675e-01 -2.748476322236805269e-01
-2.349020936028538564e-01 -2.514774813756203153e-01
-2.582429763154495683e-01 -2.256886419164380875e-01
-2.787606668394185805e-01 -1.977699813151344577e-01
-2.962656236990822145e-01 -1.680301427158976679e-01
-3.106020527861642067e-01 -1.367939781554581846e-01
-3.216491881927727725e-01 -1.043988651738697454e-01
-3.293221763229076116e-01 -7.119094142395401836e-02
-3.335725754183290204e-01 -3.752126897849074327e-02
-3.343884334437022265e-01 -3.742004980555266487e-03
-3.317939634336859456e-01 2.979738656852307099e-02
-3.258488262600358620e-01 6.275383961317186621e-02
-3.166470352063135429e-01 9.479426687013814412e-02
-3.043155009114408838e-01 1.255989782716140091e-01
-2.890122391131307311e-01 1.548649012087106314e-01
-2.709242671451012607e-01 1.823085697341761957e-01
-2.502652182802424519e-01 2.076688531984046127e-01
-2.272727057336860479e-01 2.307093983991187480e-01
-2.022054704193003427e-01 2.512207631709041378e-01
-1.753403483711036825e-01 2.690222233722190381e-01
-1.469690950846060384e-01 2.839632393895064055e-01
-1.173951048958410681e-01 2.959245725149602935e-01
-8.693006389801682943e-02 3.048190458109768519e-01
-5.589057480384938131e-02 3.105919482959831890e-01
-2.459479160840873438e-02 3.132210854205770278e-01
6.640899088804253468e-03 3.127164827995192464e-01
3.750511465889781737e-02 3.091197539769718894e-01
6.769459727723101117e-02 3.025031465859837621e-01
9.691718753901201744e-02 2.929682845792687118e-01
1.248946218615973741e-01 2.806446272221260196e-01
1.513651414197941525e-01 2.656876592077401789e-01
1.760858428291448285e-01 2.482768586083315965e-01
1.988347886613822391e-01 2.286134687004361121e-01
2.194128845168559772e-01 2.069180736911246654e-01
2.376454647422779343e-01 1.834280331918496376e-01
2.533835926377633330e-01 1.583948008252548112e-01
2.665050688198760120e-01 1.320811584685698814e-01
2.769151448534938886e-01 1.047583976223772223e-01
2.845469426297952964e-01 7.670347900533708296e-02
2.893615832105246866e-01 4.819620073198718768e-02
2.913480319429852528e-01 1.951640435430162385e-02
2.905226695424478200e-01 -9.058753335626222244e-03
2.869286015092333275e-01 -3.725743650528639400e-02
2.806347206711446440e-01 -6.481565015371447414e-02
2.717345397970912235e-01 -9.147962144319075894e-02
2.603448130981110831e-01 -1.170080225711856159e-01
2.466039670056353605e-01 -1.411740176946809644e-01
2.306703618864650862e-01 -1.637671189519463999e-01
2.127204073168244836e-01 -1.845948392240277791e-01
1.929465541957449404e-01 -2.034841319032139051e-01
1.715551873368915681e-01 -2.202826105534116674e-01
1.487644422477299444e-01 -2.348595439241975835e-01
1.248019695992851896e-01 -2.471066242850281647e-01
9.990267042562357702e-02 -2.569385094499206934e-01
7.430642438945438133e-02 -2.642931411400025188e-01
4.825581720409495567e-02 -2.691318382578600787e-01
2.199393688631509983e-02 -2.714391836729740937e-01
-4.237779693367092586e-03 -2.712227185600223356e-01
-3.020166065552175663e-02 -2.685124302139129671e-01
-5.566580913229129957e-02 -2.633600604142077861e-01
-8.040601134950094153e-02 -2.558382442520432676e-01
-1.042075299545033168e-01 -2.460394929859958391e-01
-1.268667714717329476e-01 -2.340750352382164334e-01
-1.481928184713981744e-01 -2.200735313836325868e-01
-1.680088187222479046e-01 -2.041796763313057927e-01
-1.861532252453503289e-01 -1.865527060589932951e-01
-2.024808827729410732e-01 -1.673648232527433222e-01
-2.168639576277430481e-01 -1.467995572380139113e-01
-2.291927094594358172e-01 -1.250500730839878838e-01
-2.393761045946239396e-01 -1.023174443362222380e-01
-2.473422719660092750e-01 -7.880890330304353431e-02
-2.530388036796359374e-01 -5.473608220702885774e-02
-2.564329032529474306e-01 -3.031325783330750603e-02
-2.575113854105599565e-01 -5.755611579630565654e-03
-2.562805320612642213e-01 1.872248394326210194e-02
-2.527658097032847162e-01 4.290914138206722989e-02
-2.470114540218568411e-01 6.659658857103747942e-02
-2.390799278621817681e-01 8.958274306338226411e-02
-2.290512590917695990e-01 1.116727231316840818e-01
-2.170222651203200237e-01 1.326802877953235649e-01
-2.031056553765585027e-01 1.524291955604901716e-01
-1.874290680025521849e-01 1.707544792456675842e-01
-1.701340128311798205e-01 1.875036424890011433e-01
-1.513746969937035947e-01 2.025377540958808176e-01
-1.313167890583169795e-01 2.157324428855998955e-01
-1.101361129706911468e-01 2.269787887289173300e-01
-8.801727924110028245e-02 2.361841058319803510e-01
-6.515226090073318599e-02 2.432726146537740886e-01
-4.173892185069924543e-02 2.481859991521656872e-01
-1.797950535642702311e-02 2.508838463474141189e-01
5.920909398910081424e-03 2.513439654822757219e-01
2.975597459421611829e-02 2.495625843555535628e-01
5.331965654925712589e-02 2.455544207223053221e-01
7.640782541187819688e-02 2.393526269999229905e-01
9.881984288201611788e-02 2.310086069054371749e-01
1.203601388017144225e-01 2.205917030853196403e-01
1.408397671317747624e-01 2.081887552933009422e-01
1.600779315279369230e-01 1.939035292313763259e-01
1.779034704342588036e-01 1.778560167996851016e-01
1.941562913415203762e-01 1.601816092058220287e-01
2.086887436276908536e-01 1.410301451648305615e-01
2.213669192200453384e-01 1.205648372768634569e-01
2.320718702088696850e-01 9.896108059718657091e-02
2.407007325152041854e-01 7.640514840738787949e-02
2.471677447836092556e-01 5.309278124951592043e-02
2.514051365782931646e-01 2.922767767154739460e-02
2.533639225128980210e-01 5.019898031413135182e-03
2.530145606042976669e-01 -1.931582441707729511e-02
2.503474338195292859e-01 -4.356184087073758371e-02
2.453731931028627911e-01 -6.749940159459363875e-02
2.381229388686047221e-01 -9.091051700874709651e-02
2.286482342099003251e-01 -1.135798512646956360e-01
2.170209442420711066e-01 -1.352966333346675432e-01
2.033328973130490436e-01 -1.558565697344413969e-01
1.876953652661359495e-01 -1.750637422114875441e-01
1.702383615215334878e-01 -1.927324730764956584e-01
1.511097574398973797e-01 -2.086891403569159920e-01
1.304742192277575374e-01 -2.227739246241786375e-01
1.085119695225841979e-01 -2.348424692081850229e-01
8.541737973366811398e-02 -2.447674355778179933e-01
6.139740119070134089e-02 -2.524399359464691295e-01
3.666984513996800199e-02 -2.577708256660677932e-01
1.146152360182008112e-02 -2.606918387079047439e-01
-1.399373496514617204e-02 -2.611565504964904472e-01
-3.945717938662883506e-02 -2.591411535631573115e-01
-6.468732131353503723e-02 -2.546450329148643443e-01
-8.944219337933378977e-02 -2.476911296628373504e-01
-1.134816592945981362e-01 -2.383260833137308965e-01
-1.365697539055327758e-01 -2.266201451777397902e-01
-1.584770301582098251e-01 -2.126668575748187351e-01
-1.789828745426593759e-01 -1.965824954986222506e-01
-1.978778104401390237e-01 -1.785052781409677269e-01
-2.149657361842010062e-01 -1.585943347255117097e-01
-2.300660416971732625e-01 -1.370284390389101548e-01
-2.430156233435798174e-01 -1.140045246039605581e-01
-2.536707588081031362e-01 -8.973598718216067860e-02
-2.619088188185134669e-01 -6.445078757650810064e-02
-2.676297937163682472e-01 -3.838937031609889611e-02
-2.707576143638727451e-01 -1.180241630835802275e-02
-2.712412486545288104e-01 1.505155009360279773e-02
-2.690555569541112080e-01 4.190867697722999718e-02
-2.642018921188035163e-01 6.850239910707540958e-02
-2.567084322965439980e-01 9.456612417994908482e-02
-2.466302374893827309e-01 1.198359633116276579e-01
-2.340490238089103225e-01 1.440534768122065656e-01
-2.190726524602150116e-01 1.669684054738465873e-01
-2.018343337060911624e-01 1.883413571030525535e-01
-1.824915493536817257e-01 2.079464178947146302e-01
-1.612247006297105600e-01 2.255736584774307441e-01
-1.382354916258846933e-01 2.410315050648532686e-01
-1.137450617600161556e-01 2.541489471267300848e-01
-8.799188386777137549e-02 2.647775543416964750e-01
-6.122944757190396103e-02 2.727932773023662993e-01
-3.372375042853036770e-02 2.780980084974517541e-01
-5.750621983207817277e-03 2.806208824761515785e-01
2.240707807477650484e-02 2.803192951578023506e-01
5.046239891777729025e-02 2.771796380164771034e-01
7.812731810700090929e-02 2.712177156649795973e-01
1.051157785430426872e-01 2.624788443290792528e-01
1.311467505074767337e-01 2.510376338672481999e-01
1.559472713369041696e-01 2.369974471138258654e-01
1.792554281037038455e-01 2.204895387115882732e-01
2.008232488798743498e-01 2.016718793904621609e-01
2.204194687862443824e-01 1.807276754209741487e-01
2.378321380770580251e-01 1.578635966756242737e-01
2.528710409719795438e-01 1.333077303205951469e-01
2.653698958107965633e-01 1.073072805868246216e-01
2.751883093519239543e-01 8.012603828779672754e-02
2.822134606403369772e-01 5.204164671797585628e-02
2.863614928049271757e-01 2.334269323995462331e-02
2.875785943758594754e-01 -5.674341787167296904e-03
2.858417552014975160e-01 -3.470824510423311388e-02
2.811591857502196423e-01 -6.345630444983230145e-02
2.735703924600689230e-01 -9.161757986235544160e-02
2.631459058010985341e-01 -1.188961752502478569e-01
2.499866617918536371e-01 -1.450044728033445807e-01
2.342230418116507951e-01 -1.696662929824473143e-01
2.160135796224248450e-01 -1.926199434454811121e-01
1.955433485061431886e-01 -2.136211213421889132e-01
1.730220452850424195e-01 -2.324456349250022535e-01
1.486818045880390349e-01 -2.488919097891524046e-01
1.227747291673786240e-01 -2.627832637193147636e-01
9.557018601180211625e-02 -2.739699028461094477e-01
6.735192759257029038e-02 -2.823306189313802284e-01
3.841503179499725779e-02 -2.877741778730777966e-01
9.062707200486470882e-03 -2.902403770785234038e-01
-2.039699999415184317e-02 -2.897007586108597543e-01
-4.965455986115552278e-02 -2.861589690459449553e-01
-7.840233505367928679e-02 -2.796507611319574149e-01
-1.063379408176342439e-01 -2.702436365695123910e-01
-1.331675500968284298e-01 -2.580361334730546519e-01
-1.586091057167640372e-01 -2.431567662812516017e-01
-1.823954026889892388e-01 -2.257626300020123544e-01
-2.042770051861795833e-01 -2.060376846546563279e-01
-2.240249646794865712e-01 -1.841907395574964301e-01
-2.414333080798370390e-01 -1.604531606559530810e-01
-2.563212674541937020e-01 -1.350763273496856653e-01
-2.685352259617808657e-01 -1.083288682162248107e-01
-2.779503580349786396e-01 -8.049370760653196122e-02
-2.844719454721140184e-01 -5.186495727287115248e-02
-2.880363549685016067e-01 -2.274468895456882578e-02
-2.886116666388816032e-01 6.560374828631136690e-03
-2.861979472278615155e-01 3.574221365837598752e-02
-2.808271659127365427e-01 6.449486725604473836e-02
-2.725627548220869723e-01 9.251776022723744164e-02
-2.614988327867814877e-01 1.195189521464955079e-01
-2.477590671397377209e-01 1.452182921571938123e-01
-2.314952081326895061e-01 1.693504213940086878e-01
-2.128853425734336668e-01 1.916675910565990293e-01
-1.921318516901551199e-01 2.119422779884702901e-01
-1.694591092218388495e-01 2.299695629317467516e-01
-1.451109474328652615e-01 2.455692456894905118e-01
-1.193479212970594006e-01 2.585876746783281610e-01
-9.244440325953601212e-02 2.688992718552368766e-01
-6.468554273945613386e-02 2.764077377077157061e-01
-3.636412586453020152e-02 2.810469248582548873e-01
-7.777371815713954653e-03 2.827813728023985673e-01
2.077629739920430763e-02 2.816065003242062548e-01
4.900047693293380774e-02 2.775484561627244440e-01
7.660395248958423720e-02 2.706636324877736977e-01
1.033037916488677710e-01 2.610378496335579723e-01
1.288283189589707889e-01 2.487852242867265307e-01
1.529199423367937349e-01 2.340467368862908515e-01
1.753378003894691117e-01 2.169885173238981779e-01
1.958602026878440983e-01 1.977998710955093109e-01
2.142868377465860508e-01 1.766910708146267883e-01
2.304407264588138604e-01 1.538909404223127442e-01
2.441699019547786120e-01 1.296442614944887661e-01
2.553488002607786078e-01 1.042090327316266829e-01
2.638793496810967198e-01 7.785361500432674831e-02
2.696917619224620810e-01 5.085379957480495178e-02
2.727449873767237021e-01 2.348981468427739638e-02
2.730268511469858828e-01 -3.956673550186061601e-03
2.705538999816681223e-01 -3.120553145996077249e-02
2.653709322047922980e-01 -5.798108250849672018e-02
2.575502304416738553e-01 -8.401494792787464472e-02
2.471905099322021515e-01 -1.090487732043384228e-01
2.344155982573764840e-01 -1.328368121135967417e-01
2.193728650942590730e-01 -1.551483421145988251e-01
2.022314231301117204e-01 -1.757698872894447872e-01
1.831801234824413926e-01 -1.945072276320817528e-01
1.624253708666604512e-01 -2.111871763020838066e-01
1.401887853103833681e-01 -2.256591094329258862e-01
1.167047384211023220e-01 -2.377962361763397148e-01
9.221779306501032281e-02 -2.474965998345152463e-01
6.698007580676904049e-02 -2.546838041389269391e-01
4.124861159553479262e-02 -2.593074619377535028e-01
1.528264996862606709e-02 -2.613433667136092486e-01
-1.065898850769295657e-02 -2.607933904315249962e-01
-3.632051771511462385e-02 -2.576851141777651288e-01
-6.145171670988811008e-02 -2.520712008596308062e-01
-8.581036048838973362e-02 -2.440285218641916609e-01
-1.091645272923148502e-01 -2.336570519925121325e-01
-1.312947608910806363e-01 -2.210785491715112350e-01
-1.519960684108389026e-01 -2.064350373780363401e-01
-1.710797470423872646e-01 -1.898871181736766778e-01
-1.883749955191948711e-01 -1.716121113968596124e-01
-2.037303127406240866e-01 -1.518020704507541119e-01
-2.170147000886064603e-01 -1.306616992876403482e-01
-2.281186296099087518e-01 -1.084061764868097105e-01
-2.369547827260373163e-01 -8.525891803621926668e-02
-2.434585576202701329e-01 -6.144930283906829827e-02
-2.475883459424633171e-01 -3.721038463304360971e-02
-2.493255818669789792e-01 -1.277661342140401501e-02
-2.486745688116499542e-01 1.161841131129749335e-02
-2.456620912531170819e-01 3.574413437035854624e-02
-2.403368210360639634e-01 5.937516562066409709e-02
-2.327685293538400979e-01 8.229330917912264232e-02
-2.230471171619669291e-01 1.042894840134038631e-01
-2.112814781636148942e-01 1.251655206112412821e-01
-1.975982096701980328e-01 1.447358201599731886e-01
-1.821401875869619047e-01 1.628288645197048246e-01
-1.650650225022457507e-01 1.792885671593922869e-01
-1.465434143724581861e-01 1.939754571279153905e-01
-1.267574235981192565e-01 2.067676900275846885e-01
-1.058986763876679782e-01 2.175618818227157414e-01
-8.416652221562495595e-02 2.262737631298010477e-01
-6.176616091276402459e-02 2.328386533793180835e-01
-3.890675649269730724e-02 2.372117558953882599e-01
-1.579955423768687750e-02 2.393682764938005469e-01
7.343992277457918327e-03 2.393033757500767633e-01
3.031404428336583259e-02 2.370319375134327666e-01
5.290414792803754124e-02 2.325881831152643575e-01
7.491296223720694814e-02 2.260251452862869215e-01
9.614590635534556173e-02 2.174139896339198907e-01
1.164167227366560697e-01 2.068432009764657187e-01
1.355489464911417696e-01 1.944176444546634464e-01
1.533772722164273017e-01 1.802575118549944455e-01
1.697488107648593703e-01 1.644971639699016330e-01
1.845242294946363715e-01 1.472838800957660677e-01
1.975787706220842876e-01 1.287765259392489314e-01
2.088031433203167697e-01 1.091441512766416627e-01
2.181042861898493668e-01 8.856452870008534040e-02
2.254059976536936516e-01 6.722264470025206273e-02
2.306494326993304422e-01 4.530915418878057183e-02
2.337934652008967218e-01 2.301880936673286401e-02
2.348149158068760789e-01 5.488736084815702123e-04
2.337086460731314375e-01 -2.190246923603780815e-02
2.304875201613363345e-01 -4.413770000454633746e-02
2.251822360131150447e-01 -6.596153403379177715e-02
2.178410284559875731e-01 -8.718246610571783739e-02
2.085292472048373702e-01 -1.076142813186120040e-01
1.973288131990225125e-01 -1.270775229724371846e-01
1.843375571677329239e-01 -1.454009088495621105e-01
1.696684447521646932e-01 -1.624226875561665118e-01
1.534486854916456144e-01 -1.779919334341535375e-01
1.358187504852380045e-01 -1.919697488588376910e-01
1.169312972553320784e-01 -2.042303882428839479e-01
9.694998721897857274e-02 -2.146623051059913245e-01
7.604822358187186826e-02 -2.231690935664278064e-01
5.440781077686036860e-02 -2.296703256739464072e-01
3.221754288743686190e-02 -2.341022782323641804e-01
9.671728998096106728e-03 -2.364185431119674718e-01
-1.303133606947183380e-02 -2.365905154432645929e-01
-3.569094664596882127e-02 -2.346077545225327410e-01
-5.810559720467567413e-02 -2.304782127538310132e-01
-8.007461938941842772e-02 -2.242283285088032541e-01
-1.013998344870482571e-01 -2.159029794109608158e-01
-1.218872102373557420e-01 -2.055652932503825581e-01
-1.413485103868079573e-01 -1.932963145117212733e-01
-1.596029249449224252e-01 -1.791945253553358375e-01
-1.764786687059941572e-01 -1.633752208288391516e-01
-1.918145352673254200e-01 -1.459697391030388425e-01
-2.054613935214072706e-01 -1.271245486188344043e-01
-2.172836134370310368e-01 -1.070001951947568974e-01
-2.271604078861007014e-01 -8.577011337101292376e-02
-2.349870773314072236e-01 -6.361930754557286460e-02
-2.406761443773042242e-01 -4.074290977943998554e-02
-2.441583655103837236e-01 -1.734462249823519667e-02
-2.453836078296598444e-01 6.364944319689454580e-03
-2.443215736112826775e-01 3.017003697897543968e-02
-2.409623759311187163e-01 5.385158842362225418e-02
-2.353169519943096588e-01 7.718912097415359108e-02
-2.274172888661987746e-01 9.996271633778297527e-02
-2.173164697918971155e-01 1.219550159819342144e-01
-2.050885310301351350e-01 1.429532424244665811e-01
-1.908281247309598916e-01 1.627512234984575257e-01
-1.746499850936247267e-01 1.811514008717809432e-01
-1.566881968700433170e-01 1.979668034885389005e-01
-1.370952672142074780e-01 2.130229661687430276e-01
-1.160410039002122001e-01 2.261597733709047597e-01
-9.371120501977946160e-02 2.372332081037650531e-01
-7.030616740111791940e-02 2.461169861803065018e-01
-4.603902313934197382e-02 2.527040564488364782e-01
-2.113391576774303199e-02 2.569079483187428625e-01
4.175970299061636769e-03 2.586639488257850283e-01
2.965051138352084101e-02 2.579300926534378036e-01
5.504485961837723290e-02 2.546879499392902257e-01
8.011175205256432230e-02 2.489431983416504623e-01
1.046038927056019835e-01 2.407259677105728635e-01
1.282763850056366228e-01 2.300909477851157681e-01
1.508891907734054572e-01 2.171172516068583525e-01
1.722095908740148562e-01 2.019080297772879173e-01
1.920146218729408272e-01 1.845898332691278121e-01
2.100934625218581486e-01 1.653117252016003125e-01
2.262497398617659694e-01 1.442441390860107198e-01
2.403037376457346219e-01 1.215775086609128253e-01
2.520944802537348761e-01 9.752066234908528253e-02
2.614816546462602753e-01 7.229898476747244340e-02
2.683473566491716977e-01 4.615237805071104038e-02
2.725976362986401447e-01 1.933303381587446121e-02
2.741638211261174796e-01 -7.896964389588511865e-03
2.730035982347309709e-01 -3.526818589554963496e-02
2.691018382736096726e-01 -6.250652049046925840e-02
2.624711469350807791e-01 -8.933594230550227777e-02
2.531521323569287385e-01 -1.154813418060028907e-01
2.412133797796547352e-01 -1.406713962633342752e-01
2.267511279549785930e-01 -1.646414479672474451e-01
2.098886450915633528e-01 -1.871363586678566893e-01
1.907753055191677150e-01 -2.079133083248123626e-01
1.695853717128470162e-01 -2.267445062037278525e-01
1.465164898023091078e-01 -2.434197827057489882e-01
1.217879101546463505e-01 -2.577490310499576665e-01
9.563844801727995615e-02 -2.695644690496520890e-01
6.832420249775976451e-02 -2.787226927269179089e-01
4.011605529426482547e-02 -2.851064953845771632e-01
1.129697353250934053e-02 -2.886264279847669534e-01
-1.784085622973718976e-02 -2.892220792482333436e-01
-4.699903333891466278e-02 -2.868630567622926786e-01
-7.587605611174241815e-02 -2.815496535381524223e-01
-1.041705067582642114e-01 -2.733131835078168037e-01
-1.315842789458458728e-01 -2.622159917992017419e-01
-1.578258123669427637e-01 -2.483511233288790143e-01
-1.826132894536823814e-01 -2.318416414137727810e-01
-2.056777643564625113e-01 -2.128396132863297763e-01
-2.267661864395380533e-01 -1.915247647356035920e-01
-2.456442827388693184e-01 -1.681028148843326797e-01
-2.620992649888850834e-01 -1.428035059987527722e-01
-2.759423284185348879e-01 -1.158783469897626262e-01
-2.870109115293157376e-01 -8.759809285223663089e-02
-2.951706884794624841e-01 -5.824998565639150083e-02
-3.003172684843434803e-01 -2.813478580607033097e-02
-3.023775797733057602e-01 2.436374928660868522e-03
-3.013109190829441064e-01 3.314528465190894058e-02
-2.971096513767496616e-01 6.367005083933660603e-02
-2.897995484181237758e-01 9.368857042545758462e-02
-2.794397589411857230e-01 1.228820316002295909e-01
-2.661224074121940619e-01 1.509384076782034345e-01
-2.499718227020748251e-01 1.775559031189741233e-01
-2.311434023442821284e-01 2.024463119730754712e-01
-2.098221223779679068e-01 2.253382497049138955e-01
-1.862207070199899117e-01 2.459802204998656761e-01
-1.605774765170586427e-01 2.641434837860609508e-01
-1.331538954489583648e-01 2.796246857763607929e-01
-1.042318474349750029e-01 2.922482243403977664e-01
-7.411066741641957056e-02 3.018683157248127635e-01
-4.310395961137363646e-02 3.083707467020974646e-01
-1.153623668348355800e-02 3.116742825974749831e-01
2.026057658693777505e-02 3.117317088383106949e-01
5.195074090010372292e-02 3.085305007940019051e-01
8.319835948553250260e-02 3.020931092818448516e-01
1.136710530694373250e-01 2.924768566433577077e-01
1.430436108211844970e-01 2.797734428401740803e-01
1.710015754365138141e-01 2.641080655906253294e-01
1.972447211172244086e-01 2.456381631108988106e-01
2.214903843083051438e-01 2.245517924817463651e-01
2.434766086421302489e-01 2.010656609776112769e-01
2.629650675972129981e-01 1.754228318158016775e-01
2.797437308819584745e-01 1.478901296574036406e-01
2.936292434719744993e-01 1.187552747704536116e-01
3.044689895275535241e-01 8.832377800458530992e-02
3.121428170558032678e-01 5.691563158427864755e-02
3.165644031150749438e-01 2.486183316913835248e-02
3.176822435395126321e-01 -7.499217376264100468e-03
3.154802555372725470e-01 -3.982540753846809667e-02
3.099779860332664838e-01 -7.177464604164578155e-02
3.012304232304474083e-01 -1.030085985418654898e-01
2.893274134958682686e-01 -1.331963825891769870e-01
2.743926902818875080e-01 -1.620181798101986148e-01
2.565825263122868960e-01 -1.891687242596752361e-01
2.360840265408869210e-01 -2.143606262613063640e-01
2.131130764276129297e-01 -2.373274984466712256e-01
1.879119716635321014e-01 -2.578268441911334419e-01
1.607467616680459122e-01 -2.756426751447708101e-01
1.319043319725839436e-01 -2.905878325058210421e-01
1.016892607212469407e-01 -3.025059848495624815e-01
7.042048543856829768e-02 -3.112732806904081051e-01
3.842781829747687894e-02 -3.167996380311115523e-01
6.048349739659605873e-03 -3.190296574239581684e-01
-2.637721856181364510e-02 -3.179431494814239922e-01
-5.850826976298387216e-02 -3.135552722732388720e-01
-9.000795515130451119e-02 -3.059162785775691451e-01
-1.205468232586873606e-01 -2.951108774605350482e-01
-1.498063541940352350e-01 -2.812572190855608389e-01
-1.774823599198495916e-01 -2.645055159485990015e-01
-2.032882129699935536e-01 -2.450363178455643998e-01
-2.269578683098343874e-01 -2.230584617555849691e-01
-2.482486456455562651e-01 -1.988067214224872314e-01
-2.669437424614044541e-01 -1.725391846957167186e-01
-2.828544513626855550e-01 -1.445343896134768935e-01
-2.958220588854435507e-01 -1.150882527429318847e-01
-3.057194067546733507e-01 -8.451082540771821805e-02
-3.124521005829929976e-01 -5.312291511012232070e-02
-3.159593551502802300e-01 -2.125261067822447475e-02
-3.162144696401505972e-01 1.076824957296405351e-02
-3.132249330264652021e-01 4.260762713588500672e-02
-3.070321537708908810e-01 7.393681173455629585e-02
-2.977108249192425560e-01 1.044338870770879502e-01
-2.853679402575821089e-01 1.337870982630675887e-01
-2.701414677678792842e-01 1.616980850975957840e-01
-2.521987006066254144e-01 1.878849465065327018e-01
-2.317343067749312313e-01 2.120851040696332679e-01
-2.089681017938063712e-01 2.340579353148104502e-01
-1.841425715196741419e-01 2.535871503485926381e-01
-1.575201747036863165e-01 2.704828885951977568e-01
-1.293804569898855672e-01 2.845835158370849660e-01
-1.000170097426723859e-01 2.957571053488647905e-01
-6.973430837955847672e-02 3.039025906480706252e-01
-3.884446575235710880e-02 3.089505812036931753e-01
-7.663936565699532022e-03 3.108638362995330695e-01
2.348979115172247431e-02 3.096373960976823159e-01
5.430148189314144835e-02 3.052983727421531013e-01
8.446138099172256775e-02 2.979054080397708915e-01
1.136683517326759207e-01 2.875478078129493631e-01
1.416328891098152243e-01 2.743443663975243529e-01
1.680799799406668404e-01 2.584418979221569379e-01
1.927517812244545214e-01 2.400134939211127083e-01
2.154100910717512696e-01 2.192565294704761358e-01
2.358385892184408916e-01 1.963904423742061089e-01
2.538448270229295978e-01 1.716543119403168283e-01
2.692619533371776175e-01 1.453042649781494111e-01
2.819501516892174986e-01 1.176107387094105228e-01
2.917977855374284668e-01 8.885563408503607818e-02
2.987222513307026261e-01 5.932938685727463801e-02
3.026705247221853634e-01 2.932798878691986189e-02
3.036194026813229252e-01 -8.500095372804330205e-04
3.015754439713311807e-01 -3.090648343228088665e-02
2.965746135561179719e-01 -6.054667633442636920e-02
2.886816394595398960e-01 -8.948207048868919711e-02
2.779890933908253370e-01 -1.174331584631001513e-01
2.646162090462955696e-01 -1.441320894536148312e-01
2.487074543756832290e-01 -1.693251661952489551e-01
2.304308762413701528e-01 -1.927751703524619442e-01
2.099762377843613914e-01 -2.142634964955092980e-01
1.875529704290993249e-01 -2.335920771487992598e-01
1.633879638013727709e-01 -2.505850838905595568e-01
1.377232178943351426e-01 -2.650903920585401807e-01
1.108133825954414481e-01 -2.769807992425465937e-01
8.292321018382702025e-02 -2.861549903904530567e-01
5.432494662852495326e-02 -2.925382449902143578e-01
2.529568747130830908e-02 -2.960828843879310113e-01
-3.885276224978429990e-03 -2.967684598346114200e-01
-3.293909692718077070e-02 -2.946016842973059879e-01
-6.158997051818764640e-02 -2.896161134014276217e-01
-8.956767383581831776e-02 -2.818715830704371372e-01
-1.166100220441481095e-01 -2.714534129691921205e-01
-1.424652122300731905e-01 -2.584713868509647128e-01
-1.668940428082909821e-01 -2.430585269880695121e-01
-1.896719998542831798e-01 -2.253696733084610271e-01
-2.105911815741045856e-01 -2.055798839350163054e-01
-2.294620510264374913e-01 -1.838826747795438421e-01
-2.461150048610422358e-01 -1.604881163508055930e-01
-2.604017477228746658e-01 -1.356208066866534112e-01
-2.721964638734412634e-01 -1.095177398800427498e-01
-2.813967794816549239e-01 -8.242609004253763361e-02
-2.879245109181691742e-01 -5.460093074412445541e-02
-2.917261962341078374e-01 -2.630290999333266544e-02
-2.927734088031219151e-01 2.204099313282501232e-03
-2.910628538424055445e-01 3.065535382742626963e-02
-2.866162501930823447e-01 5.878757984806694259e-02
-2.794800013244008174e-01 8.634128040747908461e-02
-2.697246610223975050e-01 1.130629913292941907e-01
-2.574442006267054217e-01 1.387074690051628423e-01
-2.427550859852148912e-01 1.630397934872309107e-01
-2.257951735029916362e-01 1.858373714215662276e-01
-2.067224357682423408e-01 2.068918243419685110e-01
-1.857135282442878010e-01 2.260107488939839815e-01
-1.629622094235911312e-01 2.430193366560183255e-01
-1.386776276497958538e-01 2.577618423597183850e-01
-1.130824885289306164e-01 2.701028904778073336e-01
-8.641111297151449211e-02 2.799286112775603019e-01
-5.890741461269283219e-02 2.871475968122214062e-01
-3.082280326052632205e-02 2.916916756193218552e-01
-2.414020600914330242e-03 2.935164975954555056e-01
2.605906189860466432e-02 2.926019242990345326e-01
5.433567090142521483e-02 2.889522229314033797e-01
8.215636840761569859e-02 2.825960625565150375e-01
1.092652816718235748e-01 2.735863123727309554e-01
1.354123092692272601e-01 2.619996431050116148e-01
1.603552868372881690e-01 2.479359338407180202e-01
1.838620961888954852e-01 2.315174878862342744e-01
2.057127017379566658e-01 2.128880624731051552e-01
2.257010985037771755e-01 1.922117183893859438e-01
2.436371563684258668e-01 1.696714968518112099e-01
2.593483457547799964e-01 1.454679321638837897e-01
2.726813304754243106e-01 1.198174099198598547e-01
2.835034141774485650e-01 9.295038170973306257e-02
2.917038275787585122e-01 6.510944844956598199e-02
2.971948445607896505e-01 3.654732559769176270e-02
2.999127161530167895e-01 7.524704612217176375e-03
2.998184125182368764e-01 -2.169197395035350057e-02
2.968981642252039310e-01 -5.083281931188035618e-02
2.911637953766527120e-01 -7.962684402930539362e-02
2.826528425447000781e-01 -1.078043541074707179e-01
2.714284549492056997e-01 -1.350993568116293231e-01
2.575790686257926621e-01 -1.612519671034168267e-01
2.412178660178331269e-01 -1.860107895306840897e-01
2.224820135215265504e-01 -2.091352610188011996e-01
2.015316697675232638e-01 -2.303979318076282423e-01
1.785487817152581203e-01 -2.495866617253963138e-01
1.537356705422384673e-01 -2.665067126114139540e-01
1.273134153471756347e-01 -2.809827166478242044e-01
9.952004465823011126e-02 -2.928605008385825603e-01
7.060854770529421953e-02 -3.020087485479096556e-01
4.084471935806716081e-02 -3.083204798858287243e-01
1.050485452834857766e-02 -3.117143338080402559e-01
-2.012669033685043213e-02 -3.121356360819279585e-01
-5.076004930815535693e-02 -3.095572387580190488e-01
-8.110249158779579692e-02 -3.039801184721289129e-01
-1.108611362168037129e-01 -2.954337227802704691e-01
-1.397457130863637431e-01 -2.839760557858800327e-01
-1.674713453275856190e-01 -2.696934965437730591e-01
-1.937613272235458872e-01 -2.527003461013488383e-01
-2.183498710835391210e-01 -2.331381015459211836e-01
-2.409847960606512352e-01 -2.111744580459650189e-01
-2.614301316965052524e-01 -1.870020425792507657e-01
-2.794686090552833124e-01 -1.608368858056296313e-01
-2.949040126741191981e-01 -1.329166413379331002e-01
-3.075633672167952803e-01 -1.034985644605203731e-01
-3.172989336771310787e-01 -7.285726510947627965e-02
-3.239899876158871539e-01 -4.128225208879308938e-02
-3.275443678412419679e-01 -9.075291937387767321e-03
-3.278997685433813203e-01 2.345240027826257442e-02
-3.250247483688453176e-01 5.598311192021953459e-02
-3.189194514283753557e-01 8.819569604768041915e-02
-3.096160235087159207e-01 1.197687194609037276e-01
-2.971787130553341649e-01 1.503836650397957497e-01
-2.817036495671112473e-01 1.797281565727189834e-01
-2.633182952890056883e-01 2.074991732613473694e-01
-2.421805694718269231e-01 2.334062204139145946e-01
-2.184776479540428140e-01 2.571744225207145962e-01
-1.924244443708911234e-01 2.785475049570951822e-01
-1.642617828708360372e-01 2.972906309911195755e-01
-1.342542757768638295e-01 3.131930615917942751e-01
-1.026879231274018811e-01 3.260706067407838638e-01
-6.986745442538110085e-02 3.357678385425358347e-01
-3.611343617075702533e-02 3.421600383964146230e-01
-1.759171808858202117e-03 3.451548528265135918e-01
3.285257644734673049e-02 3.446936352419767147e-01
6.737301190842408249e-02 3.407524538998245034e-01
1.014508395545961061e-01 3.333427496355982900e-01
1.347358778757092590e-01 3.225116304823354429e-01
1.668827087157404021e-01 3.083417940790755818e-01
1.975543263059068022e-01 2.909510727361210303e-01
2.264257459682004203e-01 2.704916001321465702e-01
2.531875298295492849e-01 2.471486026631173893e-01
2.775491986437099712e-01 2.211388246803447366e-01
2.992424852842716088e-01 1.927085955872143153e-01
3.180243858182135175e-01 1.621315564013202648e-01
3.336799807115227168e-01 1.297060668561120511e-01
3.460249891943958933e-01 9.575231612938291115e-02
3.549080250658150915e-01 6.060916480316774768e-02
3.602125250969838710e-01 2.463074912175205328e-02
3.618583244581223823e-01 -1.181711822743616858e-02
3.598028572108582512e-01 -4.836071377496587581e-02
3.540419638412222736e-01 -8.462229591505879278e-02
3.446102920137707470e-01 -1.202240830796432319e-01
3.315812811591080100e-01 -1.547922744411620866e-01
3.150667261150157383e-01 -1.879610690820968377e-01
2.952159197723308592e-01 -2.193766390083277396e-01
2.722143794751493151e-01 -2.487010113386131371e-01
2.462821667336068110e-01 -2.756158154818429407e-01
2.176718145681719452e-01 -2.998258521190440562e-01
1.866658814585971660e-01 -3.210624423335041722e-01
1.535741553604540455e-01 -3.390865172684178197e-01
1.187305355207819435e-01 -3.536914112191087423e-01
8.248962381713843828e-02 -3.647053240617214032e-01
4.522306100931525880e-02 -3.719934223516968563e-01
7.315646581701612527e-03 -3.754595522569029731e-01
-3.083871627760366441e-02 -3.750475416800490014e-01
-6.884120420047339095e-02 -3.707420741175957990e-01
-1.062923474280544761e-01 -3.625691198907900481e-01
-1.427963410331228589e-01 -3.505959148354118593e-01
-1.779653408117126689e-01 -3.349304863807581190e-01
-2.114237029637329734e-01 -3.157207273329241115e-01
-2.428121169521271772e-01 -2.931530246138733808e-01
-2.717915842944537697e-01 -2.674504552540017399e-01
-2.980471974624158138e-01 -2.388705670140146842e-01
-3.212916750395111709e-01 -2.077027659241985347e-01
-3.412686117950277653e-01 -1.742653377145244042e-01
-3.577554053476453833e-01 -1.389021345088114479e-01
-3.705658245809319573e-01 -1.019789622148215974e-01
-3.795521888969046187e-01 -6.387970770799089593e-02
-3.846071317077529028e-01 -2.500224813238417776e-02
-3.856649262197695549e-01 1.424581261354204535e-02
-3.827023565029623042e-01 5.345153291283136210e-02
-3.757391220063147075e-01 9.220109901607242975e-02
-3.648377690106219262e-01 1.300843170993442599e-01
-3.501031479443084127e-01 1.666990811964775554e-01
-3.316814009571317778e-01 2.016557664851288956e-01
-3.097584895858931375e-01 2.345814980812266359e-01
-2.845582776890981935e-01 2.651242467634997158e-01
-2.563401900087350915e-01 2.929567048957714692e-01
-2.253964716735926133e-01 3.177798982189508070e-01
-1.920490786290246499e-01 3.393264921196187944e-01
-1.566462357587714849e-01 3.573637561596184065e-01
-1.195586926897544144e-01 3.716961486396931358e-01
-8.117572589836967445e-02 3.821674919321760844e-01
-4.190093586221162181e-02 3.886627189998237974e-01
-2.147878578089831413e-03 3.911091661511507667e-01
3.766441665099439645e-02 3.894773982244255639e-01
7.711599270238564396e-02 3.837815566181004279e-01
1.157905221917487071e-01 3.740792260797687896e-01
1.532798257598636527e-01 3.604708217082105981e-01
1.891883002106172496e-01 3.430985031466103896e-01
2.231372066870433712e-01 3.221446283828519608e-01
2.547687707227392351e-01 2.978297648592324598e-01
2.837500482217357178e-01 2.704102806653411739e-01
3.097765141732314320e-01 2.401755433832939990e-01
3.325753341641894956e-01 2.074447586166626722e-01
3.519082824721651015e-01 1.725634843102075155e-01
3.675742746568258501e-01 1.358998606087389316e-01
3.794114870702858799e-01 9.784059816748534588e-02
3.872990405181654383e-01 5.878677047667488220e-02
3.911582303661110815e-01 1.914945786957257534e-02
3.909532906383953454e-01 -2.065470757728337867e-02
3.866916850321474031e-01 -6.020804608650656697e-02
3.784239232074920745e-01 -9.909633263535719272e-02
3.662429061447219913e-01 -1.369132475236428392e-01
3.502828097193870782e-01 -1.732647255697913613e-01
3.307175239296873959e-01 -2.077731584736192127e-01
3.077586566919292554e-01 -2.400813976356466761e-01
2.816531354772042195e-01 -2.698565153065375921e-01
2.526804401182253801e-01 -2.967932912265105472e-01
2.211494895979151387e-01 -3.206173801099188592e-01
1.873952228066000092e-01 -3.410881284108910894e-01
1.517749129228443683e-01 -3.580010111132501116e-01
1.146642578253556088e-01 -3.711896637916063391e-01
7.645329118177179861e-02 -3.805274899466969396e-01
3.754216056225115339e-02 -3.859288285677867081e-01
-1.663179923820570479e-03 -3.873496719574152647e-01
-4.075531437947576413e-02 -3.847879290071710146e-01
-7.932969914316440052e-02 -3.782832342754106070e-01
-1.169889384939952343e-01 -3.679163083274264445e-01
-1.533469555222095881e-01 -3.538078797953033150e-01
-1.880330132455151904e-01 -3.361171844404854947e-01
-2.206955431502196086e-01 -3.150400611015694574e-01
-2.510057409043477961e-01 -2.908066687311453569e-01
-2.786608919920345873e-01 -2.636788527208285826e-01
-3.033873934135568051e-01 -2.339471923397431485e-01
-3.249434413382232267e-01 -2.019277643304983882e-01
-3.431213586392219961e-01 -1.679586604855641818e-01
-3.577495405286950092e-01 -1.323962993390897236e-01
-3.686940009937927920e-01 -9.561157393397430593e-02
-3.758595073547503773e-01 -5.798587894692922712e-02
-3.791902989826077541e-01 -1.990705823990624249e-02
-3.786703733645204739e-01 1.823467543574427627e-02
-3.743233523902866899e-01 5.605080561894142804e-02
-3.662119413864274864e-01 9.315852810018616925e-02
-3.544369785040505372e-01 1.291846669999945907e-01
-3.391360938632482225e-01 1.637694523680098824e-01
-3.204819973184513948e-01 1.965701207116625493e-01
-2.986804174838087467e-01 2.272643023341404944e-01
-2.739677181166695341e-01 2.555531621956488864e-01
-2.466082210664556351e-01 2.811642641698655631e-01
-2.168912677263916400e-01 3.038541320063632978e-01
-1.851280532527028455e-01 3.234104839843555679e-01
-1.516482697213143438e-01 3.396541221063396065e-01
-1.167965958626201312e-01 3.524404606837726051e-01
-8.092907204289256917e-02 3.616606832619231326e-01
-4.440939974420798214e-02 3.672425209686419056e-01
-7.605204936569894512e-03 3.691506495038549551e-01
2.911569555535628573e-02 3.673867060661220041e-01
6.538898629944167595e-02 3.619889314945501368e-01
1.008574668383972056e-01 3.530314467459125805e-01
1.351745508202941704e-01 3.406231764880107704e-01
1.680076167354457861e-01 3.249064360344145475e-01
1.990411784862128330e-01 3.060552010395548583e-01
2.279798464754229925e-01 2.842730822875191854e-01
2.545510526137713669e-01 2.597910305177332235e-01
2.785075205293219835e-01 2.328647957085534237e-01
2.996294441311004308e-01 2.037721762319228969e-01
3.177263702368757770e-01 1.728100889111783833e-01
3.326387799480268193e-01 1.402914824095611301e-01
3.442393425110585325e-01 1.065421342887790807e-01
3.524338400250139336e-01 7.189736344694819259e-02
3.571617593184165940e-01 3.669869144257189436e-02
3.583965506879339680e-01 1.290486014177028452e-03
3.561455564729152368e-01 -3.398338042472445059e-02
3.504496156032070875e-01 -6.878282538196360540e-02
3.413823532726668608e-01 -1.027747731839434159e-01
3.290491677309714258e-01 -1.356362648008798966e-01
3.135859288280770651e-01 -1.670574328947586062e-01
2.951574053687204824e-01 -1.967443162761529085e-01
2.739554405216831912e-01 -2.244214900437070392e-01
2.501968964666126394e-01 -2.498344899353432957e-01
2.241213911398062530e-01 -2.727520118139535876e-01
1.959888513527200948e-01 -2.929678697130956300e-01
1.660769076995165794e-01 -3.103026984509068553e-01
1.346781575423036392e-01 -3.246053894544869145e-01
1.020973229673916016e-01 -3.357542510946960879e-01
6.864833094821314041e-02 -3.436578874861911936e-01
3.465134303833528745e-02 -3.482557923345231954e-01
4.297617613652801420e-04 -3.495186569879164540e-01
-3.369275952441406347e-02 -3.474483943544579567e-01
-6.739528260193126952e-02 -3.420778806508106284e-01
-1.003624832475952522e-01 -3.334704252365422450e-01
-1.322874718630714097e-01 -3.217189793361693861e-01
-1.628745229555800533e-01 -3.069450858123501935e-01
-1.918416743788571577e-01 -2.892975876980612981e-01
-2.189231817416611436e-01 -2.689511088513530379e-01
-2.438718091315678349e-01 -2.461043225146335167e-01
-2.664609389708517129e-01 -2.209780249639277105e-01
-2.864864855718760595e-01 -1.938130326666090142e-01
-3.037685987749603189e-01 -1.648679224276616284e-01
-3.181531459162942888e-01 -1.344166348951593148e-01
-3.295129622721616469e-01 -1.027459625171769642e-01
-3.377488620445410206e-01 -7.015294359776834410e-02
-3.427904038790978714e-01 -3.694218449289978640e-02
-3.445964068278264403e-01 -3.423132223032945148e-03
-3.431552145743181903e-01 3.009268013730968805e-02
-3.384847076200920846e-01 6.329439299552352960e-02
-3.306320649768559883e-01 9.587456260838178590e-02
-3.196732787141545185e-01 1.275318645248461058e-01
-3.057124264676148728e-01 1.579737368145510690e-01
-2.888807087136657792e-01 1.869189423813639173e-01
-2.693352592565210757e-01 2.141000303674751581e-01
-2.472577389472312148e-01 2.392656774710588685e-01
-2.228527241579229268e-01 2.621828909245226824e-01
-1.963459029624116114e-01 2.826390559059056562e-01
-1.679820879153182955e-01 3.004438100069604656e-01
-1.380230779908693806e-01 3.154307312612311676e-01
-1.067453742510497822e-01 3.274588299365904231e-01
-7.443775639868786820e-02 3.364138253168177939e-01
-4.139875581607063704e-02 3.422091994404714566e-01
-7.934039203327318893e-03 3.447870185571497714e-01
2.564627672355101681e-02 3.441185147252125431e-01
5.903035835846567880e-02 3.402044216564626966e-01
9.190741450256506573e-02 3.330750606555188953e-01
1.239704597729013175e-01 3.227901742984642941e-01
1.549190597878757347e-01 3.094385073399612551e-01
1.844620356611794687e-01 2.931371362225982380e-01
2.123201053489776058e-01 2.740305504780410906e-01
2.382284395611250494e-01 2.522894912468269246e-01
2.619391102719847431e-01 2.281095540915307751e-01
2.832234103551429238e-01 2.017095652245824988e-01
3.018740235233943192e-01 1.733297422041362446e-01
3.177070245842602003e-01 1.432296520549550534e-01
3.305636910243070492e-01 1.116859816311009945e-01
3.403121081136261661e-01 7.899013683723458967e-02
3.468485510744514499e-01 4.544568904861476244e-02
3.500986293827612617e-01 1.136568869889651237e-02
3.500181799647013037e-01 -2.293013247846846861e-02
3.465938979046698232e-01 -5.711824768329080287e-02
3.398436952907095687e-01 -9.087428564698908640e-02
3.298167762097687361e-01 -1.238760197001138874e-01
3.165934377629211482e-01 -1.558063692466941652e-01
3.002845842668160348e-01 -1.863563910377513677e-01
2.810309449383279201e-01 -2.152282280885448318e-01
2.590020123114371575e-01 -2.421379899316191409e-01
2.343947017296272584e-01 -2.668185371126460259e-01
2.074317397552699616e-01 -2.890221427443032676e-01
1.783597920177285023e-01 -3.085230044598404331e-01
1.474473436854986386e-01 -3.251195809035278828e-01
1.149823483668864638e-01 -3.386367279630009275e-01
8.126966378983296879e-02 -3.489276112888113901e-01
4.662829505520886542e-02 -3.558753732563753047e-01
1.138846856966159449e-02 -3.593945343987264285e-01
-2.411143808554867818e-02 -3.594321114655020799e-01
-5.952808313326093947e-02 -3.559684366314214699e-01
-9.451643546852654676e-02 -3.490176649697647182e-01
-1.287331069613205092e-01 -3.386279601032522457e-01
-1.618397105123238200e-01 -3.248813509232422181e-01
-1.935062112462031525e-01 -3.078932554021374113e-01
-2.234142376056572898e-01 -2.878116707843034194e-01
-2.512603188184829306e-01 -2.648160327959211968e-01
-2.767590152630203804e-01 -2.391157499299598754e-01
-2.996459086649267411e-01 -2.109484223028212091e-01
-3.196804198268046737e-01 -1.805777580065092702e-01
-3.366484227241574034e-01 -1.482912032555784854e-01
-3.503646214343737464e-01 -1.143973066462620203e-01
-3.606746741567632419e-01 -7.922283980231309419e-02
-3.674570301347566681e-01 -4.310969704802800062e-02
-3.706244486792149573e-01 -6.411606951553665973e-03
-3.701251919691599945e-01 3.050931463959021331e-02
-3.659438705196123021e-01 6.728613695061777533e-02
-3.581019275269895497e-01 1.035507768279543134e-01
-3.466577518992336460e-01 1.389377147100868959e-01
-3.317064135628108312e-01 1.730877260363490322e-01
-3.133790185727638455e-01 2.056515892940201928e-01
-2.918416855930567322e-01 2.362937315029818852e-01
-2.672941494180763322e-01 2.646957719643015516e-01
-2.399680013260089562e-01 2.905599255637999478e-01
-2.101245801432430893e-01 3.136122278281021081e-01
-1.780525319075607626e-01 3.336055452777481056e-01
-1.440650598981132458e-01 3.503223364030948472e-01
-1.084968905039602194e-01 3.635771307919566375e-01
-7.170098388331895556e-02 3.732186965457388039e-01
-3.404502157743191648e-02 3.791318691103890970e-01
4.092293856768100362e-03 3.812390179918915267e-01
4.232508958211825267e-02 3.795011314903253830e-01
8.026428381057458539e-02 3.739185035342409424e-01
1.175216162110608170e-01 3.645310108865532084e-01
1.537137045869973184e-01 3.514179733789080107e-01
1.884660841916738494e-01 3.346975943648107243e-01
2.214171825993048737e-01 3.145259845740516202e-01
2.522221964422599605e-01 2.910957731648706193e-01
2.805568190509835635e-01 2.646343161212832973e-01
3.061207713922364793e-01 2.354015229358969730e-01
3.286411058324055778e-01 2.036873183183964542e-01
3.478752412365502811e-01 1.698087640699890988e-01
3.636136938917953199e-01 1.341068696923267967e-01
3.756824718049934231e-01 9.694312407597777126e-02
3.839451033950521119e-01 5.869578405838454110e-02
3.883042754434912758e-01 1.975595870927086481e-02
3.887030593411521795e-01 -1.947646914843543728e-02
3.851257091283626366e-01 -5.859704047836782753e-02
3.775980195200510092e-01 -9.720099121725318814e-02
3.661872369826006945e-01 -1.348875504953719606e-01
3.510015219290967825e-01 -1.712642186099557762e-01
3.321889651653681108e-01 -2.059509773463398252e-01
3.099361667907442608e-01 -2.385843856680794350e-01
2.844663907739669040e-01 -2.688215147740622979e-01
2.560373133255642308e-01 -2.963436780409176019e-01
2.249383879134249087e-01 -3.208599134190420199e-01
1.914878542601606559e-01 -3.421101784098556364e-01
1.560294228634115932e-01 -3.598682207935844368e-01
1.189286704409428241e-01 -3.739440917678353848e-01
8.056918517248555511e-02 -3.841862720585842439e-01
4.134850364553596669e-02 -3.904833858326643981e-01
1.673886858819178831e-03 -3.927654841878115977e-01
-3.804202806428971795e-02 -3.910048766597913339e-01
-7.738564388206004008e-02 -3.852165012651832532e-01
-1.159468335065958478e-01 -3.754578347939688809e-01
-1.533233444771307796e-01 -3.618283365790344597e-01
-1.891251250764836023e-01 -3.444684325152096993e-01
-2.229785236437801521e-01 -3.235580497091031793e-01
-2.545303139689260585e-01 -2.993147173010252682e-01
-2.834515015426995466e-01 -2.719912539919728811e-01
-3.094408678595910178e-01 -2.418730675713931244e-01
-3.322282129008232165e-01 -2.092750962172187368e-01
-3.515772593281480396e-01 -1.745384254739054952e-01
-3.672881857549079587e-01 -1.380266185563946146e-01
-3.791997606838725665e-01 -1.001218009323677216e-01
-3.871910532610896016e-01 -6.122054296148175118e-02
-3.911827018366995090e-01 -2.172958668398465923e-02
-3.911377263891485101e-01 1.793853537597001058e-02
-3.870618760974142147e-01 5.736994031634062852e-02
-3.790035086736804892e-01 9.615384416267619416e-02
-3.670530034320548807e-01 1.338869706134381832e-01
-3.513417154026822198e-01 1.701778700000335931e-01
-3.320404830406994967e-01 2.046511003480126767e-01
-3.093577071628252906e-01 2.369512241002949549e-01
-2.835370236099882812e-01 2.667465762792704531e-01
-2.548545967240622434e-01 2.937327625942608988e-01
-2.236160682808519540e-01 3.176358525301329339e-01
-1.901531855630274881e-01 3.382152242473129844e-01
-1.548201576770807386e-01 3.552660332954871714e-01
-1.179897864417845388e-01 3.686212884838580006e-01
-8.004940520382858304e-02 3.781535039617222038e-01
-4.139667563503304087e-02 3.837759133909487419e-01
-2.435290014680261891e-03 3.854432346671260445e-01
3.642937265764794458e-02 3.831519788346992028e-01
7.479458810246868150e-02 3.769403020765291767e-01
1.122645774378993044e-01 3.668874048766654350e-01
1.484546996422055620e-01 3.531124875939719576e-01
1.829954997633747582e-01 3.357732766822040804e-01
2.155365687809510100e-01 3.150641405899721192e-01
2.457501734707158436e-01 2.912138189154152568e-01
2.733346175370564568e-01 2.644827926226014370e-01
2.980172986222986431e-01 2.351603270011611291e-01
3.195574295331711778e-01 2.035612225237722894e-01
3.377483960937134322e-01 1.700223117894880953e-01
3.524197283894154875e-01 1.348987433020287507e-01
3.634386667541903426e-01 9.856009489460361428e-02
3.707113086125464196e-01 6.138636115664466986e-02
3.741833271651394677e-01 2.376386022969393524e-02
3.738402578369834917e-01 -1.391889418702689334e-02
3.697073533341946328e-01 -5.127530984596630204e-02
3.618490130181768460e-01 -8.792477679684859715e-02
3.503678012255058150e-01 -1.234966318404013830e-01
3.354030551058552745e-01 -1.576339744461775771e-01
3.171291140697778954e-01 -1.899972963574331764e-01
2.957532004663951386e-01 -2.202678983289083348e-01
2.715129650398211414e-01 -2.481510483006454937e-01
2.446737326076051378e-01 -2.733788522274429034e-01
2.155254814471377345e-01 -2.957128095881046970e-01
1.843795924206181602e-01 -3.149460294917786896e-01
1.515654059615667293e-01 -3.309050874139634613e-01
1.174266266679471482e-01 -3.434515068796597514e-01
8.231761638678819493e-02 -3.524828548118337790e-01
4.659961732699463566e-02 -3.579334437254635959e-01
1.063694690118091764e-02 -3.597746384167423983e-01
-2.520679431974836779e-02 -3.580147692201578469e-01
-6.057246094165900235e-02 -3.526986582313005325e-01
-9.510900801154456574e-02 -3.439067690707053870e-01
-1.284770055162089697e-01 -3.317539947468799988e-01
-1.603519864858199973e-01 -3.163881019213100609e-01
-1.904275955061924819e-01 -2.979878533449015765e-01
-2.184185072085756407e-01 -2.767608333884576943e-01
-2.440630873626175590e-01 -2.529410043984905987e-01
-2.671257725047324061e-01 -2.267860240479846468e-01
-2.873991475458048672e-01 -1.985743558987932700e-01
-3.047057044729807318e-01 -1.686022070327018729e-01
-3.188992690432908006e-01 -1.371803278316967301e-01
-3.298660913643146619e-01 -1.046307060855604515e-01
-3.375255776483926384e-01 -7.128320054875367240e-02
-3.418306760744505568e-01 -3.747214896331858142e-02
-3.427679273723524545e-01 -3.532974661050510262e-03
-3.403571694601952302e-01 3.020116310325883860e-02
-3.346509113467972529e-01 6.340264379998759858e-02
-3.257333889660470883e-01 9.575255302990498540e-02
-3.137193186914274401e-01 1.269437123197279249e-01
-2.987523671068444964e-01 1.566835430856457489e-01
-2.810033581583379347e-01 1.846967389402672799e-01
-2.606682410589881704e-01 2.107277231343441803e-01
-2.379658442494659298e-01 2.345428707216446473e-01
-2.131354423167365342e-01 2.559324779754765244e-01
-1.864341640354893193e-01 2.747124646300738715e-01
-1.581342706174266033e-01 2.907257976308588177e-01
-1.285203338334887924e-01 3.038436282164854729e-01
-9.788634391842851445e-02 3.139661372856268340e-01
-6.653277708490627773e-02 3.210230870871624842e-01
-3.476365207820104886e-02 3.249740802801930339e-01
-2.883604508770742231e-03 3.258085303088148477e-01
2.880499327254456080e-02 3.235453497970859349e-01
6.000484022110511712e-02 3.182323662663269492e-01
9.042641749320573519e-02 3.099454768870628651e-01
1.197905787840391201e-01 2.987875561821637937e-01
1.478309985521602532e-01 2.848871325800740872e-01
1.742964643598969021e-01 2.683968484533767462e-01
1.989529769540513970e-01 2.494917292683942189e-01
2.215856577950980622e-01 2.283672831241910228e-01
2.420004613550522932e-01 2.052374414626133570e-01
2.600256632255387723e-01 1.803323710497175270e-01
2.755131220596190311e-01 1.538961782368055975e-01
2.883393093578346389e-01 1.261845284415607504e-01
2.984061033804800700e-01 9.746220383046473590e-02
3.056413456784347615e-01 6.800062200675749402e-02
3.099991608641115559e-01 3.807533812744404861e-02
3.114600422746447439e-01 7.963552303707909993e-03
3.100307080961979267e-01 -2.205835660166644702e-02
3.057437343084973835e-01 -5.171725056085998973e-02
2.986569724621883082e-01 -8.074558616260646415e-02
2.888527618106186412e-01 -1.088836845465306902e-01
2.764369466768835104e-01 -1.358819006925678918e-01
2.615377111433833668e-01 -1.615026765918419205e-01
2.443042442039272677e-01 -1.855224642109355448e-01
2.249052494188116258e-01 -2.077335055914640849e-01
2.035273138642601509e-01 -2.279454588851924923e-01
1.803731517738215995e-01 -2.459868605967390209e-01
1.556597387367796848e-01 -2.617064157777199696e-01
1.296163526544682754e-01 -2.749741093759764943e-01
1.024825378676545162e-01 -2.856821333808370889e-01
7.450600896549390562e-02 -2.937456258113623764e-01
4.594050496122722982e-02 -2.991032168731151963e-01
1.704362884358924871e-02 -3.017173846900823020e-01
-1.192532521367398700e-02 -3.015746233276188071e-01
-4.070755202799411498e-02 -2.986854156838125163e-01
-6.904688915226944723e-02 -2.930840187636906680e-01
-9.669193515365304137e-02 -2.848280641003904101e-01
-1.233981177015205655e-01 -2.739979779062700627e-01
-1.489296972511143236e-01 -2.606962265500336051e-01
-1.730616926667259414e-01 -2.450463939193531226e-01
-1.955817157272987938e-01 -2.271920981443664722e-01
-2.162917020951153624e-01 -2.072957560281347700e-01
-2.350095270029401717e-01 -1.855372043579706365e-01
-2.515704946256875907e-01 -1.621121880585527364e-01
-2.658286908493088796e-01 -1.372307258955552667e-01
-2.776581899328406378e-01 -1.111153651482573168e-01
-2.869541063807394821e-01 -8.399933734161801890e-02
-2.936334842034958315e-01 -5.612462776215061677e-02
-2.976360166471090918e-01 -2.773997207624172290e-02
-2.989245904184764657e-01 9.012060779792149812e-04
-2.974856494260999518e-01 2.954290214686136271e-02
-2.933293740954913686e-01 5.792866752943084951e-02
-2.864896734075010887e-01 8.580376101849043757e-02
-2.770239879460245636e-01 1.129172992335167741e-01
-2.650129034288554730e-01 1.390243901901050128e-01
-2.505595754304680844e-01 1.638882339520526810e-01
-2.337889620481239938e-01 1.872821728368843086e-01
-2.148468843499395653e-01 2.089916767112400542e-01
-1.938989073253886142e-01 2.288162507128932988e-01
-1.711290371524059051e-01 2.465712427983310917e-01
-1.467382585458956168e-01 2.620895384974594733e-01
-1.209429156429086549e-01 2.752231275060365578e-01
-9.397294672838589491e-02 2.858445274742119624e-01
-6.606998451256335114e-02 2.938480510458115202e-01
-3.748533505188375581e-02 2.991509030404811420e-01
-8.477849744521797487e-03 3.016940956523048167e-01
2.068829388655987062e-02 3.014431706651365950e-01
4.974588570252208575e-02 2.983887189558738773e-01
7.842703271292095213e-02 2.925466889694216532e-01
1.064655460516315960e-01 2.839584773981253529e-01
1.335993452401093851e-01 2.726907969767766171e-01
1.595728590767546695e-01 2.588353181023461125e-01
1.841394019144622918e-01 2.425080828934950417e-01
2.070635036875880519e-01 2.238486923044912258e-01
2.281231718389192253e-01 2.030192689850419119e-01
2.471120632895685287e-01 1.802032007132446656e-01
2.638415448009401310e-01 1.556036714029358503e-01
2.781426205068319724e-01 1.294419888769929583e-01
2.898677060516949844e-01 1.019557207809475285e-01
2.988922296618369279e-01 7.339665216165512651e-02
3.051160416008341647e-01 4.402858032788275339e-02
3.084646105056330079e-01 1.412496576786382088e-02
3.088900046211182637e-01 -1.603354287430277733e-02
3.063716342276053273e-01 -4.616169126459186006e-02
3.009167350712769751e-01 -7.597228085669315012e-02
2.925605966186952123e-01 -1.051788876688017904e-01
2.813665234286299999e-01 -1.334986127215735674e-01
2.674255249378388877e-01 -1.606548377080462831e-01
2.508557316121639569e-01 -1.863799587642205879e-01
2.318015381716858614e-01 -2.104180707791338534e-01
2.104324774300169454e-01 -2.325275745402458627e-01
1.869418311623994577e-01 -2.524836791652455559e-01
1.615449873027028638e-01 -2.700807727330888364e-01
1.344775556320280951e-01 -2.851346347996250863e-01
1.059932569268779157e-01 -2.974844655671619598e-01
7.636160324783375364e-02 -3.069947078694447717e-01
4.586538963548236758e-02 -3.135566398264181265e-01
1.479801990461440502e-02 -3.170897180053620645e-01
-1.653930854285609597e-02 -3.175426531810695008e-01
-4.784053396306314765e-02 -3.148942032982874895e-01
-7.879774490406231402e-02 -3.091536709814695638e-01
-1.091042500967746715e-01 -3.003610958832235167e-01
-1.384576723176283719e-01 -2.885871352835935322e-01
-1.665630341135391213e-01 -2.739326296144320994e-01
-1.931358028032851559e-01 -2.565278529508786542e-01
-2.179048620537874514e-01 -2.365314519474509825e-01
-2.406153741475389463e-01 -2.141290817068357277e-01
-2.610315122886746053e-01 -1.895317458542132849e-01
-2.789390234838901028e-01 -1.629738536226353340e-01
-2.941475863494679155e-01 -1.347110168229213312e-01
-3.064929469872559875e-01 -1.050176029846194015e-01
-3.158388036145151068e-01 -7.418406864602085371e-02
-3.220784167588974234e-01 -4.251409879186113239e-02
-3.251359245522079666e-01 -1.032158094681005778e-02
-3.249673456574599939e-01 2.207255534746408246e-02
-3.215612556115683418e-01 5.434360104558923210e-02
-3.149391258256827864e-01 8.616639792726901725e-02
-3.051553181182304342e-01 1.172187013915373943e-01
-2.922967314210107026e-01 1.471845395848553617e-01
-2.764821011526230055e-01 1.757575323584778804e-01
-2.578609556508518197e-01 2.026441335965474266e-01
-2.366122379498824813e-01 2.275667609265369651e-01
-2.129426050322799080e-01 2.502667777178291808e-01
-1.870844204324292048e-01 2.705072935869361483e-01
-1.592934596711420847e-01 2.880757513483425680e-01
-1.298463514151172171e-01 3.027862704621508971e-01
-9.903778043650196539e-02 3.144817195124510745e-01
-6.717748135595282000e-02 3.230354930775530820e-01
-3.458705474935324514e-02 3.283529714942566291e-01
-1.596639449218575056e-03 3.303726454382319710e-01
3.145852325367384100e-02 3.290668909025668554e-01
6.424159335624396450e-02 3.244423863835248500e-01
9.641767575066866047e-02 3.165401599020554180e-01
1.276573561448228478e-01 3.054352645981523451e-01
1.576401856803444912e-01 2.912360918638717822e-01
1.860580851485275633e-01 2.740833213582571926e-01
2.126186274263024423e-01 2.541485196091835541e-01
2.370481613929333042e-01 2.316324012974132762e-01
2.590947422261818400e-01 2.067627712138932761e-01
2.785308350341512140e-01 1.797921685849583895e-01
2.951557612330310554e-01 1.509952389258157335e-01
3.087978599036184657e-01 1.206658617673991157e-01
3.193163395181442543e-01 8.911406546562097852e-02
3.266027988866284093e-01 5.666276280929301301e-02
3.305823998878116843e-01 2.364434326197287564e-02
3.312146784794629539e-01 -9.602840623112722518e-03
3.284939845794875302e-01 -4.273805380884324046e-02
3.224495456235011992e-01 -7.542178678049440976e-02
3.131451528855662692e-01 -1.073193509821862152e-01
3.006784739448342680e-01 -1.381044218316235250e-01
2.851799989399256274e-01 -1.674624900474614986e-01
2.668116324233704706e-01 -1.950941830707051405e-01
2.457649466598449406e-01 -2.207184198569127620e-01
2.222591160554878431e-01 -2.440753642414328350e-01
1.965385560148516786e-01 -2.649291444118914152e-01
1.688702928535607550e-01 -2.830703087320411426e-01
1.395410974951984961e-01 -2.983179944767958003e-01
1.088544043643537435e-01 -3.105217776634555671e-01
7.712706003739380756e-02 -3.195631870538777619e-01
4.468594230764119657e-02 -3.253568756949738461e-01
1.186447741011253942e-02 -3.278514288719759362e-01
-2.100090200129606233e-02 -3.270298032792129383e-01
-5.357431875014422723e-02 -3.229093939345594744e-01
-8.552399347325707890e-02 -3.155417296067292154e-01
-1.165257283637411989e-01 -3.050118017389295000e-01
-1.462662941453707066e-01 -2.914370359872950345e-01
-1.744466834007802336e-01 -2.749659194984605537e-01
-2.007851950977920519e-01 -2.557763008799868176e-01
-2.250203172803064700e-01 -2.340733834249691947e-01
-2.469133773842160928e-01 -2.100874354959629819e-01
-2.662509324720669368e-01 -1.840712450148584423e-01
-2.828468748160026247e-01 -1.562973477100914332e-01
-2.965442316566879177e-01 -1.270550611105813188e-01
-3.072166415832644493e-01 -9.664735822191206083e-02
-3.147694937704502149e-01 -6.538761635445722309e-02
-3.191407202263918386e-01 -3.359627768066272141e-02
-3.203012352004206975e-01 -1.597458770271673869e-03
-3.182550199245550160e-01 3.028445341582156058e-02
-3.130388548677067728e-01 6.172818179838114594e-02
-3.047217056190965612e-01 9.241887908122708994e-02
-2.934037723407622589e-01 1.220513516979069568e-01
-2.792152200763120540e-01 1.503331575277563059e-01
-2.623145940143489230e-01 1.769875350938587277e-01
-2.428869518496077906e-01 2.017561373792051693e-01
-2.211417415515942730e-01 2.244015535968008068e-01
-1.973104383458446631e-01 2.447095831323438109e-01
-1.716439735472521377e-01 2.624912428360355876e-01
-1.444099853783878673e-01 2.775844891399173453e-01
-1.158899234797332034e-01 2.898556398913156307e-01
-8.637604000456611253e-02 2.992004843300996586e-01
-5.616830098091943335e-02 3.055450732532322689e-01
-2.557125201368984010e-02 3.088461850599617531e-01
5.109127606240175881e-03 3.090914670107551276e-01
3.556854871505783777e-02 3.062992546194204802e-01
6.550748111450886702e-02 3.005180755889394484e-01
9.463413567486315958e-02 2.918258480574867364e-01
1.226673294184324609e-01 2.803287861045553608e-01
1.493392050936429016e-01 2.661600284434939567e-01
1.743977788326732392e-01 2.494780089649122345e-01
1.976092918269160836e-01 2.304645902677342484e-01
2.187603445206501296e-01 2.093229834975384174e-01
2.376597945788513633e-01 1.862754796856968265e-01
2.541404027930340148e-01 1.615610193325423272e-01
2.680602141113717640e-01 1.354326281925671005e-01
2.793036640775702351e-01 1.081547480931744354e-01
2.877824040985263454e-01 8.000049214885446291e-02
2.934358465648720382e-01 5.124885001198090095e-02
2.962314140945119800e-01 2.218188237591164555e-02
2.961645090416247239e-01 -6.918068765887675636e-03
2.932582155866014229e-01 -3.577113758131686416e-02
2.875627282824329001e-01 -6.410262150361109579e-02
2.791545232795912268e-01 -9.164557505736080356e-02
2.681352856317431033e-01 -1.181432862362169350e-01
2.546306082904379875e-01 -1.433516130659091836e-01
2.387884803691466828e-01 -1.670411599824507265e-01
2.207775839802081086e-01 -1.889992758144136975e-01
2.007854204106002405e-01 -2.090318574493876536e-01
1.790162875959064870e-01 -2.269649456570435597e-01
1.556891317719703571e-01 -2.426461020033582605e-01
1.310352968297400222e-01 -2.559455582914690885e-01
1.052961952734032813e-01 -2.667571324740427019e-01
7.872092479111580943e-02 -2.749989074707437919e-01
5.156385430055224206e-02 -2.806136717645995593e-01
2.408220294017958049e-02 -2.835691230167524113e-01
-3.466365143832368222e-03 -2.838578382063676742e-01
-3.082610819895736931e-02 -2.814970159496958946e-01
-5.774551546763008469e-02 -2.765279986603609852e-01
-8.397953720169748504e-02 -2.690155840654652186e-01
-1.092917176566494258e-01 -2.590471372754148405e-01
-1.334562141153095294e-01 -2.467315161087331177e-01
-1.562596865803062562e-01 -2.321978236886004798e-01
-1.775030495266414765e-01 -2.155940000193975747e-01
-1.970030567485693274e-01 -1.970852766862319916e-01
-2.145937232216866275e-01 -1.768525106974213612e-01
-2.301275839711321991e-01 -1.550904037601679164e-01
-2.434767670710164811e-01 -1.320056340726999400e-01
-2.545338816606354526e-01 -1.078149162672283057e-01
-2.632127178508049670e-01 -8.274300737415443696e-02
-2.694487570603997240e-01 -5.702067652374538664e-02
-2.731994929206125189e-01 -3.088265580010787770e-02
-2.744445644007230678e-01 -4.565589226902797004e-03
-2.731857042345441910e-01 2.169400369118859931e-02
-2.694465070535272955e-01 4.766173410830378682e-02
-2.632720228550869956e-01 7.310730464771801607e-02
-2.547281825493737939e-01 9.780641070044525376e-02
-2.439010633327254318e-01 1.215425689208760596e-01
-2.308960025313337716e-01 1.441088605679029799e-01
-2.158365693458573764e-01 1.653095783155788256e-01
-1.988634046098183839e-01 1.849617661569721849e-01
-1.801329392559413989e-01 2.028966430377751040e-01
-1.598160026703885350e-01 2.189609018728981005e-01
-1.380963325112334328e-01 2.330178766115622302e-01
-1.151689978811594878e-01 2.449485710174695297e-01
-9.123874798228408245e-02 2.546525438151143739e-01
-6.651829855034421812e-02 2.620486458171677469e-01
-4.122656847326156004e-02 2.670756055884470070e-01
-1.558687383334481091e-02 2.696924584899151323e-01
1.017489109466942349e-02 2.698788230437546010e-01
3.583208690504268573e-02 2.676350248068189996e-01
6.115917310117239408e-02 2.629820584075296952e-01
8.593353434790050593e-02 2.559613955437359811e-01
1.099372825371785212e-01 2.466346392287286915e-01
1.329590227418749604e-01 2.350830267782639538e-01
1.547955713333376282e-01 2.214067848131349159e-01
1.752536147685652135e-01 2.057243403256310832e-01
1.941512978138709156e-01 1.881713926269443782e-01
2.113197302660760613e-01 1.688998517586009773e-01
2.266044015628090880e-01 1.480766497159949624e-01
2.398664930443622778e-01 1.258824315969384322e-01
2.509840780452878284e-01 1.025101345527355545e-01
2.598532004594992784e-01 7.816346318249596525e-02
2.663888229432805343e-01 5.305527077088099258e-02
2.705256365014797049e-01 2.740585652168108996e-02
2.722187238483206317e-01 1.441189679807132733e-03
2.714440696503323536e-01 -2.460892784356368684e-02
2.681989115488911390e-01 -5.051274803104330996e-02
2.625019267269789736e-01 -7.603849952930631650e-02
2.543932497311169327e-01 -1.009563330341660264e-01
2.439343182859958770e-01 -1.250402751277361058e-01
2.312075449456468812e-01 -1.480701759017177266e-01
2.163158136091062334e-01 -1.698336352731134036e-01
1.993817964081228133e-01 -1.901278907136471907e-01
1.805471079609182183e-01 -2.087616541244801116e-01
1.599712883270966168e-01 -2.255568840262300589e-01
1.378306102292739810e-01 -2.403504698419686170e-01
1.143167314893252934e-01 -2.529958171747507811e-01
8.963519502524641691e-02 -2.633643179120817024e-01
6.400378538140379103e-02 -2.713466901469920312e-01
3.765075229378024579e-02 -2.768541734799355725e-01
1.081291330339640908e-02 -2.798195660028514609e-01
-1.626635109274319341e-02 -2.801980901696035642e-01
-4.333919484209141498e-02 -2.779680758267417673e-01
-7.015548002975847963e-02 -2.731314499139281815e-01
-9.646500935259520737e-02 -2.657140237408006644e-01
-1.220197987234770687e-01 -2.557655703003691161e-01
-1.465763703506753057e-01 -2.433596857795637947e-01
-1.698980457865185978e-01 -2.285934312639876509e-01
-1.917572177610000483e-01 -2.115867525923846026e-01
-2.119375791267325282e-01 -1.924816783805094467e-01
-2.302362869572791571e-01 -1.714412983853000338e-01
-2.464660397750561838e-01 -1.486485265975659165e-01
-2.604570460491799078e-01 -1.243046557119372314e-01
-2.720588625067381083e-01 -9.862771190189498216e-02
-2.811420814492427978e-01 -7.185062109919496121e-02
-2.875998471627026487e-01 -4.421920021362308467e-02
-2.913491826549665653e-01 -1.598998890269625467e-02
-2.923321054764475568e-01 1.257205899117572016e-02
-2.905165293126227288e-01 4.119600723645717999e-02
-2.858969280526633128e-01 6.960747250622340010e-02
-2.784947433154698060e-01 9.753123421522368053e-02
-2.683585380342477511e-01 1.246938978576181134e-01
-2.555638848962026866e-01 1.508265855640616715e-01
-2.402129851563767626e-01 1.756676271631221198e-01
-2.224340160817556422e-01 1.989652243408755738e-01
-2.023802081201170333e-01 2.204800600879917027e-01
-1.802286557968663105e-01 2.399878255199320298e-01
-1.561788692895893504e-01 2.572816363638512072e-01
-1.304510765799069549e-01 2.721743119326284766e-01
-1.032842890000104097e-01 2.845004902554180704e-01
-7.493414584089799768e-02 2.941185542044206791e-01
-4.567055643450741720e-02 3.009123449443567022e-01
-1.577516072658390750e-02 3.047926408252464858e-01
1.446136821399630380e-02 3.056983819272481862e-01
4.474215408456741483e-02 3.035976228310066638e-01
7.476705199455904727e-02 2.984881988068376346e-01
1.042356585204518293e-01 2.903980934658038637e-01
1.328503664161051478e-01 2.793854989665188748e-01
1.603194321417472368e-01 2.655385630912320827e-01
1.863600236356797724e-01 2.489748208583506539e-01
2.107012153739621640e-01 2.298403117885338964e-01
2.330868977574702405e-01 2.083083874482297149e-01
2.532785654645992035e-01 1.845782190116479482e-01
2.710579621537687056e-01 1.588730129204559138e-01
2.862295433472814565e-01 1.314379495707070911e-01
2.986227236189946121e-01 1.025378688479771649e-01
3.080938896380287506e-01 7.245471980135763379e-02
3.145281509401971487e-01 4.148479988969419607e-02
3.178408059434401078e-01 9.935811032295065182e-03
3.179785035887088829e-01 -2.187623784833491597e-02
3.149200841265302198e-01 -5.363024995546566975e-02
3.086770859484289087e-01 -8.500334777147373899e-02
2.992939089444460188e-01 -1.156742331420227976e-01
2.868476286129557629e-01 -1.453265641395194985e-01
2.714474590139855370e-01 -1.736523119029245443e-01
2.532338665972630465e-01 -2.003550604201302099e-01
2.323773409046595018e-01 -2.251532124174481508e-01
2.090768320959372761e-01 -2.477830651517630989e-01
1.835578691287251818e-01 -2.680017209626214814e-01
1.560703761906344078e-01 -2.855897989265895887e-01
1.268862085864667089e-01 -3.003539158518915286e-01
9.629643268099791209e-02 -3.121289071395739745e-01
6.460837764442449449e-02 -3.207797606950897329e-01
3.214248960244275172e-02 -3.262032400731531556e-01
-7.709786814975168020e-04 -3.283291763464067925e-01
-3.379540730182638980e-02 -3.271214117680125155e-01
-6.659134082488847584e-02 -3.225783821092115256e-01
-9.882007173568096992e-02 -3.147333309261330925e-01
-1.301472432326949979e-01 -3.036541444460787442e-01
-1.602464249440999355e-01 -2.894428087376050840e-01
-1.888026195809716923e-01 -2.722344991889795729e-01
-2.155156674480089019e-01 -2.521963032494647927e-01
-2.401035080578006464e-01 -2.295255903120101415e-01
-2.623052618499313593e-01 -2.044480448186895838e-01
-2.818840968438596217e-01 -1.772153825985833264e-01
-2.986298473046828383e-01 -1.481027741656905372e-01
-3.123613541490016798e-01 -1.174060021658646785e-01
-3.229284998344276736e-01 -8.543838332361229637e-02
-3.302139138264563734e-01 -5.252748806222230782e-02
-3.341343283817213017e-01 -1.901169341850300967e-02
-3.346415682845140238e-01 1.476339308470149027e-02
-3.317231622780543177e-01 4.844859933527814050e-02
-3.254025681947710913e-01 8.169490386832678475e-02
-3.157390081600762177e-01 1.141571593246897137e-01
-3.028269146696269676e-01 1.454977828039693555e-01
-2.867949927678936084e-01 1.753903720565882507e-01
-2.678049079328231885e-01 2.035232072114307178e-01
-2.460496135448903832e-01 2.296025989593797889e-01
-2.217513359374512216e-01 2.533560457946903988e-01
-1.951592389394767868e-01 2.745351650360338680e-01
-1.665467934843859743e-01 2.929183648822101249e-01
-1.362088812257948867e-01 3.083132276738792532e-01
-1.044586656246546952e-01 3.205585813701138376e-01
-7.162425891002549561e-02 3.295262261306411422e-01
-3.804522908265705466e-02 3.351223020214946224e-01
-4.068986201530666418e-03 3.372882915995579767e-01
2.995291728958744681e-02 3.360016359320046053e-01
6.366852895332732187e-02 3.312759606888602826e-01
9.672924005244884493e-02 3.231609102247783305e-01
1.287934891837055895e-01 3.117415920022971187e-01
1.595303850216064079e-01 2.971376381077296402e-01
1.886232083457284603e-01 2.795018949201676373e-01
2.157727549873237338e-01 2.590187561628739532e-01
2.407004832322279242e-01 2.359021585454906811e-01
2.631514315332026954e-01 2.103932629484515093e-01
2.828968750864903625e-01 1.827578475643222566e-01
2.997366928806906583e-01 1.532834425546975021e-01
3.135014201931301536e-01 1.222762385700443127e-01
3.240539651480758843e-01 9.005780388234278788e-02
3.312909718177750040e-01 5.696164687030652596e-02
3.351438163942980220e-01 2.332966215331679777e-02
3.355792271384701042e-01 -1.049150022266724137e-02
3.325995230715725892e-01 -4.415410249610212529e-02
3.262424706650854933e-01 -7.731298356240390302e-02
3.165807620527288369e-01 -1.096291800507747660e-01
3.037211224873013204e-01 -1.407734648815451572e-01
2.878030588434818959e-01 -1.704297652568319832e-01
2.689972666799733680e-01 -1.982984284741131642e-01
2.475037075482232896e-01 -2.240992873327281032e-01
2.235493887335754382e-01 -2.475745003201922645e-01
1.973858717749714387e-01 -2.684911490541321277e-01
1.692865320705697618e-01 -2.866435522902627819e-01
1.395436037295037512e-01 -3.018552778062306152e-01
1.084650430991798142e-01 -3.139808326912220671e-01
7.637124609785113372e-02 -3.229070162860747661e-01
4.359165576778380874e-02 -3.285539238725954103e-01
1.046129732515470138e-02 -3.308755931573765796e-01
-2.268272158583219122e-02 -3.298602895875856755e-01
-5.550470772480095571e-02 -3.255304305270441123e-01
-8.767383888429945704e-02 -3.179421522641650566e-01
-1.188675438612357971e-01 -3.071845276739775255e-01
-1.487747705469176229e-01 -2.933784460713270148e-01
-1.770991085205657900e-01 -2.766751703304907717e-01
-2.035617344930705230e-01 -2.572545896697148726e-01
-2.279041512349770648e-01 -2.353231895726317635e-01
-2.498906932038942319e-01 -2.111117631107924941e-01
-2.693107749273920271e-01 -1.848728904151307750e-01
-2.859808612612084189e-01 -1.568782151957659465e-01
-2.997461418904311392e-01 -1.274155490102047150e-01
-3.104818958330391454e-01 -9.678583541532884138e-02
-3.180945351996639636e-01 -6.530000719876193072e-02
-3.225223210191278667e-01 -3.327577056509849890e-02
-3.237357502525126107e-01 -1.034344690921688110e-03
-3.217376029626490275e-01 3.110279309411250262e-02
-3.165626652563302557e-01 6.281713080847087238e-02
-3.082771365638288241e-01 9.379629563229616163e-02
-2.969777217192683394e-01 1.237371293139921946e-01
-2.827904249667867465e-01 1.523486399391953405e-01
-2.658690619618335749e-01 1.793548015780963567e-01
-2.463935085033803485e-01 2.044971753555553107e-01
-2.245677071481396170e-01 2.275373277588230714e-01
-2.006174550012275459e-01 2.482590244792890199e-01
-1.747879978319464012e-01 2.664701807452090065e-01
-1.473414572151567903e-01 2.820045519083418384e-01
-1.185541186385674073e-01 2.947231509645979464e-01
-8.871360943860311099e-02 3.045153826826134669e-01
-5.811599603053543839e-02 3.112998870502075577e-01
-2.706283018414382124e-02 3.150250877931131122e-01
4.141825930197170179e-03 3.156694447402408898e-01
3.519436652956411254e-02 3.132414117734529380e-01
6.579457206577825346e-02 3.077791049774500909e-01
9.564847425382858037e-02 2.993496883689333310e-01
1.244711295588056682e-01 2.880484872079257519e-01
1.519892758131468902e-01 2.739978413547513592e-01
1.779438482475886874e-01 2.573457134130457957e-01
2.020923330246415794e-01 2.382640684745040704e-01
2.242109383380314069e-01 2.169470441398679839e-01
2.440965692810997956e-01 1.936089250761139913e-01
2.615685759300526714e-01 1.684819602498071889e-01
2.764702763610817349e-01 1.418140386367308658e-01
2.886702480832749607e-01 1.138662311841979885e-01
2.980633658339553738e-01 8.491024102758901182e-02
3.045715850087795107e-01 5.522578176482837581e-02
3.081444671689342329e-01 2.509790877380456420e-02
3.087594464700766927e-01 -5.185671503936666038e-03
3.064218382057012358e-01 -3.533728967548856875e-02
3.011645929315114323e-01 -6.507197476567633254e-02
2.930478018189614509e-01 -9.411006540261666886e-02
2.821579609591544080e-01 -1.221797482646418270e-01
2.686070042883293429e-01 -1.490195022899783728e-01
2.525311166208740743e-01 -1.743804283623284490e-01
2.340893399447650514e-01 -1.980284455359341278e-01
2.134619876491163637e-01 -2.197463363358594934e-01
1.908488827075880967e-01 -2.393356252459462596e-01
1.664674370301169049e-01 -2.566182761610796281e-01
1.405505902159065734e-01 -2.714381963152474042e-01
1.133446267915651229e-01 -2.836625359859523687e-01
8.510689169997644188e-02 -2.931827751030290918e-01
5.610342431959061682e-02 -2.999155897406489135e-01
2.660653164318851557e-02 -3.038034933309771146e-01
-3.107678566244670079e-03 -3.048152492931470170e-01
-3.276178379229209570e-02 -3.029460536094081835e-01
-6.207953645453620495e-02 -2.982174820920278080e-01
-9.078831837546846861e-02 -2.906772190063099948e-01
-1.186215567502575674e-01 -2.803985660656357348e-01
-1.453210893699275752e-01 -2.674797214816506119e-01
-1.706394429807509550e-01 -2.520428521218138207e-01
-1.943420130059655415e-01 -2.342329630882486746e-01
-2.162091273819403137e-01 -2.142165747920145302e-01
-2.360379782396790638e-01 -1.921802189639730263e-01
-2.536444062356210671e-01 -1.683287663220381924e-01
-2.688645234960468922e-01 -1.428835998003276930e-01
-2.815561623801121072e-01 -1.160806483346022988e-01
-2.916001385808974500e-01 -8.816829718667650029e-02
-2.989013184652428157e-01 -5.940519167476219359e-02
-3.033894819949807253e-01 -3.005795195373432011e-02
-3.050199740680319405e-01 -3.988171559532408678e-04
-3.037741386611886307e-01 2.929676224353604599e-02
-2.996595317406446912e-01 5.875256453687554420e-02
-2.927099105247447652e-01 8.769404975043348927e-02
-2.829849983290237403e-01 1.158508056560697830e-01
-2.705700258891252097e-01 1.429589669437932031e-01
-2.555750517349741346e-01 1.687635877309597021e-01
-2.381340658715273007e-01 1.930209477715516819e-01
-2.184038826989884441e-01 2.155007730502001007e-01
-1.965628307694209376e-01 2.359883519014706055e-01
-1.728092486175123177e-01 2.542865283870502369e-01
-1.473597915399473268e-01 2.702175507993459513e-01
-1.204475819344926341e-01 2.836247698164758857e-01
-9.232020002950939996e-02 2.943741685848983436e-01
-6.323752078313356340e-02 3.023556960845438790e-01
-3.346943292561052608e-02 3.074844032342624045e-01
-3.293451278468092526e-03 3.097013667173641460e-01
2.700775850004123735e-02 3.089743902046025448e-01
5.714892255026337436e-02 3.052984743010533908e-01
8.684474772231559614e-02 2.986960483041605219e-01
1.158125348905795077e-01 2.892169587236982919e-01
1.437747941880002656e-01 2.769382114699562303e-01
1.704618392341091804e-01 2.619634666519563559e-01
1.956143371674439746e-01 2.444222870292265259e-01
2.189857912190287248e-01 2.244691433133775560e-01
2.403449326875044534e-01 2.022821817027967706e-01
2.594779995056453181e-01 1.780617612370860581e-01
2.761908791279485409e-01 1.520287707581507441e-01
2.903110942235247460e-01 1.244227374416804477e-01
3.016896106294202351e-01 9.549974099484546952e-02
3.102024482063512334e-01 6.553014968129465545e-02
3.157520766388965949e-01 3.479619631048260636e-02
3.182685798302928859e-01 3.589414192217772054e-03
3.177105743504226587e-01 -2.779204521359529556e-02
3.140658693941488222e-01 -5.904618965013273130e-02
3.073518578829171344e-01 -8.987003372483581831e-02
2.976156246687944873e-01 -1.199624875762011905e-01
2.849337860956077662e-01 -1.490272673054727492e-01
2.694120421316179570e-01 -1.767757998299172850e-01
2.511844303877280304e-01 -2.029300825000974751e-01
2.304123036768302990e-01 -2.272254782741290335e-01
2.072830298571065599e-01 -2.494134162004372490e-01
1.820084221910732158e-01 -2.692639693173120574e-01
1.548229112957224818e-01 -2.865682827204129590e-01
1.259814725630274967e-01 -3.011408254878777946e-01
9.575732566284754499e-02 -3.128214413860904153e-01
6.443942537011199123e-02 -3.214771748032905774e-01
3.232976545326363138e-02 -3.270038501653638185e-01
-2.594803100102700886e-04 -3.293273851670256436e-01
-3.300895379116902673e-02 -3.284048204873750709e-01
-6.559521673784439455e-02 -3.242250512330782097e-01
-9.769393381027681456e-02 -3.168092481435145213e-01
-1.289831032927151733e-01 -3.062109595750307500e-01
-1.591463032714888759e-01 -2.925158884279836502e-01
-1.878759203190088212e-01 -2.758413414596716517e-01
-2.148763273086998216e-01 -2.563353518052257640e-01
-2.398669769230943327e-01 -2.341754789716047613e-01
-2.625853777154704694e-01 -2.095672940397628747e-01
-2.827899202499659093e-01 -1.827425612682625489e-01
-3.002625218772885241e-01 -1.539571306986031729e-01
-3.148110600998142994e-01 -1.234885596784227602e-01
-3.262715608282460988e-01 -9.163348690809047792e-02
-3.345101329097708298e-01 -5.870477798029390126e-02
-3.394246114967150452e-01 -2.502846800343841438e-02
-3.409458794963475814e-01 9.059460014040957715e-03
-3.390388661340809073e-01 4.321643570483257174e-02
-3.337032020438919222e-01 7.709676582104983689e-02
-3.249735196398170767e-01 1.103551672829988367e-01
-3.129193912009799461e-01 1.426503321689605031e-01
-2.976449009275625168e-01 1.736484871414207543e-01
-2.792878511548843590e-01 2.030269093350990373e-01
-2.580186069037619379e-01 2.304773606798848073e-01
-2.340385869523428364e-01 2.557094030054935518e-01
-2.075784135913958106e-01 2.784535570773520319e-01
-1.788957371248541262e-01 2.984642699428781687e-01
-1.482727549535874656e-01 3.155226566166874913e-01
-1.160134486869055792e-01 3.294389841899573179e-01
-8.244056611842993931e-02 3.400548688955889465e-01
-4.789237803783663594e-02 3.472451594743860004e-01
-1.271924268707902775e-02 3.509194833408205150e-01
2.271998682848462917e-02 3.510234355081799928e-01
5.806167473115717015e-02 3.475393939658467102e-01
9.294119518818580450e-02 3.404869491661686176e-01
1.269967648713231090e-01 3.299229394314695529e-01
1.598732741127735502e-01 3.159410883869995801e-01
1.912260749114592651e-01 2.986712449143905657e-01
2.207246796508519349e-01 2.782782327385608934e-01
2.480563440026453126e-01 2.549603143976836850e-01
2.729294824119968821e-01 2.289472824065159340e-01
2.950768696725744045e-01 2.004982034653585432e-01
3.142586060341526211e-01 1.698988320657892903e-01
3.302648067227930695e-01 1.374587205627625930e-01
3.429179844184825909e-01 1.035080552490902361e-01
3.520750964267239658e-01 6.839425127243543845e-02
3.576292318242506041e-01 3.247834219049844373e-02
3.595109177162287839e-01 -3.868797471021800331e-03
3.576890278702703485e-01 -4.027035614453217116e-02
3.521712813449116575e-01 -7.634757341828607435e-02
3.430043232573636858e-01 -1.117237690670978972e-01
3.302733844852204226e-01 -1.460283687423566679e-01
3.141015218154385447e-01 -1.789008819162506703e-01
2.946484447860344691e-01 -2.099947879537016893e-01
2.721089401557272303e-01 -2.389812869742898860e-01
2.467109095285251463e-01 -2.655528734594573836e-01
2.187130400991157408e-01 -2.894266923453671647e-01
1.884021327174781602e-01 -3.103476396008101879e-01
1.560901154462249196e-01 -3.280911719984682673e-01
1.221107744534114109e-01 -3.424657939169767906e-01
8.681623740200712647e-02 -3.533151925257082548e-01
5.057324742403301876e-02 -3.605199965642787996e-01
1.375926826620536836e-02 -3.639991380903229157e-01
-2.324153313285290054e-02 -3.637108035026878072e-01
-6.004239469376063815e-02 -3.596529562821454418e-01
-9.625810237058021746e-02 -3.518634252687412589e-01
-1.315091168271140531e-01 -3.404195645826674221e-01
-1.654256494862237359e-01 -3.254374812020892072e-01
-1.976516385972010292e-01 -3.070708396424854936e-01
-2.278485811350714485e-01 -2.855092563234237768e-01
-2.556991779062782744e-01 -2.609763008619775948e-01
-2.809107512900170800e-01 -2.337271259931423539e-01
-3.032183975699367928e-01 -2.040457520336463326e-01
-3.223878387776574761e-01 -1.722420357264513591e-01
-3.382179423428881559e-01 -1.386483568824526946e-01
-3.505428805852042751e-01 -1.036160594309907534e-01
-3.592339061456590876e-01 -6.751168626400536055e-02
-3.642007237943584719e-01 -3.071304957734576069e-02
-3.653924436116485208e-01 6.394819750302748254e-03
-3.627981052716369725e-01 4.342379886650333393e-02
-3.564467680014538620e-01 7.998683005211520980e-02
-3.464071656906829166e-01 1.157020622477321070e-01
-3.327869315249174509e-01 1.501969312621416197e-01
-3.157314013577154910e-01 1.831121336925091159e-01
-2.954220097594650873e-01 2.141054508687107727e-01
-2.720742972344855626e-01 2.428553809162229404e-01
-2.459355514260367637e-01 2.690645392908578848e-01
-2.172821091825500595e-01 2.924627908463652282e-01
-1.864163533830491826e-01 3.128100828862512284e-01
-1.536634269551405696e-01 3.298989405191199986e-01
-1.193677114690108038e-01 3.435566002887955328e-01
-8.388911441323565477e-02 3.536467692173455579e-01
-4.759919592265959148e-02 3.600709819869239436e-01
-1.087718202501942490e-02 3.627695452677470733e-01
2.589409139473635921e-02 3.617220604256841110e-01
6.233225914249521799e-02 3.569475205984008470e-01
9.805948694892728523e-02 3.485039829047034132e-01
1.327064670182857842e-01 3.364878212916806999e-01
1.659163054797566372e-01 3.210325701733063863e-01
1.973482597765441326e-01 3.023073735186666555e-01
2.266812859437855043e-01 2.805150583563566502e-01
2.536173580848983256e-01 2.558898557250543493e-01
2.778845251262019311e-01 2.286947958733860364e-01
2.992396730761098245e-01 1.992188079533313005e-01
3.174709644981221768e-01 1.677735575232862097e-01
3.323999306828679945e-01 1.346900578470313359e-01
3.438831960271041543e-01 1.003150932158300146e-01
3.518138183479259662e-01 6.500749431067394390e-02
3.561222332277168556e-01 2.913430694387328379e-02
3.567767949475077471e-01 -6.933103636888648946e-03
3.537839110708678181e-01 -4.282297033813597942e-02
3.471877722347427864e-01 -7.816702128133266869e-02
3.370696831360557311e-01 -1.126043145092536363e-01
3.235470086084866193e-01 -1.457849735836355409e-01
3.067717365102026195e-01 -1.773737743416757273e-01
2.869286876631559902e-01 -2.070535490249280075e-01
2.642333997683642410e-01 -2.345283840904860695e-01
2.389296989957291617e-01 -2.595265679046848684e-01
2.112869922694846636e-01 -2.818032621379490399e-01
1.815973116088941131e-01 -3.011428708721665681e-01
1.501721442372168647e-01 -3.173610849871600359e-01
1.173390841224059289e-01 -3.303065831521618811e-01
8.343834214403357541e-02 -3.398623746659439893e-01
4.881915318137411419e-02 -3.459467734185907029e-01
1.383611908137697202e-02 -3.485139963415124775e-01
-2.115447330836795967e-02 -3.475543838228158933e-01
-5.579832006328351579e-02 -3.430942436458693789e-01
-8.974671571415253346e-02 -3.351953240143202284e-01
-1.226600790804031338e-01 -3.239539251130933994e-01
-1.542113535278394065e-01 -3.094996623803892843e-01
-1.840892475738881429e-01 -2.919938981914466658e-01
-2.120012839046807596e-01 -2.716278619449501441e-01
-2.376766273211980973e-01 -2.486204815649829536e-01
-2.608686648632759231e-01 -2.232159521566600136e-01
-2.813573143349077377e-01 -1.956810699573634793e-01
-2.989510406344077498e-01 -1.663023617873728432e-01
-3.134885626394881553e-01 -1.353830419076103020e-01
-3.248402368700170073e-01 -1.032398295265536392e-01
-3.329091120632092782e-01 -7.019965682221218639e-02
-3.376316328452653726e-01 -3.659631336207040675e-02
-3.389780031284672646e-01 -2.767058595806134655e-03
-3.369522160755745732e-01 3.095077529557332605e-02
-3.315917404298565074e-01 6.422314362774557417e-02
-3.229668758770433135e-01 9.672258238778665140e-02
-3.111797881387435294e-01 1.281314021730917130e-01
-2.963632375709186473e-01 1.581447522316263288e-01
-2.786790179122212163e-01 1.864735257464117946e-01
-2.583161244697771419e-01 2.128470795730066090e-01
-2.354886734219989730e-01 2.370157439364795615e-01
-2.104335960403441175e-01 2.587531000940683223e-01
-1.834081334691696485e-01 2.778580066400883064e-01
-1.546871592431763587e-01 2.941563579384795513e-01
-1.245603579572240743e-01 3.075025610829437706e-01
-9.332928942887717960e-02 3.177807207721240479e-01
-6.130436830878122079e-02 3.249055245151318272e-01
-2.880178940014718747e-02 3.288228236190153808e-01
3.859571048294908446e-03 3.295099084235706410e-01
3.636124810302646809e-02 3.269754792105664665e-01
6.838824556212795558e-02 3.212593170959686106e-01
9.963202947350965899e-02 3.124316619888798385e-01
1.297934302985988830e-01 3.005923073455188388e-01
1.585854275975515926e-01 2.858694239387749580e-01
1.857357926596310826e-01 2.684181271841745153e-01
2.109895714510723330e-01 2.484188006756586908e-01
2.341113693304439358e-01 2.260752043091669161e-01
2.548874335793842039e-01 2.016123855583226432e-01
2.731275254301554489e-01 1.752744033084160380e-01
2.886665503960316737e-01 1.473218984360971928e-01
3.013659408488531533e-01 1.180295324442978827e-01
3.111147812247954114e-01 8.768331901728380895e-02
3.178306686836263051e-01 5.657787391080171258e-02
3.214603044984872815e-01 2.501360890883193647e-02
3.219798138911268981e-01 -6.706104333771677889e-03
3.193947944312581777e-01 -3.827777487790402083e-02
3.137400954693028710e-01 -6.940061217972641472e-02
3.050793333515048333e-01 -9.977930007959046055e-02
2.935041493589639061e-01 -1.291267010632214385e-01
2.791332194028381397e-01 -1.571664676858335052e-01
2.621110264835257442e-01 -1.836355391463247999e-01
2.426064087703586614e-01 -2.082865022502596863e-01
2.208108978700553393e-01 -2.308897973929115999e-01
1.969368634182226685e-01 -2.512357517128191442e-01
1.712154815413076125e-01 -2.691364231974505694e-01
1.438945459907253754e-01 -2.844272412510308601e-01
1.152361418419096256e-01 -2.969684310456932042e-01
8.551420257544602166e-02 -3.066462108563859923e-01
5.501197211310722424e-02 -3.133737535132117835e-01
2.401939396738385010e-02 -3.170919050781335624e-01
-7.169555627948325481e-03 -3.177696527037761620e-01
-3.825954904196680190e-02 -3.154043457296711317e-01
-6.895659501057692375e-02 -3.100216696238970449e-01
-9.897072005689133700e-02 -3.016753630820090404e-01
-1.280186028766750750e-01 -2.904466897491190802e-01
-1.558261458041541869e-01 -2.764436678062348052e-01
-1.821309617624970734e-01 -2.598000643725242309e-01
-2.066847558172404120e-01 -2.406741635165498827e-01
-2.292555813107223506e-01 -2.192473184438862577e-01
-2.496299515557456883e-01 -1.957223001259537631e-01
-2.676147892013502894e-01 -1.703214562456574765e-01
-2.830391966464317899e-01 -1.432846958500960666e-01
-2.957560322611553216e-01 -1.148673165100542043e-01
-3.056432786743293883e-01 -8.533769208135563722e-02
-3.126051909892768599e-01 -5.497484033586533259e-02
-3.165732144928471992e-01 -2.406589077165505186e-02
-3.175066632129765476e-01 7.096526185373520056e-03
-3.153931525499347188e-01 3.821694661987211361e-02
-3.102487811447558474e-01 6.899977463440389036e-02
-3.021180591442007013e-01 9.915199491268611443e-02
-2.910735820631474846e-01 1.283858730501669931e-01
-2.772154515199844460e-01 1.564216202599870709e-01
-2.606704462150827850e-01 1.829899991357538946e-01
-2.415909486227533487e-01 2.078348474066026297e-01
-2.201536349584817531e-01 2.307154970576124620e-01
-1.965579324841173481e-01 2.514090647428678937e-01
-1.710242736435572120e-01 2.697125960394796684e-01
-1.437921472577723403e-01 2.854450457279930076e-01
-1.151179518576655181e-01 2.984490667043767642e-01
-8.527268593024017740e-02 3.085925949393900081e-01
-5.453948820671199876e-02 3.157702135542859723e-01
-2.321104859533171250e-02 3.199042815706590881e-01
8.413088207177862529e-03 3.209458147485650392e-01
4.002930311938186075e-02 3.188751079309994907e-01
7.133274269043425597e-02 3.137020904519221554e-01
1.020201934157758256e-01 3.054664084249837375e-01
1.317929643387780736e-01 2.942372300948749020e-01
1.603597514376088329e-01 2.801127728848899490e-01
1.874394570387227787e-01 2.632195532934220039e-01
2.127639374786064741e-01 2.437113633576507565e-01
2.360806524615269297e-01 2.217679799922144535e-01
2.571551900386748191e-01 1.975936161004986369e-01
2.757736418666161260e-01 1.714151249217007456e-01
2.917448043912910238e-01 1.434799715925336450e-01
3.049021828461900840e-01 1.140539883423235257e-01
3.151057764453795706e-01 8.341893207803725840e-02
3.222436248865012676e-01 5.186986532520750093e-02
3.262330982456702611e-01 1.971238354589802122e-02
3.270219145324012033e-01 -1.274028626949061209e-02
3.245888715625016019e-01 -4.517028916792377446e-02
3.189442775991122025e-01 -7.725821871698734800e-02
3.101300878306355591e-01 -1.086862387481290632e-01
2.982197305958535494e-01 -1.391412233411833954e-01
2.833176118976980518e-01 -1.683178782535302842e-01
2.655583139834670203e-01 -1.959218153526214867e-01
2.451054870948916609e-01 -2.216725487401750849e-01
2.221504416011989280e-01 -2.453063816815231335e-01
1.969104508759631222e-01 -2.665791540619225075e-01
1.696267783826292952e-01 -2.852688210260833634e-01
1.405624454596471062e-01 -3.011778347157932356e-01
1.099997592095784821e-01 -3.141353025976393321e-01
7.823762266294272127e-02 -3.239988977590283481e-01
4.558865197333214492e-02 -3.306564987326878757e-01
1.237612777300453430e-02 -3.340275388705658544e-01
-2.106919005315719545e-02 -3.340640480068805540e-01
-5.441235306166824354e-02 -3.307513721027777187e-01
-8.731758774242415200e-02 -3.241085597240979665e-01
-1.194516979053067696e-01 -3.141884075385381614e-01
-1.504874711683681920e-01 -3.010771604955974623e-01
-1.801070542254144535e-01 -2.848938659362572068e-01
-2.080052614154560553e-01 -2.657893845314051595e-01
-2.338927813440273562e-01 -2.439450646289518798e-01
-2.574992469216559887e-01 -2.195710902585829016e-01
-2.785761351881784753e-01 -1.929045166585521554e-01
-2.968994646790029113e-01 -1.642070107089895759e-01
-3.122722562165904936e-01 -1.337623180101844278e-01
-3.245267402928163070e-01 -1.018734792832998726e-01
-3.335262767128293060e-01 -6.885982073495493239e-02
-3.391669564243113832e-01 -3.505375276721083705e-02
-3.413788768132262064e-01 -7.974069927046093399e-04
-3.401270700263326896e-01 3.356085404336833083e-02
-3.354120712394530468e-01 6.767001840983515037e-02
-3.272701175636421600e-01 1.011800601915935349e-01
-3.157729722068321476e-01 1.337455903452885730e-01
-3.010273725432688896e-01 1.650294840349945669e-01
-2.831741048421680396e-01 1.947064453319293786e-01
-2.623867125240840759e-01 2.224664704569458973e-01
-2.388698489011353010e-01 2.480181714787806913e-01
-2.128572893678150335e-01 2.710919235520369841e-01
-1.846096218951937540e-01 2.914428003786408983e-01
-1.544116383962514105e-01 3.088532645917921871e-01
-1.225694530286880329e-01 3.231355821738072231e-01
-8.940737674068000018e-02 3.341339328053223867e-01
-5.526458030402027488e-02 3.417261911748954439e-01
-2.049158068040733693e-02 3.458253577224346675e-01
1.455341220357535097e-02 3.463806210102353678e-01
4.950824936885937777e-02 3.433780378711531189e-01
8.401065707806937288e-02 3.368408216307318126e-01
1.177020702513898870e-01 3.268292329923123130e-01
1.502314432520394094e-01 3.134400725623866513e-01
1.812589937098698922e-01 2.968057798276487191e-01
2.104598465361224580e-01 2.770931433510154807e-01
2.375275308983533229e-01 2.545016341173355623e-01
2.621772868181463934e-01 2.292613833981583804e-01
2.841491523738271519e-01 2.016308219663550949e-01
3.032107938520249846e-01 1.718940059185287694e-01
3.191600467207236780e-01 1.403576571973472742e-01
3.318271383851679190e-01 1.073479502370338345e-01
3.410765671264670007e-01 7.320707914387730719e-02
3.468086153725644660e-01 3.828964243257758360e-02
3.489604794700518209e-01 2.958884535696336849e-03
3.475070023672041097e-01 -3.241716494066178983e-02
3.424610000347481642e-01 -6.746961194944672835e-02
3.338731769900084023e-01 -1.018326356465600047e-01
3.218316308992505426e-01 -1.351473995501447090e-01
3.064609508581822572e-01 -1.670658929987708652e-01
2.879209185371613966e-01 -1.972546603695070344e-01
2.664048258714903361e-01 -2.253983766861704374e-01
2.421374273248678710e-01 -2.512032298969061883e-01
2.153725489039060026e-01 -2.744000722105647827e-01
1.863903800041124270e-01 -2.947473054293471839e-01
1.554944777762197194e-01 -3.120334681717592540e-01
1.230085169730501388e-01 -3.260794962109148654e-01
8.927282113205783909e-02 -3.367406308199160092e-01
5.464071343257612123e-02 -3.439079539755102721e-01
1.947472956423063409e-02 -3.475095357986747735e-01
-1.585727248417143423e-02 -3.475111755695314830e-01
-5.098605594651144796e-02 -3.439167305069580904e-01
-8.554495603433409645e-02 -3.367680354528936881e-01
-1.191738006564519586e-01 -3.261444080899558728e-01
-1.515227553396605031e-01 -3.121617474979352380e-01
-1.822560499341113749e-01 -2.949712366064362601e-01
-2.110555460866817001e-01 -2.747576635538463985e-01
-2.376241063363144501e-01 -2.517373812351443862e-01
-2.616887280038420194e-01 -2.261559283626416728e-01
-2.830034077868907594e-01 -1.982853391273413368e-01
-3.013517060947903392e-01 -1.684211719903582205e-01
-3.165489836310106386e-01 -1.368792912139913664e-01
-3.284442865094610031e-01 -1.039924374252833017e-01
-3.369218602303789001e-01 -7.010662576085766040e-02
-3.419022770928613064e-01 -3.557741194540427893e-02
-3.433431660333371438e-01 -7.660679878727103334e-04
-3.412395383996973952e-01 3.396428997448138615e-02
-3.356237077455407891e-01 6.825257880135393584e-02
-3.265648063038404381e-01 1.017435877035711561e-01
-3.141679053203382255e-01 1.340917377191574444e-01
-2.985727508411035180e-01 1.649647203183480793e-01
-2.799521308045555545e-01 1.940469757235128989e-01
-2.585098933366957730e-01 2.210429735522234651e-01
-2.344786399429554524e-01 2.456802608306663527e-01
-2.081171227990034345e-01 2.677122485876902713e-01
-1.797073688200786223e-01 2.869206989064660429e-01
-1.495515716205955692e-01 3.031178910470156973e-01
-1.179687887740522578e-01 3.161484536536678935e-01
-8.529147499062869620e-02 3.258908355073871776e-01
-5.186189294573570474e-02 3.322584040160150298e-01
-1.802844184124948942e-02 3.352001620866311704e-01
1.585805562371783717e-02 3.347010783543952206e-01
4.944806707017727204e-02 3.307820300910362943e-01
8.239702458343312053e-02 3.234993624324579153e-01
1.143689195215390753e-01 3.129440717985035869e-01
1.450397795679893020e-01 2.992406254801228682e-01
1.741009912754292177e-01 2.825454332934062562e-01
2.012624334141597804e-01 2.630449909023617749e-01
2.262553888776255018e-01 2.409537178521858614e-01
2.488352056740514018e-01 2.165115164951101345e-01
2.687836806124393463e-01 1.899810807987517836e-01
2.859111426325968153e-01 1.616449864737032893e-01
3.000582162904477657e-01 1.318025959190815555e-01
3.110972496472572679e-01 1.007668131430242975e-01
3.189333946787669127e-01 6.886072505597978788e-02
3.235053322708654755e-01 3.641416634950930126e-02
3.247856378553231060e-01 3.760245558922042930e-03
3.227807877156250171e-01 -2.876813013369865571e-02
3.175308099131912698e-01 -6.084169426169783179e-02
3.091085902402664898e-01 -9.213819240260008592e-02
2.976188347801491108e-01 -1.223456395518852102e-01
2.831967139571096026e-01 -1.511654349243536644e-01
2.660062090654775058e-01 -1.783153134762665848e-01
2.462381735547322092e-01 -2.035320933644472474e-01
2.241081365071903031e-01 -2.265741962148892508e-01
1.998538746952176759e-01 -2.472239165645057912e-01
1.737327816968713412e-01 -2.652894198850625496e-01
1.460190642909160452e-01 -2.806064518184823164e-01
1.170007977311961628e-01 -2.930397446074888834e-01
8.697687250787550228e-02 -3.024841101541349553e-01
5.625386583515507022e-02 -3.088652126401090214e-01
2.514287136233993303e-02 -3.121400171560512748e-01
-6.043679507433615677e-03 -3.122969142724549285e-01
-3.699517177961847425e-02 -3.093555239033388693e-01
-6.740590442100052870e-02 -3.033661851287441924e-01
-9.697810036252109411e-02 -2.944091418183546471e-01
-1.254247994722240411e-01 -2.825934369037599869e-01
-1.524726067647434180e-01 -2.680555309515171292e-01
-1.778642701198789033e-01 -2.509576632667604446e-01
-2.013610640200071966e-01 -2.314859760846315062e-01
-2.227449582537484596e-01 -2.098484244646798558e-01
-2.418205531393867735e-01 -1.862724962757961178e-01
-2.584167655629562299e-01 -1.610027681341683337e-01
-2.723882529689401477e-01 -1.342983243258698278e-01
-2.836165688469858837e-01 -1.064300625025881575e-01
-2.920110302196153862e-01 -7.767792540052131933e-02
-2.975093047529557277e-01 -4.832808336317620523e-02
-3.000777209380526833e-01 -1.867008490857082620e-02
-2.997112914574730502e-01 1.100598463129177570e-02
-2.964334585353966545e-01 4.041231199995670709e-02
-2.902955683894162253e-01 6.926610570632261987e-02
-2.813760844092403901e-01 9.729226093008798426e-02
-2.697795510316269296e-01 1.242259154289599432e-01
-2.556353224428513093e-01 1.498148738093997567e-01
-2.390960722033430574e-01 1.738218792800266255e-01
-2.203361016401531591e-01 1.960267139215419729e-01
-1.995494663809068980e-01 2.162281105540849180e-01
-1.769479417000396626e-01 2.342454614367596999e-01
-1.527588484094265231e-01 2.499203112690325246e-01
-1.272227618489124301e-01 2.631176242543815103e-01
-1.005911271182403921e-01 2.737268173081325862e-01
-7.312380404355137142e-02 2.816625538197078948e-01
-4.508656549449112372e-02 2.868652946915203894e-01
-1.674857256961033436e-02 2.893016056506929612e-01
1.162015014215240886e-02 2.889642220453921273e-01
3.975121652620774992e-02 2.858718744761516439e-01
6.738033613298996527e-02 2.800688806572336209e-01
9.424970546492304757e-02 2.716245108388397611e-01
1.201103132587895139e-01 2.606321359347067990e-01
1.447241449829214932e-01 2.472081656218537982e-01
1.678662546955555779e-01 2.314907976566526193e-01
1.893267003674178883e-01 2.136385900416385430e-01
2.089123343197302196e-01 1.938288604039403173e-01
2.264484221549721843e-01 1.722559385962827427e-01
2.417800835044939811e-01 1.491292869403895993e-01
2.547735447483632787e-01 1.246715058410981930e-01
2.653171955704334839e-01 9.911624309498195950e-02
2.733224429342009376e-01 7.270602565576661513e-02
2.787243577892095092e-01 4.569003290395276529e-02
2.814821115311099131e-01 1.832183060441415490e-02
2.815792009295559617e-01 -9.142915271279253991e-03
2.790234618964884672e-01 -3.644872582538894595e-02
2.738468740835972581e-01 -6.334257886002235549e-02
2.661051598633964455e-01 -8.957614249006692897e-02
2.558771827559841450e-01 -1.149079548998246381e-01
2.432641518066155362e-01 -1.391055330247403521e-01
2.283886397919333011e-01 -1.619473936661356972e-01
2.113934244301556020e-01 -1.832249713680368375e-01
1.924401629883570886e-01 -2.027444182938984152e-01
1.717079118145219130e-01 -2.203282723303772173e-01
1.493915033700347339e-01 -2.358169807085609415e-01
1.256997942968916260e-01 -2.490702675637542773e-01
1.008537989205989804e-01 -2.599683350468930398e-01
7.508472336216008569e-02 -2.684128888478334862e-01
4.863191186266128951e-02 -2.743279776314488383e-01
2.174073585608429435e-02 -2.776606460003874788e-01
-5.339568803578607567e-03 -2.783813955851237032e-01
-3.235810637577146015e-02 -2.764844418273224025e-01
-5.906453642529272546e-02 -2.719877713479820769e-01
-8.521128670192608390e-02 -2.649329974287605305e-01
-1.105557459394173742e-01 -2.553850142610368801e-01
-1.348624188621184439e-01 -2.434314521001691711e-01
-1.579050258573347909e-01 -2.291819369472679058e-01
-1.794685300560161512e-01 -2.127671598605310743e-01
-1.993510749655249270e-01 -1.943377624652018465e-01
-2.173658163171492963e-01 -1.740630466774268637e-01
-2.333426324287295184e-01 -1.521295180740957209e-01
-2.471296981396246817e-01 -1.287392737189814729e-01
-2.585949082509871322e-01 -1.041082465855479866e-01
-2.676271373979962620e-01 -7.846431998854296042e-02
-2.741373243905135260e-01 -5.204532663937094100e-02
-2.780593702816842039e-01 -2.509694806337835205e-02
-2.793508407565052365e-01 2.129468850549707300e-03
-2.779934648691931853e-01 2.937916046757096944e-02
-2.739934236930688938e-01 5.639624167445198011e-02
-2.673814240719966651e-01 8.292602858778543029e-02
-2.582125543692201375e-01 1.087173689367435803e-01
-2.465659208874048935e-01 1.335249599432060119e-01
-2.325440654710723143e-01 1.571116332664403981e-01
-2.162721630229984260e-01 1.792505846611241460e-01
-1.978970152256844250e-01 1.997275317820517704e-01
-1.775858372713979283e-01 2.183427806117698988e-01
-1.555248392948376523e-01 2.349131742479986795e-01
-1.319176241773098723e-01 2.492739097052162622e-01
-1.069834096974420223e-01 2.612802034648570859e-01
-8.095508881798198220e-02 2.708087884876182461e-01
-5.407714364426440684e-02 2.777592265965926899e-01
-2.660343024050829119e-02 2.820550215176823583e-01
1.205146974649606720e-03 2.836445194175135076e-01
2.908305113164487768e-02 2.825015855001127840e-01
5.676259774440121225e-02 2.786260471008822903e-01
8.397648603346981322e-02 2.720438957366579369e-01
1.104603534109887264e-01 2.628072427182827075e-01
1.359553291209883996e-01 2.509940251895620422e-01
1.602105625683175882e-01 2.367074618040526934e-01
1.829857016407809012e-01 2.200752596673146155e-01
2.040532963420072510e-01 2.012485766338752424e-01
2.232011033148576518e-01 1.804007455305752794e-01
2.402342673519343996e-01 1.577257693553411610e-01
2.549773567633730198e-01 1.334365989460261637e-01
2.672762305020525697e-01 1.077632070004093390e-01
2.769997162291243376e-01 8.095047462811177930e-02
2.840410800317472728e-01 5.325590880044172443e-02
2.883192702703801791e-01 2.494721110783598358e-02
2.897799174472503458e-01 -3.700278390623685729e-03
2.883960853086684484e-01 -3.240624163313082090e-02
2.841687552604565958e-01 -6.088812196440598901e-02
2.771270313671526653e-01 -8.886391075558122687e-02
2.673280684106014715e-01 -1.160549576223747076e-01
2.548567172637399292e-01 -1.421887750339131118e-01
2.398248875948519321e-01 -1.670018085935180696e-01
2.223706308754939132e-01 -1.902421441747341735e-01
2.026569496481488430e-01 -2.116721233079614517e-01
1.808703419842061788e-01 -2.310708387398792696e-01
1.572190929951617910e-01 -2.482364829303256304e-01
1.319313281156959672e-01 -2.629885234066379751e-01
1.052528456222948522e-01 -2.751696803570524152e-01
7.744474845168564103e-02 -2.846476836021007428e-01
4.878089780692639044e-02 -2.913167881217813004e-01
1.954521325425449818e-02 -2.950990296186919992e-01
-9.971154008692454176e-03 -2.959452041417648949e-01
-3.947274632000442873e-02 -2.938355585568648842e-01
-6.866279333941111007e-02 -2.887801816013306211e-01
-9.724624352397176485e-02 -2.808190883687024519e-01
-1.249328015810809434e-01 -2.700219943041048398e-01
-1.514399397463414843e-01 -2.564877781145735725e-01
-1.764958506479238076e-01 -2.403436363749038296e-01
-1.998423097936432025e-01 -2.217439359998957527e-01
-2.212374163543659178e-01 -2.008687741189375819e-01
-2.404581805231797986e-01 -1.779222601044748164e-01
-2.573029336391461919e-01 -1.531305306270274724e-01
-2.715935286376450208e-01 -1.267395189014718926e-01
-2.831773040883233672e-01 -9.901250526377609884e-02
-2.919287935497261177e-01 -7.022746813524194387e-02
-2.977511581380589689e-01 -4.067426394845090332e-02
-3.005773248765625794e-01 -1.065166517913599363e-02
-3.003708164930140589e-01 1.953571255745897503e-02
-2.971262616268917633e-01 4.958056190719446060e-02
-2.908695778580946412e-01 7.917608011146314018e-02
-2.816578235368654703e-01 1.080191759598302936e-01
-2.695787180389462856e-01 1.358136526775940711e-01
-2.547498337487937858e-01 1.622733320900324738e-01
-2.373174667438655572e-01 1.871250858261676864e-01
-2.174551967712782252e-01 2.101117401404066498e-01
-1.953621506314133505e-01 2.309948221341128483e-01
-1.712609864689716987e-01 2.495571167398773216e-01
-1.453956196795925804e-01 2.656050057731678682e-01
-1.180287141303014709e-01 2.789705626388074289e-01
-8.943896512792720577e-02 2.895133788786898865e-01
-5.991820301730187842e-02 2.971221016336116350e-01
-2.976834841983540605e-02 3.017156642336663031e-01
7.017480940036775403e-04 3.032441954926252681e-01
3.117954769058823433e-02 3.016895968234816761e-01
6.135211108280427816e-02 2.970657799738661287e-01
9.090939599435547691e-02 2.894185649767013757e-01
1.195475314946101292e-01 2.788252298857305522e-01
1.469720284408919386e-01 2.653937216359010809e-01
1.729008917246766530e-01 2.492615431244379620e-01
1.970676025901421380e-01 2.305943191684675098e-01
2.192239369287151407e-01 2.095840594934511580e-01
2.391425885206968083e-01 1.864471375235451089e-01
2.566195683517172865e-01 1.614220069525821311e-01
2.714763536234183205e-01 1.347666810325046094e-01
2.835617628752659658e-01 1.067560021893628336e-01
2.927535367048690329e-01 7.767873193357643924e-02
2.989596068814194263e-01 4.783449304292167886e-02
3.021190401517015456e-01 1.753059763973843430e-02
3.022026466989518045e-01 -1.292120396122998886e-02
2.992132469882348711e-01 -4.320801790577048773e-02
2.931855945731461910e-01 -7.301910878562234419e-02
2.841859563018997448e-01 -1.020491727655771091e-01
2.723113552004803872e-01 -1.300015460556416813e-01
2.576884850810646221e-01 -1.565913137370892605e-01
2.404723095808570799e-01 -1.815482851573702039e-01
2.208443618368706451e-01 -2.046198037003605918e-01
1.990107643050161579e-01 -2.255733606952359804e-01
1.751999912987582675e-01 -2.441989855249642738e-01
1.496603996181562202e-01 -2.603113866054965198e-01
1.226575551323902113e-01 -2.737518207970232598e-01
9.447138593980553001e-02 -2.843896763955695017e-01
6.539319003282900722e-02 -2.921237405730260916e-01
3.572253720889563555e-02 -2.968831466856080015e-01
5.764097588895854968e-03 -2.986280027814107174e-01
-2.417557112741062705e-02 -2.973496827036005707e-01
-5.379124091772380378e-02 -2.930707826252453851e-01
-8.278220019577499367e-02 -2.858447453849931041e-01
-1.108553756295036496e-01 -2.757551586764548923e-01
-1.377283555329968656e-01 -2.629147367317898332e-01
-1.631322826786819613e-01 -2.474639985900454198e-01
-1.868145860653040724e-01 -2.295696593138303876e-01
-2.085415232000168706e-01 -2.094227535768723725e-01
-2.281005067826109289e-01 -1.872365138558528264e-01
-2.453021922861622905e-01 -1.632440279919058768e-01
-2.599823057778408719e-01 -1.376957031133204390e-01
-2.720031943802933005e-01 -1.108565648082736610e-01
-2.812550849997714209e-01 -8.300342198607139899e-02
-2.876570403023151479e-01 -5.442192905308584211e-02
-2.911576043629800492e-01 -2.540357784557333368e-02
-2.917351339038941060e-01 3.757347799295204967e-03
-2.893978145334153984e-01 3.276682189104719589e-02
-2.841833648598097728e-01 6.133409792045500103e-02
-2.761584347387060490e-01 8.917467032541809280e-02
-2.654177071855816639e-01 1.160131448604746068e-01
-2.520827166061234692e-01 1.415859883049869206e-01
-2.363004003910795792e-01 1.656441353068769384e-01
-2.182413951508181127e-01 1.879554099288092694e-01
-1.980981078962864017e-01 2.083067475011928238e-01
-1.760825842561128673e-01 2.265062089538603662e-01
-1.524241929267822204e-01 2.423847519954980267e-01
-1.273671555499799046e-01 2.557977486203469875e-01
-1.011679498194646004e-01 2.666262361578617957e-01
-7.409261457722490785e-02 2.747778921316068046e-01
-4.641398628079795863e-02 2.801877263010056351e-01
-1.840889650962006935e-02 2.828184863866635701e-01
9.644639868647072664e-03 2.826607770904873140e-01
3.747021662361639527e-02 2.797328950803227854e-01
6.479577961894958382e-02 2.740803855811980161e-01
9.135629422793414833e-02 2.657753290692333459e-01
1.168963104061608860e-01 2.549153692697400664e-01
1.411724006523289443e-01 2.416224961903262192e-01
1.639554478594864584e-01 2.260416002480764019e-01
1.850327620431965470e-01 2.083388156552674619e-01
2.042100071026198282e-01 1.886996730919622556e-01
2.213129210962180571e-01 1.673270833009422587e-01
2.361888159655549380e-01 1.444391745790250814e-01
2.487078451875780749e-01 1.202670082006071645e-01
2.587640304466857222e-01 9.505219658957086981e-02
2.662760410617749374e-01 6.904444955332549039e-02
2.711877225498789956e-01 4.249907410988779111e-02
2.734683762529407369e-01 1.567444716270016344e-02
2.731127798876355484e-01 -1.117049635784521724e-02
2.701409660188764383e-01 -3.777874399785150633e-02
2.645977668050587539e-01 -6.389764671806841267e-02
2.565521233563869963e-01 -8.928127920656576955e-02
2.460961746887677382e-01 -1.136927035346038672e-01
2.333441389518829956e-01 -1.369061161373721358e-01
2.184310013516365945e-01 -1.587088596998377232e-01
2.015110247324310433e-01 -1.789032832673094486e-01
1.827561001239121630e-01 -1.973084357567637115e-01
1.623539556829262098e-01 -2.137615799944375117e-01
1.405062433702538305e-01 -2.281195164235314543e-01
1.174265233917108908e-01 -2.402597076890573280e-01
9.333816690557755757e-02 -2.500811973914728314e-01
6.847219775663186681e-02 -2.575053183841113369e-01
4.306509404724967460e-02 -2.624761880499394406e-01
1.735657020616527060e-02 -2.649609900105375782e-01
-8.412640124487261520e-03 -2.649500436756226374e-01
-3.400298058166466297e-02 -2.624566649177341171e-01
-5.917822883505113180e-02 -2.575168229385346730e-01
-8.370759531836421963e-02 -2.501886000670867083e-01
-1.073677466256501012e-01 -2.405514627849661413e-01
-1.299447373507083003e-01 -2.287053536986910773e-01
-1.512358353423372548e-01 -2.147696154692727843e-01
-1.710512266299781814e-01 -1.988817588562490080e-01
-1.892155921142466835e-01 -1.811960822419615147e-01
-2.055695288083947414e-01 -1.618821721482049392e-01
-2.199708215875328943e-01 -1.411232933561559766e-01
-2.322955629777690434e-01 -1.191146682573317739e-01
-2.424390994035367786e-01 -9.606167784384971042e-02
-2.503168044428114580e-01 -7.217799565725818711e-02
-2.558646754429593773e-01 -4.768367083465999134e-02
-2.590397512884377029e-01 -2.280317641626290748e-02
-2.598203505148951042e-01 2.236561014917912149e-03
-2.582061303239882033e-01 2.720813449495036035e-02
-2.542179683622564079e-01 5.188561708369109765e-02
-2.478976703797088621e-01 7.604649435578958450e-02
-2.393075080745400429e-01 9.947355431017289307e-02
-2.285295925558854524e-01 1.219567205971450741e-01
-2.156650899140156175e-01 1.432948155994979433e-01
-2.008332863750391661e-01 1.632972406040105184e-01
-1.841705114340175808e-01 1.817855610552818191e-01
-1.658289282060091130e-01 1.985949856884334508e-01
-1.459752010091089625e-01 2.135757291848129347e-01
-1.247890508975799673e-01 2.265942488800272159e-01
-1.024617104975097392e-01 2.375343469716805489e-01
-7.919429006304282148e-02 2.462981306208992249e-01
-5.519606716911154565e-02 2.528068233134946885e-01
-3.068271288763844973e-02 2.570014218404269024e-01
-5.874467659051594952e-03 2.588431942704589317e-01
1.900572518251418541e-02 2.583140107997502488e-01
4.373409560588167183e-02 2.554165161031873854e-01
6.808793501461903042e-02 2.501741392408530218e-01
9.184749106121135875e-02 2.426309270958345032e-01
1.147978371373967604e-01 2.328512145638356456e-01
1.367307089503151663e-01 2.209191300463222429e-01
1.574462942777494490e-01 2.069379390847387035e-01
1.767549621767625645e-01 1.910292300702448876e-01
1.944789181772695885e-01 1.733319470598063128e-01
2.104537723281467432e-01 1.540012758215713040e-01
2.245300073810808095e-01 1.332073903157859895e-01
2.365743348991364015e-01 1.111340678868196624e-01
2.464709276653624659e-01 8.797718249129873880e-02
2.541225174437508061e-01 6.394308631020294287e-02
2.594513479120743593e-01 3.924689108163082613e-02
2.623999734445410237e-01 1.411066143769078296e-02
2.629318953719981811e-01 -1.123846657515977301e-02
2.610320283879201675e-01 -3.657022777738394570e-02
2.567069908978291681e-01 -6.165321615875303529e-02
2.499852143252535852e-01 -8.625690373603962791e-02
2.409168676846979995e-01 -1.101536739054926051e-01
2.295735951059206248e-01 -1.331208527358746785e-01
2.160480654372752274e-01 -1.549427212654381214e-01
2.004533345607503181e-01 -1.754124916050983085e-01
1.829220226079297795e-01 -1.943342295197393876e-01
1.636053041587949286e-01 -2.115247033261417886e-01
1.426717354319692876e-01 -2.268151479945090532e-01
1.203059109753130962e-01 -2.400529285593184514e-01
9.670694834208658219e-02 -2.511030763870417126e-01
7.208682910892692808e-02 -2.598496899607560806e-01
4.666860193594925960e-02 -2.661971837068586311e-01
2.068446111660882450e-02 -2.700713708776998345e-01
-5.626284464447055093e-03 -2.714203676347057281e-01
-3.201933566412572957e-02 -2.702153067684461840e-01
-5.824760312542405505e-02 -2.664508509394626912e-01
-8.406346430153238680e-02 -2.601454969185926780e-01
-1.092210577156176171e-01 -2.513416640378913769e-01
