-3.535533905932738974e-01 -3.535533905932736198e-01
-3.882067582391233729e-01 -3.150784124753328030e-01
-4.186582088294630855e-01 -2.732048462979431713e-01
-4.445744089165402091e-01 -2.283937587772054967e-01
-4.656729134107084889e-01 -1.811388809997043492e-01
-4.817253585514789660e-01 -1.319609527646741776e-01
-4.925600213066539945e-01 -8.140175639046764999e-02
-4.980637152784441191e-01 -3.001791159034260595e-02
-4.981830013658576917e-01 2.162549414133021000e-02
-4.929246998642316524e-01 7.296136329699547118e-02
-4.823556992658711851e-01 1.234270570128221944e-01
-4.666020656487686047e-01 1.724707973941241868e-01
-4.458474650917060855e-01 2.195579273048026414e-01
-4.203309199357678771e-01 2.641769532104820684e-01
-3.903439278186126571e-01 3.058453002884247152e-01
-3.562269798617771488e-01 3.441147118784037562e-01
-3.183655219787639989e-01 3.785762299567592692e-01
-2.771854096453250649e-01 4.088646996578830239e-01
-2.331479124476513454e-01 4.346627461887637711e-01
-1.867443299516288735e-01 4.557041793670450480e-01
-1.384902848473416881e-01 4.717767882337250973e-01
-8.891976288133779383e-02 4.827244958401004649e-01
-3.857897175440111459e-02 4.884488522834519175e-01
1.197990709356342928e-02 4.889098522621909138e-01
6.220499908316681759e-02 4.841260717315731821e-01
1.115509748849195237e-01 4.741741265577539277e-01
1.594851730683111424e-01 4.591874642838011389e-01
2.054935354548234339e-01 4.393545081314629286e-01
2.490862864695401191e-01 4.149161800658318078e-01
2.898032914679210537e-01 3.861628370504366359e-01
3.272190334724216498e-01 3.534306614278164838e-01
3.609471529229559827e-01 3.170975525928471650e-01
3.906445008520107454e-01 2.775785727090960830e-01
4.160146622582012177e-01 2.353210040877280473e-01
4.368109132834983588e-01 1.907990799496170620e-01
4.528385830063402229e-01 1.445084535807835413e-01
4.639567981486872883e-01 9.696047333677505764e-02
4.700795966606365339e-01 4.867633253239599805e-02
4.711764020044999501e-01 1.811646413042431510e-04
4.672718655474048521e-01 -4.800184787811534459e-02
4.584450817122494581e-01 -9.535728325597653265e-02
4.448281887211351648e-01 -1.413831391994374576e-01
4.266043843226171584e-01 -1.855962784414264544e-01
4.040053847406779308e-01 -2.275376001062045239e-01
3.773083632904769558e-01 -2.667768803332397631e-01
3.468324107928673627e-01 -3.029172303303934166e-01
3.129345650023275249e-01 -3.355991253196972668e-01
2.760054606869745131e-01 -3.645039636176071740e-01
2.364646557200620058e-01 -3.893571212750913113e-01
1.947556915251749121e-01 -4.099304742059902695e-01
1.513409484378533121e-01 -4.260443664669257835e-01
1.066963579906774762e-01 -4.375690102294543249e-01
6.130603479344234885e-02 -4.444253099158120834e-01
1.565689057171547674e-02 -4.465851098653140783e-01
-2.976670793751997821e-02 -4.440708716733413053e-01
-7.448817712907414290e-02 -4.369547939163020978e-01
-1.180437928970785172e-01 -4.253573932659155954e-01
-1.599875503533381149e-01 -4.094455719319564091e-01
-1.998957555646317941e-01 -3.894302018877437432e-01
-2.373713020617829184e-01 -3.655632613677377574e-01
-2.720475894379513759e-01 -3.381345636298560553e-01
-3.035920463302764216e-01 -3.074681219028495005e-01
-3.317092253962063975e-01 -2.739181977561795933e-01
-3.561434357275041207e-01 -2.378650828841898657e-01
-3.766809152339749001e-01 -1.997106694416256600e-01
-3.931515124077777923e-01 -1.598738536550639022e-01
-4.054298518091968839e-01 -1.187858322121505550e-01
-4.134360036217727963e-01 -7.688534689954905355e-02
-4.171356521302594378e-01 -3.461392936883253557e-02
-4.165397712064959901e-01 7.588801704840671125e-03
-4.117038202651279177e-01 4.928974059010648306e-02
-4.027264792315226050e-01 9.006674343783709069e-02
-3.897479457949301063e-01 1.295128808603189241e-01
-3.729478225540264202e-01 1.672404520950563078e-01
-3.525426255589405589e-01 2.028847223677558154e-01
-3.287829491800627335e-01 2.361073490798144547e-01
-3.019503251629322982e-01 2.665994667376337390e-01
-2.723538161409777003e-01 2.940844050539625498e-01
-2.403263857617730648e-01 3.183200193241671472e-01
-2.062210889327534824e-01 3.391006169519921731e-01
-1.704071265109003974e-01 3.562584688100046693e-01
-1.332658090562597875e-01 3.696648989113118233e-01
-9.518647405606557588e-02 3.792309505855936402e-01
-5.656240032519908173e-02 3.849076319412964575e-01
-1.778676212551870764e-02 3.866857478079737120e-01
2.075133604822793770e-02 3.845953295434770824e-01
5.867070506012306286e-02 3.787046780197311779e-01
9.560176049761248684e-02 3.691190387327879519e-01
1.311900055185749314e-01 3.559789266367891503e-01
1.650993239608835317e-01 3.394581473745406641e-01
1.970150283015804638e-01 3.197615146083889748e-01
2.266466002327882368e-01 2.971222951684688307e-01
2.537301518523190080e-01 2.717994314831663760e-01
2.780305750400757225e-01 2.440745663452201508e-01
2.993433653159208174e-01 2.142489042213581163e-01
3.174961101341656211e-01 1.826399439310697204e-01
3.323496351983342145e-01 1.495781177581393118e-01
3.437988059394912477e-01 1.154033719312943795e-01
3.517729847573130564e-01 8.046172293583159218e-02
3.562361479433238109e-01 4.510182331738726152e-02
3.571866693617411492e-01 9.671569535772282095e-03
3.546567809302090257e-01 -2.548521695308607685e-02
3.487117226989482344e-01 -6.003200583806407586e-02
3.394485978547900906e-01 -9.364264361706473028e-02
3.269949502621656845e-01 -1.260042831254725437e-01
3.115070841857989770e-01 -1.568201334715418060e-01
2.931681476125479469e-01 -1.858120092547807245e-01
2.721860020988852158e-01 -2.127226603792713444e-01
2.487909033151610994e-01 -2.373178662839158237e-01
2.232330174402573919e-01 -2.593882809686353652e-01
1.957797992853321789e-01 -2.787510177738944939e-01
1.667132585000230538e-01 -2.952509654464179345e-01
1.363271404478339222e-01 -3.087618295741776375e-01
1.049240711620168104e-01 -3.191868811101829517e-01
7.281262961841694636e-02 -3.264594666639225040e-01
4.030440270606006764e-02 -3.305432253761791950e-01
7.711106575133639188e-03 -3.314320012545628469e-01
-2.465826765042869462e-02 -3.291495070200358142e-01
-5.650024094252697332e-02 -3.237487276437740480e-01
-8.751954371480177852e-02 -3.153110733570975155e-01
-1.174317021692032059e-01 -3.039452936956930085e-01
-1.459654937144647113e-01 -2.897861657784778222e-01
-1.728652529770968449e-01 -2.729929715171725557e-01
-1.978930114637435234e-01 -2.537477798024038167e-01
-2.208304555478201869e-01 -2.322535509141951671e-01
-2.414806891308177716e-01 -2.087320814582532269e-01
-2.596697890579275358e-01 -1.834218090346615981e-01
-2.752481431377264975e-01 -1.565754966030309947e-01
-2.880915624162612709e-01 -1.284578171188527629e-01
-2.981021611773622682e-01 -9.934285948119184195e-02
-3.052089999741376403e-01 -6.951157715353092903e-02
-3.093684888326257987e-01 -3.924920099938172813e-02
-3.105645495993153427e-01 -8.842637914021470036e-03
-3.088085382215156049e-01 2.142212326471767958e-02
-3.041389295454885455e-01 5.126257731824802877e-02
-2.966207689841428019e-01 8.040221880211954886e-02
-2.863448971359930373e-01 1.085729884156381719e-01
-2.734269551220925298e-01 1.355176298390019241e-01
-2.580062017503316207e-01 1.609919104385977850e-01
-2.402440991987095653e-01 1.847667820607130085e-01
-2.203226927183650763e-01 2.066303828631354811e-01
-1.984428630890544831e-01 2.263898226092850574e-01
-1.748224065202568789e-01 2.438728255864258676e-01
-1.496939738651760776e-01 2.589291856765009725e-01
-1.233028867509171900e-01 2.714320216777558747e-01
-9.590484924193931615e-02 2.812788225283486820e-01
-6.776357454327111562e-02 2.883922737268564407e-01
-3.914834700587865174e-02 2.927208579706856439e-01
-1.033154031017969286e-02 2.942392248327388438e-01
1.841388683342308832e-02 2.929483261587711995e-01
4.681689582367164204e-02 2.888753157810383665e-01
7.461085236495164363e-02 2.820732140956697664e-01
1.015359679715270302e-01 2.726203400278431888e-01
1.273416772391691432e-01 2.606195148954837948e-01
1.517889297335848486e-01 2.461970446632306686e-01
1.746523759174648527e-01 2.295014890371813443e-01
1.957224272937824194e-01 2.107022277703204660e-01
2.148071718813734654e-01 1.899878364107651096e-01
2.317341272569330146e-01 1.675642855118992525e-01
2.463518146906211459e-01 1.436529790169957521e-01
2.585311393639626032e-01 1.184886491128393921e-01
2.681665632798391208e-01 9.231712629928855163e-02
2.751770592443588126e-01 6.539300472747326676e-02
2.795068475424514198e-01 3.797726048639606805e-02
2.811258888954198953e-01 1.033472781556653286e-02
2.800301100022483669e-01 -1.726845466687173397e-02
2.762414078656209582e-01 -4.456733749408550715e-02
2.698074047918678775e-01 -7.130068358477466284e-02
2.608009585599149749e-01 -9.721345851684776163e-02
2.493194314027271374e-01 -1.220592639978950456e-01
2.354837237927337457e-01 -1.456026910307652578e-01
2.194370813454705194e-01 -1.676215698497716122e-01
2.013436854285820810e-01 -1.879090945155313386e-01
1.813870402617736577e-01 -2.062758011007151393e-01
1.597681713925826752e-01 -2.225513796686368895e-01
1.367036524089723371e-01 -2.365863017324650874e-01
1.124234785795411445e-01 -2.482532465733247040e-01
8.716880777336291630e-02 -2.574483116762798507e-01
6.118959048339811524e-02 -2.640919945971516025e-01
3.474211204103969108e-02 -2.681299357812124140e-01
8.086471147768850565e-03 -2.695334141954223717e-01
-1.851598035156474739e-02 -2.682995900857793048e-01
-4.480521098302803901e-02 -2.644514917053881753e-01
-7.052507069002691975e-02 -2.580377454504251822e-01
-9.542581363996813226e-02 -2.491320514626606808e-01
-1.192665572747256264e-01 -2.378324093801714723e-01
-1.418176526163051898e-01 -2.242601015132966724e-01
-1.628629416365415528e-01 -2.085584432618109441e-01
-1.822018742311128925e-01 -1.908913487531640474e-01
-1.996514919258037535e-01 -1.714416181242431059e-01
-2.150482083748597173e-01 -1.504090337717607084e-01
-2.282493849638486394e-01 -1.280083600693918688e-01
-2.391347055846770875e-01 -1.044671590734763678e-01
-2.476073241440031603e-01 -8.002347912018939469e-02
-2.535947728784426203e-01 -5.492344000412265059e-02
-2.570496220360404815e-01 -2.941873957273194451e-02
-2.579498840825342754e-01 -3.764107451513181053e-03
-2.562991582744149066e-01 2.178526778042798664e-02
-2.521265141790484665e-01 4.697631132393003534e-02
-2.454861154843723525e-01 7.156060813023920608e-02
-2.364565881958627380e-01 9.529689569500508772e-02
-2.251401400355803606e-01 1.179534778102698800e-01
-2.116614405061089943e-01 1.393105342406169567e-01
-1.961662736308938670e-01 1.591623023965420547e-01
-1.788199778027542153e-01 1.773191084485588043e-01
-1.598056894364708047e-01 1.936092269444298353e-01
-1.393224092034575090e-01 2.078805498414130482e-01
-1.175829115025786992e-01 2.200020479248440408e-01
-9.481151946972599109e-02 2.298650098304552136e-01
-7.124176923116440352e-02 2.373840462951698760e-01
-4.711398824580979167e-02 2.424978498023904749e-01
-2.267281344664593551e-02 2.451697024340772080e-01
1.835324528111272752e-03 2.453877274630570648e-01
2.616470668402829519e-02 2.431649071192643063e-01
5.007285918456503421e-02 2.385388006326249755e-01
7.332302396521182819e-02 2.315709981615438895e-01
9.568652207617184269e-02 2.223463781551066054e-01
1.169450439916954743e-01 2.109721072535439002e-01
1.368928202267088723e-01 1.975764146479861150e-01
1.553386499874388760e-01 1.823071549490217769e-01
1.721077672161676897e-01 1.653301758222138207e-01
1.870435252436762619e-01 1.468275086678855756e-01
2.000088833143256473e-01 1.269954024301408191e-01
2.108876804739322763e-01 1.060422221968683881e-01
2.195856846833585119e-01 8.418623558161822396e-02
2.260314075132247025e-01 6.165331094630439879e-02
2.301766773586571002e-01 3.867455232008075450e-02
2.319969667575444427e-01 1.548389638712784414e-02
2.314914720709761176e-01 -7.684302849333867619e-03
2.286829464600209916e-01 -3.059767616850356253e-02
2.236172897384834934e-01 -5.302820277041830205e-02
2.163629012671993701e-01 -7.475451082751656540e-02
2.070098045530163466e-01 -9.556409119612994940e-02
1.956685545973614326e-01 -1.152554016590466440e-01
1.824689412796260679e-01 -1.336398404334468992e-01
1.675585041354358540e-01 -1.505435692630209266e-01
1.511008757774232047e-01 -1.658091681990152555e-01
1.332739728870859508e-01 -1.792971061403327016e-01
1.142680774617006456e-01 -1.908870195680938964e-01
9.428375841908753774e-02 -2.004787778327452585e-01
7.352971071419657501e-02 -2.079933152237163907e-01
5.222057550212058641e-02 -2.133732505866377527e-01
3.057469586318265625e-02 -2.165832756436291140e-01
8.811855671219016514e-03 -2.176103117158993960e-01
-1.284897454641482917e-02 -2.164634355421752587e-01
-3.419186124068816085e-02 -2.131735773380115107e-01
-5.500607803171608107e-02 -2.077929966297162867e-01
-7.508820035111485325e-02 -2.003945436966924343e-01
-9.424410348341193122e-02 -1.910707166431945270e-01
-1.122908442237802173e-01 -1.799325261719122160e-01
-1.290584078367351673e-01 -1.671081820267042162e-01
-1.443913036467459610e-01 -1.527416167915210399e-01
-1.581499943961364452e-01 -1.369908642603536175e-01
-1.702121464458892230e-01 -1.200263109150991880e-01
-1.804736899478446288e-01 -1.020288401528768180e-01
-1.888496802579418821e-01 -8.318788978277059931e-02
-1.952749540648893722e-01 -6.369944395805282600e-02
-1.997045759516973273e-01 -4.376398112009706465e-02
-2.021140733637382392e-01 -2.358439970373044786e-02
-2.024994602017170520e-01 -3.363943292680681221e-03
-2.008770514667731488e-01 1.669585337751853041e-02
-1.972830735344930919e-01 3.639717668635895215e-02
-1.917730767026187833e-01 5.554788451061026811e-02
-1.844211745797741386e-01 7.396336517004779842e-02
-1.753190757718606774e-01 9.146832502857177305e-02
-1.645749431686624742e-01 1.078984495362828033e-01
-1.523121331785851629e-01 1.231019118435777576e-01
-1.386677835130282754e-01 1.369407498989118621e-01
-1.237912795913487241e-01 1.492920863347347027e-01
-1.078426168494500542e-01 1.600491808840539543e-01
-9.099067704293380132e-02 1.691223069500649157e-01
-7.341143724121491909e-02 1.764394458865681803e-01
-5.528613060934400164e-02 1.819467945159540800e-01
-3.679937826935493483e-02 1.856090833929719963e-01
-1.813731152455185305e-02 1.874097052949394160e-01
5.142964773828830310e-04 1.873506553619262438e-01
1.897187096724954614e-02 1.854522862041312059e-01
3.705582957370435332e-02 1.817528831190906857e-01
5.459231281038835759e-02 1.763080663009724824e-01
7.141483462646788793e-02 1.691900285615929866e-01
8.736583769119363185e-02 1.604866186030664554e-01
1.022981392944115053e-01 1.503002812719025083e-01
1.160762550772012625e-01 1.387468674722077411e-01
1.285775892436574197e-01 1.259543275116293548e-01
1.396934814294054639e-01 1.120613025898681558e-01
1.493301019971858545e-01 9.721562990980302243e-02
1.574091891769854312e-01 8.157277749121441546e-02
1.638686231499630053e-01 6.529422519436843542e-02
1.686628359360883012e-01 4.854582758949022026e-02
1.717630568788785783e-01 3.149611685124061033e-02
1.731573786407120952e-01 1.431460377477035764e-02
1.728506616980876320e-01 -2.829869380201281530e-03
1.708642783835284673e-01 -1.977076600383787311e-02
1.672356995695359894e-01 -3.634544749598157820e-02
1.620179304002372644e-01 -5.239670604266653126e-02
1.552788028370360729e-01 -6.777422381410144747e-02
1.471001340429626825e-01 -8.233594554229872742e-02
1.375767607764548373e-01 -9.594935249811062383e-02
1.268154609905247643e-01 -1.084926270444307728e-01
1.149337747301945600e-01 -1.198556981811508132e-01
1.020587371842278934e-01 -1.299411598042502225e-01
8.832553737217324619e-02 -1.386650547622458041e-01
7.387611643160553465e-02 -1.459575191937109995e-01
5.885771981209752396e-02 -1.517632830554681567e-01
4.342141788148682485e-02 -1.560420241882771453e-01
2.772060950797237272e-02 -1.587685747014690174e-01
1.190952310106135892e-02 -1.599329798766365163e-01
-3.858270620719067741e-03 -1.595404111801843328e-01
-1.943132021208438323e-02 -1.576109363229549198e-01
-3.466171597816106176e-02 -1.541791506007449963e-01
-4.940646047609770219e-02 -1.492936749814776920e-01
-6.352877486376205807e-02 -1.430165275630984056e-01
-7.689932971113511151e-02 -1.354223761019505701e-01
-8.939737694030297499e-02 -1.265976969832957322e-01
-1.009118194784433958e-01 -1.166398044323679883e-01
-1.113421660768845467e-01 -1.056557811772667749e-01
-1.205993482724817406e-01 -9.376136418919236992e-02
-1.286064357873349384e-01 -8.107974894761897644e-02
-1.352992290776137974e-01 -6.774033813327996756e-02
-1.406267251549226383e-01 -5.387744712243336398e-02
-1.445514540219507704e-01 -3.962897886887142840e-02
-1.470496842859081998e-01 -2.513508085663359107e-02
-1.481114977277073474e-01 -1.053679678755653319e-02
-1.477407338017015515e-01 4.025274463961835657e-03
-1.459548062096525933e-01 1.841230033792120094e-02
-1.427843948240559713e-01 3.248850457304384987e-02
-1.382730173209976987e-01 4.612241419146062560e-02
-1.324764859126346117e-01 5.918805252902960279e-02
-1.254622555366648184e-01 7.156606798743640752e-02
-1.173086707572581072e-01 8.314478889700166464e-02
-1.081041194524375026e-01 9.382119566620722440e-02
-9.794610210120285876e-02 1.035018022475335808e-01
-8.694022613475425876e-02 1.121034398610020050e-01
-7.519913537588326924e-02 1.195539368782361778e-01
-6.284138505548990394e-02 1.257926897721959314e-01
-4.999027326278352584e-02 1.307711210718352224e-01
-3.677263995427301063e-02 1.344530213177808631e-01
-2.331764481505040412e-02 1.368147730855624189e-01
-9.755557567051868773e-03 1.378454620172976930e-01
3.783498364227038009e-03 1.375468665551692615e-01
1.717078567730368974e-02 1.359333159145262593e-01
3.028012354204985893e-02 1.330314450647014368e-01
4.298904675355208482e-02 1.288798369936580979e-01
5.517992020232284633e-02 1.235285576106402161e-01
6.674099891224782866e-02 1.170385884848875319e-01
7.756742447072131896e-02 1.094811634827534963e-01
8.756214932277374408e-02 1.009370161697056567e-01
9.663678111681139882e-02 9.149554558135634952e-02
1.047123400674252469e-01 8.125390863329079449e-02
1.117199231332591247e-01 7.031604802805195564e-02
1.176012696880145703e-01 5.879166502493535229e-02
1.223092242827692328e-01 4.679514686041189725e-02
1.258080930496632832e-01 3.444445894107097533e-02
1.280738912727909518e-01 2.186001217483462752e-02
1.290944806432937075e-01 9.163515957952842600e-03
1.288695957137228620e-01 -3.523172605633978494e-03
1.274107600633460069e-01 -1.607919270968629841e-02
1.247410936728056141e-01 -2.838580665872453973e-02
1.208950139750694375e-01 -4.032749928817555563e-02
1.159178339916848988e-01 -5.179304009610235376e-02
1.098652618710929119e-01 -6.267649858164286991e-02
1.028028070115161036e-01 -7.287820375803859274e-02
9.480509876720433216e-02 -8.230563935877617532e-02
8.595514691789063466e-02 -9.087425852272323912e-02
7.634348623825601421e-02 -9.850824567218630090e-02
6.606725050062205173e-02 -1.051411780456866230e-01
5.522923620091905322e-02 -1.107165787534964418e-01
4.393689855209953476e-02 -1.151883867337589601e-01
3.230130970828757470e-02 -1.185213267643610013e-01
2.043608903028163587e-02 -1.206911766082095910e-01
8.456315419645260220e-03 -1.216849293190504638e-01
-3.522568125168228440e-03 -1.215008496999138710e-01
-1.538584754282466653e-02 -1.201484248781295450e-01
-2.702061820313889084e-02 -1.176482099310404150e-01
-3.831684288002790151e-02 -1.140315704563264615e-01
-4.916837746144953059e-02 -1.093403249218699858e-01
-5.947395498180890749e-02 -1.036262905438161130e-01
-6.913811897484152535e-02 -9.695073731965521413e-02
-7.807209763911247824e-02 -8.938375567802651911e-02
-8.619461087960732237e-02 -8.100354399064506328e-02
-9.343260293221099244e-02 -7.189562291731704802e-02
-9.972189398745817668e-02 -6.215198421580447885e-02
-1.050077449994696183e-01 -5.187018223823567503e-02
-1.092453306885119296e-01 -4.115237684926129069e-02
-1.124001166135519814e-01 -3.010433693343215339e-02
-1.144481370966368150e-01 -1.883441400644653499e-02
-1.153761717157390648e-01 -7.452495703382891815e-03
-1.151818190380850676e-01 3.931050915726808787e-03
-1.138734810279668636e-01 1.520641678053512302e-02
-1.114702246143266379e-01 2.626542416216351428e-02
-1.080015296650732870e-01 3.700257135980759837e-02
-1.035069670198023595e-01 4.731600800585473998e-02
-9.803577204976934856e-02 5.710849372990396688e-02
-9.164632766873087588e-02 6.628830902848174833e-02
-8.440556198546007860e-02 7.477010982398643590e-02
-7.638826658818957671e-02 8.247571774605239048e-02
-6.767634219383970862e-02 8.933483879321588161e-02
-5.835797907330994572e-02 9.528570372691562429e-02
-4.852678027187708187e-02 1.002756243069293784e-01
-3.828083617511888331e-02 1.042614602900338583e-01
-2.772175942060014012e-02 1.072099929745677915e-01
-1.695368951917422193e-02 1.090982019745182358e-01
-6.082276823770892821e-03 1.099134428390498575e-01
4.786344334804121595e-03 1.096535240883304702e-01
1.554658343831486801e-02 1.083266832047173056e-01
2.609441259898607340e-02 1.059514620906714111e-01
3.632836660921785754e-02 1.025564834717879875e-01
4.615051462511442909e-02 9.818013067578934550e-02
5.546739417616972784e-02 9.287013414686907942e-02
6.419089857362658691e-02 8.668306895034978699e-02
7.223910925638661606e-02 7.968376837669478852e-02
7.953706516175235164e-02 7.194465955791216893e-02
8.601746183323361050e-02 6.354502775532198944e-02
9.162127417491428005e-02 5.457023966865516551e-02
9.629830503583630685e-02 4.511086315178421818e-02
1.000076311415087904e-01 3.526173962704533260e-02
1.027179582738571989e-01 2.512106524701986435e-02
1.044078857170037677e-01 1.478941988820526958e-02
1.050660733316196027e-01 4.368776420897099722e-03
1.046913099093305655e-01 -6.038500021702513515e-03
1.032924824269919883e-01 -1.633065297406732438e-02
1.008884467917710304e-01 -2.640752598563930395e-02
9.750780163223449204e-02 -3.617153471633166584e-02
9.318856763851041114e-02 -4.552861032129847801e-02
8.797777587668145771e-02 -5.438910496842554176e-02
8.193096938985573729e-02 -6.266865072449352703e-02
7.511162324179904148e-02 -7.028896352463337438e-02
6.759048895034694415e-02 -7.717858449962620992e-02
5.944486998921705290e-02 -8.327355157130526819e-02
5.075783570078970519e-02 -8.851799493133429009e-02
4.161738155255421956e-02 -9.286465078592838485e-02
3.211554418030432984e-02 -9.627528857091789682e-02
2.234748008676624986e-02 -9.872104770972520149e-02
1.241051720072149436e-02 -1.001826808925699724e-01
2.403188745795860077e-03 -1.006507017892824263e-01
-7.575740982281593816e-03 -1.001254360612529037e-01
-1.742824927789111619e-02 -9.861697550059962680e-02
-2.705801651846480305e-02 -9.614503608668792389e-02
-3.637135537487676262e-02 -9.273874010317811889e-02
-4.527814177743335472e-02 -8.843627361288826372e-02
-5.369269514558214218e-02 -8.328444812547139420e-02
-6.153458740697557300e-02 -7.733821657266176652e-02
-6.872941212678237988e-02 -7.066009522105234919e-02
-7.520949093925068107e-02 -6.331951330969091962e-02
-8.091451052133684374e-02 -5.539209713787945910e-02
-8.579208406397441367e-02 -4.695889595843519976e-02
-8.979823197074021657e-02 -3.810555758592894943e-02
-9.289777733847461028e-02 -2.892146210227550945e-02
-9.506465264123814540e-02 -1.949882242919070974e-02
-9.628211493881788652e-02 -9.931760834772809451e-03
-9.654286785486181077e-02 -3.153706468866574516e-04
-9.584908950791937166e-02 9.255227442672552679e-03
-9.421236652169773240e-02 1.868582508281386306e-02
-9.165353517912300241e-02 2.788405265449709486e-02
-8.820243170861126469e-02 3.676028319869503042e-02
-8.389755459113593106e-02 4.522850499444753397e-02
-7.878564264404364081e-02 5.320715425253565167e-02
-7.292117346347769258e-02 6.061989982694457324e-02
-6.636578758322862759e-02 6.739637236287955580e-02
-5.918764442632369616e-02 7.347283089071773854e-02
-5.146071677986557846e-02 7.879276053370645738e-02
-4.326403110661503765e-02 8.330739571661467668e-02
-3.468086151310616205e-02 8.697616403500622873e-02
-2.579790371314576169e-02 8.976705550662240907e-02
-1.670437853424559457e-02 9.165689495575896073e-02
-7.491120443931055528e-03 9.263151351577765535e-02
1.750308337778968540e-03 9.268584805298224483e-02
1.092852605616028219e-02 9.182394516028020981e-02
1.995323317099218299e-02 9.005887496765514755e-02
2.873609871679552383e-02 8.741255610484360838e-02
3.719162255695727948e-02 8.391549403113132688e-02
4.523796510417932293e-02 7.960643579928640412e-02
5.279773645241538083e-02 7.453194513665808985e-02
5.979873731683004595e-02 6.874590249859605096e-02
6.617464470311727742e-02 6.230893546987481546e-02
7.186563582021726626e-02 5.528778555180231813e-02
7.681894440439392124e-02 4.775461796986310570e-02
8.098934433074886363e-02 3.978628166351655393e-02
8.433955614304072812e-02 3.146352707129349696e-02
8.684057292605684708e-02 2.287018969657265977e-02
8.847190276861012503e-02 1.409234772918553473e-02
8.922172591079102766e-02 5.217462203089684794e-03
8.908696552781389388e-02 -3.666491710640049865e-03
8.807327196577510731e-02 -1.247189364417553709e-02
8.619492110314781741e-02 -2.111233862931522626e-02
8.347462835760881272e-02 -2.950348091137629247e-02
7.994328068205912297e-02 -3.756385276412979590e-02
7.563958968836707875e-02 -4.521565039128986468e-02
7.060968735823464071e-02 -5.238547818950204521e-02
6.490661562724601985e-02 -5.900505547767727343e-02
5.858975011871642158e-02 -6.501185720892868614e-02
5.172420090524881137e-02 -7.034969229747499442e-02
4.438014338672049280e-02 -7.496922147912271628e-02
3.663210332347306697e-02 -7.882840507796790019e-02
2.855820331355053004e-02 -8.189287672986222955e-02
2.023937832956308747e-02 -8.413623986626404816e-02
1.175856818027661010e-02 -8.554028454039963592e-02
3.199894932329784558e-03 -8.609512297330562669e-02
-5.352166582096386065e-03 -8.579924300252782243e-02
-1.381361703542576848e-02 -8.465947942275330040e-02
-2.210175158555861830e-02 -8.269090400772867444e-02
-3.013596164743227723e-02 -7.991663578873617335e-02
-3.783851175805654637e-02 -7.636757392909117315e-02
-4.513528413352003305e-02 -7.208205626938603283e-02
-5.195648388145213126e-02 -6.710544731771735105e-02
-5.823729826264215093e-02 -6.148966011640576851e-02
-6.391850388595156363e-02 -5.529261702590240746e-02
-6.894701626611345058e-02 -4.857765502231933818e-02
-7.327637676881908202e-02 -4.141288160211611946e-02
-7.686717260515948946e-02 -3.387048782219206217e-02
-7.968738621183346638e-02 -2.602602537251324719e-02
-8.171267105766645555e-02 -1.795765487798467105e-02
-8.292655164375761778e-02 -9.745372854648545052e-03
-8.332055807842496387e-02 -1.470232520019112976e-03
-8.289426123803647628e-02 6.786462466858817280e-03
-8.165522494067867232e-02 1.494395432910240740e-02
-7.961890544522601254e-02 2.292280279436091292e-02
-7.680846509078409490e-02 3.064565023416497905e-02
-7.325451243703250126e-02 3.803796290022545823e-02
-6.899477179816931871e-02 4.502874127397361176e-02
-6.407368571777578847e-02 5.155119288221211848e-02
-5.854195454857596265e-02 5.754336132848789087e-02
-5.245601787417674550e-02 6.294870574261872409e-02
-4.587748303476460454e-02 6.771662535517521120e-02
-3.887250649074067144e-02 7.180292445427281789e-02
-3.151113417341857431e-02 7.517021357356036548e-02
-2.386660732693990719e-02 7.778824338703001218e-02
-1.601464063758062731e-02 7.963416844208306977e-02
-8.032679673400376294e-03 8.069273854099592858e-02
8.551828981987960810e-07 8.095641627620782377e-02
8.007331033180501226e-03 8.042541993013004042e-02
1.590866369679779305e-02 7.910769165894554478e-02
2.362807062327604984e-02 7.701879158572326467e-02
3.109080834286327699e-02 7.418171912435957138e-02
3.822488749066396685e-02 7.062666353638182015e-02
4.496175868167578971e-02 6.639068638156367386e-02
5.123696281718582990e-02 6.151733915421179338e-02
5.699073976434863159e-02 5.605621999441084968e-02
6.216859401286726344e-02 5.006248299723412010e-02
6.672180282528690498e-02 4.359627516154256782e-02
7.060786133214269622e-02 3.672213073729746480e-02
7.379087533207144556e-02 2.950834387987264634e-02
7.624188712062157647e-02 2.202629726726273648e-02
7.793913373967589764e-02 1.434976319837230098e-02
7.886823539904129488e-02 6.554183909598439856e-03
7.902231248629015825e-02 -1.284061977372971588e-03
7.840203025832309658e-02 -9.088399852578745927e-03
7.701557099213408863e-02 -1.678279929015434255e-02
7.487853405691097253e-02 -2.429250694708005170e-02
7.201376504833803538e-02 -3.154476522521556386e-02
6.845111579264771817e-02 -3.846950988422947332e-02
6.422713767666911322e-02 -4.500004000696291445e-02
5.938471138474100963e-02 -5.107365399380851129e-02
5.397261671830361207e-02 -5.663224559635376271e-02
4.804504673380031315e-02 -6.162285438982865321e-02
4.166107095378138170e-02 -6.599816552509056578e-02
3.488405288038059354e-02 -6.971695408983771824e-02
2.778102746519903882e-02 -7.274446994104759312e-02
2.042204456067956905e-02 -7.505275944126897636e-02
1.287948469248592458e-02 -7.662092113506330238e-02
5.227353747060985677e-03 -7.743529303321670942e-02
-2.459436639266357472e-03 -7.748956982515328717e-02
-1.010579607506455896e-02 -7.678484900823023818e-02
-1.763718056343729218e-02 -7.532961168785876072e-02
-2.498031819142493282e-02 -7.313962028851589414e-02
-3.206391728014606340e-02 -7.023774549429437353e-02
-3.881934983530719446e-02 -6.665373726441899127e-02
-4.518131173647313426e-02 -6.242392415519512627e-02
-5.108844982011437330e-02 -5.759084961774714462e-02
-5.648394986823173508e-02 -5.220284884092804556e-02
-6.131607989217571775e-02 -4.631357027565424084e-02
-6.553868353256815660e-02 -3.998144650450757842e-02
-6.911161887701654238e-02 -3.326911960365736692e-02
-7.200113852333826781e-02 -2.624282657840982386e-02
-7.418020728197879943e-02 -1.897175083468030307e-02
-7.562875451205100519e-02 -1.152734597263823171e-02
-7.633385871533605871e-02 -3.982638452576805176e-03
-7.628986266542783778e-02 3.588484115823197679e-03
-7.549841801900582239e-02 1.111199217334812861e-02
-7.396845903657722765e-02 1.851443394275313972e-02
-7.171610572398229300e-02 2.572364873148257070e-02
-6.876449738736716000e-02 3.266946690923096946e-02
-6.514355826654104342e-02 3.928438979464327074e-02
-6.088969756768840974e-02 4.550424288166279863e-02
-5.604544685051075087e-02 5.126879609572781993e-02
-5.065903833066818379e-02 5.652234509097686654e-02
-4.478392822973382981e-02 6.121424797865096523e-02
-3.847826983637754605e-02 6.529941231032408699e-02
-3.180434683379711885e-02 6.873872803685300570e-02
-2.482795574538213673e-02 7.149944283163110759e-02
-1.761775531661523633e-02 7.355547241995800956e-02
-1.024459955966369219e-02 7.488764651868259903e-02
-2.780844571028964329e-03 7.548388783889212195e-02
4.700358625705622698e-03 7.533932186766645334e-02
1.212577832281521578e-02 7.445631640681892038e-02
1.942281650122888378e-02 7.284445053055613184e-02
2.652021637843398824e-02 7.052041331120555145e-02
3.334875624561860902e-02 6.750783334599237684e-02
3.984192284435365827e-02 6.383704079177614232e-02
4.593655773508662638e-02 5.954476427182301551e-02
5.157347037566348269e-02 5.467376565259828708e-02
5.669801195539173055e-02 4.927241629320088662e-02
6.126060441540120971e-02 4.339421893947895126e-02
6.521721952585617099e-02 3.709727996343952644e-02
6.852980338055401910e-02 3.044373713098170314e-02
7.116664220437167454e-02 2.349914851252138739e-02
7.310266594403359852e-02 1.633184852774910087e-02
7.431968672218290661e-02 9.012277433722883091e-03
7.480656987229196420e-02 1.612290821420125225e-03
7.455933593178788732e-02 -5.795544122283013272e-03
7.358119264623702582e-02 -1.313865870469690771e-02
7.188249672173226135e-02 -2.034519222872074526e-02
6.948064574923597247e-02 -2.734469397442299693e-02
6.639990561534757363e-02 -3.406880534233019259e-02
6.267116439413564222e-02 -4.045193351922071051e-02
5.833161865161179405e-02 -4.643189541680711047e-02
5.342440679069429543e-02 -5.195051654972211719e-02
4.799818148748347113e-02 -5.695419639397378969e-02
4.210662856267661375e-02 -6.139442854124192023e-02
3.580793703156909258e-02 -6.522827059594367427e-02
2.916422555049608123e-02 -6.841875925670944103e-02
2.224093090071417589e-02 -7.093526656270152109e-02
1.510616451851148380e-02 -7.275379386301650264e-02
7.830043389138622439e-03 -7.385720067879854300e-02
4.840018690757221572e-04 -7.423536626630362900e-02
-6.859908816433672035e-03 -7.388528234874368328e-02
-1.412972653724498678e-02 -7.281107615903363584e-02
-2.125428277077119621e-02 -7.102396361789843626e-02
-2.816389876863569300e-02 -6.854213315560990505e-02
-3.479106656909790318e-02 -6.539056136406976028e-02
-4.107110819906260174e-02 -6.160076233225602466e-02
-4.694280662680394567e-02 -5.721047316617070000e-02
-5.234900230693420586e-02 -5.226327881776291623e-02
-5.723714949942958902e-02 -4.680817993952506723e-02
-6.155982694168328495e-02 -4.089910803732895589e-02
-6.527519790266170241e-02 -3.459439270776727693e-02
-6.834741514663188189e-02 -2.795618621303716522e-02
-7.074696687604022094e-02 -2.104985106162346117e-02
-7.245095964855796655e-02 -1.394332560620278189e-02
-7.344334094430442217e-02 -6.706447066127591179e-03
-7.371504936311318312e-02 5.897442971733486564e-04
-7.326409468493846888e-02 7.873693896487361094e-03
-7.209557092629326203e-02 1.507403469752526849e-02
-7.022159991438799154e-02 2.212028667116348879e-02
-6.766120598163849476e-02 2.894354695831210730e-02
-6.444012305901322679e-02 3.547716398130418974e-02
-6.059053610967429088e-02 4.165738889662165545e-02
-5.615075948818033791e-02 4.742399800950111016e-02
-5.116485542896481026e-02 5.272088005955271467e-02
-4.568219645466734674e-02 5.749658263478713005e-02
-3.975697604411326802e-02 6.170481237610365988e-02
-3.344767240632397914e-02 6.530488409138585082e-02
-2.681647066598549442e-02 6.826211440337218161e-02
-1.992864917231640040e-02 7.054815610366070577e-02
-1.285193599328110503e-02 7.214126997105545225e-02
-5.655841947514277102e-03 7.302653142988124735e-02
1.589023245887511695e-03 7.319597006737259270e-02
8.811644957048395815e-03 7.264864069220104692e-02
1.594130093573505741e-02 7.139062529175123351e-02
2.290825503531909030e-02 6.943496592778862497e-02
2.964444054262750650e-02 6.680152929146342122e-02
3.608412639287632978e-02 6.351680431277327565e-02
4.216455972240271133e-02 5.961363487980089748e-02
4.782657156041742602e-02 5.513089899790038495e-02
5.301516394391043996e-02 5.011311429204678980e-02
5.768005049271185403e-02 4.460998393584724581e-02
6.177613583495186744e-02 3.867590970348905310e-02
6.526395189518729989e-02 3.236945230530798717e-02
6.811003830106263091e-02 2.575275147847712331e-02
7.028726322130728066e-02 1.889091159993165278e-02
7.177508154156357623e-02 1.185135892409776986e-02
7.255972790837793285e-02 4.703176822676436407e-03
7.263434281962946604e-02 -2.483574385281463529e-03
7.199903060550386091e-02 -9.638546279780321746e-03
7.066084882085867103e-02 -1.669179305166455102e-02
6.863372925031850647e-02 -2.357445725894549010e-02
6.593833140539553939e-02 -3.021944386506027203e-02
6.260183006157057917e-02 -3.656207592198155304e-02
5.865763903543839280e-02 -4.254072545299597552e-02
5.414507403122598150e-02 -4.809741334604929197e-02
4.910895798622146730e-02 -5.317837238577002856e-02
4.359917290986412008e-02 -5.773456792797995729e-02
3.767016273530279791e-02 -6.172217115069255494e-02
3.138039218028688265e-02 -6.510298029536985831e-02
2.479176704163554845e-02 -6.784478583722955425e-02
1.796902171961456754e-02 -6.992167608795707423e-02
1.097908008219378867e-02 -7.131428033269356093e-02
3.890396030791104867e-03 -7.200994722942753723e-02
-3.227707907046482860e-03 -7.200286159764790472e-02
-1.030573497170654725e-02 -7.129408905299457200e-02
-1.727470640208819339e-02 -6.989154540205701205e-02
-2.406682298916587581e-02 -6.780990851859870772e-02
-3.061612615653853953e-02 -6.507046180781059230e-02
-3.685913953521430253e-02 -6.170087321076387493e-02
-4.273548476239302785e-02 -5.773491208715274964e-02
-4.818846550744818741e-02 -5.321210692307222490e-02
-5.316561406045548083e-02 -4.817734738784969217e-02
-5.761919520617111989e-02 -4.268043480414403235e-02
-6.150666254555584023e-02 -3.677558559319418774e-02
-6.479106291271456708e-02 -3.052089270758490819e-02
-6.744138506218805285e-02 -2.397775046245010158e-02
-6.943284936476556979e-02 -1.721024851934109187e-02
-7.074713584362732344e-02 -1.028454106182856258e-02
-7.137254850025685771e-02 -3.268197425234010359e-03
-7.130411451486041996e-02 3.770459397050419329e-03
-7.054361755263496847e-02 1.076301985222735680e-02
-6.909956505891545753e-02 1.764165398258833728e-02
-6.698709007575097407e-02 2.433977012132224754e-02
-6.422778875361112583e-02 3.079265971372443025e-02
-6.084949535868632714e-02 3.693812200955086389e-02
-5.688599718189069065e-02 4.271706259494714025e-02
-5.237669233489832682e-02 4.807406001351319930e-02
-4.736619396513341851e-02 5.295789506246278283e-02
-4.190389849780951081e-02 5.732203675187435427e-02
-3.604348154029878709e-02 6.112508903754113043e-02
-2.984235262734248606e-02 6.433117768909728251e-02
-2.336110316024741021e-02 6.691028045189049978e-02
-1.666291204848453777e-02 6.883850333717590753e-02
-9.812928073531379178e-03 7.009829675737443144e-02
-2.877635042492539350e-03 7.067860963426544907e-02
4.075794062217532980e-03 7.057498021798323806e-02
1.098014765296733038e-02 6.978956297323256341e-02
1.776882452607217097e-02 6.833109151033327222e-02
2.437647501417172791e-02 6.621477815643454778e-02
3.073962815088000788e-02 6.346215137059904587e-02
3.679729886021905483e-02 6.010083279920454269e-02
4.249156940346295735e-02 5.616425634024557745e-02
4.776813959031248058e-02 5.169133213124230131e-02
5.257684058664409410e-02 4.672605889007300228e-02
5.687210752383280860e-02 4.131708851663468823e-02
6.061340653084443947e-02 3.551724730194207730e-02
6.376561226611450472e-02 2.938301848591597445e-02
6.629933251642934622e-02 2.297399125184377069e-02
6.819117694972375021e-02 1.635228154217000310e-02
6.942396765328866237e-02 9.581930324261120346e-03
6.998688965244871663e-02 2.728285123959334982e-03
6.987558018247425062e-02 -4.142629222080741920e-03
6.909215607219465483e-02 -1.096474456800051317e-02
6.764519098536424246e-02 -1.767257551707153082e-02
6.554960985747583513e-02 -2.420185684127462364e-02
6.282651842863666569e-02 -3.049015995907310497e-02
5.950299852692064045e-02 -3.647747674429582809e-02
5.561183676620240490e-02 -4.210678785354244474e-02
5.119119963640325621e-02 -4.732460119787161579e-02
4.628425822070038331e-02 -5.208145555537662535e-02
4.093876623453681501e-02 -5.633238466687302826e-02
3.520659550523993347e-02 -6.003733754384890653e-02
2.914323339511432770e-02 -6.316155114253889369e-02
2.280724701138829927e-02 -6.567587201643103334e-02
1.625971934091132928e-02 -6.755702404726693366e-02
9.563662693532646794e-03 -6.878781986676689442e-02
2.783415033740744161e-03 -6.935731411370125998e-02
-4.015975076213400795e-03 -6.926089721860201331e-02
-1.076936910799778692e-02 -6.850032896598361176e-02
-1.741215892307746566e-02 -6.708371164647784768e-02
-2.388088101878208663e-02 -6.502540317406335646e-02
-3.011381890090504901e-02 -6.234587110148051559e-02
-3.605158794205828854e-02 -5.907148901431491517e-02
-4.163769725890100609e-02 -5.523427731698130061e-02
-4.681908336513990188e-02 -5.087159093725002190e-02
-5.154661062832932572e-02 -4.602575696501214064e-02
-5.577553387493379422e-02 -4.074366570174339786e-02
-5.946591884639654962e-02 -3.507631902525624318e-02
-6.258302341949030512e-02 -2.907835088420379632e-02
-6.509761968216984385e-02 -2.280748948687470051e-02
-6.698625653616641085e-02 -1.632399525596831338e-02
-6.823148137805092051e-02 -9.690096851016610086e-03
-6.882200027543958210e-02 -2.969397221459363790e-03
-6.875277969161457114e-02 3.773732843756325787e-03
-6.802508883816944796e-02 1.047476795932274565e-02
-6.664648228825861831e-02 1.706964240679809119e-02
-6.463072303959303821e-02 2.349535963604109171e-02
-6.199764677168298488e-02 2.969059126691199479e-02
-5.877296859062293433e-02 3.559625995016393180e-02
-5.498803409226182826e-02 4.115610059532429782e-02
-5.067951709592486559e-02 4.631719467284860225e-02
-4.588906690134295085e-02 5.103047254664684618e-02
-4.066290839643692256e-02 5.525117908907849901e-02
-3.505139878842786216e-02 5.893929817095534818e-02
-2.910854514142682467e-02 6.205993200102221524e-02
-2.289148727660728078e-02 6.458363170966804900e-02
-1.645995092212548458e-02 6.648667602671891330e-02
-9.875676286046939506e-03 6.775129538830358678e-02
-3.201827464320469198e-03 6.836583931914785861e-02
3.497611715631985391e-03 6.832488546987680600e-02
1.015844967862299109e-02 6.762928923852228047e-02
1.671690109295144097e-02 6.628617346689653911e-02
2.311019702127229541e-02 6.430885827021874668e-02
2.927718511337658314e-02 6.171674255011253690e-02
3.515891942778553297e-02 5.853510496694770693e-02
4.069922227262865594e-02 5.479484867858526453e-02
4.584521909675091239e-02 5.053221449307390700e-02
5.054784439092448178e-02 4.578843203713647836e-02
5.476231116194453519e-02 4.060932304861425424e-02
5.844853944816406216e-02 3.504486055570804615e-02
6.157153972956596472e-02 2.914868813589945387e-02
6.410174751098003665e-02 2.297760383877292881e-02
6.601530582001145786e-02 1.659101370551318427e-02
6.729429285702491492e-02 1.005036011978567567e-02
6.792689255864585440e-02 3.418530477092898961e-03
6.790750638372823611e-02 -3.240748140080901632e-03
6.723680519655797494e-02 -9.863522448465084080e-03
6.592172070070910495e-02 -1.638622868940439736e-02
6.397537646259490729e-02 -2.274630463957525578e-02
6.141695915073694390e-02 -2.888279197934481846e-02
5.827153119966136524e-02 -3.473692317537473151e-02
5.456978667989489939e-02 -4.025268717620350545e-02
5.034775271194700391e-02 -4.537736841772536250e-02
4.564643929740485467e-02 -5.006205388831095476e-02
4.051144094852802968e-02 -5.426210330884542743e-02
3.499249397386742372e-02 -5.793757783778217402e-02
2.914299371642301711e-02 -6.105362311264087016e-02
2.301947643831777843e-02 -6.358080288287044912e-02
1.668107820192036780e-02 -6.549538671081479857e-02
1.018895122951258420e-02 -6.677957115485604056e-02
3.605664942840734917e-03 -6.742163912106517720e-02
-3.005391597917045788e-03 -6.741607370912350294e-02
-9.580623485422382762e-03 -6.676360650638432648e-02
-1.605684539080714027e-02 -6.547120512250018121e-02
-2.237189260116755410e-02 -6.355200010200642846e-02
-2.846522168841436606e-02 -6.102515195106857082e-02
-3.427849493064398512e-02 -5.791565960663810908e-02
-3.975614276801559682e-02 -5.425411225555938632e-02
-4.484589879329265588e-02 -5.007638697147999418e-02
-4.949930205054023369e-02 -4.542329517319602245e-02
-5.367216174135731876e-02 -4.034018141397097135e-02
-5.732497981329706671e-02 -3.487647848199876277e-02
-6.042332732584081850e-02 -2.908522322276779412e-02
-6.293817095110450233e-02 -2.302253788003431195e-02
-6.484614646460178100e-02 -1.674708208962063377e-02
-6.612977661104071925e-02 -1.031948094597722430e-02
-6.677763128558263095e-02 -3.801734791981964574e-03
-6.678442854626216729e-02 2.743383443938557202e-03
-6.615107556300320324e-02 9.252937424509850156e-03
-6.488464920650219292e-02 1.566443710072474779e-02
-6.299831658000190626e-02 2.191644294162965051e-02
-6.051119639254019106e-02 2.794915877532896942e-02
-5.744816265742580530e-02 3.370500744537578697e-02
-5.383960403011688739e-02 3.912918220571701827e-02
-4.972110791376097017e-02 4.417017720679954074e-02
-4.513309328181661778e-02 4.878027830930320441e-02
-4.012042030608231613e-02 5.291601271824411534e-02
-3.473194698443619194e-02 5.653855992200867292e-02
-2.902004800708514465e-02 5.961411639036427040e-02
-2.304010068093477123e-02 6.211421059076452367e-02
-1.684994304161905807e-02 6.401596538525737567e-02
-1.050930954018761826e-02 6.530230540070990075e-02
-4.079249893738367237e-03 6.596210751763363633e-02
2.378463165307601740e-03 6.599029319147646511e-02
8.801931419046839580e-03 6.538786189904791102e-02
1.512972812191154016e-02 6.416186558614661584e-02
2.130148856511390396e-02 6.232532457430999678e-02
2.725848851398909867e-02 5.989708595894538412e-02
3.294420492886505902e-02 5.690162609210694389e-02
3.830485357922910894e-02 5.336879928531042261e-02
4.328989841267183447e-02 4.933353538589039383e-02
4.785252784145097027e-02 4.483548936893450021e-02
5.195009345674366646e-02 3.991864654148444269e-02
5.554450707046050539e-02 3.463088737211679480e-02
5.860259241239632738e-02 2.902351633309239315e-02
6.109638827187122145e-02 2.315075947093110653e-02
6.300340036321756820e-02 1.706923570108275293e-02
6.430679970803861167e-02 1.083740705131811324e-02
6.499557587758310329e-02 4.515024290266519448e-03
6.506461826752746314e-02 -1.837463860279471908e-03
6.451473297479635993e-02 -8.159500723793393362e-03
6.335262330364294092e-02 -1.439098765260493629e-02
6.159080638070501407e-02 -2.047285615609009332e-02
5.924747450644538005e-02 -2.634762791083566924e-02
5.634630284003947637e-02 -3.195995734324118265e-02
5.291620552123436211e-02 -3.725715167472943429e-02
4.899104281511795084e-02 -4.218966356710537186e-02
4.460928231949130157e-02 -4.671155179823888171e-02
3.981361769541817003e-02 -5.078090573242240169e-02
3.465054876602320644e-02 -5.436022972172523116e-02
2.916992717328929785e-02 -5.741678398106663667e-02
2.342447208442931944e-02 -5.992287891601129346e-02
1.746926069613522273e-02 -6.185612034379443097e-02
1.136119849440197886e-02 -6.319960353030708300e-02
5.158474388339159139e-03 -6.394205446382249247e-02
-1.079994052687974562e-03 -6.407791729549204562e-02
-7.295119968718257603e-03 -6.360738739170390676e-02
-1.342820588534261554e-02 -6.253638995965593583e-02
-1.942149643572931017e-02 -6.087650472006529700e-02
-2.521871995655747267e-02 -5.864483760495409204e-02
-3.076561392221369151e-02 -5.586384094953775192e-02
-3.601042936415373846e-02 -5.256108412058851237e-02
-4.090440964852086470e-02 -4.876897697518487590e-02
-4.540224282736775308e-02 -4.452446729013466442e-02
-4.946248046716842511e-02 -3.986865853990478881e-02
-5.304790662724815503e-02 -3.484639111905866310e-02
-5.612587295695225381e-02 -2.950582789391809763e-02
-5.866859009153529980e-02 -2.389799172663240392e-02
-6.065337252139918478e-02 -1.807627806123831768e-02
-6.206283487562716528e-02 -1.209594721860206279e-02
-6.288503802078193594e-02 -6.013601207649672126e-03
-6.311358384725583581e-02 1.133500240041810254e-04
-6.274765809389656890e-02 6.227227907117920819e-03
-6.179202104249488514e-02 1.227062511864526577e-02
-6.025694639292400456e-02 1.818694100475527070e-02
-5.815810910309021642e-02 2.392090763037201320e-02
-5.551642344105200966e-02 2.941910163761123423e-02
-5.235783294577611713e-02 3.463043724918144634e-02
-4.871305442398003033e-02 3.950663594773217574e-02
-4.461727851980006043e-02 4.400266859606727365e-02
-4.010982977822084156e-02 4.807716603402772265e-02
-3.523378947892585877e-02 5.169279449267643461e-02
-3.003558484182762556e-02 5.481659250244214077e-02
-2.456454849600686607e-02 5.742026633600505470e-02
-1.887245235815204064e-02 5.948044141543552821e-02
-1.301302028268889500e-02 6.097886752315759273e-02
-7.041424021641646061e-03 6.190257608374991061e-02
-1.013767166934970891e-03 6.224398822453071356e-02
5.013432367518752368e-03 6.200099321803782815e-02
1.098378287131002162e-02 6.117693749451932894e-02
1.684154375438563431e-02 5.978055820655800434e-02
2.253213120114611404e-02 5.782590929403230717e-02
2.800262195230397710e-02 5.533221997748798832e-02
3.320224063682643972e-02 5.232370589133490679e-02
3.808282624374890318e-02 4.882933469844877306e-02
4.259927352345553586e-02 4.488254843360550000e-02
4.670994534451285152e-02 4.052094520815639062e-02
5.037705230360123299e-02 3.578592326889002556e-02
5.356699618959619852e-02 3.072229073717441805e-02
5.625067423576601139e-02 2.537784465767083456e-02
5.840374145391631633e-02 1.980292325594663200e-02
6.000682872753393404e-02 1.404993553925555465e-02
6.104571474430560418e-02 8.172872572767596669e-03
6.151145026816545736e-02 2.226804922548655721e-03
6.140043368363157228e-02 -3.732629124433790423e-03
6.071443718702282388e-02 -9.649739875380614409e-03
5.946058344610904295e-02 -1.546930235808430254e-02
5.765127299804267968e-02 -2.113706754127901710e-02
5.530406310094918704e-02 -2.660026397998932479e-02
5.244149919373805591e-02 -3.180808530699410358e-02
4.909090054746484411e-02 -3.671215912272426246e-02
4.528410210593389329e-02 -4.126699300699614159e-02
4.105715490972112330e-02 -4.543039358523670579e-02
3.645000241382281153e-02 -4.916387151365050195e-02
3.150608440254831777e-02 -5.243298451286353828e-02
2.627191935413904569e-02 -5.520763222647269430e-02
2.079668860131741320e-02 -5.746234523094970875e-02
1.513177832948866923e-02 -5.917651792851918308e-02
9.330301456595737827e-03 -6.033459645738625116e-02
3.446603779744288141e-03 -6.092621990322072412e-02
-2.464241081594018695e-03 -6.094631351976702999e-02
-8.346943311731098297e-03 -6.039513310265412493e-02
-1.414651039794582836e-02 -5.927826010502156712e-02
-1.980875778628575501e-02 -5.760654753233194342e-02
-2.528081199987347594e-02 -5.539601710295192355e-02
-3.051160159089854121e-02 -5.266770860638698981e-02
-3.545233140470948480e-02 -4.944748282867080652e-02
-4.005693578283411882e-02 -4.576577984046071440e-02
-4.428250652012196559e-02 -4.165733485366533706e-02
-4.808969161789538455e-02 -3.716085424356185135e-02
-5.144306113833307936e-02 -3.231865470145244695e-02
-5.431143676282740307e-02 -2.717626882473160935e-02
-5.666818198611209279e-02 -2.178202076355749764e-02
-5.849145023558569023e-02 -1.618657582317402366e-02
-5.976438858861559539e-02 -1.044246816596059585e-02
-6.047529516612044909e-02 -4.603610964707067002e-03
-6.061772870463184859e-02 1.275206473491070870e-03
-6.019056924758209304e-02 7.138829966326780928e-03
-5.919804890044806645e-02 1.293226421927244456e-02
-5.764968914927413174e-02 1.860118599039116416e-02
-5.556019403425600800e-02 2.409243762771763608e-02
-5.294933526093420495e-02 2.935452838435781073e-02
-4.984176889316893622e-02 3.433811607577749031e-02
-4.626680639217960883e-02 3.899646906378999994e-02
-4.225814206991072158e-02 4.328590424976333506e-02
-3.785353943261721837e-02 4.716619697296534075e-02
-3.309447927670491202e-02 5.060095896185770603e-02
-2.802577275945668592e-02 5.355798077462170514e-02
-2.269514299927666984e-02 5.600953548724697806e-02
-1.715277906036727362e-02 5.793264074052244944e-02
-1.145086644184327776e-02 5.930927663809629213e-02
-5.643098419152309253e-03 6.012655739311402459e-02
2.158272260856609133e-04 6.037685504712114043e-02
6.070721405035957308e-03 6.005787402778289819e-02
1.186642206285877695e-02 5.917267576789791289e-02
1.754831281632848738e-02 5.772965307277980185e-02
2.306283702772560229e-02 5.574245439215926023e-02
2.835800248578464189e-02 5.322985862183017558e-02
3.338387194048365175e-02 5.021560152500297719e-02
3.809303485924284138e-02 4.672815531972766834e-02
4.244105593671763932e-02 4.280046342203719378e-02
4.638689609739902325e-02 3.846963276058518177e-02
4.989330197787408827e-02 3.377658648351718890e-02
5.292717988720768013e-02 2.876568003518782668e-02
5.545989072631614392e-02 2.348427607995588751e-02
5.746750252531787617e-02 1.798230409335527247e-02
5.893103952784167071e-02 1.231179458151730743e-02
5.983666531338793781e-02 6.526388768287341019e-03
6.017581756430040452e-02 6.808324142972951767e-04
5.994529310622769697e-02 -5.169541476622173740e-03
5.914728231738639735e-02 -1.096933618937995063e-02
5.778935247895096439e-02 -1.666361612039844731e-02
5.588438012176826647e-02 -2.219842791745614552e-02
5.345043290883039200e-02 -2.752131298342696750e-02
5.051060207405250191e-02 -3.258180645830929117e-02
4.709278691099481190e-02 -3.733191790842323166e-02
4.322943326612108117e-02 -4.172658911210430643e-02
3.895722843531546076e-02 -4.572412453633051266e-02
3.431675528529689462e-02 -4.928659034647932258e-02
2.935210881945789219e-02 -5.238017808008870596e-02
2.411047877603594847e-02 -5.497552944246480999e-02
1.864170218190271122e-02 -5.704801904431329451e-02
1.299779008428847416e-02 -5.857799229570046645e-02
7.232432942491488076e-03 -5.955095609306618881e-02
1.400489379207171510e-03 -5.995772038312501689e-02
-4.442536835928280123e-03 -5.979448915469755266e-02
-1.024102657140357059e-02 -5.906289989252661021e-02
-1.593977680964001054e-02 -5.777001102134050881e-02
-2.148454485580106668e-02 -5.592824382860916294e-02
-2.682255395381987970e-02 -5.355525250370629653e-02
-3.190298013781845549e-02 -5.067375476617949626e-02
-3.667745421743909273e-02 -4.731132692099716125e-02
-4.110052624304760122e-02 -4.350014213733463531e-02
-4.513010237252987333e-02 -3.927666427647964753e-02
-4.872784987438181364e-02 -3.468130015233183289e-02
-5.185956630068270373e-02 -2.975801351933475558e-02
-5.449550920245958135e-02 -2.455390446315242753e-02
-5.661068313579853406e-02 -1.911875821485569185e-02
-5.818508111590622867e-02 -1.350456771666271386e-02
-5.920387811442308357e-02 -7.765034533284954910e-03
-5.965757465847035257e-02 -1.955052924395224087e-03
-5.954208907391277811e-02 3.869817931662713345e-03
-5.885879741511444024e-02 9.653888446912553198e-03
-5.761452063411440228e-02 1.534187467360741478e-02
-5.582145905894096011e-02 2.087943067831991156e-02
-5.349707476815357410e-02 2.621367205081908194e-02
-5.066392296150346031e-02 3.129368543706487898e-02
-4.734943392972369713e-02 3.607101911519314946e-02
-4.358564771497480672e-02 4.050014981263578423e-02
-3.940890402234304563e-02 4.453892119020694262e-02
-3.485949038698359093e-02 4.814894969269531422e-02
-2.998125201667294071e-02 5.129599378265297521e-02
-2.482116711120896033e-02 5.395028293158182775e-02
-1.942888115282340525e-02 5.608681331215675803e-02
-1.385623244806275835e-02 5.768557165982817619e-02
-8.156764067469252782e-03 5.873171749484530635e-02
-2.385197317713974412e-03 5.921573591844732365e-02
3.403097839732872974e-03 5.913352625292710857e-02
9.152638454614300464e-03 5.848643797916289883e-02
1.480836508305485334e-02 5.728125362751132488e-02
2.031617384705964105e-02 5.553011880413569190e-02
2.562343883727224991e-02 5.325042005948243951e-02
3.067951973458798651e-02 5.046461182314067317e-02
3.543624967419049115e-02 4.719999413458579596e-02
3.984839857341574559e-02 4.348844338743951266e-02
4.387410739095551349e-02 3.936609877057928308e-02
4.747528907688029071e-02 3.487300752791332864e-02
5.061799230748337264e-02 3.005273256539015697e-02
5.327272447248612708e-02 2.495192630493589872e-02
5.541473079125935203e-02 1.961987501648267823e-02
5.702422687492469250e-02 1.410801814743108985e-02
5.808658251784455662e-02 8.469447411041955420e-03
5.859245499027004173e-02 2.758390589138541658e-03
5.853787060893748256e-02 -2.970314851770205090e-03
5.792425387897586625e-02 -8.661753139994092174e-03
5.675840402302842480e-02 -1.426146134360138130e-02
5.505241923687236721e-02 -1.971595506418639954e-02
5.282356952930222088e-02 -2.497324352911101455e-02
5.009411504955159355e-02 -2.998333999614481021e-02
4.689108051768588886e-02 -3.469872735540507208e-02
4.324599149495440831e-02 -3.907480117613802012e-02
3.919455828652362861e-02 -4.307030589737933374e-02
3.477632194686985229e-02 -4.664772573480286538e-02
3.003426395226883178e-02 -4.977363827897113291e-02
2.501438346864731307e-02 -5.241902742829325501e-02
1.976524645087393561e-02 -5.455955271421680103e-02
1.433751107354766345e-02 -5.617577251832087809e-02
8.783434210543976037e-03 -5.725331914629947644e-02
3.156363849752772191e-03 -5.778302420719381299e-02
-2.489777550707831209e-03 -5.776099324309528354e-02
-8.101013689533868162e-03 -5.718862905965180210e-02
-1.362383393961106096e-02 -5.607260371585342379e-02
-1.900570669612427349e-02 -5.442477963739196511e-02
-2.419558157916327362e-02 -5.226208081653450910e-02
-2.914437564728774785e-02 -4.960631554777266555e-02
-3.380543895875979393e-02 -4.648395261744669993e-02
-3.813499504259641043e-02 -4.292585331257578463e-02
-4.209255210963681881e-02 -3.896696203505178174e-02
-4.564128114154986093e-02 -3.464595869820863427e-02
-4.874835733978855057e-02 -3.000487643957718345e-02
-5.138526179299645474e-02 -2.508868850313020205e-02
-5.352804062647074229e-02 -1.994486842377195951e-02
-5.515751932634478660e-02 -1.462292788349539054e-02
-5.625947179560431000e-02 -9.173927988232195851e-03
-5.682473474018217424e-02 -3.649994833852484612e-03
-5.684927873463990061e-02 1.896171892991354788e-03
-5.633423278922326111e-02 7.411811910449169101e-03
-5.528585627135682717e-02 1.284460754379641335e-02
-5.371546192981731249e-02 1.814318067364562720e-02
-5.163929100057121357e-02 2.325757870043890230e-02
-4.907834182812642609e-02 2.813974493059393650e-02
-4.605815387373991127e-02 3.274396896810957691e-02
-4.260854939719736778e-02 3.702731291519827800e-02
-3.876333548902645421e-02 4.095000944340969340e-02
-3.455996949171350613e-02 4.447582809039584556e-02
-3.003919117799175309e-02 4.757240646379014976e-02
-2.524462534868456010e-02 5.021154338912303672e-02
-2.022235876952290651e-02 5.236945141934823411e-02
-1.502049558422649880e-02 5.402696652555692008e-02
-9.688695517784931890e-03 5.516971320784500726e-02
-4.277699318094323709e-03 5.578822369771873485e-02
1.161154024682440082e-03 5.587801036465264715e-02
6.576413693880166569e-03 5.543959088530608925e-02
1.191700250568750348e-02 5.447846618027816362e-02
1.713269685924829686e-02 5.300505156575145010e-02
2.217459670543905914e-02 5.103456200192596492e-02
2.699558118406014673e-02 4.858685274300899443e-02
3.155074574017754929e-02 4.568621710058082264e-02
3.579782210702606854e-02 4.236113920263270827e-02
3.969755946552446652e-02 3.864401475274137354e-02
4.321407807374781640e-02 3.457083986722922497e-02
4.631520109587638351e-02 3.018085888488356017e-02
4.897274451247776023e-02 2.551618619011130143e-02
5.116276869378774683e-02 2.062140266023029800e-02
5.286578947649862859e-02 1.554313059173367123e-02
5.406694696850196380e-02 1.032959113626561766e-02
5.475613070346119216e-02 5.030148415138010684e-03
5.492806017364773585e-02 -3.051554196574293460e-04
5.458232018196104707e-02 -5.626069849444408077e-03
5.372335086921001257e-02 -1.088260602811399330e-02
5.236039268638319893e-02 -1.602550286489498252e-02
5.050738699022275929e-02 -2.100668487574433585e-02
4.818283334028285875e-02 -2.577970762312094266e-02
4.540960496387116963e-02 -3.030018669504049370e-02
4.221472422821527515e-02 -3.452620634086073226e-02
3.862910031370142550e-02 -3.841870408142288723e-02
3.468723161535085947e-02 -4.194182784291949212e-02
3.042687570905047365e-02 -4.506326242509654106e-02
2.588869000194286840e-02 -4.775452240265867787e-02
2.111584644050160109e-02 -4.999120887130541896e-02
1.615362387324242519e-02 -5.175322778402850071e-02
1.104898185585157996e-02 -5.302496797628700187e-02
5.850119843469724600e-03 -5.379543734709574254e-02
6.060199694817054858e-04 -5.405835710064202382e-02
-4.634005274964638800e-03 -5.381220767347183465e-02
-9.820766302771070239e-03 -5.306023409817879621e-02
-1.490565980309116467e-02 -5.181040957282060516e-02
-1.984112045302190500e-02 -5.007535314806448729e-02
-2.458106232056490870e-02 -4.787220457359069731e-02
-2.908130593215587159e-02 -4.522245750732434982e-02
-3.329998711131415545e-02 -4.215175266527138032e-02
-3.719794386270421777e-02 -3.868963284992879559e-02
-4.073907777618498982e-02 -3.486926213783396455e-02
-4.389068665672286873e-02 -3.072711182985570291e-02
-4.662376534692434793e-02 -2.630261606806116523e-02
-4.891327199681302917e-02 -2.163780029764157675e-02
-5.073835734806189657e-02 -1.677688599896502708e-02
-5.208255493435322292e-02 -1.176587533121595079e-02
-5.293393045332935032e-02 -6.652119513796003747e-03
-5.328518893567023990e-02 -1.483874922440710014e-03
-5.313373871993835179e-02 3.690149007556501638e-03
-5.248171163474694284e-02 8.821245899527064074e-03
-5.133593918912139620e-02 1.386116836175424819e-02
-4.970788497407763185e-02 1.876257950466424240e-02
-4.761353387998989994e-02 2.347949586548492631e-02
-4.507323913181738445e-02 2.796771762894921520e-02
-4.211152853393258788e-02 3.218524214219170565e-02
-3.875687169483563871e-02 3.609265686829212644e-02
-3.504140737432708680e-02 3.965351254932746733e-02
-3.100064052276923707e-02 4.283465848809198812e-02
-2.667311088401489588e-02 4.560654842952908267e-02
-2.210002695827968655e-02 4.794352187561386897e-02
-1.732487680306764657e-02 4.982404403260071168e-02
-1.239301731222793371e-02 5.123090703645247906e-02
-7.351245799116574303e-03 5.215139052224011806e-02
-2.247357885426830553e-03 5.257737997863465296e-02
2.870304163859279181e-03 5.250544172038310031e-02
7.953308418141801645e-03 5.193685371574047194e-02
1.295359126852179202e-02 5.087759191935560532e-02
1.782391210058093325e-02 4.933827217997238668e-02
2.251830034786289278e-02 4.733404821235979304e-02
2.699249068175069155e-02 4.488446654022099080e-02
3.120434219437638948e-02 4.201327972735666855e-02
3.511423757196301815e-02 3.874821961464253173e-02
3.868545843582071181e-02 3.512073266603397276e-02
4.188453324550842072e-02 3.116567989390494134e-02
4.468155441152207863e-02 2.692100417910286980e-02
4.705046155115661516e-02 2.242736812053533133e-02
4.896928813809279385e-02 1.772776583971675743e-02
5.042036914112646429e-02 1.286711242463285665e-02
5.139050761727731453e-02 7.891814921383605297e-03
5.187109861545993739e-02 2.849328969132413573e-03
5.185820915557173838e-02 -2.212294678174162726e-03
5.135261457930609397e-02 -7.244873841462897389e-03
5.035978564276143848e-02 -1.220055149362992558e-02
4.888983334297643951e-02 -1.703224811517045634e-02
4.695741153091403941e-02 -2.169411575494260142e-02
4.458157387214315565e-02 -2.614197616583357683e-02
4.178558851797904011e-02 -3.033374286009759072e-02
3.859671225290229463e-02 -3.422982299162243697e-02
3.504592628230456669e-02 -3.779349516299158884e-02
3.116763620248604039e-02 -4.099125948509690920e-02
2.699933904825231948e-02 -4.379315648356116308e-02
2.258126063930759528e-02 -4.617305174729317840e-02
1.795596674100736340e-02 -4.810888354709771941e-02
1.316795181511398564e-02 -4.958287101289828025e-02
8.263209359031872467e-03 -5.058168084337769793e-02
3.288788015438665058e-03 -5.109655092769845031e-02
-1.707662223487363580e-03 -5.112336968180228314e-02
-6.678349293958545096e-03 -5.066271033708799609e-02
-1.157579934236441233e-02 -4.971981986241767737e-02
-1.635331352236562771e-02 -4.830456264707549269e-02
-2.096541685324372975e-02 -4.643131951793394441e-02
-2.536829476425347951e-02 -4.411884310413874410e-02
-2.952021307226436811e-02 -4.139007099284274654e-02
-3.338191730533502516e-02 -3.827189853514349066e-02
-3.691700749084075167e-02 -3.479491355843080530e-02
-4.009228477176251387e-02 -3.099309561567520355e-02
-4.287807018515171070e-02 -2.690348100920696151e-02
-4.524848067773361293e-02 -2.256580051249484561e-02
-4.718166869676360120e-02 -1.802209410625266878e-02
-4.866002987030365601e-02 -1.331630035661712265e-02
-4.967036522260401266e-02 -8.493828944468947637e-03
-5.020400036217542716e-02 -3.601119648243403248e-03
-5.025686054856708801e-02 1.314807887469188717e-03
-4.982950098081173618e-02 6.206809181568235037e-03
-4.892709209335542597e-02 1.102807028906266015e-02
-4.755936008898818679e-02 1.573255906653190511e-02
-4.574048337904099842e-02 2.027546792972702294e-02
-4.348894603409233367e-02 2.461364379588446005e-02
-4.082734976934255383e-02 2.870600103913450649e-02
-3.778218639337898449e-02 3.251391346439311963e-02
-3.438357303340058152e-02 3.600158152120301602e-02
-3.066495281050113375e-02 3.913637123214363384e-02
-2.666276397128618247e-02 4.188912159798814649e-02
-2.241608078380750296e-02 4.423441756042005568e-02
-1.796622977383112094e-02 4.615082594960553952e-02
-1.335638510910678103e-02 4.762109221472862752e-02
-8.631147132780807654e-03 4.863229612688030334e-02
-3.836108200329411445e-03 4.917596505164877757e-02
9.825899142711245950e-04 4.924814380901543220e-02
5.778702708284071295e-03 4.884942056663420934e-02
1.050632937513251361e-02 4.798490864492746533e-02
1.512035775377390881e-02 4.666418598756718467e-02
1.957689462538319755e-02 4.490118728338082787e-02
2.383368181531012042e-02 4.271405625918803239e-02
2.785050167357052200e-02 4.012496064209813973e-02
3.158955883640057749e-02 3.715986665306111186e-02
3.501583738873872281e-02 3.384827743817294537e-02
3.809743003934627781e-02 3.022293809479189783e-02
4.080583620508914516e-02 2.631951026561245646e-02
4.311622621513616638e-02 2.217621955958100702e-02
4.500766918557894125e-02 1.783347931107100159e-02
4.646332247746336880e-02 1.333349440621387286e-02
4.747058103257277561e-02 8.719849085413051634e-03
4.802118527768888673e-02 4.037082772359533098e-03
4.811128669542833608e-02 -6.697419189119263247e-04
4.774147057433501123e-02 -5.355474786751246441e-03
4.691673586874866436e-02 -9.975313022963505638e-03
4.564643251549171943e-02 -1.448523136297135729e-02
4.394415696582066461e-02 -1.884240325865372406e-02
4.182760709347146250e-02 -2.300560903020727049e-02
3.931839802896017200e-02 -2.693562709502274680e-02
3.644184084334783219e-02 -3.059560455037867166e-02
3.322668635746529875e-02 -3.395140360109787786e-02
2.970483668161258070e-02 -3.697192057074891874e-02
2.591102739351699644e-02 -3.962937451309803127e-02
2.188248353541946342e-02 -4.189956274648301560e-02
1.765855303232147580e-02 -4.376208371616339965e-02
1.328031954994150603e-02 -4.520051691479972517e-02
8.790201652435892729e-03 -4.620256356524419378e-02
4.231540960759040682e-03 -4.676015267626880412e-02
-3.518177847389616746e-04 -4.686950329596663994e-02
-4.915949945763766968e-03 -4.653114519485958278e-02
-9.417273390777698705e-03 -4.574989793754870304e-02
-1.381296600592720608e-02 -4.453480870479532144e-02
-1.806137429865082786e-02 -4.289904962596576693e-02
-2.212240918219399860e-02 -4.085977577050876192e-02
-2.595792516857749546e-02 -3.843794532362745237e-02
-2.953207937311439629e-02 -3.565810383158615066e-02
-3.281166694339120865e-02 -3.254813474251849054e-02
-3.576642976734295543e-02 -2.913897878601750049e-02
-3.836933558644514686e-02 -2.546432502665487915e-02
-4.059682493854221280e-02 -2.156027668958780327e-02
-4.242902367691622073e-02 -1.746499508795466490e-02
-4.384991915497765680e-02 -1.321832518022183350e-02
-4.484749852584863500e-02 -8.861406449108487002e-03
-4.541384797954677727e-02 -4.436272920512781236e-03
-4.554521212424644805e-02 1.455376987621161582e-05
-4.524201310779510377e-02 4.448474303846208615e-03
-4.450882946750046171e-02 8.823220631405497005e-03
-4.335433508682722675e-02 1.309726000135214355e-02
-4.179119902260963748e-02 1.723019019315146991e-02
-3.983595137992242130e-02 2.118312326710693888e-02
-3.750880418841007896e-02 2.491905261788328677e-02
-3.483343787890317428e-02 2.840319769417862933e-02
-3.183676369073289852e-02 3.160332798127996751e-02
-2.854865197718797765e-02 3.449006079769237343e-02
-2.500163330729868183e-02 3.703713039234163285e-02
-2.123057537461199226e-02 3.922162588317484877e-02
-1.727233894326543270e-02 4.102419589217534690e-02
-1.316541624837393003e-02 4.242921806541606611e-02
-8.949555420361080676e-03 4.342493201585363033e-02
-4.665374620076235927e-03 4.400353458842881649e-02
-3.539696518924597031e-04 4.416123671785718297e-02
3.943481135083931437e-03 4.389828152508132991e-02
8.186110841719855188e-03 4.321892367514350297e-02
1.233375312489279341e-02 4.213137039417484686e-02
1.634732269871903149e-02 4.064768491184022475e-02
2.018918361884482551e-02 3.878365345413305187e-02
2.382350187630586161e-02 3.655861725714477234e-02
2.721657899886585630e-02 3.399527140173425749e-02
3.033716356017110427e-02 3.111943257860286249e-02
3.315673772868862196e-02 2.795977818056310724e-02
3.564977624611095908e-02 2.454755938073571037e-02
3.779397550615379298e-02 2.091629108980186044e-02
3.957045070689141353e-02 1.710142189018737380e-02
4.096389936927733594e-02 1.313998721827440777e-02
4.196273551211052860e-02 9.070251724508570854e-03
4.255917746331172591e-02 4.931334215205946704e-03
4.274929679687507894e-02 7.628300102134589165e-04
4.253304199028520166e-02 -3.395564049739752469e-03
4.191422013352384679e-02 -7.504427233349909854e-03
4.090044206013908334e-02 -1.152498793133633313e-02
3.950303163763120573e-02 -1.541948853010042045e-02
3.773690029108080907e-02 -1.915153872653341249e-02
3.562038815740139336e-02 -2.268645399742667129e-02
3.317507357520358552e-02 -2.599157610015323180e-02
3.042555290457790718e-02 -2.903657267317778790e-02
2.739919293885439630e-02 -3.179371322349592438e-02
2.412585841408440915e-02 -3.423811903038220111e-02
2.063761734029371381e-02 -3.634798475821972991e-02
1.696842706949341570e-02 -3.810476985392477478e-02
1.315380417677149832e-02 -3.949335810286917076e-02
9.230481361992769543e-03 -4.050218402794696776e-02
5.236054679618206732e-03 -4.112332513742743972e-02
1.208624472418325102e-03 -4.135255935485045858e-02
-2.813566579096101351e-03 -4.118938729523850123e-02
-6.792494876176161621e-03 -4.063701938356247684e-02
-1.069071340296282036e-02 -3.970232814016844830e-02
-1.447170198127237933e-02 -3.839576628097157024e-02
-1.810020704106211215e-02 -3.673125159474812523e-02
-2.154256778770022654e-02 -3.472601986272899621e-02
-2.476702958970847940e-02 -3.240045277977900151e-02
-2.774403260439325947e-02 -2.977786453695892288e-02
-3.044647456813636896e-02 -2.688426438067210295e-02
-3.284995712727638989e-02 -2.374810615684631171e-02
-3.493300314307736659e-02 -2.040001006237431719e-02
-3.667724564638652485e-02 -1.687246544861495043e-02
-3.806758683362483631e-02 -1.319951753611135065e-02
-3.909232578096568517e-02 -9.416441030815285440e-03
-3.974325384854197202e-02 -5.559403734948247314e-03
-4.001571704871963175e-02 -1.665123320167363882e-03
-3.990864495970122827e-02 2.229479523902924872e-03
-3.942454607455445070e-02 6.087628337031568762e-03
-3.856946978319406028e-02 9.873035316241373857e-03
-3.735293548894540183e-02 1.355023975054007492e-02
-3.578782965951456119e-02 1.708493735954471140e-02
-3.389027190091416925e-02 2.044429753099930719e-02
-3.167945142043565587e-02 2.359726557604892305e-02
-2.917743550886341478e-02 2.651484727065072169e-02
-2.640895192039947881e-02 2.917037312464329166e-02
-2.340114725900031140e-02 3.153974001504985386e-02
-2.018332368997140247e-02 3.360162803579906654e-02
-1.678665648455339790e-02 3.533769064964271955e-02
-1.324389507098826073e-02 3.673271647796622075e-02
-9.589050406657527101e-03 3.777476132818338717e-02
-5.857071601477817357e-03 3.845524933376119614e-02
-2.083514869593391505e-03 3.876904766853193907e-02
1.695794565866356410e-03 3.871449800288533777e-02
5.445098474529096351e-03 3.829341550050224113e-02
9.129039981822087424e-03 3.751106625813458578e-02
1.271299446379464508e-02 3.637610735905485310e-02
1.616339271653069107e-02 3.490049542872917382e-02
1.944803342702154311e-02 3.309936460893907889e-02
2.253638207493910417e-02 3.099087514448186850e-02
2.539985352282641065e-02 2.859603404328317500e-02
2.801207570469240252e-02 2.593848952452244838e-02
3.034913199906442288e-02 2.304430120784775604e-02
3.238978007029916228e-02 1.994168821725761029e-02
3.411564517933502599e-02 1.666075757422970718e-02
3.551138620077381319e-02 1.323321543484609099e-02
3.656483283551833358e-02 9.692063882381861048e-03
3.726709277384514934e-02 6.071286119081014537e-03
3.761262784109296181e-02 2.405523007978044563e-03
3.759929844506734731e-02 -1.270256004393449352e-03
3.722837593781674892e-02 -4.921084501043085542e-03
3.650452280186030490e-02 -8.512330135403547993e-03
3.543574086971054693e-02 -1.201002199626327073e-02
3.403328808328508204e-02 -1.538117122535451187e-02
3.231156459354838500e-02 -1.859408187708054896e-02
3.028796928763541341e-02 -2.161864909891446015e-02
2.798272810826369500e-02 -2.442664182702703607e-02
2.541869861827064300e-02 -2.699196978568262073e-02
2.262114295066183084e-02 -2.929092589502146904e-02
1.961747995475659687e-02 -3.130240397208700759e-02
1.643702285586086734e-02 -3.300809647729142232e-02
1.311069584613691087e-02 -3.439266352628674722e-02
9.670735652896814485e-03 -3.544387341825554205e-02
6.150380926078453936e-03 -3.615271334434882328e-02
2.583552406464609610e-03 -3.651346922155510738e-02
-9.954730715967597451e-04 -3.652377388955310028e-02
-4.552391625614567346e-03 -3.618462320883455291e-02
-8.053201267228598040e-03 -3.550035990479521314e-02
-1.146452758618535239e-02 -3.447862531116074186e-02
-1.475394304700355930e-02 -3.313027947436838344e-02
-1.789027682560398111e-02 -3.146929038593302558e-02
-2.084391219983405125e-02 -2.951259340864452810e-02
-2.358706862312673347e-02 -2.727992225185997544e-02
-2.609406575399746478e-02 -2.479361312898659131e-02
-2.834156688514178485e-02 -2.207838399291256470e-02
-3.030879941240073594e-02 -1.916109099021739287e-02
-3.197775020378194194e-02 -1.607046450010936670e-02
-3.333333397045520202e-02 -1.283682732657471896e-02
-3.436353300306739522e-02 -9.491797790511583011e-03
-3.505950691514461010e-02 -6.067980620277354381e-03
-3.541567132791306749e-02 -2.598648662336219134e-03
-3.542974473482057851e-02 8.825814722524767198e-04
-3.510276569094696042e-02 4.342076073976033034e-03
-3.443907230587702623e-02 7.746512983727868798e-03
-3.344624943999797984e-02 1.106320483118234006e-02
-3.213504953512659468e-02 1.426041448355153118e-02
-3.051928006471149590e-02 1.730766181033068993e-02
-2.861566124607407835e-02 2.017601760674798267e-02
-2.644365544104072818e-02 2.283838178387598630e-02
-2.402526995421419564e-02 2.526974308868979585e-02
-2.138483520446360364e-02 2.744741780045159216e-02
-1.854876049212619490e-02 2.935126505925335708e-02
-1.554526980927862373e-02 3.096387671624260124e-02
-1.240412034071710495e-02 3.227073985033279691e-02
-9.156306477081856132e-03 3.326037037071431085e-02
-5.833752307017648492e-03 3.392441641585296902e-02
-2.468995670158028333e-03 3.425773056442361908e-02
9.051330634426227057e-04 3.425841018853260922e-02
4.255834270120094701e-03 3.392780560206725554e-02
7.550661170256079378e-03 3.327049598318208845e-02
1.075783752654916638e-02 3.229423337638764185e-02
1.384656777056407322e-02 3.100985540307298408e-02
1.678733646596646326e-02 2.943116762615941712e-02
1.955219412979638735e-02 2.757479682199605667e-02
2.211502657689150622e-02 2.546001670671771411e-02
2.445180512544299981e-02 2.310854794185315114e-02
2.654081520190686161e-02 2.054433450269269393e-02
2.836286113178857621e-02 1.779329994321174682e-02
2.990144526834802308e-02 1.488308213259783956e-02
3.114291916314751094e-02 1.184275248927337335e-02
3.207660586684796949e-02 8.702524347389092862e-03
3.269489228802225506e-02 5.493449820982411469e-03
3.299329063765847614e-02 2.247109567980482264e-03
3.297046845858763592e-02 -1.004701388125559675e-03
3.262824706281593906e-02 -4.230288591630612140e-03
3.197156852457919141e-02 -7.398370659535195154e-03
3.100843169909953123e-02 -1.047838621200468390e-02
2.974979805317577719e-02 -1.344079215252319028e-02
2.820946840029900371e-02 -1.625735032385968240e-02
2.640393192698269054e-02 -1.890139969871836023e-02
2.435218917540004843e-02 -2.134811142619547422e-02
2.207555090674491807e-02 -2.357472424473607692e-02
1.959741500773495501e-02 -2.556075798686534284e-02
1.694302381704353502e-02 -2.728820313860036428e-02
1.413920443617189097e-02 -2.874168467430309251e-02
1.121409474881140261e-02 -2.990859866271056156e-02
8.196858003200144585e-03 -3.077922042873840192e-02
5.117388911560963489e-03 -3.134678335547537442e-02
2.006014288353139084e-03 -3.160752771872938488e-02
-1.106808715592988868e-03 -3.156071925837219266e-02
-4.190793722817279070e-03 -3.120863750302989639e-02
-7.216122551414978076e-03 -3.055653417472592448e-02
-1.015373311671029233e-02 -2.961256116992974294e-02
-1.297560283816062525e-02 -2.838767332929125267e-02
-1.565502093511755843e-02 -2.689550301240749286e-02
-1.816684001091722553e-02 -2.515220644138299252e-02
-2.048771279810600310e-02 -2.317628764236963346e-02
-2.259630931714440988e-02 -2.098840037665107225e-02
-2.447351242590146969e-02 -1.861113022414704471e-02
-2.610258997515618740e-02 -1.606875916514408087e-02
-2.746934203971108934e-02 -1.338701516287014830e-02
-2.856222196221964299e-02 -1.059280937835807394e-02
-2.937243022448046692e-02 -7.713963749396724259e-03
-2.989398044550681949e-02 -4.778931736613770132e-03
-3.012373709450959572e-02 -1.816515081247174887e-03
-3.006142479689104599e-02 1.144420569301849312e-03
-2.970960939888963107e-02 4.075228329942857074e-03
-2.907365123891806485e-02 6.947758248869193541e-03
-2.816163134833971765e-02 9.734628264203192688e-03
-2.698425156799526617e-02 1.240948533122643131e-02
-2.555470981666342969e-02 1.494725423221059980e-02
-2.388855198210520364e-02 1.732437173108719586e-02
-2.200350212192520027e-02 1.951900390710459288e-02
-1.991927285800693115e-02 2.151124469373551576e-02
-1.765735802293104742e-02 2.328329385817235614e-02
-1.524080976854133920e-02 2.481961288014561742e-02
-1.269400247454533816e-02 2.610705742478202154e-02
-1.004239048006561053e-02 2.713498002944882137e-02
-7.312250832740685609e-03 2.789531996052723242e-02
-4.530416288530435438e-03 2.838266521336345674e-02
-1.724014604803746206e-03 2.859427719438370485e-02
1.079795952954860352e-03 2.853009526569151577e-02
3.854089010564887285e-03 2.819271533601190940e-02
6.572427870318999638e-03 2.758734297026003285e-02
9.209116236026305968e-03 2.672172173137469381e-02
1.173943952964930093e-02 2.560603769915851396e-02
1.413989457002582176e-02 2.425280132906334346e-02
1.638840552251438418e-02 2.267670801779500533e-02
1.846452418436961979e-02 2.089447893077203688e-02
2.034961284323764941e-02 1.892468381728128549e-02
2.202700813326337673e-02 1.678754769090593998e-02
2.348216451246892475e-02 1.450474338467552110e-02
2.470277619434646521e-02 1.209917210149412392e-02
2.567887658428618172e-02 9.594734170220291583e-03
2.640291449494771778e-02 7.016092285408104950e-03
2.686980664163197974e-02 4.388429553956844920e-03
2.707696614745451827e-02 1.737204695574678590e-03
2.702430701663803905e-02 -9.120932542616421194e-04
2.671422476032496787e-02 -3.534188410878217040e-03
2.615155358053826776e-02 -6.104257390201287166e-03
2.534350073280334376e-02 -8.598162317104741242e-03
2.429955889485071671e-02 -1.099267534914022577e-02
2.303140243251475955e-02 -1.326568286279567258e-02
2.155275859938887359e-02 -1.539639900570829827e-02
1.987925308355085671e-02 -1.736556283479502236e-02
1.802824875249003922e-02 -1.915559906854018279e-02
1.601866666010705320e-02 -2.075077195549552764e-02
1.387079374013217882e-02 -2.213732042444268786e-02
1.160607911175211976e-02 -2.330357339977176534e-02
9.246921013098275896e-03 -2.424004436000512519e-02
6.816446448495151050e-03 -2.493950441872261337e-02
4.338285686053854236e-03 -2.539703341296110223e-02
1.836343773142894154e-03 -2.561004869297572872e-02
-6.654287511457564067e-04 -2.557831151749561174e-02
-3.143263776264894685e-03 -2.530391116868565757e-02
-5.573800031869196800e-03 -2.479122710830166526e-02
-7.934301897631270903e-03 -2.404686969959906467e-02
-1.020287058494946490e-02 -2.307960021653783153e-02
-1.235864574972208099e-02 -2.190023105133140705e-02
-1.438199569826125596e-02 -2.052150721130287583e-02
-1.625469446762138614e-02 -1.895797036447607886e-02
-1.796008419609763582e-02 -1.722580684983054597e-02
-1.948322134848023274e-02 -1.534268121115269813e-02
-2.081100552256775690e-02 -1.332755694044404117e-02
-2.193228973621877062e-02 -1.120050622761089264e-02
-2.283797127660006088e-02 -8.982510607034640410e-03
-2.352106238387079509e-02 -6.695254467137104482e-03
-2.397674426812310827e-02 -4.360926956677118813e-03
-2.420239820482933055e-02 -2.001991721271109085e-03
-2.419760551437233342e-02 3.590427494050460575e-04
-2.396413485623144490e-02 2.699823492107782108e-03
-2.350590780434181487e-02 4.998364244938942325e-03
-2.282894415012967637e-02 7.233251405006361351e-03
-2.194128761746383383e-02 9.383842829936874311e-03
-2.085291285950919074e-02 1.143045762700073235e-02
-1.957561478339887862e-02 1.335455517444036379e-02
-1.812288141331685684e-02 1.513890173698393717e-02
-1.650975165434407851e-02 1.676772317032451665e-02
-1.475265945764043900e-02 1.822684235642023712e-02
-1.286926600969836090e-02 1.950380017202003879e-02
-1.087828167310834343e-02 2.058795896411748372e-02
-8.799279493215891867e-03 2.147058768659772590e-02
-6.652502153131219752e-03 2.214492804021248040e-02
-4.458664307977515222e-03 2.260624115156624828e-02
-2.238752257668502089e-03 2.285183452364824078e-02
-1.382292565861795198e-05 2.288106918798553727e-02
2.195195900662353337e-03 2.269534718548095464e-02
4.367702144072733994e-03 2.229807969762203149e-02
6.483610954140572001e-03 2.169463633859269533e-02
8.523539364664625001e-03 2.089227630054350804e-02
1.046898237824440102e-02 1.990006221726535809e-02
1.230247886925557414e-02 1.872875777372192546e-02
1.400776816940046965e-02 1.739072595255576267e-02
1.556993616793833461e-02 1.589978054473718122e-02
1.697553565849192758e-02 1.427102581797007330e-02
1.821269638154606255e-02 1.252071815879023803e-02
1.927122013154507207e-02 1.066610276749132245e-02
2.014265903810544267e-02 8.725242944881249005e-03
2.082037650141558074e-02 6.716843702793633304e-03
2.129959044128970982e-02 4.660071458868213397e-03
2.157739869874850808e-02 2.574371585636713380e-03
2.165278660659890678e-02 4.792855751243069867e-04
2.152661691915019535e-02 -1.605730446474162854e-03
2.120160246015454636e-02 -3.661484163198869355e-03
2.068226200970628426e-02 -5.669220842938406564e-03
1.997486010295821540e-02 -7.610790886514110475e-03
1.908733155550397520e-02 -9.468809688693071228e-03
1.802919166048103095e-02 -1.122680845041954846e-02
1.681143311982083444e-02 -1.286937469593926221e-02
1.544641087570715679e-02 -1.438228137253538645e-02
1.394771609714564112e-02 -1.575260354208966873e-02
1.233004065074748065e-02 -1.696882181147954527e-02
1.060903344385588296e-02 -1.802091179180754371e-02
8.801150071076541126e-03 -1.890041902177665503e-02
6.923497223170160114e-03 -1.960051893667474898e-02
4.993673330359199754e-03 -2.011606161000241075e-02
3.029606910724925821e-03 -2.044360113843456117e-02
1.049393971475896066e-03 -2.058142560407249730e-02
-9.288711891926499948e-04 -2.052953934184980830e-02
-2.887251641067879303e-03 -2.028962937554075821e-02
-4.808120515730212804e-03 -1.986505051811915043e-02
-6.674312604116577029e-03 -1.926078092506347539e-02
-8.469270215244897523e-03 -1.848336431794199083e-02
-1.017718218529295275e-02 -1.754083958014908406e-02
-1.178311500987504548e-02 -1.644265851045644336e-02
-1.327313516078101191e-02 -1.519959259376128802e-02
-1.463442174052013815e-02 -1.382362971231657078e-02
-1.585536872233764619e-02 -1.232786177495209627e-02
-1.692567611998222962e-02 -1.072636428694510001e-02
-1.783642952905716353e-02 -9.034068918496887188e-03
-1.858016757856361875e-02 -7.266630156233458947e-03
-1.915093692731772643e-02 -5.440287140483950241e-03
-1.954433453435676718e-02 -3.571721801764781226e-03
-1.975753702490426478e-02 -1.677914413028011717e-03
-1.978931706357792836e-02 2.240023292067034569e-04
-1.964004673342075249e-02 2.116889590753852357e-03
-1.931168800368313065e-02 3.983747963041467909e-03
-1.880777045093601912e-02 5.807861234059694469e-03
-1.813335647605738427e-02 7.572937321582939169e-03
-1.729499433468268538e-02 9.263245351265284033e-03
-1.630065937104614379e-02 1.086374789371298728e-02
-1.515968391501294581e-02 1.236022740993874408e-02
-1.388267854842913790e-02 1.373942005546218738e-02
-1.248143218631776567e-02 1.498911415873976395e-02
-1.096881269115657954e-02 1.609823804832302349e-02
-9.358663050358068114e-03 1.705696800479454198e-02
-7.665684160154517986e-03 1.785681307273858862e-02
-5.905310326691171063e-03 1.849068936911790403e-02
-4.093578353937331327e-03 1.895298326979960590e-02
-2.246991139995972112e-03 1.923960291718104787e-02
-3.823767529636439358e-04 1.934801755726203373e-02
1.483255995657664986e-03 1.927728428461035481e-02
3.332864418097750484e-03 1.902806184860256211e-02
5.149520156544788729e-03 1.860261125489559228e-02
6.916557592459728239e-03 1.800478298153021170e-02
8.617721293281734030e-03 1.723999071938100286e-02
1.023731130733232866e-02 1.631517164226098382e-02
1.176032510102995379e-02 1.523873331255267728e-02
1.317259492395156384e-02 1.402048743290186528e-02
1.446091938749038269e-02 1.267157076319836220e-02
1.561318805210297825e-02 1.120435363428340207e-02
1.661849783814577791e-02 9.632336604580295572e-03
1.746726010690942063e-02 7.970035921661556416e-03
1.815129730133880140e-02 6.232858566668669428e-03
1.866392809103725389e-02 4.436967774838268194e-03
1.900004003394372906e-02 2.599140038683315883e-03
1.915614884827194359e-02 7.366147094977609083e-04
1.913044729462482982e-02 -1.133073304331858825e-03
1.892282639176865941e-02 -2.992245465489977441e-03
1.853488875707106839e-02 -4.823231859820737051e-03
1.796995382900731797e-02 -6.608547758509622505e-03
1.723304065084116377e-02 -8.331060990228842875e-03
1.633083420756193532e-02 -9.974158206326601966e-03
1.527163530263270577e-02 -1.152190839940561359e-02
1.406529412826986597e-02 -1.295922201378049698e-02
1.272312785550724912e-02 -1.427200398189082745e-02
1.125782274633254504e-02 -1.544729903498980907e-02
9.683321467863258494e-03 -1.647342766986199455e-02
8.014696465043802051e-03 -1.734011120722149177e-02
6.268010421122186676e-03 -1.803858445159460533e-02
4.460165002437197455e-03 -1.856169455624979633e-02
2.608739243187272079e-03 -1.890398481042612419e-02
7.318190745936340932e-04 -1.906176219911656991e-02
-1.152180361887262606e-03 -1.903314773646977084e-02
-3.024697857738650741e-03 -1.881810874169128830e-02
-4.867212874459154494e-03 -1.841847240947267622e-02
-6.661433929089914836e-03 -1.783792022354440884e-02
-8.389486621537612862e-03 -1.708196296956271745e-02
-1.003409925848377723e-02 -1.615789631946821722e-02
-1.157878401400649557e-02 -1.507473718182127456e-02
-1.300801157728379356e-02 -1.384314123855641745e-02
-1.430737727435224364e-02 -1.247530231469757417e-02
-1.546376101763737368e-02 -1.098482752630787831e-02
-1.646546287252685994e-02 -9.386608499844581802e-03
-1.730232945012703111e-02 -7.696680946775131399e-03
-1.796587347873825416e-02 -5.932056397163633366e-03
-1.844937041361828164e-02 -4.110547987829728592e-03
-1.874793662147449316e-02 -2.250586297299636464e-03
-1.885858806464959375e-02 -3.710272107037809308e-04
-1.878027862854403721e-02 1.509046080348964460e-03
-1.851391746886824410e-02 3.370524740737010534e-03
-1.806236499998263231e-02 5.194477344911747896e-03
-1.743040739886950879e-02 6.962352004618366230e-03
-1.662470975763653477e-02 8.656175242502365738e-03
-1.565374827712556760e-02 1.025874529969351100e-02
-1.452772215184795594e-02 1.175381761162369414e-02
-1.325844604878986636e-02 1.312628026220627464e-02
-1.185922432626210742e-02 1.436231733161869376e-02
-1.034470836957569750e-02 1.544955818577255224e-02
-8.730738635290854685e-03 1.637721091498625658e-02
-7.034173192348966951e-03 1.713617831322898979e-02
-5.272704722755327394e-03 1.771915499533353866e-02
-3.464668094288503395e-03 1.812070447524129560e-02
-1.628840740932698764e-03 1.833731527012160897e-02
2.157618182053412312e-04 1.836743535048722745e-02
2.050092925308056625e-03 1.821148452171462984e-02
3.855281765603274687e-03 1.787184459390188385e-02
5.612841443825311930e-03 1.735282392147414685e-02
7.304863356279895324e-03 1.666060604089614205e-02
8.914207080977098671e-03 1.580317982649786721e-02
1.042468805896703057e-02 1.479024216508099780e-02
1.182124947570418333e-02 1.363308441158772588e-02
1.309012063513495007e-02 1.234446132394365070e-02
1.421896001249291913e-02 1.093844409752758179e-02
1.519698136885585561e-02 9.430259310736523182e-03
1.601506152805503430e-02 7.836115759802246561e-03
1.666582865148159495e-02 6.173021301068821673e-03
1.714373009544930757e-02 4.458591930874307788e-03
1.744507919561294473e-02 2.710855414990677534e-03
1.756808058961983887e-02 9.480518299818107035e-04
1.751283395863115905e-02 -8.115666015676686190e-04
1.728131633737031367e-02 -2.549934011703612266e-03
1.687734340746905454e-02 -4.249365396223577125e-03
1.630651044551638049e-02 -5.892744877784386950e-03
1.557611384261406440e-02 -7.463705570481636922e-03
1.469505434322594499e-02 -8.946799022339498378e-03
1.367372336382554482e-02 -1.032765236606530447e-02
1.252387394412914426e-02 -1.159311148522982476e-02
1.125847805282861186e-02 -1.273136869942376008e-02
9.891572114146382835e-03 -1.373207368519365618e-02
8.438092739555256780e-03 -1.458642657651997715e-02
6.913704738636961174e-03 -1.528725242590830286e-02
5.334622223129519003e-03 -1.582905530292041951e-02
3.717429794976843428e-03 -1.620805472341441122e-02
2.078901200797465647e-03 -1.642220336292925936e-02
4.358162423765696639e-04 -1.647118285922375899e-02
-1.195217674428253850e-03 -1.635638136527980263e-02
-2.797938987635997105e-03 -1.608085265012018997e-02
-4.356598512820232180e-03 -1.564925758780026654e-02
-5.856117278451458165e-03 -1.506778907288619518e-02
-7.282234026381426834e-03 -1.434408158041449756e-02
-8.621640906288965608e-03 -1.348710674760799158e-02
-9.862106073342848112e-03 -1.250705649213758319e-02
-1.099258209121482463e-02 -1.141521529568901953e-02
-1.200329924477413178e-02 -1.022382337054748500e-02
-1.288584307448062231e-02 -8.945932491116588559e-03
-1.363321565520511473e-02 -7.595256311451384530e-03
-1.423988035315584301e-02 -6.186017003998199593e-03
-1.470179000209590782e-02 -4.732790044336416223e-03
-1.501639864181384537e-02 -3.250348932519799786e-03
-1.518265715505823059e-02 -1.753511585334533579e-03
-1.520099332082361192e-02 -2.569900569215903432e-04
-1.507327697062880480e-02 1.224754850868111852e-03
-1.480277108767193150e-02 2.677652639866812297e-03
-1.439406982528254088e-02 4.088154507464539233e-03
-1.385302453967844627e-02 5.443355897154417145e-03
-1.318665903117264421e-02 6.731109175133489185e-03
-1.240307726352553319e-02 7.940125237074267470e-03
-1.151135939737932615e-02 9.060065283497615099e-03
-1.052144992049312486e-02 1.008161925680656559e-02
-9.444044635141497085e-03 1.099657107255773425e-02
-8.290471881594801279e-03 1.179785192470771300e-02
-7.072571126276485515e-03 1.247958086358905844e-02
-5.802570257892381879e-03 1.303709272114197439e-02
-4.492962884374798738e-03 1.346695359692611817e-02
-3.156386858969803880e-03 1.376696424678806180e-02
-1.805505187296296962e-03 1.393615183240511785e-02
-4.528903805216216000e-04 1.397475059363254869e-02
8.890867754918239463e-04 1.388417209559938276e-02
2.208363167141424045e-03 1.366696577779752397e-02
3.493283253905847107e-03 1.332677059324299806e-02
4.732692268842336562e-03 1.286825857234653696e-02
5.916022173261126747e-03 1.229707117864114671e-02
7.033369927337298350e-03 1.161974934245597717e-02
8.075567742988147210e-03 1.084365806441138502e-02
9.034245085321905566e-03 9.976906474687163504e-03
9.901882282721435544e-03 9.028264217525802313e-03
1.067185569307362372e-02 8.007075004204068300e-03
1.133847445308650524e-02 6.923168143241673241e-03
1.189700890864506949e-02 5.786768815765890028e-03
1.234371088647699503e-02 4.608407817825010099e-03
1.267582602051197174e-02 3.398831441552602368e-03
1.289160373848400459e-02 2.168913774556671583e-03
1.299029015494743491e-02 9.295645814814565379e-04
1.297211168390929176e-02 -3.083576246285361661e-04
1.283826312679882224e-02 -1.534126575077555260e-03
1.259088466130405849e-02 -2.737229249132548236e-03
1.223303283483881919e-02 -3.907443782372787243e-03
1.176864592297882824e-02 -5.034913957713097431e-03
1.120250400900345104e-02 -6.110219993812995506e-03
1.054018413324054812e-02 -7.124445377076959150e-03
9.788010851826506667e-03 -8.069239509447743292e-03
8.953002534757658129e-03 -8.936875965228628302e-03
8.042813723384327484e-03 -9.720306166368684192e-03
7.065673858687913922e-03 -1.041320829690371708e-02
6.030322685407444629e-03 -1.101003128431330552e-02
4.945942633772079135e-03 -1.150603367939296434e-02
3.822088480903118937e-03 -1.189731726763553973e-02
2.668614598216238840e-03 -1.218085524515059512e-02
1.495600099378647813e-03 -1.235451479126319606e-02
3.132722163097599989e-04 -1.241707386954810435e-02
-8.680717515888831341e-04 -1.236823209031866037e-02
-2.038143548588499786e-03 -1.220861547123179569e-02
-3.186743742746488139e-03 -1.193977493958007716e-02
-4.303841755269254346e-03 -1.156417843143526386e-02
-5.379655688923640905e-03 -1.108519645941098003e-02
-6.404731473324223878e-03 -1.050708104328072420e-02
-7.370027622519779130e-03 -9.834942795587912553e-03
-8.266986862706158720e-03 -9.074708449327643575e-03
-9.087601232903972856e-03 -8.233075663054496146e-03
-9.824488431937859756e-03 -7.317471407109627131e-03
-1.047095912625521479e-02 -6.335997586244617417e-03
-1.102108010949944678e-02 -5.297370245831660614e-03
-1.146973266509475863e-02 -4.210852588740239891e-03
-1.181266547965216518e-02 -3.086182101316579940e-03
-1.204654146002073593e-02 -1.933492162196828214e-03
-1.216897782164038863e-02 -7.632285860022093409e-04
-1.217857884111109290e-02 4.139383665568803147e-04
-1.207496070165557135e-02 1.587205901427013498e-03
-1.185876790668441427e-02 2.745733838089566264e-03
-1.153168079451535183e-02 3.878742226826601899e-03
-1.109641375611494785e-02 4.975610602334797593e-03
-1.055670383740002667e-02 6.025977975556269517e-03
-9.917289497259722253e-03 7.019842609801221767e-03
-9.183879390776000795e-03 7.947660580620198242e-03
-8.363111153872126308e-03 8.800442083032869109e-03
-7.462500279483196518e-03 9.569844426095201750e-03
-6.490379294017073822e-03 1.024826064440619196e-02
-5.455827565268303418e-03 1.082890265979006943e-02
-4.368592197493582387e-03 1.130587794514750083e-02
-3.239000593843917308e-03 1.167425867639201864e-02
-2.077865388837947438e-03 1.193014240806960884e-02
-8.963774492166759695e-04 1.207071163241218992e-02
2.940003281507173644e-04 1.209426422252091182e-02
1.481638011992427850e-03 1.200023569482253603e-02
2.654857932477945603e-03 1.178922718524469740e-02
3.802053292588786215e-03 1.146301227611930783e-02
4.911808025881128116e-03 1.102453146356324742e-02
5.973016569319956892e-03 1.047787404075731059e-02
6.975002182125130193e-03 9.828247321961219862e-03
7.907632421257537042e-03 9.081933287508328276e-03
8.761430382536539510e-03 8.246232889479820569e-03
9.527680334073805254e-03 7.329398418493695416e-03
1.019852640561742102e-02 6.340554491513362978e-03
1.076706305347457926e-02 5.289608376959029426e-03
1.122741609593960743e-02 4.187150523989715926e-03
1.157481320772281615e-02 3.044346305158550630e-03
1.180564287320554941e-02 1.872820113774266784e-03
1.191750092600604889e-02 6.845330761878585125e-04
1.190922394422575838e-02 -5.083442566385479615e-04
1.178090892580068057e-02 -1.693562786295823826e-03
1.153391883451152650e-02 -2.858927791518101318e-03
1.117087378159923108e-02 -3.992432329332185406e-03
1.069562778842605803e-02 -5.082389513099545147e-03
1.011323125998331990e-02 -6.117562060568797373e-03
9.429879484392696479e-03 -7.087287519575037782e-03
8.652847657125503286e-03 -7.981597615920500363e-03
7.790412004978024968e-03 -8.791340072149173707e-03
6.851756891267574145e-03 -9.508271200244673704e-03
5.846877679064861090e-03 -1.012513845846378484e-02
4.786471588359285378e-03 -1.063577216325482105e-02
3.681819020457288878e-03 -1.103515500663321616e-02
2.544657798233294216e-03 -1.131947833951262028e-02
1.387051831964347063e-03 -1.148618447657991960e-02
2.212558010265389173e-04 -1.153399445514803959e-02
-9.404224989566771931e-04 -1.146292086622029312e-02
-2.085760457069432954e-03 -1.127426556827458570e-02
-3.202757896084076385e-03 -1.097060228999501355e-02
-4.279771578977477862e-03 -1.055574432421588389e-02
-5.305645315118630301e-03 -1.003469770947062328e-02
-6.269834063926373047e-03 -9.413600484606373525e-03
-7.162520511425254921e-03 -8.699648783044950859e-03
-7.974722693851465927e-03 -7.901010704439511909e-03
-8.698391361054129065e-03 -7.026729059348335929e-03
-9.326495908490490053e-03 -6.086614225092013344e-03
-9.853097858707110523e-03 -5.091128476451005705e-03
-1.027341103903435526e-02 -4.051263261392662116e-03
-1.058384777916967882e-02 -2.978410977864965128e-03
-1.078205063771033208e-02 -1.884232871629891535e-03
-1.086690935808830999e-02 -7.805247165917325635e-04
-1.083856294892378974e-02 3.209180421910089393e-04
-1.069838697865132388e-02 1.408434007489091887e-03
-1.044896927156490143e-02 2.470635824024083882e-03
-1.009406167160795988e-02 3.496528658403780330e-03
-9.638524410581895616e-03 4.475620251118615951e-03
-9.088263964599828035e-03 5.398042434303466051e-03
-8.450154504196815894e-03 6.254655780173111468e-03
-7.731948849873141252e-03 7.037144433496756238e-03
-6.942180160958146169e-03 7.738100075278663004e-03
-6.090055690857672753e-03 8.351094119279768233e-03
-5.185344027360652523e-03 8.870737407937260427e-03
-4.238257301596741987e-03 9.292726847008749014e-03
-3.259329892756488139e-03 9.613878596393557116e-03
-2.259295177583219971e-03 9.832147614978843306e-03
-1.248961874276408035e-03 9.946633537869892586e-03
-2.390915095017626167e-04 9.957573042275291719e-03
7.597215042726051040e-04 9.866319030647304270e-03
1.737165754877841809e-03 9.675307124847501439e-03
2.683323333506752641e-03 9.388010120183712393e-03
3.588773704655178788e-03 9.008881191050741033e-03
4.444689804475598048e-03 8.543286769217894872e-03
5.242925353899939578e-03 7.997430129808830168e-03
5.976092508959970212e-03 7.378266817273312038e-03
6.637629115560626097e-03 6.693413122810618066e-03
7.221854987370837642e-03 5.951048885548465735e-03
7.724016781241530016e-03 5.159815932044685242e-03
8.140321202260394906e-03 4.328713491483243518e-03
8.467961513649134922e-03 3.466984889692972284e-03
8.705118777830393381e-03 2.584015941610228861e-03
8.850956198231525046e-03 1.689238216953761187e-03
8.905612808100125261e-03 7.920198514110781763e-04
8.870179900115902558e-03 -9.843453566497602572e-05
8.746667313256429113e-03 -9.731795004311723186e-04
8.537960272383151444e-03 -1.823619001192859678e-03
8.247767573562596322e-03 -2.641590284122059297e-03
7.880561991670457025e-03 -3.419440629813650170e-03
7.441513855352592868e-03 -4.150096279490710777e-03
6.936418787623340430e-03 -4.827122981958803863e-03
6.371620647950733581e-03 -5.444777727512693788e-03
5.753930734148286416e-03 -5.998051361330603362e-03
5.090544309286524141e-03 -6.482701894697940302e-03
4.388955510786069630e-03 -6.895278455157166642e-03
3.656871677196413435e-03 -7.233135935383827597e-03
2.902128093059445045e-03 -7.494440513416047306e-03
2.132604105195000030e-03 -7.678166322092232383e-03
1.356141506030935631e-03 -7.784083642421237535e-03
5.804660125238007579e-04 -7.812739082872433710e-03
-1.868874060614877399e-04 -7.765428283458064747e-03
-9.386446798556425742e-04 -7.644161748869901865e-03
-1.667857684237502832e-03 -7.451624468926373868e-03
-2.367963684208163923e-03 -7.191130027224830468e-03
-3.032838773324998162e-03 -6.866569929502372958e-03
-3.656850432233042878e-03 -6.482353705942908023e-03
-4.234890079142352229e-03 -6.043353870078813257e-03
-4.762402374267619282e-03 -5.554852496160484106e-03
-5.235419077415592870e-03 -5.022475183442644958e-03
-5.650579749033622645e-03 -4.452127825961494680e-03
-6.005145876869674021e-03 -3.849932985176619457e-03
-6.297008594523276735e-03 -3.222166518194647181e-03
-6.524690218568227409e-03 -2.575195072293754925e-03
-6.687339884065010912e-03 -1.915415009417326900e-03
-6.784723603542873981e-03 -1.249193273618576152e-03
-6.817209112173910207e-03 -5.828106609565775675e-04
-6.785745891592362584e-03 7.759210356671363451e-05
-6.691840787497665283e-03 7.260651327569289529e-04
-6.537529651423467508e-03 1.356896693738267367e-03
-6.325345445003276862e-03 1.964656833909253671e-03
-6.058283247358373612e-03 2.544237127509259636e-03
-5.739762602680282232e-03 3.090886402814078254e-03
-5.373587636469554993e-03 3.600242355292091780e-03
-4.963905356355972735e-03 4.068358993693059478e-03
-4.515162537421606864e-03 4.491729903508879553e-03
-4.032061573037070031e-03 4.867307345665772451e-03
-3.519515651413698126e-03 5.192517237025757321e-03
-2.982603596327156395e-03 5.465270083681356486e-03
-2.426524688194168534e-03 5.683967958616052696e-03
-1.856553759341604938e-03 5.847507631913731463e-03
-1.277991748815590287e-03 5.955276077621046542e-03
-6.961291933763933239e-04 6.007148048769124504e-03
-1.162082506940759002e-04 6.003483962121427230e-03
4.566245697313351184e-04 5.945116338206643536e-03
1.017358397181668088e-03 5.833335758729046860e-03
1.561156364596158128e-03 5.669873780128066934e-03
2.083392165736342502e-03 5.456882954066642234e-03
2.579684631605960298e-03 5.196914108587314882e-03
3.045930160528037122e-03 4.892891046978257996e-03
3.478332842199620585e-03 4.548082825621187035e-03
3.873432121184329502e-03 4.166073777348758451e-03
4.228127849664488000e-03 3.750731453545083204e-03
4.539702584004000167e-03 3.306172666649050216e-03
4.805840984606007428e-03 2.836727824253440500e-03
5.024646183635628205e-03 2.346903757340422590e-03
5.194652992127236392e-03 1.841345258262811618e-03
5.314837826579378068e-03 1.324795558181629529e-03
5.384625245610473454e-03 8.020559887800935870e-04
5.403891000504808077e-03 2.779450888410083713e-04
5.372961519329168961e-03 -2.427425677157295171e-04
5.292609762911670672e-03 -7.552775303473669875e-04
5.164047412629237804e-03 -1.255036310116006614e-03
4.988913374906936427e-03 -1.737541577175056879e-03
4.769258615273868490e-03 -2.198501385629263172e-03
4.507527365485838530e-03 -2.633847085000529543e-03
4.206530005527443945e-03 -3.039767027652441177e-03
3.869423362627464821e-03 -3.412741403800380671e-03
3.499686175083961768e-03 -3.749578027655542725e-03
3.101081590667421114e-03 -4.047440136294161959e-03
2.677622020019987999e-03 -4.303872632744202772e-03
2.233531376240493593e-03 -4.516824971189604444e-03
1.773205009742338583e-03 -4.684670391598112597e-03
1.301167684629054395e-03 -4.806221238471002771e-03
8.220299776633034497e-04 -4.880740130985096632e-03
3.404435127286616720e-04 -4.907946789420667560e-03
-1.389445284693507216e-04 -4.888020364995296872e-03
-6.115371552123836322e-04 -4.821597166739039625e-03
-1.072833094063760503e-03 -4.709763729557554617e-03
-1.518471598559659923e-03 -4.554045220767065708e-03
-1.944276041860111938e-03 -4.356389237942573205e-03
-2.346295792818496595e-03 -4.119145108419112501e-03
-2.720845883949255320e-03 -3.845038858755243406e-03
-3.064543994813302783e-03 -3.537144080052531756e-03
-3.374344296921863006e-03 -3.198848971567649479e-03
-3.647567735890383783e-03 -2.833819899466945378e-03
-3.881928363144703312e-03 -2.445961858422539617e-03
-4.075555372606393459e-03 -2.039376270641132631e-03
-4.227010547138938985e-03 -1.618316599076008487e-03
-4.335300874387697928e-03 -1.187142287741761379e-03
-4.399886151239605463e-03 -7.502715715031543168e-04
-4.420677267813601617e-03 -3.121343740218574751e-04
-4.398038168209137538e-03 1.228744232251582100e-04
-4.332782283513924443e-03 5.504437693893411525e-04
-4.226155277278658903e-03 9.663926963776779070e-04
-4.079817138592295098e-03 1.366714602545930028e-03
-3.895819574240966428e-03 1.747619224290856456e-03
-3.676578991510583497e-03 2.105571771520630461e-03
-3.424845424943858893e-03 2.437328739817468896e-03
-3.143667817495608696e-03 2.739969956697053260e-03
-2.836356117854941031e-03 3.010926471085556121e-03
-2.506440700248377049e-03 3.248003952998650221e-03
-2.157629650389331685e-03 3.449401333730552251e-03
-1.793764489916112445e-03 3.613724484851527866e-03
-1.418774931759311450e-03 3.739994805273683196e-03
-1.036633270298999458e-03 3.827652658742446406e-03
-6.513090118275924887e-04 3.876555678520837885e-03
-2.667243429045818752e-04 3.886972029999549109e-03
1.132889829592982704e-04 3.859568794275611281e-03
4.850307862979656584e-04 3.795395705438532694e-03
8.449711113576942496e-04 3.695864540043147881e-03
1.189785908634285279e-03 3.562724517572139846e-03
1.516389324965022704e-03 3.398034124860260883e-03
1.821962232757560075e-03 3.204129824896363894e-03
2.103976692374663702e-03 2.983592149968886456e-03
2.360216108629589749e-03 2.739209709954048503e-03
2.588788305435818851e-03 2.473940281317505308e-03
2.788138854263064702e-03 2.190874720037876752e-03
2.957060580210086210e-03 1.893199009037947831e-03
3.094693226582228163e-03 1.584153613897237552e-03
3.200520997064403798e-03 1.266995413144155315e-03
3.274365849871735054e-03 9.449608533501626740e-04
3.316376792403115566e-03 6.212308149850484821e-04
3.327015482124871283e-03 2.988976333410125097e-04
3.307038490385973140e-03 -1.906532988761068526e-05
3.257476629277769684e-03 -3.298312235894341788e-04
3.179611776860837968e-03 -6.307440714327953654e-04
3.074951663030326635e-03 -9.193397452076776041e-04
2.945203095659816844e-03 -1.193363395204763248e-03
2.792244114966091484e-03 -1.450783252418416007e-03
2.618095563298305974e-03 -1.689800784118536143e-03
2.424892547347710231e-03 -1.908857249861590534e-03
2.214856250673756782e-03 -2.106636767849943189e-03
1.990266527090147654e-03 -2.282066060459597093e-03
1.753435670286250352e-03 -2.434311101687988525e-03
1.506683713260283499e-03 -2.562770937203933189e-03
1.252315563175992758e-03 -2.667068988573816427e-03
9.926002245624237271e-04 -2.747042186244625078e-03
7.297523076673689737e-04 -2.802728301002512835e-03
4.659159602221811872e-04 -2.834351860254818046e-03
2.031513009337099381e-04 -2.842309043091017628e-03
-5.657673034869265812e-05 -2.827149385573287429e-03
-3.114059255369462415e-04 -2.789562303045226704e-03
-5.595832845014533192e-04 -2.730364009928503213e-03
-7.994695750268805213e-04 -2.650479652890800741e-03
-1.029541272752964231e-03 -2.550928669025060228e-03
-1.248390692801547731e-03 -2.432811162092906807e-03
-1.454724580251085799e-03 -2.297295515370790728e-03
-1.647361452606784047e-03 -2.145607410222626164e-03
-1.825228005654489817e-03 -1.979020366872943221e-03
-1.987354903553745483e-03 -1.798847869199183885e-03
-2.132872274592817734e-03 -1.606437080568675485e-03
-2.261005226535249719e-03 -1.403164103622339806e-03
-2.371069679046083640e-03 -1.190430684634756790e-03
-2.462468786467972987e-03 -9.696622143724467017e-04
-2.534690192696048821e-03 -7.423068331314687388e-04
-2.587304321410513128e-03 -5.098354090277553916e-04
-2.619963860839804280e-03 -2.737421264747236477e-04
-2.632404553397171484e-03 -3.554539697443199743e-05
-2.624447348004932835e-03 2.032112122382643063e-04
-2.596001918374926144e-03 4.409583442112804930e-04
-2.547071494728053807e-03 6.761008247453226087e-04
-2.477758901026059363e-03 9.070185430749097989e-04
-2.388273636503459099e-03 1.132068523861115257e-03
-2.278939790125162571e-03 1.349588446653936799e-03
-2.150204530483690139e-03 1.557901833869120446e-03
-2.002643790089437149e-03 1.755323015416403003e-03
-1.836974847831628153e-03 1.940166953288071207e-03
-1.654067643511813014e-03 2.110763178363343501e-03
-1.454948850680952291e-03 2.265467599179998327e-03
-1.240808168840382576e-03 2.402677719672048282e-03
-1.013003051325421728e-03 2.520849762361152425e-03
-7.730614988789394782e-04 2.618517522870554906e-03
-5.226825702520931666e-04 2.694312719690118187e-03
-2.637342918193107469e-04 2.746986543862209480e-03
1.751311608739342277e-06 2.775432058038639418e-03
2.715862933085429654e-04 2.778707045246876610e-03
5.434381405942384372e-04 2.756056865540685349e-03
8.148445185614205900e-04 2.706936844414572184e-03
1.083231440796861723e-03 2.631033692002012619e-03
1.345934832732498428e-03 2.528285437144230877e-03
1.600225376646989680e-03 2.398899356377705468e-03
1.843336449738255641e-03 2.243367384922967649e-03
2.072494889269174603e-03 2.062478514977183260e-03
2.284954243063135656e-03 1.857327716564631612e-03
2.478030091872818370e-03 1.629320957355118215e-03
2.649136963454579424e-03 1.380175949485381573e-03
2.795826298149148986e-03 1.111918313415814069e-03
2.915824874341516309e-03 8.268729198407489059e-04
3.007073060439560339e-03 5.276502493188285538e-04
3.067762228668382760e-03 2.171276946080999979e-04
3.096365643914993169e-03 -1.015741719506488831e-04
3.091677179321284524e-03 -4.251182083894774317e-04
3.052847583102373703e-03 -7.499851628864731860e-04
2.979406807148889374e-03 -1.072512630019036581e-03
2.871286995038437300e-03 -1.388937020678954887e-03
2.728840664606101227e-03 -1.695439073967525872e-03
2.552853556918084892e-03 -1.988192338986102380e-03
2.344551694430080119e-03 -2.263413977760654703e-03
2.105602272735289469e-03 -2.517417172813916915e-03
1.838108101830803094e-03 -2.746664365639642919e-03
1.544595413208872453e-03 -2.947820507445832183e-03
1.227994955465970062e-03 -3.117805471983738086e-03
8.916164126990179951e-04 -3.253844762565046358e-03
5.391162944236009167e-04 -3.353517642821633900e-03
1.744595612114175254e-04 -3.414801833352491909e-03
-1.981246350969667321e-04 -3.436113944742043465e-03
-5.741926068971662644e-04 -3.416344861171017721e-03
-9.491405865917860053e-04 -3.354889347178865305e-03
-1.318263288402164854e-03 -3.251669223149864906e-03
-1.676815792892328953e-03 -3.107149541524101624e-03
-2.020077892801596872e-03 -2.922347294034386735e-03
-2.343419973267817698e-03 -2.698832289484524860e-03
-2.642369448408945273e-03 -2.438719959741553374e-03
-2.912676740686251375e-03 -2.144655976679929292e-03
-3.150379769991441294e-03 -1.819792692924311660e-03
-3.351861000792118357e-03 -1.467754965908349765e-03
-3.513909816359650842e-03 -1.092605515433841190e-03
-3.633782314172130917e-03 -6.987999640731129558e-04
-3.709245473586624247e-03 -2.911296824763350455e-04
-3.738619239903764272e-03 1.253379610946567366e-04
-3.720811451903561530e-03 5.453247193889406959e-04
-3.655344920404277140e-03 9.634110731049981384e-04
-3.542376076364183932e-03 1.374109356594627835e-03
-3.382704729584766565e-03 1.771939357153104987e-03
-3.177774611433846659e-03 2.151505282930777068e-03
-2.929664515612470047e-03 2.507572951889442282e-03
-2.641069996566576018e-03 2.835146029980653570e-03
-2.315275733883211031e-03 3.129540140974095344e-03
-1.956118820377945877e-03 3.386453684063216434e-03
-1.567943379079396156e-03 3.602034228051670482e-03
-1.155547057713999636e-03 3.772939402735113815e-03
-7.241200852789328674e-04 3.896391278411269650e-03
-2.791777021467502207e-04 3.970223311691359509e-03
1.735131090600726628e-04 3.992919039430500687e-03
6.280115626403420196e-04 3.963641820920893281e-03
1.078284563273779499e-03 3.882255059471309642e-03
1.518290568380644030e-03 3.749332476362227193e-03
1.942064582738293457e-03 3.566158160477948900e-03
2.343803017009255321e-03 3.334716273329560530e-03
2.717947130046967624e-03 3.057670449179517545e-03
3.059260918826552447e-03 2.738328908593962163e-03
3.362909209228000240e-03 2.380609571829153150e-03
3.624533386064169010e-03 1.988994193738730792e-03
3.840314960865307079e-03 1.568465298027185836e-03
4.007033797920237818e-03 1.124440056925780917e-03
4.122118104970095252e-03 6.626973242469660430e-04
4.183685375970346357e-03 1.892988658714222941e-04
4.190573607834762945e-03 -2.894940713598656112e-04
4.142362259185411975e-03 -7.673076317398267419e-04
4.039382574532188533e-03 -1.237744382732888608e-03
3.882717059859258982e-03 -1.694473185327886227e-03
3.674188062126591305e-03 -2.131318561545757478e-03
3.416335573186688162e-03 -2.542348219489183603e-03
3.112384545438837916e-03 -2.921957419383601831e-03
2.766202169362099589e-03 -3.264948907898729442e-03
2.382245719538134219e-03 -3.566607212284414723e-03
1.965501722661085193e-03 -3.822766169813110633e-03
1.521417336205355391e-03 -4.029868669621914160e-03
1.055824948096316428e-03 -4.185017702175222558e-03
5.748611133523436490e-04 -4.286017944244868531e-03
8.488103173149680021e-05 -4.331407252370985013e-03
-4.076301606656557728e-04 -4.320477592901700477e-03
-8.961479640943135214e-04 -4.253285099164405732e-03
-1.374199602674178568e-03 -4.130649113731270188e-03
-1.835454270832745805e-03 -3.954140243344085419e-03
-2.273811236944521877e-03 -3.726054094916744081e-03
-2.683483021303076886e-03 -3.449381922320450544e-03
-3.059076015186771962e-03 -3.127771192459914869e-03
-3.395665231278018406e-03 -2.765469694890796814e-03
-3.688861313047969801e-03 -2.367264745429787341e-03
-3.934869585666596510e-03 -1.938414893193107866e-03
-4.130540309389664315e-03 -1.484575181338492096e-03
-4.273409435863899375e-03 -1.011717105324885834e-03
-4.361729317657543452e-03 -5.260444877036150489e-04
-4.394488979097675545e-03 -3.390654347817422459e-05
-4.371423719554378036e-03 4.582905550732648903e-04
-4.293013985992891537e-03 9.441722914415311314e-04
-4.160473617084904478e-03 1.417483280522636351e-03
-3.975727723845227761e-03 1.872172319971571229e-03
-3.741380628830835806e-03 2.302473778945139920e-03
-3.460674435179796234e-03 2.702984153600899650e-03
-3.137438935501065708e-03 3.068732704853787980e-03
-2.776033696484867842e-03 3.395245196377087195e-03
-2.381283266557951590e-03 3.678599867967098213e-03
-1.958406548967630677e-03 3.915474909053854279e-03
-1.512941460170452376e-03 4.103186837274546556e-03
-1.050666051795172548e-03 4.239719335144239050e-03
-5.775173133533120957e-04 4.323742251128527905e-03
-9.950889173486075420e-05 4.354620627661645767e-03
3.773510377739399541e-04 4.332413775249517596e-03
8.471426386882058941e-04 4.257864130058410315e-03
1.304110408043577694e-03 4.132376989480941731e-03
1.742735665396431561e-03 3.957992011911599765e-03
2.157808575749514245e-03 3.737345526367110045e-03
2.544492385992479927e-03 3.473625273051763641e-03
2.898381177150483740e-03 3.170518281901511890e-03
3.215550409180212461e-03 2.832152803345574631e-03
3.492599662447656936e-03 2.463035280029101173e-03
3.726687114804233623e-03 2.067983405308523957e-03
3.915555433057471210e-03 1.652056352570125709e-03
4.057548899641605367e-03 1.220483279535142067e-03
4.151621737583636833e-03 7.785912133376219008e-04
4.197337736788127674e-03 3.317334051764618975e-04
4.194861419820281219e-03 -1.147807914032689634e-04
4.144941113378525395e-03 -5.557535161454087245e-04
4.048884410616625761e-03 -9.861625359974582859e-04
3.908526617673153784e-03 -1.401221062858901264e-03
3.726192872959638303e-03 -1.796432494481919320e-03
3.504654708929642263e-03 -2.167639421973608684e-03
3.247081891947218527e-03 -2.511066359729720570e-03
2.956990426024631857e-03 -2.823355772451485203e-03
2.638187639369214427e-03 -3.101597096878933035e-03
2.294715289175997507e-03 -3.343348580213993931e-03
1.930791619968635301e-03 -3.546651881237539161e-03
1.550753294257433941e-03 -3.710039501629831468e-03
1.158996036898980861e-03 -3.832539116813667938e-03
7.599193011125518439e-04 -3.913662865326209168e-03
3.578758828856713758e-04 -3.953390735505279280e-03
-4.287942404776236554e-05 -3.952156285152548347e-03
-4.382362590398323327e-04 -3.910823035565108054e-03
-8.242708805460303989e-04 -3.830656257412133267e-03
-1.197283674453133041e-03 -3.713290828044378891e-03
-1.553831654147633506e-03 -3.560695876454210429e-03
-1.890755726455251896e-03 -3.375136953879442382e-03
-2.205202602725920679e-03 -3.159136474397680316e-03
-2.494641337031153119e-03 -2.915433162050333482e-03
-2.756874572567939111e-03 -2.646941219730997163e-03
-2.990044671114085173e-03 -2.356709900215919837e-03
-3.192634986636403837e-03 -2.047884112772424461e-03
-3.363466621404792925e-03 -1.723666640880343803e-03
-3.501691069896319120e-03 -1.387282479861766957e-03
-3.606779211704828209e-03 -1.041945728805147159e-03
-3.678507158244039097e-03 -6.908293905266006500e-04
-3.716939488818802543e-03 -3.370383488246027283e-04
-3.722410429230187199e-03 1.641429408003915180e-05
-3.695503531058665948e-03 3.666274235320432159e-04
-3.637030401597630448e-03 7.108286505287477776e-04
-3.548009014070678622e-03 1.046387651667781554e-03
-3.429642096066410576e-03 1.370826256715897357e-03
-3.283296051921855922e-03 1.681825499085815067e-03
-3.110480917482502834e-03 1.977237367779428618e-03
-2.912828156228457806e-03 2.255079371508171993e-03
-2.692074835538632235e-03 2.513525924584597213e-03
-2.450049956157046918e-03 2.750913599994668328e-03
-2.188661043310810832e-03 2.965738003402974832e-03
-1.909882707627718473e-03 3.156649855110465596e-03
-1.615747158247989208e-03 3.322450697802602389e-03
-1.308336579542953779e-03 3.462088630343416670e-03
-9.897772161162471383e-04 3.574654439196815227e-03
-6.622349496475148567e-04 3.659378459693313386e-03
-3.279120981820868915e-04 3.715628451144293697e-03
1.095487582253957745e-05 3.742908714522308593e-03
3.520970974933037949e-04 3.740860619415422098e-03
6.932148247016651881e-04 3.709264640120203248e-03
1.031979192621114080e-03 3.648043930541137320e-03
1.366034545321674447e-03 3.557269396421088286e-03
1.693001732060512438e-03 3.437166152810747308e-03
2.010482724487316127e-03 3.288121185937401946e-03
2.316066878495007947e-03 3.110691973855335846e-03
2.607339121321090077e-03 2.905615761228379224e-03
2.881890292471802218e-03 2.673819131893135758e-03
3.137329806510056121e-03 2.416427479320644878e-03
3.371300738418861031e-03 2.134773941673705558e-03
3.581497359718961108e-03 1.830407345346783113e-03
3.765685077259115290e-03 1.505098689079942698e-03
3.921725625631819825e-03 1.160836830897811868e-03
4.047594362690090479e-03 7.998382955621895045e-04
4.141405117868416329e-03 4.245571955592997593e-04
4.201442770883206772e-03 3.767350352289122528e-05
4.226192045533318578e-03 -3.579142964471263705e-04
4.214366836841073639e-03 -7.591004338217974615e-04
4.164939528194933419e-03 -1.162587169212004950e-03
4.077169712949877366e-03 -1.564904342825094042e-03
3.950631704023650596e-03 -1.962433207353081726e-03
3.785240196009115668e-03 -2.351434508398628654e-03
3.581273439139936489e-03 -2.728080681755038622e-03
3.339393293210981065e-03 -3.088491942334757601e-03
3.060661551446253355e-03 -3.428775945438191503e-03
2.746551960123002224e-03 -3.745070609309929417e-03
2.398957408971533894e-03 -4.033589600504686526e-03
2.020191829540988592e-03 -4.290669902851399972e-03
1.612986412678183356e-03 -4.512820818487911848e-03
1.180479840766654551e-03 -4.696773686896303299e-03
7.262023242201607123e-04 -4.839531556720457275e-03
2.540533336500933547e-04 -4.938418006800435189e-03
-2.317269734020223403e-04 -4.991124288793041125e-03
-7.265925207171237965e-04 -4.995753953929778397e-03
-1.225732052736314658e-03 -4.950864132368846919e-03
-1.724115507917791616e-03 -4.855502654965882132e-03
-2.216545578348089792e-03 -4.709240243740125259e-03
-2.697718969758456688e-03 -4.512188963756931341e-03
-3.162277662418478807e-03 -4.265028477731608314e-03
-3.604868752461145697e-03 -3.969029560808449812e-03
-4.020217259897564815e-03 -3.626053411158395700e-03
-4.403193727767795371e-03 -3.238549955999530695e-03
-4.748882391656415042e-03 -2.809548103208043494e-03
-5.052648921866643647e-03 -2.342637794792571445e-03
-5.310206716608998311e-03 -1.841943846161216147e-03
-5.517680717415938789e-03 -1.312091686293917134e-03
-5.671667727540090700e-03 -7.581652465326292611e-04
-5.769292241520463868e-03 -1.856573773703732192e-04
-5.808256839388320492e-03 3.995866997066572579e-04
-5.786886260268991021e-03 9.914322765321665135e-04
-5.704164347355104164e-03 1.583523635945504465e-03
-5.559763148215359808e-03 2.169357275960643455e-03
-5.354063559964114191e-03 2.742358941555307975e-03
-5.088167026227843892e-03 3.295963447090838588e-03
-4.763897919957446603e-03 3.823696209519345142e-03
-4.383796381094740534e-03 4.319255365924087181e-03
-3.951101519189365377e-03 4.776593319666072243e-03
-3.469725035309871239e-03 5.189996548756552891e-03
-2.944215462779879115e-03 5.554162517368609400e-03
-2.379713370158584654e-03 5.864272557621466597e-03
-1.781898009896491254e-03 6.116059633152766406e-03
-1.156926029725892716e-03 6.305869957562167116e-03
-5.113571981168057740e-04 6.430711398740429977e-03
1.479115668749554516e-04 6.488303785226985816e-03
8.137216436266092546e-04 6.477124983035995390e-03
1.478744503706080470e-03 6.396434870071967052e-03
2.135569683056726554e-03 6.246294174233378051e-03
2.776794793480596296e-03 6.027573101617880388e-03
3.395116352184493046e-03 5.741949544795453206e-03
3.983420187807037820e-03 5.391896811542801898e-03
4.534870181022737472e-03 4.980660966241074600e-03
5.042994115914047754e-03 4.512228026932895222e-03
5.501765455277488059e-03 3.991281408671619284e-03
5.905679908838119829e-03 3.423150145449967412e-03
6.249825735749052480e-03 2.813748556216306550e-03
6.529946811027112670e-03 2.169508143708708241e-03
6.742497588315275042e-03 1.497302626203332945e-03
6.884689207044937878e-03 8.043670997989416311e-04
6.954526118818167915e-03 9.821241097646741744e-05
6.950832743249419146e-03 -6.134641153413426850e-04
6.873269805374279846e-03 -1.322870398689980631e-03
6.722340153429301642e-03 -2.022212552860664161e-03
6.499384004508963059e-03 -2.703787826922607676e-03
6.206563713788100685e-03 -3.360076308114518309e-03
5.846838308828476716e-03 -3.983830182023855894e-03
5.423928171438384058e-03 -4.568159387762023467e-03
4.942270383179719201e-03 -5.106612564528415291e-03
4.406959696151264462e-03 -5.593248261453770409e-03
3.823694998737695288e-03 -6.022705058084540375e-03
3.198716107862668336e-03 -6.390268406166846847e-03
2.538722629779921122e-03 -6.691920858847522253e-03
1.850794156698264831e-03 -6.924386091387455151e-03
1.142306406740582888e-03 -7.085163564580766911e-03
4.208444288897224272e-04 -7.172553485889854308e-03
-3.058859814026682142e-04 -7.185671860388907935e-03
-1.030147503404433727e-03 -7.124455561196639530e-03
-1.744260005978972823e-03 -6.989657485043491297e-03
-2.440687638660480382e-03 -6.782831991377183921e-03
-3.112123223262140172e-03 -6.506310950847223398e-03
-3.751568926403387860e-03 -6.163170848729252610e-03
-4.352412262667091150e-03 -5.757191499621421536e-03
-4.908496559290649423e-03 -5.292807030383734658e-03
-5.414185105089840654e-03 -4.775049877237628852e-03
-5.864418307181276657e-03 -4.209488618966815247e-03
-6.254763286788239847e-03 -3.602160530415267348e-03
-6.581455457981246621e-03 -2.959499788735871304e-03
-6.841431749519864824e-03 -2.288262298921546478e-03
-7.032355247855658423e-03 -1.595448124192074121e-03
-7.152631156466942274e-03 -8.882225117472907373e-04
-7.201414082104975328e-03 -1.738364951221928320e-04
-7.178606770036607097e-03 5.404519683459561071e-04
-7.084850516065731990e-03 1.247455401677932847e-03
-6.921501969113938446e-03 1.940129691996294974e-03
-6.690614741562653407e-03 2.611645738124114026e-03
-6.394912785629581348e-03 3.255461246937691941e-03
-6.037745582887027451e-03 3.865383384218658638e-03
-5.623043422046844833e-03 4.435627146039202578e-03
-5.155267472491432100e-03 4.960868021324177021e-03
-4.639355379738037410e-03 5.436288522275765228e-03
-4.080663136495808578e-03 5.857618251454688868e-03
-3.484903998569544026e-03 6.221167266612266655e-03
-2.858085219545160489e-03 6.523852595460191695e-03
-2.206443372336783573e-03 6.763217841566065286e-03
-1.536379009244122872e-03 6.937445908310361370e-03
-8.543913865395610192e-04 7.045364948590166626e-03
-1.670139454786343576e-04 7.086447722840523607e-03
5.192487996655179797e-04 7.060804616638033555e-03
1.197982363810275522e-03 6.969170630740505190e-03
1.862920834368512329e-03 6.812886710041517538e-03
2.508002363979743975e-03 6.593875823311170017e-03
3.127421181042780614e-03 6.314614242660872810e-03
3.715675748640668435e-03 5.978098500748690175e-03
4.267612765625971964e-03 5.587808524264906325e-03
4.778466765968307321e-03 5.147667454835103476e-03
5.243895133934846874e-03 4.661998673508725016e-03
5.660008411826456844e-03 4.135480542842115415e-03
6.023395832699726844e-03 3.573099371827535495e-03
6.331139974301246837e-03 2.980101875345122098e-03
6.580839274710145043e-03 2.361948005325572447e-03
6.770625907972250071e-03 1.724259110929031490e-03
6.899166392602427110e-03 1.072767755202394839e-03
6.965663854050648321e-03 4.132685404145159270e-04
6.969856019314309668e-03 -2.484302570028913584e-04
6.912009144360510733e-03 -9.065539129580473150e-04
6.792908093553232281e-03 -1.555407048569021171e-03
6.613842803491466055e-03 -2.189417727589655985e-03
6.376591372612002047e-03 -2.803179628658600264e-03
6.083400023048193654e-03 -3.391492093386973359e-03
5.736960182563831390e-03 -3.949397880434759277e-03
5.340382932738411970e-03 -4.472218482367032628e-03
4.897171065208615927e-03 -4.955586885887251249e-03
4.411188981911560655e-03 -5.395477677341582214e-03
3.886630667851567744e-03 -5.788234414036863562e-03
3.327985956077439758e-03 -6.130594197447224863e-03
2.740005295814722328e-03 -6.419709397118110970e-03
2.127663226501849952e-03 -6.653166484022027607e-03
1.496120752683844160e-03 -6.829001940110527094e-03
8.506868076571041937e-04 -6.945715216654761714e-03
1.967789885444156696e-04 -7.002278717968485680e-03
-4.601162584707720721e-04 -6.998144790089340719e-03
-1.114483826089734909e-03 -6.933249696046720097e-03
-1.760820330214240897e-03 -6.808014560830058862e-03
-2.393667434996069043e-03 -6.623343140317532185e-03
-3.007659185007684286e-03 -6.380620090105340765e-03
-3.597569839234127185e-03 -6.081701133862045701e-03
-4.158346371014508443e-03 -5.728899862705295193e-03
-4.685147022010438360e-03 -5.324973148858058031e-03
-5.173378860806913775e-03 -4.873103505484904091e-03
-5.618734127703781805e-03 -4.376878419389158663e-03
-6.017225139308753079e-03 -3.840266695760046096e-03
-6.365217518463833768e-03 -3.267591869290277593e-03
-6.659461507952072097e-03 -2.663502753790005124e-03
-6.897121120877910093e-03 -2.032941222472952735e-03
-7.075800876794384638e-03 -1.381107333121340749e-03
-7.193569871123003077e-03 -7.134219365357061899e-04
-7.248982926189151584e-03 -3.548693284801307437e-05
-7.241098576501851097e-03 6.469566322210045699e-04
-7.169493648378042101e-03 1.328072410808391448e-03
-7.034274204368464074e-03 2.001974286523412316e-03
-6.836082637642532794e-03 2.662773319366273234e-03
-6.576100720363344150e-03 3.304625793794063304e-03
-6.256048432814229066e-03 3.921782033766540304e-03
-5.878178426532329817e-03 4.508635622108180495e-03
-5.445266005492499506e-03 5.059772636738194863e-03
-4.960594543816964144e-03 5.570020494416411637e-03
-4.427936296585993983e-03 6.034495973813729271e-03
-3.851528601860079032e-03 6.448651974359992552e-03
-3.236053751058674474e-03 6.808322104136058615e-03
-2.586597976972424776e-03 7.109767927341505145e-03
-1.908604942962177468e-03 7.349717557733172549e-03
-1.207842305401721260e-03 7.525400224083874517e-03
-4.903565171958168328e-04 7.634579575262392254e-03
2.375759472505849517e-04 7.675583017465902567e-03
9.695006094972837907e-04 7.647326681160074822e-03
1.698839863905774990e-03 7.549335642225912107e-03
2.418950285504250456e-03 7.381759054617242910e-03
3.123181898037154236e-03 7.145379890413684938e-03
3.804938892480078452e-03 6.841619026935714248e-03
4.457741251602092766e-03 6.472533469206405432e-03
5.075286706275716764e-03 6.040808549347589929e-03
5.651512424367140415e-03 5.549744002041667734e-03
6.180655814622161570e-03 5.003233876244903185e-03
6.657313815791797602e-03 4.405740306955643198e-03
7.076500035105644411e-03 3.762261236994100810e-03
7.433699101875763243e-03 3.078292246374010870e-03
7.724917611118576298e-03 2.359782715508851759e-03
7.946731048670526223e-03 1.613086616750910446e-03
8.096326113324598880e-03 8.449082958921675475e-04
8.171537883363916288e-03 6.224367092808784710e-05
8.170881314225849831e-03 -7.276826619241464657e-04
8.093576600760234857e-03 -1.517483865704248114e-03
7.939567991321163851e-03 -2.299680239575731342e-03
7.709544793394806916e-03 -3.066770680020696783e-03
7.404936845319809793e-03 -3.811310552662532970e-03
7.027901644514018137e-03 -4.525983565265215627e-03
6.581322965201663946e-03 -5.203673394286876391e-03
6.068793135206125219e-03 -5.837536896473628778e-03
5.494587793211832584e-03 -6.421075856466293766e-03
4.863633232411259527e-03 -6.948206481444023710e-03
4.181466521081522551e-03 -7.413325859024776782e-03
3.454188675515354121e-03 -7.811374609313713469e-03
2.688411244824165641e-03 -8.137894986184326593e-03
1.891196749141824248e-03 -8.389083716310988259e-03
1.069993491574901864e-03 -8.561838907102896704e-03
2.325653389872050125e-04 -8.653800406362908287e-03
-6.130828633750603921e-04 -8.663383056820562339e-03
-1.458783515190006713e-03 -8.589802357137337613e-03
-2.296287337843292559e-03 -8.433092116423677662e-03
-3.117346471207645825e-03 -8.194113771786488282e-03
-3.913798717503167574e-03 -7.874557126714500782e-03
-4.677652029268682989e-03 -7.476932361548377544e-03
-5.401168318548058185e-03 -7.004553264368296520e-03
-6.076945655051116911e-03 -6.461511730261615578e-03
-6.697997922769271389e-03 -5.852643678407598582e-03
-7.257831017601689381e-03 -5.183486638002467867e-03
-7.750514693039979586e-03 -4.460229354842062434e-03
-8.170749196878782095e-03 -3.689653868722307835e-03
-8.513935119920434946e-03 -2.879070101150445291e-03
-8.776217409540990749e-03 -2.036240571732624276e-03
-8.954521633247530810e-03 -1.169306670361774936e-03
-9.046601503268820316e-03 -2.867088877639482306e-04
-9.051068758923617313e-03 6.028985854762147507e-04
-8.967414093119093974e-03 1.490736346713884917e-03
-8.796018791029270797e-03 2.367990398032814980e-03
-8.538156853822578482e-03 3.225903896606227648e-03
-8.195987489493862174e-03 4.055869017729031925e-03
-7.772537965245501085e-03 4.849517896416811677e-03
-7.271676929787540718e-03 5.598811612751280684e-03
-6.698078427810807284e-03 6.296126198448020149e-03
