-3.535533905932737864e-01 3.535533905932738974e-01
-3.150785388878651894e-01 3.882066554765595812e-01
-2.732053930378556816e-01 4.186578553169624239e-01
-2.283950633946690290e-01 4.445737447409784382e-01
-1.811413047468901361e-01 4.656719687303113031e-01
-1.319648629034944343e-01 4.817242516265522467e-01
-8.140751144739138967e-02 4.925589535834218324e-01
-3.002584996978956491e-02 4.980629646564804780e-01
2.161506208290793485e-02 4.981829148211206482e-01
7.294815992397761517e-02 4.929256865702261736e-01
1.234108393333112758e-01 4.823582252562588768e-01
1.724513570030558052e-01 4.666066508999859863e-01
2.195350893431611272e-01 4.458546836805086233e-01
2.641505757173098767e-01 4.203414036384007790e-01
3.058152747933526316e-01 3.903583731593138206e-01
3.440809665430870079e-01 3.562461585045555990e-01
3.785387370003879814e-01 3.183902937852798321e-01
4.088234880134016258e-01 2.772167374167541221e-01
4.346179203628806609e-01 2.331868770650238343e-01
4.556559452104488317e-01 1.867921443413292082e-01
4.717254859938497802e-01 1.385483049616742235e-01
4.826706404766349379e-01 8.898949371217580728e-02
4.883931805885174393e-01 3.866206630316405130e-02
4.888533758570650645e-01 -1.188165797389849690e-02
4.840701345262858890e-01 -6.208968797112517785e-02
4.741204647765996372e-01 -1.114166120092524165e-01
4.591382666976279170e-01 -1.593297349856757639e-01
4.393124737157860782e-01 -2.053150293235810053e-01
4.148845699415326660e-01 -2.488828305773287397e-01
3.861455172794618917e-01 -2.895732121066842413e-01
3.534321330469907263e-01 -3.269609776184089212e-01
3.171229651898600510e-01 -3.606602154863430831e-01
2.776337178886165713e-01 -3.903283645295922977e-01
2.354122853521445347e-01 -4.156697472739471211e-01
1.909334558343795951e-01 -4.364385335584868297e-01
1.446933513411910455e-01 -4.524411045860112224e-01
9.720367107966559894e-02 -4.635377950566408889e-01
4.898580841663982555e-02 -4.696439987696359175e-01
5.649118611993120308e-04 -4.707306309449462711e-01
-4.753603914768117500e-02 -4.668239482668024021e-01
-9.480207416877634019e-02 -4.580047356142976089e-01
-1.407319197761946195e-01 -4.444068758703265676e-01
-1.848434701983119877e-01 -4.262153264132357844e-01
-2.266789788266190264e-01 -4.036635328947412171e-01
-2.658099128816626133e-01 -3.770303173034176281e-01
-3.018414183052520183e-01 -3.466362832041249287e-01
-3.344163473269951559e-01 -3.128397863271112356e-01
-3.632188070527133106e-01 -2.760325232964088715e-01
-3.879771937601413367e-01 -2.366347951852270648e-01
-4.084666842766248585e-01 -1.950905057260937936e-01
-4.245111627638663565e-01 -1.518619563557828123e-01
-4.359845683535084060e-01 -1.074245018205902125e-01
-4.428116562708786508e-01 -6.226113079819605572e-02
-4.449681722593223920e-01 -1.685703591092264572e-02
-4.424804471825218299e-01 2.830576337491350070e-02
-4.354244255482098147e-01 7.275368312389239589e-02
-4.239241482788183579e-01 1.160266631372849355e-01
-4.081497162730569617e-01 1.576830246411101699e-01
-3.883147670834340981e-01 1.973040448494139953e-01
-3.646735023115701413e-01 2.344982001250243975e-01
-3.375173080368433776e-01 2.689050343110174768e-01
-3.071710146939653496e-01 3.001986141069706848e-01
-2.739888462600603147e-01 3.280905390382538034e-01
-2.383501112663432842e-01 3.523324795747440064e-01
-2.006546905942057646e-01 3.727182229246014944e-01
-1.613183778981835681e-01 3.890852126916555243e-01
-1.207681289983068285e-01 4.013155747670595352e-01
-7.943727703010163010e-02 4.093366279566891253e-01
-3.776076892668631113e-02 4.131208842458466979e-01
3.829522590513348423e-03 4.126855495279329045e-01
4.490935946622839209e-02 4.080915413399981428e-01
8.506652189346862458e-02 3.994420455247131296e-01
1.239049689835386298e-01 3.868806387133461033e-01
1.610487342554120238e-01 3.705890080426044175e-01
1.961455178795957766e-01 3.507843035319244684e-01
2.288699421822387170e-01 3.277161620171540335e-01
2.589264417838854082e-01 3.016634444300165807e-01
2.860517648426082471e-01 2.729307305073978562e-01
3.100170671205959572e-01 2.418446166960955268e-01
3.306295859236450529e-01 2.087498640817956330e-01
3.477338863021833260e-01 1.740054436187795095e-01
3.612126771799694658e-01 1.379805257807542318e-01
3.709872002247087130e-01 1.010504610127251068e-01
3.770171992293709362e-01 6.359279606605362789e-02
3.793004824743124725e-01 2.598336947776808126e-02
3.778720949338902901e-01 -1.140747284884807700e-02
3.728031212285065621e-01 -4.821850374649846310e-02
3.641991438616833943e-01 -8.410104748062235958e-02
3.521983843835603256e-01 -1.187221874488265105e-01
3.369695582634352204e-01 -1.517677208308896297e-01
3.187094760561018925e-01 -1.829448364285206630e-01
2.976404251288324310e-01 -2.119844958640523525e-01
2.740073680248303889e-01 -2.386435023511531972e-01
2.480749939039949281e-01 -2.627062456756641962e-01
2.201246598637434659e-01 -2.839861161675074075e-01
1.904512587363257348e-01 -3.023265845640593641e-01
1.593600492986272099e-01 -3.176019486492613897e-01
1.271634837436446119e-01 -3.297177513518060876e-01
9.417806578261234129e-02 -3.386108785552601752e-01
6.072127091072953425e-02 -3.442493481733034932e-01
2.710855821900026719e-02 -3.466318050402401596e-01
-6.349499285647180156e-03 -3.457867388322980462e-01
-3.934994153324692517e-02 -3.417714445468375550e-01
-7.159998391624816660e-02 -3.346707470085653613e-01
-1.028193969312359290e-01 -3.245955124346307508e-01
-1.327426874018029501e-01 -3.116809712707889202e-01
-1.611210687977596423e-01 -2.960848773114158061e-01
-1.877242111990286844e-01 -2.779855285457317193e-01
-2.123417644246752001e-01 -2.575796752452407801e-01
-2.347846507176474251e-01 -2.350803405423684822e-01
-2.548861261065876738e-01 -2.107145781713637422e-01
-2.725026121242294375e-01 -1.847211911775387128e-01
-2.875143019186046645e-01 -1.573484342810727021e-01
-2.998255468094498943e-01 -1.288517212528451084e-01
-3.093650317005058881e-01 -9.949135713838190564e-02
-3.160857487846766567e-01 -6.953031336579998389e-02
-3.199647803551575742e-01 -3.923206221019571310e-02
-3.210029032110626179e-01 -8.858485113317160486e-03
-3.192240275043484732e-01 2.133213253312594287e-02
-3.146744835521524952e-01 5.108700940490328718e-02
-3.074221704510543551e-01 8.016067017886714663e-02
-2.975555804073645727e-01 1.083166342823189271e-01
-2.851827125595079448e-01 1.353289860468485373e-01
-2.704298897373370592e-01 1.609838224246319116e-01
-2.534404911039204733e-01 1.850805758537135415e-01
-2.343736129852563854e-01 2.074332111298459458e-01
-2.134026694412391734e-01 2.278712962435726075e-01
-1.907139432967064063e-01 2.462409480644376369e-01
-1.665050974644129711e-01 2.624056544959684212e-01
-1.409836554818555132e-01 2.762469752862953820e-01
-1.143654592795395053e-01 2.876651240651093011e-01
-8.687311132653974255e-02 2.965794343973126579e-01
-5.873440748493860553e-02 3.029287127101522037e-01
-3.018076617024158248e-02 3.066714808801409009e-01
-1.445658779455911329e-03 3.077861110779996912e-01
2.723695417192747645e-02 3.062708551858878692e-01
5.563417715606188557e-02 3.021437707450826959e-01
8.351572019174301198e-02 2.954425449890800692e-01
1.106554220032674868e-01 2.862242181875201963e-01
1.368327526775421077e-01 2.745648068100110528e-01
1.618342914980195890e-01 2.605588267994571328e-01
1.854551754996533464e-01 2.443187172844489830e-01
2.075005147743061440e-01 2.259741642128677008e-01
2.277867692848151160e-01 2.056713235392877426e-01
2.461430815559856322e-01 1.835719435097276087e-01
2.624125589623478305e-01 1.598523856851298552e-01
2.764534986459767363e-01 1.347025445891664730e-01
2.881405473984594567e-01 1.083246662651362185e-01
2.973657881559065297e-01 8.093206658546794885e-02
3.040397441121913125e-01 5.274775087619695824e-02
3.080922908809523020e-01 2.400293729405320042e-02
3.094734666584326166e-01 -5.064512582384776002e-03
3.081541699830157022e-01 -3.421175132566924709e-02
3.041267344777684456e-01 -6.319268549390003042e-02
2.974053699216320790e-01 -9.175979044215228086e-02
2.880264591425666376e-01 -1.196659913670635178e-01
2.760487005782265024e-01 -1.466666003297799059e-01
2.615530869192144725e-01 -1.725212974687588829e-01
2.446427110452239484e-01 -1.969961430883144238e-01
2.254423914897196735e-01 -2.198656058236518052e-01
2.040981109239572155e-01 -2.409145906717924390e-01
1.807762626311804344e-01 -2.599404493738629585e-01
1.556627016370931982e-01 -2.767549544710282139e-01
1.289615993863307553e-01 -2.911862175385516172e-01
1.008941015343515490e-01 -3.030805307757671319e-01
7.169679257160382901e-02 -3.123041108868245264e-01
4.161997310957882973e-02 -3.187447245633662218e-01
1.092575650247192345e-02 -3.223131737904518235e-01
-2.011400459421963660e-02 -3.229446200340981843e-01
-5.121994892323671750e-02 -3.205997268671482714e-01
-8.210757922909922568e-02 -3.152656015063133865e-01
-1.124897589149866789e-01 -3.069565169748998956e-01
-1.420793125005717916e-01 -2.957143981716700010e-01
-1.705917073638736903e-01 -2.816090570097453671e-01
-1.977477921647584902e-01 -2.647381639781614115e-01
-2.232765654821380064e-01 -2.452269459548308550e-01
-2.469179465900734616e-01 -2.232276028401000423e-01
-2.684255189861534663e-01 -1.989184385564580215e-01
-2.875692163016988490e-01 -1.725027051390803923e-01
-3.041379195966544269e-01 -1.442071619861206577e-01
-3.179419347970812160e-01 -1.142803558053574059e-01
-3.288153191895548111e-01 -8.299063033991155303e-02
-3.366180264586480231e-01 -5.062387853238086571e-02
-3.412378407492919763e-01 -1.748105334390769733e-02
-3.425920716573018776e-01 1.612454306901243972e-02
-3.406289838945245618e-01 4.987016875379245151e-02
-3.353289376292267199e-01 8.342672368230981406e-02
-3.267052181503943831e-01 1.164619745751058616e-01
-3.148045370779156693e-01 1.486438911147954511e-01
-2.997071883800171976e-01 1.796440589552918965e-01
-2.815268491871533718e-01 2.091411329683484643e-01
-2.604100190918738345e-01 2.368242936715198310e-01
-2.365350929629425891e-01 2.623966673397492566e-01
-2.101110689386460340e-01 2.855786701411383577e-01
-1.813758971100413453e-01 3.061112363700398409e-01
-1.505944788906279364e-01 3.237588911550502990e-01
-1.180563315519845419e-01 3.383126288405737814e-01
-8.407293682446666250e-02 3.495925595811272268e-01
-4.897479675668572896e-02 3.574502885428244014e-01
-1.310822413611897885e-02 3.617709944645637332e-01
2.316810136405616366e-02 3.624751771730159167e-01
5.948677658768987409e-02 3.595200469440047453e-01
9.547547992301896880e-02 3.529005323248002313e-01
1.307608972383321189e-01 3.426498871370300958e-01
1.649727256738340309e-01 3.288398818220788500e-01
1.977477103983246165e-01 3.115805690180521448e-01
2.287336681313647535e-01 2.910196182127625097e-01
2.575934504831329241e-01 2.673412194396097563e-01
2.840087999961650733e-01 2.407645612081253939e-01
3.076840521989615551e-01 2.115418931211821008e-01
3.283496380065119569e-01 1.799561888576174662e-01
3.457653424244615525e-01 1.463184303227523797e-01
3.597232777210683796e-01 1.109645387207119360e-01
3.700505328349509293e-01 7.425198290994682038e-02
3.766114607161359373e-01 3.655609984330052131e-02
3.793095733980079154e-01 -1.733833231586026776e-03
3.780890188829839071e-01 -4.021873311365362774e-02
3.729356143295122217e-01 -7.849400575499038135e-02
3.638774184738962636e-01 -1.161539538136613925e-01
3.509848307393471645e-01 -1.527962463876562094e-01
3.343702100676312905e-01 -1.880263992426429165e-01
3.141870122537878673e-01 -2.214622130555984614e-01
2.906284503989324253e-01 -2.527381170557447265e-01
2.639256889453555632e-01 -2.815093659634698708e-01
2.343455875461353810e-01 -3.074560393082486076e-01
2.021880166724252526e-01 -3.302867940403260705e-01
1.677827723006221072e-01 -3.497423238216246233e-01
1.314861221759534571e-01 -3.655984814637961988e-01
9.367702094893444464e-02 -3.776690246420018604e-01
5.475303586095808112e-02 -3.858079492102306496e-01
1.512602855432627728e-02 -3.899113791286207831e-01
-2.478235805452085050e-02 -3.899189871292535470e-01
-6.454535612012622658e-02 -3.858149257319538616e-01
-1.037358185579017739e-01 -3.776282540080644345e-01
-1.419309987074491575e-01 -3.654328515057350679e-01
-1.787173077819891875e-01 -3.493468169191791817e-01
-2.136949937978237790e-01 -3.295313553282330776e-01
-2.464826862626182113e-01 -3.061891640735112663e-01
-2.767217532820050452e-01 -2.795623336014076421e-01
-3.040804153658122067e-01 -2.499297846372685594e-01
-3.282575681018901070e-01 -2.176042711379918004e-01
-3.489862696143196663e-01 -1.829289818819136437e-01
-3.660368468176001255e-01 -1.462737785220989961e-01
-3.792195832718650017e-01 -1.080311134565279246e-01
-3.883869553250817730e-01 -6.861167458126277152e-02
-3.934353885881229362e-01 -2.843980748683621121e-02
-3.943065125171597574e-01 1.205123146586937338e-02
-3.909878969028456885e-01 5.242413553506800050e-02
-3.835132603109605576e-01 9.224246426634190310e-02
-3.719621469051734297e-01 1.310755584310328847e-01
-3.564590745279320183e-01 1.685033951252111750e-01
-3.371721633378234606e-01 2.041213255430180673e-01
-3.143112606188417923e-01 2.375446392790028782e-01
-2.881255835078865846e-01 2.684129010562643081e-01
-2.589009072528908884e-01 2.963940084954271859e-01
-2.269563321400196454e-01 3.211879228995203617e-01
-1.926406673436170669e-01 3.425300289890162997e-01
-1.563284745915822782e-01 3.601940840291397716e-01
-1.184158186424440901e-01 3.739947217903627497e-01
-7.931577508645902552e-02 3.837894822086717062e-01
-3.945374886715064672e-02 3.894803433950964622e-01
7.373408642318971581e-04 3.910147387098705796e-01
4.082195242813919933e-02 3.883860478876218769e-01
8.036683317690285211e-02 3.816335580524290449e-01
1.189458892266820611e-01 3.708418944759269142e-01
1.561449579419665057e-01 3.561399316775386015e-01
1.915664302424294196e-01 3.376991994504705552e-01
2.248336648988826791e-01 3.157318027095195601e-01
2.555951446778818581e-01 2.904878822644483272e-01
2.835283263691214528e-01 2.622526483446879775e-01
3.083431406420379939e-01 2.313430237328775729e-01
3.297851021196617216e-01 1.981039379158357205e-01
3.476379949696235538e-01 1.629043176762413614e-01
3.617261046293667182e-01 1.261328229781030763e-01
3.719159719351088356e-01 8.819337980343386341e-02
3.781176518380100493e-01 4.950056374424594008e-02
3.802854649893968042e-01 1.047488961962372844e-02
3.784182366809072384e-01 -2.846193684213833841e-02
3.725590238552876632e-01 -6.689174914671196237e-02
3.627943370797467315e-01 -1.044045765195540654e-01
3.492528704179383436e-01 -1.406031725621402495e-01
3.321037579728174371e-01 -1.751073638783870734e-01
3.115543814280773982e-01 -2.075581690741835905e-01
2.878477581221925430e-01 -2.376216417288131155e-01
2.612595439829326627e-01 -2.649923946797556051e-01
2.320946899742233061e-01 -2.893967671992944690e-01
2.006837945106798304e-01 -3.105956013138854166e-01
1.673791975346186622e-01 -3.283865985616012950e-01
1.325508632358128325e-01 -3.426062347118698503e-01
9.658210545700063321e-02 -3.531312113917421946e-01
5.986520588424594502e-02 -3.598794358612514288e-01
2.279697390089388542e-02 -3.628105236814156975e-01
-1.422569547482635012e-02 -3.619258209024607820e-01
-5.081021481658059419e-02 -3.572679523121731759e-01
-8.657259803320382918e-02 -3.489199067548405808e-01
-1.211416058243251492e-01 -3.370036759498437617e-01
-1.541626964678170786e-01 -3.216784683824429059e-01
-1.853017385233684811e-01 -3.031385246456657634e-01
-2.142484454972375107e-01 -2.816105650247059389e-01
-2.407194964187419350e-01 -2.573509040830554429e-01
-2.644613105729489155e-01 -2.306422704885014996e-01
-2.852524492556814950e-01 -2.017903732698926034e-01
-3.029056223022763561e-01 -1.711202580925463845e-01
-3.172692822238987742e-01 -1.389724989593710824e-01
-3.282287939964481649e-01 -1.056992719722422147e-01
-3.357071738183702303e-01 -7.166035841796726535e-02
-3.396653954164990941e-01 -3.721912447734240098e-02
-3.401022676661469291e-01 -2.738524304254388170e-03
-3.370538923378986196e-01 3.142282789800320691e-02
-3.305927156268355094e-01 6.491447283933486634e-02
-3.208261917018653264e-01 9.739776635584065922e-02
-3.078950807796716482e-01 1.285493457343329371e-01
-2.919714081308906750e-01 1.580643660901547287e-01
-2.732561126514045369e-01 1.856594755316771372e-01
-2.519764211988292368e-01 2.110754957150751676e-01
-2.283829832886676570e-01 2.340797871120500195e-01
-2.027468000983262408e-01 2.544682805224589006e-01
-1.753559905587011303e-01 2.720671544873995984e-01
-1.465124338278771532e-01 2.867341487065241945e-01
-1.165283289191591937e-01 2.983595065596799656e-01
-8.572271226748606754e-02 3.068665443793165415e-01
-5.441797352553998796e-02 3.122118495832397200e-01
-2.293640890238754851e-02 3.143851141015180928e-01
8.403150081776491684e-03 3.134086136641560660e-01
3.928859642069099101e-02 3.093363474088874909e-01
6.941766228685107565e-02 3.022528558769173590e-01
9.850085741455615052e-02 2.922717387494381258e-01
1.262642030087278433e-01 2.795338966054560226e-01
1.524517361797252391e-01 2.642055235238517374e-01
1.768277633113615466e-01 2.464758794876421855e-01
1.991788443397130015e-01 2.265548732602783444e-01
2.193154936024055424e-01 2.046704876829272823e-01
2.370735866601096919e-01 1.810660801847194801e-01
2.523154662429085704e-01 1.559975917076535379e-01
2.649307441843608002e-01 1.297306972329696773e-01
2.748367998278932189e-01 1.025379306706439009e-01
2.819789788787658846e-01 7.469581605783880141e-02
2.863304999886992497e-01 4.648203583011661921e-02
2.878920784176098313e-01 1.817266367256025958e-02
2.866912823874994132e-01 -9.960504898077473732e-03
2.827816379195133845e-01 -3.765250348808324432e-02
2.762414967958400913e-01 -6.464760733179200636e-02
2.671726905167268185e-01 -9.070158132419119112e-02
2.556989913164172679e-01 -1.155837476788831586e-01
2.419644032324020921e-01 -1.390788581543755953e-01
2.261313071728839330e-01 -1.609887586257143788e-01
2.083784845372180505e-01 -1.811338366356007867e-01
1.888990442202496123e-01 -1.993542453992180885e-01
1.678982777855143882e-01 -2.155109005217860918e-01
1.455914672400941134e-01 -2.294862483815208187e-01
1.222016692053218834e-01 -2.411848077002327617e-01
9.795749837577816255e-02 -2.505334882395907070e-01
7.309093202033987990e-02 -2.574816927970762226e-01
4.783515593211537520e-02 -2.620012107097833276e-01
2.242247070948949830e-02 -2.640859128885122975e-01
-2.917724419886859669e-03 -2.637512599854223705e-01
-2.796085480384584432e-02 -2.610336366364890970e-01
-5.248898703466913646e-02 -2.559895258101864135e-01
-7.629252742934856946e-02 -2.486945381354218609e-01
-9.917179259603053909e-02 -2.392423116781343395e-01
-1.209384442753753258e-01 -2.277432979943519453e-01
-1.414167825171112891e-01 -2.143234504187165879e-01
-1.604448930552676011e-01 -1.991228304655991987e-01
-1.778756457517886025e-01 -1.822941458815322546e-01
-1.935775444832951997e-01 -1.640012420508983049e-01
-2.074354301136447920e-01 -1.444175564484259933e-01
-2.193510355644372189e-01 -1.237245459882109488e-01
-2.292433978218599011e-01 -1.021101066549955361e-01
-2.370491307984473883e-01 -7.976699526224433068e-02
-2.427225640531698037e-01 -5.689126435481332150e-02
-2.462357530586931353e-01 -3.368072024745071696e-02
-2.475783672301456184e-01 -1.033341315280389416e-02
-2.467574623019142543e-01 1.295383267380386186e-02
-2.437971438674113589e-01 3.598684184035646355e-02
-2.387381289934591977e-01 5.857545778716732182e-02
-2.316372128002462949e-01 8.053485470985324857e-02
-2.225666467758517231e-01 1.016867871262149559e-01
-2.116134353886840180e-01 1.218607734857614783e-01
-1.988785572904236409e-01 1.408952108314080742e-01
-1.844761170853374266e-01 1.586384180309716452e-01
-1.685324332984255158e-01 1.749496054998065653e-01
-1.511850678237260936e-01 1.896997696365883279e-01
-1.325818017934708160e-01 2.027725103960685837e-01
-1.128795624957379673e-01 2.140647705325275652e-01
-9.224330569836448890e-02 2.234874950750877221e-01
-7.084485752387255364e-02 2.309662095527262593e-01
-4.886171987559995156e-02 2.364415153863789476e-01
-2.647584334825724486e-02 2.398695007232040377e-01
-3.872371874268287859e-03 2.412220625458458556e-01
1.876163671798123517e-02 2.404871450125736221e-01
4.123851202161417373e-02 2.376688869940080107e-01
6.337128747392060946e-02 2.327876717524195171e-01
8.497502740541655608e-02 2.258800833005235875e-01
1.058681595876481280e-01 2.169987646533423631e-01
1.258738074442821986e-01 2.062121755151901936e-01
1.448211155358289370e-01 1.936042470763671419e-01
1.625465613369246887e-01 1.792739318278664395e-01
1.788952457130474072e-01 1.633346466465920577e-01
1.937221538889525307e-01 1.459136078649882484e-01
2.068933781032765984e-01 1.271510576215834909e-01
2.182872925826823407e-01 1.071993814938062561e-01
2.277956709649696931e-01 8.622211823957155741e-02
2.353247358740240824e-01 6.439286341451865014e-02
2.407961300200224530e-01 4.189406967928988035e-02
2.441477979847360147e-01 1.891574775476441428e-02
2.453347677713868247e-01 -4.345926791264170461e-03
2.443298212668816860e-01 -2.769009445150463766e-02
2.411240429947131281e-01 -5.091277256891382774e-02
2.357272369401960666e-01 -7.380848683458382520e-02
2.281682018139952195e-01 -9.617196295503871450e-02
2.184948558899549864e-01 -1.177998666079490553e-01
2.067742035106686083e-01 -1.384925785106914942e-01
1.930921364971228682e-01 -1.580559902052154353e-01
1.775530648965607528e-01 -1.763033026600535347e-01
1.602793745824524774e-01 -1.930568183316256903e-01
1.414107064135933234e-01 -2.081497048036651254e-01
1.211030578567057064e-01 -2.214277067672861254e-01
9.952770939853627929e-02 -2.327507950666091452e-01
7.686997854299498778e-02 -2.419947317395225450e-01
5.332780692875426637e-02 -2.490525322466921598e-01
2.911018824611058195e-02 -2.538358062933520620e-01
4.435446794030181022e-03 -2.562759591141423599e-01
-2.047062133202053047e-02 -2.563252358177174339e-01
-4.537673032595456596e-02 -2.539575923775266864e-01
-7.004819390798867895e-02 -2.491693781064901470e-01
-9.424910367363240060e-02 -2.419798159604631960e-01
-1.177445767429754764e-01 -2.324312687684186862e-01
-1.403030513009822233e-01 -2.205892814719576656e-01
-1.616986072274737563e-01 -2.065423916548045913e-01
-1.817132878571683652e-01 -1.904017030321243364e-01
-2.001393980112482207e-01 -1.723002191239046965e-01
-2.167817528251155257e-01 -1.523919370269870566e-01
-2.314598515815459445e-01 -1.308507039942756189e-01
-2.440099507597551787e-01 -1.078688423922843365e-01
-2.542870108402059959e-01 -8.365555150243034199e-02
-2.621664920690852663e-01 -5.843509751865816337e-02
-2.675459753873755675e-01 -3.244480593431590953e-02
-2.703465860646187546e-01 -5.932873264432163632e-03
-2.705141986953521482e-01 2.084397992485403917e-02
-2.680204074747553622e-01 4.762299967073842927e-02
-2.628632413571982962e-01 7.413800459236517815e-02
-2.550676106173807023e-01 1.001220753571580302e-01
-2.446854757920633172e-01 1.253103067980230745e-01
-2.317957297513485448e-01 1.494425909902680760e-01
-2.165037879011348088e-01 1.722664007204387782e-01
-1.989408848584865441e-01 1.935395420363450469e-01
-1.792630793858528138e-01 2.130328441994697730e-01
-1.576499728751331597e-01 2.305327553816573782e-01
-1.343031501935492145e-01 2.458438128662824573e-01
-1.094443551939655868e-01 2.587909573335240299e-01
-8.331341660600724564e-02 2.692216620279354600e-01
-5.616594331445872584e-02 2.770078492167173390e-01
-2.827081115220349619e-02 2.820475683359205954e-01
9.253375797870541219e-05 2.842664125707640710e-01
2.863692742733097915e-02 2.836186533016058497e-01
5.707046614968145498e-02 2.800880748400917386e-01
8.509957830954928415e-02 2.736884951471925120e-01
1.124321561245624213e-01 2.644639617284850752e-01
1.387807123285748900e-01 2.524886156005853866e-01
1.638655259482406368e-01 2.378662200712662877e-01
1.874177409046733911e-01 2.207293550269085469e-01
2.091823811953696932e-01 2.012382814249318030e-01
2.289212468861719918e-01 1.795794846946300038e-01
2.464156551239110871e-01 1.559639120583097560e-01
2.614689966326720905e-01 1.306249135890432678e-01
2.739090714433291551e-01 1.038159107340809045e-01
2.835901740447114849e-01 7.580782173970666837e-02
2.903949045263452544e-01 4.688626396890629988e-02
2.942356804269761761e-01 1.734856511477377017e-02
2.950559287515519546e-01 -1.249938415936410058e-02
2.928309412201443585e-01 -4.234640137928170206e-02
2.875683796611562260e-01 -7.187937060843689607e-02
2.793084225112910657e-01 -1.007866499733356958e-01
2.681235475862679407e-01 -1.287614894072724447e-01
2.541179505867796062e-01 -1.555054191807546116e-01
2.374266031496399809e-01 -1.807315697965304335e-01
2.182139585893078104e-01 -2.041678843235843199e-01
1.966723177446143278e-01 -2.255601852253094342e-01
1.730198714946068750e-01 -2.446750591934667707e-01
1.474984404822247686e-01 -2.613025254163410804e-01
1.203709363332637339e-01 -2.752584550654038065e-01
9.191857213162922535e-02 -2.863867125525895729e-01
6.243785306444415290e-02 -2.945609922572395845e-01
3.223738094033432033e-02 -2.996863279099638566e-01
1.634508673894512036e-03 -3.017002556075838449e-01
-2.904811721326135132e-02 -3.005736154722989939e-01
-5.948608652602564023e-02 -2.963109812091417883e-01
-8.935678719636518108e-02 -2.889507112057183580e-01
-1.183429565243534765e-01 -2.785646215572439299e-01
-1.461361858179887896e-01 -2.652572774435023595e-01
-1.724403325632107853e-01 -2.491649128751558251e-01
-1.969747992027980621e-01 -2.304539961799418890e-01
-2.194776449088528814e-01 -2.093194505088442625e-01
-2.397084923123932454e-01 -1.859825512451643292e-01
-2.574511953369516548e-01 -1.606885241579461276e-01
-2.725162370852214910e-01 -1.337038717196426807e-01
-2.847428299112084726e-01 -1.053134582531800867e-01
-2.940006933349749718e-01 -7.581738744479064873e-02
-3.001914892784204869e-01 -4.552770822013335605e-02
-3.032498981703622976e-01 -1.476498700162316192e-02
-3.031443237360089693e-01 1.614521408036667313e-02
-2.998772186958689745e-01 4.687591237954100154e-02
-2.934850280965548008e-01 7.710229211291019791e-02
-2.840377515241838124e-01 1.065052626411554515e-01
-2.716381299532605875e-01 1.347749467967979398e-01
-2.564204674036723586e-01 1.616140593353528332e-01
-2.385491018606419600e-01 1.867411369956630818e-01
-2.182165440040334803e-01 2.098935835296353858e-01
-1.956413061438701528e-01 2.308304953732756015e-01
-1.710654473212182003e-01 2.493352363493480661e-01
-1.447518637645690831e-01 2.652177328811728407e-01
-1.169813567529004728e-01 2.783164646164713041e-01
-8.804951239406079433e-02 2.885001290651711403e-01
-5.826343157593689981e-02 2.956689649045531332e-01
-2.793834201477414514e-02 2.997557150336503384e-01
2.605862567884721041e-03 3.007262224351245350e-01
3.304811410055659426e-02 2.985796598842430649e-01
6.306965840830701386e-02 2.933483871042753544e-01
9.235749829666783928e-02 2.850974410389007230e-01
1.206077526867534444e-01 2.739236674906596058e-01
1.475288942985414076e-01 2.599545064954185136e-01
1.728448301022786071e-01 2.433464477385026137e-01
1.962977908951013539e-01 2.242831760214617776e-01
2.176509988805077345e-01 2.029734302157593651e-01
2.366910849969748321e-01 1.796486022513651415e-01
2.532302309193929513e-01 1.545601054491713144e-01
2.671080141001950792e-01 1.279765438860900606e-01
2.781929378803026931e-01 1.001807164556579172e-01
2.863836325352456802e-01 7.146649083549728998e-02
2.916097170794058058e-01 4.213558368230414797e-02
2.938323156807418624e-01 1.249428403720406061e-02
2.930442265888071884e-01 -1.714984286276612438e-02
2.892697455000499684e-01 -4.649123440394596629e-02
2.825641492270993260e-01 -7.522955575188752797e-02
2.730128493555201152e-01 -1.030728361398418197e-01
2.607302292172852254e-01 -1.297404825778023518e-01
2.458581809427879961e-01 -1.549661391385169784e-01
2.285643625338513729e-01 -1.785003621928869522e-01
2.090401999090008567e-01 -2.001130863906993018e-01
1.874986520643904253e-01 -2.195958523310717614e-01
1.641717733363459997e-01 -2.367637759198999992e-01
1.393081054929350415e-01 -2.514572469925286935e-01
1.131699237885878812e-01 -2.635433372815174091e-01
8.603037156070028613e-02 -2.729169080142454518e-01
5.817051616803251696e-02 -2.795014096091505973e-01
2.987635937445121126e-02 -2.832493695249509447e-01
1.435835193079505398e-03 -2.841425678768695895e-01
-2.686417226510280643e-02 -2.821919039247601235e-01
-5.474075923338309058e-02 -2.774369599190973923e-01
-8.191785050600436380e-02 -2.699452720233694314e-01
-1.081289364286089488e-01 -2.598113210796734740e-01
-1.331196714772595324e-01 -2.471552588156925023e-01
-1.566503093271946756e-01 -2.321213876767497519e-01
-1.784979516372265096e-01 -2.148764147812565195e-01
-1.984585903043780686e-01 -1.956075025206875373e-01
-2.163489256398356264e-01 -1.745201400396629021e-01
-2.320079457442748017e-01 -1.518358612256538454e-01
-2.452982552802385752e-01 -1.277898359035953002e-01
-2.561071448135587292e-01 -1.026283616650797426e-01
-2.643473948873621970e-01 -7.660628416597564661e-02
-2.699578119644688856e-01 -4.998437380564057370e-02
-2.729034962919076324e-01 -2.302668646477408487e-02
-2.731758445716399031e-01 4.002064559473883509e-03
-2.707922955331443227e-01 3.083910069986747424e-02
-2.657958182731614549e-01 5.722610544085286050e-02
-2.582541606545422641e-01 8.291166312902589763e-02
-2.482588747760886005e-01 1.076535921395992690e-01
-2.359241262714117104e-01 1.312211474889468377e-01
-2.213853067194700430e-01 1.533970752159335704e-01
-2.047974671765886434e-01 1.739795018923312453e-01
-1.863335921080842283e-01 1.927836447715201851e-01
-1.661827340132255859e-01 2.096433303092827272e-01
-1.445480297991549035e-01 2.244123110614539562e-01
-1.216446204699690031e-01 2.369653732519082789e-01
-9.769749596197437047e-02 2.471992295833403963e-01
-7.293928698372026398e-02 2.550331941065560604e-01
-4.760802552100239921e-02 2.604096381473108845e-01
-2.194489525625112000e-02 2.632942283909806558e-01
3.808007455722141419e-03 2.636759502246693865e-01
2.940988220030027467e-02 2.615669213163847595e-01
5.462338379567768798e-02 2.570020021568694135e-01
7.921671444481988289e-02 2.500382118895027594e-01
1.029656321336921976e-01 2.407539591980437099e-01
1.256553599695640622e-01 2.292480993042486093e-01
1.470823825385976502e-01 2.156388292436236809e-01
1.670561168055049450e-01 2.000624345363609946e-01
1.854004465601549190e-01 1.826719011528992187e-01
2.019551109179591464e-01 1.636354072928267733e-01
2.165769417356308846e-01 1.431347087666438311e-01
2.291409342720581721e-01 1.213634355743223731e-01
2.395411530087848129e-01 9.852531612981653419e-02
2.476914743221464432e-01 7.483234004382988136e-02
2.535261548005530718e-01 5.050287788661322885e-02
2.570002273167571460e-01 2.575977261101060345e-02
2.580897251646904200e-01 8.284175607615326068e-04
2.567917357413192492e-01 -2.406516438742081071e-02
2.531242863494522766e-01 -4.869622644924495591e-02
2.471260657160576357e-01 -7.284317473838945733e-02
2.388559857625471572e-01 -9.628940322698231746e-02
2.283925890302107298e-01 -1.188250744383933244e-01
2.158333079583437952e-01 -1.402488340836742509e-01
2.012935829384413511e-01 -1.603694485102769574e-01
1.849058467297904351e-01 -1.790073545055630433e-01
1.668183834250951125e-01 -1.959961116826805516e-01
1.471940707049928798e-01 -2.111837483685586325e-01
1.262090146231190924e-01 -2.244339926103836869e-01
1.040510866242787547e-01 -2.356273806165958828e-01
8.091837292245757096e-02 -2.446622356510853580e-01
5.701754675744907103e-02 -2.514555111059009196e-01
3.256217441263905416e-02 -2.559434921904711335e-01
7.770966214904220966e-03 -2.580823513969666139e-01
-1.713401594746792253e-02 -2.578485536355737962e-01
-4.192918276071570111e-02 -2.552391076841163398e-01
-6.639126430739622498e-02 -2.502716606844010427e-01
-9.029915744999497673e-02 -2.429844345390984039e-01
-1.134357681200888895e-01 -2.334360055473461704e-01
-1.355898420400380167e-01 -2.217049234918469502e-01
-1.565577612859269940e-01 -2.078891723664200164e-01
-1.761452969052803297e-01 -1.921054744838975592e-01
-1.941693045481240332e-01 -1.744884406545758326e-01
-2.104593500783102644e-01 -1.551895701343534439e-01
-2.248592522083778800e-01 -1.343761050873473473e-01
-2.372285293544953433e-01 -1.122297453869820077e-01
-2.474437381471742414e-01 -8.894523068750219419e-02
-2.553996913672404445e-01 -6.472879782813646676e-02
-2.610105435133254215e-01 -3.979652277664211257e-02
-2.642107327545178408e-01 -1.437255746798070735e-02
-2.649557686864262296e-01 1.131272696386160376e-02
-2.632228560961618058e-01 3.702467794010583929e-02
-2.590113458555716175e-01 6.252636646736746406e-02
-2.523430051046725575e-01 8.758064469304606414e-02
-2.432621000589687554e-01 1.119522402591860699e-01
-2.318352860734318177e-01 1.354098708334770251e-01
-2.181513010184094326e-01 1.577283613999116985e-01
-2.023204595623246671e-01 1.786907462110858269e-01
-1.844739476040636594e-01 1.980903367561206718e-01
-1.647629178433630270e-01 2.157327366990930972e-01
-1.433573893068574301e-01 2.314377845081292961e-01
-1.204449522490448898e-01 2.450414043506322082e-01
-9.622929510710903633e-02 2.563973448197961469e-01
-7.092855561651652263e-02 2.653787902795401443e-01
-4.477349966688641547e-02 2.718798239990370402e-01
-1.800555058055094276e-02 2.758167250703656981e-01
9.125319889301470797e-03 2.771290831790662601e-01
3.636282244020072607e-02 2.757807158665050995e-01
6.344668480440232572e-02 2.717603743480855871e-01
9.011507019910047767e-02 2.650822255893752200e-01
1.161070582915691984e-01 2.557861001842119952e-01
1.411651659824549876e-01 2.439374976125337491e-01
1.650378841591527146e-01 2.296273426655261740e-01
1.874822056373334211e-01 2.129714891929483933e-01
2.082661188136351038e-01 1.941099698303981880e-01
2.271710411154023446e-01 1.732059929781404883e-01
2.439941661706695464e-01 1.504446910006440596e-01
2.585506987468342843e-01 1.260316263675126947e-01
2.706759519298693184e-01 1.001910652304086463e-01
2.802272817440944475e-01 7.316403069358921873e-02
2.870858354482586083e-01 4.520615075333747623e-02
2.911580910857675675e-01 1.658531851865619952e-02
2.923771675099572920e-01 -1.242081515338180897e-02
2.907038860398118429e-01 -4.152749410453213108e-02
2.861275671136440657e-01 -7.044562971757171999e-02
2.786665477800473467e-01 -9.888466750208663170e-02
2.683684052550787125e-01 -1.265555196179710129e-01
2.553098878081770939e-01 -1.531735303302660667e-01
2.395965417207670534e-01 -1.784614484067116313e-01
2.213620245884557469e-01 -2.021523736046530184e-01
2.007671161709833896e-01 -2.239926426296079409e-01
1.779984283068311024e-01 -2.437446235789191284e-01
1.532668220024644146e-01 -2.611893869007260172e-01
1.268055432748026456e-01 -2.761292215738052058e-01
9.886809274331746777e-02 -2.883899662740612713e-01
6.972584729148768867e-02 -2.978231267354892187e-01
3.966545530255488616e-02 -3.043077523291064512e-01
8.986029978716883124e-03 -3.077520470593937407e-01
-2.200383196556923021e-02 -3.080946926959161059e-01
-5.298917642636583741e-02 -3.053058645948115157e-01
-8.365193081983179901e-02 -2.993879238928783271e-01
-1.136742218637297325e-01 -2.903757731437265899e-01
-1.427417367949616323e-01 -2.783368660745279555e-01
-1.705470914573400110e-01 -2.633708659332058555e-01
-1.967931679771541265e-01 -2.456089508262064014e-01
-2.211963844578722915e-01 -2.252127684702821819e-01
-2.434898592815181173e-01 -2.023730468499294610e-01
-2.634264332093436689e-01 -1.773078713356124325e-01
-2.807815135292225373e-01 -1.502606428261916705e-01
-2.953557059967048537e-01 -1.214977353813175426e-01
-3.069772022501263686e-01 -9.130587555569348590e-02
-3.155038895456278580e-01 -5.998926797076663958e-02
-3.208251646762090292e-01 -2.786650129759704608e-02
-3.228634231569842972e-01 4.732739380389446200e-03
-3.215751952904684630e-01 3.747111952982632582e-02
-3.169519216499186443e-01 7.000722007828155680e-02
-3.090203522211361076e-01 1.019991833381357627e-01
-2.978425604931213555e-01 1.331083996976595296e-01
-2.835155681561177254e-01 1.630031938741876019e-01
-2.661705805412235004e-01 1.913624690468822553e-01
-2.459718374648485750e-01 2.178792672032338340e-01
-2.231150886683628820e-01 2.422642045501579300e-01
-1.978257075122060171e-01 2.642487418569741675e-01
-1.703564609384530248e-01 2.835882511069596768e-01
-1.409849579011246135e-01 3.000648418234272974e-01
-1.100108024256903072e-01 3.134899128859858219e-01
-7.775248114684434053e-02 3.237063985372895525e-01
-4.454401853828438701e-02 3.305906805688623162e-01
-1.073143604511106117e-02 3.340541423296823353e-01
2.333094608194151084e-02 3.340443441813435443e-01
5.728432330661793748e-02 3.305458042823854470e-01
9.076929506746966858e-02 3.235803730715206550e-01
1.234297829928277940e-01 3.132071944813301645e-01
1.549169346306430994e-01 2.995222516942482316e-01
1.848929681283807691e-01 2.826575000930930393e-01
2.130349137075693844e-01 2.627795948995865771e-01
2.390382058244875374e-01 2.400882239399564355e-01
2.626200922003844584e-01 2.148140693515423472e-01
2.835228164227372449e-01 1.872164127217212926e-01
3.015165292827377552e-01 1.575804074103966945e-01
3.164019029025289531e-01 1.262140539481403645e-01
3.280124142009528954e-01 9.344490935912480589e-02
3.362162704080480236e-01 5.961656693139368024e-02
3.409179534197084305e-01 2.508494577696409808e-02
3.420593641584503963e-01 -9.785568117614490760e-03
3.396205527211689223e-01 -4.462608578398782888e-02
3.336200248939483748e-01 -7.906723919314277704e-02
3.241146205387673840e-01 -1.127432194765554674e-01
3.111989643469047495e-01 -1.452957834517416558e-01
2.950044944476787334e-01 -1.763781827401925406e-01
2.756980792973315331e-01 -2.056589705974656013e-01
2.534802380905491481e-01 -2.328256429456746490e-01
2.285829845768757862e-01 -2.575880719914549477e-01
2.012673185689276556e-01 -2.796816932046957138e-01
1.718203935445959396e-01 -2.988704092956601666e-01
1.405523925207644298e-01 -3.149491781253163647e-01
1.077931477651896952e-01 -3.277462551750666697e-01
7.388854287475343785e-02 -3.371250652419379712e-01
3.919673824639640508e-02 -3.429856823636456276e-01
4.084262971692921400e-03 -3.452659015610772819e-01
-3.107798232648298006e-02 -3.439418907569469219e-01
-6.591876377454175540e-02 -3.390284137518971286e-01
-1.000705541593825409e-01 -3.305786308055116973e-01
-1.331735266551881680e-01 -3.186834725284089509e-01
-1.648794503216687302e-01 -3.034705918199458452e-01
-1.948554505455193653e-01 -2.851029145932229558e-01
-2.227875904329715273e-01 -2.637768040019993210e-01
-2.483842332785333729e-01 -2.397198601566618292e-01
-2.713791489286361269e-01 -2.131883814452085746e-01
-2.915343299813724087e-01 -1.844645173740105393e-01
-3.086424872743325221e-01 -1.538531462672762251e-01
-3.225291979665769193e-01 -1.216785141739960691e-01
-3.330546836688472734e-01 -8.828067389250074393e-02
-3.401152004656621264e-01 -5.401176510729826380e-02
-3.436440272487561454e-01 -1.923217821844166314e-02
-3.436120434862574013e-01 1.569335448536371760e-02
-3.400278923277299525e-01 5.039969611147159662e-02
-3.329377297330221031e-01 8.452522668630546576e-02
-3.224245650543696162e-01 1.177157051980296104e-01
-3.086072031391589032e-01 1.496280294523636700e-01
-2.916388024997318973e-01 1.799338525413496925e-01
-2.717050683637424746e-01 2.083230167023430723e-01
-2.490221034241867359e-01 2.345067677643436488e-01
-2.238339428064630432e-01 2.582207162070288553e-01
-1.964098031191962856e-01 2.792275140557565760e-01
-1.670410784194418796e-01 2.973192203604554384e-01
-1.360381204041639369e-01 3.123193289986643251e-01
-1.037268357316479400e-01 3.240844487842562960e-01
-7.044514012688489479e-02 3.325056129535661764e-01
-3.653931569828573062e-02 3.375092024702403548e-01
-2.360307155921823486e-03 3.390574857178065837e-01
3.174000062843842368e-02 3.371487693989712597e-01
6.541248283431884414e-02 3.318171630248742399e-01
9.831441254823991560e-02 3.231319636835254250e-01
1.301129973406395801e-01 3.111966719438336582e-01
1.604887772835752735e-01 2.961476537321535707e-01
1.891388491753495937e-01 2.781524667673975215e-01
2.157798841589557426e-01 2.574078736174358895e-01
2.401509086807106785e-01 2.341375666068334083e-01
2.620158217946033097e-01 2.085896326315525018e-01
2.811656251346946744e-01 1.810337883926356750e-01
2.974203454079412667e-01 1.517584186256886181e-01
3.106306329568699343e-01 1.210674515592368022e-01
3.206790237582931025e-01 8.927710707115668609e-02
3.274808561129104456e-01 5.671255382231661646e-02
3.309848371935354971e-01 2.370451202968278104e-02
3.311732585099357307e-01 -9.414161497841702642e-03
3.280618631703760002e-01 -4.231186988880802219e-02
3.216993715303158030e-01 -7.466161898052640911e-02
3.121666753762366020e-01 -1.061442722358266200e-01
2.995757141590744133e-01 -1.364516852902513677e-01
2.840680512549570991e-01 -1.652896863987610154e-01
2.658131672067470253e-01 -1.923808844414174879e-01
2.450064910603103607e-01 -2.174672709175281549e-01
2.218671992656355008e-01 -2.403125868897034723e-01
1.966358051977061261e-01 -2.607044443532831046e-01
1.695715679343403615e-01 -2.784561813746445624e-01
1.409497496051491106e-01 -2.934084368286812294e-01
1.110587515555563620e-01 -3.054304337836148409e-01
8.019716014757519162e-02 -3.144209638312379096e-01
4.867073324917463306e-02 -3.203090679042830957e-01
1.678935835519882597e-02 -3.230544123229662223e-01
-1.513598715261296745e-02 -3.226473619347098865e-01
-4.679624384482822252e-02 -3.191087552218059287e-01
-7.788721745809212837e-02 -3.124893891210550056e-01
-1.081124380648243594e-01 -3.028692239999304370e-01
-1.371859053305880261e-01 -2.903563217414232844e-01
-1.648346957590346440e-01 -2.750855321836634948e-01
-1.908014097820814881e-01 -2.572169452234769338e-01
-2.148464386710477736e-01 -2.369341277115807609e-01
-2.367500334929299177e-01 -2.144421658311755907e-01
-2.563141606846989218e-01 -1.899655349548720895e-01
-2.733641312375302834e-01 -1.637458200143465381e-01
-2.877499929429421788e-01 -1.360393101933923266e-01
-2.993476776256330241e-01 -1.071144922718832160e-01
-3.080598977464621968e-01 -7.724946721233205693e-02
-3.138167898409442991e-01 -4.672931790892842496e-02
-3.165763034477737103e-01 -1.584344218636746932e-02
-3.163243344322091977e-01 1.511711774182251944e-02
-3.130746100524393616e-01 4.586231935516579816e-02
-3.068683301294850008e-01 7.610572515487218359e-02
-2.977735718140409604e-01 1.055670443118685714e-01
-2.858844672965925593e-01 1.339745902058934179e-01
-2.713201654281684472e-01 1.610676346794524538e-01
-2.542235896813436757e-01 1.865986411898201414e-01
-2.347600061809538841e-01 2.103353604895388251e-01
-2.131154166700587604e-01 2.320627739821851943e-01
-1.894947922497740578e-01 2.515848714675208986e-01
-1.641201645443761126e-01 2.687262515915379013e-01
-1.372285915999525152e-01 2.833335349366076228e-01
-1.090700163316896953e-01 2.952765813105975301e-01
-7.990503569868931399e-02 3.044495044086174551e-01
-5.000259901397145074e-02 3.107714786157536047e-01
-1.963765389969614542e-02 3.141873342841893235e-01
1.091124161734222803e-02 3.146679393455277252e-01
4.136432249803395633e-02 3.122103666026017077e-01
7.144301742138688127e-02 3.068378474797817668e-01
1.008723290158870800e-01 2.985995143933718454e-01
1.293831761491579246e-01 2.875699352320452151e-01
1.567146813023176100e-01 2.738484447104351793e-01
1.826163865921954232e-01 2.575582785769393035e-01
2.068503825821586539e-01 2.388455211791198074e-01
2.291933362892166759e-01 2.178778644798021191e-01
2.494383999879476177e-01 1.948431943839111780e-01
2.673969894111162815e-01 1.699480219417187910e-01
2.829004192482530988e-01 1.434157604636863703e-01
2.958013831390557957e-01 1.154848640144506416e-01
3.059752670217131820e-01 8.640684034504787780e-02
3.133212856503997390e-01 5.644415214162452898e-02
3.177634331006917168e-01 2.586802124072978826e-02
3.192512391382192338e-01 -5.043848815883375698e-03
3.177603244363706447e-01 -3.600961584293760342e-02
3.132927487951482348e-01 -6.674569103024606542e-02
3.058771477369016667e-01 -9.696916270362150592e-02
2.955686541367362197e-01 -1.264002341247288663e-01
2.824486028862767673e-01 -1.547646572111690266e-01
2.666240179886339989e-01 -1.817961437239320466e-01
2.482268829382039133e-01 -2.072387352250787684e-01
2.274131967483742633e-01 -2.308491129633616079e-01
2.043618195489045886e-01 -2.523988288091817411e-01
1.792731132766848812e-01 -2.716764384426926249e-01
1.523673846210877592e-01 -2.884895182098701216e-01
1.238831390487868805e-01 -3.026665474105270093e-01
9.407515641154613750e-02 -3.140586382785569564e-01
6.321240032115950369e-02 -3.225410965662610652e-01
3.157577514384458939e-02 -3.280147964584471665e-01
-5.442531862146759167e-04 -3.304073578021827773e-01
-3.285015908389427031e-02 -3.296741019067110923e-01
-6.503995816833073318e-02 -3.257987786961089038e-01
-9.680988778176891074e-02 -3.187940614569119147e-01
-1.278571486633856835e-01 -3.087017896900489111e-01
-1.578826837668885208e-01 -2.955929553076113159e-01
-1.865939705592751796e-01 -2.795674263641306223e-01
-2.137078022445953462e-01 -2.607534046531228000e-01
-2.389530326523041370e-01 -2.393066157744006550e-01
-2.620732590342702006e-01 -2.154092326697701343e-01
-2.828294167458044739e-01 -1.892685361152085799e-01
-3.010022597605530592e-01 -1.611153182247949678e-01
-3.163947012010126514e-01 -1.312020376413680633e-01
-3.288339885675637397e-01 -9.980073773468103870e-02
-3.381736891282519086e-01 -6.720074177124420178e-02
-3.442954619949625816e-01 -3.370614163092196941e-02
-3.471105947615996667e-01 3.669008078465113391e-04
-3.465612842152692163e-01 3.469301804209817125e-02
-3.426216425473379013e-01 6.894064318492154619e-02
-3.352984126787253993e-01 1.027751320218653758e-01
-3.246313787599999778e-01 1.358619728699437257e-01
-3.106934605948844519e-01 1.678700544906576719e-01
-2.935904836447506550e-01 1.984749608307099233e-01
-2.734606193768199800e-01 2.273622601724396564e-01
-2.504734939916543612e-01 2.542307553965340028e-01
-2.248289683509554215e-01 2.787956645795612309e-01
-1.967555884965490609e-01 3.007916892437882406e-01
-1.665087215283602706e-01 3.199759408108610592e-01
-1.343683897699163576e-01 3.361306995420543786e-01
-1.006368140405018013e-01 3.490659645912996822e-01
-6.563568725649045199e-02 3.586217668847720974e-01
-2.970320097235007104e-02 3.646702155931889622e-01
6.809149275650780431e-03 3.671172510878172313e-01
4.353995090395952616e-02 3.659040797672534762e-01
8.012142175922391807e-02 3.610082689914859699e-01
1.161830838689568712e-01 3.524444835395326159e-01
1.513555269822716154e-01 3.402648484890212210e-01
1.852742235621865630e-01 3.245589271675709542e-01
2.175833554268397918e-01 3.054533068093371329e-01
2.479396111933274138e-01 2.831107887240665866e-01
2.760159130795920013e-01 2.577291841052007926e-01
3.015050314866348780e-01 2.295397210194750626e-01
3.241230461297456289e-01 1.988050725819716646e-01
3.436126133220780421e-01 1.658170207745087166e-01
3.597460003394254979e-01 1.308937747570397270e-01
3.723278496078568645e-01 9.437696679617235684e-02
3.811976377460695731e-01 5.662835303679271404e-02
3.862317972455820980e-01 1.802625021771187344e-02
3.873454717616362508e-01 -2.103825697264301298e-02
3.844938795871046811e-01 -6.016529993976669349e-02
3.776732658579082247e-01 -9.895036349247743335e-02
3.669214190491504879e-01 -1.369885257986281357e-01
3.523177462754878975e-01 -1.738787586595025858e-01
3.339829020858573472e-01 -2.092282485327231489e-01
3.120779613573370082e-01 -2.426566826534027332e-01
2.868031412957474102e-01 -2.738004542213488546e-01
2.583960802142889479e-01 -3.023167385398434770e-01
2.271296859781052335e-01 -3.278873926920015114e-01
1.933095721581514770e-01 -3.502226326164911696e-01
1.572711049675778738e-01 -3.690644432904586769e-01
1.193760888938081577e-01 -3.841896801314401699e-01
8.000912352668093641e-02 -3.954128226721116413e-01
3.957366835655354298e-02 -4.025883450149757015e-01
-1.512143781756667945e-03 -4.056126715045348385e-01
-4.281990046708310932e-02 -4.044256904215676740e-01
-8.391546349911127578e-02 -3.990118032609246690e-01
-1.243636331206399853e-01 -3.894004922482297015e-01
-1.637328710980622826e-01 -3.756663941242881499e-01
-2.016000297706349864e-01 -3.579288738167279438e-01
-2.375550334616577663e-01 -3.363510973605541299e-01
-2.712054585598308587e-01 -3.111386092541774118e-01
-3.021809591364609804e-01 -2.825374252742775538e-01
-3.301374861654417514e-01 -2.508316575497209211e-01
-3.547612502515011812e-01 -2.163406943395556614e-01
-3.757723802333211571e-01 -1.794159624015098098e-01
-3.929282356406639254e-01 -1.404373027731678214e-01
-4.060263233204481903e-01 -9.980900344706537808e-02
-4.149067890254158342e-01 -5.795552984000142127e-02
-4.194544557517438932e-01 -1.531699271996959412e-02
-4.196003734866280421e-01 2.765559044148546697e-02
-4.153228617382375143e-01 7.050518971668653934e-02
-4.066480290030813349e-01 1.127737577000337138e-01
-3.936497593319797095e-01 1.540072687126002038e-01
-3.764491623327332892e-01 1.937607447592025189e-01
-3.552134892203784311e-01 2.316032104784137846e-01
-3.301545238179154351e-01 2.671225197336885571e-01
-3.015264636439345947e-01 2.999299975955190267e-01
-2.696233123211393412e-01 3.296648432522482630e-01
-2.347758104249096367e-01 3.559982418439876506e-01
-1.973479374894511196e-01 3.786371363145256685e-01
-1.577330231294976903e-01 3.973276140863662431e-01
-1.163495100507701691e-01 4.118578676422641749e-01
-7.363641605019968783e-02 4.220606928935575763e-01
-3.004854589082594021e-02 4.278154944750273692e-01
1.394849287362828240e-02 4.290497727655599447e-01
5.788341349589581908e-02 4.257400734257057451e-01
1.012844545430993393e-01 4.179123864949153000e-01
1.436846056200541122e-01 4.056419885267048553e-01
1.846267941435684734e-01 3.890527277804989303e-01
2.236689732587688884e-01 3.683157590539469783e-01
2.603890549595436199e-01 3.436477396135567686e-01
2.943896213757653535e-01 3.153085092738070472e-01
3.253023671222811108e-01 2.835982805161630371e-01
3.527922262153868060e-01 2.488543644994449799e-01
3.765611259667714927e-01 2.114474742676086538e-01
3.963513273116341940e-01 1.717776462491958922e-01
4.119483125629768705e-01 1.302698266427503027e-01
4.231831868759330373e-01 8.736917328789139958e-02
4.299345654108010506e-01 4.353612702086184783e-02
4.321299242311340549e-01 -7.586907364744232369e-04
4.297463992892825435e-01 -4.503969533852969498e-02
4.228110243582224870e-01 -8.883161105582673689e-02
4.114004053849265041e-01 -1.316647371887862683e-01
3.956398353851267036e-01 -1.730801474544526597e-01
3.757018605899211661e-01 -2.126347627805170171e-01
3.518043150098566496e-01 -2.499062391979132713e-01
3.242078468222204801e-01 -2.844976147817200873e-01
2.932129659354548723e-01 -3.160416625212465469e-01
2.591566476678278663e-01 -3.442048995666575628e-01
2.224085326274722052e-01 -3.686912074559965946e-01
1.833667675349725523e-01 -3.892450226202626151e-01
1.424535358316098843e-01 -4.056540616359258222e-01
1.001103304170725822e-01 -4.177515512786078578e-01
5.679302371858455795e-02 -4.254179393583237823e-01
1.296679247593584064e-02 -4.285820685112157746e-01
-3.089904718048879992e-02 -4.272218005589802359e-01
-7.433622433285776154e-02 -4.213640878657172184e-01
-1.168826654080000749e-01 -4.110844952319232526e-01
-1.580875612532244290e-01 -3.965061760205327857e-01
-1.975162812782666200e-01 -3.777983190867506558e-01
-2.347550825210548142e-01 -3.551740868413977292e-01
-2.694155607979204503e-01 -3.288880708351000770e-01
-3.011387944400277794e-01 -2.992332967511371900e-01
-3.295991350326600844e-01 -2.665378157764212719e-01
-3.545076040104207515e-01 -2.311609239230030255e-01
-3.756148588609240502e-01 -1.934890549432611018e-01
-3.927136979883131263e-01 -1.539313959742225624e-01
-4.056410789174500486e-01 -1.129152779216736069e-01
-4.142796304077840941e-01 -7.088139482234345756e-02
-4.185586451178858747e-01 -2.827890798046286611e-02
-4.184545456409446418e-01 1.443950844996055340e-02
-4.139908229409863805e-01 5.682262357830073635e-02
-4.052374523822961372e-01 9.842555122290701231e-02
-3.923097985850405589e-01 1.388145414925170407e-01
-3.753670261851205225e-01 1.775716091225931492e-01
-3.546100391558791309e-01 2.142989476215209077e-01
-3.302789765975661651e-01 2.486230813007846985e-01
-3.026502977564793362e-01 2.801987108219686218e-01
-2.720334934442110719e-01 3.087122119416023103e-01
-2.387674649394895821e-01 3.338847516167195439e-01
-2.032166114030860560e-01 3.554749902725231059e-01
-1.657666835311396580e-01 3.732813435098272237e-01
-1.268204459606471490e-01 3.871437863835912041e-01
-8.679319223606836442e-02 3.969451825361672848e-01
-4.610817483165733505e-02 4.026121289290476857e-01
-5.191999148854944957e-03 4.041153132520494129e-01
3.552996650827190683e-02 4.014693862112626022e-01
7.563811389757787995e-02 3.947323564490305414e-01
1.147230011751602802e-01 3.840045212238426542e-01
1.523895951135737781e-01 3.694269511120880090e-01
1.882613043200891123e-01 3.511795518279801076e-01
2.219837616698210891e-01 3.294787307383107988e-01
2.532283177072945368e-01 3.045746997261339906e-01
2.816952106994419225e-01 2.767484496891376988e-01
3.071163832876880329e-01 2.463084351079317114e-01
3.292579202279849460e-01 2.135870097571639370e-01
3.479220864643164934e-01 1.789366567358157967e-01
3.629489496906349588e-01 1.427260575469928294e-01
3.742175765550733169e-01 1.053360459541447663e-01
3.816467966854126814e-01 6.715549277933190175e-02
3.851955337039783545e-01 2.857716769646252708e-02
3.848627072930205784e-01 -1.000637657815263426e-02
3.806867151103978664e-01 -4.820685346397143162e-02
3.727445078855217142e-01 -8.564418248909488884e-02
3.611502752964815821e-01 -1.219502796033486158e-01
3.460537607999257803e-01 -1.567726604339835239e-01
3.276382406436555428e-01 -1.897778183911709715e-01
3.061181894494610090e-01 -2.206543508299158018e-01
2.817366559391926151e-01 -2.491158038028947752e-01
2.547623926971654407e-01 -2.749032086803122055e-01
2.254867723511242150e-01 -2.977872914401313298e-01
1.942205272318148768e-01 -3.175703382783090500e-01
1.612903505804353932e-01 -3.340877053580747491e-01
1.270353979161597813e-01 -3.472089647094026010e-01
9.180372726005142647e-02 -3.568386824528058110e-01
5.594871655024065416e-02 -3.629168296055354515e-01
1.982549579484780070e-02 -3.654188296859600671e-01
-1.621256968264766368e-02 -3.643552511192141852e-01
-5.181731011800524977e-02 -3.597711560237426553e-01
-8.664906342365895353e-02 -3.517451202878560945e-01
-1.203798378902803529e-01 -3.403879428960778775e-01
-1.526962973020047354e-01 -3.258410652099265059e-01
-1.833025430126379030e-01 -3.082747233248974150e-01
-2.119226704357021485e-01 -2.878858586979569090e-01
-2.383030804518414536e-01 -2.648958139562587188e-01
-2.622145293900341456e-01 -2.395478421516023804e-01
-2.834539044518132322e-01 -2.121044587150434091e-01
-3.018457146788153800e-01 -1.828446659955998699e-01
-3.172432907735842633e-01 -1.520610805443982638e-01
-3.295296902338211709e-01 -1.200569932434502329e-01
-3.386183041028942853e-01 -8.714339079108276986e-02
-3.444531769614690986e-01 -5.363597267048961920e-02
-3.470090404913165893e-01 -1.985218559085871748e-02
-3.462910606521347745e-01 1.389169809111676090e-02
-3.423343182118090411e-01 4.728342820285663661e-02
-3.352030321229098608e-01 8.001752896820940597e-02
-3.249895400447846971e-01 1.117979336581274991e-01
-3.118130520010328199e-01 1.423404816795325600e-01
-2.958181946032897858e-01 1.713752601471950909e-01
-2.771733644624232995e-01 1.986487741004695218e-01
-2.560689103494565022e-01 2.239259316859123494e-01
-2.327151643662900560e-01 2.469918327996741825e-01
-2.073403428492229250e-01 2.676533518433857339e-01
-1.801883379679007080e-01 2.857405073694374575e-01
-1.515164210126172528e-01 3.011076134538768767e-01
-1.215928781999490726e-01 3.136342096180546046e-01
-9.069459948825198126e-02 3.232257680068867933e-01
-5.910464039960020011e-02 3.298141783083701761e-01
-2.710977621310271118e-02 3.333580125549645556e-01
5.001932853601316967e-03 3.338425734748533547e-01
3.694354770233006929e-02 3.312797314550250394e-01
6.843161080053730694e-02 3.257075564365516929e-01
9.918844514308235161e-02 3.171897521860000957e-01
1.289443768755331454e-01 3.058149013786741754e-01
1.574398677669738844e-01 2.916955307946271225e-01
1.844275418638562369e-01 2.749670048598945593e-01
2.096741025871819153e-01 2.557862650304293939e-01
2.329621260101443214e-01 2.343304193236394883e-01
2.540917131046802058e-01 2.107951917965953381e-01
2.728820007390637126e-01 1.853932501779501918e-01
2.891725212403138401e-01 1.583524215777358801e-01
3.028244036867559497e-01 1.299138088536075375e-01
3.137214109731421008e-01 1.003298204138330374e-01
3.217708075351286556e-01 6.986212640507989680e-02
3.269040534355924787e-01 3.877955437584254539e-02
3.290773213076922388e-01 7.355937631802211135e-03
3.282718334254535741e-01 -2.413207038644740038e-02
3.244940169396444141e-01 -5.540720226577736801e-02
3.177754760830889258e-01 -8.619378978303438021e-02
3.081727809239607208e-01 -1.162199704295276137e-01
2.957670730365495881e-01 -1.452198735669691931e-01
2.806634892747098542e-01 -1.729357724013478315e-01
2.629904056811519508e-01 -1.991201878930067837e-01
2.428985044524059056e-01 -2.235379306749680772e-01
2.205596678097987429e-01 -2.459680670360601396e-01
1.961657036047129155e-01 -2.662057950508049387e-01
1.699269085134653690e-01 -2.840642170155444068e-01
1.420704757530810158e-01 -2.993759944919932026e-01
1.128387553715864133e-01 -3.119948724778529026e-01
8.248737633049951778e-02 -3.217970595320051586e-01
5.128324330527587321e-02 -3.286824487535742190e-01
1.950241331022056768e-02 -3.325756755958931277e-01
-1.257213277660908929e-02 -3.334269934487946729e-01
-4.465280262311346893e-02 -3.312129529117291415e-01
-7.644978059512091972e-02 -3.259368825635993172e-01
-1.076734731878688234e-01 -3.176291595911139298e-01
-1.380369940754654912e-01 -3.063472626962609469e-01
-1.672586700545862781e-01 -2.921756010832463057e-01
-1.950645481905287082e-01 -2.752251148568026773e-01
-2.211908836213717366e-01 -2.556326438426494430e-01
-2.453865867611127460e-01 -2.335600636595149826e-01
-2.674156080867010066e-01 -2.091931898198344797e-01
-2.870592383174916939e-01 -1.827404526991838196e-01
-3.041183016182307242e-01 -1.544313483758167349e-01
-3.184152194960027660e-01 -1.245146725814654104e-01
-3.297959233333269680e-01 -9.325654730018627381e-02
-3.381315940169220546e-01 -6.093825187827078133e-02
-3.433202078949250668e-01 -2.785387283760046989e-02
-3.452878693315972747e-01 5.692211112102967506e-03
-3.439899114313737516e-01 3.938799012084946011e-02
-3.394117480733014891e-01 7.291660940794192358e-02
-3.315694622282798765e-01 1.059592577011029824e-01
-3.205101176168012045e-01 1.381981330929018537e-01
-3.063117830916156636e-01 1.693194598095193182e-01
-2.890832616812643585e-01 1.990165279127887599e-01
-2.689635210307053659e-01 2.269927239579110911e-01
-2.461208179363600923e-01 2.529645317791838766e-01
-2.207515184724219148e-01 2.766644648136540319e-01
-1.930786239803745918e-01 2.978438943063734246e-01
-1.633500044950071395e-01 3.162757512068791188e-01
-1.318363515333995373e-01 3.317570678786992966e-01
-9.882886412450891944e-02 3.441113296454963999e-01
-6.463668525871395232e-02 3.531906073184657435e-01
-2.958410915844867511e-02 3.588774433457384561e-01
5.992417130998139302e-03 3.610864660915641400e-01
4.174747140119984545e-02 3.597657089814748077e-01
7.732998404220339794e-02 3.548976138246487388e-01
1.123866842909922864e-01 3.464997005262389074e-01
1.465656311782166099e-01 3.346248886052480276e-01
1.795197935413578860e-01 3.193614594074296043e-01
2.109106419937404331e-01 3.008326516127726169e-01
2.404117146549461792e-01 2.791958865441472315e-01
2.677121177852781475e-01 2.546416238445181057e-01
2.925199222461639659e-01 2.273918522582126234e-01
3.145654169456963412e-01 1.976982244776558373e-01
3.336041811341201591e-01 1.658398492491347798e-01
3.494199385922733270e-01 1.321207581163126310e-01
3.618271584048645129e-01 9.686706826433388873e-02
3.706733691217833915e-01 6.042386685625255466e-02
3.758411556697982547e-01 2.315184597362469898e-02
3.772498128897821545e-01 -1.457627614268348741e-02
3.748566282337635336e-01 -5.237952198856195285e-02
3.686577724717057247e-01 -8.987256344255682705e-02
3.586887874645370844e-01 -1.266697256083054446e-01
3.450246549631066917e-01 -1.623890528814104783e-01
3.277794397716004005e-01 -1.966563895394438655e-01
3.071055045918889004e-01 -2.291094295701529282e-01
2.831922987736455455e-01 -2.594016900109760160e-01
2.562647281703111513e-01 -2.872063621738590311e-01
2.265811182818000258e-01 -3.122199957825944061e-01
1.944307877886582159e-01 -3.341659722579128355e-01
1.601312543861710125e-01 -3.527977251435458483e-01
1.240250994480316948e-01 -3.679016679623533514e-01
8.647652242625825103e-02 -3.792997926060212022e-01
4.786761996780356659e-02 -3.868519046682984963e-01
8.594428442430888243e-03 -3.904574658969057199e-01
-3.093722812163600400e-02 -3.900570181231859390e-01
-7.031603985606113549e-02 -3.856331675852750496e-01
-1.091296154477927188e-01 -3.772111134384253384e-01
-1.469689401357023584e-01 -3.648587093885551358e-01
-1.834328371040551409e-01 -3.486860527312491964e-01
-2.181323814334338584e-01 -3.288446005639237835e-01
-2.506952157444104490e-01 -3.055258184965971568e-01
-2.807697172618342507e-01 -2.789593727477510665e-01
-3.080289672384470268e-01 -2.494108820062452547e-01
-3.321744764555956131e-01 -2.171792541941002241e-01
-3.529396206242416678e-01 -1.825936243050900742e-01
-3.700927417857098889e-01 -1.460099328372175542e-01
-3.834398818587230195e-01 -1.078071877746528129e-01
-3.928271118770985115e-01 -6.838344000510233889e-02
-3.981424273149958282e-01 -2.815151984821038372e-02
-3.993171845954965327e-01 1.246541796623311729e-02
-3.963270591127927567e-01 5.303849089344578327e-02
-3.891925106162535397e-01 9.313777471460554791e-02
-3.779787475392240026e-01 1.323370257634697011e-01
-3.627951877362922684e-01 1.702183849871997667e-01
-3.437944190471981520e-01 2.063770094548305067e-01
-3.211706690592320834e-01 2.404255774545436819e-01
-2.951577993180997117e-01 2.719986145095410479e-01
-2.660268449653819811e-01 3.007565894813599705e-01
-2.340831262859817130e-01 3.263897323999893074e-01
-1.996629638607672619e-01 3.486215287348521930e-01
-1.631300338708464026e-01 3.672118484644188441e-01
-1.248714045276353296e-01 3.819596724720917269e-01
-8.529329854938601241e-02 3.927053834422813416e-01
-4.481663001827962400e-02 3.993325934970229918e-01
-3.872366787418173115e-03 4.017694862381888665e-01
3.710322817384845845e-02 3.999896565765139744e-01
7.767342153491307855e-02 3.940124376654536298e-01
1.174058445930064726e-01 3.839027103413908959e-01
1.558772827424454721e-01 3.697702002015941236e-01
1.926783644081753732e-01 3.517682590456170377e-01
2.274180914712276014e-01 3.300921518217221906e-01
2.597281617567628875e-01 3.049768762168853509e-01
2.892670331337968137e-01 2.766945292415955437e-01
3.157236816349250907e-01 2.455512550724819887e-01
3.388210101145742170e-01 2.118838098404619008e-01
3.583188681500452111e-01 1.760557836028827372e-01
3.740166485552506304e-01 1.384535237946231123e-01
3.857554309637560297e-01 9.948180796438547968e-02
3.934196483812977818e-01 5.955931652455720426e-02
3.969382583395214548e-01 1.911395853977601936e-02
3.962854062297775370e-01 -2.142189477744170512e-02
3.914805744832215439e-01 -6.161621322564411751e-02
3.825882174142650749e-01 -1.010420915037429090e-01
3.697168876810312810e-01 -1.392824583068400235e-01
3.530178663616084234e-01 -1.759346561845771262e-01
3.326833145226807398e-01 -2.106148394616877695e-01
3.089439697940438712e-01 -2.429621399038594254e-01
2.820664167883745743e-01 -2.726425528028551537e-01
2.523499651545459410e-01 -2.993524997130185827e-01
2.201231735639363751e-01 -3.228220281495227106e-01
1.857400619477341530e-01 -3.428176131031869245e-01
1.495760577809094327e-01 -3.591445301777642096e-01
1.120237251043304100e-01 -3.716487754486679229e-01
7.348832759129318715e-02 -3.802185163519952726e-01
3.438327560078102002e-02 -3.847850491601828571e-01
-4.874484311648306228e-03 -3.853232621000206026e-01
-4.386908535521780866e-02 -3.818516104765149466e-01
-8.219031019040157204e-02 -3.744315969535506050e-01
-1.194380606493999769e-01 -3.631667704964605670e-01
-1.552266765627836331e-01 -3.482012596532781945e-01
-1.891890550135209847e-01 -3.297178612640033202e-01
-2.209805241663105047e-01 -3.079357107922091052e-01
-2.502824291836197590e-01 -2.831075652088481664e-01
-2.768053915925680064e-01 -2.555167336676819057e-01
-3.002922077552885316e-01 -2.254736950448444355e-01
-3.205203567610127591e-01 -1.933124447278777580e-01
-3.373040930377863567e-01 -1.593866157955260154e-01
-3.504961042089628220e-01 -1.240654218996900399e-01
-3.599887201253681446e-01 -8.772947072420909931e-02
-3.657146645176184152e-01 -5.076649783869498223e-02
-3.676473462632436906e-01 -1.356707108488867768e-02
-3.658006927790380391e-01 2.347968466843276814e-02
-3.602285334607793765e-01 5.999029347639215498e-02
-3.510235463326663585e-01 9.559101754901982995e-02
-3.383157860731521027e-01 1.299217843987628407e-01
-3.222708162918913044e-01 1.626399091313985024e-01
-3.030874732885184830e-01 1.934235721854133949e-01
-2.809952924776319971e-01 2.219750163442997803e-01
-2.562516332037693134e-01 2.480234343278185372e-01
-2.291385349095290958e-01 2.713275085952914778e-01
-1.999593510311726829e-01 2.916775856314756665e-01
-1.690352025250067280e-01 3.088974743647254773e-01
-1.367012906893893542e-01 3.228458441376196308e-01
-1.033031155244684557e-01 3.334172165455396297e-01
-6.919264436702197985e-02 3.405425471750372357e-01
-3.472447526702896609e-02 3.441893982030851951e-01
-2.520387586638669734e-04 3.443617076385527831e-01
3.387611965771410161e-02 3.410991656386420101e-01
6.731993583670536907e-02 3.344762127590829581e-01
9.975126391786327817e-02 3.246006791451835904e-01
1.308571183834972840e-01 3.116120874937107765e-01
1.603426888540492867e-01 2.956796460706589968e-01
1.879340986508718503e-01 2.769999611206900858e-01
2.133808818538439900e-01 2.557945006200511573e-01
2.364581575020290038e-01 2.323068434822576356e-01
2.569684836733068245e-01 2.067997500076499962e-01
2.747433783763699178e-01 1.795520905638209597e-01
2.896444984382506305e-01 1.508556701904139874e-01
3.015644718158637105e-01 1.210119870422301513e-01
3.104273829455277411e-01 9.032896232881292009e-02
3.161889148168797181e-01 5.911767869285942251e-02
3.188361553666942405e-01 2.768916281600557194e-02
3.183870794870869436e-01 -3.648753523717812846e-03
3.148897231101353000e-01 -3.459446500263344687e-02
3.084210605352449841e-01 -6.485547758044700462e-02
2.990856129538231878e-01 -9.415112372174078148e-02
2.870138127442591336e-01 -1.222150918510490625e-01
2.723601428611244768e-01 -1.487977386975125604e-01
2.553010807623352085e-01 -1.736681691046166875e-01
2.360328752247800588e-01 -1.966160683260591568e-01
2.147691853156408759e-01 -2.174532752235905919e-01
1.917386113024520944e-01 -2.360150881953651525e-01
1.671821474074160485e-01 -2.521612990471151505e-01
1.413505860535848035e-01 -2.657769533284548014e-01
1.145019026302802612e-01 -2.767728388505061310e-01
8.689864884523601507e-02 -2.850857071396474818e-01
5.880538145829146413e-02 -2.906782354299345950e-01
3.048615163656064053e-02 -2.935387394221752877e-01
2.202078367435857890e-03 -2.936806494136637302e-01
-2.579097265037588738e-02 -2.911417645068887783e-01
-5.324458540846319088e-02 -2.859833014206834556e-01
-7.991984838017084092e-02 -2.782887559409391587e-01
-1.055892532216943930e-01 -2.681625962528471074e-01
-1.300384253817490621e-01 -2.557288082904479176e-01
-1.530676771157559457e-01 -2.411293138247052326e-01
-1.744933758779487476e-01 -2.245222822957804731e-01
-1.941491234872437244e-01 -2.060803573904960162e-01
-2.118867437970836376e-01 -1.859888190880658043e-01
-2.275770811654898584e-01 -1.644436984177979066e-01
-2.411106032914851205e-01 -1.416498722110969000e-01
-2.523978203316024072e-01 -1.178191532756573956e-01
-2.613695289320616122e-01 -9.316838530463183998e-02
-2.679768805005499632e-01 -6.791756702530717116e-02
-2.721912851006582645e-01 -4.228801784210480669e-02
-2.740041604906079953e-01 -1.650059809531351923e-02
-2.734265366831912236e-01 9.226004491964688928e-03
-2.704885270381059970e-01 3.467691217918737051e-02
-2.652386773168162182e-01 5.964260995428782158e-02
-2.577432043431744924e-01 8.392040676296742829e-02
-2.480851359331937567e-01 1.073157998000496272e-01
-2.363633636005456617e-01 1.296437378355107251e-01
-2.226916192292376362e-01 1.507297808395190730e-01
-2.071973864523896369e-01 1.704111543431786890e-01
-1.900207569087258852e-01 1.885376980109627620e-01
-1.713132408902381387e-01 2.049727087968684358e-01
-1.512365411700887785e-01 2.195936798026365266e-01
-1.299612980340902058e-01 2.322929365501443244e-01
-1.076658127565708334e-01 2.429781728221530601e-01
-8.453475598590563800e-02 2.515728885203428189e-01
-6.075786675894526145e-02 2.580167321447467410e-01
-3.652864716779945231e-02 2.622657505251526078e-01
-1.204305707557221279e-02 2.642925483464668712e-01
1.250178726413884306e-02 2.640863598225648423e-01
3.690891013677860544e-02 2.616530321946102799e-01
6.098275600586215012e-02 2.570149288048471092e-01
8.453045737689887651e-02 2.502107517408467818e-01
1.073630926155837023e-01 2.412952778491757044e-01
1.292969216657939568e-01 2.303390154618500107e-01
1.501546000722007446e-01 2.174277803733937198e-01
1.697663681414409986e-01 2.026621910203842136e-01
1.879712117279410122e-01 1.861570825721927946e-01
2.046179906948634442e-01 1.680408394829262242e-01
2.195665305926197686e-01 1.484546459962635678e-01
2.326886725347099005e-01 1.275516541504037871e-01
2.438692756530823902e-01 1.054960690103372151e-01
2.530071659041236432e-01 8.246215116669877720e-02
2.600160243943048788e-01 5.863313698883258068e-02
2.648252078246386976e-01 3.420007770524099294e-02
2.673804931388092387e-01 9.360599104622436412e-03
2.676447380242015783e-01 -1.568241550099962536e-02
2.655984485803066231e-01 -4.072221544270447635e-02
2.612402452560489974e-01 -6.554964130998375271e-02
2.545872180856018074e-01 -8.995464617272710961e-02
2.456751623381204230e-01 -1.137278723361309363e-01
2.345586859547792169e-01 -1.366622752750253356e-01
2.213111805877666927e-01 -1.585547850902196410e-01
2.060246486883617889e-01 -1.792079945273310493e-01
1.888093799191623845e-01 -1.984318613254534847e-01
1.697934679677721714e-01 -2.160454096738527174e-01
1.491221738321210355e-01 -2.318784201019622460e-01
1.269571241596441913e-01 -2.457730924666562677e-01
1.034753374279602095e-01 -2.575856594910558295e-01
7.886808841739531561e-02 -2.671879383778864026e-01
5.333960954304100416e-02 -2.744688017824425952e-01
2.710563313589942763e-02 -2.793355501554244391e-01
3.917808427954136918e-04 -2.817151674019948704e-01
-2.656819154323669663e-02 -2.815554419902365213e-01
-5.353428333766718783e-02 -2.788259360923741603e-01
-8.026225964967108328e-02 -2.735187860643292224e-01
-1.065057687102369255e-01 -2.656493185677810676e-01
-1.320185489955060798e-01 -2.552564679138443759e-01
-1.565567073464156356e-01 -2.424029817540299669e-01
-1.798810474790722702e-01 -2.271754040529692098e-01
-2.017594266531358704e-01 -2.096838263343606124e-01
-2.219691168512823998e-01 -1.900614004781091826e-01
-2.402991456529181280e-01 -1.684636088395654874e-01
-2.565525910884882133e-01 -1.450672901338720677e-01
-2.705488041625057072e-01 -1.200694223485387069e-01
-2.821255324557127575e-01 -9.368566688086739369e-02
-2.911409182772681237e-01 -6.614868110607498297e-02
-2.974753452497223005e-01 -3.770620962673175425e-02
-3.010331079810425470e-01 -8.618967492313984666e-03
-3.017438806122157424e-01 2.084166833423239940e-02
-2.995639581219882164e-01 5.039613899650131901e-02
-2.944772603123284038e-01 7.975933509774135732e-02
-2.864960718866992884e-01 1.086433566747243423e-01
-2.756614958834159856e-01 1.367603702044245251e-01
-2.620436177190458849e-01 1.638255363016718202e-01
-2.457413659888916801e-01 1.895599770683278618e-01
-2.268820630391422122e-01 2.136937509323859619e-01
-2.056206618296761990e-01 2.359688017372553459e-01
-1.821386692652257333e-01 2.561418481562836580e-01
-1.566427599403376891e-01 2.739871792363164360e-01
-1.293630880722310972e-01 2.892993220324261983e-01
-1.005513092350625304e-01 3.018955478938185055e-01
-7.047832730767107645e-02 3.116181850022693434e-01
-3.943178575230005256e-02 3.183367062470523479e-01
-7.713325901841512969e-03 3.219495634356908664e-01
2.436436170358071904e-02 3.223857411732350409e-01
5.648066377322006476e-02 3.196060064731807149e-01
8.831031653549392679e-02 3.136038332636422732e-01
1.195267893569335743e-01 3.044059843902761076e-01
1.498057431415026064e-01 2.920727374546596145e-01
1.788285252521929491e-01 2.766977448203748469e-01
2.062856614542569744e-01 2.584075223215232531e-01
2.318803046093416698e-01 2.373605655686324423e-01
2.553315995718833942e-01 2.137460972105624524e-01
2.763779239667296661e-01 1.877824530213278997e-01
2.947799618546591005e-01 1.597151196185103705e-01
3.103235824835233192e-01 1.298144408272370043e-01
3.228224803803458887e-01 9.837301070107611067e-02
3.321205354166875123e-01 6.570278173348705064e-02
3.380938717468915389e-01 3.213191673766555706e-02
3.406525837447131333e-01 -1.998583297425719860e-03
3.397421040561596772e-01 -3.633843953668138699e-02
3.353441928208422684e-01 -7.053180516424847890e-02
3.274775313705714508e-01 -1.042210837644454990e-01
3.161979082417253339e-01 -1.370508133061635048e-01
3.015979900821249560e-01 -1.686715714367545971e-01
2.838066749352364804e-01 -1.987438569441535019e-01
2.629880303830741117e-01 -2.269419019514067881e-01
2.393398240607870486e-01 -2.529573696767274948e-01
2.130916590559520096e-01 -2.765028934280863160e-01
1.845027316091482628e-01 -2.973154139000987461e-01
1.538592332751186342e-01 -3.151592737909369446e-01
1.214714242228353003e-01 -3.298290312391011225e-01
8.767040858756497412e-02 -3.411519565677716415e-01
5.280464668119566607e-02 -3.489901802848169865e-01
1.723624236530440709e-02 -3.532424641794509323e-01
-1.866295305390090059e-02 -3.538455716360438541e-01
-5.451537648168334332e-02 -3.507752179002032733e-01
-8.994188227066185481e-02 -3.440465859256186532e-01
-1.245659175752459602e-01 -3.337143985418525860e-01
-1.580176921651524624e-01 -3.198725428020124939e-01
-1.899383038850260830e-01 -3.026532498095224621e-01
-2.199837650997706617e-01 -2.822258326756082458e-01
-2.478288754219971912e-01 -2.587949966546207459e-01
-2.731709046676549790e-01 -2.325987399055411964e-01
-2.957330388784089603e-01 -2.039058663167172269e-01
-3.152675480367930216e-01 -1.730131374729190208e-01
-3.315586372393589110e-01 -1.402420953102989365e-01
-3.444249467198705061e-01 -1.059355911019278090e-01
-3.537216701849316136e-01 -7.045406009050123042e-02
-3.593422653882009099e-01 -3.417158428713810286e-02
-3.612197356711229768e-01 2.528211356481544630e-03
-3.593274662778883632e-01 3.925638205688272708e-02
-3.536796045463275195e-01 7.562295668274079952e-02
-3.443309785178990667e-01 1.112412517480778629e-01
-3.313765540300447898e-01 1.457321557017831337e-01
-3.149504358830056971e-01 1.787283335721802369e-01
-2.952244241405815872e-01 2.098783029130528444e-01
-2.724061419608534984e-01 2.388503334906051101e-01
-2.467367564908345412e-01 2.653361252307271378e-01
-2.184883192331918966e-01 2.890542215864410069e-01
-1.879607568418656394e-01 3.097531186530191327e-01
-1.554785474691343927e-01 3.272140340126240554e-01
-1.213871215170244655e-01 3.412533033847579000e-01
-8.604902889421689460e-02 3.517243776409950118e-01
-4.983992067616228178e-02 3.585193969154259475e-01
-1.314438316008292862e-02 3.615703275957234397e-01
2.364832183909362784e-02 3.608496451305973629e-01
6.014855381940525242e-02 3.563705565936732822e-01
9.597058682914259842e-02 3.481867642827070064e-01
1.307368465458297602e-01 3.363917731983689374e-01
1.640820423348270107e-01 3.211177519615250886e-01
1.956571468683027393e-01 3.025339620059619428e-01
2.251331779028221125e-01 2.808447749562755225e-01
2.522047393777412938e-01 2.562873029051509488e-01
2.765932820718043361e-01 2.291286707812686396e-01
2.980500476001687882e-01 1.996629640939402150e-01
3.163586635010472436e-01 1.682078890039360175e-01
3.313373614975636539e-01 1.351011848583557329e-01
3.428407956691433278e-01 1.006968320038013065e-01
3.507614421669891236e-01 6.536109982643610594e-02
3.550305671963221443e-01 2.946848153690602781e-02
3.556187551984987261e-01 -6.602436792777332218e-03
3.525359944322225547e-01 -4.247312503211233409e-02
3.458313224080492021e-01 -7.776922791320090012e-02
3.355920388081528039e-01 -1.121246071155171387e-01
3.219424985594319111e-01 -1.451852608919310950e-01
3.050425025604715512e-01 -1.766130774884893395e-01
2.850853081328997285e-01 -2.060893809990119729e-01
2.622952855205711309e-01 -2.333182311622236105e-01
2.369252534594926685e-01 -2.580294408721805488e-01
2.092535194575927682e-01 -2.799812843367573412e-01
1.795806657824824404e-01 -2.989628631282592042e-01
1.482261271968474403e-01 -3.147961067206980768e-01
1.155245933626651428e-01 -3.273373927026605457e-01
8.182228121302353996e-02 -3.364787711416992178e-01
4.747312103729919852e-02 -3.421487840212877329e-01
1.283490044547808823e-02 -3.443128755271142039e-01
-2.173458974380618192e-02 -3.429733937959507650e-01
-5.588136429970255725e-02 -3.381691894969742207e-01
-8.925896483606779452e-02 -3.299748212336354736e-01
-1.215320529648889619e-01 -3.184993821781025858e-01
-1.523798369053018242e-01 -3.038849665274872547e-01
-1.814992956589333295e-01 -2.863047982531600755e-01
-2.086081678028451347e-01 -2.659610481577851515e-01
-2.334476752368050689e-01 -2.430823684207915614e-01
-2.557849558042251115e-01 -2.179211765690060032e-01
-2.754151825350989458e-01 -1.907507231282430382e-01
-2.921633512816270151e-01 -1.618619790731872510e-01
-3.058857226783779915e-01 -1.315603805827007811e-01
-3.164709086035262242e-01 -1.001624695180661634e-01
-3.238405975906817891e-01 -6.799246847138371019e-02
-3.279499178876545407e-01 -3.537882918553536538e-02
-3.287874410262320857e-01 -2.650792637092910450e-03
-3.263748328050235514e-01 2.986500188351559615e-02
-3.207661649933272741e-01 6.184782136780737904e-02
-3.120468950787256279e-01 9.298602850451066770e-02
-3.003325352099965873e-01 1.229801182454751257e-01
-2.857670376476122986e-01 1.515455707938459795e-01
-2.685209128585382410e-01 1.784154989593329521e-01
-2.487891084364931560e-01 2.033430641816313111e-01
-2.267886768653783192e-01 2.261036406243119024e-01
-2.027562617724407434e-01 2.464967100986154014e-01
-1.769454335476070284e-01 2.643474740406943080e-01
-1.496239060328554138e-01 2.795081722898504206e-01
-1.210706664125506954e-01 2.918591019526831087e-01
-9.157305046977293195e-02 3.013093331435333089e-01
-6.142379502734565677e-02 3.077971218217317451e-01
-3.091809868279413870e-02 3.112900232599344341e-01
-3.507208955152557573e-04 3.117847128371769028e-01
2.998685188237821403e-02 3.093065238205254808e-01
5.980914599370582008e-02 3.039087145494795972e-01
8.883932115299891796e-02 2.956714799408450833e-01
1.168116488120380103e-01 2.847007244663012915e-01
1.434738276271834145e-01 2.711266157025679635e-01
1.685891178020941794e-01 2.551019392018584186e-01
1.919382786492860316e-01 2.368002767698279554e-01
2.133212963552854058e-01 2.164140312658369703e-01
2.325588916096336944e-01 1.941523217569375015e-01
2.494937994315332974e-01 1.702387732678790067e-01
2.639918184367574527e-01 1.449092271555474376e-01
2.759426209724643586e-01 1.184093902023725803e-01
2.852603266161071738e-01 9.099245207943099101e-02
2.918838474745867884e-01 6.291669625560618317e-02
2.957770032614066569e-01 3.444312092156069649e-02
2.969284145739700675e-01 5.833093119741319423e-03
2.953511827810008650e-01 -2.265394413327064330e-02
2.910823665685550732e-01 -5.076269336738523791e-02
2.841822666231217376e-01 -7.824413599642424111e-02
2.747335311465516350e-01 -1.048575622731076351e-01
2.628400958983976854e-01 -1.303724843496944785e-01
2.486259732486297835e-01 -1.545704206527419577e-01
2.322339053028933675e-01 -1.772465415077970341e-01
2.138238965419139714e-01 -1.982111676597079208e-01
1.935716416074968749e-01 -2.172911150041694217e-01
1.716668638834845106e-01 -2.343308804559246505e-01
1.483115803767382501e-01 -2.491936654111305272e-01
1.237183081181122690e-01 -2.617622347009013750e-01
9.810822689514360484e-02 -2.719396102680383120e-01
7.170931261626932451e-02 -2.796496000204837240e-01
4.475445501067382148e-02 -2.848371634171802391e-01
1.747957270818768435e-02 -2.874686163218228563e-01
-9.878261960619791338e-03 -2.875316785174132916e-01
-3.708267683436902717e-02 -2.850353680122620914e-01
-6.389982159016197039e-02 -2.800097468913664289e-01
-9.010014904835234040e-02 -2.725055259377216488e-01
-1.154601416037040196e-01 -2.625935269006944295e-01
-1.397639756097698027e-01 -2.503640145304035225e-01
-1.628051212495657540e-01 -2.359259074896244701e-01
-1.843878647651887581e-01 -2.194058682244524605e-01
-2.043287475522084784e-01 -2.009472807659036797e-01
-2.224579156022787885e-01 -1.807091232178017759e-01
-2.386203731975192754e-01 -1.588647417912949222e-01
-2.526771351272941724e-01 -1.356005333477445507e-01
-2.645062720172108306e-01 -1.111145435221653488e-01
-2.740038436387064458e-01 -8.561498763026115233e-02
-2.810847153146308619e-01 -5.931870172318745582e-02
-2.856832527624941220e-01 -3.244953135342131673e-02
-2.877538909345723761e-01 -5.236665858389839834e-03
-2.872715726358460731e-01 2.208707374061128631e-02
-2.842320529403873919e-01 4.928698478699133911e-02
-2.786520656981152366e-01 7.612826216050330719e-02
-2.705693487404589592e-01 1.023777973165673760e-01
-2.600425247685008712e-01 1.278059874694425502e-01
-2.471508353527384350e-01 1.521885446980674184e-01
-2.319937260005994484e-01 1.753082942380104481e-01
-2.146902808654103656e-01 1.969569507024248600e-01
-1.953785063859351800e-01 2.169368604638637066e-01
-1.742144639638222303e-01 2.350626979434363717e-01
-1.513712527098428628e-01 2.511631031114097690e-01
-1.270378426930305893e-01 2.650822493418587000e-01
-1.014177657873679278e-01 2.766813207889223802e-01
-7.472766794572412163e-02 2.858398919035375907e-01
-4.719572355567593080e-02 2.924571990784395337e-01
-1.905992347635260611e-02 2.964532836624657608e-01
9.433755770327539869e-03 2.977699954376692992e-01
3.803329158482143812e-02 2.963718434910513899e-01
6.648265206153303186e-02 2.922466819487615219e-01
9.452391683313494941e-02 2.854062187625942548e-01
1.218994673710369070e-01 2.758863366535302952e-01
1.483542306682573420e-01 2.637472164288532928e-01
1.736379588457919454e-01 2.490732541986404591e-01
1.975075259372020553e-01 2.319727655213060791e-01
2.197292219455631024e-01 2.125774711998481004e-01
2.400810232588045379e-01 1.910417613203390652e-01
2.583548176797158535e-01 1.675417361580951447e-01
2.743585617000655064e-01 1.422740247573510419e-01
2.879183472471355532e-01 1.154543842961287814e-01
2.988803549760134515e-01 8.731608575500093838e-02
3.071126712899271971e-01 5.810809388925139429e-02
3.125069466583381694e-01 2.809305202844953470e-02
3.149798734794287403e-01 -2.454915236724853050e-03
3.144744627071515697e-01 -3.325256590775240578e-02
3.109610997360929829e-01 -6.401005294490101638e-02
3.044383616085628574e-01 -9.443356476173900282e-02
2.949335782685226781e-01 -1.242280736756798953e-01
2.825031264619243254e-01 -1.531001597199245778e-01
2.672324452511418702e-01 -1.807608894296117708e-01
2.492357599687876901e-01 -2.069287259029235493e-01
2.286555117650540814e-01 -2.313324329443889882e-01
2.056614891967439296e-01 -2.537139454187711807e-01
1.804496621773452880e-01 -2.738311745895011806e-01
1.532407219633932782e-01 -2.914607168570064744e-01
1.242783342928503593e-01 -3.064004343245181339e-01
9.382711627415110667e-02 -3.184718760164542695e-01
6.217035110555496624e-02 -3.275225093667771259e-01
2.960745813762518178e-02 -3.334277327860727391e-01
-3.548760869854778247e-03 -3.360926417053173854e-01
-3.697507524853417549e-02 -3.354535224745652799e-01
-7.034095162358865172e-02 -3.314790508536303859e-01
-1.033118229871653471e-01 -3.241711745510727494e-01
-1.355524683171439315e-01 -3.135656623237062512e-01
-1.667304682385988279e-01 -2.997323055122901869e-01
-1.965197004063437003e-01 -2.827747615258164315e-01
-2.246038368599330148e-01 -2.628300326578457691e-01
-2.506798045975300870e-01 -2.400675776803468942e-01
-2.744611700572471835e-01 -2.146880578662875017e-01
-2.956814081036476805e-01 -1.869217233913970100e-01
-3.140970165069527642e-01 -1.570264504050432330e-01
-3.294904377808798301e-01 -1.252854433850608684e-01
-3.416727509033707921e-01 -9.200461907367404879e-02
-3.504860989852601194e-01 -5.750970308899912287e-02
-3.558058218893609403e-01 -2.214306033240183783e-02
-3.575422606581448726e-01 1.373971523194718672e-02
-3.556422087499863105e-01 4.977340935869280919e-02
-3.500899869597643432e-01 8.558696040220094281e-02
-3.409081229957581782e-01 1.208073564895385116e-01
-3.281576209687655510e-01 1.550636149297791033e-01
-3.119378106024757180e-01 1.879908000255300082e-01
-2.923857707436494091e-01 2.192340341768524992e-01
-2.696753266799469251e-01 2.484524564210631170e-01
-2.440156258024568370e-01 2.753230823541549244e-01
-2.156493012168045897e-01 2.995445197437600071e-01
-1.848502379472108104e-01 3.208404950754689677e-01
-1.519209613272774761e-01 3.389631477723298314e-01
-1.171896719649351548e-01 3.536960508823326355e-01
-8.100695624317100219e-02 3.648569196240329937e-01
-4.374220561099619736e-02 3.722999722921562782e-01
-5.779781871437690566e-03 3.759179116218485106e-01
3.248503077046374643e-02 3.756434987541332760e-01
7.065024302786092336e-02 3.714506963915716886e-01
1.083115007334496671e-01 3.633553625316364166e-01
1.450664993534956093e-01 3.514154812601044120e-01
1.805194227324523337e-01 3.357309224173685713e-01
2.142853550671818541e-01 3.164427274526028788e-01
2.459946146265988842e-01 2.937319218107768415e-01
2.752969576035392274e-01 2.678178702840811609e-01
3.018656046883095301e-01 2.389561842776563860e-01
3.254010397238430996e-01 2.074361952057286185e-01
3.456345341483859079e-01 1.735780269003083243e-01
3.623313541258995074e-01 1.377292945267737101e-01
3.752936102182791722e-01 1.002614648069060088e-01
3.843627133240700711e-01 6.156591672581941677e-02
3.894214049621887996e-01 2.204974583778012559e-02
3.903953347660010786e-01 -1.786864126685821716e-02
3.872541632166111580e-01 -5.776409286358411693e-02
3.800121731226525634e-01 -9.720938656771502262e-02
3.687283790808984496e-01 -1.357799588722278794e-01
3.535061300574782739e-01 -1.730586351718976235e-01
3.344922062404309115e-01 -2.086403052875616670e-01
3.118754173558080378e-01 -2.421364897665435889e-01
2.858847156357117170e-01 -2.731797431699254930e-01
2.567868425017202916e-01 -3.014278421573468036e-01
2.248835337063770923e-01 -3.265677084295857679e-01
1.905083130861391083e-01 -3.483190194640977122e-01
1.540229101517526789e-01 -3.664374634464924174e-01
1.158133414107988257e-01 -3.807175988213314932e-01
7.628569952132562004e-02 -3.909952834109921560e-01
3.586169805996154009e-02 -3.971496430272841716e-01
-5.025977195982661572e-03 -3.991045548666015685e-01
-4.593845740370860325e-02 -3.968296242334380941e-01
-8.643556281567277289e-02 -3.903406487340637110e-01
-1.260807049670847335e-01 -3.796995586385555344e-01
-1.644457609529287601e-01 -3.650138271942868773e-01
-2.011158614464304828e-01 -3.464353637911338768e-01
-2.356940374232977531e-01 -3.241588994170234717e-01
-2.678056712618947510e-01 -2.984198822202548951e-01
-2.971027001242500520e-01 -2.694919068636038584e-01
-3.232675223973566769e-01 -2.376837069437551520e-01
-3.460165614534547185e-01 -2.033357449877257750e-01
-3.651034450289335487e-01 -1.668164393597008632e-01
-3.803217630739593180e-01 -1.285180717564330111e-01
-3.915073719321431889e-01 -8.885242278251420656e-02
-3.985402181088839590e-01 -4.824618633066671963e-02
-4.013456606108120051e-01 -7.136216106411432530e-03
-3.998952768152488346e-01 3.403534040126816179e-02
-3.942071429828407636e-01 7.482596391529382218e-02
-3.843455867813701521e-01 1.147976841487209909e-01
-3.704204154658892190e-01 1.535219422849897486e-01
-3.525856295812775376e-01 1.905843388766457203e-01
-3.310376381405419344e-01 2.255892123597439403e-01
-3.060129971099478929e-01 2.581639955251890384e-01
-2.777856986276410756e-01 2.879633000669390985e-01
-2.466640436268104919e-01 3.146726827036281371e-01
-2.129871353634613662e-01 3.380120503005291654e-01
-1.771210349237396509e-01 3.577386636815282905e-01
-1.394546277374174303e-01 3.736497130800218169e-01
-1.003952460192043539e-01 3.855844338993063558e-01
-6.036409855381542899e-02 3.934257351290197935e-01
-1.979156428172617818e-02 3.971013302621864138e-01
2.088759660696061851e-02 3.965843581501938830e-01
6.123905845450131752e-02 3.918934892636063982e-01
1.008337171830063633e-01 3.830925189292666566e-01
1.392523936766102144e-01 3.702894551587161964e-01
1.760903999077633453e-01 3.536351145947385644e-01
2.109619161967449252e-01 3.333212458091621144e-01
2.435041305830858982e-01 3.095782046165144741e-01
2.733810944501331441e-01 2.826722111592760434e-01
3.002872522354421703e-01 2.529022232108343871e-01
3.239506072296511885e-01 2.205964643768915101e-01
3.441354900588595722e-01 1.861086496064683349e-01
3.606449013993381914e-01 1.498139536080910217e-01
3.733224057235989823e-01 1.121047703709435323e-01
3.820535583552990833e-01 7.338631398818382112e-02
3.867668537467291445e-01 3.407211235175158087e-02
3.874341886151059788e-01 -5.420553975480225072e-03
3.840708393105585206e-01 -4.467521530549236480e-02
3.767349584682370689e-01 -8.328072691681348561e-02
3.655266015496268506e-01 -1.208356829702037782e-01
3.505862992366000630e-01 -1.569526812720962727e-01
3.320931956291675036e-01 -1.912623903999838004e-01
3.102627822854142625e-01 -2.234173803740746589e-01
2.853442540914928327e-01 -2.530956741162900259e-01
2.576175200743488491e-01 -2.800039782693889978e-01
2.273899107199989500e-01 -3.038805661242732215e-01
1.949926210977407370e-01 -3.244977830444239486e-01
1.607769330617095926e-01 -3.416641510658453007e-01
1.251102617334899081e-01 -3.552260543132962356e-01
8.837207283219358778e-02 -3.650689919774678938e-01
5.094971820409671670e-02 -3.711183907776648971e-01
1.323423711266662021e-02 -3.733399740251579502e-01
-2.438382951089223746e-02 -3.717396895393674239e-01
-6.151856557192991737e-02 -3.663632036899215905e-01
-9.779270223558209074e-02 -3.572949736825526412e-01
-1.328414933870828152e-01 -3.446569148192657472e-01
-1.663164036727180772e-01 -3.286066837908411808e-01
-1.978885715224636410e-01 -3.093356030547967372e-01
-2.272520128008349849e-01 -2.870662549719933954e-01
-2.541265343178157887e-01 -2.620497775833412479e-01
-2.782603303054400068e-01 -2.345628966739151666e-01
-2.994322390735945083e-01 -2.049047310708902170e-01
-3.174536413450150252e-01 -1.733934099363587944e-01
-3.321699861773604878e-01 -1.403625421351840652e-01
-3.434619348525651539e-01 -1.061575785771836505e-01
-3.512461175938106361e-01 -7.113210875425650392e-02
-3.554755010743235188e-01 -3.564413396968325182e-02
-3.561393750184073115e-01 -5.235390232355530246e-05
-3.532629614447320709e-01 3.528749289831586977e-02
-3.469066564837262057e-01 7.002619275423574430e-02
-3.371649246713438464e-01 1.038244930879802380e-01
-3.241648630976076695e-01 1.363563764415796631e-01
-3.080644575453679312e-01 1.673121413174168126e-01
-2.890505555557155715e-01 1.964012617666942018e-01
-2.673365837897018205e-01 2.233550007834870232e-01
-2.431600391032628095e-01 2.479287558874768149e-01
-2.167797844009895503e-01 2.699041187495083705e-01
-1.884731815777057895e-01 2.890906342838325815e-01
-1.585330946933455609e-01 3.053272482523620712e-01
-1.272647969604001339e-01 3.184834360534823938e-01
-9.498281516340678632e-02 3.284600089565017367e-01
-6.200774479061767208e-02 3.351895975504104452e-01
-2.866306845764753086e-02 3.386368155626381382e-01
4.727990835858987551e-03 3.387981104334455984e-01
3.784555142649081994e-02 3.357013100715433018e-01
7.037606112816535697e-02 3.294048780374005947e-01
1.020151651230538636e-01 3.199968919776093323e-01
1.324704290337818946e-01 3.075937624460073905e-01
1.614638948929331130e-01 2.923387112789898601e-01
1.887344501565603738e-01 2.744000304319517691e-01
2.140399924488692873e-01 2.539691436240960054e-01
2.371593738892140701e-01 2.312584953578686042e-01
2.578941178328696959e-01 2.064992890263692427e-01
2.760698945645305158e-01 1.799390994073581107e-01
2.915377468133938943e-01 1.518393880156185816e-01
3.041750655662471270e-01 1.224729434479387424e-01
3.138863128305803274e-01 9.212127229977409848e-02
3.206034920283118428e-01 6.107196498783015737e-02
3.242863689478098776e-01 2.961606008761463391e-02
3.249224482797032354e-01 -1.954570124565299140e-03
3.225267126956020691e-01 -3.334979132575580790e-02
3.171411331868459471e-01 -6.428371563309565051e-02
3.088339609547551268e-01 -9.447712791609275129e-02
2.976988125299016019e-01 -1.236598123795664278e-01
2.838535609942173243e-01 -1.515727633857233136e-01
2.674390471879334319e-01 -1.779702660547538839e-01
2.486176256078437286e-01 -2.026218337795345770e-01
2.275715603511962726e-01 -2.253139913908055458e-01
2.045012869398909194e-01 -2.458518942957764186e-01
1.796235561837357109e-01 -2.640607754688158448e-01
1.531694764219890814e-01 -2.797872136833498558e-01
1.253824705331444134e-01 -2.929002178273986678e-01
9.651616403854673676e-02 -3.032921235318993269e-01
6.683222046101183755e-02 -3.108792996541950293e-01
3.659813985021594801e-02 -3.156026633943953552e-01
6.085036066968268001e-03 -3.174280039777068740e-01
-2.443459044559248561e-02 -3.163461166564344174e-01
-5.468907451687530369e-02 -3.123727474722681752e-01
-8.440978458037791399e-02 -3.055483514156975833e-01
-1.133332808640342276e-01 -2.959376704378941514e-01
-1.412034248242296230e-01 -2.836291339610318984e-01
-1.677734252854132802e-01 -2.687340876143546886e-01
-1.928078088746183194e-01 -2.513858562274099984e-01
-2.160843028289260725e-01 -2.317386477768244024e-01
-2.373956187399249851e-01 -2.099663056217459800e-01
-2.565511262836547846e-01 -1.862609169841682455e-01
-2.733784064703462802e-01 -1.608312862416272360e-01
-2.877246744401186773e-01 -1.339012822080994369e-01
-2.994580623348185866e-01 -1.057080691899490721e-01
-3.084687532997651416e-01 -7.650023222159287040e-02
-3.146699582206998747e-01 -4.653580751260721904e-02
-3.179987273898002842e-01 -1.608022977486055216e-02
-3.184165899296508839e-01 1.459579125647999555e-02
-3.159100144950931499e-01 4.521845214398570456e-02
-3.104906855290600065e-01 7.551308129724494667e-02
-3.021955901784237342e-01 1.052063944948749968e-01
-2.910869118870957895e-01 1.340287654994871402e-01
-2.772517276823882604e-01 1.617164962901968539e-01
-2.608015072616300389e-01 1.880140708830833063e-01
-2.418714131719955640e-01 2.126763762114233236e-01
-2.206194026580942935e-01 2.354708731098058561e-01
-1.972251346670688132e-01 2.561797005323824261e-01
-1.718886805775090842e-01 2.746016948786426659e-01
-1.448290471021852766e-01 2.905543058296033432e-01
-1.162825209777570284e-01 3.038753930589313534e-01
-8.650083891804091762e-02 3.144248853918237829e-01
-5.574919442331946473e-02 3.220862853653096436e-01
-2.430409320338904403e-02 3.267680025782527808e-01
7.548929258311365582e-03 3.284044999236994111e-01
3.951771271397037932e-02 3.269572376990341755e-01
7.130598272525338899e-02 3.224154016968026060e-01
1.026159481294042775e-01 3.147964026942587923e-01
1.331509651476025791e-01 3.041461362828240533e-01
1.626182464205119804e-01 2.905389937064103978e-01
1.907315919305493379e-01 2.740776163032409007e-01
2.172141176115369721e-01 2.548923882589919643e-01
2.418009564802883204e-01 2.331406646658081283e-01
2.642419063763999931e-01 2.090057343243462151e-01
2.843039978895076092e-01 1.826955193033814040e-01
3.017739558088265439e-01 1.544410159591173559e-01
3.164605274666593693e-01 1.244944848865627840e-01
3.281966516814037171e-01 9.312740009766336258e-02
3.368414426486991964e-01 6.062817056230967311e-02
3.422819640901427762e-01 2.729965007378522268e-02
3.444347702518240073e-01 -6.543545827078722787e-03
3.432471919497236956e-01 -4.057789445270737483e-02
3.386983493183615135e-01 -7.447396823093660467e-02
3.307998689169606155e-01 -1.078995586511550392e-01
3.195962931752497349e-01 -1.405228917961711954e-01
3.051651730992104850e-01 -1.720159062877062439e-01
2.876168302450362035e-01 -2.020575615321379692e-01
2.670937834783521092e-01 -2.303371425558733976e-01
2.437698379783386216e-01 -2.565575269436739525e-01
2.178488375652742892e-01 -2.804383787512795823e-01
1.895630851636380676e-01 -3.017192340107208159e-01
1.591714400183038836e-01 -3.201624426006716151e-01
1.269571041129483879e-01 -3.355559318281064463e-01
9.322511404997793627e-02 -3.477157580691482286e-01
5.829955839106652077e-02 -3.564884142485662544e-01
2.252054407704132122e-02 -3.617528627953939813e-01
-1.375906100444060365e-02 -3.634222659871834127e-01
-5.017707900434693891e-02 -3.614453882721563871e-01
-8.636563338798483591e-02 -3.558076482157319087e-01
-1.219548845868178300e-01 -3.465318011285786204e-01
-1.565768518163188072e-01 -3.336782371649089085e-01
-1.898692809486459965e-01 -3.173448836943526530e-01
-2.214795168577944340e-01 -2.976667050057319464e-01
-2.510683376442616743e-01 -2.748147968492776760e-01
-2.783137076213925143e-01 -2.489950779143036419e-01
-3.029144059258617738e-01 -2.204465850178485842e-01
-3.245934881134622807e-01 -1.894393834894704531e-01
-3.431015406105191179e-01 -1.562721091501297621e-01
-3.582196835691315306e-01 -1.212691612784180112e-01
-3.697622867482146525e-01 -8.477757392831566929e-02
-3.775793663612262430e-01 -4.716359451582025769e-02
-3.815586260350382064e-01 -8.809002067730182378e-03
-3.816271144116480385e-01 2.989279723972888825e-02
-3.777524744562401060e-01 6.854085689365217726e-02
-3.699437638445046694e-01 1.067309159931636997e-01
-3.582518304449676116e-01 1.440597187301593529e-01
-3.427692318365009316e-01 1.801293799172516696e-01
-3.236296929505816378e-01 2.145517477383769855e-01
-3.010071012416388747e-01 2.469527141261959047e-01
-2.751140442030312605e-01 2.769764229876969797e-01
-2.461998994944540053e-01 3.042893269182259108e-01
-2.145484933608268752e-01 3.285840440697940235e-01
-1.804753483342024789e-01 3.495829684694317097e-01
-1.443245463503496362e-01 3.670415893070777535e-01
-1.064652383129125468e-01 3.807514775116603301e-01
-6.728783573495215886e-02 3.905429012824530588e-01
-2.719992431771357799e-02 3.962870361067674652e-01
1.337805686908027925e-02 3.978977391336024905e-01
5.401732361627070017e-02 3.953328625383203399e-01
9.428539242787148389e-02 3.885950856517745300e-01
1.337508119854498023e-01 3.777322510790647181e-01
1.719879265926439471e-01 3.628371957337853115e-01
2.085816183398032653e-01 3.440470741644525710e-01
2.431319691956490281e-01 3.215421746348668397e-01
2.752587903984764495e-01 2.955442394441903931e-01
3.046059688664508602e-01 2.663143045827967015e-01
3.308455746792215990e-01 2.341500773586292494e-01
3.536816812184027659e-01 1.993828791946272161e-01
3.728538513081183225e-01 1.623741853582051087e-01
3.881402462476168380e-01 1.235117984603417984e-01
3.993603187386728925e-01 8.320569723598347789e-02
4.063770553348027836e-01 4.188360632663759575e-02
4.090987391238454229e-01 -1.366352688787071466e-05
4.074802088404002598e-01 -4.203705235958232755e-02
4.015235964244751599e-01 -8.373420990604274472e-02
3.912785311271320121e-01 -1.246545197100922264e-01
3.768418045385849013e-01 -1.643541303950768473e-01
3.583564973017677180e-01 -2.024009356086988731e-01
3.360105746954575867e-01 -2.383794444072115104e-01
3.100349646452684182e-01 -2.718954848084189080e-01
2.807011379679243968e-01 -3.025806849136860044e-01
2.483182166950164693e-01 -3.300966783594074805e-01
2.132296420799686398e-01 -3.541389838825028669e-01
1.758094392924155203e-01 -3.744405124381711136e-01
1.364581207780471428e-01 -3.907746595487571195e-01
9.559827474478206633e-02 -4.029579453398057232e-01
5.366988916945673177e-02 -4.108521699756972900e-01
1.112546391312150933e-02 -4.143660587551137309e-01
-3.157502959576905660e-02 -4.134563731038328749e-01
-7.396928390017545873e-02 -4.081284761643925174e-01
-1.155978296217663320e-01 -3.984363462582025117e-01
-1.560091845721801873e-01 -3.844820340614089060e-01
-1.947649186648583164e-01 -3.664145699887678131e-01
-2.314445754064741456e-01 -3.444283337501005682e-01
-2.656503923732688732e-01 -3.187609044820032822e-01
-2.970117654103757721e-01 -2.896904160798075556e-01
-3.251894043032251824e-01 -2.575324482830735340e-01
-3.498791313223650334e-01 -2.226364896275956073e-01
-3.708152782912501610e-01 -1.853820134980900258e-01
-3.877736426178119422e-01 -1.461742131340962592e-01
-4.005739680049901219e-01 -1.054394454992602370e-01
-4.090819212467822763e-01 -6.362043737036525426e-02
-4.132105425532762166e-01 -2.117130979439265856e-02
-4.129211531547509195e-01 2.144752083491304959e-02
-4.082237104320171617e-01 6.377450544059935778e-02
-3.991766074261505204e-01 1.053521283675824538e-01
-3.858859202127778443e-01 1.457320167100883690e-01
-3.685041132010984377e-01 1.844799334569301452e-01
-3.472282188536863212e-01 2.211805965880046798e-01
-3.222975145397191654e-01 2.554422684954499867e-01
-2.939907251544621736e-01 2.869010630150111707e-01
-2.626227856885305356e-01 3.152249208987231710e-01
-2.285412022016905242e-01 3.401172097999619059e-01
-1.921220571561360890e-01 3.613199046703188255e-01
-1.537657067093982088e-01 3.786163164561250905e-01
-1.138922188055208062e-01 3.918333412105849400e-01
-7.293660861771723847e-02 4.008432022454045951e-01
-3.134392712974312656e-02 4.055646689104628333e-01
1.043573934242212134e-02 4.059637406458255215e-01
5.195230016387018118e-02 4.020537913708288058e-01
9.276066339855890130e-02 3.938951757158701827e-01
1.324256530082016659e-01 3.815943049833660505e-01
1.705267838151102167e-01 3.653022069657144155e-01
2.066628398948032741e-01 3.452125897730614068e-01
2.404562047928036628e-01 3.215594355585468800e-01
2.715568952952513437e-01 2.946141554040941912e-01
2.996462543782085208e-01 2.646823415814875680e-01
3.244402633624769994e-01 2.321001578731431980e-01
3.456924381500036114e-01 1.972304125730431901e-01
3.631962796498925949e-01 1.604583621464445997e-01
3.767872540477621435e-01 1.221872962707218763e-01
3.863442843593731801e-01 8.283395708079642483e-02
3.917907406634412726e-01 4.282384688132619133e-02
3.930949224532571673e-01 2.586479353141694307e-03
3.902700326057624847e-01 -3.744937062892756546e-02
3.833736484642866760e-01 -7.686036402926353650e-02
3.725067013931215865e-01 -1.152331882319647671e-01
3.578119813095356760e-01 -1.521689909632062687e-01
3.394721895621476970e-01 -1.872876046221432222e-01
3.177075680196237428e-01 -2.202315180572916864e-01
2.927731344961028159e-01 -2.506695556922358681e-01
2.649555620586747096e-01 -2.783002217319781590e-01
2.345697419609024392e-01 -3.028546767847012933e-01
2.019550733346689997e-01 -3.240993176867334458e-01
1.674715253694208095e-01 -3.418379363679937555e-01
1.314955197142953502e-01 -3.559134388611063793e-01
9.441568223874037546e-02 -3.662091109707452108e-01
5.662851407322694319e-02 -3.726494226107657237e-01
1.853403202373006542e-02 -3.752003683156158176e-01
-1.946857198008658182e-02 -3.738693468707168233e-01
-5.698520376679249572e-02 -3.687045883172464511e-01
-9.363102508965222281e-02 -3.597941417061165104e-01
-1.290344521595059024e-01 -3.472644418435741898e-01
-1.628409522537766496e-01 -3.312784778308043854e-01
-1.947165991972963917e-01 -3.120335904011967143e-01
-2.243513520074228718e-01 -2.897589288562195664e-01
-2.514620248517641654e-01 -2.647126017548755428e-01
-2.757949206263686226e-01 -2.371785583897931815e-01
-2.971281048673271030e-01 -2.074632404592614554e-01
-3.152733012992532391e-01 -1.758920452001292711e-01
-3.300773950388201650e-01 -1.428056425697998566e-01
-3.414235342489674863e-01 -1.085561898520820967e-01
-3.492318256319164038e-01 -7.350348606094644910e-02
-3.534596240532071887e-01 -3.801111337056827660e-02
-3.541014222807598588e-01 -2.442605492295643523e-03
-3.511883489018188254e-01 3.284231826892453771e-02
-3.447872882658135629e-01 6.749140983520154902e-02
-3.349996400492983861e-01 1.011634038839105687e-01
-3.219597395870994472e-01 1.335313491890040005e-01
-3.058329634077549541e-01 1.642857277623468726e-01
-2.868135473279567749e-01 1.931373329624929136e-01
-2.651221469745137505e-01 2.198198811698083288e-01
-2.410031726939161068e-01 2.440923352592808127e-01
-2.147219324655692818e-01 2.657409218845144250e-01
-1.865616176480108801e-01 2.845808284666457300e-01
-1.568201671568263400e-01 3.004575697088756048e-01
-1.258070460033379467e-01 3.132480173806544421e-01
-9.383997402491985051e-02 3.228610909866143075e-01
-6.124164012680025082e-02 3.292381107077590463e-01
-2.833643645221614604e-02 3.323528176327457673e-01
4.552754371957263603e-03 3.322110697452623218e-01
3.710768737419956054e-02 3.288502253633499017e-01
6.901776913404786273e-02 3.223382287061245521e-01
9.998292998778529617e-02 3.127724149653340890e-01
1.297163295099536262e-01 3.002780546610259726e-01
1.579468728410195200e-01 2.850066591446633324e-01
1.844215181874994391e-01 2.671340708667492292e-01
2.089073587662614584e-01 2.468583622459103732e-01
2.311934645404173649e-01 2.243975728270773962e-01
2.510924743794789027e-01 1.999873093417272873e-01
2.684419300327863245e-01 1.738782332810863696e-01
2.831053463831817996e-01 1.463334669482518891e-01
2.949730161255652572e-01 1.176259439561524317e-01
3.039625494034943753e-01 8.803573077821620629e-02
3.100191515259139718e-01 5.784734518512094081e-02
3.131156443125286959e-01 2.734709638605574422e-02
3.132522388592329232e-01 -3.179529537147632312e-03
3.104560695571713658e-01 -3.345041673194981691e-02
3.047805010271102955e-01 -6.318927861754294883e-02
2.963042212354710658e-01 -9.212800997636801104e-02
2.851301354341015948e-01 -1.200089150064173327e-01
2.713840767108947061e-01 -1.465867961189500912e-01
2.552133498545612889e-01 -1.716308901806448128e-01
2.367851259294322386e-01 -1.949266408280914131e-01
2.162847054334113006e-01 -2.162772974006064164e-01
1.939136681851998389e-01 -2.355053329214145674e-01
1.698879281691275667e-01 -2.524536753864033978e-01
1.444357114728680169e-01 -2.669867483756259707e-01
1.177954752020811402e-01 -2.789913186699712888e-01
9.021378486491588022e-02 -2.883771501213018840e-01
6.194316720737126636e-02 -2.950774644791537282e-01
3.323995486714131226e-02 -2.990492112140651915e-01
4.362138243544990378e-03 -3.002731484848426557e-01
-2.443275916839553197e-02 -2.987537428200289780e-01
-5.288976968603693873e-02 -2.945188910036288243e-01
-8.075852113007048194e-02 -2.876194677450682469e-01
-1.077952137859271575e-01 -2.781287093692434431e-01
-1.337645235591746751e-01 -2.661414400614973141e-01
-1.584414205724610780e-01 -2.517731487667247969e-01
-1.816128932637723348e-01 -2.351589253035618610e-01
-2.030795688293405843e-01 -2.164522646444783371e-01
-2.226572216045042407e-01 -1.958237486424666551e-01
-2.401781616894947957e-01 -1.734596147669487942e-01
-2.554924968040646061e-01 -1.495602216572690935e-01
-2.684692609967355703e-01 -1.243384215228712092e-01
-2.789974044449094470e-01 -9.801784962522118450e-02
-2.869866391665554795e-01 -7.083114127674780547e-02
-2.923681360296420673e-01 -4.301808699407382031e-02
-2.950950690001551413e-01 -1.482373665244300122e-02
-2.951430031226269235e-01 1.350353629053332311e-02
-2.925101232884355640e-01 4.171399919893421099e-02
-2.872173014268531999e-01 6.955854173937521534e-02
-2.793080003620102558e-01 9.679066262836220902e-02
-2.688480132252831223e-01 1.231684495698477932e-01
-2.559250380060449359e-01 1.484565400402844404e-01
-2.406480875721025703e-01 1.724280503199688841e-01
-2.231467363009633775e-01 1.948664599288714161e-01
-2.035702049221266297e-01 2.155674373838220304e-01
-1.820862882616755551e-01 2.343405969750092521e-01
-1.588801278686034768e-01 2.510111717195896985e-01
-1.341528343995380956e-01 2.654215865845827582e-01
-1.081199674713101688e-01 2.774329216951758048e-01
-8.100987976602420926e-02 2.869262514195652369e-01
-5.306193405966277976e-02 2.938038463873708928e-01
-2.452460313828451130e-02 2.979902258784509761e-01
4.346536116939903743e-03 2.994330485366654693e-01
3.329090186913612887e-02 2.981038300289735044e-01
6.204508576694629796e-02 2.939984770924751745e-01
9.034509547814904840e-02 2.871376283965837994e-01
1.179286448696311579e-01 2.775667937978643085e-01
1.445374742232650722e-01 2.653562848818180053e-01
1.699196818078895499e-01 2.506009311666664297e-01
1.938320471763827768e-01 2.334195779834653539e-01
2.160423257467289915e-01 2.139543638359447941e-01
2.363314935794255389e-01 1.923697769703225369e-01
2.544959208019246244e-01 1.688514929347616211e-01
2.703494518739695263e-01 1.436049970617900851e-01
2.837253708536436880e-01 1.168539980435408521e-01
2.944782300283566023e-01 8.883864106500817537e-02
3.024855207307434179e-01 5.981353128806170955e-02
3.076491658763549353e-01 3.004558080995725633e-02
3.098968147444380872e-01 -1.883054760109670463e-04
3.091829212358321866e-01 -3.060368646531615167e-02
3.054895909882441862e-01 -6.091116675707369116e-02
2.988271802610182326e-01 -9.081908078244844973e-02
2.892346332197132108e-01 -1.200362529137825318e-01
2.767795489019243549e-01 -1.482748110240939832e-01
2.615579690360542719e-01 -1.752530258000387919e-01
2.436938813302486073e-01 -2.006981477415461512e-01
2.233384357267950149e-01 -2.243492128539279484e-01
2.006688741399741682e-01 -2.459597874139244356e-01
1.758871773296707686e-01 -2.653006218910698433e-01
1.492184357730593491e-01 -2.821621841473978543e-01
1.209089546438841256e-01 -2.963570424352089949e-01
9.122410625272825424e-02 -3.077220694732449302e-01
6.044594650016785892e-02 -3.161204400102527456e-01
2.887061500485504570e-02 -3.214433957806819286e-01
-3.194458452934474061e-03 -3.236117536140868389e-01
-3.543351572792563520e-02 -3.225771346664338957e-01
-6.752557231517189451e-02 -3.183228952814440849e-01
-9.914762920271170954e-02 -3.108647428416670966e-01
-1.299779621757147785e-01 -3.002510231055641188e-01
-1.596994544726548504e-01 -2.865626689170654440e-01
-1.880029373532165760e-01 -2.699128037820427983e-01
-2.145905021875632035e-01 -2.504459975920312331e-01
-2.391787471407029464e-01 -2.283371756958918475e-01
-2.615019214224689748e-01 -2.037901865284253433e-01
-2.813149297323210840e-01 -1.770360379978238585e-01
-2.983961634992466361e-01 -1.483308133807481888e-01
-3.125501218740505127e-01 -1.179532850244266462e-01
-3.236097886980642269e-01 -8.620224950460017577e-02
-3.314387369483182688e-01 -5.339360630951331399e-02
-3.359329315496460411e-01 -1.985720909556708269e-02
-3.370222052784675459e-01 1.406647901342938413e-02
-3.346713858152834953e-01 4.802989172902694809e-02
-3.288810556712364885e-01 8.168199062570774549e-02
-3.196879306787298036e-01 1.146719818926721646e-01
-3.071648469525631864e-01 1.466530781207055767e-01
-2.914203506475693817e-01 1.772862632115387582e-01
-2.725978894089124971e-01 2.062440177634496941e-01
-2.508746090765764936e-01 2.332139620616090758e-01
-2.264597639084112157e-01 2.579023740970874390e-01
-1.995927532671141202e-01 2.800375408600530025e-01
-1.705408023156785580e-01 2.993729024991686472e-01
-1.395963087231453514e-01 3.156899508022225631e-01
-1.070738816388493025e-01 3.288008458173086179e-01
-7.330710319136383990e-02 3.385507172772501128e-01
-3.864504645312498432e-02 3.448196207835751981e-01
-3.448587131689919739e-03 3.475241224149832053e-01
3.191345084377249924e-02 3.466184895076593886e-01
6.706827321960885657e-02 3.420954697642639153e-01
1.016431722171699248e-01 3.339866455332348716e-01
1.352696153589597050e-01 3.223623558992613769e-01
1.675873224095414948e-01 3.073311810808529998e-01
1.982482805279350835e-01 2.890389918510721246e-01
2.269206494101375648e-01 2.676675736800808170e-01
2.532925131110470018e-01 2.434328353844539827e-01
2.770754327961278407e-01 2.165826203564715779e-01
2.980077576825616581e-01 1.873941426592732051e-01
3.158576539525643767e-01 1.561710749432007050e-01
3.304258144626693872e-01 1.232403195183149613e-01
3.415478155981873654e-01 8.894849794961411094e-02
3.490960915912842411e-01 5.365819817056820956e-02
3.529815009874770482e-01 1.774402128769601156e-02
3.531544646565703549e-01 -1.841152706998953545e-02
3.496056597429387791e-01 -5.442225385563403267e-02
3.423662591751988615e-01 -8.990255558014315085e-02
3.315077117419012454e-01 -1.244717055825799168e-01
3.171410632205255986e-01 -1.577581016318028162e-01
2.994158245527537843e-01 -1.894034241226645043e-01
2.785183985199201628e-01 -2.190666559719404438e-01
2.546700817190860611e-01 -2.464279167686482808e-01
2.281246638038548769e-01 -2.711920657752333041e-01
1.991656508683770088e-01 -2.930920309871054008e-01
1.681031444544716646e-01 -3.118918246075368939e-01
1.352704118907088748e-01 -3.273892089451260756e-01
1.010201874735653926e-01 -3.394179808473600790e-01
6.572074837672310654e-02 -3.478498480892835421e-01
2.975180739237312175e-02 -3.525958732811071972e-01
-6.499726675864916925e-03 -3.536074682658097434e-01
-4.264406968955950644e-02 -3.508769294569762387e-01
-7.829291672530461210e-02 -3.444375054697231819e-01
-1.130637782902513266e-01 -3.343629967434046391e-01
-1.465842474013865637e-01 -3.207668919404843555e-01
-1.784961475619291638e-01 -3.038010514787312655e-01
-2.084595131214057318e-01 -2.836539539989074155e-01
-2.361563555586720098e-01 -2.605485268181384484e-01
-2.612941718531534008e-01 -2.347395864035231594e-01
-2.836091542752184891e-01 -2.065109195580255297e-01
-3.028690645911490953e-01 -1.761720402823690468e-01
-3.188757397944358418e-01 -1.440546611086786499e-01
-3.314672009900569982e-01 -1.105089210459399701e-01
-3.405193419138148325e-01 -7.589941509236841632e-02
-3.459471787021832778e-01 -4.060107252087852975e-02
-3.477056478734302236e-01 -4.994932803846849866e-03
-3.457899449693930816e-01 3.053613090712326700e-02
-3.402354018688742987e-01 6.561169040304491717e-02
-3.311169063471459117e-01 9.985799299494976800e-02
-3.185478729506545648e-01 1.329120947181633150e-01
-3.026787796120554708e-01 1.644258482590638670e-01
-2.836952895805858188e-01 1.940696997101848953e-01
-2.618159831219727396e-01 2.215362508271676301e-01
-2.372897292201118224e-01 2.465435471735908379e-01
-2.103927264463653357e-01 2.688380541557964243e-01
-1.814252529746624432e-01 2.881972880848188701e-01
-1.507081681027587494e-01 3.044320761630457950e-01
-1.185792042274031455e-01 3.173884201738265132e-01
-8.538909561676744087e-02 3.269489455688209811e-01
-5.149759057965593023e-02 3.330339224521708386e-01
-1.726939463129948879e-02 3.356018502280165294e-01
1.692990734309999731e-02 3.346496030012403589e-01
5.073790212341949130e-02 3.302121381320788918e-01
8.379932537306637730e-02 3.223617755756686964e-01
1.157699193894232287e-01 3.112070607215421392e-01
1.463201276509182580e-01 2.968912283219795611e-01
1.751385848635241271e-01 2.795902897017157329e-01
2.019353641330706717e-01 2.595107697187054030e-01
2.264449462560044202e-01 2.368871238452706918e-01
2.484288798819869748e-01 2.119788692152699550e-01
2.676781054041630914e-01 1.850674664963627425e-01
2.840149198202719938e-01 1.564529919639363886e-01
2.972945644201570592e-01 1.264506411487233140e-01
3.074064219304961654e-01 9.538710688470782018e-02
3.142748146221970851e-01 6.359687548612306951e-02
3.178593997958411022e-01 3.141848512819678946e-02
3.181551639421362765e-01 -8.092097007359905789e-04
3.151920216651303286e-01 -3.275072455730927007e-02
3.090340314464848359e-01 -6.407754075906288427e-02
2.997782391498547416e-01 -9.447156980747940802e-02
2.875531716643577318e-01 -1.236284479104223649e-01
2.725170065194121305e-01 -1.512606272231569182e-01
2.548554399458967112e-01 -1.771002308227174193e-01
2.347792845737014800e-01 -2.009016428225876005e-01
2.125218292287351929e-01 -2.224438086491084265e-01
1.883359955123857232e-01 -2.415322244436110266e-01
1.624913275905509602e-01 -2.580005986814800645e-01
1.352708528742231908e-01 -2.717121733540183715e-01
1.069678520325992310e-01 -2.825606963832615892e-01
7.788257704302802009e-02 -2.904710412760823091e-01
4.831895575670490384e-02 -2.953994743152623115e-01
1.858132075830444194e-02 -2.973335737766664155e-01
-1.102880085869320168e-02 -2.962918097006473905e-01
-4.021580176597377987e-02 -2.923227965829407471e-01
-6.869297967496768020e-02 -2.855042349399554147e-01
-9.618536291369000901e-02 -2.759415610042804667e-01
-1.224323482821276787e-01 -2.637663267820488655e-01
-1.471901261180722231e-01 -2.491343353234257707e-01
-1.702338706957279846e-01 -2.322235582954804978e-01
-1.913596774563545710e-01 -2.132318647834595682e-01
-2.103862320839067213e-01 -1.923745916684652113e-01
-2.271562000387166713e-01 -1.698819869292940432e-01
-2.415373287984096951e-01 -1.459965577923269253e-01
-2.534232600615617392e-01 -1.209703556736691221e-01
-2.627340471018754786e-01 -9.506222953314562296e-02
-2.694163830096250045e-01 -6.853508014083538324e-02
-2.734435489004142239e-01 -4.165314417593302121e-02
-2.748150871455777855e-01 -1.467933707174575754e-02
-2.735562131940693642e-01 1.212731809979950871e-02
-2.697169808070145613e-01 3.851415054232021351e-02
-2.633712178716560715e-01 6.423716749555577477e-02
-2.546152520006135234e-01 8.906322530750745980e-02
-2.435664468383960113e-01 1.127720278678588373e-01
-2.303615713783501440e-01 1.351579371623256309e-01
-2.151550256334026912e-01 1.560315835006232388e-01
-1.981169467020020558e-01 1.752212658048288019e-01
-1.794312196306109553e-01 1.925741351788437805e-01
-1.592934175049007806e-01 2.079571577736630816e-01
-1.379086949169983090e-01 2.212578556795075091e-01
-1.154896583735654236e-01 2.323848271793927944e-01
-9.225423635084760432e-02 2.412680501572565250e-01
-6.842357059320458568e-02 2.478589747386619746e-01
-4.421994891903358732e-02 2.521304133284604232e-01
-1.986479827277756044e-02 2.540762380768318285e-01
4.423244923962238971e-03 2.537108974363500025e-01
2.843017188194547906e-02 2.510687648560571139e-01
5.194833268000617621e-02 2.462033337864322213e-01
7.477805025737228883e-02 2.391862740384714803e-01
9.672910910682704089e-02 2.301063652480592747e-01
1.176221073128145278e-01 2.190683225733230932e-01
1.372896689543592619e-01 2.061915324642134562e-01
1.555775162189527994e-01 1.916087138152261227e-01
1.723453954284227818e-01 1.754645196144419550e-01
1.874678581304455305e-01 1.579140946518577115e-01
2.008348986734286301e-01 1.391216037793710780e-01
2.123524510625073303e-01 1.192587443792960528e-01
2.219427491081299719e-01 9.850325574100932124e-02
2.295445549168289578e-01 7.703743699275031331e-02
2.351132616308076462e-01 5.504668411468618960e-02
2.386208769972111010e-01 3.271805539702892646e-02
2.400558948414265314e-01 1.023887352962848420e-02
2.394230618370459807e-01 -1.220462865760082137e-02
2.367430471171623196e-01 -3.442861291700462928e-02
2.320520222694451018e-01 -5.625288595875780479e-02
2.254011591157062400e-01 -7.750209167145233335e-02
2.168560524125236477e-01 -9.800684228816577970e-02
2.064960742420189899e-01 -1.176047864005218130e-01
1.944136664116815350e-01 -1.361416124077471368e-01
1.807135766708300173e-01 -1.534719865470284828e-01
1.655120440011418337e-01 -1.694604250813150637e-01
1.489359376719592010e-01 -1.839821005202230686e-01
1.311218541897396783e-01 -1.969235819213557837e-01
1.122151757361228158e-01 -2.081835093688686467e-01
9.236909200605897263e-02 -2.176732029229845600e-01
7.174359162279572710e-02 -2.253172045776961063e-01
5.050442343726399552e-02 -2.310537547262118130e-01
2.882202704450759906e-02 -2.348352021505817344e-01
6.870438042098562029e-03 -2.366283453911771917e-01
-1.517383116947275401e-02 -2.364147045119668056e-01
-3.713293305349082279e-02 -2.341907213396011711e-01
-5.882884687769632248e-02 -2.299678858397174452e-01
-8.008455841703519817e-02 -2.237727859090951066e-01
-1.007252544761663843e-01 -2.156470775281460195e-01
-1.205795287557747397e-01 -2.056473719546644263e-01
-1.394805949611839235e-01 -1.938450364653876434e-01
-1.572675023484898793e-01 -1.803259050835888666e-01
-1.737863481391967724e-01 -1.651898957833025650e-01
-1.888914804281464910e-01 -1.485505308460486618e-01
-2.024466843822900486e-01 -1.305343573733865059e-01
-2.143263437019279627e-01 -1.112802654345277642e-01
-2.244165685148745704e-01 -9.093870195549430546e-02
-2.326162801215554965e-01 -6.967077923439927989e-02
-2.388382423294159729e-01 -4.764727789231168464e-02
-2.430100285318542164e-01 -2.504754513325514742e-02
-2.450749132229757543e-01 -2.058290379112935869e-03
-2.449926763161487109e-01 2.112771834886746636e-02
-2.427403084711526882e-01 4.431305252826978763e-02
-2.383126056488542588e-01 6.729710946215146372e-02
-2.317226402763661319e-01 8.987767938576203541e-02
-2.230021008577946218e-01 1.118525825341282753e-01
-2.122014878387926129e-01 1.330213671317097279e-01
-1.993901535355478427e-01 1.531870558644976565e-01
-1.846561805764719566e-01 1.721579257016090658e-01
-1.681060905212234946e-01 1.897493063448029704e-01
-1.498643767348770139e-01 2.057853807701312820e-01
-1.300728572585119480e-01 2.201009702106246912e-01
-1.088898452587391263e-01 2.325432849887219544e-01
-8.648913663824629727e-02 2.429736218681283477e-01
-6.305881652421722883e-02 2.512689880807184584e-01
-3.879988859501048992e-02 2.573236319159494800e-01
-1.392473352833532851e-02 2.610504597557878337e-01
1.134459477571228038e-02 2.623823197114858452e-01
3.677822416015052998e-02 2.612731325797919557e-01
6.214045696798682628e-02 2.576988516911798976e-01
8.719188489229064143e-02 2.516582343727390980e-01
1.116916080171876102e-01 2.431734091901239792e-01
1.353995380775862012e-01 2.322902248582668361e-01
1.580787640662853488e-01 2.190783687065229746e-01
1.794979566239504887e-01 2.036312448329035407e-01
1.994337861936089640e-01 1.860656045618971355e-01
2.176733287376221293e-01 1.665209245045500275e-01
2.340164319292960260e-01 1.451585303774197422e-01
2.482780141675512420e-01 1.221604677345046880e-01
2.602902676222778044e-01 9.772812354961032955e-02
2.699047402089814751e-01 7.208060744031855038e-02
2.769942678397641633e-01 4.545290144526034637e-02
2.814547283870582617e-01 1.809379207614877569e-02
2.832065949974160168e-01 -9.736397353127569654e-03
2.821962644505438544e-01 -3.776825481672499429e-02
2.783971390673614654e-01 -6.572588546171119483e-02
2.718104429942947431e-01 -9.332965005381117785e-02
2.624657563349957479e-01 -1.202990083866788962e-01
2.504212535383322780e-01 -1.463554379789179238e-01
2.357636356510209863e-01 -1.712253966264121741e-01
2.186077494683321687e-01 -1.946432959755464154e-01
1.990958902264053920e-01 -2.163544522642834311e-01
1.773967882307971589e-01 -2.361179797667573022e-01
1.537042836608169261e-01 -2.537095922917820823e-01
1.282356976784614078e-01 -2.689242783396268988e-01
1.012299118530489150e-01 -2.815788162218514357e-01
7.294517173568727808e-02 -2.915140965971205200e-01
4.365663412887540312e-02 -2.985972214666659519e-01
1.365368114370264091e-02 -3.027233506951135800e-01
-1.676297253064593790e-02 -3.038172695582005978e-01
-4.728434965200443291e-02 -3.018346536448124895e-01
-7.759642549364662023e-02 -2.967630106273007051e-01
-1.073834532994205893e-01 -2.886222819261582417e-01
-1.363313634554625953e-01 -2.774650910926854119e-01
-1.641311972514468698e-01 -2.633766295281878000e-01
-1.904825383558553242e-01 -2.464741757640031283e-01
-2.150969005573305781e-01 -2.269062462810844394e-01
-2.377010295077505997e-01 -2.048513818730871572e-01
-2.580400812078363360e-01 -1.805165788800172644e-01
-2.758806374314783927e-01 -1.541353777130005653e-01
-2.910135204393297648e-01 -1.259656258774127235e-01
-3.032563711876166135e-01 -9.628693691340149685e-02
-3.124559575726048033e-01 -6.539787067896365991e-02
-3.184901820411900064e-01 -3.361286414592844912e-02
-3.212697611136609566e-01 -1.258945310935278422e-03
-3.207395529697212311e-01 3.132773410718450030e-02
-3.168795132015319038e-01 6.380550884999376671e-02
-3.097052630908991855e-01 9.583091263303357421e-02
-2.992682592702263222e-01 1.270624507071997644e-01
-2.856555583230216411e-01 1.571643889597570398e-01
-2.689891747109393605e-01 1.858105153528382125e-01
-2.494250353194762404e-01 2.126878293490302996e-01
-2.271515388308737171e-01 2.375001153788178776e-01
-2.023877329970709127e-01 2.599713573636012187e-01
-1.753811276344081349e-01 2.798489528137212967e-01
-1.464051657328529765e-01 2.969066870590629792e-01
-1.157563794053128592e-01 3.109474307188366815e-01
-8.375126143928214584e-02 3.218055265485539884e-01
-5.072288689930381372e-02 3.293488352809127995e-01
-1.701732342521306701e-02 3.334804137965684534e-01
1.701013187527906576e-02 3.341398042840657556e-01
5.099884444143241297e-02 3.313039153113021551e-01
8.458681632083522861e-02 3.249874821857319240e-01
1.174146989706005562e-01 3.152430993971548356e-01
1.491297971642815412e-01 3.021608219928402228e-01
1.793900170750643008e-01 2.858673382771257376e-01
2.078677120397983968e-01 2.665247214069745296e-01
2.342533805217408838e-01 2.443287725648716213e-01
2.582591723720306098e-01 2.195069733652819655e-01
2.796221616228708462e-01 1.923160699265880902e-01
2.981073467038787839e-01 1.630393155552998241e-01
3.135103421247855127e-01 1.319834031849587141e-01
3.256597292738038218e-01 9.947512253413015593e-02
3.344190379966525128e-01 6.585778034658945623e-02
3.396883349961020149e-01 3.148742500808570516e-02
3.414053997708703658e-01 -3.271080740194861562e-03
3.395464737366051811e-01 -3.804809338267562541e-02
3.341265732781015241e-01 -7.247328156909220442e-02
3.251993627060227876e-01 -1.061797307287289799e-01
3.128565883668172898e-01 -1.388080115152256766e-01
2.972270804142403966e-01 -1.700101646685128476e-01
2.784753339281048623e-01 -1.994535558955374266e-01
2.567996860949597338e-01 -2.268245559577247161e-01
2.324301109827084100e-01 -2.518320032897272132e-01
2.056256590181861632e-01 -2.742104089961948654e-01
1.766715684038083767e-01 -2.937228682368876465e-01
1.458760844380659061e-01 -3.101636432724206860e-01
1.135670266048758592e-01 -3.233603893061961498e-01
8.008814076603443244e-02 -3.331759988262217309e-01
4.579528031916144104e-02 -3.395100437785073533e-01
1.105246109468059797e-02 -3.422998001273486746e-01
-2.377216390301968227e-02 -3.415208443922114756e-01
-5.831036304510059387e-02 -3.371872168904536671e-01
-9.219787087167830020e-02 -3.293511515942731949e-01
-1.250783724782441875e-01 -3.181023776633828404e-01
-1.566073818093579595e-01 -3.035670027770365209e-01
-1.864559696925452981e-01 -2.859059932967990547e-01
-2.143142994947609958e-01 -2.653132709838980086e-01
-2.398949308344163756e-01 -2.420134504143914289e-01
-2.629358547979746552e-01 -2.162592453279603422e-01
-2.832032275498437834e-01 -1.883285758627818440e-01
-3.004937730409357743e-01 -1.585214119258321064e-01
-3.146368296634698414e-01 -1.271563907871249011e-01
-3.254960201122680807e-01 -9.456724933610191619e-02
-3.329705283377802916e-01 -6.109911327361997047e-02
-3.369959722530491142e-01 -2.710468681562699586e-02
-3.375448657240540662e-01 7.059612756311027526e-03
-3.346266682681231508e-01 4.103753115076132219e-02
-3.282874257463987977e-01 7.447681951386800336e-02
-3.186090112962918774e-01 1.070329997227812413e-01
-3.057079756518821800e-01 1.383730116919685837e-01
-2.897340260104854237e-01 1.681787008524111560e-01
-2.708681573759995076e-01 1.961501084457341060e-01
-2.493204578157477980e-01 2.220085305116217267e-01
-2.253276172665779065e-01 2.454993132771708386e-01
-1.991501714850846261e-01 2.663943566022182186e-01
-1.710695153912586142e-01 2.844943009193373062e-01
-1.413847222558498040e-01 2.996303771322436638e-01
-1.104092069086996947e-01 3.116659031474211528e-01
-7.846727238421558059e-02 3.204974150549355638e-01
-4.589058016360506032e-02 3.260554253889173526e-01
-1.301458442064669201e-02 3.283048053293280422e-01
1.982502956565579053e-02 3.272447920983989622e-01
5.229586339016733393e-02 3.229086271030915944e-01
8.407224163354437563e-02 3.153628345268323363e-01
1.148385294671923629e-01 3.047061540303048766e-01
1.442922971381968844e-01 2.910681449364148077e-01
1.721472991216644877e-01 2.746074827069828195e-01
1.981362384640954766e-01 2.555099716311098890e-01
2.220132898716022096e-01 2.339863004053831796e-01
2.435563583763141748e-01 2.102695696673450299e-01
2.625690538962219822e-01 1.846126225247549935e-01
2.788823656394451289e-01 1.572852106887235590e-01
2.923560240440209457e-01 1.285710299592512096e-01
3.028795430774930408e-01 9.876465988088833914e-02
3.103729342968214455e-01 6.816844063004239007e-02
3.147870939083685649e-01 3.708932397086419502e-02
3.161038686798591235e-01 5.835732201875529039e-03
3.143358029496936545e-01 -2.528554315364888241e-02
3.095255775785280550e-01 -5.597237042061108808e-02
3.017451536145347446e-01 -8.593020438698006913e-02
2.910946363550224736e-01 -1.148748821759144473e-01
2.777008781259674430e-01 -1.425352622998115049e-01
2.617158404430429131e-01 -1.686556832665361272e-01
2.433147382432766792e-01 -1.929982207510914094e-01
2.226939905707792655e-01 -2.153447251463469492e-01
