5.000000000000000000e-01 0.000000000000000000e+00
4.972975260684768251e-01 -5.170944797438797175e-02
4.892203566976446871e-01 -1.028505744117289150e-01
4.758588965296289830e-01 -1.528615467900560909e-01
4.573626482448389097e-01 -2.011934334692381254e-01
4.339384698631895687e-01 -2.473164616928336113e-01
4.058481647812350324e-01 -2.907260473260095401e-01
3.734054339084389440e-01 -3.309485246878976494e-01
3.369722270092957439e-01 -3.675465085739857418e-01
2.969545376287340832e-01 -4.001238251435230153e-01
2.537976926841032932e-01 -4.283299537088489650e-01
2.079811938634785473e-01 -4.518639275383193321e-01
1.600131733010545509e-01 -4.704776484931940672e-01
1.104245305840501762e-01 -4.839785775643558607e-01
5.976282167065684325e-02 -4.922317711429851639e-01
8.585973272863018854e-03 -4.951612408082211036e-01
-4.254410179733202763e-02 -4.927506227892542445e-01
-9.306791215439563780e-02 -4.850431517591977659e-01
-1.424347419203705611e-01 -4.721409420427488124e-01
-1.901088760600885830e-01 -4.542035877537859978e-01
-2.355756235801521603e-01 -4.314461016127566495e-01
-2.783470680166582056e-01 -4.041362201422705747e-01
-3.179674783167889540e-01 -3.725911105027592818e-01
-3.540183177130254433e-01 -3.371735213139213649e-01
-3.861227934341411316e-01 -2.982874263242220603e-01
-4.139498960231102753e-01 -2.563732156600879719e-01
-4.372178835589662360e-01 -2.119024945376954683e-01
-4.556971731204306764e-01 -1.653725536922040495e-01
-4.692126092906086510e-01 -1.173005793213442172e-01
-4.776450872861375818e-01 -6.821767301297089470e-02
-4.809325162992529323e-01 -1.866275390172626378e-02
-4.790701167635155189e-01 3.082358383760694029e-02
-4.721100533888769046e-01 7.970518510698704207e-02
-4.601604138554310497e-01 1.274563475224678444e-01
-4.433835509057248436e-01 1.735676643344147008e-01
-4.219938131343652366e-01 2.175516291025441085e-01
-3.962546969469902813e-01 2.589479381223780963e-01
-3.664754588605174113e-01 2.973284308867404357e-01
-3.330072335608737499e-01 3.323016137476637044e-01
-2.962387083065857740e-01 3.635167180250702401e-01
-2.565914093996760625e-01 3.906672493166310489e-01
-2.145146607622580026e-01 4.134939915216978013e-01
-1.704802773718421816e-01 4.317874366305292089e-01
-1.249770591310460921e-01 4.453896181503194107e-01
-7.850515229739968293e-02 4.541953336437183353e-01
-3.157034636712715420e-02 4.581527494237220832e-01
1.532162577966393949e-02 4.572633880072183854e-01
6.167071759406335396e-02 4.515815063814697661e-01
1.069880633042493701e-01 4.412128803893557438e-01
1.508012744979434772e-01 4.263130175000867661e-01
1.926594795254150394e-01 4.070848268171239903e-01
2.321380503757390634e-01 3.837757813050952649e-01
2.688429662772837125e-01 3.566746128205720012e-01
3.024147684328539754e-01 3.261075855435895399e-01
3.325320659457451922e-01 2.924343977724677135e-01
3.589145590450293355e-01 2.560437657178313842e-01
3.813255520924249131e-01 2.173487458766565350e-01
3.995739354618266237e-01 1.767818547577837685e-01
4.135156221370375196e-01 1.347900461511545023e-01
4.230544316839697228e-01 9.182960677902768376e-02
4.281424210318610091e-01 4.836103104397782709e-02
4.287796681570830160e-01 4.843934711062463511e-03
4.250135212192343026e-01 -3.826793424456392811e-02
4.169373318937663608e-01 -8.053153141560251416e-02
4.046886975039289958e-01 -1.215191462306570297e-01
3.884472416088551316e-01 -1.608227767359277083e-01
3.684319681194400120e-01 -1.980582029540598477e-01
3.448982281473892963e-01 -2.328687189119930390e-01
3.181343425351849108e-01 -2.649284872767549981e-01
2.884579262159676083e-01 -2.939454861270118236e-01
2.562119630652081037e-01 -3.196640229601748762e-01
2.217606817526648344e-01 -3.418667967868820323e-01
1.854852842749354358e-01 -3.603764950176522319e-01
1.477795793466136209e-01 -3.750569177218159300e-01
1.090455726615365689e-01 -3.858136276592239455e-01
6.968906522347502464e-02 -3.925941301760860758e-01
3.011530951487740443e-02 -3.953875925463965491e-01
-9.275228742304453960e-03 -3.942241175630655237e-01
-4.809095803619363452e-02 -3.891735910766472850e-01
-8.595305557763635584e-02 -3.803441276890406897e-01
-1.224991302185989561e-01 -3.678801428860269951e-01
-1.573866189903663226e-01 -3.519600834945081358e-01
-1.902958866661386972e-01 -3.327938514439879869e-01
-2.209330021974205138e-01 -3.106199583713038503e-01
-2.490321705059871660e-01 -2.857024506151089605e-01
-2.743578028658212320e-01 -2.583276455925492820e-01
-2.967062139150992151e-01 -2.288007214335190942e-01
-3.159069381311916391e-01 -1.974422020742776784e-01
-3.318236630585165159e-01 -1.645843802285004986e-01
-3.443547823941107144e-01 -1.305677182968570105e-01
-3.534335744542788649e-01 -9.573726777119798137e-02
-3.590280164020695497e-01 -6.043914657907781957e-02
-3.611402496234118464e-01 -2.501710932838459300e-02
-3.598057139118941428e-01 1.019075544580916315e-02
-3.550919716095986001e-01 4.485517010475606470e-02
-3.470972455931875533e-01 7.865862695819021699e-02
-3.359486973160841772e-01 1.112981370111219975e-01
-3.218004730043117489e-01 1.424877473461486077e-01
-3.048315475475331660e-01 1.719608096689547172e-01
-2.852433966270901400e-01 1.994719861885290157e-01
-2.632575281850577098e-01 2.247989826509170230e-01
-2.391129044745394783e-01 2.477440019444906716e-01
-2.130632856596351710e-01 2.681349151969487088e-01
-1.853745252771865359e-01 2.858261506442232314e-01
-1.563218468599857636e-01 3.006993037278923864e-01
-1.261871296853202817e-01 3.126634748338747993e-01
-9.525622998992305801e-02 3.216553437894577039e-01
-6.381636212189036039e-02 3.276389926617602755e-01
-3.215356202340801522e-02 3.306054905278720812e-01
-5.502531981103309881e-04 3.305722557001830597e-01
3.071706704284758727e-02 3.275822123806901853e-01
6.138000569790846850e-02 3.217027598819546808e-01
9.118030366689956756e-02 3.130245733920750673e-01
1.198717056556993649e-01 3.016602562167484125e-01
1.472216647992588001e-01 2.877428622400141633e-01
1.730128744045495992e-01 2.714243082613775893e-01
1.970446220592976805e-01 2.528736969624078568e-01
2.191339670601865908e-01 2.322755680965381819e-01
2.391167408652299931e-01 2.098280961239461784e-01
2.568483728003742583e-01 1.857412512858570008e-01
2.722045447586856071e-01 1.602349399964689836e-01
2.850816799224131226e-01 1.335371391987347500e-01
2.953972716077830074e-01 1.058820380162888430e-01
3.030900591783740050e-01 7.750819867155678278e-02
3.081200585988163043e-01 4.865674726226529995e-02
3.104684556142593976e-01 1.956960362649332735e-02
3.101373697546209729e-01 -9.512241790723114862e-03
3.071494973918807991e-01 -3.835039740174544382e-02
3.015476419427891575e-01 -6.671068075449844426e-02
2.933941390303028141e-01 -9.436466514230271163e-02
2.827701840191494398e-01 -1.210911589665208954e-01
2.697750688501777683e-01 -1.466776150323897687e-01
2.545253345417374802e-01 -1.709214675653928095e-01
2.371538451319280538e-01 -1.936313951863625205e-01
2.178087882307320200e-01 -2.146285083785350045e-01
1.966526067627107910e-01 -2.337474601235431937e-01
1.738608659346730645e-01 -2.508374783843544953e-01
1.496210589823107340e-01 -2.657633189837342313e-01
1.241313561687243938e-01 -2.784061373447908605e-01
9.759929586508678256e-02 -2.886642771560121168e-01
7.024042316908553352e-02 -2.964539723334038146e-01
4.227688144681811949e-02 -3.017099606100217546e-01
1.393595554422451602e-02 -3.043860051478548545e-01
-1.455142898034018917e-02 -3.044553201445496238e-01
-4.295224716752987781e-02 -3.019108960722863277e-01
-7.103295253805452791e-02 -2.967657197743916453e-01
-9.856108689681876422e-02 -2.890528843121811242e-01
-1.253069166210521723e-01 -2.788255832242910737e-01
-1.510450890963170312e-01 -2.661569837557147267e-01
-1.755563019822199422e-01 -2.511399736537808791e-01
-1.986289769450191867e-01 -2.338867763303733582e-01
-2.200609284122224119e-01 -2.145284295673954567e-01
-2.396610168119800433e-01 -1.932141235057313611e-01
-2.572507746865071998e-01 -1.701103944126169387e-01
-2.726659930438552482e-01 -1.454001716700367985e-01
-2.857582543665213581e-01 -1.192816765647374821e-01
-2.963963978588781134e-01 -9.196717278147288621e-02
-3.044679018176841279e-01 -6.368156999350600700e-02
-3.098801674790704341e-01 -3.466088359218143233e-02
-3.125616883574039995e-01 -5.150555380411005017e-03
-3.124630889698031821e-01 2.459635805085028451e-02
-3.095580169551050420e-01 5.432112056617408730e-02
-3.038438729644963865e-01 8.376136462144351258e-02
-2.953423651729700228e-01 1.126532390888003027e-01
-2.840998689580890857e-01 1.407336440699906432e-01
-2.701875819683357549e-01 1.677425329706880852e-01
-2.537014673864380065e-01 1.934252635030062895e-01
-2.347619701830989669e-01 2.175349788722420463e-01
-2.135135003526526243e-01 2.398349962828785764e-01
-1.901236776537560957e-01 2.601011793205238454e-01
-1.647823348290317069e-01 2.781242696071250520e-01
-1.377002789213779832e-01 2.937121522359506520e-01
-1.091078131105564508e-01 3.066920288993011390e-01
-7.925302442666903868e-02 3.169124723508108810e-01
-4.839984571871633334e-02 3.242453359163753879e-01
-1.682590332499159236e-02 3.285874921992317788e-01
1.517983503641079715e-02 3.298623759264638911e-01
4.731959461001293554e-02 3.280213070615597415e-01
7.928948969239479894e-02 3.230445718602515948e-01
1.107823581807895058e-01 3.149422414684028837e-01
1.414907086748019849e-01 3.037547099388664407e-01
1.711097518365335413e-01 2.895529361607341312e-01
1.993404855989056590e-01 2.724383771251032149e-01
2.258928020107422996e-01 2.525426031666290760e-01
2.504885820578257039e-01 2.300265892846429239e-01
2.728647437352650917e-01 2.050796803215005348e-01
2.927762079969539744e-01 1.779182316146966925e-01
3.099987469962164344e-01 1.487839306948964546e-01
3.243316814322985131e-01 1.179418109059016395e-01
3.356003864168893291e-01 8.567796571218307122e-02
3.436585751749570150e-01 5.229698630027745931e-02
3.483903343013451948e-01 1.811914522854855825e-02
3.497118746087107821e-01 -1.652265303550414996e-02
3.475729722772669117e-01 -5.128612421982881031e-02
3.419580761807479163e-01 -8.582302700027649722e-02
3.328870606454220615e-01 -1.197827214775112337e-01
3.204156066413242909e-01 -1.528158258935103930e-01
3.046351984658550172e-01 -1.845779319537769469e-01
2.856727273126209443e-01 -2.147333374244799475e-01
2.636896976711323726e-01 -2.429587534631411361e-01
2.388810372196562004e-01 -2.689469434452984586e-01
2.114735156946060679e-01 -2.924102498892890423e-01
1.817237830830046863e-01 -3.130839664713443438e-01
1.499160423256006291e-01 -3.307295130706131014e-01
1.163593764719660639e-01 -3.451373732879493561e-01
8.138475483009845191e-02 -3.561297559349680397e-01
4.534174703729183797e-02 -3.635629445748874145e-01
8.594978083747152955e-03 -3.673293022902646698e-01
-2.847963891433159117e-02 -3.673589024236631473e-01
-6.549885202580793542e-02 -3.636207600472124435e-01
-1.020761588113768686e-01 -3.561236433208930241e-01
-1.378259881094134331e-01 -3.449164486459828649e-01
-1.723679278906649071e-01 -3.300881285527226261e-01
-2.053309526092801096e-01 -3.117671688145504105e-01
-2.363575950683451665e-01 -2.901206064636223103e-01
-2.651080148212953125e-01 -2.653526008289464055e-01
-2.912639202768347313e-01 -2.377025716513951614e-01
-3.145322904823779631e-01 -2.074429129134204297e-01
-3.346488520129984323e-01 -1.748763065622946922e-01
-3.513812671489893735e-01 -1.403326627403259641e-01
-3.645319924726111438e-01 -1.041657180194927729e-01
-3.739407705151613359e-01 -6.674932768804590910e-02
-3.794867211003962737e-01 -2.847349228933186011e-02
-3.810900035133981123e-01 1.025983769044350874e-02
-3.787130255223065123e-01 4.904113190197287309e-02
-3.723611805348143733e-01 8.745777526652631639e-02
-3.620830997175237265e-01 1.250986364167915588e-01
-3.479704116751597964e-01 1.615586562944108795e-01
-3.301570082056158317e-01 1.964434030039385604e-01
-3.088178206405318149e-01 2.293735389429611693e-01
-2.841671172726507044e-01 2.599891468250947746e-01
-2.564563382829431748e-01 2.879538624846701977e-01
-2.259714903353251259e-01 3.129587642882961096e-01
-1.930301285290554336e-01 3.347259715593841056e-01
-1.579779586154939075e-01 3.530119076186552518e-01
-1.211850972272770638e-01 3.676101868197537148e-01
-8.304203226909771807e-02 3.783540892695939073e-01
-4.395532952056732667e-02 3.851185917157891048e-01
-4.343133023474448837e-03 3.878219316198355804e-01
3.536948457134422852e-02 3.864266727973983961e-01
7.475526718723971009e-02 3.809402663964788216e-01
1.133895665864333158e-01 3.714151042637895417e-01
1.508551184244892318e-01 3.579480516025366210e-01
1.867467476483326283e-01 3.406794662654455408e-01
2.206759473936664717e-01 3.197917146358699725e-01
2.522752768937165935e-01 2.955072001983658492e-01
2.812025259522135667e-01 2.680859268667774020e-01
3.071445962351654346e-01 2.378226248455337921e-01
3.298210529653005652e-01 2.050434721746139111e-01
3.489873045187181777e-01 1.701024500808194229e-01
3.644373718761704795e-01 1.333773747631120943e-01
3.760062148152245598e-01 9.526565221935839878e-02
3.835715870816733819e-01 5.617980612428091769e-02
3.870553984807572623e-01 1.654283154966531069e-02
3.864245678081803526e-01 -2.321657055800668834e-02
3.816913567210432623e-01 -6.266882178764075773e-02
3.729131809505363826e-01 -1.013883004695301654e-01
3.601919016008462981e-01 -1.389581245603514759e-01
3.436726055810472857e-01 -1.749748267766624288e-01
3.235418903982210659e-01 -2.090528669347758162e-01
3.000256745218152221e-01 -2.408289285263849333e-01
2.733865602351959745e-01 -2.699659492862215293e-01
2.439207812481549442e-01 -2.961568388540629648e-01
2.119547711008143431e-01 -3.191278447837814780e-01
1.778413957061782957e-01 -3.386415150095537507e-01
1.419558982223466381e-01 -3.544992328229041312e-01
1.046915996817943673e-01 -3.665433042863440738e-01
6.645540975541723572e-02 -3.746585622468997512e-01
2.766320118076214321e-02 -3.787734745597304831e-01
-1.126489699226290025e-02 -3.788607458211652457e-01
-4.990923148204021165e-02 -3.749374080917658447e-01
-8.785532632106776707e-02 -3.670644022946409901e-01
-1.246984986948194707e-01 -3.553456581228686684e-01
-1.600483352717954888e-01 -3.399266863043834963e-01
-1.935329772527810410e-01 -3.209927028771305535e-01
-2.248031650265807646e-01 -2.987663106489565346e-01
-2.535359965698990581e-01 -2.735047681870868552e-01
-2.794383575248759466e-01 -2.454968814376620179e-01
-3.022499851765416690e-01 -2.150595573591124188e-01
-3.217461332755078285e-01 -1.825340627132013283e-01
-3.377398097447599778e-01 -1.482820343506671412e-01
-3.500835647052793487e-01 -1.126812899186636491e-01
-3.586708118818600077e-01 -7.612148987693252711e-02
-3.634366722339709144e-01 -3.899970301968396641e-02
-3.643583345215192781e-01 -1.715928350026297471e-03
-3.614549333862382419e-01 3.533137385823537785e-02
-3.547869513311642242e-01 7.174968964353316270e-02
-3.444551566399569054e-01 1.071567467226082204e-01
-3.305990944054773006e-01 1.411846536461155155e-01
-3.133951520307896033e-01 1.734838211788172213e-01
-2.930542318054332740e-01 2.037266325904916742e-01
-2.698190582660851544e-01 2.316108334299051830e-01
-2.439611561039804200e-01 2.568625897862079621e-01
-2.157775387355114760e-01 2.792391884920041867e-01
-1.855871498175298839e-01 2.985313525425362657e-01
-1.537271023644157797e-01 3.145651499894001057e-01
-1.205487619124960691e-01 3.272034797487039515e-01
-8.641372136454777975e-02 3.363471230734760287e-01
-5.168971572668192016e-02 3.419353548085970473e-01
-1.674652492377049634e-02 3.439461139039909909e-01
1.804808774239050409e-02 3.423957379398829826e-01
5.233235512821010627e-02 3.373382715503128182e-01
8.575435916626160393e-02 3.288643635544881150e-01
1.179757148305384806e-01 3.170997722604446678e-01
1.486750455715661612e-01 3.022035027368726867e-01
1.775512138411758922e-01 2.843656038071429859e-01
2.043262739140837836e-01 2.638046560605631363e-01
2.287481181374731998e-01 2.407649852621541742e-01
2.505927919436714002e-01 2.155136381428594261e-01
2.696664573852284308e-01 1.883371596432863726e-01
2.858069895349034106e-01 1.595382122492416677e-01
2.988851947730192249e-01 1.294320790872274807e-01
3.088056446990652404e-01 9.834309294082133057e-02
3.155071247846967242e-01 6.660102786736041280e-02
3.189626962095284401e-01 3.453751114754635004e-02
3.191793860518527537e-01 2.482486221360745600e-03
3.161975152024176783e-01 -2.923924662359360729e-02
3.100896764476145373e-01 -6.031135835722143540e-02
3.009593840535518261e-01 -9.042915866029645200e-02
2.889394176913751555e-01 -1.193025708708362886e-01
2.741898865542861663e-01 -1.466588856413892639e-01
2.568960421272726835e-01 -1.722452678715019336e-01
2.372658702584072299e-01 -1.958309950485052631e-01
2.155274949288531749e-01 -2.172094088686473412e-01
1.919264274170394968e-01 -2.361995658661013298e-01
1.667226953968239667e-01 -2.526475766959128677e-01
1.401878869021985496e-01 -2.664276276455525561e-01
1.126021440406600460e-01 -2.774426818367767278e-01
8.425114085808962927e-02 -2.856248613754139853e-01
5.542307886966592323e-02 -2.909355153645991066e-01
2.640573249885065643e-02 -2.933649821733262386e-01
-2.516424960721516408e-03 -2.929320576072731441e-01
-3.106498619408380041e-02 -2.896831836272675820e-01
-5.897023909099580186e-02 -2.836913749718497080e-01
-8.597363639327955387e-02 -2.750549034384747737e-01
-1.118300844880114053e-01 -2.638957616426113595e-01
-1.363100329113855480e-01 -2.503579297903155698e-01
-1.592013490840461509e-01 -2.346054703582848566e-01
-1.803109676161473163e-01 -2.168204708482481535e-01
-1.994662967528764708e-01 -1.972008776571562427e-01
-2.165163857671895953e-01 -1.759582387598123132e-01
-2.313328497299722286e-01 -1.533153683482589291e-01
-2.438105444701030855e-01 -1.295039768696725768e-01
-2.538679970186482615e-01 -1.047622869265922435e-01
-2.614475964343819236e-01 -7.933265971907664527e-02
-2.665155523270921201e-01 -5.345925547175311987e-02
-2.690616306023382864e-01 -2.738574982473188785e-02
-2.690986779264937234e-01 -1.353126507658965715e-03
-2.666619481384748247e-01 2.440243520600918897e-02
-2.618082453034210610e-01 4.965156171795139656e-02
-2.546148993071782884e-01 7.417356049490124448e-02
-2.451785908265691205e-01 9.775815723104151755e-02
-2.336140431812783191e-01 1.202070845139605465e-01
-2.200525989849544117e-01 1.413355138483563533e-01
-2.046406996759259356e-01 1.609733249777279274e-01
-1.875382859353135201e-01 1.789662084649333851e-01
-1.689171367090218090e-01 1.951765994219746281e-01
-1.489591640595600286e-01 2.094844420948512864e-01
-1.278546804055871178e-01 2.217877866912045803e-01
-1.058006538850229383e-01 2.320032213705529311e-01
-8.299896662634032030e-02 2.400661436865785814e-01
-5.965468965788084388e-02 2.459308769691850305e-01
-3.597438705265156716e-02 2.495706381555832520e-01
-1.216445777924143185e-02 2.509773586222650565e-01
1.157046298316980436e-02 2.501613822559686229e-01
3.502904656956395968e-02 2.471510413645231774e-01
5.801475203887301174e-02 2.419921046822925970e-01
8.033722897221172443e-02 2.347471235647081989e-01
1.018136404571765435e-01 2.254946804163140139e-01
1.222699017307092434e-01 2.143285483311925810e-01
1.415418308874672737e-01 2.013567707345202684e-01
1.594762088978843861e-01 1.867006695355810653e-01
1.759317469130310674e-01 1.704937899550024172e-01
1.907799594579374647e-01 1.528807897918334768e-01
2.039059426302007039e-01 1.340162804688301568e-01
2.152090568283967498e-01 1.140636267559358291e-01
2.246035138398017050e-01 9.319371164053193157e-02
2.320188683265912710e-01 7.158367240535805365e-02
2.374004138738005920e-01 4.941561360620424365e-02
2.407094838127707137e-01 2.687530232472429975e-02
2.419236570242280226e-01 4.150850817942842996e-03
2.410368688706145124e-01 -1.856860849629187252e-02
2.380594273239155789e-01 -4.109425088367027468e-02
2.330179342597450409e-01 -6.323888515794399978e-02
2.259551117977977863e-01 -8.481827269978706174e-02
2.169295334997142222e-01 -1.056524346297100375e-01
2.060152602040593028e-01 -1.255669419271638609e-01
1.933013802996238484e-01 -1.443941830150558270e-01
1.788914501872325147e-01 -1.619745973314419274e-01
1.629028501002443008e-01 -1.781578839857299035e-01
1.454660409312105995e-01 -1.928041726521604604e-01
1.267237178018449095e-01 -2.057851345597597192e-01
1.068298753787768479e-01 -2.169850425891696466e-01
8.594878132565861306e-02 -2.263017680659697717e-01
6.425386022848608714e-02 -2.336477061260726629e-01
4.192649109047501960e-02 -2.389506212472542190e-01
1.915472234567732954e-02 -2.421544043377148459e-01
-3.868090722432412313e-03 -2.432197326652452141e-01
-2.694472026183570429e-02 -2.421246239153399815e-01
-4.987556486962600039e-02 -2.388648757981641502e-01
-7.246020527568657055e-02 -2.334543828952988231e-01
-9.449900749155717983e-02 -2.259253228581047379e-01
-1.157947630922628313e-01 -2.163282046480970444e-01
-1.361543551882699599e-01 -2.047317722508580351e-01
-1.553904375780132963e-01 -1.912227582005450177e-01
-1.733231135722798077e-01 -1.759054823205865592e-01
-1.897816000739700470e-01 -1.589012923129737298e-01
-2.046058617038746807e-01 -1.403478442055531572e-01
-2.176481991078185185e-01 -1.203982221824857063e-01
-2.287747750843071026e-01 -9.921989896287133903e-02
-2.378670618544319049e-01 -7.699353963866885364e-02
-2.448231926749186160e-01 -5.391165371479689217e-02
-2.495592010859574161e-01 -3.017710198838725183e-02
-2.520101260353986850e-01 -6.001472139034579739e-03
-2.521309856876525202e-01 1.839668007786645840e-02
-2.498975882328917653e-01 4.279370746282618043e-02
-2.453071578279339693e-01 6.696283631481141085e-02
-2.383787804525971943e-01 9.067621861601928013e-02
-2.291536520110589170e-01 1.137070496882037346e-01
-2.176951191308917899e-01 1.358317320166256559e-01
-2.040885050403009604e-01 1.568320645736748786e-01
-1.884407150222912608e-01 1.764974358094762719e-01
-1.708796182314993861e-01 1.946269975373037531e-01
-1.515532050902027583e-01 2.110317962509223322e-01
-1.306285220263549707e-01 2.255368379896468545e-01
-1.082903879473662151e-01 2.379830627322339076e-01
-8.473989952529770164e-02 2.482292044662693931e-01
-6.019273506676521557e-02 2.561535135550225828e-01
-3.487726941726660562e-02 2.616553188140535724e-01
-9.032514967069775122e-03 2.646564078159260869e-01
1.709409365395866617e-02 2.651022053593035110e-01
4.324905122010547220e-02 2.629627317599057545e-01
6.917524770688723845e-02 2.582333246319922226e-01
9.461452405153659984e-02 2.509351101123256100e-01
1.193102919242912674e-01 2.411152120115900299e-01
1.430101900684867255e-01 2.288466901344203830e-01
1.654687485796562108e-01 2.142282019580013519e-01
1.864500316323920159e-01 1.973833849665314055e-01
2.057302220676417992e-01 1.784599648307547415e-01
2.231001397306849321e-01 1.576285821412485022e-01
2.383676453691854213e-01 1.350813463779717005e-01
2.513598898556666517e-01 1.110301423226760786e-01
2.619254015276526459e-01 8.570468995014043911e-02
2.699359772315410577e-01 5.935037793930262456e-02
2.752883518483161263e-01 3.222589089874004775e-02
2.779056231749490458e-01 4.600653281311483343e-03
2.777384114669738113e-01 -2.324788438122848966e-02
2.747657356904472659e-01 -5.103708890101359835e-02
2.689955915557047939e-01 -7.848208740095563574e-02
2.604652196769778327e-01 -1.052987779564787951e-01
2.492410556829793011e-01 -1.312068746511448614e-01
2.354183577523767390e-01 -1.559329527829301509e-01
2.191205108200321716e-01 -1.792134593653018360e-01
2.004980105479178543e-01 -2.007976538993213600e-01
1.797271340298396136e-01 -2.204504446592774058e-01
1.570083080514961260e-01 -2.379550864385788778e-01
1.325641895064748332e-01 -2.531157068427035139e-01
1.066374762242896373e-01 -2.657596297838720201e-01
7.948846994919460396e-02 -2.757394668138666849e-01
5.139241647059481638e-02 -2.829349493073424204e-01
2.263665090208345776e-02 -2.872544772528308754e-01
-6.482421205890389303e-03 -2.886363634918556187e-01
-3.566247389372573934e-02 -2.870497556327008537e-01
-6.459849925651153790e-02 -2.824952252249292028e-01
-9.298612286889784695e-02 -2.750050062079115731e-01
-1.205249391388807240e-01 -2.646428747501115564e-01
-1.469218142673169580e-01 -2.515036818337454405e-01
-1.718941427124209276e-01 -2.357125311345777685e-01
-1.951730106072000481e-01 -2.174236105522930618e-01
-2.165062286965289684e-01 -1.968186880245678949e-01
-2.356611985964789380e-01 -1.741052863712520549e-01
-2.524275778737867793e-01 -1.495145558814516829e-01
-2.666197115800561512e-01 -1.232988671237194717e-01
-2.780788004295616234e-01 -9.572914997816138472e-02
-2.866747787517754387e-01 -6.709200811216431415e-02
-2.923078786450734046e-01 -3.768664100531724653e-02
-2.949098603666824303e-01 -7.821608134828217027e-03
-2.944448928716701941e-01 2.218852797403346455e-02
-2.909100725126751441e-01 5.202664147633768998e-02
-2.843355721810192915e-01 8.137652617207073724e-02
-2.747844175552375812e-01 1.099263814602064598e-01
-2.623518915695314813e-01 1.373722608252666844e-01
-2.471645726658138753e-01 1.634214426874705528e-01
-2.293790167922055423e-01 1.877956842323073861e-01
-2.091800974019154546e-01 2.102343201084193314e-01
-1.867790218344856645e-01 2.304971696293012795e-01
-1.624110463735121412e-01 2.483672183135317013e-01
-1.363329159209884511e-01 2.636530422230731197e-01
-1.088200662347278413e-01 2.761909490140702084e-01
-8.016359360508155951e-02 2.858468071066819216e-01
-5.066704660159065954e-02 2.925175362572568494e-01
-2.064309383712620988e-02 2.961322533528973344e-01
9.589920574611592724e-03 2.966530545612606207e-01
3.971148494346718461e-02 2.940754253060569035e-01
6.940245065588536433e-02 2.884282735033191214e-01
9.834854466787656957e-02 2.797735859853128781e-01
1.262438232155836393e-01 2.682057125258666685e-01
1.527940268854189876e-01 2.538502863061954384e-01
1.777197984371185757e-01 2.368627939681536843e-01
2.007597264945104598e-01 2.174268125381464967e-01
2.216731803872192264e-01 1.957519344178894061e-01
2.402429040130805160e-01 1.720714052791734727e-01
2.562773395615521865e-01 1.466395030237961083e-01
2.696126552538406496e-01 1.197286889362090545e-01
2.801144548724716077e-01 9.162656472939006980e-02
2.876791507245650692e-01 6.263267133342956261e-02
2.922349857590058608e-01 3.305516697647058189e-02
2.937426947855373838e-01 3.207423340055826425e-03
2.921957990693871965e-01 -2.659542067708236049e-02
2.876205329432895419e-01 -5.603990778758735636e-02
2.800754054344254951e-01 -8.481767415886590222e-02
2.696504041921732875e-01 -1.126287853959597324e-01
2.564658531702167510e-01 -1.391849589587842717e-01
2.406709488406552910e-01 -1.642126378101943784e-01
2.224419655043207988e-01 -1.874558828179256897e-01
2.019801717281278775e-01 -2.086790432553040642e-01
1.795095032838133486e-01 -2.276691850509038051e-01
1.552739927036972389e-01 -2.442382504842647573e-01
1.295349960220170404e-01 -2.582249258813326676e-01
1.025682500369030636e-01 -2.694961986919226504e-01
7.466079507437860252e-02 -2.779485891580923407e-01
4.610779944032682848e-02 -2.835090457451346913e-01
1.720932249932492428e-02 -2.861354975546747670e-01
-1.173294638324581633e-02 -2.858170610203411566e-01
-4.041893595524888305e-02 -2.825739022491320918e-01
-6.855339176866101503e-02 -2.764567603653144134e-01
-9.584899000089240617e-02 -2.675461410894259262e-01
-1.220293324058570050e-01 -2.559511934959112778e-01
-1.468317902283116649e-01 -2.418082863950942463e-01
-1.700101671089336852e-01 -2.252793040379778844e-01
-1.913371535282373248e-01 -2.065496838090062348e-01
-2.106065481479724166e-01 -1.858262212199844055e-01
-2.276352244691642324e-01 -1.633346698200701386e-01
-2.422648244939408502e-01 -1.393171655693330180e-01
-2.543631645092863658e-01 -1.140295067692480568e-01
-2.638253416590803369e-01 -8.773832179040597090e-02
-2.705745335897673520e-01 -6.071815757887976533e-02
-2.745624870982620869e-01 -3.324852225669258643e-02
-2.757697049150029112e-01 -5.610915925027517431e-03
-2.742053050847692575e-01 2.191412451135475031e-02
-2.699065772923406881e-01 4.904992178275971448e-02
-2.629382671813935701e-01 7.552647010508141412e-02
-2.533915725641803784e-01 1.010831379957325971e-01
-2.413828765356181294e-01 1.254712317757728790e-01
-2.270522359680340052e-01 1.484563945621828751e-01
-2.105616462173005299e-01 1.698208179363085157e-01
-1.920931049241789146e-01 1.893652460682044847e-01
-1.718464995285905184e-01 2.069107548442972733e-01
-1.500373445161078956e-01 2.223002914485174841e-01
-1.268943954767971505e-01 2.353999628451529935e-01
-1.026571677729418708e-01 2.461000646652744261e-01
-7.757338798509126609e-02 2.543158450682417859e-01
-5.189640634075032288e-02 2.599880011969740723e-01
-2.588259803662881428e-02 2.630829088332741206e-01
2.112192424993062376e-04 2.635925887523701272e-01
2.613032521006155781e-02 2.615344160411768315e-01
5.162456905160053844e-02 2.569505812525214039e-01
7.645074990173772456e-02 2.499073146907781762e-01
1.003748835981104065e-01 2.404938873394264209e-01
1.231743354418313730e-01 2.288214039280244416e-01
1.446398007165995148e-01 2.150214053787848911e-01
1.645771168768453419e-01 1.992442993590315958e-01
1.828088935773160006e-01 1.816576388869329539e-01
1.991759584253298410e-01 1.624442725490720385e-01
2.135385821338149082e-01 1.418003755910076658e-01
2.257774916565363221e-01 1.199333999503114506e-01
2.357946889410191538e-01 9.705996449096902789e-02
2.435140452084998131e-01 7.340369731039469992e-02
2.488816795097817391e-01 4.919305648831516498e-02
2.518661238705379168e-01 2.465915043148797850e-02
2.524582793572059392e-01 3.357820743014725316e-05
2.506711692732743191e-01 -2.445369068489046394e-02
2.465394974197521738e-01 -4.857637876773073654e-02
2.401190209102921913e-01 -7.211388816975378147e-02
2.314857484112085584e-01 -9.485319761891189416e-02
2.207349758729937883e-01 -1.165906545779003545e-01
2.079801728294396745e-01 -1.371336497867641779e-01
1.933517331625788926e-01 -1.563021630538522777e-01
1.769956048686633365e-01 -1.739301707374652506e-01
1.590718138171674512e-01 -1.898669069649991936e-01
1.397528967786105247e-01 -2.039779722243406368e-01
1.192222591172139856e-01 -2.161462845155635581e-01
9.767247251227299809e-02 -2.262728697533961109e-01
7.530352790037588007e-02 -2.342774895482801767e-01
5.232105853319377747e-02 -2.400991058541949441e-01
2.893454763730889459e-02 -2.436961832450849352e-01
5.355534658804700365e-03 -2.450468307613751229e-01
-1.820416650834471781e-02 -2.441487863486564158e-01
-4.153423326519017911e-02 -2.410192522447362762e-01
-6.442754756402632732e-02 -2.356945690328275944e-01
-8.668185740194420119e-02 -2.282297526569586066e-01
-1.081013977550436683e-01 -2.186979039383419310e-01
-1.284984355388736899e-01 -2.071894823024797161e-01
-1.476947371065265857e-01 -1.938114572920663081e-01
-1.655229500016705546e-01 -1.786863456918428850e-01
-1.818278914191361340e-01 -1.619511424409138534e-01
-1.964677365378989515e-01 -1.437561537961011549e-01
-2.093151005765232497e-01 -1.242637414460072975e-01
-2.202580090772427723e-01 -1.036469864689388704e-01
-2.292007515514618010e-01 -8.208828218780404862e-02
-2.360646142178104145e-01 -5.977786511013352677e-02
-2.407884881367210461e-01 -3.691229325930531213e-02
-2.433293495969168496e-01 -1.369288131071888341e-02
-2.436626101444407111e-01 9.675897950287051449e-03
-2.417823341700867101e-01 3.298803622923148632e-02
-2.377013224931718849e-01 5.603762665719563829e-02
-2.314510609057852109e-01 7.862050522557674503e-02
-2.230815331794213374e-01 1.005358867745499291e-01
-2.126608985925683426e-01 1.215879854749691708e-01
-2.002750346203190090e-01 1.415876096316451560e-01
-1.860269460416960896e-01 1.603537205313881608e-01
-1.700360423725043590e-01 1.777149449684163607e-01
-1.524372862253863259e-01 1.935110310104848907e-01
-1.333802082996463356e-01 2.075942423397095782e-01
-1.130278136303513592e-01 2.198306596084169673e-01
-9.155537579509077928e-02 2.301013986613400231e-01
-6.914910439883661941e-02 2.383037423872299554e-01
-4.600471461512728455e-02 2.443521566693510616e-01
-2.232590028517502170e-02 2.481791879252522315e-01
1.677280766568773479e-03 2.497362327314502917e-01
2.579009955264709164e-02 2.489941704903996245e-01
4.979491623721812865e-02 2.459438506689454462e-01
7.347299631863886404e-02 2.405964268260954997e-01
9.660637009179572077e-02 2.329835304584547129e-01
1.189797218791869143e-01 2.231572786272268127e-01
1.403822946527479576e-01 2.111901103923512213e-01
1.606097948746099124e-01 1.971744482659080477e-01
1.794662816822162887e-01 1.812221822047572484e-01
1.967660239493601859e-01 1.634639750853427997e-01
2.123353082873002673e-01 1.440483901330077143e-01
2.260141807260758751e-01 1.231408424027702619e-01
2.376581046513409901e-01 1.009223781145604237e-01
2.471395175809820433e-01 7.758828741724022038e-02
2.543492695612489807e-01 5.334655797391005261e-02
2.591979263548455092e-01 2.841617860553218369e-02
2.616169211917538373e-01 3.025304078465985372e-03
2.615595396632591219e-01 -2.259070604976396932e-02
2.590017233635331650e-01 -4.819135982834147486e-02
2.539426728421132484e-01 -7.353320706613436508e-02
2.464052540357286603e-01 -9.837207336914555178e-02
2.364361938349969494e-01 -1.224653554353699880e-01
2.241060381865026541e-01 -1.455743671633620007e-01
2.095088841952173486e-01 -1.674666920431557848e-01
1.927618776156078961e-01 -1.879185269726717233e-01
1.740044740648319377e-01 -2.067169937534684143e-01
1.533974647446680328e-01 -2.236623940163391389e-01
1.311217700061574620e-01 -2.385703830841236772e-01
1.073770067038489345e-01 -2.512740383111929932e-01
8.237983793436730318e-02 -2.616257977581116778e-01
5.636211640425417557e-02 -2.694992456742194009e-01
2.956883529077158554e-02 -2.747907221747059037e-01
2.255903011766504079e-03 -2.774207357126288742e-01
-2.531223922853625616e-02 -2.773351584564838768e-01
-5.286513593706745895e-02 -2.745061864824181463e-01
-8.012894854972782421e-02 -2.689330487647048074e-01
-1.068291741093096991e-01 -2.606424512821637340e-01
-1.326934244433641552e-01 -2.496887451311591843e-01
-1.574542374488325791e-01 -2.361538103229982033e-01
-1.808518909514056361e-01 -2.201466499165944113e-01
-2.026371887869600208e-01 -2.018026922643121057e-01
-2.225741882705838393e-01 -1.812828023950029954e-01
-2.404428380922239983e-01 -1.587720068857427780e-01
-2.560414959191438244e-01 -1.344779399427858402e-01
-2.691892908433132781e-01 -1.086290141313695917e-01
-2.797283125004098037e-01 -8.147235552678143422e-02
-2.875255986752114357e-01 -5.327150038569788276e-02
-2.924748797462031757e-01 -2.430386104741542180e-02
-2.944980689213722580e-01 5.141990840360438283e-03
-2.935464738268515617e-01 3.476920586166766525e-02
-2.896017107295635329e-01 6.427567423969307581e-02
-2.826763057173497518e-01 9.335714803572417453e-02
-2.728139704603591009e-01 1.217104352133505513e-01
-2.600895436998741372e-01 1.490366311484301320e-01
-2.446085933157124970e-01 1.750443520565090061e-01
-2.265066776679776628e-01 1.994529341073744688e-01
-2.059482688476019785e-01 2.219955617188024422e-01
-1.831253444550196563e-01 2.424222886806671196e-01
-1.582556585079821498e-01 2.605029163632533451e-01
-1.315807060076469026e-01 2.760296943109770695e-01
-1.033633995159981417e-01 2.888198100100876631e-01
-7.388547976719887778e-02 2.987176365357295804e-01
-4.344468580151125692e-02 3.055967091136005398e-01
-1.235171332567457612e-02 3.093614043522557311e-01
1.907300707675738116e-02 3.099482989862922810e-01
5.050267767936036933e-02 3.073271883853819775e-01
8.160761087839935035e-02 3.015017487917465155e-01
1.120587777794798678e-01 2.925098312071029438e-01
1.415313885348301881e-01 2.804233790133305315e-01
1.697084607649333998e-01 2.653479577313843651e-01
1.962843412191077885e-01 2.474219234452977867e-01
2.209681428894253730e-01 2.268152157638869681e-01
2.434870447826841255e-01 2.037277701658671281e-01
2.635894231848682767e-01 1.783875890103945316e-01
2.810477754233435266e-01 1.510484811458706611e-01
2.956614005286723468e-01 1.219874926784871444e-01
3.072588036856342408e-01 9.150205534469452173e-02
3.156997942806393231e-01 5.990688253548043241e-02
3.208772506683411629e-01 2.753064629675951516e-02
3.227185284564807466e-01 -5.287528465240790877e-03
3.211864931024084324e-01 -3.820171385217664695e-02
3.162801618803431358e-01 -7.086293214871368373e-02
3.080349447643457306e-01 -1.029229699698318845e-01
2.965224784239687272e-01 -1.340382099785303038e-01
2.818500522907673167e-01 -1.638734362238632447e-01
2.641596304656056438e-01 -1.921055691308216073e-01
2.436264780391354801e-01 -2.184272866894067799e-01
2.204574051307990334e-01 -2.425504894378707754e-01
1.948886465555313419e-01 -2.642095684051772309e-01
1.671833994435571735e-01 -2.831644372541625154e-01
1.376290453109125789e-01 -2.992032924268955285e-01
1.065340869529588091e-01 -3.121450681082649226e-01
7.422483406012543583e-02 -3.218415562577541245e-01
4.104187458854355319e-02 -3.281791657720252720e-01
7.336373306407122097e-03 -3.310802909744069433e-01
-2.653376198859408105e-02 -3.305042971231613169e-01
-6.020780890027306598e-02 -3.264480925388992261e-01
-9.332619929932367553e-02 -3.189462634537374996e-01
-1.255344864719460662e-01 -3.080707934794601477e-01
-1.564872649851660746e-01 -2.939303615510840406e-01
-1.858519980299649654e-01 -2.766692253835543180e-01
-2.133127079920449087e-01 -2.564657023862705887e-01
-2.385734875268374078e-01 -2.335302647523138375e-01
-2.613617904621285959e-01 -2.081032700169661021e-01
-2.814314643936589588e-01 -1.804523527061587806e-01
-2.985654898451362560e-01 -1.508695067157762026e-01
-3.125783942971863683e-01 -1.196678917270855014e-01
-3.233183132073254029e-01 -8.717840022629802510e-02
-3.306686742975919469e-01 -5.374602451685648458e-02
-3.345494858262945681e-01 -1.972606545662381264e-02
-3.349182142300519693e-01 1.451977351002507223e-02
-3.317702413637093062e-01 4.862736214539873508e-02
-3.251388965184738300e-01 8.223414339085795277e-02
-3.150950634010867279e-01 1.149831116579717316e-01
-3.017463672468952418e-01 1.465267239173015101e-01
-2.852359521554862498e-01 1.765306989507839652e-01
-2.657408635183872714e-01 2.046776615561554657e-01
-2.434700549954529891e-01 2.306705904303252841e-01
-2.186620438338392758e-01 2.542360308872199104e-01
-1.915822426523688393e-01 2.751270287006569171e-01
-1.625200018481458286e-01 2.931257760511955524e-01
-1.317853889843267623e-01 3.080459250528922444e-01
-9.970574894959349788e-02 3.197345274571123941e-01
-6.662208573059934247e-02 3.280736036127795408e-01
-3.288530632350534361e-02 3.329813169062297296e-01
1.147629890524125848e-03 3.344127422296850338e-01
3.511761212809180049e-02 3.323602218211283432e-01
6.866728504843275238e-02 3.268533066602660186e-01
1.014449171803420841e-01 3.179582864352626381e-01
1.331081873950509253e-01 3.057773158535782576e-01
1.633278471472183468e-01 2.904471496995186253e-01
1.917912179590197663e-01 2.721375034850874175e-01
2.182054858437176559e-01 2.510490607463866097e-01
2.423007570234508301e-01 2.274111519556106242e-01
2.638328423543880863e-01 2.014791336032289992e-01
2.825857412892707754e-01 1.735314992155689573e-01
2.983737999370050242e-01 1.438667568741664737e-01
3.110435217722085088e-01 1.128001101650280974e-01
3.204750137524935982e-01 8.065998138432503572e-02
3.265830549637836477e-01 4.778441724417707009e-02
3.293177793787327445e-01 1.451741824655380410e-02
3.286649688244211998e-01 -1.879476668019373908e-02
3.246459567571274296e-01 -5.180733875780338393e-02
3.173171478792124467e-01 -8.418060018244077902e-02
3.067691619930845159e-01 -1.155835099886050044e-01
2.931256218252057399e-01 -1.456971281352849867e-01
2.765415919100700504e-01 -1.742178981233014068e-01
2.572016927469419900e-01 -2.008607176272848016e-01
2.353179192350959292e-01 -2.253617876512234997e-01
2.111271883670695626e-01 -2.474812048176505130e-01
1.848886463613569620e-01 -2.670052716053130659e-01
1.568807676825586805e-01 -2.837485028936923004e-01
1.273982802475357168e-01 -2.975553109093233561e-01
9.674895253574711251e-02 -3.083013545496386953e-01
6.525027930161202139e-02 -3.158945430352487760e-01
3.322610312308601349e-02 -3.202756878612080804e-01
1.003209116044533706e-03 -3.214188010323703049e-01
-3.109207019358105686e-02 -3.193310415289902782e-01
-6.273720360545517738e-02 -3.140523158095885892e-01
-9.361672851289841446e-02 -3.056545418743588649e-01
-1.234254031657342765e-01 -2.942405899425277194e-01
-1.518712122795540242e-01 -2.799429161028522128e-01
-1.786781965528033422e-01 -2.629219083434218840e-01
-2.035890791491093976e-01 -2.433639671248011838e-01
-2.263676649474930525e-01 -2.214793451034404448e-01
-2.468009913183292214e-01 -1.974997727189868879e-01
-2.647012123073013146e-01 -1.716758981132978645e-01
-2.799072013613043142e-01 -1.442745712391379775e-01
-2.922858610670149293e-01 -1.155760030362554674e-01
-3.017331296863494661e-01 -8.587083784046467549e-02
-3.081746890115114601e-01 -5.545715164250523271e-02
-3.115663603338673648e-01 -2.463741855829047755e-02
-3.118941906376208606e-01 6.284507468042251598e-03
-3.091742417762605166e-01 3.700638502722577300e-02
-3.034520871554082233e-01 6.723051619056724659e-02
-2.948020267566064390e-01 9.666658795810417759e-02
-2.833260339618969281e-01 1.250343977611862722e-01
-2.691524500367536432e-01 1.520664384391227364e-01
-2.524344442793488574e-01 1.775103201823963195e-01
-2.333482597314769369e-01 2.011310091812419099e-01
-2.120912659589577476e-01 2.227128651054219588e-01
-1.888798417392096030e-01 2.420614620356564828e-01
-1.639471115370983445e-01 2.590051800362910828e-01
-1.375405604071391896e-01 2.733965571698275254e-01
-1.099195524343304087e-01 2.851133943752510169e-01
-8.135277802447554718e-02 2.940596082334069328e-01
-5.211565528813551229e-02 3.001658291954358848e-01
-2.248771044357149654e-02 3.033897453280213763e-01
7.250038391010628705e-03 3.037161940077750533e-01
3.681767041893174025e-02 3.011570062549519533e-01
6.593890177503503036e-02 2.957506105150666809e-01
9.434355404802127754e-02 2.875614046599953011e-01
1.217699315428927287e-01 2.766789067748994246e-01
1.479670885472727515e-01 2.632166969139153045e-01
1.726969663772273123e-01 2.473111693108179243e-01
1.957363965140872242e-01 2.291200934829803748e-01
2.168789431777465304e-01 2.088210081492669346e-01
2.359365708571892206e-01 1.866094794953119251e-01
2.527411369730481749e-01 1.626972239721005964e-01
2.671456968051693082e-01 1.373101186495995496e-01
2.790256138190461144e-01 1.106861174032270911e-01
2.882794702367044160e-01 8.307309137653838549e-02
2.948297743638911839e-01 5.472661217837163083e-02
2.986234627943804010e-01 2.590769614878318805e-02
2.996321971540926721e-01 -3.119472221983112751e-03
2.978524565148047420e-01 -3.208982000046605582e-02
2.933054279938249187e-01 -6.073965138510548090e-02
2.860366993583966511e-01 -8.880888244203216653e-02
2.761157586698547717e-01 -1.160432289189756161e-01
2.636353071324787911e-01 -1.421963317424868867e-01
2.487103923568056985e-01 -1.670318055433819004e-01
2.314773702094374552e-01 -1.903251963371915823e-01
2.120927043046818283e-01 -2.118658353019091389e-01
1.907316130021022016e-01 -2.314585764372225629e-01
1.675865745131511486e-01 -2.489254067518870961e-01
1.428657013947737253e-01 -2.641069185045201162e-01
1.167909963234602944e-01 -2.768636339148833891e-01
8.959650160476831382e-02 -2.870771736659991080e-01
6.152635538545839222e-02 -2.946512614318172463e-01
3.283277187169602457e-02 -2.995125625769029520e-01
3.773945406130203156e-03 -3.016113377770137105e-01
-2.538809394850063614e-02 -3.009219119168936030e-01
-5.438965396174264000e-02 -2.974429677452589682e-01
-8.296758093801098743e-02 -2.911976469401690859e-01
-1.108614675358772922e-01 -2.822334606581682337e-01
-1.378158523296811599e-01 -2.706220086713768125e-01
-1.635823955655721917e-01 -2.564585072804293486e-01
-1.879220154433626222e-01 -2.398611273094350960e-01
-2.106069691939845834e-01 -2.209701446434491623e-01
-2.314228632272199437e-01 -1.999469069597037685e-01
-2.501705767038177597e-01 -1.769726215301895278e-01
-2.666680830488321052e-01 -1.522469702327690355e-01
-2.807521541780623187e-01 -1.259865591969742682e-01
-2.922799325660273562e-01 -9.842321182338722996e-02
-3.011303567509415191e-01 -6.980211524470943119e-02
-3.072054264582215755e-01 -4.037983163318434321e-02
-3.104312942369475969e-01 -1.042218709210037363e-02
-3.107591713501723363e-01 1.979794781388320019e-02
-3.081660366454704869e-01 5.000297054799870966e-02
-3.026551382604858453e-01 7.991293552751289886e-02
-2.942562792914606429e-01 1.092480017254504193e-01
-2.830258799707497941e-01 1.377309200883440055e-01
-2.690468104597670829e-01 1.650895409110876011e-01
-2.524279900618815464e-01 1.910593204284819213e-01
-2.333037550639681101e-01 2.153858091166225841e-01
-2.118329791003745466e-01 2.378270896553809077e-01
-1.881979613001293350e-01 2.581561445624984685e-01
-1.626030930021573617e-01 2.761631425753327540e-01
-1.352732942051134424e-01 2.916576099096118702e-01
-1.064522333807209620e-01 3.044704667577176060e-01
-7.640034123819718082e-02 3.144559069478009006e-01
-4.539263134066688632e-02 3.214930993679210869e-01
-1.371634276743488069e-02 3.254876906928578784e-01
1.833157773955017972e-02 3.263730901392608019e-01
5.044713454004415981e-02 3.241115184180696773e-01
8.232206110685653944e-02 3.186948047488842306e-01
1.136466936997782562e-01 3.101449177427464399e-01
1.441129153655011652e-01 2.985142181374565995e-01
1.734171433728568523e-01 2.838854237691096905e-01
2.012633318652479186e-01 2.663712797672582733e-01
2.273659604382921862e-01 2.461139297475391785e-01
2.514529785553906716e-01 2.232839867197295991e-01
2.732686752195620516e-01 1.980793055026459915e-01
2.925764431458985904e-01 1.707234616085765710e-01
3.091614068414425542e-01 1.414639447948079498e-01
3.228328845104174727e-01 1.105700787415817149e-01
3.334266545707539331e-01 7.833068156588691988e-02
3.408069987964599257e-01 4.505148507871165747e-02
3.448684956887300146e-01 1.105233379863880538e-02
3.455375447513943654e-01 -2.333581513222900139e-02
3.427735826538501063e-01 -5.777405808669710402e-02
3.365699851107950558e-01 -9.191884740047373548e-02
3.269546468442585674e-01 -1.254254081827164968e-01
3.139902099125682078e-01 -1.579512282393205624e-01
2.977739360661025292e-01 -1.891595873467176447e-01
2.784372168240419332e-01 -2.187230891278902356e-01
2.561447188193431979e-01 -2.463271578283045271e-01
2.310931659502283575e-01 -2.716734617472231217e-01
2.035097639606214259e-01 -2.944832249686765713e-01
1.736502772015507956e-01 -3.145003893705084486e-01
1.417967714509222044e-01 -3.314945896782351409e-01
1.082550407391592862e-01 -3.452639055761913545e-01
7.335174009118172744e-02 -3.556373565888837351e-01
3.743124989911644079e-02 -3.624771075920176777e-01
8.523012337518130147e-04 -3.656803553905338955e-01
-3.601560526387445615e-02 -3.651808697895174149e-01
-7.279595124407027551e-02 -3.609501659563895126e-01
-1.091090849244529953e-01 -3.529982885971074680e-01
-1.445761971641258137e-01 -3.413741925075212125e-01
-1.788233468748754718e-01 -3.261657083709419980e-01
-2.114854919282848356e-01 -3.074990872071889925e-01
-2.422104808304197110e-01 -2.855381215857227817e-01
-2.706629600630014454e-01 -2.604828465413753791e-01
-2.965281521473409621e-01 -2.325678280183198499e-01
-3.195154656690523676e-01 -2.020600499943019934e-01
-3.393618769144026159e-01 -1.692564200685685583e-01
-3.558350544785341407e-01 -1.344809190720022696e-01
-3.687361985819007093e-01 -9.808141424116140206e-02
-3.779025418806878922e-01 -6.042617060197013473e-02
-3.832094846359938578e-01 -2.190009530493321199e-02
-3.845723351393103839e-01 1.709924638649791204e-02
-3.819476304396848820e-01 5.616580151794187126e-02
-3.753340169319263619e-01 9.488934155648529045e-02
-3.647726751953741520e-01 1.328598691833241252e-01
-3.503472785642129939e-01 1.696720709962371287e-01
-3.321834802039650980e-01 2.049297661513096447e-01
-3.104479289019710930e-01 2.382503003567846278e-01
-2.853468192869557662e-01 2.692688346154050727e-01
-2.571239877068332569e-01 2.976424787040699016e-01
-2.260585704462966528e-01 3.230542205823134783e-01
-1.924622462878717022e-01 3.452166047274785043e-01
-1.566760905441222373e-01 3.638751147901150285e-01
-1.190670725483118364e-01 3.788112189259662532e-01
-8.002423312235393271e-02 3.898450396612255231e-01
-3.995458268399413454e-02 3.968376141486125164e-01
7.212356462154920081e-04 3.996927151294444314e-01
4.157347037452545357e-02 3.983582077810845501e-01
8.216792317433964377e-02 3.928269228440111061e-01
1.220706953289785041e-01 3.831370319272109359e-01
1.608529708711662620e-01 3.693719164367864072e-01
1.980957648281124195e-01 3.516595256558210369e-01
2.333945929342927106e-01 3.301712335638902207e-01
2.663640203343692892e-01 3.051201995174597781e-01
2.966420190415665625e-01 2.767592474989581941e-01
3.238940882498853591e-01 2.453782861236169510e-01
3.478170885380582611e-01 2.113012961118811983e-01
3.681427440399848150e-01 1.748829172190014269e-01
3.846407702704865983e-01 1.365046715478846762e-01
3.971215894458695050e-01 9.657086469256970229e-02
4.054385997781254081e-01 5.550421020879491713e-02
4.094899702952209397e-01 1.374122643163478569e-02
4.092199381875096242e-01 -2.827254238893317159e-02
4.046195914364122403e-01 -7.008742632545032769e-02
3.957271254763796153e-01 -1.112545953812078825e-01
3.826275688015914334e-01 -1.513310334435409021e-01
3.654519786791770586e-01 -1.898844632184174541e-01
3.443761143937814073e-01 -2.264981651374304017e-01
3.196186016463364865e-01 -2.607756342746372358e-01
2.914386077857363255e-01 -2.923450210382368963e-01
2.601330533900709230e-01 -3.208633037918655617e-01
2.260333912609600038e-01 -3.460201445848681834e-01
1.895019890806337315e-01 -3.675413827946300005e-01
1.509281567414045011e-01 -3.851921256635804092e-01
1.107238636309957197e-01 -3.987793993982471363e-01
6.931918955723077869e-02 -4.081543308582931129e-01
2.715757708194291298e-02 -4.132138280096129268e-01
-1.530906910245423240e-02 -4.139017478849291165e-01
-5.762539153440614931e-02 -4.102095371589959405e-01
-9.933762435042584049e-02 -4.021763329081294858e-01
-1.399986194025640562e-01 -3.898885247503931506e-01
-1.791727961522935064e-01 -3.734787835496555797e-01
-2.164409582919731290e-01 -3.531245681598804698e-01
-2.514049216591897062e-01 -3.290461278364809061e-01
-2.836919002919724431e-01 -3.015040238732647482e-01
-3.129586003951161377e-01 -2.707961996631345625e-01
-3.388949755125151841e-01 -2.372546336588324811e-01
-3.612276002827903842e-01 -2.012416145618615981e-01
-3.797226247438572067e-01 -1.631456824340512535e-01
-3.941882761884183406e-01 -1.233772832541305126e-01
-4.044768809930776587e-01 -8.236418768518571909e-02
-4.104863845805871714e-01 -4.054672743959534392e-02
-4.121613536555801538e-01 1.627095404396503107e-03
-4.094934510040764142e-01 4.370656948786517254e-02
-4.025213793892798986e-01 8.524324840752345311e-02
-3.913302973330904933e-01 1.257958809414542189e-01
-3.760507157668212530e-01 1.649352408800610625e-01
-3.568568905895537213e-01 2.022488015311315890e-01
-3.339647320142112852e-01 2.373452020750217439e-01
-3.076292571387483354e-01 2.698584556773501175e-01
-2.781416126447355253e-01 2.994518551354070079e-01
-2.458257172688030345e-01 3.258215232629811942e-01
-2.110345584507833105e-01 3.486995799399021934e-01
-1.741461757398197752e-01 3.678568941880515086e-01
-1.355593926715308872e-01 3.831053838249312005e-01
-9.568934348265317746e-02 3.942998430608864457e-01
-5.496284711660093247e-02 4.013392805686155640e-01
-1.381368234106293384e-02 4.041677564114778409e-01
2.732218149117427580e-02 4.027747121638707295e-01
6.801134345731595088e-02 3.971947945184053363e-01
1.078276658798106302e-01 3.875071785770380917e-01
1.463568522120073656e-01 3.738344027944843773e-01
1.832008571294518884e-01 3.563407331123067401e-01
2.179820804165112647e-01 3.352300791244405831e-01
2.503472992452299706e-01 3.107434900871783867e-01
2.799712969599824630e-01 2.831562631712024047e-01
3.065601504583011505e-01 2.527747004981829582e-01
3.298541426406644828e-01 2.199325551639829956e-01
3.496302711310047551e-01 1.849872095856275322e-01
3.657043294825320090e-01 1.483156320880333057e-01
3.779325423146986940e-01 1.103101596447148697e-01
3.862127412093823153e-01 7.137415608762606722e-02
3.904850736592851423e-01 3.191759589615619092e-02
3.907322428407293269e-01 -7.647376136896115971e-03
3.869792814088732769e-01 -4.691085947703771408e-02
3.792928639837112037e-01 -8.546954142634555218e-02
3.677801819227763391e-01 -1.229309095678241537e-01
3.525873955860769349e-01 -1.589172994557489504e-01
3.338976763783824131e-01 -1.930697400830967969e-01
3.119288768029024328e-01 -2.250515455623033623e-01
2.869308567437905966e-01 -2.545516213413682727e-01
2.591825005451088848e-01 -2.812874527050820972e-01
2.289884623887649129e-01 -3.050077474631160968e-01
1.966756799129736888e-01 -3.254947091329419839e-01
1.625896979358072703e-01 -3.425659215270793201e-01
1.270908455422332384e-01 -3.560758303906914057e-01
9.055031065155733083e-02 -3.659168125463142518e-01
5.334615650620590233e-02 -3.720198278270491765e-01
1.585932431996905576e-02 -3.743546538585647565e-01
-2.153033439160665155e-02 -3.729297084263369921e-01
-5.844795348358348269e-02 -3.677914686829037438e-01
-9.452743521513225222e-02 -3.590235007590411032e-01
-1.294150821102588445e-01 -3.467451173951037746e-01
-1.627730416173975569e-01 -3.311096849611934179e-01
-1.942825304022789135e-01 -3.123026046491575447e-01
-2.236468082843242611e-01 -2.905389956628200432e-01
-2.505938752687406068e-01 -2.660611108780885359e-01
-2.748788687853409018e-01 -2.391355176703334195e-01
-2.962861420703311044e-01 -2.100500783973230645e-01
-3.146310085676192192e-01 -1.791107663727279087e-01
-3.297611385025699948e-01 -1.466383496224526739e-01
-3.415576067788538839e-01 -1.129649943079257118e-01
-3.499355888539350534e-01 -7.843081315747497950e-02
-3.548446963952551214e-01 -4.338038808306388106e-02
-3.562689646164573509e-01 -8.159317128795284466e-03
-3.542264977524289260e-01 2.688918438275504641e-02
-3.487687842194021615e-01 6.142759524680699301e-02
-3.399796961625042857e-01 9.512728092226914456e-02
-3.279741909796510813e-01 1.276715379893062219e-01
-3.128967350027440641e-01 1.587584636874298516e-01
-2.949194717947878908e-01 1.881036263229819705e-01
-2.742401594697074785e-01 2.154425151282860773e-01
-2.510799030501946749e-01 2.405327510810246761e-01
-2.256807091425852008e-01 2.631560432109782410e-01
-1.983028911261340843e-01 2.831198779920806041e-01
-1.692223536312186249e-01 3.002589325018200639e-01
-1.387277853254508253e-01 3.144362050899287553e-01
-1.071177889509371400e-01 3.255438602987495433e-01
-7.469797717617024380e-02 3.335037876857893657e-01
-4.177806216175646709e-02 3.382678769848164735e-01
-8.668965812672102186e-03 3.398180146786506928e-01
2.432002347431257150e-02 3.381658095211760306e-01
5.688402313445004715e-02 3.333520568183724886e-01
8.872523495457244891e-02 3.254459533423214590e-01
1.195555086252079457e-01 3.145440765960296203e-01
1.490987694347102599e-01 3.007691388828017121e-01
1.770932952421055973e-01 2.842685483889460518e-01
2.032938299012606864e-01 2.652127837607183292e-01
2.274735129973526337e-01 2.437935915756525851e-01
2.494256183019002426e-01 2.202220414073199906e-01
2.689650912295786789e-01 1.947264533135573128e-01
2.859298780489992753e-01 1.675502179508074341e-01
3.001820415563495326e-01 1.389495295863412416e-01
3.116086598064784496e-01 1.091910521698215286e-01
3.201225062956648548e-01 7.854953835229239179e-02
3.256625116916548324e-01 4.730542092160408552e-02
3.281940088000988021e-01 1.574239557654403057e-02
3.277087639354803184e-01 -1.585498669422545984e-02
3.242247992249206456e-01 -4.720370010980243919e-02
3.177860116133124357e-01 -7.802458077384458179e-02
3.084615954588973419e-01 -1.080446037113178409e-01
2.963452766126107307e-01 -1.369990853655464469e-01
2.815543667671698280e-01 -1.646337976026593097e-01
2.642286476494508096e-01 -1.907069802318798191e-01
2.445290953200062178e-01 -2.149912400152911851e-01
2.226364554454266786e-01 -2.372753251008903330e-01
1.987496809320931923e-01 -2.573657647610675947e-01
1.730842437635101427e-01 -2.750883652503061660e-01
1.458703332776119799e-01 -2.902895535080687317e-01
1.173509534646577368e-01 -3.028375613246409581e-01
8.777993265455318050e-02 -3.126234384368218877e-01
5.741985955669207803e-02 -3.195619043396831782e-01
2.653995419204118258e-02 -3.235920235856801219e-01
-4.586108086338778339e-03 -3.246776901488761524e-01
-3.568240604074127131e-02 -3.228079331446698230e-01
-6.647300207497928992e-02 -3.179970365891921502e-01
-9.668417764829852212e-02 -3.102844717465409463e-01
-1.260466602280749804e-01 -2.997346414831481565e-01
-1.542978272939548590e-01 -2.864364369461404047e-01
-1.811838727922992220e-01 -2.705026078128267564e-01
-2.064619213571791123e-01 -2.520689483268224729e-01
-2.299020755708103825e-01 -2.312933023469975480e-01
-2.512893815415663257e-01 -2.083543916911798632e-01
-2.704256981419540518e-01 -1.834504731584474246e-01
-2.871314553833865246e-01 -1.567978307611536115e-01
-3.012472876208663886e-01 -1.286291108877362921e-01
-3.126355275906436137e-01 -9.919150934500065020e-02
-3.211815476991599083e-01 -6.874482048682986624e-02
-3.267949355132546696e-01 -3.755935991591859840e-02
-3.294104910599277014e-01 -5.913773534710251543e-03
-3.289890343379363036e-01 2.590725299220490718e-02
-3.255180123806138970e-01 5.761536903479105853e-02
-3.190118962951062898e-01 8.892100149271962850e-02
-3.095123599411691018e-01 1.195358472516555443e-01
-2.970882333037359047e-01 1.491753967609744380e-01
-2.818352247196464488e-01 1.775614638935820444e-01
-2.638754118369195378e-01 2.044247162757153180e-01
-2.433564927816895540e-01 2.295071753097532585e-01
-2.204508001927970029e-01 2.525646527672735786e-01
-1.953540826956021159e-01 2.733691165839446380e-01
-1.682840566198908483e-01 2.917109583508353809e-01
-1.394787345409949642e-01 3.074011397714384031e-01
-1.091945395345545466e-01 3.202731955796784824e-01
-7.770421637993707442e-02 3.301850708838691140e-01
-4.529455329835430089e-02 3.370207716254229879e-01
-1.226393014042800704e-02 3.406918078264136174e-01
2.108028878597822606e-02 3.411384105507792031e-01
5.442449686486888066e-02 3.383305050203029296e-01
8.745169983963073379e-02 3.322684241049402298e-01
1.198444586132492717e-01 3.229833484400139731e-01
1.512878940489756907e-01 3.105374616985994707e-01
1.814727261044642437e-01 2.950238120503135830e-01
2.100983183393415610e-01 2.765658735479061270e-01
2.368756978127539714e-01 2.553168040767747615e-01
2.615305196592183079e-01 2.314583995522950799e-01
2.838059452207445932e-01 2.051997472246917253e-01
3.034654025399912136e-01 1.767755842169186353e-01
3.202951982986379509e-01 1.464443707407025730e-01
3.341069509285283790e-01 1.144860907702496128e-01
3.447398156372066813e-01 8.119979626092288516e-02
3.520624722594218881e-01 4.690091915201717587e-02
3.559748557436072658e-01 1.191835927849430911e-02
3.564095971878773472e-01 -2.340861817400217981e-02
3.533331547532587158e-01 -5.873363604682666633e-02
3.467466205047605721e-01 -9.370659342006953940e-02
3.366861852833838431e-01 -1.279771511488194125e-01
3.232232493559171194e-01 -1.611982798114311721e-01
3.064641702110327826e-01 -1.930298335767482998e-01
2.865496426977827693e-01 -2.231421123002667872e-01
2.636537106944472075e-01 -2.512193733726864053e-01
2.379824136066665818e-01 -2.769632544903684046e-01
2.097720751757879420e-01 -3.000960686130030863e-01
1.792872462809438072e-01 -3.203639329308762829e-01
1.468183175893840731e-01 -3.375396946883194582e-01
1.126788219958208548e-01 -3.514256182009899976e-01
7.720245073950049441e-02 -3.618557993561117847e-01
4.073981084431807509e-02 -3.686982762840082528e-01
3.654955040622508925e-03 -3.718568077172325070e-01
-3.367828145257594635e-02 -3.712722937852487304e-01
-7.088010002682379462e-02 -3.669238175969322668e-01
-1.075686739118179580e-01 -3.588292899034600802e-01
-1.433641577079453888e-01 -3.470456833685260367e-01
-1.778927277896947545e-01 -3.316688474545103626e-01
-2.107906090249274667e-01 -3.128328996112367255e-01
-2.417080426479297772e-01 -2.907091932736138307e-01
-2.703131480996043834e-01 -2.655048729373171157e-01
-2.962956421849720634e-01 -2.374610128251591901e-01
-3.193703623334774866e-01 -2.068503616092624287e-01
-3.392805510111009948e-01 -1.739747250551783586e-01
-3.558008681989480726e-01 -1.391619968284530384e-01
-3.687400914890075487e-01 -1.027628708367511329e-01
-3.779434694247137405e-01 -6.514726829016431742e-02
-3.832946972849634593e-01 -2.670051645023515177e-02
-3.847174885069617467e-01 1.218068056452735991e-02
-3.821767193221539127e-01 5.109243559096782183e-02
-3.756791288913031712e-01 8.962799105094411412e-02
-3.652735622152079586e-01 1.273821026441784021e-01
-3.510507483079108315e-01 1.639554449495390642e-01
-3.331426114871237076e-01 1.989589889575528181e-01
-3.117211190967080214e-01 2.320183013306511277e-01
-2.869966744610175091e-01 2.627777155679614784e-01
-2.592160693122091963e-01 2.909043262410760389e-01
-2.286600152604298108e-01 3.160917590610284877e-01
-1.956402790248944756e-01 3.380636717216214393e-01
-1.604964510446678094e-01 3.565769432194159094e-01
-1.235923816772606099e-01 3.714245126476172221e-01
-8.531232341015973497e-02 3.824378322639719330e-01
-4.605682129848213263e-02 3.894889038988711416e-01
-6.238397149465929777e-03 3.924918724499862899e-01
3.372292424442800696e-02 3.914041552489595510e-01
7.340419355721940209e-02 3.862270962346606717e-01
1.123841784510996727e-01 3.770061213207453465e-01
1.502480040822388452e-01 3.638303965904153836e-01
1.865917365837629349e-01 3.468320029083149514e-01
2.210268657944136628e-01 3.261846199881159869e-01
2.531846312639384200e-01 3.021017369425865184e-01
2.827201408967538465e-01 2.748344079325232281e-01
3.093162338128567779e-01 2.446685770173615271e-01
3.326870418247598327e-01 2.119220015308184157e-01
3.525812073191941787e-01 1.769408081925778198e-01
3.687847192527620166e-01 1.400957206587431780e-01
3.811233333748241803e-01 1.017780012512933124e-01
3.894645476254581795e-01 6.239515313742038244e-02
3.937191088622615798e-01 2.236643220704954277e-02
3.938420325830527813e-01 -1.788177971834943938e-02
3.898331230638472089e-01 -5.792068695224220770e-02
3.817369872512806350e-01 -9.732382277949350180e-02
3.696425417619493281e-01 -1.356717681096621386e-01
3.536820183725772893e-01 -1.725567912172610852e-01
3.340294793587161859e-01 -2.075873547319722623e-01
3.108988598806804449e-01 -2.403924375940129643e-01
2.845415602500115937e-01 -2.706256218826687543e-01
2.552436162669710074e-01 -2.979688972323883411e-01
2.233224808318602372e-01 -3.221361389357906280e-01
1.891234546373073422e-01 -3.428762197539747536e-01
1.530158115741422908e-01 -3.599757245225283508e-01
1.153886511353331423e-01 -3.732612243969954391e-01
7.664653904146523367e-02 -3.826010900242751700e-01
3.720499184231786105e-02 -3.879068362862023722e-01
-2.514153878954429946e-03 -3.891339709271826042e-01
-4.208742899695061546e-02 -3.862823424475439471e-01
-8.109442144028376764e-02 -3.793959848973359472e-01
-1.191224134636129223e-01 -3.685624632087796115e-01
-1.557709129930427983e-01 -3.539117286441333388e-01
-1.906560269229764237e-01 -3.356144997347952352e-01
-2.234146263555053524e-01 -3.138801896744989328e-01
-2.537082564897920611e-01 -2.889544064349425789e-01
-2.812267471518059558e-01 -2.611160568304774499e-01
-3.056914837601836799e-01 -2.306740903087246830e-01
-3.268583028013160030e-01 -1.979639223308806983e-01
-3.445199805795415848e-01 -1.633435807799747952e-01
-3.585082890549889933e-01 -1.271896218553202063e-01
-3.686955979163500929e-01 -8.989286434214019406e-02
-3.749960075895218958e-01 -5.185399295997093067e-02
-3.773660035840382121e-01 -1.347908267324216328e-02
-3.758046283545120048e-01 2.482490361793253386e-02
-3.703531726304331584e-01 6.265459170116162435e-02
-3.610943938716552615e-01 9.961459543675613149e-02
-3.481512750672876022e-01 1.353217887303736211e-01
-3.316853424434363928e-01 1.694094019010365382e-01
-3.118945704463302326e-01 2.015309010690240210e-01
-2.890108861070594948e-01 2.313635972687053399e-01
-2.632973196476543487e-01 2.586119491478546251e-01
-2.350448451306204611e-01 2.830105368302099911e-01
-2.045689357403416564e-01 3.043266644214664418e-01
-1.722058820885381814e-01 3.223625684659020552e-01
-1.383089186874283949e-01 3.369572115278099411e-01
-1.032442054570358314e-01 3.479876452558711697e-01
-6.738671225888569205e-02 3.553699325991943048e-01
-3.111605497032323905e-02 3.590596242119936665e-01
5.187668466951405807e-03 3.590517894408935540e-01
4.114799426473841198e-02 3.553806075667462760e-01
7.639611476421605263e-02 3.481185301056484716e-01
1.105747614652270450e-01 3.373750298983448359e-01
1.433419067298141170e-01 3.232949573738056470e-01
1.743742445905428207e-01 3.060565287062280149e-01
2.033704143447881973e-01 2.858689745448386721e-01
2.300539342592760605e-01 2.629698815381638632e-01
2.541758166918536843e-01 2.376222619605462827e-01
2.755168402031517583e-01 2.101113893469441496e-01
2.938894587200873154e-01 1.807414401277192273e-01
3.091393324646867224e-01 1.498319828106768892e-01
3.211464701129755905e-01 1.177143572728844845e-01
3.298259764369999569e-01 8.472798719690982638e-02
3.351284044463064826e-01 5.121666861953885763e-02
3.370397214725620039e-01 1.752487345580074074e-02
3.355808784298973668e-01 -1.600588271650296712e-02
3.308070100864241581e-01 -4.904056912926855333e-02
3.228062929382548574e-01 -8.125403851421125756e-02
3.116984627852001921e-01 -1.123342513726293818e-01
2.976330222639459455e-01 -1.419852956382360309e-01
2.807871652809608154e-01 -1.699301725436532795e-01
2.613634479489041484e-01 -1.959133229457729886e-01
2.395872378600182317e-01 -2.197028720401876523e-01
2.157039753097591550e-01 -2.410925742468964517e-01
1.899762814021312973e-01 -2.599034440239548771e-01
1.626809488198118769e-01 -2.759850624077705983e-01
1.341058514286107839e-01 -2.892165531338855011e-01
1.045468088148896468e-01 -2.995072262070416214e-01
7.430444134011422730e-02 -3.067968907127636147e-01
4.368105035830337213e-02 -3.110558424458629845e-01
1.297755690468660288e-02 -3.122845355286738012e-01
-1.750946954286906540e-02 -3.105129505618323682e-01
-4.749066267012427844e-02 -3.057996749556509131e-01
-7.668656408044867423e-02 -2.982307138980787031e-01
-1.048301565728693013e-01 -2.879180528984365273e-01
-1.316692041304869665e-01 -2.749979949825102632e-01
-1.569683797842981177e-01 -2.596292973877230570e-01
-1.805111656191868696e-01 -2.419911340061665639e-01
-2.021015123675041769e-01 -2.222809108431103020e-01
-2.215652557922169752e-01 -2.007119599978414159e-01
-2.387512628075747489e-01 -1.775111446422769912e-01
-2.535323198820880197e-01 -1.529164059489928618e-01
-2.658057761942608788e-01 -1.271742698556278528e-01
-2.754939239704868315e-01 -1.005373464258423610e-01
-2.825441286063143376e-01 -7.326184670765416296e-02
-2.869287167973129660e-01 -4.560514155909232981e-02
-2.886446332224525957e-01 -1.782338533051920637e-02
-2.877128783925939071e-01 9.830774496305292459e-03
-2.841777420821169353e-01 3.711038257515036215e-02
-2.781058482903707163e-01 6.377623883095510926e-02
-2.695850289238094777e-01 8.959882462716611817e-02
-2.587230443463930940e-01 1.143600793914087421e-01
-2.456461696167668574e-01 1.378550174169297926e-01
-2.304976656220079634e-01 1.598931768401796738e-01
-2.134361544396606303e-01 1.802998950366760111e-01
-1.946339181265657747e-01 1.989174068468617385e-01
-1.742751397623406584e-01 2.156057641126779834e-01
-1.525541049880392297e-01 2.302435769487246597e-01
-1.296733814999174450e-01 2.427285789672767591e-01
-1.058419930098337680e-01 2.529780203058117904e-01
-8.127360309470478550e-02 2.609288937546737075e-01
-5.618472315573370957e-02 2.665380005405945663e-01
-3.079295742245961170e-02 2.697818633825548318e-01
-5.315296595615775187e-03 2.706564952974057081e-01
2.003353659087094354e-02 2.691770322423196471e-01
4.504265952911638143e-02 2.653772392412394598e-01
6.950652689326133893e-02 2.593089058424400961e-01
9.322636079556209654e-02 2.510411337906070517e-01
1.160114875210168511e-01 2.406595285446114230e-01
1.376805839943326670e-01 2.282653049019120750e-01
1.580628311567647826e-01 2.139743161835891971e-01
1.769989723485278499e-01 1.979160160222535325e-01
1.943422755861771156e-01 1.802323613036654337e-01
2.099593992880975923e-01 1.610766642642405821e-01
2.237311615329606596e-01 1.406124011632790827e-01
2.355532133370545067e-01 1.190119843529216515e-01
2.453366167113449903e-01 9.645550398188509900e-02
2.530083284156606771e-01 7.312944501107468409e-02
2.585115903760593081e-01 4.922538470862105470e-02
2.618062276853043713e-01 2.493867534509729145e-02
2.628688549807679520e-01 4.671164405935827272e-04
2.616929918061349780e-01 -2.399037936476504027e-02
2.582890873315820124e-01 -4.823512292801401813e-02
2.526844545511955364e-01 -7.206998389950944328e-02
2.449231138163724675e-01 -9.530072086463473036e-02
2.350655453199363976e-01 -1.177373023692965259e-01
2.231883499374412994e-01 -1.391952146397243406e-01
2.093838176784704741e-01 -1.594967514873494585e-01
1.937594029192125644e-01 -1.784722814881058439e-01
1.764370987326010498e-01 -1.959614873809649993e-01
1.575527302319340850e-01 -2.118145676852101755e-01
1.372551533817619740e-01 -2.258934026262049144e-01
1.157053441385064163e-01 -2.380726732337382079e-01
9.307539910211209966e-02 -2.482409234917194452e-01
6.954744197011016038e-02 -2.563015592058195402e-01
4.531243743816634750e-02 -2.621737749362849645e-01
2.056891504157331088e-02 -2.657933999182597318e-01
-4.478393601731564533e-03 -2.671136535592101846e-01
-2.961999961528831438e-02 -2.661058008830477495e-01
-5.464317806291996149e-02 -2.627596982024192895e-01
-7.933355859550043909e-02 -2.570842193615995863e-01
-1.034767773314724804e-01 -2.491075531173743141e-01
-1.268601804384661691e-01 -2.388773626264182326e-01
-1.492745685582921311e-01 -2.264607985940989276e-01
-1.705159699117408112e-01 -2.119443584171248895e-01
-1.903874286600133192e-01 -1.954335846232538032e-01
-2.087007939138952883e-01 -1.770525970738278110e-01
-2.252784936977375030e-01 -1.569434547438321725e-01
-2.399552772203144557e-01 -1.352653444202232547e-01
-2.525799080051607803e-01 -1.121935953493062715e-01
-2.630167898140483018e-01 -8.791852070111270956e-02
-2.711475068819195200e-01 -6.264408868258034002e-02
-2.768722597904474392e-01 -3.658642819811307179e-02
-2.801111783581453074e-01 -9.972176098994917429e-03
-2.808054868879738541e-01 1.696332625406023545e-02
-2.789185225647074495e-01 4.397796823764751895e-02
-2.744365794158993288e-01 7.082493367869256706e-02
-2.673695473801169231e-01 9.725487607026364612e-02
-2.577513511300263960e-01 1.230181814923246714e-01
-2.456401700820147471e-01 1.478673023759124738e-01
-2.311184288076723048e-01 1.715591406241050998e-01
-2.142925492248957120e-01 1.938574570346527914e-01
-1.952924583289556981e-01 2.145352826259722123e-01
-1.742708478020736085e-01 2.333773063803966097e-01
-1.514021845853489312e-01 2.501822131133681348e-01
-1.268814743770557418e-01 2.647649446785690919e-01
-1.009227830009236798e-01 2.769588575469182357e-01
-7.375752362875803714e-02 2.866177499677734497e-01
-4.563252090307755998e-02 2.936177324448319137e-01
-1.680786604508231405e-02 2.978589161434359034e-01
1.244541999216462573e-02 2.992668950914231796e-01
4.184789539978867046e-02 2.977939996381772647e-01
7.111435577971357558e-02 2.934203005865423375e-01
9.995661664535059054e-02 2.861543456948396069e-01
1.280863927186335072e-01 2.760336128410578183e-01
1.552182445799811517e-01 2.631246670229892004e-01
1.810725615338275585e-01 2.475230115063231373e-01
2.053785482028700482e-01 2.293526267926363771e-01
2.278771813878213703e-01 2.087651946218109511e-01
2.483240975908972692e-01 1.859390055740818559e-01
2.664923927833408035e-01 1.610775645367954478e-01
2.821752922703794630e-01 1.344078915246596784e-01
2.951886438456086670e-01 1.061785290729202053e-01
3.053732185910112418e-01 7.665728061807539073e-02
3.125967839012747662e-01 4.612869610750361393e-02
3.167559202328691925e-01 1.489132807317784107e-02
3.177775554945577730e-01 -1.674521530782132131e-02
3.156201937986208295e-01 -4.846339061364434569e-02
3.102748184526381015e-01 -7.994098076083316906e-02
3.017654525562463719e-01 -1.108544631133658448e-01
2.901493643367180075e-01 -1.408824474674161276e-01
2.755169083676727859e-01 -1.697091456884551042e-01
2.579909980187661267e-01 -1.970278336533818619e-01
2.377262088292510234e-01 -2.225442654993375347e-01
2.149075169305111610e-01 -2.459800000203111459e-01
1.897486811054409916e-01 -2.670755993937882211e-01
1.624902815079897755e-01 -2.855936612670911257e-01
1.333974324157518321e-01 -3.013216465844479330e-01
1.027571905938683694e-01 -3.140744673820927146e-01
7.087568485243966876e-02 -3.236968011038401372e-01
3.807499612670989242e-02 -3.300651007709120566e-01
4.689820846715718299e-03 -3.330892735480948663e-01
-2.893604655845556997e-02 -3.327140038482167550e-01
-6.245337350237142870e-02 -3.289197010672904598e-01
-9.551124595285077901e-02 -3.217230535300313332e-01
-1.277608925782041938e-01 -3.111771880373246368e-01
-1.588595265201709072e-01 -2.973714176584560942e-01
-1.884741482390381584e-01 -2.804305735738045757e-01
-2.162852786252653647e-01 -2.605139337700114743e-01
-2.419905741435034452e-01 -2.378137531183264208e-01
-2.653082807281788580e-01 -2.125534079964583045e-01
-2.859804846467770556e-01 -1.849851733933214892e-01
-3.037761205802063658e-01 -1.553876550406514123e-01
-3.184936997182590268e-01 -1.240629034844945161e-01
-3.299637237042801763e-01 -9.133324108456397639e-02
-3.380507537520425210e-01 -5.753783665527463509e-02
-3.426551081585590408e-01 -2.302906578799185019e-02
-3.437141657023917718e-01 1.183130222638914195e-02
-3.412032569960130601e-01 4.667604756246951370e-02
-3.351361306964656395e-01 8.113652792893347176e-02
-3.255649865107269614e-01 1.148467450333182927e-01
-3.125800720975691060e-01 1.474474021815171954e-01
-2.963088462009608737e-01 1.785899055789714751e-01
-2.769147155845178010e-01 2.079402623169936126e-01
-2.545953585051802248e-01 2.351828290301182511e-01
-2.295806525006756083e-01 2.600238667889315236e-01
-2.021302291043776123e-01 2.821948599300094784e-01
-1.725306826801683568e-01 3.014555591954631297e-01
-1.410924648292999073e-01 3.175967127271165924e-01
-1.081465037373772892e-01 3.304424491884877524e-01
-7.404057636650170082e-02 3.398522948984905589e-01
-3.913547979761911044e-02 3.457227902357473681e-01
-3.801056707675635679e-03 3.479886823187844369e-01
3.158789049403221139e-02 3.466236890823628514e-01
6.665574601636768681e-02 3.416408215763491740e-01
1.010302391897738572e-01 3.330922603335431109e-01
1.343465666090153943e-01 3.210687870057563065e-01
1.662514298220172382e-01 3.056987778079316986e-01
1.964069414866947416e-01 2.871467705701772899e-01
2.244943545145150487e-01 2.656116223102915064e-01
2.502175708774523888e-01 2.413242791396859599e-01
2.733063894460224796e-01 2.145451849413770040e-01
2.935194554152719681e-01 1.855613595514287728e-01
3.106468775215676104e-01 1.546831810808210195e-01
3.245124833084751526e-01 1.222409104842974159e-01
3.349756871123916180e-01 8.858099947324989121e-02
3.419329501507975544e-01 5.406222534441529337e-02
3.453188170472098473e-01 1.905169822527047474e-02
3.451065182533465947e-01 -1.607921240209827379e-02
3.413081330648588541e-01 -5.095898425928249709e-02
3.339743132052308550e-01 -8.522003408573097794e-02
3.231935722058543736e-01 -1.185027472859835618e-01
3.090911509722363837e-01 -1.504593989727877057e-01
2.918274749317184003e-01 -1.807579215211656265e-01
2.715962265008206034e-01 -2.090854729173303450e-01
2.486220481279811656e-01 -2.351517762149816504e-01
2.231579083229945637e-01 -2.586921831287730122e-01
1.954821730633375942e-01 -2.794704244253260472e-01
1.658954083694242354e-01 -2.972810271543134819e-01
1.347169557791293160e-01 -3.119513696634634847e-01
1.022813220098139492e-01 -3.233433534983405910e-01
6.893442595462299927e-02 -3.313546760250940526e-01
3.502974747123362848e-02 -3.359196925072977513e-01
9.244231739724356961e-04 -3.370098613529448617e-01
-3.302466536981948225e-02 -3.346337712604003922e-01
-6.646476600779435695e-02 -3.288367539687262475e-01
-9.905104882194537552e-02 -3.197000911954406832e-01
-1.304502747357371983e-01 -3.073398290626110363e-01
-1.603442992015822466e-01 -2.919052178120860597e-01
-1.884333726931206598e-01 -2.735767988380896631e-01
-2.144392025976694094e-01 -2.525641649699438829e-01
-2.381077443720383546e-01 -2.291034234738851261e-01
-2.592116934428955188e-01 -2.034543943706812463e-01
-2.775526532502152199e-01 -1.758975793508853469e-01
-2.929629589950224489e-01 -1.467309387841699841e-01
-3.053071410041330314e-01 -1.162665160419719679e-01
-3.144830161066621277e-01 -8.482694956914044182e-02
-3.204223999706895532e-01 -5.274191384281043393e-02
-3.230914379144833037e-01 -2.034453054461180660e-02
-3.224905594832516709e-01 1.203220605048054871e-02
-3.186540547555288816e-01 4.405895984364123497e-02
-3.116492859578344765e-01 7.541349129597615941e-02
-3.015755583043776000e-01 1.057839621232034982e-01
-2.885626593292883735e-01 1.348720811783662432e-01
-2.727690912873463325e-01 1.623960554503314224e-01
-2.543800218338227448e-01 1.880933166420829805e-01
-2.336049809776103159e-01 2.117229969898116182e-01
-2.106753346853808273e-01 2.330681314346575439e-01
-1.858415674761505210e-01 2.519375669140981322e-01
-1.593704078695640236e-01 2.681675633480982701e-01
-1.315418316278112731e-01 2.816230748040293719e-01
-1.026459783569988321e-01 2.921987032815629992e-01
-7.298001721175323420e-02 2.998193215123434174e-01
-4.284499718557444742e-02 3.044403650685680307e-01
-1.254271678342915898e-02 3.060477978709265634e-01
1.762735321787606627e-02 3.046577588335110387e-01
4.737106168702406861e-02 3.003159008383129436e-01
7.640245332042468196e-02 2.930964364555272428e-01
1.044465008156168495e-01 2.831009077829663156e-01
1.312416671816479252e-01 2.704567004379772599e-01
1.565422749926690948e-01 2.553153240727278339e-01
1.801206622504512023e-01 2.378504837781684200e-01
2.017691075366853382e-01 2.182559683782539506e-01
2.213015102625679187e-01 1.967433828844049881e-01
2.385548180111975169e-01 1.735397564886680677e-01
2.533901855945260295e-01 1.488850437008834848e-01
2.656938633482299195e-01 1.230295572199259224e-01
2.753778219510084613e-01 9.623136601766940634e-02
2.823801069133406449e-01 6.875367629353457133e-02
2.866649294445747231e-01 4.086222636232084843e-02
2.882225009192320719e-01 1.282272160032453534e-02
2.870686206961429177e-01 -1.510166583856793580e-02
2.832440293531495734e-01 -4.265270947608028329e-02
2.768135414644279924e-01 -6.957943192771808005e-02
2.678649738502388855e-01 -9.564028010955019643e-02
2.565078867578615696e-01 -1.206051552217116130e-01
2.428721566798670295e-01 -1.442572827621428633e-01
2.271064004785423585e-01 -1.663949101548390375e-01
2.093762711643755436e-01 -1.868328219380182564e-01
1.898626460774525404e-01 -2.054036648152707256e-01
1.687597283528033121e-01 -2.219590771946711727e-01
1.462730824272312768e-01 -2.363706200968599402e-01
1.226176239823809910e-01 -2.485305084755659866e-01
9.801558413607058817e-02 -2.583521440381495449e-01
7.269446691307000774e-02 -2.657704525578282739e-01
4.688501807140550703e-02 -2.707420304150746637e-01
2.081922225631594250e-02 -2.732451066785563376e-01
-5.271655772387363360e-03 -2.732793284249461219e-01
-3.115897141561608380e-02 -2.708653781946880335e-01
-5.661853159098419186e-02 -2.660444370298257755e-01
-8.143233927668100391e-02 -2.588774918869886643e-01
-1.053902420812015683e-01 -2.494445086804385758e-01
-1.282914842538427358e-01 -2.378434885387048225e-01
-1.499461476357317469e-01 -2.241894078848557514e-01
-1.701764773819381682e-01 -2.086130584827592394e-01
-1.888180878009974306e-01 -1.912597995051117661e-01
-2.057210448627185273e-01 -1.722882334954129180e-01
-2.207508230326890031e-01 -1.518688177995995148e-01
-2.337891350929281742e-01 -1.301824226529368911e-01
-2.447346344962366416e-01 -1.074188466438626560e-01
-2.535034905736023858e-01 -8.377529975881170543e-02
-2.600298375692432495e-01 -5.945486366041521920e-02
-2.642660990191029180e-01 -3.466493828496338553e-02
-2.661831894212499106e-01 -9.615683281687313969e-03
-2.657705954785959945e-01 1.548153772718680043e-02
-2.630363394358364304e-01 4.041570259573762369e-02
-2.580068271957091652e-01 6.497765880498361513e-02
-2.507265839983716105e-01 8.896162771109800138e-02
-2.412578804969600366e-01 1.121666786262918020e-01
-2.296802520781231205e-01 1.343981667356957399e-01
-2.160899142748720081e-01 1.554691290487920652e-01
-2.005990771168308096e-01 1.752016327065003820e-01
-1.833351612758883920e-01 1.934280700179955848e-01
-1.644399189085392898e-01 2.099923945904587086e-01
-1.440684601760694183e-01 2.247512967224587210e-01
-1.223881928977639533e-01 2.375752996154686658e-01
-9.957767922608118383e-02 2.483497803101117063e-01
-7.582540594293064873e-02 2.569759161846413287e-01
-5.132847765454138372e-02 2.633715384545325944e-01
-2.629123622666793697e-02 2.674718904550749676e-01
-9.238114551000185110e-04 2.692302841465932794e-01
2.455939140944574106e-02 2.686186482107378315e-01
4.994126096048985552e-02 2.656279611013283026e-01
7.500359866457363689e-02 2.602685624911868500e-01
9.952877969269485758e-02 2.525703367328406834e-01
1.233014467485778476e-01 2.425827622400398287e-01
1.461102271785197637e-01 2.303748211109688249e-01
1.677494627253759696e-01 2.160347638628841715e-01
1.880209403740012442e-01 1.996697248391740287e-01
2.067356118482932270e-01 1.814051846882035746e-01
2.237152884830729827e-01 1.613842773004284803e-01
2.387942974302294241e-01 1.397669397245725198e-01
2.518210844908712054e-01 1.167289048602923041e-01
2.626597483164285207e-01 9.246053813542623456e-02
2.711914903137125910e-01 6.716552090902960792e-02
2.773159643426449938e-01 4.105938498203477727e-02
2.809525102298002230e-01 1.436790432748929341e-02
2.820412552529964478e-01 -1.267464804906545499e-02
2.805440680963135480e-01 -3.982736836506246131e-02
2.764453491548490849e-01 -6.684470784703837321e-02
2.697526448315401004e-01 -9.347854984281522839e-02
2.604970750324511752e-01 -1.194803722081827085e-01
2.487335566778365870e-01 -1.446034858018299951e-01
2.345408156425438095e-01 -1.686053178446088319e-01
2.180211782582223423e-01 -1.912497241507662704e-01
1.993001357360379144e-01 -2.123093086915292804e-01
1.785256770158598350e-01 -2.315677277927686295e-01
1.558673878748300101e-01 -2.488219553302957743e-01
1.315153166112903449e-01 -2.638844845947030948e-01
1.056786092320944753e-01 -2.765854420760053833e-01
7.858391978187616311e-02 -2.867745882869933705e-01
5.047360422846955408e-02 -2.943231809199213789e-01
2.160370912345612945e-02 -2.991256761267052089e-01
-7.758230947211100861e-03 -3.011012445366489376e-01
-3.733557035983297440e-02 -3.001950797816974603e-01
-6.684508447506098960e-02 -2.963794787863096580e-01
-9.599963473387768120e-02 -2.896546748912824376e-01
-1.245109425157402416e-01 -2.800494070071689601e-01
-1.520924452961476547e-01 -2.676212104171871164e-01
-1.784622067368275278e-01 -2.524564175506144870e-01
-2.033458507202631216e-01 -2.346698599996799306e-01
-2.264794880342117234e-01 -2.144042662254056486e-01
-2.476126034505923834e-01 -1.918293527559647993e-01
-2.665108703520914779e-01 -1.671406101863098514e-01
-2.829588595977651777e-01 -1.405577850100399595e-01
-2.967626088339680446e-01 -1.123230777598080155e-01
-3.077520239700758942e-01 -8.269906182897748814e-02
-3.157830784024746595e-01 -5.196633070974652352e-02
-3.207397802326305003e-01 -2.042090505553311244e-02
-3.225358802655844404e-01 1.162858137525982390e-02
-3.211162952740995724e-01 4.386389074003708283e-02
-3.164582236910920554e-01 7.596035593420109866e-02
-3.085719339312923970e-01 1.075901893223012024e-01
-2.975012089122486825e-01 1.384258910800580944e-01
-2.833234340094130665e-01 1.681437208076434486e-01
-2.661493195997450267e-01 1.964271944336545284e-01
-2.461222534781315474e-01 2.229705672207644707e-01
-2.234172827220917146e-01 2.474822629347650516e-01
-1.982397289804777585e-01 2.696882089697210105e-01
-1.708234456162550652e-01 2.893350374482182574e-01
-1.414287295850432669e-01 3.061931130457833383e-01
-1.103399053218123288e-01 3.200593495244002384e-01
-7.786260217940299544e-02 3.307597786967455544e-01
-4.432075105622761829e-02 3.381518377685024945e-01
-1.005332970967641806e-02 3.421263437022450393e-01
2.458911017849336328e-02 3.426091263875400417e-01
5.924809789024557127e-02 3.395622959562234477e-01
9.356104137996888725e-02 3.329851235112517016e-01
1.271651262666645132e-01 3.229145187983407106e-01
1.597012732410056368e-01 3.094250894852143552e-01
1.908181056510070694e-01 2.926287849398994112e-01
2.201758865403695420e-01 2.726741163104927090e-01
2.474503779607218901e-01 2.497449480105995434e-01
2.723365740840728577e-01 2.240588788145697063e-01
2.945522643583621258e-01 1.958652223891471644e-01
3.138413829980194469e-01 1.654426052845643924e-01
3.299771030428840235e-01 1.330962052581803889e-01
3.427646357071684746e-01 9.915465744017307181e-02
3.520436987512392535e-01 6.396666021099588206e-02
3.576906211114489476e-01 2.789731668450882995e-02
3.596200549787743617e-01 -8.675748677205757237e-03
3.577862708808283165e-01 -4.536645560298713242e-02
3.521840160431664035e-01 -8.178447029317073569e-02
3.428489213286812776e-01 -1.175394968615860736e-01
3.298574473175560073e-01 -1.522456087561819271e-01
3.133263655302163109e-01 -1.855255699643173495e-01
2.934117763444281657e-01 -2.170150954086651485e-01
2.703076707454361016e-01 -2.463670001622692285e-01
2.442440486039162417e-01 -2.732551879601424205e-01
2.154846116293485103e-01 -2.973784309552464644e-01
1.843240544256942448e-01 -3.184638947459350611e-01
1.510849821131348136e-01 -3.362703653690462535e-01
1.161144877077998488e-01 -3.505911381789901804e-01
7.978042680810110143e-02 -3.612565322820240343e-01
4.246742982239091330e-02 -3.681359957657288073e-01
4.572701600543742535e-03 -3.711397817681502120e-01
-3.349834914607183189e-02 -3.702201691774911763e-01
-7.133660130300271962e-02 -3.653722043328475610e-01
-1.085337774066877092e-01 -3.566339600695731527e-01
-1.446870130645424302e-01 -3.440863040630243730e-01
-1.794033862640830590e-01 -3.278521766187382780e-01
-2.123043532941493172e-01 -3.080953839569015584e-01
-2.430300388603324202e-01 -2.850189188946549712e-01
-2.712433294870423284e-01 -2.588628265668819761e-01
-2.966337214441212011e-01 -2.299016383713833600e-01
-3.189208771920471475e-01 -1.984414026066637637e-01
-3.378578476740708991e-01 -1.648163452220038350e-01
-3.532339216559549078e-01 -1.293851986561810608e-01
-3.648770676770793919e-01 -9.252724084416297234e-02
-3.726559389767897801e-01 -5.463809006706812910e-02
-3.764814169373857933e-01 -1.612530436286673322e-02
-3.763076740755033622e-01 2.259616333606179542e-02
-3.721327433480109415e-01 6.110860134940460098e-02
-3.639985864448604391e-01 9.899621251703337454e-02
-3.519906597451888941e-01 1.358497699184773588e-01
-3.362369826386471527e-01 1.712712005380158664e-01
-3.169067188853329498e-01 2.048780432050201772e-01
-2.942082875294457223e-01 2.363077286350259154e-01
-2.683870255201291632e-01 2.652216315344773645e-01
-2.397224279828964466e-01 2.913088457074266002e-01
-2.085250042354545585e-01 3.142896428864491165e-01
-1.751327816154290007e-01 3.339185735047512926e-01
-1.399074962644833442e-01 3.499871687924545616e-01
-1.032305210104516591e-01 3.623262183208752485e-01
-6.549857645901084602e-02 3.708075958143468576e-01
-2.711927581265901818e-02 3.753456129045745215e-01
1.149344420718634470e-02 3.758978861997470666e-01
4.992395274908566910e-02 3.724657089004943522e-01
8.775956039661297892e-02 3.650939241429537185e-01
1.245951068913350862e-01 3.538703032105208202e-01
1.600374477737518675e-01 3.389244376552271731e-01
1.937097881293731727e-01 3.204261601331577225e-01
2.252558136822774559e-01 2.985835143140213588e-01
2.543435721327369503e-01 2.736402995040749242e-01
2.806690608522777186e-01 2.458732205591484810e-01
3.039594807852759040e-01 2.155886782003790525e-01
3.239761206108391356e-01 1.831192389248090802e-01
3.405168398364955551e-01 1.488198272778553932e-01
3.534181244653583631e-01 1.130636862832322537e-01
3.625566941360637285e-01 7.623815427399882605e-02
3.678506451117485310e-01 3.874030820950563614e-02
3.692601191201883015e-01 9.725247786794906802e-04
3.667874937501358068e-01 -3.666198882991029279e-02
3.604770958166435557e-01 -7.376364266837194539e-02
3.504144431419378147e-01 -1.099408382290108649e-01
3.367250325757566998e-01 -1.448142213367002717e-01
3.195726879450855318e-01 -1.780207658225207434e-01
2.991574879873394877e-01 -2.092176394590948840e-01
2.757133069536650827e-01 -2.380858121287715012e-01
2.495049980200045037e-01 -2.643333666856348407e-01
2.208252552899559462e-01 -2.876984774356955432e-01
1.899911935756033454e-01 -3.079520254568203219e-01
1.573406880290721122e-01 -3.248998246009254798e-01
1.232285180386872847e-01 -3.383844369038560007e-01
8.802236157679360629e-02 -3.482865612087201468e-01
5.209868737669916261e-02 -3.545259840200261081e-01
1.583859291671636110e-02 -3.570620868817546700e-01
-2.037636379948060128e-02 -3.558939098455222161e-01
-5.616829124673897167e-02 -3.510597757992459100e-01
-9.116700388226170459e-02 -3.426364854980818997e-01
-1.250139295428851494e-01 -3.307380980163528439e-01
-1.573658423202741463e-01 -3.155143159637046057e-01
-1.878983811670629500e-01 -2.971484991269813802e-01
-2.163093175918577027e-01 -2.758553341622690946e-01
-2.423215392960086367e-01 -2.518781915256424475e-01
-2.656857204396466665e-01 -2.254862039586985611e-01
-2.861826533446327203e-01 -1.969711035046361192e-01
-3.036252207910088430e-01 -1.666438561977356680e-01
-3.178599925825571493e-01 -1.348311352258042550e-01
-3.287684332627727746e-01 -1.018716746860602873e-01
-3.362677183446190488e-01 -6.811254654862690383e-02
-3.403111537434089784e-01 -3.390540223031047323e-02
-3.408881977229407112e-01 3.972776592600893073e-04
-3.380240964679894211e-01 3.444588435850119007e-02
-3.317791428952070465e-01 6.789729300868750650e-02
-3.222475738162666747e-01 1.004183476638641354e-01
-3.095561243701658305e-01 1.316891834478390033e-01
-2.938622621312247385e-01 1.614063526752140265e-01
-2.753521264395271118e-01 1.892857247106027041e-01
-2.542382012608248587e-01 2.150651325843109807e-01
-2.307567522385441938e-01 2.385067428659017885e-01
-2.051650605326856280e-01 2.593991289694067004e-01
-1.777384875364061978e-01 2.775590318744713403e-01
-1.487674056142972712e-01 2.928327961449770922e-01
-1.185540306162561341e-01 3.050974730594875894e-01
-8.740919209269751300e-02 3.142615865860405866e-01
-5.564907688163606148e-02 3.202655617888006123e-01
-2.359198107220428220e-02 3.230818189996648715e-01
8.444895706279648487e-03 3.227145406807022110e-01
4.014858113970663084e-02 3.191991213033344432e-01
7.121335545201919193e-02 3.126013137413268805e-01
1.013436422719963537e-01 3.030160885851159724e-01
1.302567387383063990e-01 2.905662254074837803e-01
1.576853609807901124e-01 2.754006573226774890e-01
1.833799827106313285e-01 2.576925917762707963e-01
2.071109519032940105e-01 2.376374342107797633e-01
2.286703685548345799e-01 2.154505388594505910e-01
2.478737085403359408e-01 1.913648137918976255e-01
2.645611877572346948e-01 1.656282094634397017e-01
2.785988593888553133e-01 1.385011182216490389e-01
2.898794411270601556e-01 1.102537127760124386e-01
2.983228720870751971e-01 8.116325125578595368e-02
3.038766019190101697e-01 5.151137580711167424e-02
3.065156172404581714e-01 2.158143073579345608e-02
3.062422129574349228e-01 -8.344174987920737613e-03
3.030855182851390772e-01 -3.798653745411637722e-02
2.971007893078469464e-01 -6.707273795567463004e-02
2.883684817149744228e-01 -9.533821349132853840e-02
2.769931189082855960e-01 -1.225289994541658989e-01
2.631019719877744634e-01 -1.484038283083458365e-01
2.468435691891611161e-01 -1.727360700998502030e-01
2.283860531663158833e-01 -1.953155027253273557e-01
2.079154050928217201e-01 -2.159499019678474407e-01
1.856335549072155866e-01 -2.344664433727407793e-01
1.617563971580161519e-01 -2.507129100557882184e-01
1.365117318319093442e-01 -2.645587024874087589e-01
1.101371492880402481e-01 -2.758956481603763167e-01
8.287787799169549219e-02 -2.846386108080540822e-01
5.498461316153810396e-02 -2.907259004812542957e-01
2.671134456305823343e-02 -2.941194864576441859e-01
-1.686802063157660141e-03 -2.948050200939336674e-01
-2.995569364205165688e-02 -2.927916705066696546e-01
-5.784427136949660264e-02 -2.881117783042496661e-01
-8.510657390150622170e-02 -2.808203376023882258e-01
-1.115036888376673557e-01 -2.709943136032969546e-01
-1.368056208760393966e-01 -2.587318046953246409e-01
-1.607930660580395299e-01 -2.441510585844128001e-01
-1.832590825425486625e-01 -2.273893524096828045e-01
-2.040106493370578422e-01 -2.086017471342855034e-01
-2.228701053608641569e-01 -1.879597267518912929e-01
-2.396764621142718765e-01 -1.656497330221610165e-01
-2.542865840740307082e-01 -1.418716065587974362e-01
-2.665762317268290937e-01 -1.168369451548766924e-01
-2.764409628898701343e-01 -9.076739025521066151e-02
-2.837968886528892121e-01 -6.389285248683293506e-02
-2.885812809139526869e-01 -3.644968714758079625e-02
-2.907530290783054139e-01 -8.678830539046864662e-03
-2.902929440532771577e-01 1.917609197787480471e-02
-2.872039082118910125e-01 4.687067532262506608e-02
-2.815108705233376196e-01 7.416165052713963313e-02
-2.732606865704841348e-01 1.008087961187242865e-01
-2.625218037038797303e-01 1.265768340538980241e-01
-2.493837921289592252e-01 1.512372991288263302e-01
-2.339567232985345080e-01 1.745703707048955611e-01
-2.163703981219328443e-01 1.963666542353300626e-01
-1.967734266267513743e-01 2.164289052728266549e-01
-1.753321619752713501e-01 2.345736815407185594e-01
-1.522294949800750141e-01 2.506329091818052524e-01
-1.276635127476850318e-01 2.644553556447709064e-01
-1.018460275284779337e-01 2.759079964029412801e-01
-7.500098256352639992e-02 2.848772641283341400e-01
-4.736274272355323750e-02 2.912701691147784322e-01
-1.917427878875020697e-02 2.950152800062408875e-01
9.314744688106091006e-03 2.960635542537909393e-01
3.784996687037314039e-02 2.943890082092520122e-01
6.617440127567573993e-02 2.899892173766016046e-01
9.403056622412492294e-02 2.828856380929231085e-01
1.211626606386739247e-01 2.731237428065116934e-01
1.473187696586011619e-01 2.607729621655415220e-01
1.722530835041826691e-01 2.459264283288685182e-01
1.957281120873262670e-01 2.287005152605758873e-01
2.175168770213498637e-01 2.092341732682623801e-01
2.374050619653960692e-01 1.876880566851973353e-01
2.551931016670822561e-01 1.642434453684603612e-01
2.706981896620184735e-01 1.391009625760153134e-01
2.837561843707399611e-01 1.124790937791405876e-01
2.942233933206720997e-01 8.461251304351838365e-02
3.019782154291801857e-01 5.575022575050370133e-02
3.069226217272447155e-01 2.615353860496957492e-02
3.089834557925344449e-01 -3.906128249100139851e-03
3.081135360775897336e-01 -3.414957688611998388e-02
3.042925417661337395e-01 -6.429229417240468758e-02
2.975276684401459981e-01 -9.404701823980045339e-02
2.878540397099053627e-01 -1.231263926975197098e-01
2.753348629742569664e-01 -1.512456837590684389e-01
2.600613198462325415e-01 -1.781255355486714154e-01
2.421521841899336447e-01 -2.034947374648923835e-01
2.217531633231294430e-01 -2.270929763311388128e-01
1.990359607220758553e-01 -2.486735451809688746e-01
1.741970614926268424e-01 -2.680059799355429262e-01
1.474562449133021702e-01 -2.848785949531064676e-01
1.190548314770078220e-01 -2.991008884844276738e-01
8.925367502127015684e-02 -3.105057894680713915e-01
5.833091370259766567e-02 -3.189517178553623600e-01
2.657949669764816600e-02 -3.243244317723242842e-01
-5.695493440178174549e-03 -3.265386363052710239e-01
-3.817969991826563464e-02 -3.255393305335180787e-01
-7.055250673118881877e-02 -3.213028716170645560e-01
-1.024901814252458243e-01 -3.138377372640218099e-01
-1.336691151549920242e-01 -3.031849707317654241e-01
-1.637691275792757251e-01 -2.894182956319377720e-01
-1.924768024631271779e-01 -2.726438911822816058e-01
-2.194888185288737525e-01 -2.529998221430408978e-01
-2.445152391641667866e-01 -2.306551214532902017e-01
-2.672827238450993792e-01 -2.058085296516910800e-01
-2.875376259343206953e-01 -1.786868906502152576e-01
-3.050489372710978309e-01 -1.495432177078667157e-01
-3.196110447167754831e-01 -1.186544485246183722e-01
-3.310462652530383187e-01 -8.631890098225121488e-02
-3.392071260934576560e-01 -5.285345349874193133e-02
-3.439783591284641395e-01 -1.859047563994524477e-02
-3.452785816231973004e-01 1.612546186690087466e-02
-3.430616380950465283e-01 5.094106533962292765e-02
-3.373175816850777498e-01 8.549794927108983478e-02
-3.280732770711176083e-01 1.194363825289819214e-01
-3.153926110107027059e-01 1.523991096168357262e-01
-2.993763009050236512e-01 1.840352052728685406e-01
-2.801612962914563076e-01 2.140039194401427425e-01
-2.579197728493748953e-01 2.419784688973951603e-01
-2.328577232854385226e-01 2.676497316149392680e-01
-2.052131542915766049e-01 2.907298002085705879e-01
-1.752539035807814949e-01 3.109553517136920964e-01
-1.432750957407860903e-01 3.280907922922214337e-01
-1.095962602417731580e-01 3.419311374093392253e-01
-7.455813933009666772e-02 3.523045904616774471e-01
-3.851921767571081512e-02 3.590747857818539224e-01
-1.852009459060377332e-03 3.621426653580487320e-01
3.506085797079878941e-02 3.614479624565823945e-01
7.183072171153269403e-02 3.569702695788177227e-01
1.080670766641310537e-01 3.487296753687799122e-01
1.433818415396644341e-01 3.367869499319147697e-01
1.773936446658053168e-01 3.212432746110105986e-01
2.097320804170349495e-01 3.022395197846943216e-01
2.400418898206183038e-01 2.799550656789673853e-01
2.679870146969353106e-01 2.546061767154635391e-01
2.932544769315426625e-01 2.264439430029515088e-01
3.155580359546134028e-01 1.957518079095069419e-01
3.346415795781521041e-01 1.628427058203695543e-01
3.502822059941614885e-01 1.280558391230000315e-01
3.622929579414407852e-01 9.175312810065745783e-02
3.705251737711133253e-01 5.431537169637058737e-02
3.748704243402889436e-01 1.613816097187094692e-02
3.752620092917569594e-01 -2.237240952294725083e-02
3.716759912814002198e-01 -6.080418438346386900e-02
3.641317520347688297e-01 -9.874349359110641544e-02
3.526920596858297285e-01 -1.357797502540832868e-01
3.374626426062836693e-01 -1.715100466537669011e-01
3.185912708018880934e-01 -2.055436949602211794e-01
2.962663518596825307e-01 -2.375066591945530492e-01
2.707150543024511857e-01 -2.670458258895279102e-01
2.422009769695272208e-01 -2.938330624278799319e-01
2.110213886222931379e-01 -3.175690142060565435e-01
1.775040672964182664e-01 -3.379865945574087593e-01
1.420037739217025752e-01 -3.548541247425349154e-01
1.048984009565350067e-01 -3.679780881607661591e-01
6.658483310387561249e-02 -3.772054563610315880e-01
2.747457355020253150e-02 -3.824255611274866018e-01
-1.201081276107484122e-02 -3.835714959448597861e-01
-5.144439189109165089e-02 -3.806210196746975805e-01
-9.039863310235657368e-02 -3.735969521830667661e-01
-1.284502049056109596e-01 -3.625670552110631939e-01
-1.651847388489334212e-01 -3.476433979297532395e-01
-2.002015051072491836e-01 -3.289812128048351103e-01
-2.331179447855897535e-01 -3.067772535354132968e-01
-2.635740053857955623e-01 -2.812676728481393607e-01
-2.912362280869170705e-01 -2.527254437461976533e-01
-3.158015383287673949e-01 -2.214573533581106202e-01
-3.370006946319718533e-01 -1.878006037333340705e-01
-3.546013545946020695e-01 -1.521190587235437541e-01
-3.684107215258415335e-01 -1.147991804089817380e-01
-3.782777401551087326e-01 -7.624570232278160553e-02
-3.840948152286727257e-01 -3.687708994409483881e-02
-3.857990325078043403e-01 2.879158468273680833e-03
-3.833728676413885594e-01 4.259131567960820069e-02
-3.768443745267362477e-01 8.182827762342488598e-02
-3.662868510177662018e-01 1.201644070060919750e-01
-3.518179861110666273e-01 1.571843116084034875e-01
-3.335984989585627503e-01 1.924875013347192854e-01
-3.118302861422914685e-01 2.256928695615550984e-01
-2.867541021062081086e-01 2.564429495304475504e-01
-2.586467914831400150e-01 2.844078883678484715e-01
-2.278181149575121689e-01 3.092890955074534265e-01
-1.946072101468296345e-01 3.308225318119619729e-01
-1.593787212795569896e-01 3.487815931293288818e-01
-1.225186469960848623e-01 3.629795579822045481e-01
-8.442995566525245132e-02 3.732715720291921446e-01
-4.552802023400391584e-02 3.795561475718998157e-01
-6.235926605331632185e-03 3.817761622641824837e-01
3.302028915280978000e-02 3.799193472345091527e-01
7.181641884123723951e-02 3.740182609821886550e-01
1.097348195445730090e-01 3.641497515754446579e-01
1.463690553159959773e-01 3.504339157863898269e-01
1.813283894417981323e-01 3.330325697682762764e-01
2.142420756679909999e-01 3.121472516396279762e-01
2.447633994641446042e-01 2.880167818167286842e-01
2.725734236758152185e-01 2.609144120632475583e-01
2.973843967314721559e-01 2.311445989412427571e-01
3.189427858712632347e-01 1.990394415948199547e-01
3.370319025958243286e-01 1.649548275261891739e-01
3.514740926310258029e-01 1.292663331906319102e-01
3.621324681022237146e-01 9.236492880644048276e-02
3.689121652389883987e-01 5.465253872065156671e-02
3.717611167158048069e-01 1.653750997210287274e-02
3.706703336018241646e-01 -2.156995766079705668e-02
3.656737013786633961e-01 -5.926236965867880818e-02
3.568472845022132578e-01 -9.613942336500563846e-02
3.443081620723193459e-01 -1.318123731153891254e-01
3.282128182855688081e-01 -1.659082331119459408e-01
3.087550990127425621e-01 -1.980737633702863709e-01
2.861637664746896070e-01 -2.279791968125617352e-01
2.606996843200338754e-01 -2.553216671812282845e-01
2.326526694241285442e-01 -2.798283014402744295e-01
2.023380502544657455e-01 -3.012589447181947544e-01
1.700929746450656477e-01 -3.194084905700303456e-01
1.362725122602377048e-01 -3.341087943307776698e-01
1.012455988832236670e-01 -3.452301525331269438e-01
6.539087092211119667e-02 -3.526823367007691501e-01
2.909243917655380401e-02 -3.564151752354753899e-01
-7.264349045319271579e-03 -3.564186825229431754e-01
-4.329711092158372576e-02 -3.527227397211413207e-01
-7.863054481683863506e-02 -3.453963368995620620e-01
-1.129004169723660661e-01 -3.345463912051442890e-01
-1.457573746882880050e-01 -3.203161604809491303e-01
-1.768705452091656749e-01 -3.028832762015046254e-01
-2.059308826828497030e-01 -2.824574236636405167e-01
-2.326542291224462378e-01 -2.592777010386918546e-01
-2.567840592112113907e-01 -2.336096921123559655e-01
-2.780938829945986956e-01 -2.057422902799150022e-01
-2.963892849442934518e-01 -1.759843136015061260e-01
-3.115095870550962376e-01 -1.446609501905206929e-01
-3.233291090065500417e-01 -1.121100813352251813e-01
-3.317580294366378468e-01 -7.867852663394082902e-02
-3.367428540362076839e-01 -4.471824652868464089e-02
-3.382664781442011326e-01 -1.058255110069530880e-02
-3.363478554566465273e-01 2.337764395954032917e-02
-3.310412839294412102e-01 5.681747352324052758e-02
-3.224353241244186097e-01 8.940165252026754938e-02
-3.106513691391872833e-01 1.208078422392783458e-01
-2.958418888315465511e-01 1.507298195843526090e-01
-2.781883742619436495e-01 1.788804184582169776e-01
-2.578990111010729946e-01 2.049942157534074827e-01
-2.352061131588690235e-01 2.288299379891614027e-01
-2.103633491664782529e-01 2.501725683823569635e-01
-1.836427974712086519e-01 2.688351380330826212e-01
-1.553318643791171128e-01 2.846601888865862851e-01
-1.257301025001702210e-01 2.975209001508743456e-01
-9.514596562222393805e-02 3.073218738515579584e-01
-6.389353637364984795e-02 3.139995791428186189e-01
-3.228926224699959352e-02 3.175224588180802221e-01
-6.487344694960429405e-04 3.178907051315507104e-01
3.071645725314578121e-02 3.151357155111573216e-01
6.150176289438066823e-02 3.093192419774158375e-01
9.141257404990565938e-02 3.005322510487132837e-01
1.201669629297538455e-01 2.888935135832930712e-01
1.474982395536750812e-01 2.745479449654885662e-01
1.731572892300898836e-01 2.576647212507184315e-01
1.969146837971810504e-01 2.384352001676098842e-01
2.185625617578884627e-01 2.170706670453063369e-01
2.379162486718241487e-01 1.937999364700567773e-01
2.548156141722783818e-01 1.688668377911357321e-01
2.691261596398177303e-01 1.425276130326267598e-01
2.807398336175500608e-01 1.150482556704665593e-01
2.895755750117995353e-01 8.670181831576082021e-02
2.955795869525669750e-01 5.776571662565718746e-02
2.987253468609084028e-01 2.851905576528046549e-02
2.990133607589891551e-01 -7.599955055106862251e-04
2.964706721406557000e-01 -2.979675952007096104e-02
2.911501377775413402e-01 -5.832251123374167234e-02
2.831294846537448229e-01 -8.607682648801534553e-02
2.725101637909522756e-01 -1.128097988627713849e-01
2.594160180396042903e-01 -1.382841090247026172e-01
2.439917819685252509e-01 -1.622769326008236812e-01
2.264014327873907773e-01 -1.845816747609272113e-01
2.068264117892585630e-01 -2.050095218522103302e-01
1.854637361132870921e-01 -2.233908025649543883e-01
1.625240207129481640e-01 -2.395761531941500155e-01
1.382294302874686742e-01 -2.534374835748136046e-01
1.128115806112032771e-01 -2.648687421876638748e-01
8.650940819631733336e-02 -2.737864807389809862e-01
5.956702090303518660e-02 -2.801302198188583836e-01
3.223156429426970310e-02 -2.838626177271998396e-01
4.751108875200106378e-03 -2.849694532260105273e-01
-2.262743816749175282e-02 -2.834594235878419299e-01
-4.966036481123710378e-02 -2.793637650977487952e-01
-7.610912179055838445e-02 -2.727357050775273128e-01
-1.017422136260067306e-01 -2.636497544152693329e-01
-1.263370019141463740e-01 -2.522008502303803024e-01
-1.496814108305355162e-01 -2.385033588170923646e-01
-1.715755258999395183e-01 -2.226899493984819678e-01
-1.918330781529690443e-01 -2.049103494999979513e-01
-2.102828068055884736e-01 -1.853299929296182424e-01
-2.267696945595531199e-01 -1.641285714449111088e-01
-2.411560705223839141e-01 -1.414985012098426975e-01
-2.533225765820277253e-01 -1.176433151105608088e-01
-2.631689938433609544e-01 -9.277599192368633785e-02
-2.706149264429282830e-01 -6.711723322627503874e-02
-2.756003407086783930e-01 -4.089369881599122514e-02
-2.780859582287661946e-01 -1.433621128425494398e-02
-2.780535019452244905e-01 1.232205973628253126e-02
-2.755057949032908016e-01 3.884742323788390600e-02
-2.704667117753329353e-01 6.500749209687595176e-02
-2.629809837502638525e-01 9.057299767509353894e-02
-2.531138578460832567e-01 1.153195835598027075e-01
-2.409506121757253594e-01 1.390295682628900076e-01
-2.265959234876728512e-01 1.614936673289829316e-01
-2.101731064641058910e-01 1.825126601792146086e-01
-1.918232174995044004e-01 2.018989993236141867e-01
-1.717040138942907967e-01 2.194783490643440471e-01
-1.499887900281512143e-01 2.350910403039276064e-01
-1.268650901190372104e-01 2.485934331142215792e-01
-1.025333033394014715e-01 2.598591769166463950e-01
-7.720514786850704581e-02 2.687803582282474180e-01
-5.110205131954246444e-02 2.752685260947813628e-01
-2.445343588788198574e-02 2.792555855746826632e-01
2.505082485160136947e-03 2.806945499695233659e-01
2.953357065998250819e-02 2.795601429297097651e-01
5.638971928709411024e-02 2.758492421097056280e-01
8.283083596322957098e-02 2.695811567146338961e-01
1.086158772909078807e-01 2.607977320773531837e-01
1.335075056145876848e-01 2.495632753375961743e-01
1.572741552915598584e-01 2.359642973655904363e-01
1.796920925081615106e-01 2.201090672822364480e-01
2.005474518923293648e-01 2.021269772740075243e-01
2.196382325226953758e-01 1.821677168779466949e-01
2.367762354129399616e-01 1.604002575120864749e-01
2.517889241779314169e-01 1.370116497379130771e-01
2.645211903842139001e-01 1.122056375497205299e-01
2.748370050691130717e-01 8.620109587353724789e-02
2.826209380956554718e-01 5.923029940571164498e-02
2.877795219554473705e-01 3.153703143967555300e-02
2.902424585309643645e-01 3.374551722546640514e-03
2.899636434457074086e-01 -2.499657176895913810e-02
2.869219798330489013e-01 -5.331075041154664795e-02
2.811219837950468259e-01 -8.129975830270580461e-02
2.725941640909728680e-01 -1.086951943693287154e-01
2.613951653781957929e-01 -1.352310019150689824e-01
2.476076663387519750e-01 -1.606460228333446705e-01
2.313400262381570816e-01 -1.846865624335984335e-01
2.127256758601916986e-01 -2.071089397681162847e-01
1.919222513202382407e-01 -2.276819975311756006e-01
1.691104719543787827e-01 -2.461895450549800302e-01
1.444927662827746040e-01 -2.624327076683288240e-01
1.182916529217586388e-01 -2.762321557315525200e-01
9.074788623494933759e-02 -2.874301870285341787e-01
6.211837943278115948e-02 -2.958926368931663053e-01
3.267392071376463980e-02 -3.015105914785423113e-01
2.696700850059403735e-03 -3.042018809431339399e-01
-2.752232668544241784e-02 -3.039123310249678411e-01
-5.768622941332923054e-02 -3.006167534932754903e-01
-8.749499737988626624e-02 -2.943196582932692262e-01
-1.166485344298274635e-01 -2.850556728146745877e-01
-1.448497092758821991e-01 -2.728896565948173425e-01
-1.718074348770443904e-01 -2.579165028842014817e-01
-1.972397434249613946e-01 -2.402606218241448988e-01
-2.208768183048128719e-01 -2.200751014055809807e-01
-2.424639634252218068e-01 -1.975405566596625528e-01
-2.617644683427405861e-01 -1.728636626763590256e-01
-2.785623229918442467e-01 -1.462753798931377414e-01
-2.926647640721476429e-01 -1.180288921204780267e-01
-3.039046167964221112e-01 -8.839727089256528558e-02
-3.121424018059853478e-01 -5.767088643733832287e-02
-3.172681790803747459e-01 -2.615458897832584340e-02
-3.192031030848254125e-01 5.835312704300148201e-03
-3.179006661911153997e-01 3.797424556118904337e-02
-3.133476105483051222e-01 6.993270684752937727e-02
-3.055644920378985940e-01 1.013797040873742894e-01
-2.946058836860214192e-01 1.319862635744042390e-01
-2.805602098817405188e-01 1.614289690053409831e-01
-2.635492069198401843e-01 1.893934907308486570e-01
-2.437270096988131685e-01 2.155780654596815005e-01
-2.212788688081032962e-01 2.396968860834245152e-01
-1.964195066780126675e-01 2.614833616137060557e-01
-1.693911258848023182e-01 2.806932080471729041e-01
-1.404610870451647731e-01 2.971073322951516826e-01
-1.099192779411366089e-01 3.105344731274503611e-01
-7.807519953209043906e-02 3.208135653691289724e-01
-4.525479827963824198e-02 3.278157963346350900e-01
-1.179707768134491408e-02 3.314463266583193568e-01
2.194947496959325645e-02 3.316456512507066634e-01
5.563060311437556527e-02 3.283905775681215111e-01
8.889010891827719973e-02 3.216948147375870981e-01
1.213737455344279098e-01 3.116091515824039870e-01
1.527331174671300584e-01 2.982212147002245572e-01
1.826295580052317291e-01 2.816548131309638547e-01
2.107379344485112993e-01 2.620688690971808010e-01
2.367503362391711053e-01 2.396559427289981226e-01
2.603796019822676722e-01 2.146403636354705380e-01
2.813626427657774931e-01 1.872759870364752999e-01
2.994635211617788229e-01 1.578435968603748574e-01
3.144762477863248806e-01 1.266479826809629172e-01
3.262272602912534847e-01 9.401472155278840781e-02
3.345775531237999978e-01 6.028669965016689170e-02
3.394244302802919555e-01 2.582041206917595408e-02
3.407028575532091152e-01 -9.017917834558986448e-03
3.383863953757720311e-01 -4.385635566940845886e-02
3.324876982493769617e-01 -7.832136388009712513e-02
3.230585718368802484e-01 -1.120419528976744766e-01
3.101895840557877815e-01 -1.446538273117020656e-01
2.940092318441152597e-01 -1.758034785157644719e-01
2.746826706306061960e-01 -2.051521755831662019e-01
2.524100188519115551e-01 -2.323798070354496925e-01
2.274242550541090147e-01 -2.571885276650509589e-01
1.999887301274835272e-01 -2.793061666500413209e-01
1.703943219866340397e-01 -2.984893558308499006e-01
1.389562689926683026e-01 -3.145263373860898715e-01
1.060107055465296100e-01 -3.272394270994145593e-01
7.191094488958908737e-02 -3.364870922578724888e-01
3.702356361358991044e-02 -3.421656156165160390e-01
1.724320017222641388e-03 -3.442103340041770543e-01
-3.360604239889571077e-02 -3.425964320340583735e-01
-6.858605727233108018e-02 -3.373392804130981859e-01
-1.028378135918027736e-01 -3.284943138103570415e-01
-1.359911995019347786e-01 -3.161564487900780374e-01
-1.676880617227027859e-01 -3.004590478691015476e-01
-1.975862315311692763e-01 -2.815724412502129126e-01
-2.253633697881623488e-01 -2.597020231426104830e-01
-2.507205856196895177e-01 -2.350859447393871537e-01
-2.733857860559917308e-01 -2.079924308136577860e-01
-2.931167171566794183e-01 -1.787167514569763804e-01
-3.097036608677964931e-01 -1.475778846575103165e-01
-3.229717560188777314e-01 -1.149149091475683560e-01
-3.327829164221918212e-01 -8.108317019281666149e-02
-3.390373239243647530e-01 -4.645026370749777422e-02
-3.416744794200252677e-01 -1.139188622679810498e-02
-3.406738002020525125e-01 2.371240017780881781e-02
-3.360547575248273855e-01 5.848343801110031381e-02
-3.278765538252745859e-01 9.254672914464862066e-02
-3.162373446103066144e-01 1.255366242403871124e-01
-3.012730155076073224e-01 1.571003976875771924e-01
-2.831555347574692960e-01 1.869021572686521415e-01
-2.620908901750486630e-01 2.146265547843195509e-01
-2.383166412621988417e-01 2.399822434729100840e-01
-2.120991287065617792e-01 2.627050388375926082e-01
-1.837303628661590693e-01 2.825607576994336734e-01
-1.535246329903874329e-01 2.993476995770797955e-01
-1.218148784853818611e-01 3.128987430628454858e-01
-8.894886618301348080e-02 3.230830346619801841e-01
-5.528521966371405250e-02 3.298072526123303483e-01
-2.118934819021568716e-02 3.330164334396267800e-01
1.297067628368213203e-02 3.326943543612544407e-01
4.682824526594046854e-02 3.288634700594235127e-01
8.002229458569332099e-02 3.215844077337642881e-01
1.122012924121099653e-01 3.109550296447697870e-01
1.430270883770303481e-01 2.971090775061189793e-01
1.721785797972510967e-01 2.802144180110944238e-01
1.993551535733092406e-01 2.604709134248185953e-01
2.242798654145752302e-01 2.381079454827817465e-01
2.467023215618647236e-01 2.133816247549306933e-01
2.664012320994874616e-01 1.865717211168160528e-01
2.831866092147254377e-01 1.579783539744921139e-01
2.969015883161662539e-01 1.279184833842251512e-01
3.074238547018701695e-01 9.672224516484542733e-02
3.146666634104007265e-01 6.472917450036480558e-02
3.185794449271563966e-01 3.228436336144355906e-02
3.191479988127250977e-01 -2.653988629455676196e-04
3.163942667162500944e-01 -3.257546971850332901e-02
3.103756964309388744e-01 -6.430712623868543865e-02
3.011842215618704133e-01 -9.513121748236208486e-02
2.889448614962278894e-01 -1.247316685667995001e-01
2.738139664012381735e-01 -1.528087928881543545e-01
2.559771325526656316e-01 -1.790823767334827898e-01
2.356468168812850539e-01 -2.032945037479423900e-01
2.130596827958701756e-01 -2.252120903356839288e-01
1.884737120642607788e-01 -2.446291069909930505e-01
1.621651197808687828e-01 -2.613684647223599167e-01
1.344251111981783209e-01 -2.752835500886567921e-01
1.055565204369655619e-01 -2.862593968541538025e-01
7.587037180777511658e-02 -2.942134868275514403e-01
4.568240467436469887e-02 -2.990961770194317526e-01
1.530960247503459874e-02 -3.008907547732421750e-01
-1.493323429653897576e-02 -2.996131269395174712e-01
-4.473683264323370656e-02 -2.953111534163191387e-01
-7.380067238889465031e-02 -2.880636394188005878e-01
-1.018360576843428400e-01 -2.779790046191983888e-01
-1.285690026586710499e-01 -2.651936507716155522e-01
-1.537429020780514133e-01 -2.498700525649204529e-01
-1.771209610717062177e-01 -2.321945991985604751e-01
-1.984883614327962453e-01 -2.123752165224797039e-01
-2.176541456501447647e-01 -1.906388015021482640e-01
-2.344528076172935627e-01 -1.672285068526330187e-01
-2.487455688931511644e-01 -1.424008943808284522e-01
-2.604213356907421062e-01 -1.164230053985883667e-01
-2.693973451784937301e-01 -8.956939038121641827e-02
-2.756194904689948100e-01 -6.211911756645982496e-02
-2.790623314840295910e-01 -3.435279976336715058e-02
-2.797287995880911593e-01 -6.549672134374156206e-03
-2.776496072699939366e-01 2.101524780563034447e-02
-2.728823772994523056e-01 4.807388859522600255e-02
-2.655105086577740914e-01 7.436771443646188195e-02
-2.556417991091332609e-01 9.965015125844282895e-02
-2.434068465163043704e-01 1.236888271668144246e-01
-2.289572528926608619e-01 1.462676080836580739e-01
-2.124636567065594783e-01 1.671884123994484550e-01
-1.941136201063898836e-01 1.862727915756207386e-01
-1.741093985115529930e-01 2.033632668077027528e-01
-1.526656204188502619e-01 2.183244150402459116e-01
-1.300069053129232488e-01 2.310437007725511249e-01
-1.063654472561474107e-01 2.414320531669446324e-01
-8.197859108512153825e-02 2.494241909300425886e-01
-5.708642717923482351e-02 2.549787002459614205e-01
-3.192942951722804734e-02 2.580778736661197281e-01
-6.746160228981075598e-03 2.587273202743083922e-01
1.822893788644332561e-02 2.569553596233893344e-01
4.276764133536578583e-02 2.528122138610694458e-01
6.664992423500799845e-02 2.463690195622279533e-01
8.966579223625043005e-02 2.377166587394941022e-01
1.116169592154682005e-01 2.269644418829138699e-01
1.323183670475950313e-01 2.142386718579516458e-01
1.515995313778762399e-01 1.996810910707311759e-01
1.693057094933153039e-01 1.834472379376405060e-01
1.852988866571357862e-01 1.657047326086090178e-01
1.994585794608219609e-01 1.466315115857882156e-01
2.116824568260007033e-01 1.264140303363488482e-01
2.218867812279171625e-01 1.052454522411865323e-01
2.300066744922967532e-01 8.332384127456345102e-02
2.359962141203854336e-01 6.085037469914907071e-02
2.398283675091299194e-01 3.802759081409801817e-02
2.414947726449663268e-01 1.505768543921132477e-02
2.410053748546287788e-01 -7.859130615201635056e-03
2.383879299928081397e-01 -3.052620232659761235e-02
2.336873850362334581e-01 -5.275192022571472544e-02
2.269651474423048931e-01 -7.435112138839398976e-02
2.182982548267086986e-01 -9.514639536188279623e-02
2.077784565305153264e-01 -1.149692901484784396e-01
1.955112184979501122e-01 -1.336614147083882986e-01
1.816146625885803056e-01 -1.510754356884761451e-01
1.662184510213357003e-01 -1.670759672185096467e-01
1.494626261133615019e-01 -1.815403536291253783e-01
1.314964148561028057e-01 -1.943593458267704743e-01
1.124770050127293503e-01 -2.054376789100345047e-01
9.256830467890903025e-02 -2.146945336768845969e-01
7.193969548196278707e-02 -2.220638989083096870e-01
5.076477714434177169e-02 -2.274948490165513426e-01
2.922011460865926724e-02 -2.309517210143615662e-01
7.483992191059461729e-03 -2.324142003922295974e-01
-1.426482060460475265e-02 -2.318773190402073081e-01
-3.584828752320871198e-02 -2.293513682370045270e-01
-5.709030461575700932e-02 -2.248617295403051719e-01
-7.781787665298382783e-02 -2.184486261665612161e-01
-9.786226789512662838e-02 -2.101667971646444255e-01
-1.170601243793673030e-01 -2.000850963850286102e-01
-1.352545649447439990e-01 -1.882860179440489778e-01
-1.522962381724843883e-01 -1.748651496003742478e-01
-1.680443422837229750e-01 -1.599305552164319300e-01
-1.823676048152665097e-01 -1.436020872882757260e-01
-1.951452185989051569e-01 -1.260106304087829365e-01
-2.062677302145057290e-01 -1.072972764946914515e-01
-2.156378766876108632e-01 -8.761243266909329863e-02
-2.231713657760081571e-01 -6.711486285629403303e-02
-2.287975947555540290e-01 -4.597066442133754260e-02
-2.324603021931581637e-01 -2.435218157492715849e-02
-2.341181468044211123e-01 -2.436857765798020221e-03
-2.337452071551465171e-01 1.959397010646296566e-02
-2.313313956995584064e-01 4.155633211099239027e-02
-2.268827797093213583e-01 6.326494231723815698e-02
-2.204218017913847083e-01 8.453454769980112138e-02
-2.119873990705710143e-01 1.051813159041667112e-01
-2.016350085226928379e-01 1.250242678246257233e-01
-1.894364532091285525e-01 1.438867272608395920e-01
-1.754797043936081047e-01 1.615977847151941760e-01
-1.598685145419039277e-01 1.779937650255771220e-01
-1.427219170318137775e-01 1.929196875423001278e-01
-1.241735893903804233e-01 2.062307066362362440e-01
-1.043710780227577878e-01 2.177935194924945361e-01
-8.347488369399964914e-02 2.274877274243348735e-01
-6.165740845931502734e-02 2.352071363588603692e-01
-3.910176629462909503e-02 2.408609817212351567e-01
-1.600046133902426407e-02 2.443750626978394291e-01
7.446060597734453952e-03 2.456927708086737994e-01
3.103097981010216611e-02 2.447759978805069681e-01
5.454278047120289519e-02 2.416059088967018043e-01
7.776702729090007038e-02 2.361835658159041340e-01
1.004882281358214641e-01 2.285303893046964907e-01
1.224917679421552857e-01 2.186884464198633471e-01
1.435658975941499771e-01 2.067205536009601996e-01
1.635037599043530077e-01 1.927101858861951234e-01
1.821054334464602964e-01 1.767611850327771295e-01
1.991799737878190701e-01 1.589972611913518241e-01
2.145474306740419168e-01 1.395612849334172956e-01
2.280408196528843079e-01 1.186143627248179427e-01
2.395080206181328664e-01 9.633471525876718955e-02
2.488135885727566776e-01 7.291635181411347533e-02
2.558404511005918924e-01 4.856753388612232436e-02
2.604914665967392740e-01 2.350905559509701426e-02
2.626908234468059988e-01 -2.027652873532332419e-03
2.623852593604872885e-01 -2.780258424203704490e-02
2.595450813882113628e-01 -5.356935845872932284e-02
2.541649687824140136e-01 -7.907755290321948072e-02
2.462645427962665279e-01 -1.040751367880901751e-01
2.358886897262493232e-01 -1.283109860314597117e-01
2.231076259800053863e-01 -1.515374530726346924e-01
2.080166966620041746e-01 -1.735129645671016352e-01
1.907359020870074418e-01 -1.940046186581421139e-01
1.714091497215065873e-01 -2.127907526076198153e-01
1.502032322790092245e-01 -2.296634510012696140e-01
1.273065360160491044e-01 -2.444309645430127187e-01
1.029274866493175705e-01 -2.569200096325450211e-01
7.729274369564448355e-02 -2.669779194896963470e-01
5.064515737966782116e-02 -2.744746185514684855e-01
2.324150551221327438e-02 -2.793043932213101210e-01
-4.649969131015604940e-03 -2.813874337875189591e-01
-3.275219745184256015e-02 -2.806711244354623824e-01
-6.078207248770148979e-02 -2.771310607377707180e-01
-8.845335901782176713e-02 -2.707717767935659547e-01
-1.154796954082994154e-01 -2.616271620936371778e-01
-1.415776469222996825e-01 -2.497605715199864018e-01
-1.664697860765023685e-01 -2.352646127490640449e-01
-1.898877654628676193e-01 -2.182605945219576737e-01
-2.115753402932806226e-01 -1.988976509672220616e-01
-2.312913077375413629e-01 -1.773515411536618069e-01
-2.488123274010931307e-01 -1.538231316955109562e-01
-2.639355880230595530e-01 -1.285365742321927518e-01
-2.764812866673742597e-01 -1.017371935345989797e-01
-2.862948883230636010e-01 -7.368910579617407586e-02
-2.932491359108043150e-01 -4.467259029734976100e-02
-2.972457831921697102e-01 -1.498124103486376049e-02
-2.982170259699136738e-01 1.508107196569379374e-02
-2.961266102208213735e-01 4.520339913106902197e-02
-2.909705993802771395e-01 7.507103065191704505e-02
-2.827777868579492426e-01 1.043689016234240485e-01
-2.716097439605766328e-01 1.327850444110137418e-01
-2.575604976806368795e-01 1.600140484974925947e-01
-2.407558372252658063e-01 1.857604874129560324e-01
-2.213522526522981870e-01 2.097422721938204671e-01
-1.995355134920118456e-01 2.316938911713201099e-01
-1.755188997054177857e-01 2.513694967548062986e-01
-1.495411017038996426e-01 2.685458012464455591e-01
-1.218638103724224014e-01 2.830247455897564324e-01
-9.276902204263526297e-02 2.946359072964321868e-01
-6.255608440386699332e-02 3.032386125618236061e-01
-3.153852542243772150e-02 3.087237357884522471e-01
-4.069053865447686273e-05 3.110151575901370369e-01
3.160577707349407350e-02 3.100708505290641348e-01
6.306556410127821255e-02 3.058835882667769179e-01
9.400338435590710473e-02 2.984812632656084763e-01
1.240877028086635470e-01 2.879268061639372323e-01
1.529944428316397931e-01 2.743177047250190959e-01
1.804106329401111708e-01 2.577851251001115340e-01
2.060379497457897335e-01 2.384926429900737777e-01
2.295961147873344932e-01 2.166345970730177983e-01
2.508261043979109761e-01 1.924340817267380377e-01
2.694931337834635676e-01 1.661406005525968566e-01
2.853893789968439676e-01 1.380274064434380277e-01
2.983364034724553804e-01 1.083885578759629653e-01
3.081872591976968501e-01 7.753572469552086344e-02
3.148282363993676891e-01 4.579477985053252015e-02
3.181802397681361416e-01 1.350221628195384486e-02
3.181997736802586463e-01 -1.899856955688344895e-02
3.148795235469812326e-01 -5.136108431400845942e-02
3.082485252691900546e-01 -8.323959002293015996e-02
2.983719197361341946e-01 -1.142929569176898141e-01
2.853502943189948904e-01 -1.441884715241499304e-01
2.693186183084626539e-01 -1.726055552212925059e-01
2.504447841661345819e-01 -1.992393494737517146e-01
2.289277682664340174e-01 -2.238041226667299155e-01
2.049954426283350228e-01 -2.460364655816144885e-01
1.789020541274204401e-01 -2.656982358374856412e-01
1.509253963045344149e-01 -2.825792086250305535e-01
1.213637166230256831e-01 -2.964994106360761550e-01
9.053239205513698151e-02 -3.073111079006954904e-01
5.876041215251164712e-02 -3.149004245467929564e-01
2.638671102784201014e-02 -3.191885739771864738e-01
-6.243608571635953300e-03 -3.201326886619386691e-01
-3.878311470424187363e-02 -3.177262396084299945e-01
-7.088590413324201422e-02 -3.119990415357882796e-01
-1.022114335325546852e-01 -3.030168447800251630e-01
-1.324282793077356246e-01 -2.908805199275108500e-01
-1.612177823559269030e-01 -2.757248460537690127e-01
-1.882775356408704637e-01 -2.577169181699681122e-01
-2.133246745270949152e-01 -2.370541939911338103e-01
-2.360989323721784106e-01 -2.139622043813406427e-01
-2.563654268824928639e-01 -1.886919557490878141e-01
-2.739171461552237230e-01 -1.615170562123937059e-01
-2.885771071116762787e-01 -1.327306004846675880e-01
-3.002001631233755519e-01 -1.026418511116762994e-01
-3.086744419888355906e-01 -7.157275588564290802e-02
-3.139223999776664109e-01 -3.985434295000776783e-02
-3.159014823601722366e-01 -7.823036269802394194e-03
-3.146043856236018788e-01 2.418306523280874115e-02
-3.100589185256231173e-01 5.582789968830401128e-02
-3.023274761997092330e-01 8.678110667061246508e-02
-2.915061290919655490e-01 1.167216017910364667e-01
-2.777233357702745264e-01 1.453410151422197261e-01
-2.611383068981345534e-01 1.723469599806950470e-01
-2.419390394182008019e-01 1.974660944443759336e-01
-2.203400468577918214e-01 2.204469430851810352e-01
-1.965798150023321256e-01 2.410624482210963204e-01
-1.709180151166944661e-01 2.591122246683079666e-01
-1.436325093959900934e-01 2.744244952531184056e-01
-1.150161853699245840e-01 2.868576885725912518e-01
-8.537365754820326613e-02 2.963016847172413870e-01
-5.501787566504312554e-02 3.026786990319593196e-01
-2.426667945175783533e-02 3.059437984152827417e-01
6.560660062516272817e-03 3.060850490846009908e-01
3.714687314410743818e-02 3.031232991091808993e-01
6.718005916683776613e-02 2.971116032788327366e-01
9.635695233130012194e-02 2.881343019806567041e-01
1.243860497798709858e-01 2.763057696496784565e-01
1.509905688017177117e-01 2.617688519949193937e-01
1.759112023982817852e-01 2.446930145384090816e-01
1.989086453867051629e-01 2.252722280034011870e-01
2.197658664130111572e-01 2.037226187173240000e-01
2.382901046820534718e-01 1.802799144280252674e-01
2.543145738384517407e-01 1.551967177477294735e-01
2.676998566616801134e-01 1.287396419104129830e-01
2.783349888064209354e-01 1.011863412531544687e-01
2.861382193613458691e-01 7.282247063280060384e-02
2.910574413438918318e-01 4.393861301363568422e-02
2.930703017765821095e-01 1.482720718675028040e-02
2.921839940146388481e-01 -1.422048993254435012e-02
2.884347412602024097e-01 -4.291737367537290515e-02
2.818869835571644056e-01 -7.098336346054402723e-02
2.726322836830092911e-01 -9.814814680695495286e-02
2.607879702058299443e-01 -1.241537684239194805e-01
2.464955385260488852e-01 -1.487570397636756303e-01
2.299188329484769255e-01 -1.717317471294631803e-01
2.112420347113785069e-01 -1.928706393315445244e-01
1.906674824207265084e-01 -2.119871789290842523e-01
1.684133524907051593e-01 -2.289170442437793163e-01
1.447112279720217387e-01 -2.435193725372492290e-01
1.198035845592677479e-01 -2.556777379646263393e-01
9.394122261412929387e-02 -2.653008611088260582e-01
6.738067373425229989e-02 -2.723230500226081485e-01
4.038160975421314913e-02 -2.767043757200161047e-01
1.320428110574141736e-02 -2.784305879291185115e-01
-1.389298978667707733e-02 -2.775127796114448264e-01
-4.065623591386883368e-02 -2.739868112409943324e-01
-6.683817148171140865e-02 -2.679125080920499169e-01
-9.220039564057852521e-02 -2.593726457893331117e-01
-1.165154535596175656e-01 -2.484717417488038760e-01
-1.395687457970388456e-01 -2.353346700450002771e-01
-1.611602671576035373e-01 -2.201051179598298158e-01
-1.811061592650295149e-01 -2.029439076598574809e-01
-1.992400748968635449e-01 -1.840272026130791438e-01
-2.154143452526178226e-01 -1.635446202632955259e-01
-2.295009460160991888e-01 -1.416972723736520112e-01
-2.413922603705069558e-01 -1.186957542213878947e-01
-2.510016393203626239e-01 -9.475810335341086632e-02
-2.582637617424758947e-01 -7.010774791694172892e-02
-2.631347985069486528e-01 -4.497146368369807357e-02
-2.655923867601271970e-01 -1.957735781448089601e-02
