3.061616997868383018e-17 5.000000000000000000e-01
5.170934521182393023e-02 4.972976524810092114e-01
1.028502180167677194e-01 4.892209090454129328e-01
1.528608798055646756e-01 4.758602288293222182e-01
2.011925059450447306e-01 4.573651500186156627e-01
2.473154407780642772e-01 4.339425443961155149e-01
2.907252238108077314e-01 4.058542050120713118e-01
3.309483154847345232e-01 3.734137964472247773e-01
3.675474546876149051e-01 3.369832048790838419e-01
4.001265847577210599e-01 2.969683324269918878e-01
4.283352901170373594e-01 2.538143869478934889e-01
4.518726917629098949e-01 2.080007244977803427e-01
4.704907565732919239e-01 1.600353069877946954e-01
4.839969820682676893e-01 1.104488438425243746e-01
4.922564290681787358e-01 5.978868360438275437e-02
4.951930774339484698e-01 8.612530884662178768e-03
4.927904907163642712e-01 -4.251793100704464451e-02
4.850917868717911641e-01 -9.304344099827446812e-02
4.721989173524985262e-01 -1.424135069864434500e-01
4.542712662440597793e-01 -1.900926231975370306e-01
4.315235893398856604e-01 -2.355662849390242619e-01
4.042233209701276975e-01 -2.783467303581853569e-01
3.726872839392152414e-01 -3.179783425220294446e-01
3.372778449790128641e-01 -3.540426496497982578e-01
2.983985646057983887e-01 -3.861628665911355784e-01
2.564893960997559064e-01 -4.140079265804141873e-01
2.120214934352492309e-01 -4.372959588301402745e-01
1.654916923185163757e-01 -4.557971745661686946e-01
1.174167319869893478e-01 -4.693361315610151130e-01
6.832728805283659612e-02 -4.777933549905598598e-01
1.876188840585543000e-02 -4.811063004220847983e-01
-3.073921498724438428e-02 -4.792696528342037521e-01
-7.964014564149385356e-02 -4.723349636675013841e-01
-1.274154017199227440e-01 -4.604096359051204068e-01
-1.735556849353420972e-01 -4.436552749838578724e-01
-2.175734920442741194e-01 -4.222854308408489077e-01
-2.590084053255241603e-01 -3.965627635157323860e-01
-2.974320227254710902e-01 -3.667956713664498603e-01
-3.324524697165918696e-01 -3.333344308462732331e-01
-3.637184566620759729e-01 -2.965668887126324260e-01
-3.909228281605591770e-01 -2.569137648561516940e-01
-4.138055626099552131e-01 -2.148236362209603456e-01
-4.321562051047344588e-01 -1.707676535258804140e-01
-4.458157074905865769e-01 -1.252340587412296979e-01
-4.546776612016568131e-01 -7.872256993668916292e-02
-4.586889160019089196e-01 -3.173870084894421517e-02
-4.578495852320234594e-01 1.521191759365362293e-02
-4.522124455313218383e-01 6.162914749518601937e-02
-4.418817461680046854e-01 1.070238214215328554e-01
-4.270114499820201748e-01 1.509230250156882447e-01
-4.078029344397932632e-01 1.928751260335307693e-01
-3.845021873417030500e-01 2.324544949651904113e-01
-3.573965372415802699e-01 2.692658669536795446e-01
-3.268109635706347160e-01 3.029482998167887797e-01
-2.931040357528419960e-01 3.331786885462079129e-01
-2.566635342109411244e-01 3.596748026202085669e-01
-2.179018090575939037e-01 3.821978187399415194e-01
-1.772509344207764403e-01 4.005543280987148846e-01
-1.351577177521925133e-01 4.145978039313407693e-01
-9.207862410866536618e-02 4.242295217793330409e-01
-4.847467528547550614e-02 4.293989315609142432e-01
-4.806382833712676689e-03 4.301034870681204048e-01
3.847122756346717243e-02 4.263879448455848986e-01
8.091343747907715767e-02 4.183431527003436678e-01
1.220904745548417741e-01 4.061043482439301022e-01
1.615919026325491614e-01 3.898489920526200803e-01
1.990307029609436618e-01 3.697941793660373677e-01
2.340470299719872305e-01 3.461936633517910256e-01
2.663115979642647346e-01 3.193345322769580719e-01
2.955286681693143902e-01 2.895335855537423120e-01
3.214386110840709021e-01 2.571334561225229742e-01
3.438200245346693662e-01 2.224985284877430414e-01
3.624913936176743512e-01 1.860107029232260234e-01
3.773122843689579731e-01 1.480650569148681261e-01
3.881840686641286342e-01 1.090654548204159358e-01
3.950501833864276113e-01 6.942015601655435186e-02
3.978959322407490395e-01 2.953747049904052388e-02
3.967478436825178090e-01 -1.017849096430235509e-02
3.916726032094823284e-01 -4.933192741506307877e-02
3.827755826808169060e-01 -8.753927716982203011e-02
3.701989933353781459e-01 -1.244329276057466738e-01
3.541196927405562134e-01 -1.596646703570024362e-01
3.347466789832466150e-01 -1.929088709775242105e-01
3.123183079908051774e-01 -2.238653263391838788e-01
2.870992719258241288e-01 -2.522617874340689070e-01
2.593773781253046473e-01 -2.778561297723288193e-01
2.294601690508639158e-01 -3.004381581501940346e-01
1.976714241879489187e-01 -3.198310371448500056e-01
1.643475947899827594e-01 -3.358923400036871731e-01
1.298341829496861277e-01 -3.485147304041941729e-01
9.448212037009601216e-02 -3.576262639618723593e-01
5.864420848048539081e-02 -3.631903179106357737e-01
2.267162610354491598e-02 -3.652051733923127319e-01
-1.308945231972173315e-02 -3.637032607470572221e-01
-4.830109655483411091e-02 -3.587500866900945051e-01
-8.263668983504733612e-02 -3.504428650267543133e-01
-1.157838019455642159e-01 -3.389088749452635607e-01
-1.474468436888631828e-01 -3.243035729212198071e-01
-1.773494835826887328e-01 -3.068084858611129229e-01
-2.052368110083794828e-01 -2.866289143029936981e-01
-2.308772334181046215e-01 -2.639914752844405021e-01
-2.540640985792015916e-01 -2.391415148910533417e-01
-2.746170361385488756e-01 -2.123404205276976375e-01
-2.923830159893047731e-01 -1.838628626292655721e-01
-3.072371239796047315e-01 -1.539939948717306828e-01
-3.190830583850708946e-01 -1.230266409853114778e-01
-3.278533532458329236e-01 -9.125849504018181124e-02
-3.335093371203595169e-01 -5.898936060453626590e-02
-3.360408380137699380e-01 -2.651845249978230373e-02
-3.354656471832595521e-01 5.858216965866257057e-03
-3.318287561987030010e-01 3.785034737950918743e-02
-3.252013830379685833e-01 6.917573738650616144e-02
-3.156798041242183106e-01 9.956253393038054511e-02
-3.033840184526442885e-01 1.287513191961546788e-01
-2.884562414597591773e-01 1.564970604629485063e-01
-2.710592518959969999e-01 1.825708826156593190e-01
-2.513746356717479480e-01 2.067616387336863037e-01
-2.296009222687227513e-01 2.288773084774473887e-01
-2.059516380232605248e-01 2.487462083784621469e-01
-1.806532942811666931e-01 2.662180123517935426e-01
-1.539433278208097444e-01 2.811645823377481590e-01
-1.260680102180589957e-01 2.934806104185245790e-01
-9.728034200832397227e-02 3.030840750390715321e-01
-6.783794661214390120e-02 3.099165150875209385e-01
-3.800097805561564873e-02 3.139431265604690213e-01
-8.030055558104688684e-03 3.151526873565767550e-01
2.181576290183115385e-02 3.135573164160482817e-01
5.128095687655123691e-02 3.091920739637052939e-01
8.011545934196816210e-02 3.021144100320838910e-01
1.080765028045877763e-01 2.924034687526972931e-01
1.349303870422594864e-01 2.801592561241480484e-01
1.604541606393008746e-01 2.655016791118535724e-01
1.844372091468101105e-01 2.485694640231518315e-01
2.066827432958335542e-01 2.295189621508606503e-01
2.270091812154277355e-01 2.085228507047859059e-01
2.452514190632389679e-01 1.857687370704817764e-01
2.612619848692767088e-01 1.614576744625551563e-01
2.749120707326916380e-01 1.358025970891970913e-01
2.860924409016694647e-01 1.090267006112878578e-01
2.947142127552098145e-01 8.136172177923826909e-02
3.007094912161643041e-01 5.304616333388356003e-02
3.040318690549266845e-01 2.432350861023539063e-02
3.046567871197672361e-01 -4.559619288373972269e-03
3.025817494415692366e-01 -3.335532668308158200e-02
2.978263902910612826e-01 -6.181633718367217367e-02
2.904323906515559051e-01 -8.969788811186212019e-02
2.804632420249148494e-01 -1.167596249233334993e-01
2.680038560243037660e-01 -1.427674826006621878e-01
2.531600188335045298e-01 -1.674955425163474620e-01
2.360576903363547641e-01 -1.907278528024484165e-01
2.168421485458251752e-01 -2.122601998279358693e-01
1.956769808921426657e-01 -2.319018179950314562e-01
1.727429249621880158e-01 -2.494770247402866292e-01
1.482365624140196403e-01 -2.648267673838661795e-01
1.223688710137342817e-01 -2.778100683302425211e-01
9.536364104680415676e-02 -2.883053551032694894e-01
6.745576372938312526e-02 -2.962116618151490188e-01
3.888940067107934245e-02 -3.014496889373703969e-01
9.916044900924406852e-03 -3.039627086755688490e-01
-1.920751455796585253e-02 -3.037173038600641806e-01
-4.822131111486640392e-02 -3.007039290578343849e-01
-7.686438715752316742e-02 -2.949372835948566585e-01
-1.048770324636595919e-01 -2.864564873518099519e-01
-1.320030495081379873e-01 -2.753250721355323116e-01
-1.579920585678057654e-01 -2.616307229541862678e-01
-1.826017849508101143e-01 -2.454847978509968331e-01
-2.056003059974003677e-01 -2.270216719519497495e-01
-2.267682637865715556e-01 -2.063978440701528250e-01
-2.459010099446999331e-01 -1.837908260321134413e-01
-2.628106605133804785e-01 -1.593978185493298283e-01
-2.773280388274702579e-01 -1.334341797948605246e-01
-2.893044846088390631e-01 -1.061316952304280914e-01
-2.986135080074690529e-01 -7.773665963443983362e-02
-3.051522681263594272e-01 -4.850778467251094100e-02
-3.088428566534188735e-01 -1.871394769599092969e-02
-3.096333685909528066e-01 1.136820028389015462e-02
-3.074987437161081916e-01 4.145674735322677634e-02
-3.024413643137944807e-01 7.126713209677965066e-02
-2.944913968827931883e-01 1.005148297468679147e-01
-2.837068679074741806e-01 1.289180875909479440e-01
-2.701734663889459598e-01 1.562006828040739537e-01
-2.540040686137349790e-01 1.820946748024898088e-01
-2.353379835749108417e-01 2.063431234442751061e-01
-2.143399205163262489e-01 2.287027439534633777e-01
-1.911986832087382848e-01 2.489464693323990563e-01
-1.661255987482746777e-01 2.668658912662599247e-01
-1.393526918522952351e-01 2.822735511218781856e-01
-1.111306187731990608e-01 2.950050536034989346e-01
-8.172639522058580686e-02 3.049209953142508200e-01
-5.142087789919684571e-02 3.119086352906868531e-01
-2.050607793506934243e-02 3.158833030090125171e-01
1.071764481515252894e-02 3.167895739422302293e-01
4.194453529935018160e-02 3.146021430837011024e-01
7.286649389624805240e-02 3.093263962130822220e-01
1.031761926093524712e-01 3.009986675493119823e-01
1.325702239292548268e-01 2.896861758050832125e-01
1.607522484603635393e-01 2.754866341969704480e-01
1.874361067955752358e-01 2.585275336328265450e-01
2.123488609180729236e-01 2.389651020483104793e-01
2.352337306242524295e-01 2.169829466507536830e-01
2.558528911009904094e-01 1.927903896028601571e-01
2.739900988538758186e-01 1.666205113920707914e-01
2.894531146645009101e-01 1.387279197348453563e-01
3.020758941424953603e-01 1.093862653104605148e-01
3.117205187142722544e-01 7.888552885929360492e-02
3.182788425323631043e-01 4.752910717112788369e-02
3.216738337683658910e-01 1.563072818760373808e-02
3.218605920356251149e-01 -1.648877218914874404e-02
3.188270272371599989e-01 -4.850477698742067245e-02
3.125941889080154357e-01 -8.009228255585208733e-02
3.032162390739343016e-01 -1.109293230671526131e-01
2.907800657317541337e-01 -1.407003870074463037e-01
2.754045382205746462e-01 -1.690997872363498022e-01
2.572394339586783762e-01 -1.958349579930728224e-01
2.364639677327244338e-01 -2.206296163106207242e-01
2.132849991922602939e-01 -2.432267480251208980e-01
1.879349783042844890e-01 -2.633914241617021923e-01
1.606695745106714035e-01 -2.809133846725644923e-01
1.317650407536744006e-01 -2.956093652007140693e-01
1.015153406096247213e-01 -3.073251391806555710e-01
7.022906971398666653e-02 -3.159372507455711077e-01
3.822620524351937055e-02 -3.213544173867489140e-01
5.834719408601451648e-03 -3.235185850631748794e-01
-2.661290532899885167e-02 -3.224056224412616412e-01
-5.878322028483037170e-02 -3.180256451076278745e-01
-9.034537395397655712e-02 -3.104229648899301530e-01
-1.209746545494904818e-01 -2.996756637884525620e-01
-1.503559715621969606e-01 -2.858947964096321126e-01
-1.781872368360832570e-01 -2.692232291467825389e-01
-2.041826067427966462e-01 -2.498341286181611776e-01
-2.280755485956655337e-01 -2.279291159944002998e-01
-2.496216964492376511e-01 -2.037361077741166315e-01
-2.686014638598509530e-01 -1.775068672487761234e-01
-2.848223840061648859e-01 -1.495142942892523086e-01
-2.981211507503639946e-01 -1.200494841443967009e-01
-3.083653377210199276e-01 -8.941858862816154385e-02
-3.154547762733815319e-01 -5.793951535300955608e-02
-3.193225771844168670e-01 -2.593850251545667604e-02
-3.199358108294774183e-01 6.253394593430034940e-03
-3.172957593078808980e-01 3.830386846991288424e-02
-3.114377940319567606e-01 6.988291202125507251e-02
-3.024309322802293254e-01 1.006663422090735699e-01
-2.903770002575002396e-01 1.303392522964764433e-01
-2.754094392907183719e-01 1.585993510867142742e-01
-2.576917699491126368e-01 1.851601519613883529e-01
-2.374157327856916133e-01 2.097539764318181177e-01
-2.147991280619441223e-01 2.321347392367853757e-01
-1.900833801941939627e-01 2.520804847223775957e-01
-1.635308557084054759e-01 2.693956472890676190e-01
-1.354219661746706160e-01 2.839130120473693508e-01
-1.060520898824573455e-01 2.954953554426284490e-01
-7.572834788748783463e-02 3.040367494450201824e-01
-4.476627149100188136e-02 3.094635169033362332e-01
-1.348639918821825136e-02 3.117348297797126744e-01
1.778915836302573383e-02 3.108429461651804337e-01
4.874014675233677429e-02 3.068130861705788415e-01
7.905155141434991317e-02 2.997029509419543714e-01
1.084168990828032059e-01 2.896018931132924856e-01
1.365414410652122656e-01 2.766297509332125704e-01
1.631451840114427898e-01 2.609353620392498851e-01
1.879657359469247280e-01 2.426947763598173158e-01
2.107609377965448672e-01 2.221091908595457243e-01
2.313112534036411150e-01 1.994026317720418995e-01
2.494219161124245909e-01 1.748194177360806179e-01
2.649247460806406496e-01 1.486214087616613555e-01
2.776796609211321654e-01 1.210851088941508197e-01
2.875759150897537197e-01 9.249865154936283418e-02
2.945329924399020527e-01 6.315868179022156303e-02
2.985011666656716134e-01 3.336718079703697437e-02
2.994617275936999889e-01 3.428268005874613236e-03
2.974268750831709496e-01 -2.635498386047639696e-02
2.924392860118210646e-01 -5.568368630222048782e-02
2.845713634193356989e-01 -8.426619157672815552e-02
2.739241803067833381e-01 -1.118210361642932027e-01
2.606261338132214167e-01 -1.380797408446585439e-01
2.448313284731494788e-01 -1.627894391561028886e-01
2.267177099697099962e-01 -1.857153083905693225e-01
2.064849732110085323e-01 -2.066427799143820132e-01
1.843522706477550566e-01 -2.253795084574325147e-01
1.605557485012676644e-01 -2.417570830453217579e-01
1.353459399679460273e-01 -2.556324654185112011e-01
1.089850455007526503e-01 -2.668891450487700379e-01
8.174413093604979141e-02 -2.754380031846517252e-01
5.390027453578433853e-02 -2.812178816933535441e-01
2.573369395582570870e-02 -2.841958557757483517e-01
-2.475116259087320469e-03 -2.843672128757970263e-01
-3.044820680113418179e-02 -2.817551432478986317e-01
-5.791292656073846606e-02 -2.764101506511815187e-01
-8.460459338865849999e-02 -2.684092039634689564e-01
-1.102690167216362066e-01 -2.578546082128546635e-01
-1.346648677740414635e-01 -2.448726475223154397e-01
-1.575659113828577207e-01 -2.296120276215505018e-01
-1.787630382072610824e-01 -2.122421065028245457e-01
-1.980660924135473622e-01 -1.929509478177424131e-01
-2.153054803550549789e-01 -1.719432204006920151e-01
-2.303335484070349048e-01 -1.494379683475475507e-01
-2.430257208197298957e-01 -1.256662768231805172e-01
-2.532813911759896341e-01 -1.008688592195602918e-01
-2.610245637503653127e-01 -7.529359144262404158e-02
-2.662042437338861811e-01 -4.919301897903657905e-02
-2.687945778833392696e-01 -2.282186199497938592e-02
-2.687947496488639065e-01 3.565456937352242534e-03
-2.662286352040152959e-01 2.971723878666996874e-02
-2.611442290260027610e-01 5.538686510166425381e-02
-2.536128497311020413e-01 8.033506487809613517e-02
-2.437281387446312286e-01 1.043320714836099422e-01
-2.316048660628332589e-01 1.271596515163462560e-01
-2.173775588351115895e-01 1.486129892474491454e-01
-2.011989697517514164e-01 1.685024121740684167e-01
-1.832384032601294399e-01 1.866549451630644119e-01
-1.636799184500883075e-01 2.029156826713689188e-01
-1.427204280477967213e-01 2.171489705624894961e-01
-1.205677133410114343e-01 2.292393910764944365e-01
-9.743836954159122710e-02 2.390925554277960052e-01
-7.355571486278432436e-02 2.466356717240648644e-01
-4.914768084675583126e-02 2.518179129884681178e-01
-2.444468633971414936e-02 2.546106003373539983e-01
3.224711692081349808e-04 2.550071763003838865e-01
2.492469231035595104e-02 2.530229830880860176e-01
4.913660342795770491e-02 2.486948520916662519e-01
7.273851869142601567e-02 2.420805123203529641e-01
9.551832146348090968e-02 2.332578267727621890e-01
1.172732508045052219e-01 2.223238668959913455e-01
1.378115802004815926e-01 2.093938363068526542e-01
1.569541768625357658e-01 1.945998558329794237e-01
1.745359312444900446e-01 1.780896226783994785e-01
1.904070477469445577e-01 1.600249571309824981e-01
2.044341889090179887e-01 1.405802507118059375e-01
2.165014667201489162e-01 1.199408300240373260e-01
2.265112760035187245e-01 9.830125079730957227e-02
2.343849661202296597e-01 7.586353674951129555e-02
2.400633485113085053e-01 5.283537790875571932e-02
2.435070388260694718e-01 2.942830296173509774e-02
2.446966335747774723e-01 5.855840028403699708e-03
2.436327223865647207e-01 -1.766831998524610869e-02
2.403357380471120852e-01 -4.093214362701243225e-02
2.348456475324263437e-01 -6.372704529112105387e-02
2.272214882439266281e-01 -8.584963477368304230e-02
2.175407564338719124e-01 -1.071034132470995298e-01
2.058986469877025771e-01 -1.273003947046155993e-01
1.924071584051020856e-01 -1.462626483968189617e-01
1.771940723723386124e-01 -1.638237593719933105e-01
1.604018099992332858e-01 -1.798301862714060673e-01
1.421861762939146401e-01 -1.941425104763704057e-01
1.227150025441363923e-01 -2.066365680212896572e-01
1.021666968568120948e-01 -2.172044564554679036e-01
8.072871364324589460e-02 -2.257554096345754935e-01
5.859595332630367776e-02 -2.322165342497402585e-01
3.596910398677095888e-02 -2.365334027582474963e-01
1.305293705829171924e-02 -2.386704982646518924e-01
-9.945430478155105683e-03 -2.386115078146192892e-01
-3.281829466078097640e-02 -2.363594615058864645e-01
-5.535913090247651658e-02 -2.319367157908882870e-01
-7.736435499021906970e-02 -2.253847803431006380e-01
-9.863506547395134438e-02 -2.167639888824967886e-01
-1.189787541490756051e-01 -2.061530154026326167e-01
-1.382109713681334839e-01 -1.936482383100018856e-01
-1.561569330263974931e-01 -1.793629560717728000e-01
-1.726530562578996730e-01 -1.634264590661486938e-01
-1.875484111576969926e-01 -1.459829634347871719e-01
-2.007060762175484625e-01 -1.271904138425400121e-01
-2.120043856296293938e-01 -1.072191631486599378e-01
-2.213380571798894692e-01 -8.625053807698923602e-02
-2.286191955712186530e-01 -6.447530527801806355e-02
-2.337781469388901801e-01 -4.209203407837765198e-02
-2.367642011181083361e-01 -1.930538129583878396e-02
-2.375461482744892217e-01 3.675682327892918540e-03
-2.361126675120498453e-01 2.663970442926728507e-02
-2.324725461087537859e-01 4.937462217201163406e-02
-2.266547249473674919e-01 7.166965688654022837e-02
-2.187081670704602576e-01 9.331721627466740832e-02
-2.087015477277718301e-01 1.141147878039414226e-01
-1.967227657919888018e-01 1.338668065937758389e-01
-1.828782779837238304e-01 1.523864809124696185e-01
-1.672922589552081618e-01 1.694975583693579535e-01
-1.501055919204966060e-01 1.850360160076206795e-01
-1.314746961721542928e-01 1.988516577873243873e-01
-1.115701994737199054e-01 2.108096033999350138e-01
-9.057546494592069730e-02 2.207916529780217796e-01
-6.868498365413219786e-02 2.286975130581407889e-01
-4.610264563604203614e-02 2.344458701199270134e-01
-2.303990356254439001e-02 2.379752991571514598e-01
2.861554176637541276e-04 2.392449960313845769e-01
2.365481285734743686e-02 2.382353238080765212e-01
4.684377931333879447e-02 2.349481648682519019e-01
6.963129291531464093e-02 2.294070723144524815e-01
9.179823655457669540e-02 2.216572160323889706e-01
1.131302534403128834e-01 2.117651207133424696e-01
1.334198447090800543e-01 1.998182076583484568e-01
1.524684206964713185e-01 1.859241022688527534e-01
1.700882793230572010e-01 1.702097394444641310e-01
1.861045087055501757e-01 1.528202970215315204e-01
2.003567834980437556e-01 1.339179259760217566e-01
2.127010370161054320e-01 1.136803003925278832e-01
2.230109906063475755e-01 9.229899917686883171e-02
2.311795228638621469e-01 6.997773345452029670e-02
2.371198626550032884e-01 4.693043545447948828e-02
2.407665914633003168e-01 2.337922640384817660e-02
2.420764423289042955e-01 -4.477174712745315348e-04
2.410288845811572045e-01 -2.431838035011249857e-02
2.376264856512279866e-01 -4.799918194321559084e-02
2.318950434765650326e-01 -7.125728967800233626e-02
2.238834853481981302e-01 -9.386294453582780251e-02
2.136635314806960284e-01 -1.155917766332836133e-01
2.013291240761188317e-01 -1.362270863986745906e-01
1.869956251796686675e-01 -1.555620672183673503e-01
1.707987891568273631e-01 -1.734019457220594418e-01
1.528935181298065882e-01 -1.895660164425332639e-01
1.334524111651123612e-01 -2.038895484222870702e-01
1.126641203740358782e-01 -2.162255424415195915e-01
9.073152934449191243e-02 -2.264463189008832644e-01
6.786977143737968343e-02 -2.344449179962286300e-01
4.430410742615003422e-02 -2.401362956560940953e-01
2.026768464225528130e-02 -2.434583190463680547e-01
-4.000810618458553944e-03 -2.443724944803231658e-01
-2.825956079885444741e-02 -2.428644525096648743e-01
-5.226607023393675666e-02 -2.389442229198504297e-01
-7.577964490877582560e-02 -2.326462394003543654e-01
-9.856386759165072786e-02 -2.240290896118080355e-01
-1.203890418508899024e-01 -2.131750115162057702e-01
-1.410345785836755184e-01 -2.001891396383967126e-01
-1.602912991069427584e-01 -1.851985077139439717e-01
-1.779636295824706116e-01 -1.683508169169656288e-01
-1.938716625648164438e-01 -1.498129815186390046e-01
-2.078530627624593785e-01 -1.297694663703821971e-01
-2.197647956763258137e-01 -1.084204330041974168e-01
-2.294846596094205216e-01 -8.597971336654756935e-02
-2.369126036068529284e-01 -6.267263222365444808e-02
-2.419718161643241994e-01 -3.873370106971401466e-02
-2.446095720094112747e-01 -1.440420791242733901e-02
-2.447978268857283757e-01 1.007027141741036712e-02
-2.425335530250815053e-01 3.444241380060662772e-02
-2.378388108449641658e-01 5.846571389265473734e-02
-2.307605553247416563e-01 8.189704602519852494e-02
-2.213701784593750665e-01 1.044991951978631040e-01
-2.097627921297816611e-01 1.260433296726209684e-01
-1.960562586289532339e-01 1.463113882591924320e-01
-1.803899789081116478e-01 1.650983562666655247e-01
-1.629234598216282859e-01 1.822144248974243430e-01
-1.438346411989889495e-01 1.974869549866772600e-01
-1.233180395631074677e-01 2.107622526142737540e-01
-1.015827331352801288e-01 2.219071846340089083e-01
-7.885017975731282991e-02 2.308105587989257856e-01
-5.535190399785927529e-02 2.373842708363026188e-01
-3.132707854839029971e-02 2.415642060876820596e-01
-7.020026181796765533e-03 2.433108860629113190e-01
1.732233058716818250e-02 2.426098530997422287e-01
4.145304444546979439e-02 2.394717892384087277e-01
6.512771489791109591e-02 2.339323683792231823e-01
8.810702870670557296e-02 2.260518437555704141e-01
1.101592417057851575e-01 2.159143756897517197e-01
1.310625752540489630e-01 2.036271074705125750e-01
1.506075016079251871e-01 1.893189999650232713e-01
1.685988938000594350e-01 1.731394382222835315e-01
1.848580171910873260e-01 1.552566258087550721e-01
1.992243416956212820e-01 1.358557849120405059e-01
2.115571557492163246e-01 1.151371823284297324e-01
2.217369653547059394e-01 9.331400329172265251e-02
2.296666639959874801e-01 7.061009668373585679e-02
2.352724618055437034e-01 4.725761647415575167e-02
2.385045650874600132e-01 2.349458525523854396e-02
2.393376000977548990e-01 -4.375935446356063181e-04
2.377707778350982293e-01 -2.429664777178672241e-02
2.338278150376242870e-01 -4.784196167114902060e-02
2.275565595301261845e-01 -7.083704598443568701e-02
2.190283740880131225e-01 -9.305194061284624563e-02
2.083373089849478998e-01 -1.142655683145875484e-01
1.955990228547732079e-01 -1.342679702325996483e-01
1.809494836579864374e-01 -1.528624121722548523e-01
1.645434651161790107e-01 -1.698673400598118277e-01
1.465528560835712424e-01 -1.851181648330298690e-01
1.271648022147243706e-01 -1.984688590398749619e-01
1.065797009422932984e-01 -2.097933496240575735e-01
8.500907218169206914e-02 -2.189866937299158878e-01
6.267332831762741086e-02 -2.259660268348922252e-01
3.979946789084472247e-02 -2.306712750854851834e-01
1.661871798555918447e-02 -2.330656263416389928e-01
-6.635849384151873594e-03 -2.331357570939228685e-01
-2.973170157681691989e-02 -2.308918150767439725e-01
-5.243920526889719186e-02 -2.263671600288000296e-01
-7.453393753617472417e-02 -2.196178676194891488e-01
-9.579892436667666877e-02 -2.107220040386905691e-01
-1.160267839528014988e-01 -1.997786811102664206e-01
-1.350217533963464778e-01 -1.869069040118047642e-01
-1.526015789619669105e-01 -1.722442257416083589e-01
-1.685992517117662903e-01 -1.559452243481163902e-01
-1.828645722236150462e-01 -1.381798206087782865e-01
-1.952655301143727540e-01 -1.191314552994405390e-01
-2.056895056132027055e-01 -9.899513857685926510e-02
-2.140442208558274717e-01 -7.797540827421739484e-02
-2.202584810136645477e-01 -5.628422494806091525e-02
-2.242827354640249959e-01 -3.413879669968727243e-02
-2.260893953598823169e-01 -1.175937621193390292e-02
-2.256729278253239990e-01 1.063295070459482905e-02
-2.230497285785657535e-01 3.281846251407199294e-02
-2.182577770445626730e-01 5.458096325140076449e-02
-2.113560801949366796e-01 7.570988636712776276e-02
-2.024239134222245162e-01 9.600232069956683711e-02
-1.915598686980373166e-01 1.152649392723143623e-01
-1.788807220623168937e-01 1.333158129156761795e-01
-1.645201341274308282e-01 1.499860921728770613e-01
-1.486271987424481467e-01 1.651215425569069473e-01
-1.313648562380211882e-01 1.785839199505785402e-01
-1.129081887518435523e-01 1.902521747693647070e-01
-9.344261601209510881e-02 2.000234754118573322e-01
-7.316201062748813044e-02 2.078140434839485240e-01
-5.226675239564965159e-02 2.135597952780334541e-01
-3.096174139726998176e-02 2.172167859956784797e-01
-9.454389694897235782e-03 2.187614551998591228e-01
1.204738869268796517e-02 2.181906739506418724e-01
3.333717020982279039e-02 2.155215959965687267e-01
5.421197776974293059e-02 2.107913172445822492e-01
7.447418223541699134e-02 2.040563494970758507e-01
9.393335025510810010e-02 1.953919178208466945e-01
1.124079676911068915e-01 1.848910778311541048e-01
1.297270582834643415e-01 1.726636866467054499e-01
1.457317227147596761e-01 1.588352311187762045e-01
1.602765307515085780e-01 1.435455172159080806e-01
1.732307728560368576e-01 1.269472401795541383e-01
1.844795616971959262e-01 1.092044503370258046e-01
1.939247755443629373e-01 9.049093013704606614e-02
2.014858371200186349e-01 7.098849849211727459e-02
2.071003230957389196e-01 5.088525887129839720e-02
2.107244010291083325e-01 3.037380778864087749e-02
2.123330921398256521e-01 9.649420380117592483e-03
2.119203598979875203e-01 -1.109177033958179057e-02
2.094990259330164473e-01 -3.165458419373717858e-02
2.051005162555984696e-01 -5.184657856769159245e-02
1.987744422062444616e-01 -7.147979168265274075e-02
1.905880218926712943e-01 -9.037242958883873190e-02
1.806253491452301796e-01 -1.083504827842589335e-01
1.689865181973959907e-01 -1.252492592015787554e-01
1.557866133803167685e-01 -1.409148212307266002e-01
1.411545741014198774e-01 -1.552053154483523656e-01
1.252319462527288485e-01 -1.679921847964769843e-01
1.081715319617740090e-01 -1.791612540810508802e-01
9.013595025475214240e-02 -1.886136808359823447e-01
7.129612174675022118e-02 -1.962667648091731554e-01
5.182967910663646011e-02 -2.020546202321761020e-01
3.191934902560684961e-02 -2.059286723506131844e-01
1.175130626072032163e-02 -2.078580070225291287e-01
-8.486516826793218463e-03 -2.078295844853703389e-01
-2.860611732194912049e-02 -2.058482848193521064e-01
-4.842110087674583035e-02 -2.019367978294850374e-01
-6.774833902292633214e-02 -1.961353592965097148e-01
-8.640959109527258930e-02 -1.885013367228492165e-01
-1.042330775718273428e-01 -1.791086688377948322e-01
-1.210549921121200495e-01 -1.680471642207506944e-01
-1.367209401316695494e-01 -1.554216654468741909e-01
-1.510872923859880312e-01 -1.413510861509239547e-01
-1.640224427452507683e-01 -1.259673293381076420e-01
-1.754079601170960012e-01 -1.094140961406334656e-01
-1.851396253145768667e-01 -9.184559502172243151e-02
-1.931283445642496266e-01 -7.342516216132582985e-02
-1.993009323007315925e-01 -5.432380441614152733e-02
-2.036007568935135903e-01 -3.471867682759608581e-02
-2.059882439942455901e-01 -1.479150715206786412e-02
-2.064412332726719146e-01 5.273019695131267101e-03
-2.049551854212509627e-01 2.528890405899913638e-02
-2.015432374465158938e-01 4.507048736126190169e-02
-1.962361054235342572e-01 6.443410769558137463e-02
-1.890818350621576438e-01 8.319974152342489437e-02
-1.801454016136976310e-01 1.011926178270719234e-01
-1.695081595831499088e-01 1.182448045513727342e-01
-1.572671474183288676e-01 1.341967127836812546e-01
-1.435342616517142345e-01 1.488985342362038611e-01
-1.284352938010148437e-01 1.622116264602334046e-01
-1.121088411393073719e-01 1.740097927316905102e-01
-9.470510027964669508e-02 1.841804587214733446e-01
-7.638455297009828782e-02 1.926257352600810324e-01
-5.731655447165966838e-02 1.992633573105986045e-01
-3.767783580618871975e-02 2.040274901588715328e-01
-1.765093200577064550e-02 2.068693948109298630e-01
2.577450739813081249e-03 2.077579456507341882e-01
2.281811546282828257e-02 2.066799945506578029e-01
4.288108816705656773e-02 2.036405768365511793e-01
6.257735030988856306e-02 1.986629557812961133e-01
8.172057501057140849e-02 1.917885036273937194e-01
1.001288517258018401e-01 1.830764185113006037e-01
1.176263840046773285e-01 1.726032780698530389e-01
1.340451449339722378e-01 1.604624319414809375e-01
1.492264750163462550e-01 1.467632368204382642e-01
1.630226074916346912e-01 1.316301391686060251e-01
1.752981065166984986e-01 1.152016121239060054e-01
1.859312041634670343e-01 9.762895455351117135e-02
1.948150228774180592e-01 7.907496157019253125e-02
2.018586708578479494e-01 5.971247714743305179e-02
2.069881987736844620e-01 3.972284071932124377e-02
2.101474147495207279e-01 1.929422915060897623e-02
2.112985209480539583e-01 -1.380059801017278435e-03
2.104225905626490312e-01 -2.210338198787459643e-02
2.075198874048370667e-01 -4.267759320878954793e-02
2.026099977569664756e-01 -6.290491693058082590e-02
1.957317807326506010e-01 -8.258982596472017046e-02
1.869431353573792198e-01 -1.015409204572410018e-01
1.763205843021179164e-01 -1.195727842937678309e-01
1.639586759611366684e-01 -1.365078019343611559e-01
1.499692083449819524e-01 -1.521779177803661842e-01
1.344802800425383138e-01 -1.664263204414901109e-01
1.176351752744064644e-01 -1.791090347178962705e-01
9.959109179474615048e-02 -1.900964047393803869e-01
8.051772208114095497e-02 -1.992744525097505659e-01
6.059569986324561675e-02 -2.065460970855246270e-01
4.001492556226744768e-02 -2.118322207681123948e-01
1.897278562626155199e-02 -2.150725699996362539e-01
-2.327717966445937148e-03 -2.162264801144225812e-01
-2.367991061857040516e-02 -2.152734146990587794e-01
-4.487544203595332515e-02 -2.122133120397382000e-01
-6.570631794143214077e-02 -2.070667329707327753e-01
-8.596694673102660278e-02 -1.998748063649082030e-01
-1.054561807878168084e-01 -1.906989705075307906e-01
-1.239793319377362202e-01 -1.796205106480718017e-01
-1.413501405111627085e-01 -1.667398951101197180e-01
-1.573926918595303925e-01 -1.521759087953774015e-01
-1.719432151341307446e-01 -1.360646014144313853e-01
-1.848517786465490031e-01 -1.185580638835905254e-01
-1.959838903361945939e-01 -9.982302196705319930e-02
-2.052219414600887082e-01 -8.003927361752007086e-02
-2.124664923610061484e-01 -5.939798186352468479e-02
-2.176373855991959594e-01 -3.809983921211435032e-02
-2.206746733531299298e-01 -1.635312106645720950e-02
-2.215393477779194487e-01 5.628352976620125576e-03
-2.202138649392843817e-01 2.762732990207153808e-02
-2.167024549969673031e-01 4.942528509530173808e-02
-2.110312134733828004e-01 7.080461340488845845e-02
-2.032479706887704851e-01 9.155082710578803240e-02
-1.934219387491073749e-01 1.114547381094122130e-01
-1.816431378128869623e-01 1.303146016979876698e-01
-1.680216057119999773e-01 1.479381992368135612e-01
-1.526863973339845082e-01 1.641448377407002390e-01
-1.357843824618249484e-01 1.787672448383464674e-01
-1.174788529868571602e-01 1.916533385865049621e-01
-9.794795253448279615e-02 2.026678527270689145e-01
-7.738294354660911478e-02 2.116937993444883703e-01
-5.598632872499471891e-02 2.186337524555847511e-01
-3.396984543355099917e-02 2.234109378335793483e-01
-1.155235316436502811e-02 2.259701163150247549e-01
1.104236452716059365e-02 2.262782499423295901e-01
3.358787739605955530e-02 2.243249446912089495e-01
5.585739366643446835e-02 2.201226499317693042e-01
7.762605828223366478e-02 2.137066336366935937e-01
9.867327647639213828e-02 2.051347257749436548e-01
1.187849892763669091e-01 1.944868210835170308e-01
1.377558921909071976e-01 1.818641507648853239e-01
1.553915734079643340e-01 1.673883295280673422e-01
1.715105485559623444e-01 1.512001868416042449e-01
1.859461700596228562e-01 1.334583936354866995e-01
1.985483903480698975e-01 1.143378979490662778e-01
2.091853596347131861e-01 9.402818514683819462e-02
2.177448406702968964e-01 7.273138028909806319e-02
2.241354247549978695e-01 5.066021202668159057e-02
2.282875353621541537e-01 2.803585896709528957e-02
2.301542079529244611e-01 5.085700814626067413e-03
2.297116369236187616e-01 -1.795900229692602018e-02
2.269594830993681978e-01 -4.086547799717214074e-02
2.219209377419742446e-01 -6.340183251651110297e-02
2.146425416476351322e-01 -8.533943895891592246e-02
2.051937605425047106e-01 -1.064552977494022112e-01
1.936663206112790026e-01 -1.265343442211883385e-01
1.801733105865425122e-01 -1.453716788092566103e-01
1.648480593552085760e-01 -1.627746960897737960e-01
1.478428004744060109e-01 -1.785650899403922742e-01
1.293271373049954542e-01 -1.925807133838695617e-01
1.094863107431963273e-01 -2.046772819513442698e-01
8.851932560716976872e-02 -2.147298695992887196e-01
6.663693807158931059e-02 -2.226342141702395416e-01
4.405948956795346927e-02 -2.283078273093665511e-01
2.101465021239624226e-02 -2.316908673099879468e-01
-2.264916153110539069e-03 -2.327467770642511757e-01
-2.554394071514319922e-02 -2.314626802295791930e-01
-4.858696706370891488e-02 -2.278495313139876077e-01
-7.116077170386812811e-02 -2.219420180222506922e-01
-9.303676219047447848e-02 -2.137982168606293587e-01
-1.139933276213925539e-01 -2.034990056407212367e-01
-1.338181167489971013e-01 -1.911472391235149171e-01
-1.523102197635440025e-01 -1.768666965740005592e-01
-1.692822308555621269e-01 -1.608008124264521388e-01
-1.845621699654911851e-01 -1.431112035641963209e-01
-1.979952436623100553e-01 -1.239760088699392027e-01
-2.094454268410221864e-01 -1.035880586799388658e-01
-2.187968488716066640e-01 -8.215289355623418832e-02
-2.259549699471823936e-01 -5.988665335648026694e-02
-2.308475356424509184e-01 -3.701385891426697133e-02
-2.334253000794155875e-01 -1.376510973050375924e-02
-2.336625105790658685e-01 9.625278092682036657e-03
-2.315571492274032528e-01 3.292166887803245345e-02
-2.271309293732959589e-01 5.588951426539207762e-02
-2.204290476755225991e-01 7.829774485157567354e-02
-2.115196858597550300e-01 9.992113382416198397e-02
-2.004932898712164513e-01 1.205425672800126830e-01
-1.874616307803433635e-01 1.399552322498165136e-01
-1.725566301012587955e-01 1.579647191851314691e-01
-1.559289872565355062e-01 1.743909786856497890e-01
-1.377466178939834585e-01 1.890701264655520741e-01
-1.181929198516342011e-01 2.018560783917089652e-01
-9.746488529566317560e-02 2.126219992899854028e-01
-7.577107907724831004e-02 2.212615512414563279e-01
-5.332950465320890343e-02 2.276899292549259268e-01
-3.036537997940090897e-02 2.318446744812336924e-01
-7.108846605872744598e-03 2.336862575028603450e-01
1.620736422827369003e-02 2.331984266630436620e-01
3.935028438836498527e-02 2.303883188651367764e-01
6.208905635599249601e-02 2.252863327487119871e-01
8.419725148548866389e-02 2.179457666073258970e-01
1.054551354773536481e-01 2.084422258276073803e-01
1.256518582295731712e-01 1.968728069752619936e-01
1.445875461493423553e-01 1.833550679063025990e-01
1.620752761499152372e-01 1.680257954183757563e-01
1.779429119057558406e-01 1.510395839562368725e-01
1.920347844775515678e-01 1.325672407274015585e-01
2.042132011287476623e-01 1.127940342511720012e-01
2.143597680170442055e-01 9.191780484094147496e-02
2.223765144366606772e-01 7.014695679267421435e-02
2.281868041584901030e-01 4.769834111803814003e-02
2.317360331870313428e-01 2.479508895922501871e-02
2.329921138606101672e-01 1.664388952260124855e-03
2.319457240359565076e-01 -2.146479114853605888e-02
2.286103304955011684e-01 -4.436397830043779106e-02
2.230219861664655412e-01 -6.680745344706350008e-02
2.152389044772621551e-01 -8.857447385761170466e-02
2.053408163751223037e-01 -1.094514366922296061e-01
1.934281176494800913e-01 -1.292339627108121114e-01
1.796208162278665199e-01 -1.477288800014480430e-01
1.640572910157740982e-01 -1.647560887546690722e-01
1.468928756216716369e-01 -1.801502894362873031e-01
1.282982819269602448e-01 -1.937625581992216406e-01
1.084578799141071720e-01 -2.054617550061440256e-01
8.756785144249396025e-02 -2.151357516919264468e-01
6.583423675040375733e-02 -2.226924690585653233e-01
4.347089335491570450e-02 -2.280607140453947967e-01
2.069738771333357735e-02 -2.311908100337486671e-01
-2.263159503803804928e-03 -2.320550154070313842e-01
-2.518625339871290170e-02 -2.306477275736441013e-01
-4.784820888933377647e-02 -2.269854717509065256e-01
-7.002831773915006719e-02 -2.211066758827322787e-01
-9.151097783596320867e-02 -2.130712351027753970e-01
-1.120877645080537444e-01 -2.029598711388853061e-01
-1.315594243787766016e-01 -1.908732939661303973e-01
-1.497377718130885604e-01 -1.769311651747014491e-01
-1.664474699491577669e-01 -1.612709039814066991e-01
-1.815276889493090684e-01 -1.440463273307530379e-01
-1.948336163605693394e-01 -1.254261184800625484e-01
-2.062378081008583164e-01 -1.055921691029098469e-01
-2.156313689855979543e-01 -8.473780152267572363e-02
-2.229249525297388179e-01 -6.306588846611066446e-02
-2.280495715172879967e-01 -4.078688855713993172e-02
-2.309572126481245213e-01 -1.811681642627561289e-02
-2.316212504329185073e-01 4.724833212631784039e-03
-2.300366573941982906e-01 2.751718787101493577e-02
-2.262200095278971701e-01 5.004010621757586097e-02
-2.202092878679071108e-01 7.207627393637312807e-02
-2.120634788598144971e-01 9.341326705505997863e-02
-2.018619780733246771e-01 1.138455637009207350e-01
-1.897038035504042541e-01 1.331764858224976644e-01
-1.757066267831159379e-01 1.512200531541315063e-01
-1.600056309278760358e-01 1.678027325915630308e-01
-1.427522073784839307e-01 1.827650671794795179e-01
-1.241125032270085637e-01 1.959631700761551576e-01
-1.042658334286891836e-01 2.072700701449226302e-01
-8.340297264478160888e-02 2.165768972151037863e-01
-6.172434275723259062e-02 2.237938965436387928e-01
-3.943811292393127610e-02 2.288512635794174577e-01
-1.675822976712709397e-02 2.316997917717207867e-01
6.097603339605390735e-03 2.323113208091533433e-01
2.890997839368266223e-02 2.306790032872894358e-01
5.145985455349733756e-02 2.268173727677556817e-01
7.353062357216585965e-02 2.207621984044060293e-01
9.491015099313854231e-02 2.125701493581051982e-01
1.153927753369622389e-01 2.023182651362984419e-01
1.347812470879530267e-01 1.901032367950098723e-01
1.528885898420670186e-01 1.760405056134207169e-01
1.695398666794407372e-01 1.602631874646994470e-01
1.845738356708469252e-01 1.429208326484078251e-01
1.978444794098618564e-01 1.241780324071002362e-01
2.092223945737572144e-01 1.042128847111460505e-01
2.185960287467541840e-01 8.321533315041600154e-02
2.258727530796081073e-01 6.138539390907627596e-02
2.309797607990939639e-01 3.893128681111400480e-02
2.338647831082492634e-01 1.606748730094915631e-02
2.344966156209573049e-01 -6.987283041792480449e-03
2.328654501401075938e-01 -3.001210926799521839e-02
2.289830083038675301e-01 -5.278596048741190233e-02
2.228824753758666954e-01 -7.508977306726891121e-02
2.146182342282405842e-01 -9.670852059520507193e-02
2.042654013472327557e-01 -1.174332516500006113e-01
1.919191684648972329e-01 -1.370630766366534303e-01
1.776939551725811306e-01 -1.554070853183411316e-01
1.617223795878862114e-01 -1.722861772150448834e-01
1.441540575907244437e-01 -1.875347821267750736e-01
1.251542382315097568e-01 -2.010024722988209001e-01
1.049022838717652839e-01 -2.125554379247133752e-01
8.359001632051442365e-02 -2.220778009401047914e-01
6.141993940758074672e-02 -2.294727717753269058e-01
3.860335427491891347e-02 -2.346636317253740500e-01
1.535838427930892765e-02 -2.375945309651176784e-01
-8.092072666191996166e-03 -2.382310938478659490e-01
-3.152244570083157643e-02 -2.365608248246101331e-01
-5.470662733857428045e-02 -2.325933100958630095e-01
-7.742012480983125056e-02 -2.263602119433395232e-01
-9.944220644248033536e-02 -2.179150545695608121e-01
-1.205580229939823417e-01 -2.073328021837613500e-01
-1.405606839192285462e-01 -1.947092319956989226e-01
-1.592532688146715558e-01 -1.801601066982723154e-01
-1.764507547184233360e-01 -1.638201529178464622e-01
-1.919818405669344585e-01 -1.458418539704374461e-01
-2.056906509088633206e-01 -1.263940670650481601e-01
-2.174383019511494930e-01 -1.056604768251118293e-01
-2.271043141547930966e-01 -8.383789863826079936e-02
-2.345878569003783942e-01 -6.113444687696679286e-02
-2.398088121964056796e-01 -3.776758444224732891e-02
-2.427086459959384712e-01 -1.396207135437605752e-02
-2.432510774058571912e-01 1.005216876550050348e-02
-2.414225379041963493e-01 3.404224452376236609e-02
-2.372324175017163361e-01 5.777452858456468693e-02
-2.307130877294936711e-01 8.101692298205276366e-02
-2.219196986563346241e-01 1.035411218252834525e-01
-2.109297603456312398e-01 1.251248393254893454e-01
-1.978425036017469607e-01 1.455539994931731029e-01
-1.827780260756236008e-01 1.646248597667575864e-01
-1.658762303627808188e-01 1.821460474811594510e-01
-1.472955628089138991e-01 1.979404887283054693e-01
-1.272115637605282235e-01 2.118472100122893442e-01
-1.058152419398625255e-01 2.237229941543772416e-01
-8.331128746400641438e-02 2.334438731502088138e-01
-5.991613974789182506e-02 2.409064421137467604e-01
-3.585592811111503603e-02 2.460289800481935685e-01
-1.136430433122228613e-02 2.487523649498628864e-01
1.331981236552187697e-02 2.490407726616684081e-01
3.795455632569517956e-02 2.468821509311884266e-01
6.229748009578019163e-02 2.422884622754128414e-01
8.610793960553231319e-02 2.352956914902757657e-01
1.091494764399126988e-01 2.259636159463946914e-01
1.311921735444756265e-01 2.143753391605287273e-01
1.520149607579348028e-01 2.006365905017667983e-01
1.714078468533986044e-01 1.848747962585091109e-01
1.891740552969778111e-01 1.672379296324616738e-01
2.051320416965067839e-01 1.478931495146996178e-01
2.191173719094427208e-01 1.270252401120945951e-01
2.309844441153945105e-01 1.048348724920777353e-01
2.406080300587548348e-01 8.153668190973252516e-02
2.478846171599095871e-01 5.735719619872355068e-02
2.527335479141422092e-01 3.253264731371552365e-02
2.550979356832295819e-01 7.306665613232918820e-03
2.549453476826655240e-01 -1.807211323065357339e-02
2.522682466934615952e-01 -4.335250514182926312e-02
2.470841854192280251e-01 -6.828327397560449152e-02
2.394357498862825229e-01 -9.261564229190841213e-02
2.293902508219734238e-01 -1.161057912360366762e-01
2.170391645179479967e-01 -1.385173241145779555e-01
2.024973272638677102e-01 -1.596236684350827995e-01
1.859018899960993287e-01 -1.792103916227366922e-01
1.674110423177383455e-01 -1.970774063339520155e-01
1.472025174837597872e-01 -2.130410422505988610e-01
1.254718922816251137e-01 -2.269359624515893681e-01
1.024306979475755885e-01 -2.386169039100840550e-01
7.830436031731959068e-02 -2.479602233417308732e-01
5.332998929350481893e-02 -2.548652315160843118e-01
2.775403939966915312e-02 -2.592553012213587027e-01
1.829864661608575924e-03 -2.610787363213512013e-01
-2.418480770513450548e-02 -2.603093917401714807e-01
-5.003045933414795171e-02 -2.569470367309588665e-01
-7.544839227826408146e-02 -2.510174564028213595e-01
-1.001833434592829808e-01 -2.425722891685840044e-01
-1.239860773027966906e-01 -2.316886087218342216e-01
-1.466159269571904733e-01 -2.184682276851728222e-01
-1.678432527353833359e-01 -2.030367478247071256e-01
-1.874518023517816323e-01 -1.855423810650336791e-01
-2.052409434323396176e-01 -1.661545270200807667e-01
-2.210277451035095042e-01 -1.450621292070816137e-01
-2.346488866035257304e-01 -1.224718259611012605e-01
-2.459623725633983127e-01 -9.860591428057950691e-02
-2.548490365326399609e-01 -7.370014686529180459e-02
-2.612138164567356924e-01 -4.800138443428454693e-02
-2.649867881278208381e-01 -2.176512701165155342e-02
-2.661239451026343183e-01 4.747050775746899064e-03
-2.646077161867663174e-01 3.127013424789576446e-02
-2.604472142939803780e-01 5.753834610410722694e-02
-2.536782132750875496e-01 8.328783923315825899e-02
-2.443628521427092803e-01 1.082593771448252251e-01
-2.325890689659632082e-01 1.322009743089608558e-01
-2.184697695419431096e-01 1.548704690249782800e-01
-2.021417387380910480e-01 1.760380020728328776e-01
-1.837643051109968950e-01 1.954883753104081079e-01
-1.635177720133121626e-01 2.130232655725170232e-01
-1.416016308730919659e-01 2.284632706814470060e-01
-1.182325746416447998e-01 2.416497660832441774e-01
-9.364233153175512137e-02 2.524465525595969151e-01
-6.807534108466885281e-02 2.607412776119297226e-01
-4.178629608068117757e-02 2.664466245216144391e-01
-1.503757204190899789e-02 2.695012287298140241e-01
1.190341932520407389e-02 2.698703302450489172e-01
3.876693247405077480e-02 2.675461737144397278e-01
6.528361951651238948e-02 2.625481241055833692e-01
9.118726097816923226e-02 2.549225054636306553e-01
1.162174676492876146e-01 2.447421641300787376e-01
1.401223256525511718e-01 2.321057606845409460e-01
1.626609574249207879e-01 2.171367977012370054e-01
1.836059721759274177e-01 1.999823931680417277e-01
2.027457805290576176e-01 1.808118120678563201e-01
2.198867494638687137e-01 1.598147711414347749e-01
2.348551753387589924e-01 1.371995342109315064e-01
2.474990546700500116e-01 1.131908176189624776e-01
2.576896344515214321e-01 8.802752730576221540e-02
2.653227260968260559e-01 6.196035078654137801e-02
2.703197695504906961e-01 3.524922878422835637e-02
2.726286367150143053e-01 8.160732503674165278e-03
2.722241660536736663e-01 -1.903462651041081671e-02
2.691084230219347173e-01 -4.606512631758288151e-02
2.633106838248698844e-01 -7.266057633237527069e-02
2.548871428634646441e-01 -9.855504279877275176e-02
2.439203470884954428e-01 -1.234895301126433670e-01
2.305183632964504237e-01 -1.472145906142721117e-01
2.148136871481772792e-01 -1.694928362559148527e-01
1.969619075563717181e-01 -1.901013357811694171e-01
1.771401294706102525e-01 -2.088338462211844215e-01
1.555451865640453124e-01 -2.255028719947562987e-01
1.323916602994717195e-01 -2.399415517062061798e-01
1.079097172469210414e-01 -2.520053262458379906e-01
8.234279110250569689e-02 -2.615733801052251839e-01
5.594513321797405653e-02 -2.685498416396915333e-01
2.897925673612405592e-02 -2.728647305147239299e-01
1.713300448925099634e-03 -2.744746431897280847e-01
-2.558166075631910369e-02 -2.733631699938849913e-01
-5.263433152911054652e-02 -2.695410401062346417e-01
-7.917591024736710115e-02 -2.630459935363217427e-01
-1.049427743480098735e-01 -2.539423819837781648e-01
-1.296791097555918537e-01 -2.423205032061560849e-01
-1.531394580231418279e-01 -2.282956762156593544e-01
-1.750911557214543113e-01 -2.120070672297969527e-01
-1.953166417910266184e-01 -1.936162787920800987e-01
-2.136156099911873663e-01 -1.733057168315782215e-01
-2.298069852273333658e-01 -1.512767526210362090e-01
-2.437307043912635141e-01 -1.277476986009303539e-01
-2.552492843909139331e-01 -1.029516188419198897e-01
-2.642491622523627792e-01 -7.713399650368947535e-02
-2.706417945251158308e-01 -5.055028199905636094e-02
-2.743645056862838438e-01 -2.346334667655862807e-02
-2.753810777946734678e-01 3.859132316894181396e-03
-2.736820809941184485e-01 3.114733820188413452e-02
-2.692849241023613227e-01 5.813198162633042426e-02
-2.622336449403325220e-01 8.454695329529292314e-02
-2.525984470646013280e-01 1.101319572709491129e-01
-2.404749721320309785e-01 1.346350741131825957e-01
-2.259833223865629903e-01 1.578152359494880697e-01
-2.092668436903448170e-01 1.794445892667689835e-01
-1.904906818466571006e-01 1.993107224318079462e-01
-1.698401271475194763e-01 2.172187363819047534e-01
-1.475187641040230091e-01 2.329931385666570431e-01
-1.237464451631833801e-01 2.464795420484703903e-01
-9.875710886484659334e-02 2.575461536633741888e-01
-7.279646433128018901e-02 2.660850372840601885e-01
-4.611956519782368230e-02 2.720131404917639495e-01
-1.898829707523483692e-02 2.752730753292665367e-01
8.331196624279640917e-03 2.758336462500138864e-01
3.557112517036047777e-02 2.736901208738403701e-01
6.246467173445459375e-02 2.688642416833129656e-01
8.874859977772271702e-02 2.614039793215277019e-01
1.141658192897690161e-01 2.513830306578443974e-01
1.384678880557682068e-01 2.389000672485251109e-01
1.614174238608074574e-01 2.240777422115146356e-01
1.827904044993017563e-01 2.070614658359050675e-01
2.023783336330261529e-01 1.880179624357343482e-01
2.199902519208963847e-01 1.671336230149335078e-01
2.354545813010876232e-01 1.446126632621395625e-01
2.486207609778495753e-01 1.206751229853990220e-01
2.593606816830831829e-01 9.555472131627071319e-02
2.675699145530882617e-01 6.949656868650028185e-02
2.731687008149684681e-01 4.275477772330701226e-02
2.761027016485195218e-01 1.558999098659306741e-02
2.763435015890363666e-01 -1.173315052588535558e-02
2.738888612048165916e-01 -3.894857369567148592e-02
2.687627171805048176e-01 -6.579134976154156489e-02
2.610149303416331446e-01 -9.200025627758440239e-02
2.507207845442623873e-01 -1.173203000836097881e-01
2.379802417046806007e-01 -1.415051772610357861e-01
2.229169605362349704e-01 -1.643196467110576986e-01
2.056770887727344677e-01 -1.855417948712029808e-01
1.864278407705301233e-01 -2.049651701718085139e-01
1.653558743759077354e-01 -2.224007671144467568e-01
1.426654828030599065e-01 -2.376788413174057979e-01
1.185766189743048676e-01 -2.506505385047760326e-01
9.332277131360136591e-02 -2.611893221998334846e-01
6.714871134348492088e-02 -2.691921868033949616e-01
4.030813460285191663e-02 -2.745806447756487523e-01
1.306121736876724587e-02 -2.773014787770050060e-01
-1.432788757857817938e-02 -2.773272518399029773e-01
-4.159359236845782543e-02 -2.746565709189454085e-01
-6.847142853027400611e-02 -2.693141014808421718e-01
-9.470059854802806432e-02 -2.613503282173669229e-01
-1.200264732667627038e-01 -2.508410751778699099e-01
-1.442030333418920784e-01 -2.378867903678277829e-01
-1.669952457515567479e-01 -2.226115848574872769e-01
-1.881813267438391113e-01 -2.051620487415606597e-01
-2.075548789389876636e-01 -1.857058521861856826e-01
-2.249268823491040181e-01 -1.644301447521394899e-01
-2.401275204392386842e-01 -1.415397680688498805e-01
-2.530078238885931641e-01 -1.172552986813304304e-01
-2.634411164050222687e-01 -9.181093948614599265e-02
-2.713242487851439400e-01 -6.545227959812328911e-02
-2.765786093797479306e-01 -3.843394373414542320e-02
-2.791509012022678760e-01 -1.101715325273996786e-02
-2.790136780884386880e-01 1.653277816181882021e-02
-2.761656345583415884e-01 4.394899054219965351e-02
-2.706316463281764340e-01 7.096564135488343805e-02
-2.624625607476890887e-01 9.732046263533321306e-02
-2.517347387793505975e-01 1.227572873053600216e-01
-2.385493524659920705e-01 1.470285206798392641e-01
-2.230314441335118913e-01 1.698975336351366272e-01
-2.053287558237609223e-01 1.911409545952615918e-01
-1.856103396293334873e-01 2.105508383887057244e-01
-1.640649616864489901e-01 2.279366911317630973e-01
-1.408993145551334092e-01 2.431273315936534896e-01
-1.163360545591798495e-01 2.559725709842520236e-01
-9.061167415672932712e-02 2.663446918186797019e-01
-6.397425535568576627e-02 2.741397161841487851e-01
-3.668110593702367944e-02 2.792784552993010094e-01
-8.996284918468438682e-03 2.817073171636728102e-01
1.881193356383565815e-02 2.813988710800767734e-01
4.647364261353895826e-02 2.783521620208537772e-01
7.371990662077991530e-02 2.725927711203562365e-01
1.002853621494316227e-01 2.641726209719461038e-01
1.259107907526836045e-01 2.531695268279964828e-01
1.503456389749605882e-01 2.396864972235266678e-01
1.733504612030035419e-01 2.238507899453230365e-01
1.946992616661515629e-01 2.058127316262846063e-01
2.141817127509792751e-01 1.857443115368676845e-01
2.316052278822431088e-01 1.638375623495934852e-01
2.467968685215491120e-01 1.403027427473406696e-01
2.596050663368364986e-01 1.153663387112271177e-01
2.699011432869464766e-01 8.926890213938479257e-02
2.775806142316381009e-01 6.226274709552399866e-02
2.825642587018821206e-01 3.460952544881695098e-02
2.847989506298216345e-01 6.577704928965971178e-03
2.842582371230329419e-01 -2.156002633117907671e-02
2.809426597527426850e-01 -4.952940387031272429e-02
2.748798142880600759e-01 -7.705725410819452836e-02
2.661241473248585065e-01 -1.038741588630718582e-01
2.547564908049886334e-01 -1.297170912538943843e-01
2.408833309646299103e-01 -1.543319952170724985e-01
2.246358398824568892e-01 -1.774762858036706137e-01
2.061686625161328335e-01 -1.989212506254209312e-01
1.856584560216788249e-01 -2.184543189128382024e-01
1.633022166988130908e-01 -2.358811798952416272e-01
1.393154028468303329e-01 -2.510277289377966237e-01
1.139298711473519105e-01 -2.637418217182816993e-01
8.739164610498725838e-02 -2.738948185163272986e-01
5.995854381099832014e-02 -2.813829026654794951e-01
3.189767282976888052e-02 -2.861281593654768640e-01
3.482836326357197781e-03 -2.880794033484468386e-01
-2.500813935903337462e-02 -2.872127463167076233e-01
-5.329612363967072691e-02 -2.835318975982794587e-01
-8.110342147381371936e-02 -2.770681940744375016e-01
-1.081565070500701414e-01 -2.678803580962006992e-01
-1.341887243353836190e-01 -2.560539847974975247e-01
-1.589429276616311226e-01 -2.417007629048132100e-01
-1.821740360032376993e-01 -2.249574358094320603e-01
-2.036514753408809886e-01 -2.059845122816829910e-01
-2.231614845093600474e-01 -1.849647387402057197e-01
-2.405092611829290628e-01 -1.621013474171620339e-01
-2.555209261479207128e-01 -1.376160970571323194e-01
-2.680452857365075992e-01 -1.117471249288806284e-01
-2.779553742308377706e-01 -8.474663089248564429e-02
-2.851497601753779643e-01 -5.687841602846769457e-02
-2.895535973738719293e-01 -2.841530276483428957e-02
-2.911194269597824902e-01 3.635440220909051017e-04
-2.898277083883970540e-01 2.917537003492746972e-02
-2.856870629379889004e-01 5.773662106484130779e-02
-2.787342437856616950e-01 8.576574858005597823e-02
-2.690338262896303512e-01 1.129860019338612825e-01
-2.566776207902497497e-01 1.391281792316946542e-01
-2.417838130456377299e-01 1.639333092187713892e-01
-2.244958401807300996e-01 1.871552371542344051e-01
-2.049810127223202494e-01 2.085630885199992735e-01
-1.834288958889041810e-01 2.279435855645609021e-01
-1.600494657757622063e-01 2.451031930934253200e-01
-1.350710583966141243e-01 2.598700715749984180e-01
-1.087381316884826060e-01 2.720958175176392269e-01
-8.130886253360472549e-02 2.816569731714385072e-01
-5.305260258021067543e-02 2.884562898965334354e-01
-2.424721813395577796e-02 2.924237319951956127e-01
4.823659372584700178e-03 2.935172104028739848e-01
3.387344485740927807e-02 2.917230383471308142e-01
6.261544484974886082e-02 2.870561038851585645e-01
9.076570796811370134e-02 2.795597570918048613e-01
1.180458519400673228e-01 2.693054125611172300e-01
1.441858386720633323e-01 2.563918707752227411e-01
1.689266693542846032e-01 2.409443647547850620e-01
1.920229723505857133e-01 2.231133412057029197e-01
2.132454527012879186e-01 2.030729937097301152e-01
2.323831957069970588e-01 1.810195480320706540e-01
2.492457858498276502e-01 1.571693210688971665e-01
2.636652121635297275e-01 1.317565885292930616e-01
2.754975569281162828e-01 1.050312668360894319e-01
2.846244445558542280e-01 7.725643673526307043e-02
2.909542358818383856e-01 4.870573344393664544e-02
2.944229556485510879e-01 1.966062954295635240e-02
2.949949436774255140e-01 -9.592362072338796522e-03
2.926632230233689458e-01 -3.876453704183903393e-02
2.874495812813684936e-01 -6.756787151050468176e-02
2.794043641277724754e-01 -9.571788829335536875e-02
2.686059831022944433e-01 -1.229364883629916888e-01
2.551601425396700651e-01 -1.489547191358681633e-01
2.391987934123502024e-01 -1.735154516749331521e-01
2.208788246178507719e-01 -1.963759398537718304e-01
2.003805049075792766e-01 -2.173102357310270627e-01
1.779056911805929897e-01 -2.361114368511828820e-01
1.536758212294729031e-01 -2.525937429030797876e-01
1.279297112023639049e-01 -2.665943011126126749e-01
1.009211800126819381e-01 -2.779748219008588150e-01
7.291652466576734049e-02 -2.866229486807795324e-01
4.419187196226111169e-02 -2.924533681698117671e-01
1.503043326630612922e-02 -2.954086502358925781e-01
-1.428031001952961669e-02 -2.954598090434505386e-01
-4.345145515358486699e-02 -2.926065892249794520e-01
-7.219555669866485614e-02 -2.868774502224685219e-01
-1.002294833188329126e-01 -2.783292587187312650e-01
-1.272772153172660736e-01 -2.670467169975426214e-01
-1.530725774777202397e-01 -2.531415070876025242e-01
-1.773618714552588349e-01 -2.367511669870644986e-01
-1.999063814921402393e-01 -2.180377105629434376e-01
-2.204847285583259320e-01 -1.971860052817222264e-01
-2.388950495893813475e-01 -1.744019243393038487e-01
-2.549569803005303781e-01 -1.499102919959234559e-01
-2.685134220750955425e-01 -1.239526429625078946e-01
-2.794320756369799152e-01 -9.678481850888964733e-02
-2.876067265968312303e-01 -6.867442355347791461e-02
-2.929582704851297903e-01 -3.989817033307507810e-02
-2.954354675265177255e-01 -1.073913532810811394e-02
-2.950154201407638732e-01 1.851604307765422272e-02
-2.917037689485985075e-01 4.757999819961177684e-02
-2.855346058867659353e-01 7.616747167344345426e-02
-2.765701058668829093e-01 1.039981248958753296e-01
-2.648998812187038920e-01 1.307992974138092179e-01
-2.506400659118391827e-01 1.563086849968963188e-01
-2.339321392231187846e-01 1.802769110063956459e-01
-2.149415010829867079e-01 2.024699658117924683e-01
-1.938558137683780436e-01 2.226714903933614820e-01
-1.708831268876181420e-01 2.406848818887587504e-01
-1.462498159834493827e-01 2.563352121665552485e-01
-1.201983166094195560e-01 2.694709114776778214e-01
-9.298471109860545480e-02 2.799652103062053032e-01
-6.487620881200130418e-02 2.877173582926192963e-01
-3.614850833993140528e-02 2.926535762807931929e-01
-7.083081286666518400e-03 2.947277415475417772e-01
2.203559543732411946e-02 2.939218001445575434e-01
5.092283147299687257e-02 2.902459029921932165e-01
7.929651153159633648e-02 2.837382650954818342e-01
1.068798532116480571e-01 2.744647499779164224e-01
1.334041071454654115e-01 2.625181841211002287e-01
1.586111731645051259e-01 2.480174088318069792e-01
1.822561070862087906e-01 2.311060795067340357e-01
2.041094938832465067e-01 2.119512247047539155e-01
2.239596643865746639e-01 1.907415797437300997e-01
2.416147342814617405e-01 1.676857116917314927e-01
2.569044459634930999e-01 1.430099546008728739e-01
2.696817958109591906e-01 1.169561756177033562e-01
2.798244315802139726e-01 8.977939418060808252e-02
2.872358069199149599e-01 6.174527786844580257e-02
2.918460824055907898e-01 3.312753958343797600e-02
2.936127649936289274e-01 4.205261625490910871e-03
2.925210803586620334e-01 -2.473982716202545798e-02
2.885840751855033859e-01 -5.342609462798374176e-02
2.818424491109681740e-01 -8.157474227476331496e-02
2.723641358890435127e-01 -1.089125202609619869e-01
2.602435816757208698e-01 -1.351743693760076859e-01
2.456007736523413421e-01 -1.601059658685039522e-01
2.285800587088339386e-01 -1.834661799483181532e-01
2.093487093564966040e-01 -2.050293951554590099e-01
1.880952704391206654e-01 -2.245876733986908458e-01
1.650277031029568908e-01 -2.419527451431384424e-01
1.403713443833558838e-01 -2.569578059669787029e-01
1.143667024805861132e-01 -2.694591026205915285e-01
8.726710931412391681e-02 -2.793372937883225049e-01
5.933625325027745007e-02 -2.864985729531669412e-01
3.084561598102024058e-02 -2.908755430764914940e-01
2.071838383357873115e-03 -2.924278352061424613e-01
-2.670595919864718337e-02 -2.911424655940860196e-01
-5.520887643754944507e-02 -2.870339284157331639e-01
-8.316092633652397148e-02 -2.801440237132054589e-01
-1.102916965603091132e-01 -2.705414227104426805e-01
-1.363389533354617822e-01 -2.583209751457540282e-01
-1.610511630773560077e-01 -2.436027657135490243e-01
-1.841899077390902195e-01 -2.265309290793950658e-01
-2.055321709394407892e-01 -2.072722352091900533e-01
-2.248724732025520479e-01 -1.860144589129874015e-01
-2.420248361182114061e-01 -1.629645495273585876e-01
-2.568245568942483792e-01 -1.383466185289241035e-01
-2.691297766059382868e-01 -1.123997645686914820e-01
-2.788228499011989325e-01 -8.537575060916213765e-02
-2.858114326953498652e-01 -5.753656450683106161e-02
-2.900293287133823839e-01 -2.915189983093632864e-02
-2.914371308391743853e-01 -4.965518690943659420e-04
-2.900225815887268466e-01 2.815223174608729589e-02
-2.858006728872696245e-01 5.651742179071080757e-02
-2.788134844354004938e-01 8.432487408386134253e-02
-2.691297624258334742e-01 1.113059665672776061e-01
-2.568442428294690494e-01 1.372001816981443523e-01
-2.420767258847355274e-01 1.617576095609908338e-01
-2.249709107752935755e-01 1.847413478732064240e-01
-2.056930017464133620e-01 2.059297760498104146e-01
-1.844300990688836628e-01 2.251186816976972760e-01
-1.613883902912106316e-01 2.421232193165353541e-01
-1.367911591074162103e-01 2.567796825798510651e-01
-1.108766308912786797e-01 2.689470733404515368e-01
-8.389567549268854563e-02 2.785084524330051492e-01
-5.610938924348962686e-02 2.853720594157948542e-01
-2.778657926590355487e-02 2.894721905837956411e-01
7.988258940224748353e-04 2.907698268764454252e-01
2.937041458161764387e-02 2.892530056745983291e-01
5.765195409957072498e-02 2.849369329099954995e-01
8.537005109181310114e-02 2.778638343745979400e-01
1.122567848166519250e-01 2.681025475937762748e-01
1.380522881244921896e-01 2.557478580934494650e-01
1.625072758201354106e-01 2.409195874766474066e-01
1.853854229383097019e-01 2.237614274751582033e-01
2.064656166997589359e-01 2.044395612356950942e-01
2.255441133523944652e-01 1.831410702675511093e-01
2.424365050153825252e-01 1.600721334849788124e-01
2.569795012570864068e-01 1.354560419224608014e-01
2.690325082003945378e-01 1.095310480267186193e-01
2.784789898612258230e-01 8.254807003048283964e-02
2.852275984869112047e-01 5.476827332266073767e-02
2.892130628518817526e-01 2.646055193355572807e-02
2.903968257683962606e-01 -2.101065759718409327e-03
2.887674244582277283e-01 -3.064006224318235189e-02
2.843406098852530595e-01 -5.888010160282283745e-02
2.771592036456240749e-01 -8.654770011697088261e-02
2.672926935281593752e-01 -1.133748709946438421e-01
2.548365713685916134e-01 -1.391017177576659158e-01
2.399114193037688303e-01 -1.634789512162609093e-01
2.226617529621205405e-01 -1.862703056811071400e-01
2.032546324807980864e-01 -2.072548309834361668e-01
1.818780544955575784e-01 -2.262290380306791748e-01
1.587391403844811977e-01 -2.430088769984737884e-01
1.340621380398555329e-01 -2.574315288379155908e-01
1.080862562746451316e-01 -2.693569925451064218e-01
8.106335262267605479e-02 -2.786694525824436330e-01
5.325549674802159544e-02 -2.852784129396558899e-01
2.493241148594300613e-02 -2.891195957152863372e-01
-3.631122893003668056e-03 -2.901555578011456582e-01
-3.215790813356898120e-02 -2.883760621152426928e-01
-6.037103749750907106e-02 -2.837982037649954825e-01
-8.799658554480767336e-02 -2.764662570605993519e-01
-1.147662711338795771e-01 -2.664512582452639999e-01
-1.404200677012638621e-01 -2.538503276629737737e-01
-1.647087353452648117e-01 -2.387857376298252454e-01
-1.873962499518531666e-01 -2.214037347663366240e-01
-2.082621055591553916e-01 -2.018731279604390194e-01
-2.271034673504690737e-01 -1.803836554403987491e-01
-2.437371540837676709e-01 -1.571441466208249871e-01
-2.580014303953411803e-01 -1.323804964209998325e-01
-2.697575912412609744e-01 -1.063334716223532372e-01
-2.788913227454529187e-01 -7.925637051202265304e-02
-2.853138258878158973e-01 -5.141255853485517807e-02
-2.889626917695084507e-01 -2.307290393174331669e-02
-2.898025196131404635e-01 5.486861635640777855e-03
-2.878252711689756049e-01 3.398883169567904622e-02
-2.830503577800750348e-01 6.215563650974354620e-02
-2.755244589841903124e-01 8.971315097729622157e-02
-2.653210741718913246e-01 1.163931723290562159e-01
-2.525398114527550031e-01 1.419360412926876924e-01
-2.373054204783342502e-01 1.660931809354437849e-01
-2.197665785058257881e-01 1.886295281652300981e-01
-2.000944275603577793e-01 2.093258484763682870e-01
-1.784809126056422501e-01 2.279808605526244814e-01
-1.551369256540624519e-01 2.444131948181571812e-01
-1.302902345508272497e-01 2.584631874026899756e-01
-1.041832559567281574e-01 2.699944442633337993e-01
-7.707068387493302974e-02 2.788951773725206196e-01
-4.921699701212122607e-02 2.850792996688487069e-01
-2.089386948733860938e-02 2.884872678458603179e-01
7.622489617831951919e-03 2.890866645445621663e-01
3.605404164764267061e-02 2.868725140936411733e-01
6.412364201361174521e-02 2.818673285812027252e-01
9.155775520412921809e-02 2.741208837170041046e-01
1.180891343468504634e-01 2.637097266275575391e-01
1.434594388465771364e-01 2.507364203908973299e-01
1.674217642247898818e-01 2.353285327364705026e-01
1.897430591498956431e-01 2.176373788817568822e-01
2.102064057613493853e-01 1.978365309253512228e-01
2.286131407453859676e-01 1.761201085412746614e-01
2.447847962011772405e-01 1.527008678973936495e-01
2.585648411280682679e-01 1.278081077302234414e-01
2.698202063494103964e-01 1.016854133282192596e-01
2.784425778460949408e-01 7.458826078737355869e-02
2.843494457812525966e-01 4.678150529063632157e-02
2.874848989337173699e-01 1.853677831179018770e-02
2.878201567969569941e-01 -9.870180456891091900e-03
2.853538303208318361e-01 -3.816224489316849544e-02
2.801119143081633456e-01 -6.606360386774434712e-02
2.721475203393970976e-01 -9.330245034235787327e-02
2.615403347352563412e-01 -1.196136596538194957e-01
2.483958158721854270e-01 -1.447413842555449193e-01
2.328441384043455908e-01 -1.684415549199235473e-01
2.150388950691532741e-01 -1.904842637291683793e-01
1.951555691583731489e-01 -2.106560053837613633e-01
1.733897930080810224e-01 -2.287617547937759177e-01
1.499554099747763547e-01 -2.446268605741804825e-01
1.250823593007484025e-01 -2.580987359236393552e-01
9.901440501050073895e-02 -2.690483304081805471e-01
7.200673150370739961e-02 -2.773713683754024939e-01
4.432342980371332258e-02 -2.829893420689709171e-01
1.623489947163466243e-02 -2.858502499730652957e-01
-1.198480800556791029e-02 -2.859290734667074285e-01
-4.006067800663304368e-02 -2.832279874828949606e-01
-6.771942712819328802e-02 -2.777763035205292885e-01
-9.469217647341855726e-02 -2.696301460209226120e-01
-1.207170775141985786e-01 -2.588718657686074343e-01
-1.455418646889323209e-01 -2.456091965812653155e-01
-1.689263096803891306e-01 -2.299741640895449912e-01
-1.906445533488516919e-01 -2.121217578493108380e-01
-2.104872925642945480e-01 -1.922283803518148315e-01
-2.282638006740570491e-01 -1.704900886781434144e-01
-2.438037670536493673e-01 -1.471206372909328319e-01
-2.569589189772996662e-01 -1.223493679990449307e-01
-2.676044302146677878e-01 -9.641895417111433220e-02
-2.756401073444683658e-01 -6.958299970144608826e-02
-2.809913254319439946e-01 -4.210354388053024616e-02
-2.836097114017822052e-01 -1.424848873406154258e-02
-2.834735689989492102e-01 1.371102569085368324e-02
-2.805880418004553234e-01 4.150327217323428880e-02
-2.749850133380822292e-01 6.885858719939137729e-02
-2.667227459886081786e-01 9.551199585660506697e-02
-2.558852628585756017e-01 1.212057850551424565e-01
-2.425814794099380167e-01 1.456919999847020031e-01
-2.269440940154692221e-01 1.687348395480931240e-01
-2.091282489746717488e-01 1.901129275886179748e-01
-1.893099757395502736e-01 2.096214380263596022e-01
-1.676844401732497380e-01 2.270740535280433847e-01
-1.444640055735530171e-01 2.423047390396444734e-01
-1.198761329191560115e-01 2.551693133926978274e-01
-9.416113932334256587e-02 2.655468042342346568e-01
-6.756983699341743976e-02 2.733405737056867069e-01
-4.036107608264355440e-02 2.784792045856047671e-01
-1.279921567511792084e-02 2.809171389913472372e-01
1.484845224367164519e-02 2.806350641821520053e-01
4.231430061225732037e-02 2.776400424956205204e-01
6.933296157950699645e-02 2.719653849567216786e-01
9.564390142406263562e-02 2.636702713558185529e-01
1.209939232826530986e-01 2.528391154843226962e-01
1.451395911076041878e-01 2.395806927849575829e-01
1.678495718488885458e-01 2.240270361387488862e-01
1.889068451195090037e-01 2.063321069573705591e-01
2.081107684610052078e-01 1.866702577451341272e-01
2.252789786944533190e-01 1.652345016908809416e-01
2.402491115077431405e-01 1.422346066566911593e-01
2.528803232605601470e-01 1.178950325596089671e-01
2.630546009647199979e-01 9.245273257953896817e-02
2.706778484996612000e-01 6.615483985872876171e-02
2.756807393301721754e-01 3.925626237532261337e-02
2.780193282833072765e-01 1.201720946649616900e-02
2.776754172914656094e-01 -1.529932596056816224e-02
2.746566723960318646e-01 -4.243010516296250728e-02
2.689964917071849815e-01 -6.911417678167670886e-02
2.607536264077071619e-01 -9.509538122887103984e-02
2.500115592488861838e-01 -1.201248023000325016e-01
2.368776472922816123e-01 -1.439631426703650297e-01
2.214820378809090329e-01 -1.663830007570330782e-01
2.039763689560651905e-01 -1.871710274621383174e-01
1.845322668520537612e-01 -2.061299425443664513e-01
1.633396565824333513e-01 -2.230803917870977371e-01
1.406049013604520892e-01 -2.378626277229154429e-01
1.165487896576958698e-01 -2.503379984225830857e-01
9.140438231237638100e-02 -2.603902425557415579e-01
6.541475713983696538e-02 -2.679265407782270292e-01
3.883067164733070703e-02 -2.728783435978854310e-01
1.190814361112035348e-02 -2.752019900267110297e-01
-1.509400800811682396e-02 -2.748790743134255088e-01
-4.191664289882503225e-02 -2.719165709447655677e-01
-6.830277635894292654e-02 -2.663467174337171839e-01
-9.400002987215505534e-02 -2.582266567051176298e-01
-1.187630321211258083e-01 -2.476378431541609859e-01
-1.423557478067318804e-01 -2.346852186699836251e-01
-1.645537124000564233e-01 -2.194961670647671281e-01
-1.851461519134915967e-01 -2.022192574092608330e-01
-2.039379679284401004e-01 -1.830227887292356914e-01
-2.207515694483584423e-01 -1.620931503466004064e-01
-2.354285346441341853e-01 -1.396330138376503105e-01
-2.478310872089508066e-01 -1.158593741142577571e-01
-2.578433738262963515e-01 -9.100145849833116141e-02
-2.653725311605881210e-01 -6.529852384349753291e-02
-2.703495327865161890e-01 -3.899756275089775320e-02
-2.727298085621249202e-01 -1.235094071994630519e-02
-2.724936311019539037e-01 1.438601333666506693e-02
-2.696462662005325028e-01 4.095744040603258029e-02
-2.642178862731217048e-01 6.710938554264192502e-02
-2.562632480988976114e-01 9.259220996462910747e-02
-2.458611383516038085e-01 1.171629584125890994e-01
-2.331135937996041407e-01 1.405876793772411759e-01
-2.181448916369913837e-01 1.626436177446983489e-01
-2.011003436301648795e-01 1.831212953702184565e-01
-1.821448957617210762e-01 2.018265042207385007e-01
-1.614615387172113059e-01 2.185821335014588584e-01
-1.392495497790470771e-01 2.332298328415125799e-01
-1.157225828788759209e-01 2.456314961398781416e-01
-9.110662494910605480e-02 2.556705523674656089e-01
-6.563783793359505292e-02 2.632530514396687060e-01
-3.956030685666517971e-02 2.683085351982471001e-01
-1.312371519936440974e-02 2.707906855550205605e-01
1.341903051521854684e-02 2.706777439342082370e-01
3.981420457524935397e-02 2.679726982860139994e-01
6.580967177562922765e-02 2.627032361118306625e-01
9.115728032355364940e-02 2.549214641217240618e-01
1.156152154945688793e-01 2.447033973176952759e-01
1.389502919589027385e-01 2.321482224420609863e-01
1.609401632806660709e-01 2.173773428294601406e-01
1.813754278730119185e-01 2.005332137345404719e-01
2.000616116636687591e-01 1.817779791568772951e-01
2.168210088783318612e-01 1.612919230323320574e-01
2.314943636740924016e-01 1.392717493891786895e-01
2.439423768395136416e-01 1.159287076621514506e-01
2.540470234082640721e-01 9.148658080323640585e-02
2.617126687948526653e-01 6.617955511148229664e-02
2.668669860016298356e-01 4.024997028029055762e-02
2.694616165539615027e-01 1.394602970908470282e-02
2.694726175909252230e-01 -1.248053394229620312e-02
2.669007050174602158e-01 -3.877687135619262149e-02
2.617712457888228261e-01 -6.469142188275656125e-02
2.541340166282301527e-01 -8.997630714197141222e-02
2.440627313283516842e-01 -1.143896903326810793e-01
2.316543409568369571e-01 -1.376980789781780956e-01
2.170281134185921279e-01 -1.596785493444315696e-01
2.003245009037487867e-01 -1.801208714763831986e-01
1.817038057509937354e-01 -1.988295147043251665e-01
1.613446571624620740e-01 -2.156255145683737273e-01
1.394423130009872780e-01 -2.303481833847822180e-01
1.162068025659712678e-01 -2.428566481220887086e-01
9.186092776485389744e-02 -2.530312008551600100e-01
6.663814145872910821e-02 -2.607744488065906752e-01
4.078032294970563437e-02 -2.660122528521314256e-01
1.453547158235955761e-02 -2.686944453429128132e-01
-1.184465975762393625e-02 -2.687953201641372081e-01
-3.810696885627137126e-02 -2.663138900887229155e-01
-6.399942330460246798e-02 -2.612739086753820827e-01
-8.927347157527049104e-02 -2.537236561837594717e-01
-1.136864230954422045e-01 -2.437354912137292273e-01
-1.370037746151599178e-01 -2.314051720006108648e-01
-1.590014606319002377e-01 -2.168509534922559989e-01
-1.794680303765472107e-01 -2.002124524529647898e-01
-1.982066509522750763e-01 -1.816493286465894474e-01
-2.150369814297684312e-01 -1.613397904107565783e-01
-2.297969410751959374e-01 -1.394788879213664234e-01
-2.423442776752676719e-01 -1.162766536637871578e-01
-2.525579476220951580e-01 -9.195609715587424460e-02
-2.603392942212502947e-01 -6.675107286756684633e-02
-2.656130125823496502e-01 -4.090404154124677866e-02
-2.683278914648747349e-01 -1.466374618746909587e-02
-2.684573245643564476e-01 1.171717509838030372e-02
-2.659995859158627018e-01 3.798461669107881106e-02
-2.609778663422204770e-01 6.388545010922763723e-02
-2.534400701624321961e-01 8.916996233062914057e-02
-2.434583736792049757e-01 1.135942642733876046e-01
-2.311285492615417214e-01 1.369226461935876271e-01
-2.165690611068043225e-01 1.589298572020107214e-01
-1.999199409843732123e-01 1.794032867754863370e-01
-1.813414544083412350e-01 1.981450270277385906e-01
-1.610125697385574872e-01 2.149737956023239360e-01
-1.391292446472287558e-01 2.297267003467066138e-01
-1.159025461932590984e-01 2.422608284100178366e-01
-9.155662239997149066e-02 2.524546440643734013e-01
-6.632654471708260280e-02 2.602091813651477015e-01
-4.045604204969874274e-02 2.654490197221888170e-01
-1.419514814201562093e-02 2.681230325334039155e-01
1.220224518015116527e-02 2.682048962018347971e-01
3.848081208916543511e-02 2.656933559368263587e-01
6.438623470083786049e-02 2.606122693673551538e-01
8.966770063878420904e-02 2.530103961138324142e-01
1.140803388615990732e-01 2.429609435430070685e-01
1.373876005722357851e-01 2.305608743517501558e-01
1.593635619108985657e-01 2.159299823288196585e-01
1.797951258440267375e-01 1.992097449266911346e-01
1.984841015974044554e-01 1.805619634803317941e-01
2.152491411328523174e-01 1.601672040148590381e-01
2.299275135248966540e-01 1.382230535678380390e-01
2.423766996434152665e-01 1.149422087944927812e-01
2.524757912761247947e-01 9.055041530646043557e-02
2.601266807141285331e-01 6.528427769937364400e-02
2.652550288565279635e-01 3.938896153615591839e-02
2.678110020465693797e-01 1.311580965753427440e-02
2.677697701107092931e-01 -1.328010392280776740e-02
2.651317604113496706e-01 -3.954245862335745154e-02
2.599226651206236194e-01 -6.541618606315897921e-02
2.521932013524205707e-01 -9.064995847499875137e-02
2.420186262291050550e-01 -1.149986423065181007e-01
2.294980113833436086e-01 -1.382256928575154309e-01
2.147532837797698768e-01 -1.601054663476038642e-01
1.979280420619307090e-01 -1.804254265902960896e-01
1.791861598635561825e-01 -1.989882244604564143e-01
1.587101605606438259e-01 -2.156136372161018000e-01
1.366994637301130189e-01 -2.301403125386335680e-01
1.133684722497958486e-01 -2.424273473823213287e-01
8.894445148946150681e-02 -2.523556827323957807e-01
6.366530827807725945e-02 -2.598292706671341268e-01
3.777726465500241826e-02 -2.647760158806019559e-01
1.153244929856246832e-02 -2.671484822440104434e-01
-1.481356963686815062e-02 -2.669243573091143462e-01
-4.100428594302538837e-02 -2.641066700560258385e-01
-6.678476634879085272e-02 -2.587237596367219505e-01
-9.190414627880499898e-02 -2.508289953394260419e-01
-1.161180857157303736e-01 -2.405002504730412716e-01
-1.391911608871762851e-01 -2.278391353198432612e-01
-1.608991681270128538e-01 -2.129699967036418062e-01
-1.810313171271905885e-01 -1.960386940455760285e-01
-1.993922918917001297e-01 -1.772111640066861005e-01
-2.158041590178476909e-01 -1.566717879228445576e-01
-2.301081044486913973e-01 -1.346215782022798790e-01
-2.421659815489186907e-01 -1.112762016584228492e-01
-2.518616552369138950e-01 -8.686385937298779503e-02
-2.591021289398243166e-01 -6.162304410976007785e-02
-2.638184433051898314e-01 -3.580019751353268054e-02
-2.659663378800661282e-01 -9.647290319200122269e-03
-2.655266693335188166e-01 1.658065044708263713e-02
-2.625055822268213546e-01 4.262804277717813922e-02
-2.569344095932261651e-01 6.824127218981221321e-02
-2.488693609597018019e-01 9.317114837807570493e-02
-2.383909788078596159e-01 1.171753296374323239e-01
-2.256033123241266147e-01 1.400207139788474942e-01
-2.106328775139063025e-01 1.614857155018772639e-01
-1.936273971899765134e-01 1.813624253301986677e-01
-1.747543335255520858e-01 1.994586358492206613e-01
-1.541992279137795463e-01 2.155997083716215956e-01
-1.321638647759161289e-01 2.296302659402357782e-01
-1.088642776912100985e-01 2.414156947428519884e-01
-8.452861776490859513e-02 2.508434395418132068e-01
-5.939490549207284559e-02 2.578240805928607715e-01
-3.370868850040276143e-02 2.622921817213356710e-01
-7.720628454159745614e-03 2.642069015168940771e-01
1.831595893493544180e-02 2.635523619772570103e-01
4.414758642159625351e-02 2.603377713525841797e-01
6.952307571994002788e-02 2.545973003903735377e-01
9.419601149864101353e-02 2.463897136318485281e-01
1.179271447151741675e-01 2.357977598393010410e-01
1.404867216804628616e-01 2.229273280154178694e-01
1.616567160344377085e-01 2.079063777866405061e-01
1.812329418281651283e-01 1.908836551395914349e-01
1.990270271381577305e-01 1.720272066009562728e-01
2.148682290703593512e-01 1.515227069157297768e-01
2.286050726298282099e-01 1.295716170872152351e-01
2.401067881725276465e-01 1.063891702048166132e-01
2.492645535068068186e-01 8.220227321119454034e-02
2.559925331949708949e-01 5.724729317498100656e-02
2.602286712402291924e-01 3.176771202924663640e-02
2.619352542828591868e-01 6.011739239167515104e-03
2.610992355559893507e-01 -1.977011678187565180e-02
2.577323170202036051e-01 -4.532749457064683823e-02
2.518707894879589348e-01 -7.041261879190216511e-02
2.435751329334197857e-01 -9.478270880129460729e-02
2.329293815373290333e-01 -1.182023330757199647e-01
2.200402603161479842e-01 -1.404456866017820549e-01
2.050361024076805538e-01 -1.612987691453163785e-01
1.880655582097647549e-01 -1.805614433720158230e-01
1.692961095736566224e-01 -1.980493530394991930e-01
1.489124041204017146e-01 -2.135956829215009400e-01
1.271144264586929473e-01 -2.270527437395541415e-01
1.041155246205496404e-01 -2.382933671498189687e-01
8.014031138223379203e-02 -2.472120977446111978e-01
5.542246128960816309e-02 -2.537261710595742348e-01
3.020242514974673040e-02 -2.577762687074733883e-01
4.725084475621415571e-03 -2.593270439672017424e-01
-2.076263112774819411e-02 -2.583674134192695537e-01
-4.601414037260585788e-02 -2.549106125146198276e-01
-7.078559718411206458e-02 -2.489940152688953079e-01
-9.483824495467158000e-02 -2.406787205667710317e-01
-1.179407169583433918e-01 -2.300488922057281616e-01
-1.398712486928502530e-01 -2.172109126317314509e-01
-1.604198030627526084e-01 -2.022923255390726704e-01
-1.793900798983309453e-01 -1.854405405233544302e-01
-1.966013822068715944e-01 -1.668213661293453665e-01
-2.118903268773431325e-01 -1.466173690500255367e-01
-2.251123838180333903e-01 -1.250260758714271114e-01
-2.361432292258749954e-01 -1.022580352129072723e-01
-2.448799005346487812e-01 -7.853475938833079373e-02
-2.512417425489309464e-01 -5.408656579882323984e-02
-2.551711363214207995e-01 -2.915033915276737594e-02
-2.566340044531492670e-01 -3.967236286778940725e-03
-2.556200886681644358e-01 2.121964417292789007e-02
-2.521429977152973012e-01 4.616760481920783449e-02
-2.462400258586809887e-01 7.063668261961701667e-02
-2.379717444142761262e-01 9.439194987783565416e-02
-2.274213709510372883e-01 1.172057610540131745e-01
-2.146939228823537549e-01 1.388599240991658657e-01
-1.999151642059802392e-01 1.591477757610461896e-01
-1.832303560902434347e-01 1.778761413124733404e-01
-1.648028238329982409e-01 1.948671603277899456e-01
-1.448123544210573876e-01 2.099599614765268740e-01
-1.234534404765276344e-01 2.230121708020243732e-01
-1.009333877783329947e-01 2.339012395913116216e-01
-7.747030478027298883e-02 2.425255797048135042e-01
-5.329098556939074888e-02 2.488054871101439414e-01
-2.862873474527517781e-02 2.526838694855279011e-01
-3.721129616036661456e-03 2.541267615731560015e-01
2.119226996362441953e-02 2.531236005509934772e-01
4.587221587261088723e-02 2.496872848609106021e-01
7.008205815126100635e-02 2.438540093433806955e-01
9.359000190802076180e-02 2.356828788151844600e-01
1.161713133824936323e-01 2.252553043088024176e-01
1.376104543865542262e-01 2.126741882269499728e-01
1.577031250817772234e-01 1.980629066344010702e-01
1.762581959721997993e-01 1.815640987935410178e-01
1.930995110871035481e-01 1.633382758334940843e-01
2.080675455882985414e-01 1.435622621091392492e-01
2.210209024478033690e-01 1.224274843409002417e-01
2.318376343916245808e-01 1.001381250153773883e-01
2.404163789783213268e-01 7.690915775862347536e-02
2.466772964614711294e-01 5.296428345739569166e-02
2.505628019565643849e-01 2.853378678977920579e-02
2.520380853775897045e-01 3.852333527972636416e-03
2.510914146084263221e-01 -2.084327051293225971e-02
2.477342194109508899e-01 -4.531633768993694605e-02
2.420009556268144790e-01 -6.933255260106195583e-02
2.339487512845146722e-01 -9.266220077623057993e-02
2.236568382583623837e-01 -1.150823510320276577e-01
2.112257751232063663e-01 -1.363789709990925192e-01
1.967764607724449000e-01 -1.563489568984326172e-01
1.804489721456042362e-01 -1.748020527999104845e-01
1.624012223162868973e-01 -1.915626506644643179e-01
1.428074344847088673e-01 -2.064714520989472946e-01
1.218564704814951577e-01 -2.193869716425108640e-01
9.975002194487411766e-02 -2.301868700972748982e-01
7.670068130745026636e-02 -2.387691054891172837e-01
5.292991083708187966e-02 -2.450528909561034141e-01
2.866592891581854277e-02 -2.489794506712421085e-01
4.141533502446583664e-03 -2.505125667967183500e-01
-2.040811669860044877e-02 -2.496389124206562504e-01
-4.474774245153021607e-02 -2.463681674274621480e-01
-6.864418448167157460e-02 -2.407329162807628486e-01
-9.186862314137779484e-02 -2.327883287352964514e-01
-1.141987563400962552e-01 -2.226116265223860025e-01
-1.354209152180467501e-01 -2.103013410543907447e-01
-1.553320976214901949e-01 -1.959763691482565018e-01
-1.737419002011318381e-01 -1.797748356593738273e-01
-1.904743308969068516e-01 -1.618527737271545641e-01
-2.053694846835164289e-01 -1.423826350462080170e-01
-2.182850667221035712e-01 -1.215516441760303989e-01
-2.290977484830629962e-01 -9.956001237291396688e-02
-2.377043439604488717e-01 -7.661902775658738229e-02
-2.440227947753410009e-01 -5.294903979832984997e-02
-2.479929547490101471e-01 -2.877735712612847913e-02
-2.495771641123834261e-01 -4.336070538302600440e-03
-2.487606113645246808e-01 2.014015372636342519e-02
-2.455514828547593065e-01 4.441630639324677804e-02
-2.399808891100747577e-01 6.825928843867103135e-02
-2.321025734386117367e-01 9.144013918346398373e-02
-2.219924047759323227e-01 1.137362262293377668e-01
-2.097476593720911942e-01 1.349333764234553201e-01
-1.954860979181857472e-01 1.548279275604769745e-01
-1.793448466546894993e-01 1.732286812468648574e-01
-1.614790928719085084e-01 1.899587382536632174e-01
-1.420606069877552446e-01 2.048571987630549707e-01
-1.212761050528236850e-01 2.177807111614982472e-01
-9.932546707159364829e-02 2.286048544373527613e-01
-7.641982792655155343e-02 2.372253407908389566e-01
-5.277955893507298157e-02 2.435590267451828161e-01
-2.863215914505975318e-02 2.475447228445067926e-01
-4.210076373658353487e-03 2.491437939195792761e-01
2.025152129532763884e-02 2.483405438799841380e-01
4.451700232313489380e-02 2.451423810323831443e-01
6.835253528810882051e-02 2.395797620096512259e-01
9.152833755712769248e-02 2.317059145055502256e-01
1.138208874893672923e-01 2.215963411243560832e-01
1.350150789055521161e-01 2.093481087543322128e-01
1.549062970600461886e-01 1.950789299377421737e-01
1.733023960575959532e-01 1.789260447187597247e-01
1.900255645820961292e-01 1.610449039855573194e-01
2.049140397569677863e-01 1.416076920235844194e-01
2.178236736895731440e-01 1.208016914039260897e-01
2.286293449065492089e-01 9.882748106957084389e-02
2.372261801816481497e-01 7.589701196505166392e-02
2.435305825254826806e-01 5.223157070893788556e-02
2.474810550901050954e-01 2.805965076172442507e-02
2.490388126873019359e-01 3.614751481116181431e-03
2.481881746520947229e-01 -2.086687379793202360e-02
2.449367348828036806e-01 -4.514849897823636216e-02
2.393153070360168611e-01 -6.899521369568324680e-02
2.313776450281720132e-01 -9.217619695794863899e-02
2.211999411744262067e-01 -1.144669538824195781e-01
2.088801064587233747e-01 -1.356514937963723411e-01
1.945368395549707530e-01 -1.555244284824894851e-01
1.783084932872991135e-01 -1.738929700812308077e-01
1.603517492068276262e-01 -1.905788090916491762e-01
1.408401128536707070e-01 -2.054198540362664194e-01
1.199622440468245677e-01 -2.182718156635533591e-01
9.792013818337610975e-02 -2.290096200402657878e-01
7.492717601538836925e-02 -2.375286365221359608e-01
5.120606069252211373e-02 -2.437457083696359661e-01
2.698666199764242907e-02 -2.475999756785945416e-01
2.503788649199756734e-03 -2.490534823047106661e-01
-2.200508971177083176e-02 -2.480915605573684457e-01
-4.630216161396291663e-02 -2.447229844036249158e-01
-7.015157035524102747e-02 -2.389798991895909774e-01
-9.332169575512858084e-02 -2.309175328827322571e-01
-1.155874237066514265e-01 -2.206136715182727137e-01
-1.367323406974276789e-01 -2.081679165285013344e-01
-1.565508454638173119e-01 -1.937007286959852859e-01
-1.748501570258574611e-01 -1.773522678212307579e-01
-1.914521993354412477e-01 -1.592810392162924416e-01
-2.061953439522053733e-01 -1.396623600511388286e-01
-2.189359935296669446e-01 -1.186866603696821176e-01
-2.295499904350693510e-01 -9.655763523941755799e-02
-2.379338365250465437e-01 -7.349026598565513990e-02
-2.440057119393096718e-01 -4.970872977333732484e-02
-2.477062827380217824e-01 -2.544421792287498638e-02
-2.489992892757152132e-01 -9.326842694443208352e-04
-2.478719093552097519e-01 2.358745441166008525e-02
-2.443348924173894543e-01 4.787764339477393327e-02
-2.384224632755198581e-01 7.170151761634387111e-02
-2.301919961731519193e-01 9.482720907052498427e-02
-2.197234622097499201e-01 1.170296113269239935e-01
-2.071186554155069470e-01 1.380925789133529979e-01
-1.925002049438507279e-01 1.578110399317084467e-01
-1.760103829653001661e-01 1.759930011155072804e-01
-1.578097198678452273e-01 1.924614255849167177e-01
-1.380754402769674150e-01 2.070559647992651631e-01
-1.169997198911191388e-01 2.196345298672939816e-01
-9.478782515440288547e-02 2.300746731753706975e-01
-7.165612729189316243e-02 2.382747881662208855e-01
-4.782997547961766877e-02 2.441551100831983179e-01
-2.354149612399916366e-02 2.476584974653530113e-01
9.726745696517154248e-04 2.487509922007071217e-01
2.547370247367458998e-02 2.474221525945841105e-01
4.972288915139877474e-02 2.436851561486727547e-01
7.348400428196227852e-02 2.375766710183310204e-01
9.652559398163954030e-02 2.291564973976964736e-01
1.186232423444158884e-01 2.185069823518104859e-01
1.395617639869632665e-01 2.057322138492345409e-01
1.591373060658058669e-01 1.909570019256568163e-01
1.771593391305039122e-01 1.743256570068715261e-01
1.934525172768772061e-01 1.560005774171142334e-01
2.078583893575772223e-01 1.361606599763194037e-01
2.202369444802979026e-01 1.149995493291989662e-01
2.304679766626189230e-01 9.272374323269247376e-02
2.384522553000717748e-01 6.955057243995109439e-02
2.441124900220343896e-01 4.570607504590278036e-02
2.473940805398403830e-01 2.142278618885670380e-02
2.482656442125321383e-01 -3.062535175471163117e-03
2.467193162471726930e-01 -2.751122010418727629e-02
2.427708196900563997e-01 -5.168502139248385557e-02
2.364593046307133517e-01 -7.534844032338415543e-02
2.278469459475803982e-01 -9.827103474871658195e-02
2.170183368665503099e-01 -1.202296528976245782e-01
2.040796707052071612e-01 -1.410106026505039689e-01
1.891576862348011978e-01 -1.604117463465486726e-01
1.723984226995052549e-01 -1.782444700575230301e-01
1.539657867278157455e-01 -1.943355197468964457e-01
1.340399452832786165e-01 -2.085286864175848742e-01
1.128155604960371650e-01 -2.206863238482003886e-01
9.049988375327605583e-02 -2.306906841737114133e-01
6.731072779064142808e-02 -2.384450583652097666e-01
4.347433670482621360e-02 -2.438747105872531573e-01
1.922317478861385390e-02 -2.469275974404218921e-01
-5.206344135429778405e-03 -2.475748652116830650e-01
-2.957616464524311095e-02 -2.458111204347581680e-01
-5.364891233366215345e-02 -2.416544712852342902e-01
-7.719020840614816692e-02 -2.351463395787486421e-01
-9.997095366214622802e-02 -2.263510453835096969e-01
-1.217695595828186261e-01 -2.153551684788582443e-01
-1.423741047879457378e-01 -2.022666930668819696e-01
-1.615843958759003163e-01 -1.872139442541539134e-01
-1.792139126158355800e-01 -1.703443268444380376e-01
-1.950916186106243511e-01 -1.518228789010591939e-01
-2.090636198812597102e-01 -1.318306543316258017e-01
-2.209946553245368817e-01 -1.105629504000237295e-01
-2.307694046513350528e-01 -8.822739756547891277e-02
-2.382935953076989466e-01 -6.504191824969546287e-02
-2.434949102332720772e-01 -4.123261381334723807e-02
-2.463236897649524193e-01 -1.703156989666531132e-02
-2.467534003183940727e-01 7.325420226558747479e-03
-2.447808806638691048e-01 3.160115379825088888e-02
-2.404263604671752763e-01 5.555932902586541156e-02
-2.337332510881703074e-01 7.896684533415589125e-02
-2.247677108444288141e-01 1.015960710411351053e-01
-2.136179891382728457e-01 1.232270564183411965e-01
-2.003935559909978958e-01 1.436496706469077844e-01
-1.852240256075273206e-01 1.626656419403912646e-01
-1.682578845879416640e-01 1.800904810646997700e-01
-1.496610372905819164e-01 1.957552696356113509e-01
-1.296151826162152132e-01 2.095082959037923576e-01
-1.083160381072897499e-01 2.212165222327619751e-01
-8.597142872510821210e-02 2.307668701220052798e-01
-6.279925896724029843e-02 2.380673104096129034e-01
-3.902538810470569663e-02 2.430477481894309510e-01
-1.488142924274628819e-02 2.456606939772217058e-01
9.397506367288721921e-03 2.458817147401687886e-01
3.357509782200190224e-02 2.437096605438175689e-01
5.741611362035309307e-02 2.391666647493866926e-01
8.068869894562369360e-02 2.322979178919062915e-01
1.031666289708687845e-01 2.231712175637907969e-01
1.246315063272505630e-01 2.118762987984966484e-01
1.448748821272612120e-01 1.985239416323363870e-01
1.637002735654735086e-01 1.832448945522288375e-01
1.809250709117247169e-01 1.661886051292303379e-01
1.963823102993783321e-01 1.475217490331007242e-01
2.099222907817532846e-01 1.274266019079224044e-01
2.214140229097150692e-01 1.060992603419179947e-01
2.307464948399663429e-01 8.374772927257938260e-02
2.378297437588891561e-01 6.058989445550730379e-02
2.425957222994974405e-01 3.685139973196504409e-02
2.449989516211484863e-01 1.276344974551137969e-02
2.450169548935901276e-01 -1.143944052695306662e-02
2.426504670585306611e-01 -3.552172755627877598e-02
2.379234189131493871e-01 -5.924913018454510544e-02
2.308826957494329590e-01 -8.239090743958293883e-02
2.215976729699326020e-01 -1.047221011231860149e-01
2.101595332632416047e-01 -1.260257214034928575e-01
1.966803720407038492e-01 -1.460948542006360873e-01
1.812920998887560808e-01 -1.647346699192320241e-01
1.641451527586962889e-01 -1.817643140432516069e-01
1.454070224795786237e-01 -1.970186612595676012e-01
1.252606219214106864e-01 -2.103499161049178223e-01
1.039025007382354954e-01 -2.216290446240959666e-01
8.154092906874274571e-02 -2.307470231710156694e-01
5.839386785150659648e-02 -2.376158922621990355e-01
3.468684551029344032e-02 -2.421696052874854899e-01
1.065075755416304039e-02 -2.443646600552578929e-01
-1.348037541826184807e-02 -2.441805171383703288e-01
-3.747168183820225040e-02 -2.416197972154376372e-01
-6.108972939292259263e-02 -2.367082453239976736e-01
-8.410479569196845084e-02 -2.294944731108507496e-01
-1.062931022079820903e-01 -2.200494787049689649e-01
-1.274389897698963714e-01 -2.084659489321459558e-01
-1.473370144573188656e-01 -1.948573507071377775e-01
-1.657939435216453650e-01 -1.793568204893108697e-01
-1.826306319347002216e-01 -1.621158626519188517e-01
-1.976837613298303431e-01 -1.433028694734678476e-01
-2.108074244419107790e-01 -1.231014771942700592e-01
-2.218745396590317276e-01 -1.017087741755597907e-01
-2.307780819547913809e-01 -7.933337863661177325e-02
-2.374321182602464608e-01 -5.619340471288457317e-02
-2.417726372408911806e-01 -3.251433666342378598e-02
-2.437581654483614024e-01 -8.526831947661458327e-03
-2.433701638992883387e-01 1.553552541882993396e-02
-2.406132012739194970e-01 3.943849933907924571e-02
-2.355149021049439129e-01 6.294948178195802768e-02
-2.281256705202681090e-01 8.583975639289430359e-02
-2.185181922910436891e-01 1.078867235246146056e-01
-2.067867200970599506e-01 1.288760650254750229e-01
-1.930461490340516784e-01 1.486038277150590059e-01
-1.774308914309312701e-01 1.668784052746020985e-01
-1.600935592194116242e-01 1.835224023981668617e-01
-1.412034738071217821e-01 1.983743527989509092e-01
-1.209450158263809805e-01 2.112902825769227000e-01
-9.951582319195007020e-02 2.221451093194616033e-01
-7.712486281441575942e-02 2.308338532005654309e-01
-5.399039268919177126e-02 2.372726519260029698e-01
-3.033783425493872393e-02 2.413995697086659675e-01
-6.397575782771896744e-03 2.431751924708168977e-01
1.759727177787835661e-02 2.425830035578615818e-01
4.141314461620417692e-02 2.396295363914691667e-01
6.481829941856311061e-02 2.343443026667693108e-01
8.758506812299203526e-02 2.267794968876613859e-01
1.094920721160304450e-01 2.170094802150100977e-01
1.303263743244223449e-01 2.051300487529640892e-01
1.498855482710412246e-01 1.912574934975537211e-01
1.679796439849390033e-01 1.755274611990262079e-01
1.844330316719631768e-01 1.580936273249853308e-01
1.990861052549093568e-01 1.391261941362074150e-01
2.117968292680607323e-01 1.188102285837619176e-01
2.224421141275391145e-01 9.734385628808807367e-02
2.309190064802754128e-01 7.493632925255785948e-02
2.371456831440963697e-01 5.180598618266814975e-02
2.410622390720713049e-01 2.817812531545816138e-02
2.426312617863199683e-01 4.282810502413791735e-03
2.418381868104118593e-01 -1.964736807542179914e-02
2.386914331856170579e-01 -4.337956427363120343e-02
2.332223073476124842e-01 -6.668293402869336639e-02
2.254846891426321165e-01 -8.933087025914723811e-02
2.155545037244644413e-01 -1.111032111978693532e-01
2.035289754972129384e-01 -1.317883783347212068e-01
1.895256754121871778e-01 -1.511854300058412814e-01
1.736813709917864323e-01 -1.691060107278882507e-01
1.561506903623106068e-01 -1.853761774033531318e-01
1.371046133752283347e-01 -1.998380847331739374e-01
1.167288045650096834e-01 -2.123515135535655740e-01
9.522180421517115190e-02 -2.227952273511118464e-01
7.279309516803827984e-02 -2.310681438885218153e-01
4.966106420517279324e-02 -2.370903106769936541e-01
2.605087783316925587e-02 -2.408036749418688005e-01
2.192293123580374772e-03 -2.421726407273697146e-01
-2.168257513083465468e-02 -2.411844078544963244e-01
-4.534150927450023016e-02 -2.378490895632008606e-01
-6.855444379647619713e-02 -2.321996078152470111e-01
-9.109569863607584750e-02 -2.242913673871380631e-01
-1.127461691620787604e-01 -2.142017120223466686e-01
-1.332954516358040020e-01 -2.020291680177552784e-01
-1.525438836071882076e-01 -1.878924826707404350e-01
-1.703044795298436220e-01 -1.719294669911325402e-01
-1.864047429069235484e-01 -1.542956539674616712e-01
-2.006883374846846757e-01 -1.351627854510050186e-01
-2.130166100223436776e-01 -1.147171349379336042e-01
-2.232699206951614945e-01 -9.315770093967028209e-02
-2.313487931485485039e-01 -7.069428416269930848e-02
-2.371748869763184442e-01 -4.754544507113015600e-02
-2.406917552693075557e-01 -2.393638232901234425e-02
-2.418653900006107194e-01 -9.674729253644545330e-05
-2.406845500303791685e-01 2.374158431371726705e-02
-2.371608686093675811e-01 4.734676199843760452e-02
-2.313287393853284135e-01 7.048920964809475553e-02
-2.232449820494970261e-01 9.294385249107463276e-02
-2.129882908814020870e-01 1.144923003782138682e-01
-2.006584715385917872e-01 1.349249663023726342e-01
-1.863754734742057717e-01 1.540430997074104247e-01
-1.702782273303094784e-01 1.716607149601424298e-01
-1.525232985292936660e-01 1.876063963696572023e-01
-1.332833700523112785e-01 2.017249623270652437e-01
-1.127455690355956414e-01 2.138789724937450454e-01
-9.110965331709416914e-02 2.239500634746091623e-01
-6.858607541341055214e-02 2.318401000605203321e-01
-4.539394258706250240e-02 2.374721308951749654e-01
-2.175889266590689403e-02 2.407911392992767574e-01
2.089093909284684206e-03 2.417645819509839922e-01
2.591792471461632982e-02 2.403827101580992831e-01
4.949564713827288992e-02 2.366586705449039707e-01
7.259269961735634324e-02 2.306283840946466435e-01
9.498415316564010058e-02 2.223502013522688781e-01
1.164518821408291605e-01 2.119043412054378850e-01
1.367866713804335166e-01 1.993921265265899412e-01
1.557902641476454075e-01 1.849350082794521399e-01
1.732772919777155751e-01 1.686733945463726181e-01
1.890770807371150164e-01 1.507652952160389859e-01
2.030353153604513849e-01 1.313847952872605473e-01
2.150155470728068174e-01 1.107203714045972842e-01
2.249005284042512876e-01 8.897306776408520079e-02
2.325933629447876072e-01 6.635454889720077132e-02
2.380184585565394695e-01 4.308504804553630468e-02
2.411222746385607574e-01 1.939123086557726153e-02
2.418738560112346780e-01 -4.496004957427527510e-03
2.402651480332813894e-01 -2.834377296347362005e-02
2.363110896651288151e-01 -5.191946237492422317e-02
2.300494833284229546e-01 -7.499300185708770994e-02
2.215406425622630515e-01 -9.733910065706626036e-02
2.108668206221651908e-01 -1.187394453804265088e-01
1.981314252874869508e-01 -1.389848310589789082e-01
1.834580272162452119e-01 -1.578772057627267633e-01
1.669891711935643785e-01 -1.752316088092464585e-01
1.488850015418063388e-01 -1.908779836173830902e-01
1.293217147782469989e-01 -2.046628474306414758e-01
1.084898543026330542e-01 -2.164508014882236542e-01
8.659246345461484029e-02 -2.261258667354824337e-01
6.384310250153216182e-02 -2.335926343564312391e-01
4.046378441476301130e-02 -2.387772065714888758e-01
1.668282819999373362e-02 -2.416279369978481528e-01
-7.267377091275178599e-03 -2.421159600553619284e-01
-3.115263939181533645e-02 -2.402354935064058838e-01
-5.473925107297045178e-02 -2.360039159753326565e-01
-7.779627454555387844e-02 -2.294616183116907071e-01
-1.000978036972124674e-01 -2.206716298612123317e-01
-1.214251790403071546e-01 -2.097190229048842558e-01
-1.415691348444084730e-01 -1.967101006977173827e-01
-1.603318571405041859e-01 -1.817713766640391693e-01
-1.775289323043445222e-01 -1.650483543641158846e-01
-1.929911669473941549e-01 -1.467041198177756189e-01
-2.065662610565944524e-01 -1.269177596349396475e-01
-2.181203177172566510e-01 -1.058826201415782320e-01
-2.275391743141907119e-01 -8.380442428513787401e-02
-2.347295418199601968e-01 -6.089926453993267652e-02
-2.396199406301966761e-01 -3.739149129551209982e-02
-2.421614233765145008e-01 -1.351151728638039229e-02
-2.423280772185787968e-01 1.050644050200986133e-02
-2.401173002688045399e-01 3.442665934738774192e-02
-2.355498490147254209e-01 5.801422716807725505e-02
-2.286696558540382007e-01 8.103735397478496749e-02
-2.195434181239624138e-01 1.032696556001645172e-01
-2.082599622664284833e-01 1.244923871271226140e-01
-1.949293813273676734e-01 1.444966106966382724e-01
-1.796819742334315462e-01 1.630852520995139388e-01
-1.626669892299255626e-01 1.800750478227338136e-01
-1.440511627810122097e-01 1.952983722475975237e-01
-1.240170899809404648e-01 2.086049042059652248e-01
-1.027614362381900348e-01 2.198631245327746508e-01
-8.049300768634468084e-02 2.289616294873099700e-01
-5.743069922081386891e-02 2.358102467116166001e-01
-3.380134032164894275e-02 2.403409423293107749e-01
-9.837459886055024277e-03 2.425085098428432229e-01
1.422500785189954008e-02 2.422910336418827304e-01
3.814905360137696433e-02 2.396901221681281557e-01
6.169893637203929804e-02 2.347309080708959439e-01
8.464251660736236971e-02 2.274618150104468217e-01
1.067535558480297159e-01 2.179540930984931180e-01
1.278139599685132743e-01 2.063011272839672394e-01
1.476159435507404249e-01 1.926175252737453714e-01
1.659640937072915934e-01 1.770379937993540320e-01
1.826773126356935062e-01 1.597160141787073440e-01
1.975906193658956700e-01 1.408223301543860828e-01
2.105567925439582599e-01 1.205432628963541281e-01
2.214478376623449929e-01 9.907886981726994613e-02
2.301562638860526755e-01 7.664096544419468637e-02
2.365961575172303155e-01 5.345102400470994053e-02
2.407040411688495529e-01 2.973798460326576923e-02
2.424395084888341378e-01 5.735973456063620142e-03
2.417856288932926090e-01 -1.831801094310384764e-02
2.387491234115653171e-01 -4.218644298100463624e-02
2.333603019321970617e-01 -6.563363654041126649e-02
2.256727649104789402e-01 -8.842808642352396886e-02
2.157628726407020137e-01 -1.103447687328802246e-01
2.037289873002905982e-01 -1.311673771143211098e-01
1.896904952723628968e-01 -1.506904723962754489e-01
1.737866194789070839e-01 -1.687215240191188570e-01
1.561750335854693861e-01 -1.850828227291924921e-01
1.370302919476203696e-01 -1.996132453033855614e-01
1.165420910390015108e-01 -2.121698535584157774e-01
9.491337981107689226e-02 -2.226293115694532032e-01
7.235833796773465110e-02 -2.308891068586431117e-01
4.910024247751154647e-02 -2.368685632963030419e-01
2.536924377873103764e-02 -2.405096355653406348e-01
1.400074046470612798e-03 -2.417774772515226822e-01
-2.257028942499178514e-02 -2.406607769159857524e-01
-4.630498222150273430e-02 -2.371718588575082165e-01
-6.956960847865896469e-02 -2.313465476563070500e-01
-9.213457054432906690e-02 -2.232437979842273323e-01
-1.137773492325181851e-01 -2.129450935430356184e-01
-1.342847117821914793e-01 -2.005536213286122083e-01
-1.534548253840956611e-01 -1.861932296899932726e-01
-1.710992551132307637e-01 -1.700071808347092817e-01
-1.870448298119587460e-01 -1.521567063174621426e-01
-2.011353448537976374e-01 -1.328193914626429328e-01
-2.132330964304446630e-01 -1.121874004828552346e-01
-2.232202367476736893e-01 -9.046554925823976911e-02
-2.309999251257907338e-01 -6.786925734841860181e-02
-2.364972680839957653e-01 -4.462239655287323498e-02
-2.396600392604581187e-01 -2.095505775839736143e-02
-2.404591722611969518e-01 2.898741396583051806e-03
-2.388890218385173736e-01 2.670338495146473007e-02
-2.349673911496357737e-01 5.022399973473050394e-02
-2.287353252135050918e-01 7.322878566217234930e-02
-2.202566730444949217e-01 9.549131188376745738e-02
-2.096174232713803598e-01 1.167927558348319933e-01
-1.969248203249365503e-01 1.369240628739995802e-01
-1.823062704738312723e-01 1.556880050431819484e-01
-1.659080490843032607e-01 1.729011185527505601e-01
-1.478938224532579671e-01 1.883955008676476695e-01
-1.284429993966252903e-01 2.020204497334571747e-01
-1.077489294471058179e-01 2.136439281190532224e-01
-8.601696601116652630e-02 2.231538408471113455e-01
-6.346241413953616906e-02 2.304591106167897252e-01
-4.030838366646898735e-02 2.354905431734390653e-01
-1.678356935990234916e-02 2.382014735269882555e-01
6.880019611184887661e-03 2.385681873413469933e-01
3.044935814910786770e-02 2.365901138882686161e-01
5.369271320209014625e-02 2.322897902138602866e-01
7.638192492052492399e-02 2.257125927598451764e-01
9.829464658229646046e-02 2.169262463809942532e-01
1.192165310675224743e-01 2.060201153642558514e-01
1.389433288114355347e-01 1.931042803012624209e-01
1.572828809678315509e-01 1.783084124709299056e-01
1.740569883446918820e-01 1.617804574897811209e-01
1.891031379821858371e-01 1.436851418410496073e-01
2.022760707271685499e-01 1.242023176021985476e-01
2.134491748014847867e-01 1.035251622376502506e-01
2.225156921459774118e-01 8.185825169458357808e-02
2.293897262294113948e-01 5.941552622240515308e-02
2.340070420218529623e-01 3.641816932025156162e-02
2.363256509246312587e-01 1.309242099260767879e-02
2.363261756021116100e-01 -1.033265294562995922e-02
2.340119918522292619e-01 -3.362741342980327119e-02
2.294091468614597451e-01 -5.656390036395105708e-02
2.225660553930994823e-01 -7.891806238661103201e-02
2.135529776337151964e-01 -1.004719423880153506e-01
2.024612845500807223e-01 -1.210157975101951167e-01
1.894025186669939242e-01 -1.403501330953996207e-01
1.745072601457141326e-01 -1.582876309793811720e-01
1.579238099043168142e-01 -1.746549536442507100e-01
1.398167032571361879e-01 -1.892944070385227384e-01
1.203650691454067612e-01 -2.020654463251616018e-01
9.976085044440709260e-02 -2.128460154880429667e-01
7.820690430863785902e-02 -2.215336926276602891e-01
5.591500425490293635e-02 -2.280466414778502815e-01
3.310375871719889451e-02 -2.323243705202257536e-01
9.996468620898943044e-03 -2.343282774159231030e-01
-1.318105506696805318e-02 -2.340419793763013900e-01
-3.620269253493822725e-02 -2.314714269759987342e-01
-5.884421370426717868e-02 -2.266448010133389757e-01
-8.088545293335691611e-02 -2.196121941170579017e-01
-1.021124389152919532e-01 -2.104450808644555970e-01
-1.223194593515664758e-01 -1.992355821946786010e-01
-1.413110406947639952e-01 -1.860955318533609459e-01
-1.589038241470042412e-01 -1.711553544733838972e-01
-1.749283201699040058e-01 -1.545627666635054354e-01
-1.892305249939958411e-01 -1.364813141258304774e-01
-2.016733839979489851e-01 -1.170887593407737154e-01
-2.121380883473107104e-01 -9.657533573023847906e-02
-2.205251929231189234e-01 -7.514188542389783898e-02
-2.267555453164278867e-01 -5.299789880032818035e-02
-2.307710174987675777e-01 -3.035947484502450611e-02
-2.325350336829203890e-01 -7.447222053990063158e-03
-2.320328898453697664e-01 1.551587989019728719e-02
-2.292718623726712757e-01 3.830663713699883344e-02
-2.242811052997869814e-01 6.070379673649902580e-02
-2.171113376112187299e-01 8.249017919478369987e-02
-2.078343294960727228e-01 1.034547738980772513e-01
-1.965421743787779951e-01 1.233947627656463292e-01
-1.833463699744110609e-01 1.421174582655514995e-01
-1.683767259983146303e-01 1.594421528858881443e-01
-1.517800915400006057e-01 1.752018466348190251e-01
-1.337189209431184078e-01 1.892448407945201139e-01
-1.143696920979929421e-01 2.014361830047444180e-01
-9.392119241191253243e-02 2.116589501813737617e-01
-7.257268893591227454e-02 2.198153573263735561e-01
-5.053200018448800179e-02 2.258276819432421534e-01
-2.801348807768443486e-02 2.296389955207921441e-01
-5.235989155744951579e-03 2.312136953720198840e-01
1.757929524086943376e-02 2.305378319973552248e-01
4.021092977372632549e-02 2.276192290653958616e-01
6.243937666467265502e-02 2.224873950514657528e-01
8.404910779622103145e-02 2.151932275282388285e-01
1.048306773395409064e-01 2.058085130451770828e-01
1.245827352791004927e-01 1.944252274466632402e-01
1.431139627670569570e-01 1.811546433461113104e-01
1.602449109801505345e-01 1.661262532776996981e-01
1.758097260600058331e-01 1.494865187724925826e-01
1.896577437865265281e-01 1.313974572364572935e-01
2.016549388537273724e-01 1.120350800292190391e-01
2.116852149765917346e-01 9.158769654045258168e-02
2.196515235448204262e-01 7.025410032355153267e-02
2.254768122479362535e-01 4.824165256333274449e-02
2.291047576185796519e-01 2.576428150522538929e-02
2.305002990687282094e-01 3.040426186300959621e-03
2.296499945109130580e-01 -1.970906774840834597e-02
2.265621568063556357e-01 -4.226307709275769348e-02
2.212667816992408276e-01 -6.440233409654268215e-02
2.138152677104022681e-01 -8.591154316186458417e-02
2.042799304233956781e-01 -1.065814610495300491e-01
1.927533155378148011e-01 -1.262109207355544549e-01
1.793473169706441273e-01 -1.446087795525921038e-01
1.641921081391124748e-01 -1.615957729273238830e-01
1.474348963407602908e-01 -1.770062558771672567e-01
1.292385118419379642e-01 -1.906898154510222321e-01
1.097798448782686120e-01 -2.025127384806980069e-01
8.924814524477835131e-02 -2.123593203415977404e-01
6.784320049589709356e-02 -2.201330018922174614e-01
4.577340997212395873e-02 -2.257573233591676221e-01
2.325377290966083518e-02 -2.291766856429290899e-01
5.038097613696411892e-04 -2.303569113249713252e-01
-2.225456344752354404e-02 -2.292855995425315818e-01
-4.479918739451031751e-02 -2.259722708462017782e-01
-6.690981771049249460e-02 -2.204483001500336103e-01
-8.837026842461236098e-02 -2.127666379053808066e-01
-1.089705198919474066e-01 -2.030013216592813918e-01
-1.285087707606679119e-01 -1.912467821774226084e-01
-1.467934302612935726e-01 -1.776169554481272228e-01
-1.636449849346914565e-01 -1.622441859831214306e-01
-1.788977463646945765e-01 -1.452779593502681044e-01
-1.924015015816636087e-01 -1.268834762055795484e-01
-2.040230014072833276e-01 -1.072400619200631067e-01
-2.136472865574861879e-01 -8.653943527343690989e-02
-2.211788381338700149e-01 -6.498385264087620794e-02
-2.265425407837383387e-01 -4.278414537353453229e-02
-2.296844485814797110e-01 -2.015766918376486055e-02
-2.305723455627829988e-01 2.673814720125778071e-03
-2.291960948109605378e-01 2.548630625746644077e-02
-2.255677720329204161e-01 4.805575981315560880e-02
-2.197215816520066978e-01 7.016028289596107359e-02
-2.117135555657410351e-01 9.158231858064998232e-02
-2.016210368479859905e-01 1.121107902647484333e-01
-1.895419527968933981e-01 1.315431875492311942e-01
-1.755938838202397434e-01 1.496875725413489566e-01
-1.599129366881306691e-01 1.663644865730211087e-01
-1.426524326491243333e-01 1.814087382251646785e-01
-1.239814227790816126e-01 1.946710546393469465e-01
-1.040830446937541093e-01 2.060195793738233416e-01
-8.315273638739544004e-02 2.153412015104297361e-01
-6.139632444339497563e-02 2.225427023283746975e-01
-3.902800518344273772e-02 2.275517076157896057e-01
-1.626823846413671601e-02 2.303174355740713608e-01
6.658441662651554474e-03 2.308112452624098421e-01
2.952563435016997140e-02 2.290269329900655737e-01
5.210729206607186276e-02 2.249808166337805559e-01
7.417997600167591798e-02 2.187116233318651681e-01
9.552507708321383850e-02 2.102801378213298433e-01
1.159309935276092718e-01 1.997686305040066168e-01
1.351952430569178243e-01 1.872800703261698063e-01
1.531264884576717389e-01 1.729371297382534811e-01
1.695464559624772771e-01 1.568809911208348118e-01
1.842917269342078945e-01 1.392699660980381837e-01
1.972153845394015448e-01 1.202779410884322053e-01
2.081884984957085016e-01 1.000926642457553861e-01
2.171014325553146107e-01 7.891389059873009371e-02
2.238649611271115170e-01 5.695140369211042913e-02
2.284111833280303983e-01 3.442293334407385552e-02
2.306942247700113080e-01 1.155199025332145218e-02
2.306907195126774723e-01 -1.143436090048282130e-02
2.284000668219969554e-01 -3.430776752659061429e-02
2.238444596496086680e-01 -5.684087156088053067e-02
2.170686840624012348e-01 -7.880958523519665526e-02
2.081396911840055486e-01 -9.999533714429373332e-02
1.971459455343862188e-01 -1.201872658160247631e-01
1.841965559466024471e-01 -1.391843384657327487e-01
1.694201974771571417e-01 -1.567973733229356126e-01
1.529638348842117246e-01 -1.728509448516764302e-01
1.349912473504171762e-01 -1.871851713160836705e-01
1.156813994567295889e-01 -1.996573032038815310e-01
9.522667178198548910e-02 -2.101431477763192057e-01
7.383092757505227421e-02 -2.185383468839597054e-01
5.170747027442305910e-02 -2.247594341577369148e-01
2.907690406021200269e-02 -2.287446819237740625e-01
6.164919106541241582e-03 -2.304547289743296978e-01
-1.679997598803535663e-02 -2.298729825651905090e-01
-3.958875153711562817e-02 -2.270057903217142792e-01
-6.197416047633333425e-02 -2.218823800973007687e-01
-8.373302495735886197e-02 -2.145545682144052724e-01
-1.046484824859311435e-01 -2.050962389039568401e-01
-1.245121686561955349e-01 -1.936026001196998192e-01
-1.431263141661164306e-01 -1.801892232138172512e-01
-1.603057346650906823e-01 -1.649908761950686087e-01
-1.758796930763140420e-01 -1.481601624266906947e-01
-1.896936153413189274e-01 -1.298659786349017076e-01
-2.016106420391793608e-01 -1.102918079696744574e-01
-2.115130000223854334e-01 -8.963386556683942963e-02
-2.193031800674280218e-01 -6.809911558633262307e-02
-2.249049085413969973e-01 -4.590318002942458259e-02
-2.282639032148832681e-01 -2.326816075345474952e-02
-2.293484055837968771e-01 -4.203969944332934332e-04
-2.281494843748142209e-01 2.241181863370949462e-02
-2.246811072763375272e-01 4.500054227710008348e-02
-2.189799728131069934e-01 6.712049690280272318e-02
-2.111051171312054997e-01 8.855131462944552945e-02
-2.011373103591242995e-01 1.090797308448329256e-01
-1.891782175062324267e-01 1.285017481243143356e-01
-1.753493509907061154e-01 1.466246812508347486e-01
-1.597908231617482522e-01 1.632690850627779300e-01
-1.426599118344877570e-01 1.782705455751693313e-01
-1.241294537680912025e-01 1.914813162608210162e-01
-1.043860827701875438e-01 2.027717830061654680e-01
-8.362833068584839269e-02 2.120317430540910597e-01
-6.206461091011826470e-02 2.191714851936084341e-01
-3.991110523556093415e-02 2.241226605322364784e-01
-1.738957579917578197e-02 2.268389353699674926e-01
5.274875383933562076e-03 2.272964199596586021e-01
2.785607632660752966e-02 2.254938692638134012e-01
5.012906119679878120e-02 2.214526541769125945e-01
7.187232944494001408e-02 2.152165040499443571e-01
9.287006495032877618e-02 2.068510237056279955e-01
1.129142926836357308e-01 1.964429904435627816e-01
1.318069510935516997e-01 1.840994387799681775e-01
1.493618593606804712e-01 1.699465428235520104e-01
1.654065598100058765e-01 1.541283082346380229e-01
1.797840171218514915e-01 1.368050876284560291e-01
1.923541575150378991e-01 1.181519350456052830e-01
2.029952327779363519e-01 9.835681670482590566e-02
2.116049934599590898e-01 7.761867679261896802e-02
2.181016580259251825e-01 5.614543961430894931e-02
2.224246876530756589e-01 3.415192673527270989e-02
2.245353399092765156e-01 1.185766991255047045e-02
2.244169995421045061e-01 -1.051529677619769676e-02
2.220752859246284128e-01 -3.274466310546852998e-02
2.175379369037379329e-01 -5.461006460808967566e-02
2.108544710755038132e-01 -7.589527779153285025e-02
2.020956327572453748e-01 -9.639036661618051449e-02
1.913526261150168550e-01 -1.158937587868817537e-01
1.787361470149693987e-01 -1.342142312254857583e-01
1.643752231764000482e-01 -1.511727851146763280e-01
1.484158750939620353e-01 -1.666043921207731315e-01
1.310196119469413667e-01 -1.803595948010681682e-01
1.123617783075936127e-01 -1.923059457642927739e-01
9.262976888326185376e-02 -2.023292718631087006e-01
7.202112976499989994e-02 -2.103347515357850694e-01
5.074156569751119006e-02 -2.162477953615908333e-01
2.900287372227428398e-02 -2.200147219293643319e-01
7.020824170682602762e-03 -2.216032232197833463e-01
-1.498698960749954116e-02 -2.210026158469511892e-01
-3.680331120527883387e-02 -2.182238766716393941e-01
-5.821336926334232803e-02 -2.132994634652209398e-01
-7.900699241894727776e-02 -2.062829234474248541e-01
-9.898067025756060455e-02 -1.972482946206360055e-01
-1.179395406611403463e-01 -1.862892911141744989e-01
-1.356992751215966575e-01 -1.735183291525866922e-01
-1.520878638530698546e-01 -1.590653735871744301e-01
-1.669472731117273567e-01 -1.430765835367756866e-01
-1.801349538984141907e-01 -1.257128192053204030e-01
-1.915251920067641556e-01 -1.071480100782932765e-01
-2.010102869204082321e-01 -8.756740127600046164e-02
-2.085015488298550823e-01 -6.716569593749541212e-02
-2.139301048985763343e-01 -4.614511241949932618e-02
-2.172475078397961279e-01 -2.471337581260761584e-02
-2.184261418498891216e-01 -3.081663797032427581e-03
-2.174594229611481466e-01 1.853747282041551953e-02
-2.143617929066859717e-01 3.993219442882552789e-02
-2.091685076125790466e-01 6.089344141940015998e-02
-2.019352234273103786e-01 8.121696738172305696e-02
-1.927373861470029204e-01 1.007053170717483181e-01
-1.816694297783587875e-01 1.191697301947513554e-01
-1.688437937821913593e-01 1.364319528868556120e-01
-1.543897692423784607e-01 1.523259397873144294e-01
-1.384521859922585862e-01 1.666994307593404612e-01
-1.211899541892418192e-01 1.794153876267061409e-01
-1.027744751461822231e-01 1.903532777326966685e-01
-8.338793739337097000e-02 1.994101926829105476e-01
-6.322151494827021878e-02 2.065017922870730493e-01
-4.247348560328163131e-02 2.115630654506787944e-01
-2.134728693126705656e-02 2.145488906564946840e-01
-4.953648691591548681e-05 2.154344244228399985e-01
2.121197950885821137e-02 2.142152938765232995e-01
4.223032287485532776e-02 2.109075689403406839e-01
6.280140160788667825e-02 2.055475483908736078e-01
8.272593366906821899e-02 1.981913521588651306e-01
1.018113578167429700e-01 1.889143246046267322e-01
1.198736734872842408e-01 1.778102552636203482e-01
1.367391924917411850e-01 1.649904252468959720e-01
1.522461862187932946e-01 1.505824890826759632e-01
1.662464131023084213e-01 1.347292032847413334e-01
1.786065123139262412e-01 1.175870143182078664e-01
1.892092509661334465e-01 9.932451989199447828e-02
1.979546135457068978e-01 8.012081862922672271e-02
2.047607238272368402e-01 6.016376414247127935e-02
2.095645911269645167e-01 3.964814036299969119e-02
2.123226744333353566e-01 1.877377563624671453e-02
2.130112596771236710e-01 -2.256386406275321527e-03
2.116266471647458292e-01 -2.323824085781752910e-02
2.081851479771806013e-01 -4.396848192854126841e-02
2.027228899180741895e-01 -6.424655122629023551e-02
1.952954353624405948e-01 -8.387655561074677801e-02
1.859772150960423420e-01 -1.026691366500684099e-01
1.748607839293952193e-01 -1.204432742152980740e-01
1.620559055046888464e-01 -1.370280074107582680e-01
1.476884765448627790e-01 -1.522640496595484005e-01
1.318993006548984659e-01 -1.660053055425495805e-01
1.148427168910244184e-01 -1.781202592712954613e-01
9.668510469962383891e-02 -1.884932078040376380e-01
7.760327710047944250e-02 -1.970253495019595180e-01
5.778277693103567314e-02 -2.036357109901955620e-01
3.741609227214923866e-02 -2.082619037555224206e-01
1.670080789764114351e-02 -2.108607035983639244e-01
-4.162289841726115464e-03 -2.114084477021172803e-01
-2.497113687930340928e-02 -2.099012457732191694e-01
-4.552432596953083499e-02 -2.063550034256217414e-01
-6.562303374645223064e-02 -2.008052577188122467e-01
-8.507292222858088560e-02 -1.933068264938934133e-01
-1.036859969376243973e-01 -1.839332748722751210e-01
-1.212824042026764554e-01 -1.727762039706421671e-01
-1.376921507831858349e-01 -1.599443685296406126e-01
-1.527567296587077073e-01 -1.455626317379740686e-01
-1.663306366953465065e-01 -1.297707670436799021e-01
-1.782827639001826892e-01 -1.127221181672829475e-01
-1.884976561072444767e-01 -9.458212985406298789e-02
-1.968766191920994224e-01 -7.552676311384820540e-02
-2.033386692765339898e-01 -5.574080978502330558e-02
-2.078213138482530864e-01 -3.541612221395929599e-02
-2.102811572696113018e-01 -1.474977465394735135e-02
-2.106943247709473221e-01 6.057826349117144578e-03
-2.090567048820861085e-01 2.680485917731217915e-02
-2.053839979085590739e-01 4.729003305659939399e-02
-1.997115706935085333e-01 6.731452792506115168e-02
-1.920941322569962029e-01 8.668390106360836234e-02
-1.826052215265748235e-01 1.052099605166713220e-01
-1.713365144417300645e-01 1.227125810068168676e-01
-1.583969566657018324e-01 1.390214450087871589e-01
-1.439117297943257601e-01 1.539776923021311528e-01
-1.280210605414433822e-01 1.674354621329628423e-01
-1.108788838890568396e-01 1.792633130778659711e-01
-9.265137260366057559e-02 1.893455068085634074e-01
-7.351534682451185687e-02 1.975831431958501860e-01
-5.365657861179910088e-02 2.038951355547395927e-01
-3.326800739112643901e-02 2.082190163082651424e-01
-1.254788313464082379e-02 2.105115649215276163e-01
8.302145130564545644e-03 2.107492516166724339e-01
2.907897730789188451e-02 2.089284921090925895e-01
4.958002811251893682e-02 2.050657103890338451e-01
6.960519200524660499e-02 1.991972083948599925e-01
8.895878826809851259e-02 1.913788432672023088e-01
1.074514674228768257e-01 1.816855147207706023e-01
1.249020604863761985e-01 1.702104669047156404e-01
1.411393530277925412e-01 1.570644109247814613e-01
1.560037666408254919e-01 1.423744759544364191e-01
1.693489312609301467e-01 1.262829985503144403e-01
1.810431391782202082e-01 1.089461676602024726e-01
1.909706498172555611e-01 9.053251591715423541e-02
1.990328369083272098e-01 7.122129159551032762e-02
2.051491850864535227e-01 5.120073527566340599e-02
2.092581074210723147e-01 3.066625712395727385e-02
2.113175801666985210e-01 9.818539835389682169e-03
2.113055879397346959e-01 -1.113841449050712550e-02
2.092203743482892175e-01 -3.199927464093919177e-02
2.050804949832197299e-01 -5.255938840083616143e-02
1.989246716014815008e-01 -7.261678887543933369e-02
1.908114482788196287e-01 -9.197417934693054298e-02
1.808186522588056955e-01 -1.104408771117946497e-01
1.690426641594535984e-01 -1.278346970634529900e-01
1.555975040981673607e-01 -1.439837562949352334e-01
1.406137421411325639e-01 -1.587281816949086266e-01
1.242372432559740447e-01 -1.719217033917047055e-01
1.066277586280168083e-01 -1.834331179571991599e-01
8.795737677291376455e-02 -1.931476065056631497e-01
6.840884932570288901e-02 -2.009678942009735236e-01
4.817380769274590135e-02 -2.068152392058558442e-01
2.745088790468768608e-02 -2.106302407556180090e-01
6.443781992201635077e-03 -2.123734577998316053e-01
-1.464076498960170149e-02 -2.120258315110190861e-01
-3.559499254562308729e-02 -2.095889068918216080e-01
-5.621217677079418107e-02 -2.050848507022072498e-01
-7.628868340281209914e-02 -1.985562732692923715e-01
-9.562598434298885675e-02 -1.900658269431386993e-01
-1.140326209693560966e-01 -1.796956093202800031e-01
-1.313261156819744424e-01 -1.675463893087251188e-01
-1.473347930418262841e-01 -1.537366364310937816e-01
-1.618994969966833231e-01 -1.384013722651171174e-01
-1.748751867731662413e-01 -1.216908550628774677e-01
-1.861323951811365285e-01 -1.037691103047932301e-01
-1.955585344135421511e-01 -8.481232153587098255e-02
-2.030590359187570138e-01 -6.500709728347141281e-02
-2.085583125589210995e-01 -4.454863115188929801e-02
-2.120005330304659541e-01 -2.363877331508454360e-02
-2.133502003936364744e-01 -2.484032573015179310e-03
-2.125925285182006796e-01 1.870647111175891344e-02
-2.097336122823905691e-01 3.972308313050399581e-02
-2.048003894408215730e-01 6.035769898853927257e-02
-1.978403941832549695e-01 8.040583637002805817e-02
-1.889213045173618599e-01 9.966867365221794561e-02
-1.781302877037672372e-01 1.179550343118868083e-01
-1.655731500284861046e-01 1.350832971760433099e-01
-1.513732991953522788e-01 1.508832131855564473e-01
-1.356705295375493225e-01 1.651976102570572869e-01
-1.186196420623552988e-01 1.778839689359028031e-01
-1.003889130388669615e-01 1.888158528200813424e-01
-8.115842639609420484e-02 1.978841791889188184e-01
-6.111828121870219177e-02 2.049983275001727723e-01
-4.046670359979657322e-02 2.100870397855755800e-01
-1.940808394580371965e-02 2.130991309271819123e-01
1.849059848443237661e-03 2.140040202811882286e-01
2.309415877783780810e-02 2.127920456835712681e-01
4.411669062696266241e-02 2.094745681203385168e-01
6.470827825747428597e-02 2.040838659065406235e-01
8.466476713463498560e-02 1.966728193574353023e-01
1.037882611483578743e-01 1.873143890650988408e-01
1.218890962029846731e-01 1.761008929924979260e-01
1.387877316801276184e-01 1.631430896423413379e-01
1.543165407135670131e-01 1.485690765284265191e-01
1.683214812448515230e-01 1.325230150525572026e-01
1.806636310430796977e-01 1.151636946507823694e-01
1.912205712592705831e-01 9.666295070054994887e-02
1.998876046300633869e-01 7.720395215871561634e-02
2.065787961312696153e-01 5.697937621329401264e-02
2.112278256907521301e-01 3.618948836632496918e-02
2.137886444836894217e-01 1.504014731015195470e-02
2.142359283314343443e-01 -6.259245295029824442e-03
2.125653237873962598e-01 -2.749782949614037325e-02
2.087934845974573073e-01 -4.846538520212117368e-02
2.029578983462922703e-01 -6.895442273486530882e-02
1.951165052235936392e-01 -8.876224479614250318e-02
1.853471129431035203e-01 -1.076929591884546317e-01
1.737466118593525566e-01 -1.255594343036308125e-01
1.604299989389867398e-01 -1.421851402097189798e-01
1.455292308655760369e-01 -1.574058831290729155e-01
1.291919048872639253e-01 -1.710714405562590579e-01
1.115797844353854651e-01 -1.830470434490401033e-01
9.286718516651407129e-02 -1.932147031637549972e-01
7.323923776005522579e-02 -2.014743700972789209e-01
5.289004500833874300e-02 -2.077449127160015674e-01
3.202075175983754018e-02 -2.119649074801556177e-01
1.083754710915933554e-02 -2.140932320904948560e-01
-1.045038113838612538e-02 -2.141094564734579431e-01
-3.163291927000421583e-02 -2.120140279597929611e-01
-5.250110705580450510e-02 -2.078282491793446984e-01
-7.284920303209137249e-02 -2.015940492703812981e-01
-9.247671517784596118e-02 -1.933735510643692646e-01
-1.111903768841926154e-01 -1.832484389356243137e-01
-1.288060487165840762e-01 -1.713191339789446876e-01
-1.451505272620957077e-01 -1.577037850777100736e-01
-1.600632433307681568e-01 -1.425370862317958398e-01
-1.733978329298830889e-01 -1.259689322110069398e-01
-1.850235657411917756e-01 -1.081629261687329646e-01
-1.948266172886626291e-01 -8.929475427746069727e-02
-2.027111725729926484e-01 -6.955044371888620403e-02
-2.086003506528855134e-01 -4.912452146549350918e-02
-2.124369414540258072e-01 -2.821809221702346188e-02
-2.141839502428883046e-01 -7.036842372146952761e-03
-2.138249324066096579e-01 1.421097435110383993e-02
-2.113641342474443241e-01 3.531657088192748095e-02
-2.068264351204009144e-01 5.607268810885410876e-02
-2.002570823968210234e-01 7.627562664191980812e-02
-1.917212271915557931e-01 9.572724057266940312e-02
-1.813032658421386834e-01 1.142368737940734624e-01
-1.691059940126359851e-01 1.316232200651700213e-01
-1.552495821037116475e-01 1.477160888091446078e-01
-1.398703823668541180e-01 1.623580596099099826e-01
-1.231195797279687476e-01 1.754060095101775685e-01
-1.051616998088986121e-01 1.867324985013186500e-01
-8.617298898213880676e-02 1.962270000185083463e-01
-6.633968249084672142e-02 2.037969647996637212e-01
-4.585617770277194277e-02 2.093687081179106402e-01
-2.492313043428897104e-02 2.128881121378861374e-01
-3.745492971290149010e-03 2.143211369587225690e-01
1.746948707766513009e-02 2.136541357732059110e-01
3.851428763745017719e-02 2.108939714757507300e-01
5.918313313826622374e-02 2.060679339730290272e-01
7.927399606348148331e-02 1.992234593714796720e-01
9.859055977330949405e-02 1.904276541175689008e-01
1.169441237272507012e-01 1.797666290313782722e-01
1.341554328296535592e-01 1.673446499850963221e-01
1.500564133958994517e-01 1.532831137180627190e-01
1.644918057943391965e-01 1.377193482660887536e-01
1.773206534727213290e-01 1.208052789333484422e-01
1.884176591957595626e-01 1.027059598475731639e-01
1.976744025186879250e-01 8.359795786944948515e-02
2.050003845819531323e-01 6.366763555008403408e-02
2.103238991664216906e-01 4.310934079226933641e-02
2.135927218587457266e-01 2.212352068593383125e-02
2.147746109202906539e-01 9.147776784959470078e-04
2.138576152525652752e-01 -2.031011324141480251e-02
2.108501866906365707e-01 -4.134420732755431094e-02
2.057810957158820175e-01 -6.198239364592052908e-02
1.986991515436919153e-01 -8.202338026801295201e-02
