-5.000000000000000000e-01 6.123233995736766036e-17
-4.972977552435730031e-01 5.170947162435626798e-02
-4.892212578549096635e-01 1.028507712743731706e-01
-4.758608644873056903e-01 1.528622105803184028e-01
-4.573659987282420181e-01 2.011949906158344292e-01
-4.339434107070821445e-01 2.473194543245104682e-01
-4.058547703355667724e-01 2.907311110998130887e-01
-3.734136234744011018e-01 3.309563620110226312e-01
-3.369817480436295143e-01 3.675578578939868724e-01
-2.969649543477966835e-01 4.001394270912053130e-01
-2.538083805773698742e-01 4.283505149716596017e-01
-2.079913404912634989e-01 4.518900834174462422e-01
-1.600217856058805954e-01 4.705099251531121296e-01
-1.104304483058056591e-01 4.840173551338350366e-01
-5.976473763648253168e-02 4.922772482871961008e-01
-8.582460593526634179e-03 4.952134020734952347e-01
4.255455709910599404e-02 4.928092100246874718e-01
9.308687318653061094e-02 4.851076403528703507e-01
1.424637783325667095e-01 4.722105228501326524e-01
1.901495176548512744e-01 4.542771554962292679e-01
2.356293110748249042e-01 4.315222504049306962e-01
2.784151020105489760e-01 4.042132466710693928e-01
3.180509676013089093e-01 3.726670252286998219e-01
3.541181281253276136e-01 3.372460679022254437e-01
3.862394984943155474e-01 2.983541093394003196e-01
4.140837306102077564e-01 2.564313363781601796e-01
4.373687018710782359e-01 2.119491945475000527e-01
4.558644121282612871e-01 1.654048657750502582e-01
4.693952588324469266e-01 1.173154849200702537e-01
4.778416678653260030e-01 6.821216543083566397e-02
4.811410655341210041e-01 1.863390621195929950e-02
4.792881853056998320e-01 -3.087854733598071125e-02
4.723347109708613267e-01 -7.978881517906959153e-02
4.603882659543053757e-01 -1.275708954323099831e-01
4.436107663202749074e-01 -1.737150079078784715e-01
4.222161625697121723e-01 -2.177332009599094176e-01
3.964676024884841166e-01 -2.591646576536454361e-01
3.666740540000575921e-01 -2.975806415450783504e-01
3.331864320606990337e-01 -3.325890280374049768e-01
2.963932830467834179e-01 -3.638383695318899158e-01
2.567160809572963109e-01 -3.910214537931713807e-01
2.146041921004287756e-01 -4.138783201089155650e-01
1.705295742031782968e-01 -4.321987013001303835e-01
1.249812743964395650e-01 -4.458238703401956604e-01
7.845979305073640109e-02 -4.546478768606597720e-01
3.147138123090927053e-02 -4.586181663680776732e-01
-1.547766052031413625e-02 -4.577355825357611874e-01
-6.188661525831638810e-02 -4.520537603710731434e-01
-1.072658494765057619e-01 -4.416779252991288041e-01
-1.511421171150235943e-01 -4.267631201576097544e-01
-1.930636083854792573e-01 -4.075118886798606566e-01
-2.326046879911950749e-01 -3.841714501756223754e-01
-2.693702718842412303e-01 -3.570304057287266852e-01
-3.029997968241489592e-01 -3.264150212548146412e-01
-3.331707426144056017e-01 -2.926851371442756866e-01
-3.596016729121725986e-01 -2.562297579100432099e-01
-3.820547668504380434e-01 -2.174623782303163333e-01
-4.003378202933481900e-01 -1.768161039965099324e-01
-4.143057022763471098e-01 -1.347386284309240456e-01
-4.238612589740053394e-01 -9.168712402130543837e-02
-4.289556643018004878e-01 -4.812311093549916097e-02
-4.295882229071919522e-01 -4.507361743693262014e-03
-4.258056377567764894e-01 3.870509928701668101e-02
-4.177007595662581285e-01 8.106984779216787340e-02
-4.054108450445442768e-01 1.221577037851219044e-01
-3.891153530203199651e-01 1.615591234155419054e-01
-3.690333095531634355e-01 1.988882950288450302e-01
-3.454202840771447014e-01 2.337868937064169761e-01
-3.185650185217552832e-01 2.659274598991994698e-01
-2.887857553394768684e-01 2.950163713580977731e-01
-2.564263129211046266e-01 3.207963831056317439e-01
-2.218519587697476703e-01 3.430487159189284929e-01
-1.854451320230837696e-01 3.615946796260582352e-01
-1.476010674610653550e-01 3.762968233776589067e-01
-1.087233730219778899e-01 3.870596108670383839e-01
-6.921961209144547600e-02 3.938296241601088044e-01
-2.949694045282531471e-02 3.965953052907053022e-01
1.004215417263614255e-02 3.953862500104766142e-01
4.900396457045536752e-02 3.902720729942064093e-01
8.700748603535991832e-02 3.813608683356621287e-01
1.236881089454593408e-01 3.687972932769940648e-01
1.587010467479075815e-01 3.527603067545271309e-01
1.917244683452022924e-01 3.334605974812638318e-01
2.224623082800341045e-01 3.111377388951716561e-01
2.506467327188210970e-01 2.860571103639720780e-01
2.760402439630060822e-01 2.585066255414288361e-01
2.984374110062864016e-01 2.287933097147964168e-01
3.176662184397709976e-01 1.972397683737603380e-01
3.335890298771640450e-01 1.641805871276582618e-01
3.461031692145758454e-01 1.299587106318114971e-01
3.551411261994247281e-01 9.492183609530588373e-02
3.606703934224586572e-01 5.941885627716864821e-02
3.626929508870534447e-01 2.379639472195399855e-02
3.612444153442836425e-01 -1.160453470767398160e-02
3.563928751723370869e-01 -4.645171260558286774e-02
3.482374343750765378e-01 -8.042471474479015447e-02
3.369064916571029578e-01 -1.132177036536927417e-01
3.225557824859969225e-01 -1.445419893907963771e-01
3.053662135678663625e-01 -1.741283414219369496e-01
2.855415202379534279e-01 -2.017290371287303319e-01
2.633057779085232197e-01 -2.271196361142945042e-01
2.389007989324856140e-01 -2.501004730709950885e-01
2.125834460500315437e-01 -2.704978654865586862e-01
1.846228930092635168e-01 -2.881650358441523174e-01
1.552978620175867741e-01 -3.029827511776628790e-01
1.248938664199821386e-01 -3.148596858385768194e-01
9.370048544837220050e-02 -3.237325160835620164e-01
6.200869608123005944e-02 -3.295657575753131452e-01
3.010828503472527673e-02 -3.323513590821383645e-01
-1.714638282093083584e-03 -3.321080675484059941e-01
-3.318000933271470637e-02 -3.288805812783385796e-01
-6.401604042668807004e-02 -3.227385092253032273e-01
-9.396130343543110386e-02 -3.137751553088096723e-01
-1.227666514613550558e-01 -3.021061452660928626e-01
-1.501969715308075493e-01 -2.878679222925906167e-01
-1.760327629045548570e-01 -2.712161267321643865e-01
-2.000715342942595565e-01 -2.523238754962590091e-01
-2.221290191347454757e-01 -2.313799667039229957e-01
-2.420402086322054613e-01 -2.085870259001053328e-01
-2.596602041980372033e-01 -1.841596114415471885e-01
-2.748648924541145511e-01 -1.583222956020162719e-01
-2.875514473649575242e-01 -1.313077367874590506e-01
-2.976386652085639128e-01 -1.033547569994794496e-01
-3.050671390383423165e-01 -7.470643737491786118e-02
-3.097992800159277138e-01 -4.560824329193519794e-02
-3.118191935152435090e-01 -1.630618919932960362e-02
-3.111324182226262169e-01 1.295494797568012314e-02
-3.077655366004364290e-01 4.193335922918262765e-02
-3.017656650598894985e-01 7.039187124148342523e-02
-2.931998320232114263e-01 9.809954610705727551e-02
-2.821542517682765761e-01 1.248332085856992124e-01
-2.687335015649461867e-01 1.503788972388318823e-01
-2.530596091569092820e-01 1.745332364876165665e-01
-2.352710571419787677e-01 1.971047271585394112e-01
-2.155217102835703946e-01 2.179149534670045130e-01
-1.939796712719156213e-01 2.367997046336584033e-01
-1.708260699697314033e-01 2.536100094390060788e-01
-1.462537907461567421e-01 2.682130820102796021e-01
-1.204661427899334780e-01 2.804931751104864923e-01
-9.367547623786955102e-02 2.903523449734993211e-01
-6.610174715317455874e-02 2.977111208086205552e-01
-3.797103772072060041e-02 3.025090727771270749e-01
-9.514034000724395576e-03 3.047052813563397300e-01
1.903553447587005842e-02 3.042787027145321122e-01
4.744248886067232995e-02 3.012284263867677780e-01
7.547182401434619770e-02 2.955738212491669792e-01
1.028903549470042977e-01 2.873545655667727461e-01
1.294683805224994821e-01 2.766305567605454319e-01
1.549813574939380989e-01 2.634816965227285701e-01
1.792115770810716047e-01 2.480075470252325054e-01
2.019498353904646548e-01 2.303268542283826437e-01
2.229970880398585154e-01 2.105769347197727626e-01
2.421660784043274117e-01 1.889129231039847756e-01
2.592829279805314857e-01 1.655068777286903547e-01
2.741886764944621024e-01 1.405467434722559861e-01
2.867407585857851271e-01 1.142351714294118498e-01
2.968144032162289281e-01 8.678819660756510734e-02
3.043039413976940111e-01 5.843377617557588000e-02
3.091240074437135998e-01 2.941019237378487278e-02
3.112106187395062284e-01 -3.567412053797983649e-05
3.105221190225072037e-01 -2.965019279733995330e-02
3.070399703853864959e-01 -5.917494446252666296e-02
3.007693796720674606e-01 -8.834878361621312237e-02
2.917397467841339465e-01 -1.169099869196874864e-01
2.800049196289192133e-01 -1.445984790635548578e-01
2.656432443667610110e-01 -1.711581138934526181e-01
2.487574047412749456e-01 -1.963389889826002432e-01
2.294740392271673313e-01 -2.198997795309870218e-01
2.079431304233437527e-01 -2.416100678251792422e-01
1.843371626158087639e-01 -2.612526454056637859e-01
1.588500458189507358e-01 -2.786257640970145610e-01
1.316958071607745029e-01 -2.935453113254101187e-01
1.031070531774168630e-01 -3.058468847045835437e-01
7.333320939107129677e-02 -3.153877407379145903e-01
4.263854642615005908e-02 -3.220485926797175824e-01
1.130000483125933285e-02 -3.257352331369127718e-01
-2.039516632272216079e-02 -3.263799578822572101e-01
-5.215193914910783157e-02 -3.239427685959528902e-01
-8.367018428615836945e-02 -3.184123338520524205e-01
-1.146474725938474992e-01 -3.098066896122967928e-01
-1.447819755073858350e-01 -2.981736627697994524e-01
-1.737754361572246553e-01 -2.835910038796222721e-01
-2.013361814451139487e-01 -2.661662180985688297e-01
-2.271821436547399597e-01 -2.460360865029088406e-01
-2.510438589083712202e-01 -2.233658733257906648e-01
-2.726674088886337222e-01 -1.983482182166978747e-01
-2.918172717532619420e-01 -1.712017163303574119e-01
-3.082790481015326156e-01 -1.421691928553094619e-01
-3.218620300895098651e-01 -1.115156848480770568e-01
-3.324015761541163072e-01 -7.952613649111500704e-02
-3.397612605448639966e-01 -4.650283292261777474e-02
-3.438347734136449341e-01 -1.276259810441495932e-02
-3.445475384477392211e-01 2.136622567988049823e-02
-3.418580240888546284e-01 5.554698534603778881e-02
-3.357587260545715768e-01 8.943807993137868617e-02
-3.262768022175863147e-01 1.226964445884932281e-01
-3.134743445711422050e-01 1.549811189727792471e-01
-2.974482769752698763e-01 1.859568614020985500e-01
-2.783298715920430322e-01 2.152977686637685129e-01
-2.562838813285523432e-01 2.426908603132218178e-01
-2.315072901593663857e-01 2.678395857753266829e-01
-2.042276878383024463e-01 2.904672125424886953e-01
-1.747012801723969999e-01 3.103200542753705160e-01
-1.432105506574570253e-01 3.271704986573702456e-01
-1.100615938021380080e-01 3.408197964305904049e-01
-7.558114483391784044e-02 3.511005751391744201e-01
-4.011333462444578724e-02 3.578790437084758413e-01
-4.016202534272535034e-03 3.610568570711158443e-01
3.234199659855175463e-02 3.605726135821529788e-01
6.858665196791324803e-02 3.564029619071361621e-01
1.043407807546444938e-01 3.485632983742727453e-01
1.392290922627154037e-01 3.371080404051318147e-01
1.728820862800039271e-01 3.221304665218613361e-01
2.049401410804177481e-01 3.037621219561152386e-01
2.350575373626264120e-01 2.821717790356829680e-01
2.629063713562224680e-01 2.575639682612945736e-01
2.881803179978181806e-01 2.301770969519640331e-01
3.105981914258614252e-01 2.002811610601226422e-01
3.299072605121882162e-01 1.681750757826984966e-01
3.458862778397979176e-01 1.341836515701097521e-01
3.583481834801015564e-01 9.865424675567822932e-02
3.671424483884467294e-01 6.195313231534985143e-02
3.721570261854151851e-01 2.446160816204845379e-02
3.733198864776391401e-01 -1.342808617463752720e-02
3.706001076437768771e-01 -5.131702068417705320e-02
3.640085121111927280e-01 -8.880393561983132567e-02
3.535978325142203338e-01 -1.254896638170941436e-01
3.394624026888957147e-01 -1.609815633292797366e-01
3.217373731517457203e-01 -1.948979085317107951e-01
3.005974564592684972e-01 -2.268721878966590555e-01
2.762552135764406169e-01 -2.565572573395474287e-01
2.489588980228798765e-01 -2.836292993793511075e-01
2.189898800407686641e-01 -3.077915403304313235e-01
1.866596782675339350e-01 -3.287776803285902827e-01
1.523066313294649532e-01 -3.463549941620014949e-01
1.162922463344059631e-01 -3.603270645910858772e-01
7.899726537136540772e-02 -3.705361140560872735e-01
4.081749476668228988e-02 -3.768649053359360290e-01
2.159442172969372031e-03 -3.792381917244474487e-01
-3.656418200081989339e-02 -3.776236814483638904e-01
-7.493904611600669952e-02 -3.720325160032013079e-01
-1.125538178391706501e-01 -3.625192634917552281e-01
-1.490047620801650541e-01 -3.491814097427432539e-01
-1.839002638723231386e-01 -3.321583571021671233e-01
-2.168652228449665931e-01 -3.116299413148648223e-01
-2.475452673431283168e-01 -2.878144827654724458e-01
-2.756107383036675573e-01 -2.609663940128224002e-01
-3.007603956759428154e-01 -2.313733709567892538e-01
-3.227248034459048731e-01 -1.993532000521683889e-01
-3.412693531440489925e-01 -1.652502186649434657e-01
-3.561968900420430795e-01 -1.294314698919870055e-01
-3.673499110152563807e-01 -9.228259688146904505e-02
-3.746123082082151168e-01 -5.420352485029200640e-02
-3.779106381214560328e-01 -1.560398155631330386e-02
-3.772149014713898629e-01 2.310109108565295416e-02
-3.725388250864009598e-01 6.149618027837192719e-02
-3.639396431170127122e-01 9.916984593515904001e-02
-3.515173808787561138e-01 1.357193100899919402e-01
-3.354136506364231440e-01 1.707549383695788903e-01
-3.158099745014436022e-01 2.039045611828621263e-01
-2.929256552758520704e-01 2.348175843392210638e-01
-2.670152214651240197e-01 2.631688414797557218e-01
-2.383654777302895156e-01 2.886621439606584794e-01
-2.072921942142199325e-01 3.110334943243678318e-01
-1.741364792526858274e-01 3.300539056156412965e-01
-1.392608823108814620e-01 3.455318110139022902e-01
-1.030452637912576269e-01 3.573150499483967457e-01
-6.588248727175995134e-02 3.652923885747414445e-01
-2.817398451071008447e-02 3.693945662165035726e-01
9.674754241267409516e-03 3.695948580623207858e-01
4.725871148673127520e-02 3.659091502759089232e-01
8.417784221355886776e-02 3.583955295548291731e-01
1.200414897626698868e-01 3.471533949893272908e-01
1.544726668413416437e-01 3.323221057514967880e-01
1.871121526727441975e-01 3.140791836162992734e-01
2.176223598427697026e-01 2.926380945116840437e-01
2.456909275282812832e-01 2.682456381513597110e-01
2.710340014224151273e-01 2.411789792617881623e-01
2.933991647621212451e-01 2.117423579215110263e-01
3.125679893547648747e-01 1.802635200391161097e-01
3.283581803336084182e-01 1.470899119660937227e-01
3.406252934817584621e-01 1.125846856399901202e-01
3.492640092830864851e-01 7.712256245688788037e-02
3.542089533170666993e-01 4.108560526359353315e-02
3.554350581416554355e-01 4.858948430451166117e-03
3.529574673333777945e-01 -3.117346408493962620e-02
3.468309878066033192e-01 -6.663308343685048207e-02
3.371491018462667300e-01 -1.011508553688586359e-01
3.240425538430760088e-01 -1.343711768212846325e-01
3.076775338904529367e-01 -1.659556394522804512e-01
2.882534911012830103e-01 -1.955865375930143923e-01
2.660005971787107182e-01 -2.229701203734830162e-01
2.411768968904470234e-01 -2.478395279176769384e-01
2.140651827552080555e-01 -2.699573906070474316e-01
1.849696336385938389e-01 -2.891180661895697557e-01
1.542122591648007468e-01 -3.051494941796921712e-01
1.221291935112615995e-01 -3.179146518415870148e-01
8.906688325328597500e-02 -3.273126010099876582e-01
5.537821446027533373e-02 -3.332791200145910904e-01
2.141862421684048723e-02 -3.357869199710853958e-01
-1.245775883874800441e-02 -3.348454496210884201e-01
-4.590190148271501569e-02 -3.305002976835660911e-01
-7.857353853237854235e-02 -3.228322062634140788e-01
-1.101446913922023291e-01 -3.119557131942876094e-01
-1.403029953347358083e-01 -2.980174452222026371e-01
-1.687548012903028194e-01 -2.811940876186276861e-01
-1.952280212359757128e-01 -2.616900591068991866e-01
-2.194746898996980666e-01 -2.397349238598966426e-01
-2.412732193767314626e-01 -2.155805747523530380e-01
-2.604303273379168782e-01 -1.894982240067953627e-01
-2.767826237361329378e-01 -1.617752388434513799e-01
-2.901978452316113510e-01 -1.327118607238084447e-01
-3.005757309014546741e-01 -1.026178472638805544e-01
-3.078485371426142869e-01 -7.180906576538741148e-02
-3.119811891725571829e-01 -4.060410759615775550e-02
-3.129710872423249191e-01 -9.320941396468235968e-03
-3.108475705439407433e-01 2.172638054625945087e-02
-3.056710503863697137e-01 5.223089725020704094e-02
-2.975318321642038688e-01 8.189577283066887259e-02
-2.865486465209806655e-01 1.104371592245237399e-01
-2.728669128997978088e-01 1.375868607109383135e-01
-2.566567611029204055e-01 1.630947761092802761e-01
-2.381108385289556206e-01 1.867310977555073914e-01
-2.174419324062311643e-01 2.082882497336726313e-01
-1.948804375854110704e-01 2.275825513214836393e-01
-1.706717012900327568e-01 2.444555951499019775e-01
-1.450732766531489526e-01 2.587753331290536529e-01
-1.183521168996558293e-01 2.704368667101187396e-01
-9.078174168044159109e-02 2.793629414911799613e-01
-6.263940634429510101e-02 2.855041494926042200e-01
-3.420330386912295850e-02 2.888388455858730830e-01
-5.749827791949568313e-03 2.893727875238200076e-01
2.244907719259980894e-02 2.871385117589249081e-01
5.012845222020262392e-02 2.821944597228229767e-01
7.703272623011692133e-02 2.746238714522226121e-01
1.029179626495260319e-01 2.645334653664129232e-01
1.275539329858000615e-01 2.520519246166853522e-01
1.507260021005186745e-01 2.373282117303653904e-01
1.722368148153374523e-01 2.205297229045791729e-01
1.919077620085924973e-01 2.018403386646227815e-01
2.095802364931416695e-01 1.814583751257728139e-01
2.251166708784475556e-01 1.595944334979526591e-01
2.384013460160144537e-01 1.364692056708412815e-01
2.493409750734538466e-01 1.123112483751293744e-01
2.578650659155668490e-01 8.735474829377937178e-02
2.639260666269085398e-01 6.183729954337344181e-02
2.674993009901744934e-01 3.599771379443830743e-02
2.685827025218615050e-01 1.007388197815595708e-02
2.671963572482243254e-01 -1.569929493658819147e-02
2.633818667717360285e-01 -4.109189018836633539e-02
2.572015443260287082e-01 -6.588083624358480328e-02
2.487374574443779462e-01 -8.985169806076201415e-02
2.380903315755539262e-01 -1.128003238103919281e-01
2.253783294770441981e-01 -1.345343640057393986e-01
2.107357215081694379e-01 -1.548746517192504668e-01
1.943114620462174091e-01 -1.736564382313424415e-01
1.762676871716425397e-01 -1.907304800625307661e-01
1.567781485299798994e-01 -2.059639748581690022e-01
1.360265978964602385e-01 -2.192413450122992213e-01
1.142051364637532984e-01 -2.304648692209881056e-01
9.151254226398970737e-02 -2.395551633368390443e-01
6.815258844388476234e-02 -2.464515129489622813e-01
4.433236435701180117e-02 -2.511120610334492964e-01
2.026060567251555811e-02 -2.535138429035425633e-01
-3.853935716359720414e-03 -2.536527070200884637e-01
-2.780409588600644966e-02 -2.515431095327212430e-01
-5.138587089512925560e-02 -2.472177590736982511e-01
-7.439993084279264424e-02 -2.407271531654751884e-01
-9.665307626084521098e-02 -2.321390019710297681e-01
-1.179596303479320818e-01 -2.215375457958047856e-01
-1.381427611895758856e-01 -2.090227728166139387e-01
-1.570357286820946441e-01 -1.947095435252489126e-01
-1.744830513842375586e-01 -1.787266283477511042e-01
-1.903415889586810572e-01 -1.612156648491995525e-01
-2.044815362376966039e-01 -1.423300408728005173e-01
-2.167873252574876730e-01 -1.222337099046312964e-01
-2.271584318600914920e-01 -1.010999449140337070e-01
-2.355100836685359855e-01 -7.911003690539460120e-02
-2.417738664099800261e-01 -5.645194443919063915e-02
-2.458982257040672748e-01 -3.331890044610878732e-02
-2.478488615620361435e-01 -9.907982773024617482e-03
-2.476090129692946895e-01 1.358134493335808046e-02
-2.451796300636070736e-01 3.694871517967327629e-02
-2.405794315862231081e-01 5.999435431960611215e-02
-2.338448454872949500e-01 8.252058857423151539e-02
-2.250298308221512500e-01 1.043333506068271355e-01
-2.142055793927983565e-01 1.252436784896988897e-01
-2.014600959793448332e-01 1.450691984887138852e-01
-1.868976485085885320e-01 1.636355711625054055e-01
-1.706381173567937115e-01 1.807779225980382654e-01
-1.528162155267616951e-01 1.963422376575603701e-01
-1.335805717507767276e-01 2.101866747055898266e-01
-1.130927055638284301e-01 2.221828247180516747e-01
-9.152588705670558489e-02 2.322168945553907404e-01
-6.906388535098731407e-02 2.401908035215947201e-01
-4.589961091941857640e-02 2.460231822779443411e-01
-2.223365801976050909e-02 2.496502632430402935e-01
1.727245295558599595e-03 2.510266518027703397e-01
2.577187090354325638e-02 2.501259679871650765e-01
4.968619813377493644e-02 2.469413487553368258e-01
7.325518391501119331e-02 2.414858016723413214e-01
9.626458315303201840e-02 2.337924015677009248e-01
1.185028057771748827e-01 2.239143227365129329e-01
1.397627957915744956e-01 2.119247003795813322e-01
1.598439166575792159e-01 1.979163162748262261e-01
1.785538264390003904e-01 1.820011051210904673e-01
1.957103253839853618e-01 1.643094795869958213e-01
2.111431580176623413e-01 1.449894738181531639e-01
2.246957513980954446e-01 1.242057069892420068e-01
2.362268709624692486e-01 1.021381704138343560e-01
2.456121753765206916e-01 7.898084372226024663e-02
2.527456520111568961e-01 5.494014766193027616e-02
2.575409151161244248e-01 3.023324313884410974e-02
2.599323386524682866e-01 5.086198204534061670e-03
2.598760446936373425e-01 -2.026798883260494399e-02
2.573506996281444414e-01 -4.559148724084900739e-02
2.523580881556670708e-01 -7.064380611474489757e-02
2.449234882528326107e-01 -9.518405001055678383e-02
2.350958241700578377e-01 -1.189732297469567324e-01
2.229475893650563201e-01 -1.417766061969989999e-01
2.085745335452522109e-01 -1.633660437336713900e-01
1.920951104211820193e-01 -1.835223490666584023e-01
1.736496853398168949e-01 -2.020375705447504944e-01
1.533995046413861862e-01 -2.187172326159295965e-01
1.315254313338847236e-01 -2.333824800515005016e-01
1.082264544719223343e-01 -2.458721067639573488e-01
8.371798242508454724e-02 -2.560444445887344322e-01
5.822993298838198550e-02 -2.637790882614882704e-01
3.200463598578777435e-02 -2.689784340045142663e-01
5.294566609219280608e-03 -2.715690106331830056e-01
-2.164006981816590097e-02 -2.715025838961165339e-01
-4.853387870059771431e-02 -2.687570168568217399e-01
-7.511891764857439591e-02 -2.633368714908174146e-01
-1.011274117786691851e-01 -2.552737392876626155e-01
-1.262945145182212958e-01 -2.446262914844235803e-01
-1.503610843906973971e-01 -2.314800425848155263e-01
-1.730764473818996452e-01 -2.159468240019997987e-01
-1.942011139641871276e-01 -1.981639679651642227e-01
-2.135094067566510878e-01 -1.782932128089980972e-01
-2.307920106242008218e-01 -1.565193193686117423e-01
-2.458583808234718615e-01 -1.330484089668763914e-01
-2.585389574488547448e-01 -1.081060619171968634e-01
-2.686871995208621189e-01 -8.193517323572462041e-02
-2.761813982764075304e-01 -5.479359022749179242e-02
-2.809262456559476484e-01 -2.695155496923509753e-02
-2.828541364267040947e-01 1.311022581401902762e-03
-2.819261851371948624e-01 2.970743267933610363e-02
-2.781329421364301946e-01 5.794714477815846032e-02
-2.714947961772840035e-01 8.573886529509139320e-02
-2.620620546198330625e-01 1.127936406016511739e-01
-2.499146959154195102e-01 1.388279706367575861e-01
-2.351617928415098702e-01 1.635668978980568677e-01
-2.179406088244002504e-01 1.867470363501603781e-01
-1.984153735829781717e-01 2.081195050046634742e-01
-1.767757482025937299e-01 2.274527315798804961e-01
-1.532349935536134189e-01 2.445350927361118198e-01
-1.280278596547376468e-01 2.591773588970102127e-01
-1.014082170978976988e-01 2.712149135955714274e-01
-7.364645495234098393e-02 2.805097196050552744e-01
-4.502667260554921863e-02 2.869520068059245310e-01
-1.584369573597612171e-02 2.904616597696735858e-01
1.360005099110726465e-02 2.909892863743874791e-01
4.299777989240807091e-02 2.885169523658198121e-01
7.204163463754084673e-02 2.830585752251441600e-01
1.004260502682745582e-01 2.746599623449301197e-01
1.278511077017500663e-01 2.633984834406998266e-01
1.540258175268612584e-01 2.493823978464188851e-01
1.786713386889968724e-01 2.327498310021072492e-01
2.015240797641444370e-01 2.136674110304055407e-01
2.223386463944495295e-01 1.923285789701436321e-01
2.408906000452594176e-01 1.689515901992019731e-01
2.569789952696068802e-01 1.437772283542659013e-01
2.704286651071350911e-01 1.170662565923663162e-01
2.810922270721484262e-01 8.909663429210426533e-02
2.888517853661040635e-01 6.016053021838796422e-02
2.936203084449698353e-01 3.056116573462505648e-02
2.953426648386993647e-01 6.095238064746112119e-04
2.939963041121105847e-01 -2.937903872758344803e-02
2.895915740240854741e-01 -5.908823686502107098e-02
2.821716692331551757e-01 -8.820432156527516221e-02
2.718122112583404304e-01 -1.164195224046221805e-01
2.586204637796872263e-01 -1.434354290326396719e-01
2.427341916980623737e-01 -1.689662723505765685e-01
2.243201766136352915e-01 -1.927420674587684846e-01
2.035724054734270594e-01 -2.145115820127541650e-01
1.807099530286146449e-01 -2.340450956663961413e-01
1.559745823827294320e-01 -2.511369187396984004e-01
1.296280912565405397e-01 -2.656076410982683988e-01
1.019494485819131824e-01 -2.773060871076501455e-01
7.323171148097504246e-02 -2.861109555825457340e-01
4.377878775796952698e-02 -2.919321134893787528e-01
1.390210976007460325e-02 -2.947115422143463115e-01
-1.608278476027160189e-02 -2.944239240748007247e-01
-4.585971129295206283e-02 -2.910768616097383910e-01
-7.511529690312085394e-02 -2.847107279832855609e-01
-1.035423985397162239e-01 -2.753981511986562936e-01
-1.308434422075837322e-01 -2.632431391366300555e-01
-1.567336449629763984e-01 -2.483798566481311976e-01
-1.809440832224001316e-01 -2.309710699924689137e-01
-2.032245728422139297e-01 -2.112062777709335093e-01
-2.233463288042686068e-01 -1.892995511123136965e-01
-2.411043750992084844e-01 -1.654871091785971859e-01
-2.563196784971618070e-01 -1.400246590357805965e-01
-2.688409832945067302e-01 -1.131845315410655722e-01
-2.785463277806958793e-01 -8.525264710349705899e-02
-2.853442270331962294e-01 -5.652534695541971271e-02
-2.891745106715529756e-01 -2.730612690782291060e-02
-2.900088083318598242e-01 2.097688559619098354e-03
-2.878506798079297768e-01 3.137829361049667559e-02
-2.827353909923855380e-01 6.023073155618086788e-02
-2.747293408873677789e-01 8.835617085894233169e-02
-2.639291489893332288e-01 1.154650899059663088e-01
-2.504604162360674624e-01 1.412803352271016499e-01
-2.344761894116524081e-01 1.655400188657256966e-01
-2.161551100999601349e-01 1.880002318307150699e-01
-1.956992966750409346e-01 2.084375282866988699e-01
-1.733320138416188372e-01 2.266511621254638509e-01
-1.492951190401958228e-01 2.424650583835955553e-01
-1.238463292055213549e-01 2.557294965270096587e-01
-9.725634052000489693e-02 2.663224898193364831e-01
-6.980583510502558209e-02 2.741508487060241861e-01
-4.178240946964062452e-02 2.791509199554066400e-01
-1.347745998309260278e-02 2.812889971530440070e-01
1.481693934440723309e-02 2.805614019976912510e-01
4.281113189253391710e-02 2.769942396483775493e-01
7.022091220837579917e-02 2.706428350757838497e-01
9.677046567465320825e-02 2.615908609329223866e-01
1.221951827938237006e-01 2.499491708381237354e-01
1.462443187404794953e-01 2.358543551187445853e-01
1.686834710775373669e-01 2.194670389615903106e-01
1.892968510569817686e-01 2.009699455245667343e-01
2.078893266966010678e-01 1.805657488566720370e-01
2.242882188010855982e-01 1.584747434278161726e-01
2.383448342378825524e-01 1.349323586686790588e-01
2.499357240429209426e-01 1.101865481514642114e-01
2.589636572756268129e-01 8.449508389756882343e-02
2.653583049233333435e-01 5.812278677551792339e-02
2.690766315295177735e-01 3.133872405465649991e-02
2.701030071413202394e-01 4.413407412416601137e-03
2.684490096916301582e-01 -2.238399128954403003e-02
2.641529453724122400e-01 -4.878835878064520515e-02
2.572791236806585280e-01 -7.454126875869257485e-02
2.479168654067439026e-01 -9.939350360931449579e-02
2.361792699514020932e-01 -1.231074399601142511e-01
2.222017598502222524e-01 -1.454592756329614045e-01
2.061404224014643516e-01 -1.662410778406092915e-01
1.881701700238636310e-01 -1.852626349271468964e-01
1.684827424031299647e-01 -2.023530965403083914e-01
1.472845746105516107e-01 -2.173623898113168362e-01
1.247945561903020112e-01 -2.301624018684541306e-01
1.012417067138174226e-01 -2.406479217880169996e-01
7.686279349416354212e-02 -2.487373378556327064e-01
5.189991704877041506e-02 -2.543730887382694705e-01
2.659808950712823361e-02 -2.575218698206048207e-01
1.202830496245702952e-03 -2.581745985087770534e-01
-2.404219588080954220e-02 -2.563461447225083845e-01
-4.889748050811278807e-02 -2.520748350585117481e-01
-7.312988405616141496e-02 -2.454217411923994840e-01
-9.651474755522242155e-02 -2.364697649746631269e-01
-1.188378808818692373e-01 -2.253225343537859637e-01
-1.398974131288102940e-01 -2.121031257147707183e-01
-1.595054907607190986e-01 -1.969526294464084282e-01
-1.774898114646915326e-01 -1.800285765411207828e-01
-1.936949937550242473e-01 -1.615032483534838970e-01
-2.079837452738099168e-01 -1.415618731338190994e-01
-2.202378398282851257e-01 -1.204007476512158475e-01
-2.303589233125989955e-01 -9.822530362203894805e-02
-2.382691165659903410e-01 -7.524812524024436511e-02
-2.439114242556291168e-01 -5.168694249958349918e-02
-2.472499515706233775e-01 -2.776261877797257110e-02
-2.482699322020108512e-01 -3.697150483471765402e-03
-2.469775726470759825e-01 2.028830425376476967e-02
-2.433997193042820029e-01 4.397535179929022015e-02
-2.375833561093518842e-01 6.715022914291708667e-02
-2.295949415981828889e-01 8.960559606946350009e-02
-2.195195952655914773e-01 1.111422406988745726e-01
-2.074601439201363695e-01 1.315706869645441590e-01
-1.935360394166253661e-01 1.507126938676372208e-01
-1.778821596837388275e-01 1.684026376239898815e-01
-1.606475053608763248e-01 1.844887690925750834e-01
-1.419938046239438423e-01 1.988343401259717036e-01
-1.220940389239117546e-01 2.113185937008710547e-01
-1.011309023953105707e-01 2.218376138594183034e-01
-7.929520762601284523e-02 2.303050326110530344e-01
-5.678425032688511759e-02 2.366525920024658280e-01
-3.380014521261735794e-02 2.408305605553638651e-01
-1.054814511569310276e-02 2.428080041948958989e-01
1.276504498383060696e-02 2.425729126447696282e-01
3.593295644091455687e-02 2.401321872798607981e-01
5.875101242724758976e-02 2.355114760405477292e-01
8.101815233028591967e-02 2.287548772383753426e-01
1.025384367068430808e-01 2.199245186197373025e-01
1.231225974164368575e-01 2.091000012035806321e-01
1.425895313835660039e-01 1.963777187194205576e-01
1.607677292400206681e-01 1.818700578689256830e-01
1.774966305139686062e-01 1.657044850659081803e-01
1.926278974383072440e-01 1.480225257189049237e-01
2.060265998474928029e-01 1.289786425149770654e-01
2.175723040220949034e-01 1.087390195496565626e-01
2.271600587273618355e-01 8.748025953211339967e-02
2.347012720810585373e-01 6.538800168159306092e-02
2.401244732826731398e-01 4.265546832477922629e-02
2.433759536475229301e-01 1.948194860640605625e-02
2.444202818226222096e-01 -3.928771861821033981e-03
2.432406885240702421e-01 -2.737002616672728691e-02
2.398393166358741280e-01 -5.063391639684711870e-02
2.342373330550262811e-01 -7.351298897360300511e-02
2.264748992643413339e-01 -9.580192446987653709e-02
2.166109982692581704e-01 -1.172992309533513328e-01
2.047231162528470316e-01 -1.378089294872828219e-01
1.909067780886453403e-01 -1.571422200435965977e-01
1.752749367062588493e-01 -1.751191157431158663e-01
1.579572172308723321e-01 -1.915700330469055079e-01
1.390990103521848320e-01 -2.063373299957454166e-01
1.188604384242205048e-01 -2.192767620132416162e-01
9.741518913278460201e-02 -2.302588605791243692e-01
7.494920265267579484e-02 -2.391702265649242876e-01
5.165924062239912046e-02 -2.459147096312310210e-01
2.775133843813814769e-02 -2.504144675400885589e-01
3.439149934180021819e-03 -2.526108933805150669e-01
-2.105780518676796456e-02 -2.524653992425691662e-01
-4.551597952170265832e-02 -2.499600455604715776e-01
-6.970970881970790789e-02 -2.450980061828444412e-01
-9.341318138647017322e-02 -2.379038602207380892e-01
-1.164024507551333215e-01 -2.284237028719268703e-01
-1.384574752686258403e-01 -2.167250687206214443e-01
-1.593641672546155796e-01 -2.028966624601469815e-01
-1.789164336357220997e-01 -1.870478935744316340e-01
-1.969181891243992899e-01 -1.693082132317225708e-01
-2.131853226229557807e-01 -1.498262534774096599e-01
-2.275475971022432320e-01 -1.287687707461045439e-01
-2.398504630836544860e-01 -1.063193977275661561e-01
-2.499567659123381469e-01 -8.267720969564039402e-02
-2.577483272966796801e-01 -5.805511352091698857e-02
-2.631273821092485199e-01 -3.267806971123544263e-02
-2.660178522037737747e-01 -6.781159932797277932e-03
-2.663664400042942693e-01 1.939248546938674225e-02
-2.641435258661567476e-01 4.559388343841750540e-02
-2.593438485346676869e-01 7.157050427734350240e-02
-2.519869722947542523e-01 9.706864955412695950e-02
-2.421175236483111559e-01 1.218358972809746865e-01
-2.298051719584299768e-01 1.456235974320556625e-01
-2.151443654043022902e-01 1.681893767189894529e-01
-1.982538133926622093e-01 1.892996335302848943e-01
-1.792757141290549638e-01 2.087319969438787004e-01
-1.583747287947440685e-01 2.262777232905961722e-01
-1.357367065995260247e-01 2.417440036107773305e-01
-1.115671678543067313e-01 2.549561555195835050e-01
-8.608955509524372773e-02 2.657596734879543177e-01
-5.954326515739172959e-02 2.740221123611021325e-01
-3.218147790286873811e-02 2.796347800759422242e-01
-4.268800018886966322e-03 2.825142169996218144e-01
2.392125512308632823e-02 2.826034410855263190e-01
5.210892815132257827e-02 2.798729401185419130e-01
8.001098932822620080e-02 2.743213946811678405e-01
1.073436015870495447e-01 2.659761180951811244e-01
1.338252417412494066e-01 2.548932024546588515e-01
1.591796492583005818e-01 2.411573629360045379e-01
1.831387709404583841e-01 2.248814758163170391e-01
2.054456691572661697e-01 2.062058090168243374e-01
2.258573609469384791e-01 1.852969474741410771e-01
2.441475553599927184e-01 1.623464191874114115e-01
2.601092568678643469e-01 1.375690313506919282e-01
2.735571987437026564e-01 1.112009244258465174e-01
2.843300884696276509e-01 8.349737820546943023e-02
2.922926332497893798e-01 5.473037390807639069e-02
2.973373053083115392e-01 2.518592780199842632e-02
2.993858363824695723e-01 -4.838761174484951244e-03
2.983904165054558355e-01 -3.503832723598974963e-02
2.943345787467880337e-01 -6.510238598145413891e-02
2.872337548865805945e-01 -9.471878189764387779e-02
2.771354905534478275e-01 -1.235769002554394924e-01
2.641193121148897593e-01 -1.513710071651604983e-01
2.482962415302871761e-01 -1.778035806155892073e-01
2.298079594138488224e-01 -2.025885948121567970e-01
2.088256206593544773e-01 -2.254547200672702700e-01
1.855483310999354318e-01 -2.461484008886478947e-01
1.602012977629491686e-01 -2.644367757626795434e-01
1.330336692803676946e-01 -2.801104034362274509e-01
1.043160868773857775e-01 -2.929857622529194461e-01
7.433797003550247917e-02 -3.029074912839078149e-01
4.340456436221434150e-02 -3.097503445874678074e-01
1.183378235104734673e-02 -3.134208329102738944e-01
-2.004712946063113774e-02 -3.138585304738932824e-01
-5.190506097268628161e-02 -3.110370281361837241e-01
-8.340460862654422436e-02 -3.049645181374542879e-01
-1.142117054993664477e-01 -2.956839997899419759e-01
-1.439972705971792333e-01 -2.832730997973552656e-01
-1.724408324816312510e-01 -2.678435005824719162e-01
-1.992340937256018296e-01 -2.495399953432014262e-01
-2.240843937192285862e-01 -2.285391635857988157e-01
-2.467180186032122136e-01 -2.050476711471933278e-01
-2.668833285144875944e-01 -1.793002261566764566e-01
-2.843536624914749789e-01 -1.515572059060076859e-01
-2.989299859444067842e-01 -1.221019790821654682e-01
-3.104432483230084583e-01 -9.123795161105965890e-02
-3.187564217563413904e-01 -5.928536784566946355e-02
-3.237661949622754332e-01 -2.657790196215489842e-02
-3.254043005860684512e-01 6.540922839462307188e-03
-3.236384582834114787e-01 3.972144743459918997e-02
-3.184729202634878908e-01 7.261168044523480525e-02
-3.099486105989813223e-01 1.048611494142738659e-01
-2.981428543366721473e-01 1.361247555864119330e-01
-2.831686972463325902e-01 1.660665880964761199e-01
-2.651738218677412440e-01 1.943636535967159795e-01
-2.443390702958718186e-01 2.207094781179679832e-01
-2.208765888230543317e-01 2.448175392492982216e-01
-1.950276140754616805e-01 2.664244885232481819e-01
-1.670599245827913970e-01 2.852931261890842007e-01
-1.372649857501348214e-01 3.012150933180655077e-01
-1.059548199086279563e-01 3.140132493802021973e-01
-7.345863645945399645e-02 3.235437070231281242e-01
-4.011926005151195129e-02 3.296974997272504315e-01
-6.289399491282389107e-03 3.324018581827922203e-01
2.767220527326089488e-02 3.316210932645322074e-01
6.140471446089196261e-02 3.273570639150368833e-01
9.454914535860267644e-02 3.196492168512914955e-01
1.267523156372980520e-01 3.085742099423528506e-01
1.576707265892191845e-01 2.942451185591269391e-01
1.869743417944629282e-01 2.768102336040698663e-01
2.143502179272361030e-01 2.564514647199049313e-01
2.395059461366197129e-01 2.333823668057145861e-01
2.621728646601405033e-01 2.078458123788816669e-01
2.821090060235282859e-01 1.801113364579693399e-01
2.991017453128943515e-01 1.504721844539894660e-01
3.129701195369504751e-01 1.192420969989651525e-01
3.235667919824734007e-01 8.675186866943720987e-02
3.307796396573611797e-01 5.334572014214446906e-02
3.345329463599149289e-01 1.937752541881388596e-02
3.347881885549440217e-01 -1.479306264768606542e-02
3.315444060190987363e-01 -4.880454422071987819e-02
3.248381540801754119e-01 -8.229751689659930980e-02
3.147430391578451281e-01 -1.149185878257484861e-01
3.013688441562173415e-01 -1.463242092288105922e-01
2.848602550025195468e-01 -1.761843940606010184e-01
2.653952042131300093e-01 -2.041862701486178433e-01
2.431828517427928882e-01 -2.300374331959281760e-01
2.184612274825820377e-01 -2.534690615625849741e-01
1.914945651482469202e-01 -2.742387554646810721e-01
1.625703558404204829e-01 -2.921330803452383829e-01
1.319961552399897264e-01 -3.069697790148647187e-01
1.000961874195773760e-01 -3.185996236922225555e-01
6.720778053141424069e-02 -3.269078992744637313e-01
3.367767626020789357e-02 -3.318154998409895140e-01
-1.417447357954115686e-04 -3.332796284764591999e-01
-3.389627851865859715e-02 -3.312940951379692578e-01
-6.723371168189815061e-02 -3.258892119530368281e-01
-9.980759063040241241e-02 -3.171312899623800474e-01
-1.312809045499589433e-01 -3.051217458584217224e-01
-1.613296416410898437e-01 -2.899958316626383703e-01
-1.896461800086175487e-01 -2.719210044803873072e-01
-2.159424768506890691e-01 -2.510949574218221403e-01
-2.399530222464453244e-01 -2.277433364367971724e-01
-2.614375268630984572e-01 -2.021171711392922843e-01
-2.801833162496394913e-01 -1.744900506565943421e-01
-2.960074080109902916e-01 -1.451550780990500111e-01
-3.087582520154805721e-01 -1.144216393819797867e-01
-3.183171178301871795e-01 -8.261202382225908691e-02
-3.245991177514476189e-01 -5.005793516398116677e-02
-3.275538580494256613e-01 -1.709693245235260547e-02
-3.271657153234143744e-01 1.593115952968357854e-02
-3.234537391166616427e-01 4.868783071787627370e-02
-3.164711861150556471e-01 8.083941819833302678e-02
-3.063046965598902327e-01 1.120605502664270420e-01
-2.930731234613967451e-01 1.420374739242735440e-01
-2.769260310659523161e-01 1.704712249003307867e-01
-2.580418874021699338e-01 1.970806035178109816e-01
-2.366259710492976953e-01 2.216049346952425614e-01
-2.129080190280635276e-01 2.438065825752517291e-01
-1.871396444837104267e-01 2.634731961435362035e-01
-1.595915548990758936e-01 2.804196655434554319e-01
-1.305506032541502437e-01 2.944897723030386327e-01
-1.003167058259708533e-01 3.055575203251892913e-01
-6.919966119253194436e-02 3.135281382025854602e-01
-3.751590546545086058e-02 3.183387471605299002e-01
-5.585238832360537448e-03 3.199586926587665858e-01
2.627244184967894233e-02 3.183895413532806806e-01
5.774037039039028180e-02 3.136647486894860726e-01
8.850806559895182946e-02 3.058490058293986680e-01
1.182743811083343533e-01 2.950372778706351062e-01
1.467504209312871510e-01 2.813535483607825238e-01
1.736622930202060544e-01 2.649492879168875437e-01
1.987536753911586518e-01 2.460016673003763421e-01
2.217881718822701798e-01 2.247115375505728818e-01
2.425514373128573042e-01 2.013012017273545506e-01
2.608530546552996765e-01 1.760120044419109520e-01
2.765281497892189688e-01 1.491017666550590592e-01
2.894387324394845917e-01 1.208420941904379542e-01
2.994747560393166141e-01 9.151559110873154490e-02
3.065548889464036475e-01 6.141300057172112414e-02
3.106269945059382254e-01 3.083030790188146658e-02
3.116683244589940616e-01 6.583854997109301525e-05
3.096854265010062779e-01 -3.058262716601102202e-02
3.047137729335247514e-01 -6.082069275925142821e-02
2.968171193536480734e-01 -9.036011133972750298e-02
2.860866047373221699e-01 -1.189214534659313732e-01
2.726396064883093162e-01 -1.462366536998555566e-01
2.566183660276989964e-01 -1.720514142634080312e-01
2.381884022762664477e-01 -1.961274461310140993e-01
2.175367319241514330e-01 -2.182445299574211905e-01
1.948699166829527818e-01 -2.382023814036023368e-01
1.704119587714612305e-01 -2.558223076592647249e-01
1.444020666981056800e-01 -2.709486442405664719e-01
1.170923139739535046e-01 -2.834499634399395562e-01
8.874521372577247325e-02 -2.932200480963669809e-01
5.963123228774928203e-02 -3.001786266155952454e-01
3.002626474375853088e-02 -3.042718673789391315e-01
2.090950823313949462e-04 -3.054726328169267147e-01
-2.954113687195231500e-02 -3.037804954725922268e-01
-5.894744025830826739e-02 -2.992215203235768506e-01
-8.773742904612762128e-02 -2.918478194595516828e-01
-1.156457092697498745e-01 -2.817368869114514340e-01
-1.424161790212800649e-01 -2.689907229935655231e-01
-1.678042245088551820e-01 -2.537347608060311344e-01
-1.915787946580820855e-01 -2.361166009712117042e-01
-2.135243387969386897e-01 -2.163045723397575282e-01
-2.334425968459563905e-01 -1.944861363126779430e-01
-2.511542282654882219e-01 -1.708661439462224874e-01
-2.665002695616996986e-01 -1.456649635616131533e-01
-2.793434113273319808e-01 -1.191164951596979382e-01
-2.895690872652187386e-01 -9.146608838168651667e-02
-2.970863691043951205e-01 -6.296838107649939398e-02
-3.018286627621110663e-01 -3.388507574029493014e-02
-3.037542025232503606e-01 -4.482671192046999535e-03
-3.028463413961078876e-01 2.496983315166543746e-02
-2.991136371560906282e-01 5.420324313170944014e-02
-2.925897349038150130e-01 8.295046873686917621e-02
-2.833330482395251537e-01 1.109487991895235365e-01
-2.714262423909247768e-01 1.379421377122855563e-01
-2.569755238263201624e-01 1.636831798539399585e-01
-2.401097420399262161e-01 1.879355197079553286e-01
-2.209793103121446001e-01 2.104756688708577517e-01
-1.997549533256317844e-01 2.310949735584907905e-01
-1.766262905589706667e-01 2.496014159242988528e-01
-1.518002653844868488e-01 2.658212863047286767e-01
-1.254994307655179497e-01 2.796007138529842950e-01
-9.796010338094005010e-02 2.908070438147569714e-01
-6.943039889991763081e-02 2.993300505497557551e-01
-4.016816191758900562e-02 3.050829779319020330e-01
-1.043880445854882683e-02 3.080033931512553558e-01
1.948693016342165768e-02 3.080538492831106923e-01
4.933526345037016203e-02 3.052223530993307121e-01
7.883172142191084697e-02 2.995226274666938915e-01
1.077035004939301960e-01 2.909941654760526686e-01
1.356818418804048298e-01 2.797020731467050325e-01
1.625043964225859061e-01 2.657366989279253966e-01
1.879175613986600601e-01 2.492130496635605319e-01
2.116787706167517769e-01 2.302699941925703819e-01
2.335587189552564003e-01 2.090692573234149976e-01
2.533435024975209671e-01 1.857942085366550700e-01
2.708366555232634143e-01 1.606484514297168431e-01
2.858610658768711565e-01 1.338542216104236793e-01
2.982607506421695032e-01 1.056506024597497623e-01
3.079024746228103959e-01 7.629156990571424324e-02
3.146771948642388961e-01 4.604387906416046450e-02
3.185013153629049354e-01 1.518480729157159655e-02
3.193177371948647814e-01 -1.600023015812473623e-02
3.170966905610757003e-01 -4.722017409596607207e-02
3.118363366901208411e-01 -7.818090570025798547e-02
3.035631291580477842e-01 -1.085879004802096509e-01
2.923319259741131715e-01 -1.381489299477880739e-01
2.782258457324549572e-01 -1.665767879162827481e-01
2.613558632322156572e-01 -1.935920173829997759e-01
2.418601430041364686e-01 -2.189256141937827027e-01
2.199031079236375141e-01 -2.423216793497560695e-01
1.956742480005606299e-01 -2.635399954566809422e-01
1.693866754263592678e-01 -2.823585040883294650e-01
1.412754308302264505e-01 -2.985756555047789917e-01
1.115955519832775716e-01 -3.120126063151750784e-01
8.061991782321382971e-02 -3.225152405471145567e-01
4.863688327482043605e-02 -3.299559905682697969e-01
1.594772288483665632e-02 -3.342354355739859395e-01
-1.713609625900293365e-02 -3.352836569062404015e-01
-5.029578952826251059e-02 -3.330613312996088538e-01
-8.320825270743698043e-02 -3.275605452499389392e-01
-1.155491559548463831e-01 -3.188053160585683776e-01
-1.469961050653552370e-01 -3.068518077025113033e-01
-1.772318398206612355e-01 -2.917882324985158204e-01
-2.059474379825886603e-01 -2.737344325419545088e-01
-2.328454925585870250e-01 -2.528411380822789267e-01
-2.576432293691633957e-01 -2.292889033139884070e-01
-2.800755316936834882e-01 -2.032867234814794977e-01
-2.998978388796238459e-01 -1.750703406807899432e-01
-3.168888862825909314e-01 -1.449002492518584873e-01
-3.308532547675354651e-01 -1.130594151504467765e-01
-3.416236992482744039e-01 -7.985072712694492314e-02
-3.490632273705110422e-01 -4.559420087671148258e-02
-3.530669014458575616e-01 -1.062396052001821772e-02
-3.535633406457069916e-01 2.471497512021722173e-02
-3.505158970572200827e-01 6.007007224705199905e-02
-3.439234896512713413e-01 9.508479339551990928e-02
-3.338210840917840150e-01 1.294022061428129200e-01
-3.202798018596733076e-01 1.626686532009375685e-01
-3.034066521180453502e-01 1.945374452802287879e-01
-2.833438822740331764e-01 2.246725374590793356e-01
-2.602679473430086765e-01 2.527521491454005065e-01
-2.343881024688137527e-01 2.784722875123054608e-01
-2.059446272500092268e-01 3.015501345482873297e-01
-1.752066948158846893e-01 3.217272585891538528e-01
-1.424699028348178631e-01 3.387726123978224146e-01
-1.080534877685478540e-01 3.524852815254471694e-01
-7.229724765616667159e-02 3.626969488139265563e-01
-3.555820246906877397e-02 3.692740434701102803e-01
1.792975427869567939e-03 3.721195461345354616e-01
3.937572499137517723e-02 3.711744247549084164e-01
7.680351584866437764e-02 3.664186798238132092e-01
1.136878823119006759e-01 3.578719816129428688e-01
1.496425291011677650e-01 3.455938863892811796e-01
1.842874642999539347e-01 3.296836231843521814e-01
2.172531140456707976e-01 3.102794474542784897e-01
2.481843729555939515e-01 2.875575628610125278e-01
2.767445443214701095e-01 2.617306173660943758e-01
3.026191246830041703e-01 2.330457847980937081e-01
3.255193903115501941e-01 2.017824495763536341e-01
3.451857382908874450e-01 1.682495098681889012e-01
3.613907434786814421e-01 1.327823297216143561e-01
3.739418985848419474e-01 9.573937243236331496e-02
3.826839977621535605e-01 5.749854385304885990e-02
3.875011342619121835e-01 1.845328536949025072e-02
3.883182853703903703e-01 -2.099154231411459043e-02
3.851024622818940424e-01 -6.042394052010939542e-02
3.778634073278813732e-01 -9.942917257803489395e-02
3.666538260150595252e-01 -1.375942340359388727e-01
3.515691465702617258e-01 -1.745123433394766832e-01
3.327468050845825420e-01 -2.097874024347811950e-01
3.103650598292769791e-01 -2.430383765633357673e-01
2.846413438150313113e-01 -2.739035429322164705e-01
2.558301701170796472e-01 -3.020445589629481842e-01
2.242206098237489731e-01 -3.271503024411429039e-01
1.901333676185635313e-01 -3.489404380937211059e-01
1.539174849107868559e-01 -3.671686678899082623e-01
1.159467050234692931e-01 -3.816256256680614634e-01
7.661553917218269505e-02 -3.921413804973921113e-01
3.633507576626007068e-02 -3.985875174497234275e-01
-4.471421113008513734e-03 -4.008787691333226544e-01
-4.537307540114898091e-02 -3.989741763746941783e-01
-8.593607400836145160e-02 -3.928777617661771138e-01
-1.257284004986257142e-01 -3.826387053640952218e-01
-1.643245753040975254e-01 -3.683510206929220820e-01
-2.013103456771144495e-01 -3.501527218277212805e-01
-2.362872708226713414e-01 -3.282244958968446036e-01
-2.688771544681855530e-01 -3.027878993975764432e-01
-2.987262700199925791e-01 -2.741030866866523974e-01
-3.255093298109588695e-01 -2.424660977565649134e-01
-3.489331520174822066e-01 -2.082057343145280459e-01
-3.687399821423824053e-01 -1.716800581217447497e-01
-3.847104298098733000e-01 -1.332725501080759267e-01
-3.966659859551796563e-01 -9.338797289356581821e-02
-4.044710902633040783e-01 -5.244798297105270762e-02
-4.080347238621116479e-01 -1.088654188685751582e-02
-4.073115077424639408e-01 3.085482174059595017e-02
-4.023022930965638455e-01 7.233184563413777579e-02
-3.930542356655174485e-01 1.131024077205123185e-01
-3.796603521965024597e-01 1.527313848618827574e-01
-3.622585631553520980e-01 1.907954409416715846e-01
-3.410302318477355654e-01 2.268876895205010902e-01
-3.161982159976605145e-01 2.606221776647905664e-01
-2.880244535432953112e-01 2.916381395778865349e-01
-2.568071098668082142e-01 3.196039713072902910e-01
-2.228773188099713032e-01 3.442208810296860100e-01
-1.865955545775359048e-01 3.652261731888219454e-01
-1.483476759375501330e-01 3.823961290336863050e-01
-1.085406879391395962e-01 3.955484508234628493e-01
-6.759826921121998844e-02 4.045442463880268291e-01
-2.595611536712503012e-02 4.092895186095828475e-01
1.594284414590420654e-02 4.097361522223300634e-01
5.765330493685019014e-02 4.058823963073907581e-01
9.873246651753089798e-02 3.977728246181240213e-01
1.387448749994563968e-01 3.854977794497256305e-01
1.772671746129420300e-01 3.691923064791131637e-01
2.138927142225671707e-01 3.490345939051466284e-01
2.482359568531351257e-01 3.252439349468188579e-01
2.799366426937366925e-01 2.980782382387259233e-01
3.086636590821107418e-01 2.678311158327885688e-01
3.341185745478352787e-01 2.348285833109678422e-01
3.560387980649399320e-01 1.994254108785842861e-01
3.742003291802997178e-01 1.620011681905048628e-01
3.884200695862864983e-01 1.229560090179337428e-01
3.985576719327530437e-01 8.270624465368593692e-02
4.045169071589236331e-01 4.167975714775843527e-02
4.062465373016816428e-01 3.113050395577852177e-04
4.037406865327242689e-01 -4.096222480695257268e-02
3.970387090216219161e-01 -8.170656536093316713e-02
3.862245580434655601e-01 -1.214947640139632662e-01
3.714256664777645933e-01 -1.599117710149081661e-01
3.528113544105627164e-01 -1.965588707549065228e-01
3.305907848879676147e-01 -2.310579070887252284e-01
3.050104939134637982e-01 -2.630552566200482500e-01
2.763515262709584919e-01 -2.922255120623494240e-01
2.449262076001390842e-01 -3.182748220592659383e-01
2.110745988822108066e-01 -3.409438612885130615e-01
1.751606738533934282e-01 -3.600104116028929879e-01
1.375682608834861154e-01 -3.752915138784549964e-01
9.869679848721869819e-02 -3.866451747826927243e-01
5.895695344773209390e-02 -3.939716133434016387e-01
1.876615160886497408e-02 -3.972140376087666125e-01
-2.145592812959014328e-02 -3.963589471526870467e-01
-6.129184620037034931e-02 -3.914359626294918737e-01
-1.003308314379918326e-01 -3.825171889533094949e-01
-1.381730984093489656e-01 -3.697161239055626325e-01
-1.744340064199333129e-01 -3.531861289980678942e-01
-2.087480159641108002e-01 -3.331184841811807851e-01
-2.407724012267625502e-01 -3.097400524325971682e-01
-2.701906805259220445e-01 -2.833105843438172289e-01
-2.967157302656641682e-01 -2.541196964941337400e-01
-3.200925519950044151e-01 -2.224835606284117362e-01
-3.401006664880395491e-01 -1.887413434031525450e-01
-3.565561133163258067e-01 -1.532514387100857300e-01
-3.693130391179071936e-01 -1.163875363092848059e-01
-3.782648626186173590e-01 -7.853457169282991590e-02
-3.833450093700407346e-01 -4.008460275048261745e-02
-3.845272140750262135e-01 -1.432658922647508156e-03
-3.818253932172299137e-01 3.702739188833728545e-02
-3.752930973576206752e-01 7.490691929455924047e-02
-3.650225469924462951e-01 1.118264921157638703e-01
-3.511432779139866400e-01 1.474196923083452571e-01
-3.338204170264692516e-01 1.813367544779311280e-01
-3.132526058206960839e-01 2.132479801780266526e-01
-2.896696020241673053e-01 2.428468984974568867e-01
-2.633295899886746172e-01 2.698531433774428168e-01
-2.345162329850855876e-01 2.940150217433402102e-01
-2.035355027515083903e-01 3.151117503950936483e-01
-1.707123233707942278e-01 3.329553436235848096e-01
-1.363870678268523096e-01 3.473921376557543295e-01
-1.009119464029698821e-01 3.583039422281408815e-01
-6.464732644143122986e-02 3.656088137953231731e-01
-2.795802289003882640e-02 3.692614490469884325e-01
8.790401469109542648e-03 3.692532014871797719e-01
4.523528816180476947e-02 3.656117277763835105e-01
8.102045093210834270e-02 3.584002743091245224e-01
1.157996245305142752e-01 3.477166180577112575e-01
1.492397615392978549e-01 3.336916790217445694e-01
1.810241467477392285e-01 3.164878246520620997e-01
2.108553012099645962e-01 2.962968893406383031e-01
2.384576509662135191e-01 2.733379344628713570e-01
2.635799384441388504e-01 2.478547765088143229e-01
2.859973577391749511e-01 2.201133125332483953e-01
3.055133982605853782e-01 1.903986734838966632e-01
3.219613873035184204e-01 1.590122321818646378e-01
3.352057123088643675e-01 1.262685112085840666e-01
3.451427283401044543e-01 9.249201696515557680e-02
3.517013510675724985e-01 5.801401998104047802e-02
3.548433270207559387e-01 2.316932718838940475e-02
3.545631890045136680e-01 -1.170692679668307139e-02
3.508879038170367726e-01 -4.628243935880665960e-02
3.438762221783335793e-01 -8.023082181832098814e-02
3.336177433495092215e-01 -1.132345764548649963e-01
3.202317092757917538e-01 -1.449879432270268775e-01
3.038655452043679817e-01 -1.751995927505239636e-01
2.846931655996494115e-01 -2.035951442085792706e-01
2.629130657952259420e-01 -2.299194891053629453e-01
2.387462211787356459e-01 -2.539389041065270303e-01
2.124338168019205275e-01 -2.754429386104610966e-01
1.842348311452808307e-01 -2.942460651313730247e-01
1.544234983500350766e-01 -3.101890830233204888e-01
1.232866735674111730e-01 -3.231402685071705361e-01
9.112112617705692141e-02 -3.329962663563468261e-01
5.823078550510134288e-02 -3.396827209303732165e-01
2.492396334254748380e-02 -3.431546464982558886e-01
-8.489422957863602612e-03 -3.433965389495935994e-01
-4.170060372633575124e-02 -3.404222330354909620e-01
-7.440466433824449721e-02 -3.342745112019006037e-01
-1.063031854654430119e-01 -3.250244718655144749e-01
-1.371067993000140151e-01 -3.127706621610877313e-01
-1.665376310990196451e-01 -2.976379982054845330e-01
-1.943316200196992805e-01 -2.797764803105567410e-01
-2.202407066726687346e-01 -2.593597047232253927e-01
-2.440348618796262803e-01 -2.365831994767047530e-01
-2.655039474146181910e-01 -2.116625962484236512e-01
-2.844593968912199067e-01 -1.848316545522328547e-01
-3.007357064599028296e-01 -1.563401552421670171e-01
-3.141917264843530067e-01 -1.264516808285324478e-01
-3.247117468638174298e-01 -9.544130051142782345e-02
-3.322063701534159752e-01 -6.359317812928898250e-02
-3.366131681000282816e-01 -3.119812140803995826e-02
-3.378971186534956983e-01 1.448909012870795970e-03
-3.360508219283969145e-01 3.405131230105645779e-02
-3.310944949786362446e-01 6.631336350594543849e-02
-3.230757466045973136e-01 9.794271475805768623e-02
-3.120691347404535576e-01 1.286528636001127712e-01
-2.981755102677507985e-01 1.581655707646965614e-01
-2.815211523713526121e-01 1.862132100884700825e-01
-2.622567017960708569e-01 2.125410336943463485e-01
-2.405558995775577136e-01 2.369093360801347581e-01
-2.166141400097059688e-01 2.590955013251689532e-01
-1.906468477728300859e-01 2.788959182666116976e-01
-1.628876902814754835e-01 2.961277492064875450e-01
-1.335866374161623349e-01 3.106305384915721834e-01
-1.030078783972697420e-01 3.222676438383279551e-01
-7.142762261856945571e-02 3.309274899970864880e-01
-3.913178782063242434e-02 3.365246296395014158e-01
-6.413587415880385792e-03 3.390005897944617375e-01
2.642895432929450242e-02 3.383245077290256142e-01
5.909554564475377053e-02 3.344935455300106497e-01
9.128621041467908925e-02 3.275330774521447164e-01
1.227038917387159173e-01 3.174966455511702978e-01
1.530570559052802648e-01 3.044656806599319032e-01
1.820622763061057470e-01 2.885489873890781931e-01
2.094467764596494030e-01 2.698819935365696643e-01
2.349509110806759504e-01 2.486257660648931445e-01
2.583305640466647124e-01 2.249657976430057271e-01
2.793594421807321648e-01 1.991105696408385362e-01
2.978312440068988654e-01 1.712898993949460158e-01
3.135616830471835148e-01 1.417530815199139205e-01
3.263903458302445659e-01 1.107668350048454098e-01
3.361823655755863949e-01 7.861306978928074563e-02
3.428298935113215373e-01 4.558648843830891834e-02
3.462533509805362231e-01 1.199204041105307421e-02
3.464024468924936651e-01 -2.185775178237946148e-02
3.432569466785653223e-01 -5.564557353633409892e-02
3.368271807145450381e-01 -8.905218363498024203e-02
3.271542821635078924e-01 -1.217593402467623820e-01
3.143101463662233419e-01 -1.534527621374719430e-01
2.983971024896054369e-01 -1.838250943870522458e-01
2.795473077547691032e-01 -2.125788627769881201e-01
2.579218514337326407e-01 -2.394293850065957741e-01
2.337095658611240134e-01 -2.641075983571596342e-01
2.071255620291311828e-01 -2.863627879357776296e-01
1.784094931325327926e-01 -3.059651839427109388e-01
1.478235569477298061e-01 -3.227084002966590925e-01
1.156502508162350756e-01 -3.364116877418337759e-01
8.218989584952114680e-02 -3.469219756607801464e-01
4.775794974387660013e-02 -3.541156782285331817e-01
1.268213025569279485e-02 -3.579002422637934666e-01
-2.270062609613417506e-02 -3.582154161541399318e-01
-5.804734319848597196e-02 -3.550342215434234561e-01
-9.301229336048222329e-02 -3.483636120547396464e-01
-1.272503632836327891e-01 -3.382448061618421042e-01
-1.604204654988681811e-01 -3.247532843915796885e-01
-1.921889614999005291e-01 -3.079984443120048487e-01
-2.222330618533320534e-01 -2.881229102036050316e-01
-2.502441679744009662e-01 -2.653014978896817699e-01
-2.759311200422409627e-01 -2.397398388782220058e-01
-2.990233157049464463e-01 -2.116726717010398717e-01
-3.192736648028706714e-01 -1.813618120837599268e-01
-3.364613463240426205e-01 -1.490938172979837939e-01
-3.503943351988859090e-01 -1.151773636892320790e-01
-3.609116683378384982e-01 -7.994035989505954287e-02
-3.678854173592439603e-01 -4.372682607730579707e-02
-3.712223567441741423e-01 -6.893556614606083377e-03
-3.708652912729615836e-01 3.019339806106387594e-02
-3.667940172243407959e-01 6.716238339069588448e-02
-3.590259149042226428e-01 1.036399023408100528e-01
-3.476161551996339028e-01 1.392544447384285455e-01
-3.326575119278568082e-01 1.736403442003925102e-01
-3.142797759796545076e-01 2.064416215270294119e-01
-2.926487716188730936e-01 2.373157728428199886e-01
-2.679649797487395069e-01 2.659374606514103290e-01
-2.404617774356715143e-01 2.920020663409209072e-01
-2.104033074405421699e-01 3.152290635339746183e-01
-1.780819958903663291e-01 3.353651730250289953e-01
-1.438157404753491742e-01 3.521872618790608533e-01
-1.079447956227030242e-01 3.655049515676787597e-01
-7.082838492640622374e-02 3.751629027723547005e-01
-3.284107464991820741e-02 3.810427476645828482e-01
5.631054681742055958e-03 3.830646440483441162e-01
4.419439876834448805e-02 3.811884296846163589e-01
8.245193987586259265e-02 3.754143593689308611e-01
1.200074328795228684e-01 3.657834118544455726e-01
1.564696214171715505e-01 3.523771584537337964e-01
1.914564376413849800e-01 3.353171900579187126e-01
2.245991386753851127e-01 3.147641043243114001e-01
2.555463330440430059e-01 2.909160598435119871e-01
2.839678463851553758e-01 2.640069136931550431e-01
3.095583979670676888e-01 2.343039475834572116e-01
3.320410307074592726e-01 2.021052076536061504e-01
3.511702471832893191e-01 1.677364973525040104e-01
3.667348292814101574e-01 1.315480412135444088e-01
3.785603015668305704e-01 9.391085765039643152e-02
3.865110078108424108e-01 5.521287918364699288e-02
3.904917743118279105e-01 1.585486177657415355e-02
3.904491381881084466e-01 -2.375387223699406206e-02
3.863721236725569663e-01 -6.319981084826811757e-02
3.782925545363128306e-01 -1.020697001431788986e-01
3.662848960534719756e-01 -1.399550133955180797e-01
3.504656253267938171e-01 -1.764563911153335662e-01
3.309921342607659578e-01 -2.111880016634120338e-01
3.080611749259954957e-01 -2.437817726237003213e-01
2.819068624405262069e-01 -2.738914443063414916e-01
2.527982557324157664e-01 -3.011963985248155562e-01
2.210365415780983778e-01 -3.254052181340740812e-01
1.869518520692040608e-01 -3.462589357077110463e-01
1.508997500861105345e-01 -3.635339331392015705e-01
1.132574213928356360e-01 -3.770444578363080779e-01
7.441961556286620649e-02 -3.866447254938676914e-01
3.479438105227691813e-02 -3.922305841275307570e-01
-5.201357685905756006e-03 -3.937407190736660345e-01
-4.514633113809594228e-02 -3.911573839482023751e-01
-8.461950701047661616e-02 -3.845066525928904633e-01
-1.232046900573846027e-01 -3.738581768014199724e-01
-1.604950713572573240e-01 -3.593244542482469939e-01
-1.960976667375826654e-01 -3.410596276884358402e-01
-2.296376109526218623e-01 -3.192578158223154383e-01
-2.607622522169514290e-01 -2.941509976220695877e-01
-2.891450002192020308e-01 -2.660064739154594515e-01
-3.144888835785399905e-01 -2.351239349932217615e-01
-3.365297760774255686e-01 -2.018321676382044128e-01
-3.550392548670827098e-01 -1.664854392083141565e-01
-3.698270581497107856e-01 -1.294596001890860604e-01
-3.807431145407981776e-01 -9.114794991807789737e-02
-3.876791213479905407e-01 -5.195691293151053630e-02
-3.905696543075885541e-01 -1.230157555962795891e-02
-3.893927968302021703e-01 2.739886602555417425e-02
-3.841702824550614070e-01 6.672569414719892178e-02
-3.749671499279872977e-01 1.052652418523344485e-01
-3.618909160302566375e-01 1.426133968416682385e-01
-3.450902769238488044e-01 1.783799858398366911e-01
-3.247533542732617962e-01 2.121929896900797419e-01
-3.011055076875227554e-01 2.437025415961685260e-01
-2.744067400334501139e-01 2.725846636392752487e-01
-2.449487268414797247e-01 2.985446999331293760e-01
-2.130515053017793259e-01 3.213204085053561476e-01
-1.790598621795351508e-01 3.406846781583647843e-01
-1.433394695103143712e-01 3.564478454878820535e-01
-1.062727928051854231e-01 3.684595773378023797e-01
-6.825483668879768484e-02 3.766103008728621249e-01
-2.968878761507289313e-02 3.808321812556170749e-01
9.018415772670585612e-03 3.810996266302402180e-01
4.746052674478842826e-02 3.774293205453804201e-01
8.523639834252390302e-02 3.698797845962079611e-01
1.219543050630719078e-01 3.585504795416668555e-01
1.572361298241413408e-01 3.435804584892915847e-01
1.907213696113104484e-01 3.251465908716518749e-01
2.220709157081790508e-01 3.034613808035127036e-01
2.509705674156841315e-01 2.787704079490234688e-01
2.771342416413299925e-01 2.513494231900954001e-01
3.003068446342537778e-01 2.215011351223724057e-01
3.202667764057674504e-01 1.895517266714565052e-01
3.368280429508185847e-01 1.558471438833397282e-01
3.498419562138089245e-01 1.207492011701343237e-01
3.591984067598416042e-01 8.463154896310239039e-02
3.648266992554026755e-01 4.787555082497756131e-02
3.666959460654622416e-01 1.086611759537970366e-02
3.648150194717217909e-01 -2.601245391299152401e-02
3.592320681447421227e-01 -6.238059077606301905e-02
3.500336084981683360e-01 -9.786745666842264213e-02
3.373432063558211569e-01 -1.321148234274352185e-01
3.213197689149830949e-01 -1.647807596976718358e-01
3.021554783336650729e-01 -1.955431015009293505e-01
2.800733717834517078e-01 -2.241026601218094327e-01
2.553246180627259387e-01 -2.501861342640650521e-01
2.281855379791297989e-01 -2.735487113625093003e-01
1.989543832726008155e-01 -2.939763231419789680e-01
1.679479212952096345e-01 -3.112875375634179820e-01
1.354978664778150044e-01 -3.253350715518250613e-01
1.019472007034345901e-01 -3.360069135326380074e-01
6.764642527374552239e-02 -3.432270494853924547e-01
3.294978720055780769e-02 -3.469557908970228310e-01
-1.788477912570419527e-03 -3.471897076039042185e-01
-3.621784509670916696e-02 -3.439611729955356356e-01
-6.999510148837100043e-02 -3.373375333601125736e-01
-1.027878120671684575e-01 -3.274199172329129159e-01
-1.342776139836553417e-01 -3.143417044161938567e-01
-1.641633064791837571e-01 -2.982666778323410095e-01
-1.921637064141323847e-01 -2.793868845135020762e-01
-2.180202427263380482e-01 -2.579202347894080094e-01
-2.414992666901107643e-01 -2.341078710847347699e-01
-2.623940585878323795e-01 -2.082113396583273879e-01
-2.805265152894315661e-01 -1.805096000950785762e-01
-2.957485072079598654e-01 -1.512959083895821788e-01
-3.079428971100709456e-01 -1.208746100372553173e-01
-3.170242172572315664e-01 -8.955787967784387127e-02
-3.229390052872364580e-01 -5.766244352827391839e-02
-3.256658110412077867e-01 -2.550631700603393087e-02
-3.252148566653307871e-01 6.594402322553456243e-03
-3.216273805724111368e-01 3.832865036965019817e-02
-3.149746948525841694e-01 6.939340205847623066e-02
-3.053569486624068685e-01 9.949653017913610842e-02
-2.929016262953786920e-01 1.283594924195337050e-01
-2.777618025107426725e-01 1.557198228233827864e-01
-2.601141797009023371e-01 1.813334067922562631e-01
-2.401569331261727003e-01 2.049765217648386595e-01
-2.181073917301658838e-01 2.264476288308093221e-01
-1.941995829663956119e-01 2.455689037257693108e-01
-1.686816706182957259e-01 2.621874988646305527e-01
-1.418133147872935318e-01 2.761765312623375435e-01
-1.138629830680815413e-01 2.874357943229236545e-01
-8.510524144235172284e-02 2.958921945131998132e-01
-5.581805262157657488e-02 3.014999168410396613e-01
-2.628010847906294897e-02 3.042403257986434628e-01
3.231778142279934617e-03 3.041216109802468148e-01
3.244519854835030415e-02 3.011781889171812887e-01
6.109456833228352896e-02 2.954698747707512063e-01
8.892342258978250258e-02 2.870808393689969762e-01
1.156865683688542978e-01 2.761183686553235206e-01
1.411520787157153067e-01 2.627114439276955205e-01
1.651031149526460684e-01 2.470091622834142964e-01
1.873395661340775953e-01 2.291790174472971009e-01
2.076795055501073350e-01 2.094050598004518760e-01
2.259604309081844342e-01 1.878859581963318870e-01
2.420403029700008979e-01 1.648329908555487555e-01
2.557983978244032230e-01 1.404679758960106217e-01
2.671359460764887728e-01 1.150211654355356300e-01
2.759765696695615778e-01 8.872912287786526020e-02
2.822665200202599256e-01 6.183260207218592430e-02
2.859747227685973670e-01 3.457444605677588434e-02
2.870926358983436066e-01 7.197521992467725317e-03
2.856339292617844361e-01 -2.005729231402359272e-02
2.816339946424797347e-01 -4.695305617846726176e-02
2.751492964095086369e-01 -7.325863531399080808e-02
2.662565735592939409e-01 -9.875048118865618896e-02
2.550519045118346817e-01 -1.232143104092045666e-01
2.416496464351109430e-01 -1.464466754269527493e-01
2.261812611250409721e-01 -1.682564191807621179e-01
2.087940395811498651e-01 -1.884660075607929031e-01
1.896497374043374096e-01 -2.069127347811680340e-01
1.689231330183439683e-01 -2.234497978780089211e-01
1.468005204972195887e-01 -2.379472375925609229e-01
1.234781484843756744e-01 -2.502927438509761071e-01
9.916061633182805812e-02 -2.603923249091618652e-01
7.405923818798754166e-02 -2.681708399919885411e-01
4.839038533515607060e-02 -2.735723959226590285e-01
2.237381663912932708e-02 -2.765606088141607244e-01
-3.769002186995806889e-03 -2.771187321118081526e-01
-2.981655494832682191e-02 -2.752496498194595409e-01
-5.554891575029129863e-02 -2.709757468332119057e-01
-8.074938454154365064e-02 -2.643386522641860692e-01
-1.052060827888576938e-01 -2.553988575230842217e-01
-1.287135102073853621e-01 -2.442352139124718269e-01
-1.510740551168669454e-01 -2.309443130181930981e-01
-1.720994511747039324e-01 -2.156397533907054576e-01
-1.916121733733991972e-01 -1.984512972148617937e-01
-2.094467662877163017e-01 -1.795239208945647313e-01
-2.254510976230230668e-01 -1.590167637374498566e-01
-2.394875301595086325e-01 -1.371019792235897705e-01
-2.514340052177288509e-01 -1.139634936887903849e-01
-2.611850308010579824e-01 -8.979567765304756477e-02
-2.686525676129160045e-01 -6.480193548170615214e-02
-2.737668062145897085e-01 -3.919321958219641744e-02
-2.764768286969230271e-01 -1.318647591186622448e-02
-2.767511483999818278e-01 1.299697180103480225e-02
-2.745781214424110606e-01 3.913309104653597825e-02
-2.699662241293058762e-01 6.499685394106140268e-02
-2.629441907056216388e-01 9.036398551916810518e-02
-2.535610064215730874e-01 1.150127366124154282e-01
-2.418857514855121682e-01 1.387256702549488074e-01
-2.280072922047597928e-01 1.612914498046545131e-01
-2.120338164598137842e-01 1.825066162484396959e-01
-1.940922035124058587e-01 2.021773428202991163e-01
-1.743272513226807319e-01 2.201211454010717217e-01
-1.529007474008343970e-01 2.361685463829868437e-01
-1.299903665466026759e-01 2.501646744226076469e-01
-1.057884230648363372e-01 2.619707791916030537e-01
-8.050047445763211518e-02 2.714656490405778499e-01
-5.434378279567712161e-02 2.785469164138448805e-01
-2.754564159981070723e-02 2.831322360382479975e-01
-3.415777267714629702e-04 2.851603212791841702e-01
2.702656057142206747e-02 2.845918246217052361e-01
5.431261658088470945e-02 2.814100490011046118e-01
8.126822459095905948e-02 2.756214776797882293e-01
1.076449798651328699e-01 2.672561115463457648e-01
1.331966616168410167e-01 2.563676040960388702e-01
1.576814901307656835e-01 2.430331859332760802e-01
1.808643979550156322e-01 2.273533724064476791e-01
2.025192940434062394e-01 2.094514499305096811e-01
2.224312988745581476e-01 1.894727386562388705e-01
2.403989279384588507e-01 1.675836313870663064e-01
2.562362005821467448e-01 1.439704110015792293e-01
2.697746510622960892e-01 1.188378510860339105e-01
2.808652187786855881e-01 9.240760698780371707e-02
2.893799950704566970e-01 6.491640703657947098e-02
2.952138046546712857e-01 3.661405621250708037e-02
2.982856007779188801e-01 7.761267035112114250e-03
2.985396476568335511e-01 -2.137266766057622364e-02
2.959464915547659336e-01 -5.051232980484166024e-02
2.905036938375135103e-01 -7.937875017578426007e-02
2.822362956264043987e-01 -1.076920784589276980e-01
2.711970224424140041e-01 -1.351743146190383660e-01
2.574662136467866791e-01 -1.615520785560491668e-01
2.411514703511199176e-01 -1.865593897875871821e-01
2.223870184427975127e-01 -2.099404279352221625e-01
2.013327864838972414e-01 -2.314522441481382808e-01
1.781732014572673939e-01 -2.508673932957995456e-01
1.531157086137363010e-01 -2.679764568154702764e-01
1.263890249787271991e-01 -2.825904265217745182e-01
9.824113936269240899e-02 -2.945429204797216372e-01
6.893707494449442807e-02 -3.036922032106749714e-01
3.875643361653851454e-02 -3.099229840383330714e-01
7.990744251795288758e-03 -3.131479692794997272e-01
-2.305936016667741936e-02 -3.133091462275897632e-01
-5.408710906449547273e-02 -3.103787794457703031e-01
-8.478267467586868278e-02 -3.043601027566605888e-01
-1.148363345865288376e-01 -2.952876934572548628e-01
-1.439416830502193989e-01 -2.832275186674366729e-01
-1.717988564467338164e-01 -2.682766473003900809e-01
-1.981177373803831854e-01 -2.505626248820314039e-01
-2.226211014621014561e-01 -2.302425122999386120e-01
-2.450476707909394203e-01 -2.075015934832957765e-01
-2.651550335285040028e-01 -1.825517580291847464e-01
-2.827224088063750584e-01 -1.556295827968151024e-01
-2.975532169329259125e-01 -1.269941175103097564e-01
-3.094774104104481838e-01 -9.692439208124266348e-02
-3.183535508913483136e-01 -6.571667955503829317e-02
-3.240706007622973783e-01 -3.368153788893058637e-02
-3.265494052317607920e-01 -1.140660747022155877e-03
-3.257438440478334640e-01 3.157642981131796034e-02
-3.216416355306832009e-01 6.413581354059381956e-02
-3.142647794268885186e-01 9.620268796698963620e-02
-3.036696291370548084e-01 1.274449314300380998e-01
-2.899465880853100419e-01 1.575366734767001120e-01
-2.732194293386707162e-01 1.861618322790103142e-01
-2.536442419925171166e-01 2.130175786323768305e-01
-2.314080122606188838e-01 2.378176864687711611e-01
-2.067268515885735403e-01 2.602957306888896705e-01
-1.798438883922323372e-01 2.802080944750506286e-01
-1.510268441523890115e-01 2.973367500807427288e-01
-1.205653185198055366e-01 3.114917793856226691e-01
-8.876781174871627156e-02 3.225136032324288915e-01
-5.595851613334102553e-02 3.302748916949142521e-01
-2.247391112525672779e-02 3.346821309280331724e-01
1.134080058156346216e-02 3.356768260826658579e-01
4.513537653316458675e-02 3.332363238818278894e-01
7.855829638455030794e-02 3.273742428042801800e-01
1.112605563503618056e-01 3.181405009733663802e-01
1.428994623625365612e-01 3.056209476794533586e-01
1.731423745774640921e-01 2.899365916390041487e-01
2.016703513250437396e-01 2.712424300254132059e-01
2.281816601812963197e-01 2.497258975097737255e-01
2.523951125686935693e-01 2.256049480870229995e-01
2.740531829608123249e-01 1.991257899464834447e-01
2.929248761217885244e-01 1.705602978289390004e-01
3.088083086206031558e-01 1.402031312181515610e-01
3.215329740923544843e-01 1.083685902928374911e-01
3.309616653345222592e-01 7.538724476931159268e-02
3.369920302819240931e-01 4.160237355370222101e-02
3.395577431511529465e-01 7.366255459495115940e-03
3.386292765313970721e-01 -2.696364689949528812e-02
3.342142648680710426e-01 -6.102856658327208278e-02
3.263574545805452698e-01 -9.447233088703060888e-02
3.151402409156371376e-01 -1.269452344236360886e-01
3.006797965036558939e-01 -1.581078424153871398e-01
2.831278013928015258e-01 -1.876346806754322916e-01
2.626687890303565087e-01 -2.152177700797067716e-01
2.395181271766795850e-01 -2.405699651626668212e-01
2.139196570240715911e-01 -2.634280587914412664e-01
1.861430177936313768e-01 -2.835556176539803519e-01
1.564806877494931137e-01 -3.007455165022155930e-01
1.252447758559946112e-01 -3.148221426805072887e-01
9.276360357742260976e-02 -3.256432452929794441e-01
5.937810949123743798e-02 -3.331014131979108672e-01
2.543812164478225640e-02 -3.371251607685633034e-01
-8.701453541687737686e-03 -3.376796097187182988e-01
-4.268448922669518947e-02 -3.347667643519798286e-01
-7.615749673099866945e-02 -3.284253769354271157e-01
-1.087734408208133607e-01 -3.187304063303642021e-01
-1.401954684611652624e-01 -3.057920777654719591e-01
-1.701005090310334922e-01 -2.897545562716922762e-01
-1.981827057142282744e-01 -2.707942507564807255e-01
-2.241566399789361730e-01 -2.491177699230353038e-01
-2.477603137042455606e-01 -2.249595551864341791e-01
-2.687578565679128451e-01 -1.985792193559497987e-01
-2.869419297352358011e-01 -1.702586230982686966e-01
-3.021358006388176753e-01 -1.402987240322010054e-01
-3.141950676640070661e-01 -1.090162356995651033e-01
-3.230090178025349368e-01 -7.674013558298352355e-02
-3.285016047525737282e-01 -4.380806277931986736e-02
-3.306320394705987709e-01 -1.056264687387415899e-02
-3.293949897616261779e-01 2.265219001174702262e-02
-3.248203900720765813e-01 5.549491610631650945e-02
-3.169728671667682018e-01 8.763001650233952222e-02
-3.059507917727572468e-01 1.187315230621916878e-01
-2.918849705044211928e-01 1.484864090285409888e-01
-2.749369963956539986e-01 1.765978116426062672e-01
-2.552972824879947700e-01 2.027880488552373517e-01
-2.331827965964446414e-01 2.268013986717116459e-01
-2.088345308949097479e-01 2.484066104876779535e-01
-1.825147425641041043e-01 2.673991261711879397e-01
-1.545039916713894512e-01 2.836029889918523783e-01
-1.250980141257919676e-01 2.968724228526393172e-01
-9.460446654303625302e-02 3.070930684901052587e-01
-6.333958079836719823e-02 3.141828674414344214e-01
-3.162476652224382317e-02 3.180925887545977826e-01
2.168001926923283321e-04 3.188059975885865205e-01
3.186356404799835229e-02 3.163396689622616220e-01
6.299891681972770441e-02 3.107424539128094687e-01
9.331442703313488907e-02 3.020946091703229919e-01
1.225129391120784866e-01 2.905066050986946369e-01
1.503115101642668872e-01 2.761176300533613737e-01
1.764441549822332034e-01 2.590938124259887787e-01
2.006643725597083705e-01 2.396261844517803830e-01
2.227474304038489228e-01 2.179284143183917166e-01
2.424923861229368593e-01 1.942343352130794509e-01
2.597238291421069545e-01 1.687953016586744293e-01
2.742933289005492492e-01 1.418774048065825633e-01
2.860805794659838086e-01 1.137585792691373221e-01
2.949942341195148643e-01 8.472563458249880719e-02
3.009724270703867388e-01 5.507124449849870595e-02
3.039829830111355768e-01 2.509092701822181887e-02
3.040233219005695209e-01 -4.919954023202850919e-03
3.011200560594800568e-01 -3.466913178312273913e-02
2.953282980455057549e-01 -6.387029267033469959e-02
2.867306989526258731e-01 -9.224582335943319611e-02
2.754362231324709587e-01 -1.195294186557433191e-01
2.615786814554238449e-01 -1.454685268672819276e-01
2.453150438942529599e-01 -1.698266110832294673e-01
2.268235540387977256e-01 -1.923852073542714480e-01
2.063016696570641184e-01 -2.129457635048073172e-01
1.839638545978286854e-01 -2.313312451417343374e-01
1.600392481789969790e-01 -2.473874983204941425e-01
1.347692387255912949e-01 -2.609843612480132191e-01
1.084049681168396118e-01 -2.720165203068169446e-01
8.120479408308847735e-02 -2.804041085391806298e-01
5.343173657373283258e-02 -2.860930475009573759e-01
2.535093381425379197e-02 -2.890551360503811340e-01
-2.772867295836125602e-03 -2.892878921491094935e-01
-3.067776299864857087e-02 -2.868141560956793956e-01
-5.810706468244761919e-02 -2.816814657633227026e-01
-8.481157065808317408e-02 -2.739612163563016067e-01
-1.105517190562824992e-01 -2.637476189168522778e-01
-1.350996050890725664e-01 -2.511564732976053205e-01
-1.582408479111228339e-01 -2.363237725548806012e-01
-1.797762943773727751e-01 -2.194041567131985726e-01
-1.995235490923140675e-01 -2.005692346011363203e-01
-2.173183267511645811e-01 -1.800057913047429792e-01
-2.330156060421694764e-01 -1.579139036632260518e-01
-2.464905913084816380e-01 -1.345049854000836820e-01
-2.576394882935489350e-01 -1.099997744834343288e-01
-2.663800793339746731e-01 -8.462628577710755440e-02
-2.726521040559308218e-01 -5.861774684756110992e-02
-2.764174485440148987e-01 -3.221053471443729999e-02
-2.776601474816689508e-01 -5.642130501438193460e-03
-2.763862051479154536e-01 2.085089200443551727e-02
-2.726232423894039414e-01 4.703482892186551523e-02
-2.664199777657392798e-01 7.268074612805774937e-02
-2.578455519887961067e-01 9.756630372340752144e-02
-2.469887055449707658e-01 1.214774936411132933e-01
-2.339568200074299831e-01 1.442102801535203593e-01
-2.188748340200024900e-01 1.655721342412195263e-01
-2.018840452741647584e-01 1.853834539844848306e-01
-1.831408100160873687e-01 2.034788642951451398e-01
-1.628151517238629054e-01 2.197083904182037251e-01
-1.410892905989053481e-01 2.339385006863872463e-01
-1.181561054339283073e-01 2.460530149995766858e-01
-9.421753926713612171e-02 2.559538764193960980e-01
-6.948296002260798132e-02 2.635617841140830420e-01
-4.416748708435946913e-02 2.688166866593693083e-01
-1.849029446965615164e-02 2.716781353988590442e-01
7.327099031620308046e-03 2.721254981957550445e-01
3.306254827150974240e-02 2.701580334802250460e-01
5.849498163830121888e-02 2.657948264445797459e-01
8.340608488139976406e-02 2.590745937797793719e-01
1.075819711200753231e-01 2.500553532212785313e-01
1.308148107815074457e-01 2.388139623081358132e-01
1.529044183817198088e-01 2.254455296619696236e-01
1.736597875931846224e-01 2.100627021781545922e-01
1.929005662083045636e-01 1.927948318837057196e-01
2.104584627516450090e-01 1.737870265897894229e-01
2.261785766210249182e-01 1.531990888606561962e-01
2.399206437553941529e-01 1.312043482428690289e-01
2.515601899442702627e-01 1.079883921554221637e-01
2.609895840191511218e-01 8.374770133755177204e-02
2.681189833125114941e-01 5.868819628977042097e-02
2.728771639461681220e-01 3.302370172593877690e-02
2.752122287298096603e-01 6.974336679014790825e-03
2.750921857242440982e-01 -1.923516143264940303e-02
2.725053908640802658e-01 -4.537716977330319423e-02
2.674608484521352469e-01 -7.122296036199847469e-02
2.599883638429906219e-01 -9.654451717682155376e-02
2.501385432346366899e-01 -1.211163788711499406e-01
2.379826361923731426e-01 -1.447174951415116650e-01
2.236122173434871019e-01 -1.671330840682948571e-01
2.071387046081144268e-01 -1.881564770702426892e-01
1.886927123721852395e-01 -2.075909374883103953e-01
1.684232331732708476e-01 -2.252514384940187409e-01
1.464966667201380024e-01 -2.409663819029176368e-01
1.230956870550047461e-01 -2.545792498798271630e-01
9.841793838873631739e-02 -2.659501703283380092e-01
7.267458300449783359e-02 -2.749573782094855146e-01
4.608870221966344938e-02 -2.814985587402514811e-01
1.889355883154158686e-02 -2.854920571117118833e-01
-8.669268847390713961e-03 -2.868779397922103791e-01
-3.635186957072887581e-02 -2.856188930991172548e-01
-6.390208488842172296e-02 -2.817009455404684282e-01
-9.106568292463255998e-02 -2.751340014491491237e-01
-1.175886035325951762e-01 -2.659521746582150792e-01
-1.432192566778465459e-01 -2.542139123941662970e-01
-1.677108545407315632e-01 -2.400019011898282539e-01
-1.908237566123506257e-01 -2.234227484307703127e-01
-2.123278060107069987e-01 -2.046064351362328337e-01
-2.320046343901501218e-01 -1.837055377212849783e-01
-2.496499121801589172e-01 -1.608942187719194783e-01
-2.650755204898705975e-01 -1.363669892664287342e-01
-2.781116208708946935e-01 -1.103372471691207585e-01
-2.886085992583539150e-01 -8.303559987799617736e-02
-2.964388608210419274e-01 -5.470798059585834511e-02
-3.014984531547339475e-01 -2.561357128191022597e-02
-3.037084962528926457e-01 3.977452605797860904e-03
-3.030163989870504615e-01 3.378633788278820327e-02
-2.993968378660052387e-01 6.352831130055715259e-02
-2.928524974423298288e-01 9.291524988658672601e-02
-2.834145485218388938e-01 1.216584488116255608e-01
-2.711428389929532168e-01 1.494714598271970341e-01
-2.561258043022485720e-01 1.760729667601133308e-01
-2.384800857534423169e-01 2.011896715274226199e-01
-2.183498529470348504e-01 2.245591604592575841e-01
-1.959058298708122314e-01 2.459327200063363139e-01
-1.713440274589127787e-01 2.650780705442713492e-01
-1.448841888205661677e-01 2.817819869852471459e-01
-1.167679567579757993e-01 2.958527752814811840e-01
-8.725677660340996900e-02 3.071225746618078678e-01
-5.662955076439474267e-02 3.154494565854201737e-01
-2.518006462826323510e-02 3.207192929228424583e-01
6.785793401500770164e-03 3.228473677757933702e-01
3.895299202881324918e-02 3.217797096116332689e-01
7.100046893245898216e-02 3.174941229962607303e-01
1.026043635230994011e-01 3.100009021381034957e-01
1.334413376048058375e-01 2.993432116767708595e-01
1.631919491686829593e-01 2.855971236298646132e-01
1.915440431337133154e-01 2.688713031128973086e-01
2.181961218400600699e-01 2.493063393288859064e-01
2.428606575155818625e-01 2.270737223411037065e-01
2.652673087950034869e-01 2.023744702470414991e-01
2.851660036853557734e-01 1.754374155138549440e-01
3.023298476272635593e-01 1.465171612192112394e-01
3.165578337926048258e-01 1.158917327003227971e-01
3.276773153038968212e-01 8.385993606285307989e-02
3.355461964452817747e-01 5.073844678622429355e-02
3.400548269748751018e-01 1.685866417892745162e-02
3.411275693872821702e-01 -1.743663991624035126e-02
3.387240162595122617e-01 -5.179684372195435260e-02
3.328398384999285420e-01 -8.586713239278535859e-02
3.235072493053069986e-01 -1.192922499185953833e-01
3.107950728707661314e-01 -1.517203050809073361e-01
2.948084113423686259e-01 -1.828065891907450502e-01
2.756879081001699094e-01 -2.122173625399247365e-01
2.536086101551355276e-01 -2.396335662104926156e-01
2.287784371792010163e-01 -2.647544161208804092e-01
2.014362694049435243e-01 -2.873008369476435231e-01
1.718496712703421747e-01 -3.070186948468661692e-01
1.403122721855209754e-01 -3.236817897011724510e-01
1.071408301037196364e-01 -3.370945699216277847e-01
7.267200763130997332e-02 -3.470945356167868256e-01
3.725889415720865655e-02 -3.535542991753601316e-01
1.267310869576805535e-03 -3.563832759598723476e-01
-3.492806148974740565e-02 -3.555289818358728926e-01
-7.094768974739730505e-02 -3.509779186189033173e-01
-1.064112858606527656e-01 -3.427560331590289722e-01
-1.409419489478300480e-01 -3.309287406454887726e-01
-1.741703014493378998e-01 -3.156005056476178239e-01
-2.057385812939568348e-01 -2.969139895440957577e-01
-2.353046385791891237e-01 -2.750487621824587725e-01
-2.625457815155833874e-01 -2.502195867914669414e-01
-2.871624361710873874e-01 -2.226743014182918645e-01
-3.088815737420327334e-01 -1.926913151780673683e-01
-3.274598642887048272e-01 -1.605767451005890856e-01
-3.426865187717282879e-01 -1.266612237934942597e-01
-3.543857846087615782e-01 -9.129641224503730335e-02
-3.624190638009059939e-01 -5.485125580888074864e-02
-3.666866269103986609e-01 -1.770802469896308115e-02
-3.671289007557049233e-01 1.974181686939047164e-02
-3.637273125723822775e-01 5.710186646351091133e-02
-3.565046785092243486e-01 9.397511596902440034e-02
-3.455251296269623018e-01 1.299683115309892556e-01
-3.308935739763602113e-01 1.646962909720683099e-01
-3.127546987872704687e-01 1.977862487774751932e-01
-2.912915222326182274e-01 2.288818793579183997e-01
-2.667235095738184070e-01 2.576473505215937099e-01
-2.393042736801151982e-01 2.837710608918294630e-01
-2.093188848788454237e-01 3.069691373781920363e-01
-1.770808197743127810e-01 3.269886317183227087e-01
-1.429285830108842081e-01 3.436103785211432893e-01
-1.072220398963559945e-01 3.566514811185770850e-01
-7.033850129474823742e-02 3.659673958257278481e-01
-3.266860779974459922e-02 3.714535884204127059e-01
5.387947154752011254e-03 3.730467486653090137e-01
4.342680303614335213e-02 3.707255423391209170e-01
8.104337005083958601e-02 3.645108904310592757e-01
1.178372758726418945e-01 3.544657767909245583e-01
1.534167680848207427e-01 3.406945841358689497e-01
1.874030218838436679e-01 3.233419658373120620e-01
2.194343037015635267e-01 3.025912663565192839e-01
2.491699431044220314e-01 2.786625084858120882e-01
2.762940676014946639e-01 2.518099706191489484e-01
3.005190578093410725e-01 2.223193820585885883e-01
3.215886837451262803e-01 1.905047688034108011e-01
3.392808868085104290e-01 1.567049863123075315e-01
3.534101762197585095e-01 1.212799793270274290e-01
3.638296132535939753e-01 8.460681195496161378e-02
3.704323614882271132e-01 4.707551379147219967e-02
3.731527864157539454e-01 9.084789890079880692e-03
3.719670930698781852e-01 -2.896235616307987759e-02
3.668934957537061670e-01 -6.666303596050664193e-02
3.579919194270274052e-01 -1.036188764093929765e-01
3.453632377715607493e-01 -1.394403562838972266e-01
3.291480583271949589e-01 -1.737510301333419771e-01
3.095250703167324313e-01 -2.061915920156613402e-01
2.867089757878382716e-01 -2.364237336144960344e-01
2.609480294385762011e-01 -2.641337539180044769e-01
2.325212193698326102e-01 -2.890358801480105710e-01
2.017351153750573389e-01 -3.108752667994090224e-01
1.689204262328435624e-01 -3.294306364626946593e-01
1.344283123579519679e-01 -3.445165351316442082e-01
9.862648951878091874e-02 -3.559851811762263507e-01
6.189517114215045690e-02 -3.637278885157844144e-01
2.462289598518916170e-02 -3.676760507202520567e-01
-1.279771107531966004e-02 -3.678016779353821541e-01
-4.997419698936925864e-02 -3.641174837482767934e-01
-8.651850924649795438e-02 -3.566765243178206535e-01
-1.220511481287976374e-01 -3.455713972274960799e-01
-1.562051965726372893e-01 -3.309330125137920908e-01
-1.886301835318892339e-01 -3.129289531226055465e-01
-2.189957390615831778e-01 -2.917614465923837330e-01
-2.469950021349951452e-01 -2.676649740038593572e-01
-2.723477454298108835e-01 -2.409035461240714437e-01
-2.948031849259117321e-01 -2.117676801639462869e-01
-3.141424461000319468e-01 -1.805711136265907568e-01
-3.301806627289254892e-01 -1.476472943160718476e-01
-3.427686887677666716e-01 -1.133456876785200740e-01
-3.517944083972898706e-01 -7.802794424014115882e-02
-3.571836340732477133e-01 -4.206397097799175616e-02
-3.589005872061509783e-01 -5.827951003758448031e-03
-3.569479608893231792e-01 3.030564404051244026e-02
-3.513665688212125326e-01 6.596600497492388637e-02
-3.422345920799785834e-01 1.007898565413551800e-01
-3.296664281966456000e-01 1.344252093470598985e-01
-3.138111654747047230e-01 1.665349493362716371e-01
-2.948507103028729648e-01 1.968002297249637489e-01
-2.729975835545020990e-01 2.249236317899645232e-01
-2.484924171738469023e-01 2.506320626181771649e-01
-2.216011821238531854e-01 2.736793620099415292e-01
-1.926121813608182576e-01 2.938485944072734557e-01
-1.618328435598677950e-01 3.109540056049434065e-01
-1.295863549256627834e-01 3.248426280495073648e-01
-9.620816757505963601e-02 3.353955226868478023e-01
-6.204242366854284541e-02 3.425286495307036105e-01
-2.743833469688939167e-02 3.461933633417156320e-01
7.253444893844189154e-03 3.463765349783912706e-01
4.168441121937656313e-02 3.431003030596337378e-01
7.551173418207968169e-02 3.364214645168958073e-01
1.084016744539216676e-01 3.264305163692588496e-01
1.400328601239294590e-01 3.132503645869715858e-01
1.700993911133881487e-01 2.970347191820626453e-01
1.983137419646453514e-01 2.779661976466563655e-01
2.244094363804670922e-01 2.562541615231918035e-01
2.481434698906369030e-01 2.321323132131818956e-01
2.692984602094118940e-01 2.058560820946724601e-01
2.876845081790472825e-01 1.776998306103668712e-01
3.031407556277752602e-01 1.479539122007021423e-01
3.155366335245792242e-01 1.169216137604522227e-01
3.247727829975571301e-01 8.491601421379040004e-02
3.307816529049957821e-01 5.225679653613057862e-02
3.335277819594508197e-01 1.926704362216847405e-02
3.330077580433755680e-01 -1.372995042913800409e-02
3.292498649223297713e-01 -4.641382150111328375e-02
3.223134260962224329e-01 -7.847019904075455687e-02
3.122878583452569079e-01 -1.095936635070870468e-01
2.992914501221712320e-01 -1.394905709602432820e-01
2.834698822948543140e-01 -1.678817200897674833e-01
2.649945108361365653e-01 -1.945048391971121171e-01
2.440604328771899534e-01 -2.191168730230591000e-01
2.208843590781620070e-01 -2.414960518129239953e-01
1.957023165189133995e-01 -2.614437276077970496e-01
1.687672072723767069e-01 -2.787859654061183856e-01
1.403462484951175093e-01 -2.933748795246688412e-01
1.107183202596096483e-01 -3.050897081708728864e-01
8.017124746923338929e-02 -3.138376218901461900e-01
4.899904205160913323e-02 -3.195542641456486921e-01
1.749913123283859326e-02 -3.222040247982201899e-01
-1.403040292900701973e-02 -3.217800496589483528e-01
-4.529354840987945968e-02 -3.183039915657766006e-01
-7.599902917395170987e-02 -3.118255105715866393e-01
-1.058628901066938771e-01 -3.024215328099301159e-01
-1.346109801695492825e-01 -2.901952794145135073e-01
-1.619813185426988988e-01 -2.752750789285025590e-01
-1.877263140457234858e-01 -2.578129745259971628e-01
-2.116148291346791332e-01 -2.379831472664680203e-01
-2.334340832730961712e-01 -2.159801703042989462e-01
-2.529913709021207602e-01 -1.920171095072434053e-01
-2.701155871373961403e-01 -1.663234901870232207e-01
-2.846585522759081388e-01 -1.391431488661725724e-01
-2.964961279869456900e-01 -1.107319893697256002e-01
-3.055291198266232300e-01 -8.135566273534393378e-02
-3.116839624423535793e-01 -5.128719049075987357e-02
-3.149131855112887735e-01 -2.080455076364635600e-02
-3.151956600759937555e-01 9.811753522611129166e-03
-3.125366264942611161e-01 4.028112544188731936e-02
-3.069675067024933424e-01 7.032528535488623278e-02
-2.985455048996307759e-01 9.967064473040619654e-02
-2.873530020888360736e-01 1.280506251440388099e-01
-2.734967511661030581e-01 1.552079057840792531e-01
-2.571068804188468837e-01 1.808965835428361091e-01
-2.383357143944882794e-01 2.048842305761439941e-01
-2.173564221210058656e-01 2.269538350675995575e-01
-1.943615036108641003e-01 2.469056118309366499e-01
-1.695611264593814282e-01 2.645586703191942224e-01
-1.431813251613445470e-01 2.797525285791997995e-01
-1.154620765181897796e-01 2.923484626917823848e-01
-8.665526519480962198e-02 3.022306822703690332e-01
-5.702255002692292046e-02 3.093073247603874143e-01
-2.683315817793182484e-02 3.135112560566018503e-01
3.638383741561156907e-03 3.148006781552329936e-01
3.411457498955971362e-02 3.131595383991815362e-01
6.431729361694045466e-02 3.085977321933664475e-01
9.397016380203562780e-02 3.011510985699859533e-01
1.228009203970626267e-01 2.908812072536716142e-01
1.505437532949649437e-01 2.778749371624320563e-01
1.769416141078467286e-01 2.622438476003305929e-01
2.017484676125114174e-01 2.441233447508105725e-01
2.247314704713676836e-01 2.236716474633076990e-01
2.456730598853613945e-01 2.010685577368926391e-01
2.643729350871845685e-01 1.765140427384968014e-01
2.806499149453750008e-01 1.502266366436723066e-01
2.943436554305308150e-01 1.224416720471623865e-01
3.053162113007283907e-01 9.340935214969203759e-02
3.134534271007223261e-01 6.339267637571673053e-02
3.186661434441626639e-01 3.266523350220151140e-02
3.208912055640974481e-01 1.508877767315841990e-03
3.200922622773413329e-01 -2.978869523454500887e-02
3.162603448141146356e-01 -6.093645479470907733e-02
3.094142164150223695e-01 -9.164260420619498027e-02
2.996004851902474009e-01 -1.216171924060492765e-01
2.868934744658316882e-01 -1.505747468311966486e-01
2.713948467018720834e-01 -1.782369053472496190e-01
2.532329753659443017e-01 -2.043350260973877952e-01
2.325620752963803994e-01 -2.286127452583239794e-01
2.095610886439066567e-01 -2.508284665812360870e-01
1.844323218699514266e-01 -2.707577599912009969e-01
1.573998515769819695e-01 -2.881956397427342109e-01
1.287077052053561821e-01 -3.029587012838454996e-01
9.861782821867993987e-02 -3.148870941348324570e-01
6.740785174947472314e-02 -3.238463089177935905e-01
3.536867698663806459e-02 -3.297287577541428427e-01
2.801894827720139043e-03 -3.324551285816518265e-01
-2.998293853631046543e-02 -3.319754955278535480e-01
-6.267114741754375995e-02 -3.282701693077930138e-01
-9.494587925926738226e-02 -3.213502736823498629e-01
-1.264911178669027580e-01 -3.112580363064060829e-01
-1.569947395455467964e-01 -2.980667847980291718e-01
-1.861515832190943076e-01 -2.818806415511599384e-01
-2.136665046403547763e-01 -2.628339136722580571e-01
-2.392573841219346742e-01 -2.410901774197878045e-01
-2.626580568437942298e-01 -2.168410596351887099e-01
-2.836211347421969675e-01 -1.903047218431775933e-01
-3.019206892697027245e-01 -1.617240559335094141e-01
-3.173547649465909837e-01 -1.313646035793172018e-01
-3.297476946062594672e-01 -9.951221476081313633e-02
-3.389521885720145344e-01 -6.647046390830871343e-02
-3.448511716871195398e-01 -3.255784521540484866e-02
-3.473593410870845499e-01 1.895230278157970533e-03
-3.464244314323516871e-01 3.654960172379520533e-02
-3.420281647559870741e-01 7.106066716291450924e-02
-3.341868609414537228e-01 1.050818038610309563e-01
-3.229517049200482659e-01 1.382678602501435372e-01
-3.084086586140177833e-01 1.702786866212383787e-01
-2.906780118868015350e-01 2.007826680183690260e-01
-2.699135705781144923e-01 2.294602219470116278e-01
-2.463014836375354011e-01 2.560072230765814139e-01
-2.200587153816819797e-01 2.801383171067780009e-01
-1.914311729405996365e-01 3.015900863914951491e-01
-1.606915029805415229e-01 3.201240307788782991e-01
-1.281365757437074315e-01 3.355293284327970915e-01
-9.408467828109427777e-02 3.476253431449660702e-01
-5.887244242290793489e-02 3.562638468178847551e-01
-2.285153648343966545e-02 3.613309283806748207e-01
1.361484711310441235e-02 3.627485633712032587e-01
5.015567321754027530e-02 3.604758217514306695e-01
8.639587675106823184e-02 3.545096951863451751e-01
1.219602671669214461e-01 3.448855289727986717e-01
1.564774831130771315e-01 3.316770480111480568e-01
1.895839545622593769e-01 3.149959706238222301e-01
2.209278288841644011e-01 2.949912085911293724e-01
2.501728170399347140e-01 2.718476564431945297e-01
2.770019162936339097e-01 2.457845777628942796e-01
3.011209640410231203e-01 2.170535993314672840e-01
3.222619880192161279e-01 1.859363363123513468e-01
3.401863100392615302e-01 1.527416639537101384e-01
3.546873589855066844e-01 1.178026600390973955e-01
3.655931655861621166e-01 8.147325365941947284e-02
3.727685051694167306e-01 4.412461200729617117e-02
3.761166603427196220e-01 6.141302498905361860e-03
3.755807795323630183e-01 -3.208272940483243574e-02
3.711448116616084536e-01 -7.014832367404705282e-02
3.628340018801627376e-01 -1.076553653208649625e-01
3.507149381333203308e-01 -1.442070933324716975e-01
3.348951434191335119e-01 -1.794144109963105305e-01
3.155222137670809501e-01 -2.129001491257401790e-01
2.927825072199294887e-01 -2.443032337022449652e-01
2.668993943482900755e-01 -2.732827100347150484e-01
2.381310860103664773e-01 -2.995215766973555183e-01
2.067680591233003462e-01 -3.227303842381754606e-01
1.731301060737395758e-01 -3.426505559351418762e-01
1.375630380020338717e-01 -3.590573906951566863e-01
1.004350764874900742e-01 -3.717627115132695059e-01
6.213297208540147915e-02 -3.806171267004793690e-01
2.305789166821581304e-02 -3.855118753063731529e-01
-1.637888044392441303e-02 -3.863802327600612263e-01
-5.576038005555623150e-02 -3.831984576765657957e-01
-9.466848988699066991e-02 -3.759862659685072606e-01
-1.326885023977494305e-01 -3.648068225830570221e-01
-1.694136733379366377e-01 -3.497662526941403560e-01
-2.044497111415962964e-01 -3.310126699985800891e-01
-2.374191448047174857e-01 -3.087347294244162654e-01
-2.679655266208809672e-01 -2.831597223911970773e-01
-2.957574190351284216e-01 -2.545512322570822605e-01
-3.204921191036675943e-01 -2.232063745241896768e-01
-3.418990768637623079e-01 -1.894526513482818197e-01
-3.597429672731499717e-01 -1.536444545475635637e-01
-3.738263792334597935e-01 -1.161592555691314116e-01
-3.839920895226659470e-01 -7.739352469607820029e-02
-3.901248941769808187e-01 -3.775842511428019466e-02
-3.921529749267277376e-01 2.324669737775769858e-03
-3.900487836430155952e-01 4.242878487684830641e-02
-3.838294333278765569e-01 8.212602624343559587e-02
-3.735565899123144407e-01 1.209922836165213816e-01
-3.593358649446541375e-01 1.586119002778801634e-01
-3.413157150844745025e-01 1.945822559885976299e-01
-3.196858600937486083e-01 2.285182107400208495e-01
-2.946752366655874811e-01 2.600563582716450273e-01
-2.665495108825881032e-01 2.888590404919821331e-01
-2.356081772840276645e-01 3.146180766700595322e-01
-2.021812773799403495e-01 3.370581645522071068e-01
-1.666257749205394545e-01 3.559399143615153971e-01
-1.293216292563448555e-01 3.710624809095753318e-01
-9.066761406193828143e-02 3.822657628533446261e-01
-5.107692244185418895e-02 3.894321478369672240e-01
-1.097261229921642212e-02 3.924877793521012737e-01
2.921705003813504856e-02 3.914033309406261263e-01
6.906330179598912933e-02 3.861942826449309973e-01
1.081415953168057970e-01 3.769206957872129893e-01
1.460362554276869729e-01 3.636864894150474981e-01
1.823450295627045692e-01 3.466382275587636119e-01
2.166834789503733483e-01 3.259634321331407181e-01
2.486891611524742751e-01 3.018884418122942392e-01
2.780255568041028469e-01 2.746758424455762460e-01
3.043856965236187428e-01 2.446214995005103199e-01
3.274954475951368238e-01 2.120512275570784755e-01
3.471164241290183305e-01 1.773171359819345483e-01
3.630484889254920744e-01 1.407936935328234773e-01
3.751318201460024926e-01 1.028735577404171347e-01
3.832485210749290716e-01 6.396321745145745752e-02
3.873237566661361098e-01 2.447849886524891203e-02
3.873264061471073383e-01 -1.516001326557245114e-02
3.832692266291526928e-01 -5.453158688244225810e-02
3.752085283754316714e-01 -9.321993383961160728e-02
3.632433680395972808e-01 -1.308177291526968489e-01
3.475142717378408852e-01 -1.669310074847975833e-01
3.282015051891211121e-01 -2.011833878229906392e-01
3.055229132881394083e-01 -2.332200796132449794e-01
2.797313589639870979e-01 -2.627116256426208496e-01
2.511117853223641117e-01 -2.893573448532452685e-01
2.199779409749314518e-01 -3.128884337254840831e-01
1.866688142334864409e-01 -3.330706937112896115e-01
1.515448106350923141e-01 -3.497068599296467850e-01
1.149837212063263142e-01 -3.626385066171659566e-01
7.737652847686592172e-02 -3.717475113048486768e-01
3.912309869522472006e-02 -3.769570649325852951e-01
6.278095555459814025e-04 -3.782322204523992371e-01
-3.770483699020511087e-02 -3.755799778439350978e-01
-7.547456758222147177e-02 -3.690489088056359002e-01
-1.122896076112560038e-01 -3.587283296280224798e-01
-1.477708217894370124e-01 -3.447470358390261613e-01
-1.815556802298276540e-01 -3.272716170757695719e-01
-2.133020076271837651e-01 -3.065043752263448829e-01
-2.426914760955138084e-01 -2.826808731469845903e-01
-2.694328056061963683e-01 -2.560671451473568450e-01
-2.932646397367009161e-01 -2.269566039076482411e-01
-3.139580685335928156e-01 -1.956666815095333689e-01
-3.313187746602814232e-01 -1.625352447991823546e-01
-3.451887835830810269e-01 -1.279168273307222103e-01
-3.554478032900496576e-01 -9.217872164630157295e-02
-3.620141438760758890e-01 -5.569697662411113304e-02
-3.648452122049490876e-01 -1.885234506530115636e-02
-3.639375817153168713e-01 1.797377340168507601e-02
-3.593266450246100918e-01 5.440334855172106882e-02
-3.510858508035542003e-01 9.006565611908717850e-02
-3.393255431017545010e-01 1.246010876413510549e-01
-3.241914280815279548e-01 1.576647934629785142e-01
-3.058626819143674958e-01 1.889301256563569731e-01
-2.845497280345005708e-01 2.180918448391923337e-01
-2.604917126813291461e-01 2.448690597508317857e-01
-2.339537105102753867e-01 2.690078719508329219e-01
-2.052236944795080287e-01 2.902837017524380059e-01
-1.746093062081966463e-01 3.085032754515388276e-01
-1.424344645362918826e-01 3.235062580068896465e-01
-1.090358510882469545e-01 3.351665195177365164e-01
-7.475931225143402081e-02 3.433930280787162448e-01
-3.995621712798024666e-02 3.481303658175928795e-01
-4.979810715616332130e-03 3.493588690893123516e-01
2.981839916637984977e-02 3.470943978620476544e-01
6.409218384625241238e-02 3.413877432420965308e-01
9.750402885238058925e-02 3.323236858024370410e-01
1.297284281500997449e-01 3.200197208657830084e-01
1.604550059069105583e-01 3.046244701124051213e-01
1.893914366696285989e-01 2.863158018054480225e-01
2.162661376341805941e-01 2.652986845261597337e-01
2.408307097035198574e-01 2.418028015673158171e-01
2.628621072198593089e-01 2.160799550291145898e-01
2.821645195816616103e-01 1.884012901868362122e-01
2.985709540079775626e-01 1.590543733277378358e-01
3.119445022113055965e-01 1.283401498796037099e-01
3.221792880350938248e-01 9.656982161058096092e-02
3.292010997112510551e-01 6.406167719228818280e-02
3.329676993972816579e-01 3.113790358632030283e-02
3.334688158598010377e-01 -1.878587803531484544e-03
3.307258270385907695e-01 -3.466728928341420574e-02
3.247911421699820611e-01 -6.691314967596241614e-02
3.157472958948411290e-01 -9.830952368135832675e-02
3.037057693014365012e-01 -1.285609914851851276e-01
2.888055551374692498e-01 -1.573860243099345635e-01
2.712114864527367941e-01 -1.845194737929700124e-01
2.511123496924539955e-01 -2.097148654091401387e-01
2.287188047431965854e-01 -2.327464786088262183e-01
2.042611356345382101e-01 -2.534111988798973814e-01
1.779868565192109509e-01 -2.715301295331910558e-01
1.501581981959987933e-01 -2.869499536251062799e-01
1.210495008088750546e-01 -2.995440390383755092e-01
9.094453846229946792e-02 -3.092132823154121746e-01
6.013380134810780708e-02 -3.158866893521789510e-01
2.891176059844782417e-02 -3.195216934908237660e-01
-2.425859521880631853e-03 -3.201042138754200961e-01
-3.358477827346701555e-02 -3.176484591385541623e-01
-6.427480112623762398e-02 -3.121964835515349534e-01
-9.421238679283691630e-02 -3.038175046847154670e-01
-1.231231203093318127e-01 -2.926069951355464993e-01
-1.507440676436136717e-01 -2.786855544329636669e-01
-1.768259964895251002e-01 -2.621975807686809379e-01
-2.011354530108268590e-01 -2.433097598903920245e-01
-2.234566743481329609e-01 -2.222093814081641527e-01
-2.435933259901917614e-01 -1.991025016546610626e-01
-2.613700531700058893e-01 -1.742119707737151690e-01
-2.766338371607364177e-01 -1.477753422603653999e-01
-2.892551490521909630e-01 -1.200426835671486725e-01
-2.991288952729468931e-01 -9.127430663450024351e-02
-3.061751507745178458e-01 -6.173843730682917336e-02
-3.103396774028365224e-01 -3.170884257000456535e-02
-3.115942265408649381e-01 -1.462434400774889707e-03
-3.099366266082081434e-01 2.872313123567154375e-02
-3.053906574445990896e-01 5.857184205721896464e-02
-2.980057149808960082e-01 8.781168606541610300e-02
-2.878562709119989460e-01 1.161769598582138574e-01
-2.750411333302275052e-01 1.434105120328436345e-01
-2.596825154554247561e-01 1.692659057161478020e-01
-2.419249207104356147e-01 1.935094849768140834e-01
-2.219338534392418238e-01 2.159223306434085721e-01
-1.998943655518144735e-01 2.363020918694144490e-01
-1.760094503066186034e-01 2.544646806482069312e-01
-1.504982953106320798e-01 2.702458173846189471e-01
-1.235944076293291893e-01 2.835024165740208657e-01
-9.554362338034420865e-02 2.941138042948597264e-01
-6.660201929884383698e-02 3.019827529135746258e-01
-3.703374063030104996e-02 3.070363299415974079e-01
-7.108757085864831141e-03 3.092265569007017767e-01
2.289943350220890322e-02 3.085308672090264492e-01
5.271613810856486115e-02 3.049523605714830610e-01
8.206782102256339473e-02 2.985198506773958371e-01
1.106844585951577004e-01 2.892877042882178173e-01
1.383018786228969732e-01 2.773354711222867364e-01
1.646640665885123478e-01 2.627673053105626932e-01
1.895254208887635905e-01 2.457111806048915548e-01
2.126529391890143450e-01 2.263179029650876084e-01
2.338283181584152604e-01 2.047599256282320312e-01
2.528499490677307282e-01 1.812299732668935515e-01
2.695347920817735554e-01 1.559394833646901291e-01
2.837201125576597205e-01 1.291168744685035896e-01
2.952650632756408933e-01 1.010056525059387089e-01
3.040520972872325922e-01 7.186236787200947496e-02
3.099881969705555185e-01 4.195443747676360496e-02
3.130059059387882980e-01 1.155784739063108954e-02
3.130641516562776006e-01 -1.904524688947848918e-02
3.101488479781722707e-01 -4.956900422007181478e-02
3.042732683413719164e-01 -7.972644608732146199e-02
2.954781819929221953e-01 -1.092320487258451739e-01
2.838317474401749196e-01 -1.378043574527769155e-01
2.694291587707661750e-01 -1.651686018488194019e-01
2.523920439430425988e-01 -1.910592851459150254e-01
2.328676156590862856e-01 -2.152227270239186196e-01
2.110275756358539201e-01 -2.374195378493096642e-01
1.870667783292431496e-01 -2.574269970617488190e-01
1.612016611255564780e-01 -2.750413131351479024e-01
1.336684506200662426e-01 -2.900797417829111269e-01
1.047211569913937684e-01 -3.023825397337215337e-01
7.462937084404847043e-02 -3.118147323135702642e-01
4.367587920194448275e-02 -3.182676742342954723e-01
1.215411956438913581e-02 -3.216603844081629138e-01
-1.963450694625960488e-02 -3.219406372780861392e-01
-5.138344033867577043e-02 -3.190857950665816900e-01
-8.278385959370056224e-02 -3.131033674926342880e-01
-1.135276471673912907e-01 -3.040312878697994936e-01
-1.433103923450935457e-01 -2.919378970631003045e-01
-1.718344045000837483e-01 -2.769216295251639148e-01
-1.988117064484121455e-01 -2.591103985289112677e-01
-2.239669775241592553e-01 -2.386606807370625638e-01
-2.470404157444283100e-01 -2.157563033672034170e-01
-2.677904885057702522e-01 -1.906069403919940508e-01
-2.859965416644861258e-01 -1.634463274220094853e-01
-3.014612376095089918e-01 -1.345302081166513952e-01
-3.140127940413866559e-01 -1.041340281183077976e-01
-3.235069966228867333e-01 -7.255039556729336869e-02
-3.298289605073725927e-01 -4.008633016147553768e-02
-3.328946176758816877e-01 -7.060325644665021126e-03
-3.326519097449256446e-01 2.620074710739209514e-02
-3.290816685442398137e-01 5.936486671205343235e-02
-3.221981696004541651e-01 9.209818585856462125e-02
-3.120493470982788620e-01 1.240684204278346414e-01
-2.987166623002560084e-01 1.549482683126192362e-01
-2.823146210445147131e-01 1.844188220618601659e-01
-2.629899397144851436e-01 2.121729388243393521e-01
-2.409203629430375082e-01 2.379185308232703577e-01
-2.163131402315722485e-01 2.613817397682030030e-01
-1.894031725859078308e-01 2.823099592118921697e-01
-1.604508441478673941e-01 3.004746698906011204e-01
-1.297395575861258754e-01 3.156740545442429657e-01
-9.757299565395820273e-02 3.277353605898887801e-01
-6.427213477754618876e-02 3.365169813049551095e-01
-3.017203976027390405e-02 3.419102288458462646e-01
4.381528368324760433e-03 3.438407754596521926e-01
3.903565670723344733e-02 3.422697426110773433e-01
7.343394012605142240e-02 3.371944214097521431e-01
1.072202174072050679e-01 3.286486116454868656e-01
1.400423436535019051e-01 3.167025708778206106e-01
1.715559577279866244e-01 3.014625693347568469e-01
2.014282029643017780e-01 2.830700508041825159e-01
2.293413593412052254e-01 2.617004041979393847e-01
2.549963457723594673e-01 2.375613562690978287e-01
2.781160526373470665e-01 2.108909952885959782e-01
2.984484641839291741e-01 1.819554460926569028e-01
3.157695345638096840e-01 1.510462216436229410e-01
3.298857831152737230e-01 1.184772734199606020e-01
3.406365767736881378e-01 8.458177191103681547e-02
3.478960710024814329e-01 4.970865068861508168e-02
3.515747842593291428e-01 1.421895062023850222e-02
3.516207849754675596e-01 -2.151799651469928423e-02
3.480204742859207556e-01 -5.712850348567358183e-02
3.407989522562412388e-01 -9.223853883742244575e-02
3.300199600545840606e-01 -1.264777692771249795e-01
3.157853953608981690e-01 -1.594835878422503073e-01
2.982344032296193603e-01 -1.909050822276175674e-01
2.775420495686744538e-01 -2.204068979515327320e-01
2.539175893050855670e-01 -2.476729518867544777e-01
2.276023461150910032e-01 -2.724099530674981562e-01
1.988672252442099109e-01 -2.943506895968690529e-01
1.680098853712317652e-01 -3.132570429012072055e-01
1.353515996231721974e-01 -3.289226934835022265e-01
1.012338396721516598e-01 -3.411754856854641860e-01
6.601462029005830678e-02 -3.498794227392384437e-01
3.006464475732957900e-02 -3.549362675317188076e-01
-6.236705922221402049e-03 -3.562867289685567873e-01
-4.250549499272050780e-02 -3.539112185583179193e-01
-7.835741586533519210e-02 -3.478301693296502739e-01
-1.134119977151323982e-01 -3.381039044030381135e-01
-1.472967786607077556e-01 -3.248320591232553567e-01
-1.796513988869023193e-01 -3.081525678700212656e-01
-2.101315694342691665e-01 -2.882402181817214082e-01
-2.384128697040434897e-01 -2.653047898423391282e-01
-2.641943298261266726e-01 -2.395887991700611230e-01
-2.872017564334068962e-01 -2.113648734317094546e-01
-3.071907632881406558e-01 -1.809327847077523144e-01
-3.239494715808805547e-01 -1.486161765926830025e-01
-3.373008485292541825e-01 -1.147590207838186244e-01
-3.471046570968389089e-01 -7.972184384160053983e-02
-3.532589941804402667e-01 -4.387776715524172033e-02
-3.557013994219049291e-01 -7.608405384115784695e-03
-3.544095218291611893e-01 2.870032966098739341e-02
-3.494013365785009761e-01 6.466247160335913957e-02
-3.407349096521339882e-01 9.989623990897805728e-02
-3.285077132764253061e-01 1.340282295105379995e-01
-3.128555004012026908e-01 1.666975016610809657e-01
-2.939507516338176196e-01 1.975595292315040219e-01
-2.720007130491882696e-01 2.262899514294175740e-01
-2.472450480769284031e-01 2.525880952209091368e-01
-2.199531311599826067e-01 2.761802235526153448e-01
-1.904210150306521188e-01 2.968224737635487553e-01
-1.589681072086551739e-01 3.143034533027310728e-01
-1.259335966656143224e-01 3.284464673405158019e-01
-9.167266484591179987e-02 3.391113447290354244e-01
-5.655253277915341797e-02 3.461958469120534621e-01
-2.094839233950760576e-02 3.496366537865637225e-01
1.476073817281814415e-02 3.494099071989780758e-01
5.019618366022871730e-02 3.455313105752336189e-01
8.498375921851888948e-02 3.380557855834525616e-01
1.187578471411261244e-01 3.270766919224770697e-01
1.511653576557552281e-01 3.127246214244308598e-01
1.818695287318393694e-01 2.951657825917651246e-01
2.105535224457404375e-01 2.745999963988529635e-01
2.369237780381998337e-01 2.512583286180452569e-01
2.607130849093745595e-01 2.254003880270019355e-01
2.816833423292122163e-01 1.973113235695625189e-01
2.996279765482858792e-01 1.672985568329713735e-01
3.143739902253203655e-01 1.356882890322416713e-01
3.257836235875644082e-01 1.028218240263839151e-01
3.337556114509675487e-01 6.905175070611957455e-02
3.382260250886524044e-01 3.473802937046083228e-02
3.391686928868978823e-01 2.440274390173773696e-04
3.365951987055197936e-01 -3.406744997593080804e-02
3.305544618021971082e-01 -6.783808948560637875e-02
3.211319070270856058e-01 -1.007179145883902727e-01
3.084482386858731773e-01 -1.323690037737815794e-01
2.926578359497181703e-01 -1.624690406920591967e-01
2.739467955576058156e-01 -1.907146613159305115e-01
2.525306352770204099e-01 -2.168245538164229880e-01
2.286516985353848341e-01 -2.405422812331134974e-01
2.025762985458457177e-01 -2.616388079018809321e-01
1.745916254040046356e-01 -2.799146951616073298e-01
1.450024581025461667e-01 -2.952019480435468246e-01
1.141277208820089678e-01 -3.073654964498574449e-01
8.229692461009233129e-02 -3.163042987871217959e-01
4.984653465044431436e-02 -3.219520605602880781e-01
1.711630694278652026e-02 -3.242775649948447803e-01
-1.555436622598624710e-02 -3.232846172833355736e-01
-4.783006001457747874e-02 -3.190116084909103700e-01
-7.938283084848221649e-02 -3.115307094498907525e-01
-1.098956023961448897e-01 -3.009467090744907258e-01
-1.390653879126858283e-01 -2.873955153862997602e-01
-1.666063156406052959e-01 -2.710423411152970141e-01
-1.922524267866483616e-01 -2.520795989908728441e-01
-2.157602187351572165e-01 -2.307245347282555203e-01
-2.369109095659253095e-01 -2.072166282188827036e-01
-2.555124035713574049e-01 -1.818147955251307735e-01
-2.714009412642309771e-01 -1.547944259427067870e-01
-2.844424212829812504e-01 -1.264442896161192265e-01
-2.945333855851711147e-01 -9.706335196812833355e-02
-3.016016633207979636e-01 -6.695753153294720095e-02
-3.056066727452430576e-01 -3.643643767107219295e-02
-3.065393895500254096e-01 -5.810121568493414358e-03
-3.044219719878781261e-01 2.461411910767664218e-02
-2.993070662057550901e-01 5.453484744668374989e-02
-2.912768151260244909e-01 8.365948337987998140e-02
-2.804415717485698734e-01 1.117071521731756584e-01
-2.669383423775903430e-01 1.384113591438529689e-01
-2.509289822585498708e-01 1.635224656701421142e-01
-2.325981683189646265e-01 1.868099443922451586e-01
-2.121511755653765208e-01 2.080643945161099184e-01
-1.898114851848251849e-01 2.270993012835735014e-01
-1.658182535245218692e-01 2.437525269213022538e-01
-1.404236718753563151e-01 2.578875236830408535e-01
-1.138902473655224734e-01 2.693942629123645127e-01
-8.648803528701508314e-02 2.781898773349668619e-01
-5.849185284154467812e-02 2.842190170007678485e-01
-3.017850361947509510e-02 2.874539223992194636e-01
-1.824041135631185740e-03 2.878942212312744497e-01
2.629890153734931041e-02 2.855664581067784979e-01
5.392369054754473506e-02 2.805233690182322159e-01
8.079215475147162595e-02 2.728429147963669643e-01
1.066569122026609362e-01 2.626270898591031022e-01
1.312835401006689773e-01 2.500005244067252108e-01
1.544525709676994596e-01 2.351088997802392999e-01
1.759613002327602982e-01 2.181171979788170678e-01
1.956253928866109326e-01 1.992078073221319467e-01
2.132802853308659874e-01 1.785785060223566145e-01
2.287823567489470078e-01 1.564403469423795434e-01
2.420098778461032829e-01 1.330154716102621981e-01
2.528637467310674847e-01 1.085348706717190886e-01
2.612679936153116111e-01 8.323611498355315552e-02
2.671700625599625067e-01 5.736107987012413478e-02
2.705408746079759341e-01 3.115368385240311483e-02
2.713746785945537199e-01 4.857662146305506343e-03
2.696886977160072862e-01 -2.128560595384419718e-02
2.655225815435670045e-01 -4.703919801511279031e-02
2.589376745846654893e-01 -7.217266137983681384e-02
2.500161137138770528e-01 -9.646392323949443126e-02
2.388597678162109605e-01 -1.197010846568908743e-01
2.255890338072865375e-01 -1.416840869699309835e-01
2.103415038213279631e-01 -1.622262406739823914e-01
1.932705187950526926e-01 -1.811556085398081384e-01
1.745436239321006000e-01 -1.983162363593740651e-01
1.543409416195251627e-01 -2.135692263035079974e-01
1.328534772978135770e-01 -2.267936494065748432e-01
1.102813735732994238e-01 -2.378872951494714616e-01
8.683212752231052323e-02 -2.467672574811642372e-01
6.271878568642132168e-02 -2.533703578910944665e-01
3.815813071466714335e-02 -2.576534073130675728e-01
1.336887298859927749e-02 -2.595933097011495772e-01
-1.143014011346697723e-02 -2.591870110675656980e-01
-3.602169108362598265e-02 -2.564512995798527983e-01
-6.019190724760249689e-02 -2.514224566461318311e-01
-8.373192354354351552e-02 -2.441557732199938213e-01
-1.064394962887762752e-01 -2.347249361254529765e-01
-1.281205418817709940e-01 -2.232212871242953978e-01
-1.485905976347144941e-01 -2.097529642325182409e-01
-1.676761972751623087e-01 -1.944439329015202611e-01
-1.852161543267320520e-01 -1.774329149130348671e-01
-2.010627472129257187e-01 -1.588722230216090270e-01
-2.150828005231862627e-01 -1.389265095256282112e-01
-2.271586574364388711e-01 -1.177714370680688488e-01
-2.371890388166293107e-01 -9.559228007128607596e-02
-2.450897849808979234e-01 -7.258246530538027541e-02
-2.507944765993164182e-01 -4.894206018504063810e-02
-2.542549316220321098e-01 -2.487621749186713985e-02
-2.554415755528106624e-01 -5.935853331885107336e-04
-2.543436828058051047e-01 2.369530872213473915e-02
-2.509694873037681129e-01 4.777969024376137880e-02
-2.453461609100047736e-01 7.145017802487506342e-02
-2.375196587421875283e-01 9.450042222234189548e-02
-2.275544309024211675e-01 1.167287309318273264e-01
-2.155330006827069211e-01 1.379396753812828780e-01
-2.015554098752474765e-01 1.579456637309656353e-01
-1.857385324387345327e-01 1.765684732825576753e-01
-1.682152584493469827e-01 1.936407307338531836e-01
-1.491335466133310583e-01 2.090073324652276243e-01
-1.286553610262528291e-01 2.225267848192339359e-01
-1.069554905593232269e-01 2.340724634995585696e-01
-8.422024513886669506e-02 2.435337838675927791e-01
-6.064604789216091613e-02 2.508172630842530060e-01
-3.643792659762544461e-02 2.558474671723608429e-01
-1.180791266613079142e-02 2.585678329953840504e-01
1.302664305918533813e-02 2.589413555603077288e-01
3.784482732716650671e-02 2.569511315854656752e-01
6.242398290487039675e-02 2.526007509354262215e-01
8.654157594072103832e-02 2.459145283196926823e-01
1.099770987956267126e-01 2.369375685830649725e-01
1.325139939267009070e-01 2.257356599837605504e-01
1.539415835383243780e-01 2.123949910590283707e-01
1.740569889410480964e-01 1.970216880125338077e-01
1.926670228993676848e-01 1.797411710161200826e-01
2.095900377233813061e-01 1.606973293909085554e-01
2.246577114844797995e-01 1.400515173065456087e-01
2.377167545280634842e-01 1.179813733975864226e-01
2.486305184317632588e-01 9.467946952494847579e-02
2.572804897287076509e-01 7.035179578824764246e-02
2.635676510927884020e-01 4.521609079970384526e-02
2.674136932747303019e-01 1.950002813838246779e-02
2.687620618893030167e-01 -6.560728210312638010e-03
2.675788241875045603e-01 -3.272458478704670659e-02
2.638533398261900809e-01 -5.874618260525065611e-02
2.575987293971855330e-01 -8.437863577314269614e-02
2.488521288447650970e-01 -1.093758338534341901e-01
2.376747141955543319e-01 -1.334947918706274883e-01
2.241514966015989985e-01 -1.564980160123317088e-01
2.083908817256916457e-01 -1.781558653689635785e-01
1.905239915310364129e-01 -1.982488858088365113e-01
1.707037490220763842e-01 -2.165700915786460123e-01
1.491037290593770215e-01 -2.329271699786734096e-01
1.259167810092606532e-01 -2.471445845019354381e-01
1.013534316568237281e-01 -2.590655521578676401e-01
7.564007947579154401e-02 -2.685538713310896552e-01
4.901699397586679885e-02 -2.754955774576584582e-01
2.173613640253425211e-02 -2.798004050341831306e-01
-5.941179489740562765e-03 -2.814030360041098189e-01
-3.374676556755825535e-02 -2.802641163810663527e-01
-6.140815320408796879e-02 -2.763710250578352845e-01
-8.865127785883362976e-02 -2.697383810934462223e-01
-1.152032276193810378e-01 -2.604082783481144192e-01
-1.407950275729238088e-01 -2.484502391205794525e-01
-1.651644307726364280e-01 -2.339608814054606190e-01
-1.880586857812491797e-01 -2.170632974969274320e-01
-2.092372503305396647e-01 -1.979061448836616499e-01
-2.284744205458438815e-01 -1.766624536707929460e-01
-2.455618454597693623e-01 -1.535281580872529250e-01
-2.603108968258815437e-01 -1.287203605370365045e-01
-2.725548657027873078e-01 -1.024753498075822999e-01
-2.821509604111517300e-01 -7.504638552180875610e-02
-2.889820781250175830e-01 -4.670126434944182892e-02
-2.929583272421316664e-01 -1.771969854534521244e-02
-2.940182797179993757e-01 1.160946980565702100e-02
-2.921299351060938077e-01 4.099119064859363393e-02
-2.872913810411877877e-01 7.012723365131369457e-02
-2.795311381399854245e-01 9.871928970153381888e-02
-2.689081807369400612e-01 1.264721127750618457e-01
-2.555116284837452012e-01 1.530966677167993339e-01
-2.394601075760031117e-01 1.783132488489875822e-01
-2.209007841850003095e-01 2.018545341075687061e-01
-2.000080765195657029e-01 2.234685396175011551e-01
-1.769820557746200618e-01 2.429214402558723673e-01
-1.520465499906278051e-01 2.600002228167088147e-01
-1.254469685031451565e-01 2.745151398769345996e-01
-9.744786815622824561e-02 2.863019343566511332e-01
-6.833028574112004483e-02 2.952238070510120327e-01
-3.838886415799001861e-02 3.011731020622787081e-01
-7.928802541863370565e-03 3.040726880508763941e-01
2.273733699428853727e-02 3.038770165203354967e-01
5.329293130066847101e-02 3.005728419152945974e-01
8.342067046809879816e-02 2.941795921027601235e-01
1.128059668665728904e-01 2.847493817796248883e-01
1.411403615310075077e-01 2.723666646268294578e-01
1.681248860259405009e-01 2.571475271691429088e-01
1.934733438894481183e-01 2.392386287280832136e-01
2.169154752702476263e-01 2.188157944585084613e-01
2.381999648228217414e-01 1.960822771216405580e-01
2.570972586072496902e-01 1.712667043834028291e-01
2.734021566205500631e-01 1.446207328554832416e-01
2.869361499770112789e-01 1.164164336937394684e-01
2.975494745394024476e-01 8.694343789185886295e-02
3.051228559491442338e-01 5.650587241381252457e-02
3.095689244745646884e-01 2.541912095670673805e-02
3.108332818509931261e-01 -5.993554609377456377e-03
3.088952062793476894e-01 -3.740449424680420548e-02
3.037679859324444176e-01 -6.848518194140797155e-02
2.954988756391415672e-01 -9.890980990649025917e-02
2.841686758222321529e-01 -1.283588241968878774e-01
2.698909372019813735e-01 -1.565224111903395221e-01
2.528107991879801619e-01 -1.831038849451227524e-01
2.331034742122733705e-01 -2.078229364812749225e-01
2.109723944521010308e-01 -2.304187075463324796e-01
1.866470413982588283e-01 -2.506526533978828963e-01
1.603804824944053131e-01 -2.683111615409572992e-01
1.324466425559495397e-01 -2.832078961692139352e-01
1.031373408304894629e-01 -2.951858412405923282e-01
7.275912734526022996e-02 -3.041190186314911004e-01
4.162995342614096012e-02 -3.099138626636819271e-01
1.007571730406581385e-02 -3.125102316338501107e-01
-2.157327670776673992e-02 -3.118820481118986798e-01
-5.298590819570352800e-02 -3.080375624902862985e-01
-8.383383560290044723e-02 -3.010192336338220476e-01
-1.137950560358298308e-01 -2.909032297239139142e-01
-1.425573894011376297e-01 -2.777985555719800215e-01
-1.698218473179326227e-01 -2.618458170444074584e-01
-1.953058486903900548e-01 -2.432156374708233926e-01
-2.187462457220109013e-01 -2.221067449461084087e-01
-2.399021264810234089e-01 -1.987437532347779701e-01
-2.585573628558454073e-01 -1.733746624976259254e-01
-2.745228758347638132e-01 -1.462681092421153628e-01
-2.876385934649922094e-01 -1.177103977116342182e-01
-2.977750805489725594e-01 -8.800234734106852919e-02
-3.048348230727121466e-01 -5.745599288910432229e-02
-3.087531544818972185e-01 -2.639117538877611482e-02
-3.094988151741228100e-01 4.867936879386826170e-03
-3.070741409060972482e-01 3.599635760308517174e-02
-3.015148801687670965e-01 6.667178195295571375e-02
-2.928896449066728525e-01 9.657803688569914502e-02
-2.812990031969111460e-01 1.254084435769346750e-01
-2.668742266057537726e-01 1.528690546351877677e-01
-2.497757088574285578e-01 1.786817304966803743e-01
-2.301910761327225774e-01 2.025870215615847569e-01
-2.083330123822972058e-01 2.243468276358809299e-01
-1.844368263736173574e-01 2.437467990730274314e-01
-1.587577921982883111e-01 2.605984599894889397e-01
-1.315682927282912917e-01 2.747410372950679913e-01
-1.031548003216931075e-01 2.860429702792922635e-01
-7.381473037429120421e-02 2.944030894140984289e-01
-4.385320416984942599e-02 2.997514545305449696e-01
-1.357975811263767776e-02 3.020498465695992119e-01
1.669496339408947996e-02 3.012919111684084217e-01
4.666249442756451732e-02 2.975029563731418358e-01
7.601977709237699166e-02 2.907394107179442910e-01
1.044722989728845697e-01 2.810879517289855412e-01
1.317371048609876638e-01 2.686643185574565384e-01
1.575456510387152897e-01 2.536118258730819530e-01
1.816464726530473972e-01 2.360995993211737753e-01
2.038076372931291458e-01 2.163205557262344314e-01
2.238189607304729156e-01 1.944891537827178329e-01
2.414939638707026548e-01 1.708389431826086990e-01
2.566715532484225015e-01 1.456199419687614627e-01
2.692174108306659153e-01 1.190958733563722421e-01
2.790250824337013880e-01 9.154129432183084891e-02
2.860167576568434233e-01 6.323864891300308433e-02
2.901437378495108077e-01 3.447527948765240907e-02
2.913865922090643767e-01 5.540428942410044987e-03
2.897550056132749963e-01 -2.327773353641834908e-02
2.852873260469951933e-01 -5.169503449094364766e-02
2.780498178880567162e-01 -7.943412712402633802e-02
2.681356394273569088e-01 -1.062272071585535493e-01
2.556635605051182925e-01 -1.318185935364218075e-01
2.407764355889294161e-01 -1.559671405087558471e-01
2.236394547165299063e-01 -1.784484614199992047e-01
2.044381952003100633e-01 -1.990569444227836549e-01
1.833764986507975259e-01 -2.176075431176076047e-01
1.606741992069855018e-01 -2.339373279936693972e-01
1.365647298550008715e-01 -2.479067875153868894e-01
1.112926343707919541e-01 -2.594008707139717762e-01
8.511101273921881094e-02 -2.683297661662092937e-01
5.827892788756001974e-02 -2.746294152355990836e-01
3.105880123658887396e-02 -2.782617603780883631e-01
3.713823931579492577e-03 -2.792147321416419414e-01
-2.349459031295557040e-02 -2.775019811841409334e-01
-5.030928601602071421e-02 -2.731623641686938830e-01
-7.647975707878308660e-02 -2.662591947435910544e-01
-1.017644266301893363e-01 -2.568792729535239183e-01
-1.259327957603032788e-01 -2.451317083405883945e-01
-1.487674433286606257e-01 -2.311465536630891437e-01
-1.700658611573937495e-01 -2.150732675761097001e-01
-1.896421111356464684e-01 -1.970790257730130890e-01
-2.073282930413502534e-01 -1.773469009782207007e-01
-2.229758141977276342e-01 -1.560739328091935441e-01
-2.364564561169070211e-01 -1.334691064305654484e-01
-2.476632274598410954e-01 -1.097512682380889781e-01
-2.565110076398371408e-01 -8.514699697420036184e-02
-2.629369830083624349e-01 -5.988844489732898096e-02
-2.669008719714266453e-01 -3.421117657472675516e-02
-2.683849453517074823e-01 -8.352022973689907093e-03
-2.673938478532286722e-01 1.745303038079512592e-02
-2.639542281174890315e-01 4.297090349694969447e-02
-2.581141863264082570e-01 6.797341378280057078e-02
-2.499425495999854363e-01 9.223918453374249649e-02
-2.395279865500324346e-01 1.155554562869832852e-01
-2.269779732835973951e-01 1.377197887488518513e-01
-2.124176239014577139e-01 1.585416424977734995e-01
-1.959883991118336333e-01 1.778438311776509295e-01
-1.778467069832794789e-01 1.954638364029934738e-01
-1.581624101019298567e-01 2.112549790795411053e-01
-1.371172534872018567e-01 2.250874422853189616e-01
-1.149032275688245536e-01 2.368491422418998738e-01
-9.172088035020417585e-02 2.464464452213044054e-01
-6.777759259315351004e-02 2.538047294698769774e-01
-4.328582947227207350e-02 2.588687923784520617e-01
-1.846138167936864707e-02 2.616031041823199121e-01
6.478391574970308354e-03 2.619919104314676339e-01
3.131630579879238901e-02 2.600391863302182749e-01
5.583706944972084696e-02 2.557684468067659700e-01
7.982896826425947556e-02 2.492224152108961088e-01
1.030854997041541904e-01 2.404625599519911450e-01
1.254069537443340543e-01 2.295685033706937050e-01
1.466019336027228059e-01 2.166373042031541907e-01
1.664888027890994437e-01 2.017826245994411849e-01
1.848970530428436232e-01 1.851337871608951247e-01
2.016685862276894059e-01 1.668347289217186058e-01
2.166589037716807331e-01 1.470428594172818737e-01
2.297381977266500230e-01 1.259278301736136696e-01
2.407923379751070181e-01 1.036702231292976339e-01
2.497237505366100285e-01 8.046016567172166456e-02
2.564521823252949306e-01 5.649588014252354684e-02
