0.000000000000000000e+00 0.000000000000000000e+00
-1.082021153470395795e-05 1.524789097552475484e-06
-4.231976001085859462e-05 1.091868935941376141e-05
-9.188993364689650341e-05 3.499356295520982809e-05
-1.554349806515063184e-04 7.992522543590752223e-05
-2.275031942131461825e-04 1.509835011083540722e-04
-3.014620310075505935e-04 2.522865599400142263e-04
-3.697130856516590803e-04 3.865862290504822637e-04
-4.239417764612080997e-04 5.550902909757426864e-04
-4.553957372761870278e-04 7.573269655863808236e-04
-4.551851741217741143e-04 9.910558389217708278e-04
-4.145978498117039186e-04 1.252228468767249605e-03
-3.254209173346609080e-04 1.535000784082842830e-03
-1.802614941757767165e-04 1.831798133021828512e-03
2.714200271564159371e-05 2.133432964680582588e-03
3.016260360249959087e-04 2.429273597814590388e-03
6.463335818577054838e-04 2.707461135644894604e-03
1.062478478035341510e-03 2.955170983193194847e-03
1.549149427625451641e-03 3.158913968645867248e-03
2.103159796849522409e-03 3.304871140913618471e-03
2.718948472046563841e-03 3.379255415197207190e-03
3.388536039174340139e-03 3.368692465358947077e-03
4.101539439719479978e-03 3.260612633505312417e-03
4.845247059466643857e-03 3.043645158076443633e-03
5.604754943875982567e-03 2.708005723682945041e-03
6.363163529891847220e-03 2.245868217552819766e-03
7.101832963996696467e-03 1.651711644039503954e-03
7.800693766007464960e-03 9.226334020150721250e-04
8.438608323421662935e-03 5.862056841236258615e-05
8.993777487671052520e-03 -9.372285505760889713e-04
9.444185416249384693e-03 -2.058539549833441219e-03
9.768074786899115167e-03 -3.295559738133498322e-03
9.944443623708602853e-03 -4.635123542481967007e-03
9.953554239787033853e-03 -6.060689195709617963e-03
9.777444234326308076e-03 -7.552449077168079360e-03
9.400429097633429196e-03 -9.087514673110849706e-03
8.809585787258787659e-03 -1.064017566373859532e-02
7.995206649375910177e-03 -1.218223115447315992e-02
6.951213038576879895e-03 -1.368338938967474105e-02
5.675519441028200468e-03 -1.511173145895198036e-02
4.170338103954357271e-03 -1.643423257459687009e-02
2.442415199328923890e-03 -1.761733265435179788e-02
5.031917720516235334e-04 -1.862754782165441589e-02
-1.631117161080288067e-03 -1.943211269887298864e-02
-3.939530393852192294e-03 -1.999964256468016871e-02
-6.396398767699620208e-03 -2.030080369030621765e-02
-8.971595869628113187e-03 -2.030897960792202306e-02
-1.163080154866581381e-02 -2.000092071259910315e-02
-1.433587690624308145e-02 -1.935736446846816200e-02
-1.704532768941512469e-02 -1.836361358740576030e-02
-1.971485129568835426e-02 -1.701005987845017123e-02
-2.229796091537587788e-02 -1.529264202775739226e-02
-2.474667872283529621e-02 -1.321322635772030109e-02
-2.701228851198094263e-02 -1.077990062125030839e-02
-2.904613678332364224e-02 -8.007172100507947352e-03
-3.080047005702583884e-02 -4.916062682052190456e-03
-3.222929513444846433e-02 -1.534095152301606733e-03
-3.328924818214751280e-02 2.104833325143988954e-03
-3.394045788690724236e-02 5.960692751892641104e-03
-3.414738754436122403e-02 9.987677131431307170e-03
-3.387964080942693079e-02 1.413467488877251377e-02
-3.311271596246092436e-02 1.834584914989861523e-02
-3.182869393472561453e-02 2.256132215394836965e-02
-3.001684556157142858e-02 2.671795601393325489e-02
-2.767414619889354069e-02 3.075022034738281174e-02
-2.480568476764012653e-02 3.459113573378703316e-02
-2.142495569404020278e-02 3.817327953370745763e-02
-1.755402606697612986e-02 4.142983982202291110e-02
-1.322357036241200712e-02 4.429570175486274158e-02
-8.472767501507404153e-03 4.670854966286348137e-02
-3.349057127115162048e-03 4.860996739116601323e-02
2.092245790638683819e-03 4.994651890423051910e-02
7.788476609615151668e-03 5.067079095561399793e-02
1.367028318537454046e-02 5.074237969941395449e-02
1.966241847348616442e-02 5.012880349653436873e-02
2.568465518645832169e-02 4.880632484582632380e-02
3.165281190913232096e-02 4.676066534310586303e-02
3.747987797421407224e-02 4.398759883070896270e-02
4.307722245035119218e-02 4.049340943238256829e-02
4.835587083390631424e-02 3.629520295397575119e-02
5.322783149503423905e-02 3.142106214613144682e-02
5.760745263857746518e-02 2.591003854334279766e-02
6.141278952688113135e-02 1.981197598287757350e-02
6.456696099713832293e-02 1.318716343237640032e-02
6.699947390813883186e-02 6.105817378736250189e-03
6.864749408336438818e-02 -1.352603286748563661e-03
6.945704258724656743e-02 -9.100244252726414837e-03
6.938409678179707774e-02 -1.704185633378953527e-02
6.839557608742549699e-02 -2.507593881550604364e-02
6.647019547203807111e-02 -3.309601153008917551e-02
6.359916921142944046e-02 -4.099200072978283205e-02
5.978674894223865582e-02 -4.865172089198254585e-02
5.505058473787705076e-02 -5.596243206684944904e-02
4.942189851674896883e-02 -6.281245155928384671e-02
4.294546213943133822e-02 -6.909279713051220961e-02
3.567937534891271051e-02 -7.469883787379633100e-02
2.769464164035163878e-02 -7.953192823381073639e-02
1.907454317104329000e-02 -8.350100031731248762e-02
9.913818892161281940e-03 -8.652408969571089015e-02
3.176531546638596167e-04 -8.852977033423045650e-02
-9.599514934957443027e-03 -8.945847509791216012e-02
-1.971534820517297296e-02 -8.926367947613303433e-02
-2.990111816587141119e-02 -8.791292772314091009e-02
-4.002334322136132105e-02 -8.538868251494489969e-02
-4.994553739179693336e-02 -8.168898144978198328e-02
-5.953004648694781853e-02 -7.682788624192317395e-02
-6.863994688578846370e-02 -7.083571324341608744e-02
-7.714098062506077880e-02 -6.375903693755345658e-02
-8.490349941763807029e-02 -5.566046123944255047e-02
-9.180438952984376622e-02 -4.661815676763541444e-02
-9.772894916286502254e-02 -3.672516566817742717e-02
-1.025726901180743500e-01 -2.608847902839137034e-02
-1.062430360842302746e-01 -1.482789536064699557e-02
-1.086608905913989259e-01 -3.074671600951831008e-03
-1.097620499815151335e-01 9.030016892676497042e-03
-1.094984378417322157e-01 2.133679022481487983e-02
-1.078391387139091412e-01 3.368993137227838108e-02
-1.047712130106684403e-01 4.592938208642357439e-02
-1.003002770104952646e-01 5.789284174522109361e-02
-9.445083510225932288e-02 6.941794118800481694e-02
-8.726635481462896582e-02 8.034446198486894231e-02
-7.880907872380833734e-02 9.051657042061096725e-02
-6.915957103375171278e-02 9.978503473321724548e-02
-5.841600041359314155e-02 1.080093938562761285e-01
-4.669316450254960837e-02 1.150600460839800859e-01
-3.412126529688224580e-02 1.208202267103885702e-01
-2.084444836011715638e-02 1.251878447883258694e-01
-7.019122390597357444e-03 1.280771506977270435e-01
7.187920915160292586e-03 1.294202081916122349e-01
2.160156360145516763e-02 1.291681469767099466e-01
3.604056882013441376e-02 1.272921746552109767e-01
5.031991031416177540e-02 1.237843299683801385e-01
6.425319334864759702e-02 1.186579627004111376e-01
7.765513467554770177e-02 1.119479292756621058e-01
9.034406781837402145e-02 1.037104969636085949e-01
1.021444391322024470e-01 9.402295363926874150e-02
1.128892597495986805e-01 8.298292417541715260e-02
1.224224786754049693e-01 7.070739870755149425e-02
1.306012430905115207e-01 5.733148163552641979e-02
1.372980122624650190e-01 4.300687629382801691e-02
1.424024946181314810e-01 2.790012181157417587e-02
1.458233787615355048e-01 1.219060199547756379e-02
1.474898312038026293e-01 -3.931647712629172606e-03
1.473527373549348707e-01 -2.026830802640934570e-02
1.453856653901606788e-01 -3.661528792650186465e-02
1.415855362504354342e-01 -5.276534828918953007e-02
1.359729869599961283e-01 -6.851080229369595209e-02
1.285924185897591165e-01 -8.364625640825285036e-02
1.195117245061693007e-01 -9.797135479280516535e-02
1.088216989603405099e-01 -1.112934895113421030e-01
9.663513052945371662e-02 -1.234304390303505583e-01
8.308558935776098886e-02 -1.342128980951706740e-01
6.832592149437605178e-02 -1.434868632187789317e-01
5.252646782626124722e-02 -1.511158396757207589e-01
3.587302909608819368e-02 -1.569828380479877106e-01
1.856460221719504269e-02 -1.609921309926738431e-01
8.109164964096829582e-04 -1.630707439593605257e-01
-1.717019860091207467e-02 -1.631696570379440048e-01
-3.515557990655158310e-02 -1.612646989186372337e-01
-5.291959484692349003e-02 -1.573571180434054639e-01
-7.023706555637186655e-02 -1.514738203657970406e-01
-8.688621365446694278e-02 -1.436672676538473525e-01
-1.026515859505159195e-01 -1.340150349053565726e-01
-1.173269219473185854e-01 -1.226190297942070240e-01
-1.307179218132456244e-01 -1.096043828023571393e-01
-1.426448782641563662e-01 -9.511802063473874524e-02
-1.529451369828440099e-01 -7.932693872551153935e-02
-1.614753491128607665e-01 -6.241619489790421055e-02
-1.681134847378273622e-01 -4.458664915529062661e-02
-1.727605786431128387e-01 -2.605247839670781287e-02
-1.753421831593962865e-01 -7.038498102021607111e-03
-1.758095067590033922e-01 1.222267414570984978e-02
-1.741402212629904467e-01 3.149357608222985716e-02
-1.703389249619164381e-01 5.053494006574909408e-02
-1.644372535943983693e-01 6.910877389008839022e-02
-1.564936359001576349e-01 8.698144198084552248e-02
-1.465926953015136980e-01 1.039267056617741852e-01
-1.348443041012165333e-01 1.197286815646684960e-01
-1.213823013470227974e-01 1.341846782110102942e-01
-1.063628901372525304e-01 1.471078723057207271e-01
-8.996273456125476742e-02 1.583297883328378397e-01
-7.237678062156625847e-02 1.677025476023721873e-01
-5.381582931155170363e-02 1.751008559322035918e-01
-3.450389346897518583e-02 1.804237026170451008e-01
-1.467537304311738316e-02 1.835957471903439941e-01
5.427914042394988391e-03 1.845683746710689299e-01
2.555980621337756303e-02 1.833204044473926431e-01
4.547293704059979930e-02 1.798584426210998177e-01
6.492189787488643338e-02 1.742168725904188475e-01
8.366637928733935969e-02 1.664574825394764812e-01
1.014742513263357654e-01 1.566687357049792728e-01
1.181245438924252711e-01 1.449646923363670514e-01
1.334102844964362156e-01 1.314835966971647785e-01
1.471411566126530346e-01 1.163861480216573652e-01
1.591459432993593826e-01 9.985347825148621626e-02
1.692747236668198652e-01 8.208486333616853148e-02
1.774007931249702019e-01 6.329519847021272683e-02
1.834222820924110708e-01 4.371227080753994909e-02
1.872634519418839849e-01 2.357386589747311259e-02
1.888756513375398072e-01 3.124746288408459735e-03
1.882379207243076724e-01 -1.738645758458089510e-02
1.853572374947525803e-01 -3.771040299596306600e-02
1.802683992170381055e-01 -5.760019523018788945e-02
1.730335471908771294e-01 -7.681451083443467664e-02
1.637413374383331621e-01 -9.512064267269003393e-02
1.525057709655126270e-01 -1.122974267944410187e-01
1.394646996837768660e-01 -1.281380128409563557e-01
1.247780286920474602e-01 -1.424524419416438592e-01
1.086256396356004850e-01 -1.550699987694076909e-01
9.120506351643509202e-02 -1.658413075875814491e-01
7.272893458607268546e-02 -1.746401456859489609e-01
5.342225975962681256e-02 -1.813649515181424143e-01
3.351954031287271429e-02 -1.859400090610928979e-01
1.326178331207480271e-02 -1.883162951357288950e-01
-7.106554353566770649e-03 -1.884719774076354382e-01
-2.734065006315250165e-02 -1.864125611463237631e-01
-4.719838991642614362e-02 -1.821706857245914135e-01
-6.644339001615749696e-02 -1.758055729814539114e-01
-8.484792614104565145e-02 -1.674021378657729597e-01
-1.021957339442965962e-01 -1.570697752406958747e-01
-1.182846438104799836e-01 -1.449408409831380307e-01
-1.329290169791324805e-01 -1.311688494884234724e-01
-1.459619524599427287e-01 -1.159264133340589392e-01
-1.572372375772830289e-01 -9.940295411974857387e-02
-1.666310186420439654e-01 -8.180221634021539456e-02
-1.740431722022504624e-01 -6.333961852657395142e-02
-1.793983615130757547e-01 -4.423947778113178353e-02
-1.826467672309513013e-01 -2.473214520703535466e-02
-1.837644858127935876e-01 -5.051090583073380644e-03
-1.827535936261161231e-01 1.457002505217445780e-02
-1.796418792849713009e-01 3.390025046346775012e-02
-1.744822511570323087e-01 5.271418123344379092e-02
-1.673518312771155869e-01 7.079469629142043363e-02
-1.583507509930430768e-01 8.793555926659786526e-02
-1.476006675053409545e-01 1.039438521821459127e-01
-1.352430239914285404e-01 1.186422116362906148e-01
-1.214370791811306971e-01 1.318708406278774337e-01
-1.063577350325463078e-01 1.434892725303524019e-01
-9.019319261870178961e-02 1.533778687343467784e-01
-7.314247119158953647e-02 1.614390293547752209e-01
-5.541282459504845437e-02 1.675981087533673364e-01
-3.721708740175698471e-02 1.718040304400795804e-01
-1.877098881784435014e-02 1.740295932760735631e-01
-2.904693892091505451e-04 1.742714710918587262e-01
1.801096447107444418e-02 1.725499104058174082e-01
3.592481416047665216e-02 1.689081349280724398e-01
5.325005829803219903e-02 1.634114693546533381e-01
6.979548732744099426e-02 1.561461985452083090e-01
8.538187509666123054e-02 1.472181814861596161e-01
9.984396188011614159e-02 1.367512424269745341e-01
1.130322263037763647e-01 1.248853642021690719e-01
1.248144268923201683e-01 1.117747109836157576e-01
1.350768974304474568e-01 9.758550952072267415e-02
1.437255839639287047e-01 8.249381930063991175e-02
1.506868150052028676e-01 6.668322298410338245e-02
1.559078002976201360e-01 5.034246893894675501e-02
1.593568572761641655e-01 3.366309770363811599e-02
1.610233680860072569e-01 1.683708377509856441e-02
1.609174736305843956e-01 5.452324273201396548e-05
1.590695145675808664e-01 -1.649860349553245939e-02
1.555292324070756682e-01 -3.264256637305007480e-02
1.503647468477613824e-01 -4.820589211756987069e-02
1.436613281758449545e-01 -6.302721935416460974e-02
1.355199854859812925e-01 -7.695698356973673659e-02
1.260558944004679105e-01 -8.985890866833901036e-02
1.153966903262371863e-01 -1.016112944440505511e-01
1.036806511733921188e-01 -1.121080920550776849e-01
9.105479729388388233e-02 -1.212597538000633329e-01
7.767293594016394520e-02 -1.289938541664331084e-01
6.369367757355264004e-02 -1.352554805963064877e-01
4.927845097354179721e-02 -1.400073956584762802e-01
3.458954333850207397e-02 -1.432299754494028299e-01
1.978819044543605674e-02 -1.449209320273449619e-01
5.032740476824192934e-03 -1.450948304701479286e-01
-9.523086643695805042e-03 -1.437824137011243231e-01
-2.373182460388270631e-02 -1.410297505155684583e-01
-3.745375321426745036e-02 -1.368972242341880696e-01
-5.055824301648387253e-02 -1.314583810857707369e-01
-6.292493954533975864e-02 -1.247986587618307858e-01
-7.444477752676430249e-02 -1.170140165785752417e-01
-8.502081808063752244e-02 -1.082094893198107394e-01
-9.456890480068717852e-02 -9.849768711768985829e-02
-1.030181373586171456e-01 -8.799726366144532130e-02
-1.103111639832997093e-01 -7.683137461797678869e-02
-1.164042967571930209e-01 -6.512614741807962182e-02
-1.212674561128103123e-01 -5.300918252887502208e-02
-1.248839531670374037e-01 -4.060810502174212744e-02
-1.272501205691400350e-01 -2.804918368488594493e-02
-1.283748044229250096e-01 -1.545603128703095311e-02
-1.282787301520232626e-01 -2.948405123186985648e-03
-1.269937598950829361e-01 9.358884300936202646e-03
-1.245620565260574103e-01 2.135695130730705382e-02
-1.210351704100237069e-01 3.294368719828660169e-02
-1.164730665819319333e-01 4.402448367240460042e-02
-1.109431095624148073e-01 5.451282513055364515e-02
-1.045190227713999054e-01 6.433074972159605331e-02
-9.727983896753274184e-02 7.340918110660504814e-02
-8.930885734726684566e-02 8.168813492537130294e-02
-8.069262190400217083e-02 8.911680579593866947e-02
-7.151993440065716745e-02 9.565354233978340392e-02
-6.188091387756947115e-02 1.012657191776821786e-01
-5.186611303331670891e-02 1.059295160644277423e-01
-4.156570011268211073e-02 1.096296153089761360e-01
-3.106871314875963783e-02 1.123588293496916163e-01
-2.046239157109906726e-02 1.141176708163005593e-01
-9.831588344992807371e-03 1.149138776100473297e-01
7.417360158212397189e-04 1.147619054752819223e-01
1.117893798506862206e-02 1.136824002279149398e-01
2.140503620342964000e-02 1.117016612619574079e-01
3.134898094762619131e-02 1.088511071920234691e-01
4.094385293653565738e-02 1.051667535283555832e-01
5.012699774912392908e-02 1.006887111461907125e-01
5.884010316155896536e-02 9.546071303061370861e-02
6.702922800107900814e-02 8.952967367933090115e-02
7.464478903514688846e-02 8.294529071431250289e-02
8.164151790240749273e-02 7.575968897145600456e-02
8.797839711958206632e-02 6.802710461092030536e-02
9.361858244900668480e-02 5.980361431137318218e-02
9.852932125725109846e-02 5.114690649690239316e-02
1.026818751031195326e-01 4.211609169222085836e-02
1.060514540428636326e-01 3.277154780697929398e-02
1.086171692060487887e-01 2.317479499293799081e-02
1.103620090993932962e-01 1.338839372305800773e-02
1.112728438634027484e-01 3.475858930532854836e-03
1.113404603657888181e-01 -6.498417564059511160e-03
1.105596295966759651e-01 -1.646924450445183888e-02
1.089292063652498588e-01 -2.637071686746477947e-02
1.064522598185550228e-01 -3.613631802979117014e-02
1.031362318437671066e-01 -4.569904642770963171e-02
9.899311900835716660e-02 -5.499157419444086758e-02
9.403967237017990533e-02 -6.394644453445839927e-02
8.829760828224965385e-02 -7.249631366686838663e-02
8.179382225335288248e-02 -8.057424205853265520e-02
7.456059703163414598e-02 -8.811403839332765386e-02
6.663579537673396114e-02 -9.505065831169064172e-02
5.806302749625995990e-02 -1.013206584323192855e-01
4.889178285970399024e-02 -1.068627045660301422e-01
3.917751607849370710e-02 -1.116181313828089189e-01
2.898167616554017320e-02 -1.155315476904834188e-01
1.837167202802287777e-02 -1.185514853784188083e-01
7.420762402601204129e-03 -1.206310822657982867e-01
-3.792137980580101604e-03 -1.217287862200722437e-01
-1.518274064602129041e-02 -1.218090743101361562e-01
-2.666176035457773486e-02 -1.208431740221579676e-01
-3.813539066685862206e-02 -1.188097738059116087e-01
-4.950588021030030705e-02 -1.156957094020800991e-01
-6.067220991329780322e-02 -1.114966118179141485e-01
-7.153086951040138475e-02 -1.062175024889937397e-01
-8.197672959673044102e-02 -9.987332110349689263e-02
-9.190400345373177238e-02 -9.248937178258022362e-02
-1.012072908199142252e-01 -8.410167381160807420e-02
-1.097826937776827938e-01 -7.475720390238911606e-02
-1.175289930094204349e-01 -6.451401803151632364e-02
-1.243488708804850185e-01 -5.344124223445589905e-02
-1.301501661705046498e-01 -4.161892332423482860e-02
-1.348471438320448801e-01 -2.913773232760063017e-02
-1.383617619396129705e-01 -1.609851546591605995e-02
-1.406249170311231755e-01 -2.611689724057727775e-03
-1.415776483637214422e-01 1.120351758440347664e-02
-1.411722812273874250e-01 2.521998336945533575e-02
-1.393734893994746649e-01 3.930375299587748894e-02
-1.361592570927630530e-01 5.331524716974486711e-02
-1.315217213548277309e-01 6.711060188079885636e-02
-1.254678763370818684e-01 8.054312801178026282e-02
-1.180201246605929177e-01 9.346487968436781313e-02
-1.092166581833418776e-01 1.057283125973905724e-01
-9.911165471821491157e-02 1.171880103395163131e-01
-8.777528130875039691e-02 1.277024616167105053e-01
-7.529349458995371336e-02 1.371358648267203550e-01
-6.176763218088082708e-02 1.453599362093059011e-01
-4.731379190581846278e-02 1.522556967945349893e-01
-3.206199863938808542e-02 1.577152127135355297e-01
-1.615516167450494270e-02 1.616432631470818004e-01
2.521713251319434852e-04 1.639589102822933409e-01
1.699525455242192548e-02 1.645969461357507102e-01
3.390076609265552793e-02 1.635091919856764553e-01
5.078859634818503471e-02 1.606656274334782863e-01
6.747378452163070583e-02 1.560553277766401625e-01
8.376858210213559974e-02 1.496871904051883528e-01
9.948461980626596701e-02 1.415904333111629165e-01
1.144351522084134515e-01 1.318148514972427854e-01
1.284373523955981422e-01 1.204308200539275786e-01
1.413146274349704468e-01 1.075290359063673790e-01
1.528989242809541127e-01 9.321999366933707287e-02
1.630329949995008298e-01 7.763319464523604774e-02
1.715725898702297747e-01 6.091609170523604178e-02
1.783885470580082178e-01 4.323277655502416605e-02
1.833687481320026014e-01 2.476241964932979558e-02
1.864199095080322222e-01 5.697478042163934414e-03
1.874691829949837185e-01 -1.375831512016385816e-02
1.864655371428770303e-01 -3.339215619948423391e-02
1.833808959179319964e-01 -5.298454450760436973e-02
1.782110146197573020e-01 -7.231180039815797433e-02
1.709760744715226322e-01 -9.114869700427181975e-02
1.617209812903128430e-01 -1.092711735865198180e-01
1.505153573624029850e-01 -1.264590966031486907e-01
1.374532195981137683e-01 -1.424990332012174288e-01
1.226523411705065930e-01 -1.571870008818941067e-01
1.062532980952233114e-01 -1.703311566380880937e-01
8.841820652628813726e-02 -1.817543889134172752e-01
6.932916086380384868e-02 -1.912967762965952778e-01
4.918638703229914755e-02 -1.988178779456605261e-01
2.820612943101698591e-02 -2.041988223255403190e-01
6.618294018475571160e-03 -2.073441629262123276e-01
-1.533612628630314639e-02 -2.081834721857575010e-01
-3.740781428128151648e-02 -2.066726478442580950e-01
-5.934204656199490446e-02 -2.027949093653033941e-01
-8.088173165891079930e-02 -1.965614658399131021e-01
-1.017705306587698422e-01 -1.880118408851748080e-01
-1.217560209930917819e-01 -1.772138444137583702e-01
-1.405928628471831421e-01 -1.642631857231095782e-01
-1.580459269521043986e-01 -1.492827270731659495e-01
-1.738933423875234641e-01 -1.324213817245972202e-01
-1.879294233943775150e-01 -1.138526668408103570e-01
-1.999674361917803123e-01 -9.377291997020523184e-02
-2.098421653893031424e-01 -7.239920037013333753e-02
-2.174122447318183049e-01 -4.996690140713858086e-02
-2.225622191034445641e-01 -2.672709601326266060e-02
-2.252043068476841103e-01 -2.943647558492335902e-03
-2.252798354698979932e-01 2.110987952084383487e-02
-2.227603277824675709e-01 4.515347188449943261e-02
-2.176482199086437752e-01 6.890404214622690426e-02
-2.099771972218502647e-01 9.207888420313280198e-02
-1.998121392018075704e-01 1.143991652322904895e-01
-1.872486692719956825e-01 1.355934095467508649e-01
-1.724123108761889123e-01 1.554009290958447420e-01
-1.554572562844102057e-01 1.735751555956444037e-01
-1.365647598187768319e-01 1.898868300879811288e-01
-1.159411722852523863e-01 2.041270071452789547e-01
-9.381563831702843803e-02 2.161098329498831738e-01
-7.043748300970921472e-02 2.256750590583169735e-01
-4.607331859111930134e-02 2.326902567826117929e-01
-2.100390585664072343e-02 2.370527007443194722e-01
4.479191343484139991e-03 2.386908942365180142e-01
3.007711720788360313e-02 2.375657135128072250e-01
5.548735678225857892e-02 2.336711529516868890e-01
8.040744458588898469e-02 2.270346581562737165e-01
1.045387018319263589e-01 2.177170393751413080e-01
1.275899541908722679e-01 2.058119651790678017e-01
1.492811831977297610e-01 1.914450335256948632e-01
1.693470611715096608e-01 1.747724330891096134e-01
1.875403245862561352e-01 1.559792137989390037e-01
2.036349420638484675e-01 1.352771799117611085e-01
2.174290343133540304e-01 1.129024323545089470e-01
2.287475068859979865e-01 8.911258983092384955e-02
2.374443601552946037e-01 6.418372257714502482e-02
2.434046449686426417e-01 3.840703661855850853e-02
2.465460368973073357e-01 1.208534986081438896e-02
2.468200068773799272e-01 -1.447059570634064846e-02
2.442125712206222321e-01 -4.094593904571326021e-02
2.387446094119593243e-01 -6.702557394753451414e-02
2.304717437268903879e-01 -9.239804222372616227e-02
2.194837804216346611e-01 -1.167593962429332860e-01
2.059037179940893802e-01 -1.398169810334162211e-01
1.898863337066964696e-01 -1.612930870517512716e-01
1.716163651256191192e-01 -1.809284262417021061e-01
1.513063087882948188e-01 -1.984853861709478251e-01
1.291938631901408951e-01 -2.137510198061117195e-01
1.055390480112949059e-01 -2.265397318327638798e-01
8.062103582075288988e-02 -2.366956263028314744e-01
5.473473633865386101e-02 -2.440944847457998113e-01
2.818717665467659547e-02 -2.486453486541988500e-01
1.293723545641197684e-03 -2.502916853842235834e-01
-2.562580347857610491e-02 -2.490121245089024216e-01
-5.225108088528399725e-02 -2.448207470700616006e-01
-7.826523726685881421e-02 -2.377669281993127215e-01
-1.033587672022675541e-01 -2.279347406315568869e-01
-1.272333542726844513e-01 -2.154419188200038249e-01
-1.496055532333282201e-01 -2.004383993033235223e-01
-1.702102841113737053e-01 -1.831044560827430334e-01
-1.888040934651158687e-01 -1.636484550570921626e-01
-2.051681410998817678e-01 -1.423042565328029863e-01
-2.191108741499061263e-01 -1.193282994065626018e-01
-2.304703545533303977e-01 -9.499640474893226993e-02
-2.391162105135702931e-01 -6.960034014222929444e-02
-2.449511874923318566e-01 -4.344418919676926172e-02
-2.479122795500991738e-01 -1.684057314528311297e-02
-2.479714273672284086e-01 9.893226736703635352e-03
-2.451357749678446385e-01 3.643919594051819866e-02
-2.394474829522732218e-01 6.248251229052852879e-02
-2.309831018433153860e-01 8.771541993647852253e-02
-2.198525148888044733e-01 1.118410022537945220e-01
-2.061974652600850888e-01 1.345768056024063408e-01
-1.901896879679750851e-01 1.556582679982219664e-01
-1.720286719121981722e-01 1.748419094595765610e-01
-1.519390822191533652e-01 1.919082440652191135e-01
-1.301678773432446146e-01 2.066643775545196071e-01
-1.069811592518243315e-01 2.189462585613768109e-01
-8.266079920841162831e-02 2.286205591990765340e-01
-5.750087952170623157e-02 2.355861542137399067e-01
-3.180400298058896902e-02 2.397751865036068242e-01
-5.877517846618479820e-03 2.411537145495246670e-01
1.997029605686900799e-02 2.397219270811096481e-01
4.543402949884167014e-02 2.355139274646337599e-01
7.021488554862691245e-02 2.285970932454035598e-01
9.402431323810687969e-02 2.190710218014028099e-01
1.165874872956414593e-01 2.070660784099722374e-01
1.376465903878797414e-01 1.927415681237925338e-01
1.569638571903221036e-01 1.762835576287490602e-01
1.743243430156720120e-01 1.579023776514893451e-01
1.895383836110489939e-01 1.378298404413563494e-01
2.024437170351399695e-01 1.163162103190082952e-01
2.129072431830442147e-01 9.362696821860749807e-02
2.208264014740728975e-01 7.003941351581698116e-02
2.261301523866652841e-01 4.583914820192728362e-02
2.287795538428548103e-01 2.131648961565046213e-02
2.287679288387715060e-01 -3.237141532457980288e-03
2.261206261133887896e-01 -2.753281121450678118e-02
2.208943809715325779e-01 -5.128759432012158087e-02
2.131762885570360755e-01 -7.422798451106157880e-02
2.030824068383831060e-01 -9.609314905765646564e-02
1.907560112562807220e-01 -1.166379884949444445e-01
1.763655273288235181e-01 -1.356359639265344030e-01
1.601021730102404339e-01 -1.528816613729956642e-01
1.421773384079789149e-01 -1.681930546243525226e-01
1.228197463068016887e-01 -1.814134452464936931e-01
1.022724339014647460e-01 -1.924130664794148904e-01
8.078959142747729749e-02 -2.010903255991695338e-01
5.863330242655837021e-02 -2.073726760475088915e-01
3.607022892452369650e-02 -2.112171129824719218e-01
1.336828496841140079e-02 -2.126102909538445107e-01
-9.206658449759350799e-03 -2.115682674134007069e-01
-3.139399505056568451e-02 -2.081358806627187086e-01
-5.294149102487542141e-02 -2.023857755549866300e-01
-7.360824048863023883e-02 -1.944170947386613113e-01
-9.316743280208071576e-02 -1.843538574013021680e-01
-1.114088989417179043e-01 -1.723430512874387088e-01
-1.281414075369353145e-01 -1.585524671766390947e-01
-1.431946849574386171e-01 -1.431683079749681009e-01
-1.564211379045705452e-01 -1.263926070594762752e-01
-1.676972612595370171e-01 -1.084404924932013820e-01
-1.769247184109721538e-01 -8.953733517688007570e-02
-1.840310858586990950e-01 -6.991581991040421440e-02
-1.889702585046065253e-01 -4.981297869713443432e-02
-1.917225166302163886e-01 -2.946722544043237774e-02
-1.922942600599441554e-01 -9.115430464852062112e-03
-1.907174193575391086e-01 1.100992793755709021e-02
-1.870485580420322980e-01 3.068349945721384267e-02
-1.813676859336950664e-01 4.968965491161517894e-02
-1.737767968413656827e-01 6.782489784827248902e-02
-1.643981631435412205e-01 8.490007009217637179e-02
-1.533724174228329185e-01 1.007423348770150606e-01
-1.408564433600992261e-01 1.151969081073410534e-01
-1.270211104579531403e-01 1.281285231229152000e-01
-1.120488857195745536e-01 1.394226158923057290e-01
-9.613135635110724164e-02 1.489862216290802621e-01
-7.946669800410682827e-02 1.567485779336060536e-01
-6.225712303110522705e-02 1.626614336570127994e-01
-4.470634270209565553e-02 1.666990667029089601e-01
-2.701707633920468962e-02 1.688580178706333701e-01
-9.388638894149495262e-03 1.691565515476934622e-01
7.985363352484517799e-03 1.676338575286834554e-01
2.491920151473652270e-02 1.643490114277902370e-01
4.123703235400656003e-02 1.593797140212778185e-01
5.677472402352195385e-02 1.528208323698433679e-01
7.138148036945123065e-02 1.447827676990903478e-01
8.492124815189547316e-02 1.353896767364543563e-01
9.727389499062910616e-02 1.247775744981245299e-01
1.083361493716875068e-01 1.130923473798693402e-01
1.180222976176035499e-01 1.004877058279426694e-01
1.262646362726346783e-01 8.712310585380411698e-02
1.330136818323325032e-01 7.316166821912686857e-02
1.382381431039735598e-01 5.876812327162174443e-02
1.419246675224608290e-01 4.410680553000560777e-02
1.440773630079113798e-01 2.933972987919094763e-02
1.447171182416042423e-01 1.462477079438073181e-02
1.438807422464243591e-01 1.139578882537023826e-04
1.416199326754567500e-01 -1.404808623347942459e-02
1.380000966929091077e-01 -2.772555183306893434e-02
1.330990463657430178e-01 -4.079267853360323687e-02
1.270055915248337330e-01 -5.313481229358094082e-02
1.198180537141019242e-01 -6.464927571128728512e-02
1.116427251242352592e-01 -7.524604752088354109e-02
1.025922963097674334e-01 -8.484825012383469256e-02
9.278427602566419186e-02 -9.339244690283191042e-02
8.233942570900147639e-02 -1.008287538468095185e-01
7.138022999485436892e-02 -1.071207726339546834e-01
6.002942321995845959e-02 -1.122453547371745491e-01
4.840859016413923133e-02 -1.161922082997491751e-01
3.663685734271240196e-02 -1.189633614487763946e-01
2.482968903089068438e-02 -1.205724973463176419e-01
1.309779991396133741e-02 -1.210441776038855277e-01
1.546193856609990583e-03 -1.204129716915253029e-01
-9.726664185744735014e-03 -1.187225106502351191e-01
-2.062953858810407173e-02 -1.160244837634773901e-01
-3.107897376539515977e-02 -1.123775968632305527e-01
-4.099970554986439447e-02 -1.078465106470418711e-01
-5.032493594196746356e-02 -1.025007767786788870e-01
-5.899647939542077696e-02 -9.641378650528030503e-02
-6.696477666371140891e-02 -8.966175251677295510e-02
-7.418879387217430788e-02 -8.232273804076135904e-02
-8.063582267049326791e-02 -7.447573896587579567e-02
-8.628118266979786788e-02 -6.619983576720944729e-02
-9.110784258865481378e-02 -5.757342296463251879e-02
-9.510597365961033500e-02 -4.867352319908062330e-02
-9.827244935886329802e-02 -3.957519095762301181e-02
-1.006103057433666292e-01 -3.035100890488554026e-02
-1.021281766151144882e-01 -2.107067772512765530e-02
-1.028397173896015010e-01 -1.180069838386502840e-02
-1.027630309373395168e-01 -2.604143816658219951e-03
-1.019201078113809306e-01 6.459484720434106181e-03
-1.003362921917677064e-01 1.533432301801870845e-02
-9.803978359526410724e-02 2.396813880401260644e-02
-9.506118294453586026e-02 3.231226517896780559e-02
-9.143308999680760385e-02 4.032148260149465147e-02
-8.718975743187440397e-02 4.795386016695055154e-02
-8.236680512866317860e-02 5.517056740321406999e-02
-7.700099635480733840e-02 6.193566802519637204e-02
-7.113007579166867600e-02 6.821590704399985161e-02
-6.479266755432355751e-02 7.398050232150132910e-02
-5.802822967762430451e-02 7.920095110565164576e-02
-5.087705995932062519e-02 8.385086128964552854e-02
-4.338034661091005884e-02 8.790581612742073836e-02
-3.558025243201994731e-02 9.134327832500473143e-02
-2.752003485127990298e-02 9.414254291006977915e-02
-1.924418340042378939e-02 9.628474446228534045e-02
-1.079855789565905416e-02 9.775291577817067645e-02
-2.230527508185389980e-03 9.853210334846497498e-02
6.410903914438501397e-03 9.860953841694668209e-02
1.507499704254112310e-02 9.797486141350381095e-02
2.370921115256757056e-02 9.662039583405367116e-02
3.225918284880337217e-02 9.454146598662833967e-02
4.066875827949664735e-02 9.173675147120868845e-02
4.888008660555873824e-02 8.820866984359931884e-02
5.683378117316739697e-02 8.396377766135457166e-02
6.446915335460114138e-02 7.901317905015647902e-02
7.172452238209144071e-02 7.337293008636705527e-02
7.853760273811324910e-02 6.706442668613835090e-02
8.484596881565714677e-02 6.011476333961201374e-02
9.058759465898580387e-02 5.255704994196203073e-02
9.570146467590914807e-02 4.443067415809624082e-02
1.001282493142262170e-01 3.578149721654485388e-02
1.038110378552863367e-01 2.666197175718324625e-02
1.066961187336695344e-01 1.713117134868344035e-02
1.087337961795960539e-01 7.254722531752745909e-03
1.098792305338093245e-01 -2.895368284666422105e-03
1.100932883348113844e-01 -1.324099906745505872e-02
1.093433872538725898e-01 -2.369837167535548961e-02
1.076043167045023508e-01 -3.417850764351476611e-02
1.048590289758603994e-01 -4.458788200698182713e-02
1.010993763490190961e-01 -5.482917485426713755e-02
9.632677115579146854e-02 -6.480213123784733797e-02
9.055276370772614991e-02 -7.440452530657708230e-02
8.379951920132429344e-02 -8.353321939263029516e-02
7.610017934350105095e-02 -9.208530694270446182e-02
6.749909572968321170e-02 -9.995932615716755787e-02
5.805192357268307290e-02 -1.070565293318396227e-01
4.782556620368417361e-02 -1.132821912221321087e-01
3.689796282253802323e-02 -1.185469383026602208e-01
2.535771423387577286e-02 -1.227680796083203268e-01
1.330354373499064748e-02 -1.258709189425059882e-01
8.435928842142084673e-04 -1.277900276476280628e-01
-1.190544546523694507e-02 -1.284704568706649397e-01
-2.481935177341970666e-02 -1.278688683351998923e-01
-3.776755425637717822e-02 -1.259545630589882226e-01
-5.061444267856268081e-02 -1.227103882345579183e-01
-6.322080841547277064e-02 -1.181335036159500140e-01
-7.544539523981559637e-02 -1.122359902179167757e-01
-8.714654298841731372e-02 -1.050452859194451194e-01
-9.818390418362604732e-02 -9.660443465052045986e-02
-1.084202118512215124e-01 -8.697213820343685509e-02
-1.177230752324916196e-01 -7.622260231653954499e-02
-1.259667788629663943e-01 -6.444517149336322082e-02
-1.330340562370615209e-01 -5.174375077210745938e-02
-1.388178227261642195e-01 -3.823601424557551698e-02
-1.432228342013666389e-01 -2.405240158385569052e-02
-1.461672388501478737e-01 -9.334913583130655113e-03
-1.475840075795049611e-01 5.764284642152058685e-03
-1.474222155215763053e-01 2.108443954299223100e-02
-1.456481520884827796e-01 3.645794778021747146e-02
-1.422462388683957413e-01 5.171223846901848442e-02
-1.372197368586424715e-01 6.667177723357738117e-02
-1.305912270679556453e-01 8.116016791296483401e-02
-1.224028513570856042e-01 9.500232569330835375e-02
-1.127163034880395015e-01 1.080266937155305584e-01
-1.016125636755655787e-01 1.200674738560148502e-01
-8.919137343439542676e-02 1.309668414275126924e-01
-7.557045114292054722e-02 1.405771130219199694e-01
-6.088445244634832498e-02 1.487628366315748851e-01
-4.528368334585292088e-02 1.554027735513804354e-01
-2.893257750948517032e-02 1.603917423835473643e-01
-1.200795293991114426e-02 1.636422967364739300e-01
5.302933411865362254e-03 1.650862099187474785e-01
2.280451124275354943e-02 1.646757420611651146e-01
4.029517785589326051e-02 1.623846676300868541e-01
5.756970692917431909e-02 1.582090441940567083e-01
7.442175518317599436e-02 1.521677065361468906e-01
9.064643506452946253e-02 1.443024737250807876e-01
1.060429167473066203e-01 1.346780610793310295e-01
1.204170350576649062e-01 1.233816921883230250e-01
1.335838591231012784e-01 1.105224076447767073e-01
1.453701827968656157e-01 9.623007761160262685e-02
1.556169110183697191e-01 8.065412508595595775e-02
1.641813047409999560e-01 6.396197160952481198e-02
1.709390517328140680e-01 4.633722142707631664e-02
1.757861324098572986e-01 2.797760398570702314e-02
1.786404521825439573e-01 9.092698337400857006e-03
1.794432145559247127e-01 -1.009853359883846474e-02
1.781600123910916933e-01 -2.937037489473106819e-02
1.747816182674982732e-01 -4.849310988363384617e-02
1.693244587387586209e-01 -6.723587387369671375e-02
1.618307613964592162e-01 -8.536955952824713811e-02
1.523683679920583289e-01 -1.026697418263666228e-01
1.410302113566677396e-01 -1.189195827218174489e-01
1.279334584400801667e-01 -1.339126763588027458e-01
1.132183263994440553e-01 -1.474557959888392333e-01
9.704658323900060279e-02 -1.593715045668196995e-01
7.959974896960739232e-02 -1.695005923807709480e-01
6.107701755549589662e-02 -1.777043069755660232e-01
4.169292398271561007e-02 -1.838663430448236602e-01
2.167478455856091182e-02 -1.878945628587613825e-01
1.259941977113928496e-03 -1.897224211329691934e-01
-1.930715028950941853e-02 -1.893100719812972343e-01
-3.977796392053048469e-02 -1.866451401291654433e-01
-5.990302273134162636e-02 -1.817431426669184891e-01
-7.943507311774243573e-02 -1.746475491477761377e-01
-9.813224952240388876e-02 -1.654294788241418845e-01
-1.157612026240540520e-01 -1.541870348943424063e-01
-1.321001449193074662e-01 -1.410442808738281428e-01
-1.469417723330400660e-01 -1.261498694310838331e-01
-1.600960218018989689e-01 -1.096753388530512796e-01
-1.713926266513077223e-01 -9.181309696189217384e-02
-1.806834340075007261e-01 -7.277411672732735093e-02
-1.878444514230578344e-01 -5.278537194234525498e-02
-1.927775933098594130e-01 -3.208704509430057583e-02
-1.954121016229910246e-01 -1.092954291254244828e-02
-1.957056194719984377e-01 1.042964204255166991e-02
-1.936449008953195217e-01 3.172918300988430973e-02
-1.892461448579290939e-01 5.270724131004718427e-02
-1.825549465552596395e-01 7.310481546047077617e-02
-1.736458642590809620e-01 9.266907264917120801e-02
-1.626216051517175298e-01 1.111566180485997202e-01
-1.496118387909664560e-01 1.283366580216714625e-01
-1.347716519563330606e-01 1.439940144533022603e-01
-1.182796635755299502e-01 1.579319492197549524e-01
-1.003358231482629342e-01 1.699747601632677352e-01
-8.115892050470215058e-02 1.799701128409588458e-01
-6.098383879514886197e-02 1.877910757271107900e-01
-4.005858952459562250e-02 1.933378307602760249e-01
-1.864115824432458629e-02 1.965390355718935611e-01
3.003790947151525285e-03 1.973528146587811838e-01
2.460830181273204742e-02 1.957673679589495286e-01
4.590456845878911063e-02 1.918011871286923187e-01
6.662838480628489879e-02 1.855028749606837668e-01
8.652255498684835455e-02 1.769505691794065749e-01
1.053402189824202972e-01 1.662509772306762779e-01
1.228480488417574845e-01 1.535380339892844226e-01
1.388292724417077573e-01 1.389711994682669427e-01
1.530864839948605782e-01 1.227334185522702265e-01
1.654442033084947417e-01 1.050287694260740451e-01
1.757511491350807198e-01 8.607983166159548227e-02
1.838821957766730852e-01 6.612480880153411011e-02
1.897399863620505278e-01 4.541444367989568021e-02
1.932561808478195919e-01 2.420876760016404949e-02
1.943923217388208724e-01 2.773726809376293647e-03
1.931403057104029986e-01 -1.862226857281218048e-02
1.895224546732210691e-01 -3.971182691201955578e-02
1.835911852753546458e-01 -6.023204198528129411e-02
1.754282813104125760e-01 -7.992789794181313912e-02
1.651437789171694426e-01 -9.855556659381659035e-02
1.528744797401359323e-01 -1.158855527949116671e-01
1.387821122970555598e-01 -1.317056457391637958e-01
1.230511665972433000e-01 -1.458236366736595790e-01
1.058864349172066177e-01 -1.580697668861246186e-01
8.751028186296141986e-02 -1.682988744766969469e-01
6.815968769100901048e-02 -1.763922077749365824e-01
4.808311232017160874e-02 -1.822588842876142756e-01
2.753721225703567241e-02 -1.858369765079620761e-01
6.783458382230914477e-03 -1.870942101189957407e-01
-1.391529952961489264e-02 -1.860282660758052209e-01
-3.429827503508572212e-02 -1.826666834941120532e-01
-5.411014747007313747e-02 -1.770663657505918143e-01
-7.310437874404958347e-02 -1.693126976373288683e-01
-9.104639988634966041e-02 -1.595182867318050424e-01
-1.077166246510104647e-01 -1.478213472702446241e-01
-1.229132499780478255e-01 -1.343837496739579140e-01
-1.364548061550012459e-01 -1.193887634073989290e-01
-1.481824230793238051e-01 -1.030385249796350183e-01
-1.579617830386462751e-01 -8.555126658019976404e-02
-1.656847348445295021e-01 -6.715834401479625626e-02
-1.712705489128082403e-01 -4.810110523223853907e-02
-1.746667979120407610e-01 -2.862764277547743749e-02
-1.758498528291936869e-01 -8.989474919069829692e-03
-1.748249896540520210e-01 1.056179894566839327e-02
-1.716261072848720981e-01 2.977782295795780229e-02
-1.663150626308672608e-01 4.841674422951149775e-02
-1.589806341561773584e-01 6.624636295742310221e-02
-1.497371302006495764e-01 8.304713081254236351e-02
-1.387226667906460154e-01 9.861495739085895940e-02
-1.260971299805679624e-01 1.127637895629688275e-01
-1.120398593296431100e-01 1.253279254586665836e-01
-9.674709378569934515e-02 1.361640353043840901e-01
-8.042920596368983988e-02 1.451528646140728407e-01
-6.330776767337223387e-02 1.522005976342760969e-01
-4.561248824399100066e-02 1.572398647418957185e-01
-2.757806870761199750e-02 1.602303825577454932e-01
-9.441015800654898801e-03 1.611592207350855677e-01
8.563539984869087546e-03 1.600406946351900228e-01
2.620497842385421591e-02 1.569158883363101775e-01
4.326023275154419756e-02 1.518518175634095135e-01
5.951670070075524427e-02 1.449402471006815130e-01
7.477498420756992226e-02 1.362961819867151425e-01
8.885142130446459230e-02 1.260560562265888029e-01
1.015803769149857400e-01 1.143756468241575591e-01
1.128162629115261606e-01 1.014277445849355308e-01
1.224352618425444406e-01 8.739961631522151497e-02
1.303367331172836374e-01 7.249029570350364049e-02
1.364442850896533388e-01 5.690774228042273786e-02
1.407065013397747477e-01 4.086590938655228905e-02
1.430973144404894537e-01 2.458176301437623931e-02
1.436160255440697697e-01 8.272293722282653833e-03
1.422869731581452857e-01 -7.848436456806018660e-03
1.391588594267771928e-01 -2.357217106349002861e-02
1.343037505927800745e-01 -3.869922010340717811e-02
1.278157587250014771e-01 -5.304107043900318369e-02
1.198094330333622087e-01 -6.642280540877992800e-02
1.104178946977212167e-01 -7.868530305348031550e-02
9.979073380893212220e-02 -8.968718682668000430e-02
8.809170422158577041e-02 -9.930650274686420032e-02
7.549625132264009553e-02 -1.074421024362027244e-01
6.218890975788834985e-02 -1.140147159169555141e-01
4.836060964144173191e-02 -1.189677026566637319e-01
3.420593068463056302e-02 -1.222674740990157272e-01
1.992034401102443439e-02 -1.239035857181194356e-01
5.697481173329576286e-03 -1.238885014191192513e-01
-8.273530935992782706e-03 -1.222570378076101721e-01
-2.181063196875126023e-02 -1.190655003958201591e-01
-3.474125139976878135e-02 -1.143905281394781009e-01
-4.690456021115246149e-02 -1.083276667437909624e-01
-5.815352086298347656e-02 -1.009896948827542218e-01
-6.835670871457759368e-02 -9.250473079127642662e-02
-7.739988170489248143e-02 -8.301414956864353045e-02
-8.518727904925754713e-02 -7.267034393582970375e-02
-9.164263390126688169e-02 -6.163436308657804091e-02
-9.670988929912727183e-02 -5.007346563931357880e-02
-1.003536111985158796e-01 -3.815862351817395082e-02
-1.025590969214298931e-01 -2.606201385940234982e-02
-1.033321818547882770e-01 -1.395453575500348042e-02
-1.026987551105687652e-01 -2.003388746072994660e-03
-1.007039855819378826e-01 9.630256725543698271e-03
-9.741127964449933230e-02 2.079345822069050484e-02
-9.290099793208965451e-02 3.134353956055345447e-02
-8.726894358561093634e-02 4.114994439017582994e-02
-8.062465094672444099e-02 5.009587878623301960e-02
-7.308950314046727681e-02 5.807972181156628028e-02
-6.479470917091850746e-02 6.501618666467322283e-02
-5.587917284922463979e-02 7.083721903650345986e-02
-4.648728706266710975e-02 7.549262340755076572e-02
-3.676668756391326259e-02 7.895041223153999310e-02
-2.686600060603057394e-02 8.119687719326491859e-02
-1.693261837415089774e-02 8.223638593273936703e-02
-7.110535279648576290e-03 8.209091173226736038e-02
2.461723194170624320e-03 8.079930760586266636e-02
1.165304924874972781e-02 7.841633995316527050e-02
2.034155155935439205e-02 7.501150038798976016e-02
2.841617919688358557e-02 7.066761747492247836e-02
3.577814880245223927e-02 6.547929286139052285e-02
4.234215645405959433e-02 5.955118863881145308e-02
4.803735922955265636e-02 5.299619467285852231e-02
5.280811522332476415e-02 4.593350608462186402e-02
5.661447465604477203e-02 3.848664202396178541e-02
5.943241866600985912e-02 3.078143734367992657e-02
6.125384632575177346e-02 2.294403875599421161e-02
6.208631755539583547e-02 1.509893780588534955e-02
6.195255095870547818e-02 7.367065382652363686e-03
6.088969325821559642e-02 -1.360172950210197622e-04
5.894838340046840153e-02 -7.301804035855623438e-03
5.619162010647952427e-02 -1.403038553842818337e-02
5.269345683415056769e-02 -2.023182394113930138e-02
4.853754768040782763e-02 -2.582734115642477263e-02
4.381556977069147457e-02 -3.075030528787640882e-02
3.862554927752731571e-02 -3.494700284020013648e-02
3.307011935746460157e-02 -3.837718799689259636e-02
2.725473898301349063e-02 -4.101440390158366672e-02
2.128590186706094678e-02 -4.284607457755675031e-02
1.526936443265493326e-02 -4.387336979730725728e-02
9.308421079422061692e-03 -4.411084881223363563e-02
3.502253854746562034e-03 -4.358589231549450660e-02
-2.055617924448328686e-03 -4.233793528511980986e-02
-7.278764506098570237e-03 -4.041751638946257386e-02
-1.208912770856852142e-02 -3.788516238703728417e-02
-1.641813943607424095e-02 -3.481012837660541620e-02
-2.020766093702033861e-02 -3.126901681543214212e-02
-2.341073015462741269e-02 -2.734429989437292541e-02
-2.599210780560332751e-02 -2.312277111472741536e-02
-2.792861622484394540e-02 -1.869395273726739276e-02
-2.920926847660623715e-02 -1.414848615915744595e-02
-2.983518869911653409e-02 -9.576532217376913791e-03
-2.981933099270922538e-02 -5.066209415641904912e-03
-2.918599635516764407e-02 -7.020897646186453423e-04
-2.797016248480621234e-02 3.436217105183738546e-03
-2.621664760040794129e-02 7.275367887783238015e-03
-2.397911616012177172e-02 1.074946236793553403e-02
-2.131894785316421070e-02 1.380107278003666130e-02
-1.830399078397028020e-02 1.638211030611872246e-02
-1.500722146490008138e-02 1.845451613875414773e-02
-1.150533554262644573e-02 1.999076759411757068e-02
-7.877294086621808647e-03 2.097419294867991502e-02
-4.202850754121758257e-03 2.139909193706057353e-02
-5.610852097908511533e-04 2.127066213457981525e-02
2.971032177857235636e-03 2.060473470217720482e-02
6.320020108537458513e-03 1.942732614058131566e-02
9.417187498952334784e-03 1.777401573363095871e-02
1.219983445313720972e-02 1.568916120867789449e-02
1.461233338201796753e-02 1.322496775956413795e-02
1.660707279527109947e-02 1.044042792330197519e-02
1.814524875862591133e-02 7.400151838495800348e-03
1.919749171195546389e-02 4.173109110169470268e-03
1.974431923188132293e-02 8.313048361737574539e-04
1.977640834839975922e-02 -2.551586704968056805e-03
1.929468413744971425e-02 -5.901606659371747519e-03
1.831022445845617574e-02 -9.145890311146652116e-03
1.684398383546502689e-02 -1.221401598483947554e-02
1.492634517922880599e-02 -1.503929927889705725e-02
1.259650109708228619e-02 -1.756001652578054878e-02
9.901679835592459844e-03 -1.972053041347889696e-02
6.896237020372966708e-03 -2.147229717433018006e-02
3.640622154326202901e-03 -2.277474390759336165e-02
2.002407341368171679e-04 -2.359599926178626225e-02
-3.355767670043531027e-03 -2.391346544954633599e-02
-6.955813686548283428e-03 -2.371422233768643098e-02
-1.052718211154114042e-02 -2.299525726870604858e-02
-1.399737233824712747e-02 -2.176351727821683457e-02
-1.729543181934646220e-02 -2.003578342509911708e-02
-2.035325934235448012e-02 -1.783836999670742468e-02
-2.310685549529462729e-02 -1.520665433935870260e-02
-2.549749867713070606e-02 -1.218444594504004830e-02
-2.747282634676015411e-02 -8.823206151055272561e-03
-2.898780288245331183e-02 -5.181132335179545328e-03
-3.000555741148232258e-02 -1.322122773215492729e-03
-3.049807723330251463e-02 2.685359668842299263e-03
-3.044674496053825785e-02 6.769505142306750899e-03
-2.984271019785117440e-02 1.085643450306336168e-02
-2.868708942406050441e-02 1.487151486575452597e-02
-2.699099068980515687e-02 1.874069019616110554e-02
-2.477536274213626433e-02 2.239180388384390263e-02
-2.207067118848712178e-02 2.575589039770532357e-02
-1.891640726531996358e-02 2.876841367424294582e-02
-1.536044003309968570e-02 3.137042915872817472e-02
-1.145821661994577551e-02 3.350965549201733590e-02
-7.271826908226666081e-03 3.514143123364060761e-02
-2.868954962161298066e-03 3.622953818874194432e-02
1.678271790901361173e-03 3.674688258695883725e-02
6.294513992056749961e-03 3.667602004219457784e-02
1.090251134386247163e-02 3.600951503967866202e-02
1.542441108769092122e-02 3.475012850894695221e-02
1.978311123491726872e-02 3.291082996243017977e-02
2.390359555122016991e-02 3.051463366036094235e-02
2.771423741071945765e-02 2.759426125385989331e-02
3.114805013987379662e-02 2.419163630934001441e-02
3.414386235168548334e-02 2.035721897943428005e-02
3.664739801422636084e-02 1.614919181064092615e-02
3.861224258320401087e-02 1.163251022018742253e-02
4.000067842994475820e-02 6.877833491651004494e-03
4.078437498223824731e-02 1.960354191759608716e-03
4.094492142969059084e-02 -3.041454334981019345e-03
4.047419248715650175e-02 -8.047151311215390915e-03
3.937454051557414542e-02 -1.297568055505637745e-02
3.765881022245455567e-02 -1.774673833285426647e-02
3.535017515575044483e-02 -2.228213385769191313e-02
3.248179821500973147e-02 -2.650711932397939452e-02
2.909632138240178176e-02 -3.035166682594521437e-02
2.524519277364367306e-02 -3.375167034658310000e-02
2.098784408374455152e-02 -3.665005051506339123e-02
1.639072598502438680e-02 -3.899774924991357417e-02
1.152621962486893685e-02 -4.075459117799413306e-02
6.471448135450222523e-03 -4.188999474296382225e-02
1.307001574734453515e-03 -4.238352613170207062e-02
-3.884401685152527595e-03 -4.222528393619272291e-02
-9.019294732839206602e-03 -4.141610744596600086e-02
-1.401485990046522079e-02 -3.996760441292665500e-02
-1.879032101837407875e-02 -3.790199715550779391e-02
-2.326830661834137712e-02 -3.525178892242550321e-02
-2.737616096830904067e-02 -3.205925546712795615e-02
-3.104718061621636327e-02 -2.837576974183183068e-02
-3.422175529132719801e-02 -2.426097045539080815e-02
-3.684839354014132068e-02 -1.978178790460239506e-02
-3.888461533626752509e-02 -1.501134293906945111e-02
-4.029769606966490669e-02 -1.002773711394111186e-02
-4.106524875545407988e-02 -4.912753985424761494e-03
-4.117563396653863006e-02 2.495069217176764460e-04
-4.062818984412130269e-02 5.374040724717286249e-03
-3.943327752920627871e-02 1.037636877580421293e-02
-3.761214043723933032e-02 1.517396718707307926e-02
-3.519657891639169783e-02 1.968766818125367024e-02
-3.222844493605141192e-02 2.384301050924964374e-02
-2.875896449425646706e-02 2.757151592017169708e-02
-2.484789836037529925e-02 3.081186980180453810e-02
-2.056255654519923218e-02 3.351098386059982864e-02
-1.597667714561964991e-02 3.562492855737572212e-02
-1.116918967462100093e-02 3.711971312143996088e-02
-6.222888697626557421e-03 3.797189688486975884e-02
-1.223033968656414734e-03 3.816902654581184884e-02
3.744098124950178200e-03 3.770988887205491136e-02
8.592687619002187943e-03 3.660457357364486908e-02
1.323884379452964360e-02 3.487434422638191478e-02
1.760205289333907977e-02 3.255131833343798825e-02
2.160657613153942058e-02 2.967796081733030736e-02
2.518277410286447193e-02 2.630639838611198433e-02
2.826833475251355407e-02 2.249756526354463118e-02
3.080938357687265650e-02 1.832019366232446808e-02
3.276145654264466661e-02 1.384966506358329720e-02
3.409031839231285027e-02 9.166740799439413584e-03
3.477261147754830833e-02 4.356192576760138831e-03
3.479632299909546367e-02 -4.946446074827212745e-04
3.416106148726894692e-02 -5.297373257636409788e-03
3.287813648408915296e-02 -9.964062911734261965e-03
3.097043863583823220e-02 -1.440878279168358346e-02
2.847212072072408812e-02 -1.854911171111882709e-02
2.542808346628386978e-02 -2.230759957051798442e-02
2.189327330048596032e-02 -2.561315538532864602e-02
1.793180237488059200e-02 -2.840233782802550552e-02
1.361590424452097450e-02 -3.062052570497333925e-02
9.024743210811014479e-03 -3.222294581903781957e-02
4.243091610231674270e-03 -3.317554590950855253e-02
-6.401024405511758671e-04 -3.345569097417614574e-02
-5.533228635574503028e-03 -3.305266709144813464e-02
-1.034358966644479544e-02 -3.196798838598208237e-02
-1.497901073683115605e-02 -3.021549795057952570e-02
-1.934945665747888829e-02 -2.782125905651353093e-02
-2.336862940973207306e-02 -2.482323643550811768e-02
-2.695551914363930601e-02 -2.127077089956939948e-02
-3.003588209983719740e-02 -1.722385402317475403e-02
-3.254361990739313565e-02 -1.275221298936694662e-02
-3.442203610031568939e-02 -7.934218941421300117e-03
-3.562494749417386558e-02 -2.855635231126426189e-03
-3.611763024512993497e-02 2.391775237768261307e-03
-3.587758294424102379e-02 7.711761854292807639e-03
-3.489509194180594881e-02 1.300519343109047404e-02
-3.317358720620346840e-02 1.817173490460371674e-02
-3.072978035082653617e-02 2.311156647647904724e-02
-2.759357995921689691e-02 2.772711708610760273e-02
-2.380778294712318499e-02 3.192478357117111559e-02
-1.942754436350008218e-02 3.561660680129866835e-02
-1.451963169169017201e-02 3.872187646450486742e-02
-9.161473308066773319e-03 4.116863704457657952e-02
-3.440014229703523916e-03 4.289506884012738580e-02
2.549604421867568676e-03 4.385071962541538249e-02
8.705521258332611298e-03 4.399756294838238352e-02
1.492076720931772606e-02 4.331086942923224881e-02
2.108498928948772042e-02 4.177986899867157378e-02
2.708625429977438298e-02 3.940818772934964742e-02
3.281290815854033538e-02 3.621405482516961566e-02
3.815546014514778483e-02 3.223027116195667507e-02
4.300846163532571348e-02 2.750393662059029756e-02
4.727234863320319003e-02 2.209593731899003877e-02
5.085521761983796685e-02 1.608019773728107740e-02
5.367450494358037144e-02 9.542706579247299190e-03
5.565854116693888520e-02 2.580328961122529876e-03
5.674795344329670865e-02 -4.700578894699148497e-03
5.689689110285620077e-02 -1.218573291684744465e-02
5.607405215128005715e-02 -1.975463975768683433e-02
5.426349129052542714e-02 -2.728244528202721300e-02
5.146519331686359028e-02 -3.464188518201694739e-02
4.769539928788341099e-02 -4.170530795330590346e-02
4.298667662523008443e-02 -4.834673894278502387e-02
3.738772827558922013e-02 -5.444395313205348252e-02
3.096294012833378240e-02 -5.988052377424173817e-02
2.379167002125689989e-02 -6.454781396825706730e-02
1.596728579145620386e-02 -6.834687873929293223e-02
7.595963881844460149e-03 -7.119024619484884409e-02
-1.204736069345751018e-03 -7.300354783072986187e-02
-1.030750151098409201e-02 -7.372697005272875470e-02
-1.957707830985486175e-02 -7.331649980413094958e-02
-2.887224032953247810e-02 -7.174494720273059956e-02
-3.804788826371219290e-02 -6.900272117221084578e-02
-4.695724305519161090e-02 -6.509833971243830786e-02
-5.545410445565202018e-02 -6.005866819416186275e-02
-6.339513970539616128e-02 -5.392887605637741028e-02
-7.064216722922216085e-02 -4.677210842685483594e-02
-7.706439987905237821e-02 -3.866887356163792311e-02
-8.254061243355850785e-02 -2.971615140816848480e-02
-8.696119879214062043e-02 -2.002623297114977663e-02
-9.023008556907828603e-02 -9.725304432434750054e-03
-9.226647058890979913e-02 1.048205920777545760e-03
-9.300635708330658169e-02 1.214549603612707918e-02
-9.240385716213345146e-02 2.340944820799971057e-02
-9.043224133872565518e-02 3.467684824446807396e-02
-8.708471448638416268e-02 4.578073415852920713e-02
-8.237490253806821483e-02 5.655284049165903298e-02
-7.633703845702503876e-02 6.682610250951356856e-02
-6.902584044068009461e-02 7.643718316746291042e-02
-6.051607990772300827e-02 8.522898495273691089e-02
-5.090184149032013494e-02 9.305310848723630235e-02
-4.029548193932214889e-02 9.977222012891168168e-02
-2.882629947902140208e-02 1.052622917396886654e-01
-1.663892964859581963e-02 1.094146772850792398e-01
-3.891487970430505382e-03 1.121379929770203454e-01
9.246515145170454072e-03 1.133597688627126510e-01
2.259646165092887848e-02 1.130278488710515783e-01
3.597308347914312393e-02 1.111115111969258468e-01
4.918705300594477386e-02 1.076022865608681073e-01
6.204767249600016271e-02 1.025144627801546637e-01
7.436562327516679782e-02 9.588526257944893216e-02
8.595573475790876938e-02 8.777468788891255869e-02
9.663973273106638007e-02 7.826502876021691757e-02
1.062489261698362775e-01 6.746003998622600306e-02
1.146267923421267487e-01 5.548379346454695299e-02
1.216314210412999808e-01 4.247921922443091691e-02
1.271377804630935138e-01 2.860635276707735458e-02
1.310397694896499043e-01 1.404031087943658287e-02
1.332520239327988909e-01 -1.030977697848584887e-03
1.337114475824179027e-01 -1.640925650172972081e-02
1.323784426584609653e-01 -3.188860677934619164e-02
1.292378184245422945e-01 -4.725825744172133802e-02
1.242993612278514154e-01 -6.230550039270488227e-02
1.175980540201824048e-01 -7.681867017846588652e-02
1.091939384188954920e-01 -9.059014558292090291e-02
9.917161751202119291e-02 -1.034193300869920978e-01
8.763940282327763176e-02 -1.151155680290476546e-01
7.472811405391846518e-02 -1.255009538555477699e-01
6.058954533220726330e-02 -1.344129930306978693e-01
4.539461665196259377e-02 -1.417070749683403963e-01
2.933123488109992683e-02 -1.472587196535073140e-01
1.260188966338052913e-02 -1.509655674033475448e-01
-4.578983334055052729e-03 -1.527490776110214943e-01
-2.198783347266751453e-02 -1.525559079639789706e-01
-3.939498472603986112e-02 -1.503589551379992950e-01
-5.656774198765404660e-02 -1.461580378587110929e-01
-7.327357102265115441e-02 -1.399802095077573860e-01
-8.928330761064393051e-02 -1.318796926697960170e-01
-1.043743506891191414e-01 -1.219374333774820018e-01
-1.183337942185203329e-01 -1.102602782369098283e-01
-1.309614530551928557e-01 -9.697978302687895735e-02
-1.420727393318731990e-01 -8.225066668285872795e-02
-1.515013476926300728e-01 -6.624892972282135639e-02
-1.591017101860806304e-01 -4.916966107156629795e-02
-1.647511846542471792e-01 -3.122456182048895246e-02
-1.683519440229487019e-01 -1.263921865311514771e-02
-1.698325379535374768e-01 6.349836589275778542e-03
-1.691491027982197914e-01 2.549824148900511553e-02
-1.662862006488401156e-01 4.455704938297147533e-02
-1.612572734130238716e-01 6.327606295651376500e-02
-1.541047032186203813e-01 8.140720915135103708e-02
-1.448994759606608562e-01 9.870790862722572667e-02
-1.337404503854285887e-01 1.149443928695927514e-01
-1.207532406734408009e-01 1.298949225568168109e-01
-1.060887259568812357e-01 1.433528619842647234e-01
-8.992120660368388418e-02 1.551295653450709411e-01
-7.244622813356529911e-02 1.650570369816412308e-01
-5.387810241182860310e-02 1.729903247993556659e-01
-3.444716196457113522e-02 1.788096115512304851e-01
-1.439678100044120002e-02 1.824219765948418837e-01
6.019795871745840105e-03 1.837628013886752620e-01
2.654277430292231732e-02 1.827967979553446198e-01
4.690923510317827200e-02 1.795186447429439058e-01
6.685661666504806588e-02 1.739532197502803856e-01
8.612620727467386328e-02 1.661554263694133282e-01
1.044665994255335878e-01 1.562096130600453270e-01
1.216370586753487831e-01 1.442285936240424726e-01
1.374107606823627703e-01 1.303522804139452540e-01
1.515778518071402015e-01 1.147459482072830800e-01
1.639482910456757647e-01 9.759815163175555863e-02
1.743544340351168009e-01 7.911832386136895268e-02
1.826533234024240726e-01 5.953408875151688234e-02
1.887286537584810242e-01 3.908832257848570552e-02
1.924923841179624617e-01 1.803600503919831205e-02
1.938859753847683720e-01 -3.359097899207804695e-03
1.928812357146567624e-01 -2.482787437447335141e-02
1.894807619771110008e-01 -4.609938359814150233e-02
1.837179711103507362e-01 -6.690440173624050135e-02
1.756567208174352190e-01 -8.697894863663878373e-02
1.653905247072662010e-01 -1.060677476276757070e-01
1.530413738725089901e-01 -1.239275708720965485e-01
1.387581773675841124e-01 -1.403304277947269030e-01
1.227148445856861420e-01 -1.550665506998037957e-01
1.051080390500417211e-01 -1.679471368547592602e-01
8.615463045216130433e-02 -1.788068127447540734e-01
6.608888079024292928e-02 -1.875057866622807379e-01
4.515940291787868405e-02 -1.939316611184483119e-01
2.362593284187855525e-02 -1.980008812884636316e-01
1.755959552309248111e-03 -1.996598007469743419e-01
-2.017874200481581740e-02 -1.988853510369658351e-01
-4.190562801495696654e-02 -1.956853070732146316e-01
-6.315490561340371400e-02 -1.900981459301450960e-01
-8.366300823319074154e-02 -1.821925021255864363e-01
-1.031759800641408181e-01 -1.720662280078053274e-01
-1.214527246287221696e-01 -1.598450732060144042e-01
-1.382680745226182173e-01 -1.456810022394433857e-01
-1.534156419963806084e-01 -1.297501742256323976e-01
-1.667104132292051843e-01 -1.122506131179780431e-01
-1.779910528190525032e-01 -9.339960097431160291e-02
-1.871218891304743670e-01 -7.343083035730996189e-02
-1.939945556419925554e-01 -5.259135504580613601e-02
-1.985292682529627983e-01 -3.113838075330498459e-02
-2.006757235756521929e-01 -9.335939474217546871e-03
-2.004136084787603300e-01 1.254850761378983708e-02
-1.977527164887873112e-01 3.424749308569827871e-02
-1.927326735671367752e-01 5.549694567311324461e-02
-1.854222751961728533e-01 7.603952998999680135e-02
-1.759184484026310169e-01 9.562787649706389059e-02
-1.643448590321415215e-01 1.140276591855501204e-01
-1.508501808984852310e-01 1.310204838978698827e-01
-1.356060537089031903e-01 1.464065494616403895e-01
-1.188047593233861332e-01 1.600070482591776921e-01
-1.006566494587139149e-01 1.716662766719652122e-01
-8.138736101095184194e-02 1.812534300309296964e-01
-6.123485770442141374e-02 1.886640612061118161e-01
-4.044633875008625534e-02 1.938211867170508418e-01
-1.927505658935457430e-02 1.966760291685729078e-01
2.022913403364669672e-03 1.972083898444682293e-01
2.319190818959405292e-02 1.954266503517284592e-01
4.397987463842188693e-02 1.913674072288250316e-01
6.414148771833799723e-02 1.850947483424454365e-01
8.344114917798797770e-02 1.766991846300058622e-01
1.016558286724013743e-01 1.662962552352456047e-01
1.185777118799715701e-01 1.540248282706141447e-01
1.340166232025093718e-01 1.400451232673784741e-01
1.478021940973625603e-01 1.245364847926057061e-01
1.597857519028428042e-01 1.076949396781247126e-01
1.698419081274932518e-01 8.973057278398083314e-02
1.778698295179289846e-01 7.086475817904301644e-02
1.837941797343400352e-01 5.132728404340852757e-02
1.875657258020917151e-01 3.135341135491646891e-02
1.891616016371110987e-01 1.118090236337600761e-02
1.885852326948274926e-01 -8.952938127084650657e-03
1.858659323350874137e-01 -2.881416949115630718e-02
1.810581754932417409e-01 -4.817503597446080171e-02
1.742405659103467286e-01 -6.681666470466619823e-02
1.655145155819114366e-01 -8.453160789598163083e-02
1.550026586381686722e-01 -1.011261987995481643e-01
1.428470250518500684e-01 -1.164226940073796457e-01
1.292070023425420655e-01 -1.302611780996455193e-01
1.142571157771573032e-01 -1.425012102802266367e-01
9.818465942813264791e-02 -1.530231965164591534e-01
8.118721182624336064e-02 -1.617294747264060029e-01
6.347007082243869003e-02 -1.685451046801161590e-01
4.524364264943092628e-02 -1.734183584390310839e-01
2.672082005292891749e-02 -1.763209112893660002e-01
8.114383755718577312e-03 -1.772477371717743333e-01
-1.036553955642674149e-02 -1.762167165140384739e-01
-2.851393105483292570e-02 -1.732679680821977986e-01
-4.613321565017695913e-02 -1.684629199285971879e-01
-6.303545249631369030e-02 -1.618831376875825012e-01
-7.904435531169742846e-02 -1.536289313109508448e-01
-9.399712063866823286e-02 -1.438177638114744583e-01
-1.077460453236061960e-01 -1.325824876657105411e-01
-1.201599178504113435e-01 -1.200694361952121397e-01
-1.311251734177357187e-01 -1.064363996144140345e-01
-1.405467995792750446e-01 -9.185051084442828750e-02
-1.483489898549393560e-01 -7.648607513213408204e-02
-1.544755487538089223e-01 -6.052237429238242067e-02
-1.588900453569288829e-01 -4.414147084605679616e-02
-1.615757225657584173e-01 -2.752604180862195521e-02
-1.625351708178540966e-01 -1.085726909481417833e-02
-1.617897780157502019e-01 5.687188126059586520e-03
-1.593789701002872594e-01 2.193511573792822703e-02
-1.553592590923577044e-01 3.772154048965619538e-02
-1.498031174990440695e-01 5.289038061584916406e-02
-1.427976997089785427e-01 6.729593522950713669e-02
-1.344434323709303436e-01 8.080419925367951506e-02
-1.248524967486951964e-01 9.329399356318518466e-02
-1.141472266700033211e-01 1.046579029630778090e-01
-1.024584459391240099e-01 1.148030175904630329e-01
-8.992376896978170053e-02 1.236514762442509491e-01
-7.668588793024111450e-02 1.311408129790732624e-01
-6.289086889460937524e-02 1.372241110030672506e-01
-4.868647838711068210e-02 1.418699704558986363e-01
-3.422056031728668707e-02 1.450622989783668937e-01
-1.963948166560804121e-02 1.467999360875848203e-01
-5.086663425934688509e-03 1.470961242160778171e-01
9.298788718671898573e-03 1.459778408382532422e-01
2.338334167751434864e-02 1.434850073778353996e-01
3.704017183792641943e-02 1.396695929406847891e-01
5.015016934269293097e-02 1.345946251909384550e-01
6.260280604227048962e-02 1.283331307637515795e-01
7.429686866766711806e-02 1.209670246856130310e-01
8.514105154611317783e-02 1.125859616215436898e-01
9.505441148929776041e-02 1.032861676057149902e-01
1.039666881609548899e-01 9.316926838894579177e-02
1.118184950737455968e-01 8.234112951869346220e-02
1.185613880178743584e-01 7.091072204417996072e-02
1.241578191635588357e-01 5.898902634166006825e-02
1.285809862887075661e-01 4.668798501530654205e-02
1.318145875490402408e-01 3.411951418217414739e-02
1.338524929223399995e-01 2.139458073064051669e-02
1.346983439184192277e-01 8.622351386390295080e-03
1.343650933534338288e-01 -4.090582336122338888e-03
1.328744969478737603e-01 -1.664090094121321167e-02
1.302565682329089591e-01 -2.892917481875387220e-02
1.265490077550610881e-01 -4.086040402876881666e-02
1.217966168735865468e-01 -5.234448229519021029e-02
1.160507055711414159e-01 -6.329658878244019682e-02
1.093685026719236897e-01 -7.363751233905024840e-02
1.018125757106450868e-01 -8.329391381389178450e-02
9.345026645039052060e-02 -9.219853276961192945e-02
8.435314673896381066e-02 -1.002903454257761950e-01
7.459649805366790065e-02 -1.075146809567743000e-01
6.425881525782088655e-02 -1.138233049333674807e-01
5.342133904278395518e-02 -1.191744714684032647e-01
4.216761548873160237e-02 -1.235329556919292915e-01
3.058307670524471750e-02 -1.268700751162564200e-01
1.875464399085146824e-02 -1.291637002200630435e-01
6.770348801093995644e-03 -1.303982608155148659e-01
-5.281032833786902109e-03 -1.305647519066082951e-01
-1.731033735746982313e-02 -1.296607416774521182e-01
-2.922836748561094197e-02 -1.276903831076564022e-01
-4.094624820551688582e-02 -1.246644295280964487e-01
-5.237579039643376622e-02 -1.206002532346332895e-01
-6.342986725446347895e-02 -1.155218651007294678e-01
-7.402280827410592789e-02 -1.094599320027865030e-01
-8.407081491851929600e-02 -1.024517878239722679e-01
-9.349240131608507753e-02 -9.454143286130038681e-02
-1.022088623689540871e-01 -8.577951565263197686e-02
-1.101447705707323532e-01 -7.622329058834220739e-02
-1.172285016293346527e-01 -6.593654419675709644e-02
-1.233927877040295051e-01 -5.498948270973128688e-02
-1.285752957218248282e-01 -4.345857343760439750e-02
-1.327192268682852172e-01 -3.142633261977967329e-02
-1.357739319834409542e-01 -1.898105277245680164e-02
-1.376955362669458616e-01 -6.216463128242380454e-03
-1.384475654402695655e-01 6.768682451487087991e-03
-1.380015643589057317e-01 1.987109472096725005e-02
-1.363376968435101311e-01 3.298352058481433119e-02
-1.334453186874218489e-01 4.599539335422991870e-02
-1.293235119286311186e-01 5.879356705847520875e-02
-1.239815645382455200e-01 7.126313655404269143e-02
-1.174393865124690600e-01 8.328833526403001120e-02
-1.097278492965217123e-01 9.475350793610136380e-02
-1.008890365046673232e-01 1.055441520789620891e-01
-9.097639441078277101e-02 1.155480199297101440e-01
-8.005477145420208940e-02 1.246562710380101635e-01
-6.820033703231066780e-02 1.327646638640500310e-01
-5.550037112598024680e-02 1.397747732115887376e-01
-4.205291781296735532e-02 1.455952188899241606e-01
-2.796629744964365671e-02 1.501428897524286210e-01
-1.335847422016183186e-02 1.533441462252114196e-01
1.643722162557652040e-03 1.551359836453108099e-01
1.690551959855960892e-02 1.554671381979385036e-01
3.228526825710478082e-02 1.542991169970152621e-01
4.763564103176329279e-02 1.516071339084232306e-01
6.280496166565828486e-02 1.473809330821035379e-01
7.763865002040480634e-02 1.416254828432505775e-01
9.198077162151870045e-02 1.343615235949641717e-01
1.056756763712599217e-01 1.256259546999136389e-01
1.185697092185168250e-01 1.154720469264276378e-01
1.305129736547417929e-01 1.039694689490871515e-01
1.413611272035059097e-01 9.120411856420457264e-02
1.509771857378956195e-01 7.727775004311451812e-02
1.592333151024155069e-01 6.230739872123342016e-02
1.660125859933230807e-01 4.642459702076950218e-02
1.712106642098028264e-01 2.977438038923315919e-02
1.747374136722107396e-01 1.251409281978834581e-02
1.765183870256339105e-01 -5.188002367899126679e-03
1.764961797470974703e-01 -2.315429593446045528e-02
1.746316246729021637e-01 -4.119957674759915089e-02
1.709048052414922914e-01 -5.913292994225519128e-02
1.653158674970330311e-01 -7.675976995384074797e-02
1.578856130034679561e-01 -9.388398658288610310e-02
1.486558572561891001e-01 -1.103101799057954191e-01
1.376895409207598286e-01 -1.258459577831558818e-01
1.250705842421355463e-01 -1.403042679734784470e-01
1.109034782152486937e-01 -1.535057354716375944e-01
9.531260954586839862e-02 -1.652809746881713227e-01
7.844132001259408737e-02 -1.754728454932961701e-01
6.045070451670884332e-02 -1.839386219875219775e-01
4.151815582388118653e-02 -1.905520431424744254e-01
2.183566770604462859e-02 -1.952052151878175268e-01
1.607911827929475908e-03 -1.978103368031618736e-01
-1.894989276472590703e-02 -1.983012198008411164e-01
-3.961429536397461509e-02 -1.966345800428988544e-01
-6.015608923124700358e-02 -1.927910758032036487e-01
-8.034291902663041884e-02 -1.867760736364216523e-01
-9.994198881625258879e-02 -1.786201235438768242e-01
-1.187228391001114158e-01 -1.683791349611724053e-01
-1.364601589878676191e-01 -1.561342405118725796e-01
-1.529365954447570453e-01 -1.419913393274943869e-01
-1.679455246487901454e-01 -1.260803232907354021e-01
-1.812937484186114556e-01 -1.085539876016163863e-01
-1.928040791410811916e-01 -8.958663295816261807e-02
-2.023177773515807409e-01 -6.937237094537798687e-02
-2.096968073568249435e-01 -4.812314845344674297e-02
-2.148258780312878591e-01 -2.606651103652928361e-02
-2.176142381484285626e-01 -3.443129016394312625e-03
-2.179971983035446925e-01 1.949588622845102592e-02
-2.159373546159699675e-01 4.249184502357977733e-02
-2.114254929273540196e-01 6.528148748589363004e-02
-2.044811560964908681e-01 8.760010066763707082e-02
-1.951528611803744484e-01 1.091847063968028747e-01
-1.835179577315339816e-01 1.297772798549302331e-01
-1.696821230745181319e-01 1.491279578568255326e-01
-1.537784951873741868e-01 1.669981952653836199e-01
-1.359664486421010010e-01 1.831638280038946631e-01
-1.164300238845470403e-01 1.974180017255918740e-01
-9.537602489146500273e-02 2.095739263652814377e-01
-7.303180486293113505e-02 2.194674185221359708e-01
-4.964276402574242797e-02 2.269591958894691397e-01
-2.546958777345153038e-02 2.319368907319467876e-01
-7.852576405590558101e-04 2.343167514926602080e-01
2.412813021460247231e-02 2.340450103300825424e-01
4.898270107266248369e-02 2.310988918292662120e-01
7.348824944520596092e-02 2.254872432030662621e-01
9.735575670689938788e-02 2.172507770458464160e-01
1.203009339923350463e-01 2.064619176771943510e-01
1.420477451029878713e-01 1.932242485160978185e-01
1.623318639275429520e-01 1.776715631570087162e-01
1.809040212483541410e-01 1.599665280697445957e-01
1.975331967888774298e-01 1.402989700429955466e-01
2.120096139438960581e-01 1.188838065641709268e-01
2.241474968099881893e-01 9.595864220538882772e-02
2.337875518733198710e-01 7.178105869773165892e-02
2.407991399827234535e-01 4.662563065773264737e-02
2.450821079976945871e-01 2.078070281982283274e-02
2.465682537057468648e-01 -5.455031930434405679e-03
2.452224021973332668e-01 -3.177611148578315253e-02
2.410430768092426124e-01 -5.787399577463258477e-02
2.340627529340145174e-01 -8.344082389366264119e-02
2.243476883743478756e-01 -1.081731894543662142e-01
2.119973294254167140e-01 -1.317758859034946772e-01
1.971432974200387767e-01 -1.539655736405710351e-01
1.799479659962183176e-01 -1.744743214638845019e-01
1.606026447681404568e-01 -1.930529762238583358e-01
1.393253903256714554e-01 -2.094743165346460434e-01
1.163584709335185874e-01 -2.235359481047805019e-01
9.196551455746980464e-02 -2.350629050820013388e-01
6.642837495759601474e-02 -2.439099204197494597e-01
4.004375616971467960e-02 -2.499633331118596424e-01
1.311963627837037585e-02 -2.531426090125972750e-01
-1.402846440331368544e-02 -2.534014532122114693e-01
-4.108132365941881414e-02 -2.507284981316299510e-01
-6.771991752158947053e-02 -2.451475569779021368e-01
-9.362933061207984187e-02 -2.367174378370004717e-01
-1.185026267544198736e-01 -2.255313193966376473e-01
-1.420446302969708419e-01 -2.117156950115092195e-01
-1.639755696252200023e-01 -1.954288974692803826e-01
-1.840345360170791977e-01 -1.768592223109603234e-01
-2.019827133003379016e-01 -1.562226728292817612e-01
-2.176063366727374326e-01 -1.337603548414827148e-01
-2.307193425045618307e-01 -1.097355539406502933e-01
-2.411656749151158685e-01 -8.443053210963320787e-02
-2.488212193448307019e-01 -5.814308427640599297e-02
-2.535953381744568969e-01 -3.118289854923279175e-02
-2.554319886068251999e-01 -3.867766450947978090e-03
-2.543104084552591515e-01 2.348030856100735350e-02
-2.502453611025805547e-01 5.053905467517954414e-02
-2.432869366297758240e-01 7.698987712498257807e-02
-2.335199118862534284e-01 1.025217551218622347e-01
-2.210626780061933361e-01 1.268350407038177363e-01
-2.060657501186636265e-01 1.496451106084830118e-01
-1.887098771686198107e-01 1.706858269335046474e-01
-1.692037770598743274e-01 1.897127609042083551e-01
-1.477815284201582646e-01 2.065061383005915574e-01
-1.246996511508774719e-01 2.208734715752584954e-01
-1.002339141303000281e-01 2.326518451661675480e-01
-7.467591141537686938e-02 2.417098258179574966e-01
-4.832945117995320755e-02 2.479489746729760802e-01
-2.150680392554799036e-02 2.513049431340247386e-01
5.475141824082393679e-03 2.517481399636690154e-01
3.229876710232722908e-02 2.492839626953365917e-01
5.864960373541412697e-02 2.439525921131212860e-01
8.422015989973355432e-02 2.358283542333259319e-01
1.087136416010000134e-01 2.250186598147459471e-01
1.318475232469384362e-01 2.116625368614068192e-01
1.533569226692525211e-01 1.959287767882504638e-01
1.729977387149687351e-01 1.780137198279529154e-01
1.905495128317161724e-01 1.581387098008943115e-01
2.058179798687323481e-01 1.365472524908536989e-01
2.186372775514890121e-01 1.135019155129461804e-01
2.288717887031631870e-01 8.928101068116406358e-02
2.364175952162254346e-01 6.417510244158594612e-02
2.412035279537036170e-01 3.848338790278345994e-02
2.431918021107521144e-01 1.250999534443332853e-02
2.423782330196206092e-01 -1.343975119550891439e-02
2.387920337880243826e-01 -3.906305309373545032e-02
2.324951980841986898e-01 -6.406329882186316549e-02
2.235814805063069954e-01 -8.815361812512022277e-02
2.121749932181462295e-01 -1.110602841320472572e-01
1.984284373275851387e-01 -1.325259232127455611e-01
1.825209955291437203e-01 -1.523124929221071344e-01
1.646559159005052120e-01 -1.702039924063330212e-01
1.450578204675400940e-01 -1.860088734573597524e-01
1.239697753966553101e-01 -1.995621245922298004e-01
1.016501623974675472e-01 -2.107270050526740546e-01
7.836939309096030426e-02 -2.193964103999796744e-01
5.440650969434562834e-02 -2.254938563543295305e-01
3.004571637793113092e-02 -2.289740726268818527e-01
5.572886053835501147e-03 -2.298232036465290007e-01
-1.872791283779629695e-02 -2.280586182210752044e-01
-4.257782576327751034e-02 -2.237283352249691548e-01
-6.570651532512228332e-02 -2.169100773050987585e-01
-8.785531776558586081e-02 -2.077099692776963047e-01
-1.087802146419318688e-01 -1.962609022920374646e-01
-1.282545844671571789e-01 -1.827205889038077957e-01
-1.460717024369452000e-01 -1.672693378815097998e-01
-1.620469600712700631e-01 -1.501075808178083948e-01
-1.760197806320066560e-01 -1.314531853955151486e-01
-1.878552104769418696e-01 -1.115385924332588652e-01
-1.974451710135765869e-01 -9.060781558442490558e-02
-2.047093618039582119e-01 -6.891334433164136852e-02
-2.095958053424179790e-01 -4.671298871692963067e-02
-2.120810339980509218e-01 -2.426670921725272712e-02
-2.121699256476362039e-01 -1.833472482371352550e-03
-2.098951923046199208e-01 2.033182968060980728e-02
-2.053165351671802363e-01 4.198135933440236972e-02
-1.985194825628738002e-01 6.287717351619559469e-02
-1.896139311124362958e-01 8.279389390848750085e-02
-1.787324139424680269e-01 1.015211743953803175e-01
-1.660281229032609940e-01 1.188659390164324842e-01
-1.516727144572141417e-01 1.346543663351486841e-01
-1.358539311648841730e-01 1.487336000027858207e-01
-1.187730724862616771e-01 1.609731692639511935e-01
-1.006423499179282532e-01 1.712661072601357193e-01
-8.168216229305733100e-02 1.795297591814425664e-01
-6.211832737870484622e-02 1.857062765357176681e-01
-4.217930571851943172e-02 1.897627979891025884e-01
-2.209345200085214775e-02 1.916913213252642856e-01
-2.086328100865294990e-03 1.915082750170523096e-01
1.762188962449528010e-02 1.892538016520392830e-01
3.681887818720692290e-02 1.849907689540236932e-01
5.530248271223599243e-02 1.788035273522621815e-01
7.288285250291537398e-02 1.707964359300784274e-01
8.938437582241501311e-02 1.610921811011851723e-01
1.046473939916444523e-01 1.498299144880228806e-01
1.185296802589085180e-01 1.371632390233149812e-01
1.309076669366563694e-01 1.232580695460158415e-01
1.416774137882385043e-01 1.082904015689588467e-01
1.507553162109452893e-01 9.244401972948726454e-02
1.580785473581710066e-01 7.590817375274955259e-02
1.636052373840267415e-01 5.887525334871547555e-02
1.673143951905084470e-01 4.153849147289583738e-02
1.692055813161685851e-01 2.408972414930583839e-02
1.692983436537708331e-01 6.717233466352773644e-03
1.676314304842165537e-01 -1.039630155601448808e-02
1.642617978312606031e-01 -2.707572373037785488e-02
1.592634303472951207e-01 -4.315516604949932999e-02
1.527259968111913391e-01 -5.847965222660307660e-02
1.447533628368254388e-01 -7.290651485658557196e-02
1.354619845431752623e-01 -8.630661956257526524e-02
1.249792077172242055e-01 -9.856538649898166637e-02
1.134414974086001976e-01 -1.095836036132788599e-01
1.009926229347953008e-01 -1.192780290788447578e-01
8.778182295830813664e-02 -1.275817832562756438e-01
7.396197463765592783e-02 -1.344445333788968078e-01
5.968778987326996133e-02 -1.398324768505974924e-01
4.511406039157288966e-02 -1.437281315547981886e-01
3.039397186471231097e-02 -1.461299438702500508e-01
1.567750548155205301e-02 -1.470517271445721807e-01
1.109943402458831189e-03 -1.465219451665909778e-01
-1.316950910611856124e-02 -1.445828578795400887e-01
-2.702896889686153339e-02 -1.412895422833266856e-01
-4.034497934973614586e-02 -1.367088107679103881e-01
-5.300347079187105875e-02 -1.309180471710775784e-01
-6.490056783037591315e-02 -1.240039756003274984e-01
-7.594324231923307855e-02 -1.160613825463130411e-01
-8.604981181787370315e-02 -1.071918110098366850e-01
-9.515028560903576738e-02 -9.750224478611171919e-02
-1.031865624191418002e-01 -8.710380021708311049e-02
-1.101124858970835424e-01 -7.611044165828401153e-02
-1.158937656318723697e-01 -6.463773563732881644e-02
-1.205077730049208262e-01 -5.280165723569617969e-02
-1.239432224617199874e-01 -4.071746063499555313e-02
-1.261997498376877525e-01 -2.849862406602624715e-02
-1.272874001757514362e-01 -1.625587761712846482e-02
-1.272260380250696821e-01 -4.096320531442924906e-03
-1.260446935119176048e-01 7.877367215671683340e-03
-1.237808575302365433e-01 1.956761608488877258e-02
-1.204797392199064981e-01 3.088255967702421487e-02
-1.161934984985819874e-01 4.173652944533533943e-02
-1.109804658046748271e-01 5.205045346107403659e-02
-1.049043604147067710e-01 6.175216271630702691e-02
-9.803351774054447354e-02 7.077660973194083160e-02
-9.044013491604580013e-02 7.906600535001657992e-02
-8.219954277531425768e-02 8.656988051361796943e-02
-7.338950971742859430e-02 9.324508208937482001e-02
-6.408958619900993747e-02 9.905570556132510529e-02
-5.438049319544096399e-02 1.039729774868377449e-01
-4.434355343029494634e-02 1.079750985795792650e-01
-3.406017043026007135e-02 1.110470508566022557e-01
-2.361135459620652272e-02 1.131803787665331129e-01
-1.307729522526680094e-02 1.143729519859954941e-01
-2.536976335982252685e-03 1.146287169657251304e-01
7.932166807288599727e-03 1.139574435618496973e-01
1.825455438625151958e-02 1.123744722228899734e-01
2.835673650614253458e-02 1.099004662425658724e-01
3.816764051340450215e-02 1.065611725573571977e-01
4.761879651833444277e-02 1.023871934919069054e-01
5.664454661934729268e-02 9.741377076123869383e-02
6.518224327982695410e-02 9.168058195287015488e-02
7.317244208969429786e-02 8.523154866024121312e-02
8.055909375979436460e-02 7.811465444644540013e-02
8.728973965937375512e-02 7.038176990760090790e-02
9.331571452983362935e-02 6.208848129996961257e-02
9.859235920902938155e-02 5.329391851345094411e-02
1.030792452996023983e-01 4.406057763297591134e-02
1.067404127342378439e-01 3.445413294224881212e-02
1.095446201541304537e-01 2.454323300160995980e-02
1.114656069493204921e-01 1.439927538044797478e-02
1.124823647367135804e-01 4.096154747896314612e-03
1.125794139920821835e-01 -6.290022396802850274e-03
1.117470838022909113e-01 -1.668125521130326555e-02
1.099817895946433588e-01 -2.699800664715416854e-02
1.072862993907082035e-01 -3.715960837347355439e-02
1.036699844766526823e-01 -4.708470919261253940e-02
9.914904654181380672e-02 -5.669177000954699758e-02
9.374671349771288020e-02 -6.589960537388632467e-02
8.749339593108268476e-02 -7.462797039715533820e-02
8.042679606678192206e-02 -8.279819057907880642e-02
7.259196122766348180e-02 -9.033383078094668617e-02
6.404127408285786860e-02 -9.716139828876516060e-02
5.483437247409277820e-02 -1.032110736413684587e-01
4.503799229835867696e-02 -1.084174616865562629e-01
3.472572779741620735e-02 -1.127203541987556457e-01
2.397770464957332121e-02 -1.160654943708143982e-01
1.288016246251526276e-02 -1.184053326049682719e-01
1.524944610054768069e-03 -1.196997622964826591e-01
-9.991105180294175547e-03 -1.199168237482469285e-01
-2.156683852156528192e-02 -1.190333639931919762e-01
-3.309758774512592400e-02 -1.170356401481363745e-01
-4.447603669019209449e-02 -1.139198539883902184e-01
-5.559317094651981123e-02 -1.096926057242766650e-01
-6.633929992213082050e-02 -1.043712554818654603e-01
-7.660514148634151033e-02 -9.798418173980659451e-02
-8.628295839557731384e-02 -9.057092694724605542e-02
-9.526773360658757905e-02 -8.218221999293597035e-02
-1.034583721687568902e-01 -7.287987391105026080e-02
-1.107589157993651013e-01 -6.273654902248697318e-02
-1.170797518690811084e-01 -5.183537431645247884e-02
-1.223388021078978122e-01 -4.026943054460834642e-02
-1.264626739639245490e-01 -2.814109316018252593e-02
-1.293877575573574579e-01 -1.556123715794186305e-02
-1.310612511887148668e-01 -2.648307997366067257e-03
-1.314420986466276198e-01 1.047273506355871943e-02
-1.305018221200297812e-01 2.367159476726100886e-02
-1.282252353520109134e-01 3.681392025319151634e-02
-1.246110227728612352e-01 4.976268752468384488e-02
-1.196721717084471559e-01 6.237966158668937361e-02
-1.134362463630707307e-01 7.452692413689106232e-02
-1.059454941051626992e-01 8.606844916007684587e-02
-9.725677661725179446e-02 9.687170745793972915e-02
-8.744132068256676993e-02 1.068092800703117490e-01
-7.658428573987209609e-02 1.157604597326288565e-01
-6.478414781321321925e-02 1.236128189878829969e-01
-5.215190197909966990e-02 1.302637233451020282e-01
-3.881008813318975736e-02 1.356217679617846561e-01
-2.489164742321124668e-02 1.396081167313296678e-01
-1.053861928519815062e-02 1.421577233801668283e-01
4.099308483591398121e-03 1.432204152198854052e-01
1.886638179890553699e-02 1.427618215490985276e-01
3.360247706208546042e-02 1.407641287179000611e-01
4.814489400039628081e-02 1.372266525280456950e-01
6.233022480659042991e-02 1.321662120777633564e-01
7.599627508831668932e-02 1.256172919512474617e-01
8.898401371657704839e-02 1.176319905773867691e-01
1.011395268319732338e-01 1.082797486080685351e-01
1.123159506477923869e-01 9.764685573917147865e-02
1.223753573948596629e-01 8.583573738041176682e-02
1.311905688160235062e-01 7.296402560780315683e-02
1.386468720441567382e-01 5.916342186128985964e-02
1.446436134873610446e-01 4.457836183600061286e-02
1.490956474939484633e-01 2.936449591436302020e-02
1.519346180676181268e-01 1.368700125438607890e-02
1.531100537345986279e-01 -2.281255755604794707e-03
1.525902578087613704e-01 -1.836168558409072629e-02
1.503629787322719180e-01 -3.437204696376975482e-02
1.464358478580417566e-01 -5.012859855414228405e-02
1.408365749516899967e-01 -6.544830426807360380e-02
1.336128947867445127e-01 -8.015106448941966555e-02
1.248322614460187774e-01 -9.406194459371292060e-02
1.145812902804014960e-01 -1.070133717526504241e-01
1.029649508675952174e-01 -1.188472709675412048e-01
9.010551771013575184e-02 -1.294171116431988844e-01
7.614128876612769048e-02 -1.385898367824847099e-01
6.122508516934561940e-02 -1.462476480474697860e-01
4.552254887399084099e-02 -1.522896200279631185e-01
2.921025755507362931e-02 -1.566331249595288855e-01
1.247367767668704219e-02 -1.592150437534712859e-01
-4.495018122291771258e-03 -1.599927419208378998e-01
-2.149924303829641586e-02 -1.589447993486608202e-01
-3.834036908587199616e-02 -1.560714800175082850e-01
-5.482015112062656181e-02 -1.513949325561968484e-01
-7.074317093970079739e-02 -1.449591160231879783e-01
-8.591926988015215205e-02 -1.368294489143109249e-01
-1.001659381448328223e-01 -1.270921830736013447e-01
-1.133106293277744148e-01 -1.158535078773793164e-01
-1.251929692877426503e-01 -1.032383937196325319e-01
-1.356668296242628802e-01 -8.938918739778999034e-02
-1.446022375336596111e-01 -7.446397543130074681e-02
-1.518870957460617399e-01 -5.863473459183330544e-02
-1.574286885446258832e-01 -4.208529193637414179e-02
-1.611549525165826280e-01 -2.500911936895893264e-02
-1.630154936481048866e-01 -7.606990172752282203e-03
-1.629823356126993417e-01 9.915472984559654118e-03
-1.610503875728990231e-01 2.735032739409188479e-02
-1.572376234709318421e-01 4.448988455731923281e-02
-1.515849685762578059e-01 6.112929607597677312e-02
-1.441558929346255513e-01 7.706911752869527454e-02
-1.350357152712738651e-01 9.211781675712131523e-02
-1.243306247859971986e-01 1.060941935166750949e-01
-1.121664322944716102e-01 1.188296771186934664e-01
-9.868706561624096540e-02 1.301704755040476447e-01
-8.405282649527266725e-02 1.399795441817926756e-01
-6.843843210152726619e-02 1.481383457992347663e-01
-5.203086546354353248e-02 1.545483805199656391e-01
-3.502706206974819797e-02 1.591324649582655792e-01
-1.763146227772360158e-02 1.618357420122031043e-01
-5.346108234534443945e-05 1.626264074589399145e-01
1.749521171610559506e-02 1.614961429042071905e-01
3.480314685646778566e-02 1.584602485628507640e-01
5.166191180036514702e-02 1.535574733355364874e-01
6.786867296543776240e-02 1.468495436832967516e-01
8.322874957577536259e-02 1.384203968308230226e-01
9.755806552431603440e-02 1.283751277954264802e-01
1.106854669290067705e-01 1.168386635862756207e-01
1.224548747949638638e-01 1.039541815942271602e-01
1.327272443459317219e-01 8.988129264492333848e-02
1.413823051312483592e-01 7.479401236846365542e-02
1.483200589149413495e-01 5.887854740321359082e-02
1.534620155720447798e-01 4.233092545885397406e-02
1.567521507097351385e-01 2.535450037922110100e-02
1.581575724494839741e-01 8.157365038893091627e-03
1.576688886999197958e-01 -9.050293845212787833e-03
1.553002702647220956e-01 -2.605886412258285462e-02
1.510892092101239204e-01 -4.266196466541152810e-02
1.450959762123389396e-01 -5.865905362942250983e-02
1.374027843870525289e-01 -7.385795801887830303e-02
1.281126700528160689e-01 -8.807728867265939010e-02
1.173481070023832395e-01 -1.011487064581724077e-01
1.052493727979516430e-01 -1.129190138605774413e-01
9.197268916076611900e-02 -1.232520434622079719e-01
7.768816161031581735e-02 -1.320303188420514917e-01
6.257754616341702769e-02 -1.391564665350062124e-01
4.683187317428876006e-02 -1.445543610885587638e-01
3.064896025211110223e-02 -1.481699888930624320e-01
1.423084760718592613e-02 -1.499720202900886590e-01
-2.218809868403916457e-03 -1.499520834279040871e-01
-1.849735899740627756e-02 -1.481247373786370447e-01
-3.440573839908038500e-02 -1.445271461017096637e-01
-4.975100793730082016e-02 -1.392184588759301234e-01
-6.434878415995926026e-02 -1.322789067720933076e-01
-7.802554975383574343e-02 -1.238086285441876017e-01
-9.062080687358436970e-02 -1.139262429276470395e-01
-1.019890464464281304e-01 -1.027671876976689325e-01
-1.120015081731647044e-01 -9.048184891316216061e-02
-1.205477089034837496e-01 -7.723350651036593739e-02
-1.275367203170366115e-01 -6.319612477736100131e-02
-1.328981803447407128e-01 -4.855201820472195007e-02
-1.365830264676029804e-01 -3.348942474234666705e-02
-1.385639428803780715e-01 -1.820001957811687165e-02
-1.388355176350261899e-01 -2.876404405742025421e-03
-1.374141096766115788e-01 1.229039772990263117e-02
-1.343374285817659219e-01 2.711340582528484408e-02
-1.296638359975604560e-01 4.141206722504358478e-02
-1.234713800335344031e-01 5.501453907193290527e-02
-1.158565776025551747e-01 6.775983375674503317e-02
-1.069329631534501890e-01 7.949980053071975528e-02
-9.682942530980917506e-02 9.010091788424014203e-02
-8.568835568289032145e-02 9.944587407513905131e-02
-7.366363652504022419e-02 1.074349162667563862e-01
-6.091849590156452054e-02 1.139869520650131779e-01
-4.762326065732982311e-02 1.190403907768255165e-01
-3.395303861932536665e-02 1.225537153981093585e-01
-2.008536219404682965e-02 1.245057801254279561e-01
-6.197825781430694146e-03 1.248958320168600394e-01
7.534250765753346298e-03 1.237432592503849016e-01
2.094010105103821795e-02 1.210870721878753997e-01
3.385570290684149913e-02 1.169851270967451201e-01
4.612585202613865565e-02 1.115131058584407087e-01
5.760609134522757385e-02 1.047632682550245775e-01
6.816447133185803142e-02 9.684299642713936618e-02
7.768311892640028526e-02 8.787315379778397328e-02
8.605959576891163143e-02 7.798628312022543030e-02
9.320802947862397159e-02 6.732467030377070616e-02
9.906000508791015791e-02 5.603830227228237537e-02
1.035652073354382807e-01 4.428274952502946754e-02
1.066918082128642253e-01 3.221699982892734654e-02
1.084265963868106114e-01 2.000127610414326185e-02
1.087748510405229380e-01 7.794871477161073765e-03
1.077599651184024954e-01 -4.245972401922387500e-03
1.054228263154615153e-01 -1.597011365270685143e-02
1.018209676394844360e-01 -2.723345753216704912e-02
9.702750248969499447e-02 -3.790077708680313767e-02
9.112986206643597376e-02 -4.784738339664902640e-02
8.422835551245794194e-02 -5.696062413336773489e-02
7.643457545301238221e-02 -6.514119184930808326e-02
6.786967351911445123e-02 -7.230422634729792575e-02
5.866253198147627912e-02 -7.838019860739060818e-02
4.894785877276792291e-02 -8.331556701957507083e-02
3.886423392001177313e-02 -8.707320004164878502e-02
2.855213574006941826e-02 -8.963256281904707912e-02
1.815197506847683606e-02 -9.098966871814136159e-02
7.802165300551242542e-03 -9.115680008654523936e-02
-2.362744865078865268e-03 -9.016200581465830255e-02
-1.221385035962722389e-02 -8.804838638530501638e-02
-2.162955636041343638e-02 -8.487318001873238316e-02
-3.049711055453076594e-02 -8.070666620748875864e-02
-3.871398127046009330e-02 -7.563090535267741332e-02
-4.618906421650095795e-02 -6.973833532695732085e-02
-5.284370330543394778e-02 -6.313024757241629537e-02
-5.861251397429068088e-02 -5.591516796114229249e-02
-6.344400096992962312e-02 -4.820716389687294823e-02
-6.730096382917077902e-02 -4.012410577892841501e-02
-7.016068867813161913e-02 -3.178591143033149963e-02
-7.201492755785843247e-02 -2.331279580798736872e-02
-7.286966908686266786e-02 -1.482355262064732893e-02
-7.274470755089962326e-02 -6.433892458758272773e-03
-7.167302038402746656e-02 1.745139173406110153e-03
-6.969996669249481358e-02 9.608642079382046647e-03
-6.688232193612241028e-02 1.705921985426519030e-02
-6.328716608609773198e-02 2.400819876581976667e-02
-5.899064449326082982e-02 3.037669153462015104e-02
-5.407662230143574222e-02 3.609649308248126520e-02
-4.863525450557833890e-02 4.111079804613290700e-02
-4.276149466916485953e-02 4.537473269783733748e-02
-3.655356586949577019e-02 4.885569683200716856e-02
-3.011141762916703934e-02 5.153351412175077861e-02
-2.353519241819174157e-02 5.340039237657660115e-02
-1.692372478097358898e-02 5.446069799784063886e-02
-1.037309526775855723e-02 5.473055168892360101e-02
-3.975260148688447397e-03 5.423725509160128022e-02
2.183223617659579060e-03 5.301856045028045111e-02
8.022360473684061674e-03 5.112179761657145716e-02
1.346974975430496706e-02 4.860287466662713968e-02
1.846147716983489312e-02 4.552517008552925404e-02
2.294285320321549221e-02 4.195833695302950833e-02
2.686899076122492569e-02 3.797703623382749083e-02
3.020521484105271465e-02 3.365962236385420386e-02
3.292730172687329676e-02 2.908680507007655597e-02
3.502154788596376078e-02 2.434030566516343780e-02
3.648467056053916052e-02 1.950153015304182530e-02
3.732354499757485622e-02 1.465027981293291065e-02
3.755478575690020249e-02 9.863518996589359586e-03
3.720418188454348296e-02 5.214218642681851812e-03
3.630599789858061227e-02 7.702925063155086202e-04
3.490215447673141597e-02 -3.406358652698145487e-03
3.304130443053263783e-02 -7.260681651487942319e-03
3.077782097609473022e-02 -1.074517312102904291e-02
2.817071644670009201e-02 -1.382044058851465002e-02
2.528251042305363488e-02 -1.645561601030397225e-02
2.217806677302156665e-02 -1.862861784594927947e-02
1.892341928942389145e-02 -2.032626027939185565e-02
1.558460549221672188e-02 -2.154421069879297254e-02
1.222652772557733525e-02 -2.228679900174738993e-02
8.911859941302028784e-03 -2.256668465908181695e-02
5.700017532586726388e-03 -2.240438971109768099e-02
2.646206286175858957e-03 -2.182770795032806452e-02
-1.994350203488766404e-04 -2.087100243285539003e-02
-2.792585608393762658e-03 -1.957440512753496828e-02
-5.095376453809002081e-03 -1.798293393441111054e-02
-7.076897952589191083e-03 -1.614554442953655689e-02
-8.713575851356477817e-03 -1.411413071659599165e-02
-9.989409828725287488e-03 -1.194249497843410251e-02
-1.089607327319602574e-02 -9.685306029346111775e-03
-1.143287537959008018e-02 -7.397062040357543951e-03
-1.160658801574938892e-02 -5.131076134295818429e-03
-1.143114240513616250e-02 -2.938502020759614902e-03
-1.092720280669715049e-02 -8.674159519893266321e-04
-1.012162636790365187e-02 1.038029869670685501e-03
-9.046820148763899325e-03 2.738368692457207598e-03
-7.740007935364103149e-03 4.199483289468787864e-03
-6.242420856141365527e-03 5.393162364814670616e-03
-4.598426961484517080e-03 6.297540898836069719e-03
-2.854615810419684936e-03 6.897418111295032864e-03
-1.058854714516412315e-03 7.184448880749348849e-03
7.406663892161372519e-04 7.157206668951721432e-03
2.496384431033903811e-03 6.821118224085362391e-03
4.162290314224975814e-03 6.188272539025232305e-03
5.694817414637721315e-03 5.277108684232636668e-03
7.053676057552915601e-03 4.111989184162222720e-03
8.202619612928277112e-03 2.722667527741693457e-03
9.110129142879751230e-03 1.143660166409632938e-03
9.750005040543317791e-03 -5.864650710276503309e-04
1.010185579086812259e-02 -2.425870853999785061e-03
1.015147583217497484e-02 -4.330288093924341240e-03
9.891106355808015199e-03 -6.253893409682936833e-03
9.319575805544773328e-03 -8.150212912828412246e-03
8.442316981808709042e-03 -9.973034537695728632e-03
7.271261395182599535e-03 -1.167731069259213966e-02
5.824613824420120031e-03 -1.322003769400986045e-02
4.126511260296375841e-03 -1.456109557569165193e-02
2.206572712583155637e-03 -1.566403341764113430e-02
9.934823035355358576e-05 -1.649678634375431260e-02
-2.156322790619471814e-03 -1.703231157268004017e-02
-4.518032393809280275e-03 -1.724913235324208177e-02
-6.940590979016338438e-03 -1.713178024830261034e-02
-9.376866270804321002e-03 -1.667112802132673585e-02
-1.177865938416356589e-02 -1.586460729759247776e-02
-1.409760241620949643e-02 -1.471630718441824942e-02
-1.628606164269419052e-02 -1.323695210788772975e-02
-1.829803032042043309e-02 -1.144375922234458672e-02
-2.008999529205682255e-02 -9.360177838054725349e-03
-2.162176205457181158e-02 -7.015515356764912697e-03
-2.285722367829931545e-02 -4.444456170107874242e-03
-2.376505993793729191e-02 -1.686481828956748171e-03
-2.431935422286462742e-02 1.214797498131681835e-03
-2.450011721151423849e-02 4.212388720953211263e-03
-2.429370789913440007e-02 7.256725780937701119e-03
-2.369314433298629410e-02 1.029652984356028804e-02
-2.269829830409997654e-02 1.327970482957010513e-02
-2.131597018969099561e-02 1.615425198721751054e-02
-1.955984275470206910e-02 1.886918991696652156e-02
-1.745031329044291479e-02 2.137546262219213247e-02
-1.501420701188270826e-02 2.362681806834314446e-02
-1.228437655927934469e-02 2.558064422956009276e-02
-9.299193868863631085e-03 2.719874722622945412e-02
-6.101942762297772604e-03 2.844805785457939218e-02
-2.740122327851360427e-03 2.930125400132972679e-02
7.353272785240979117e-04 2.973728784257570132e-02
4.270863623119436868e-03 2.974180832314177181e-02
7.811231242815229805e-03 2.930747117403052077e-02
1.130038631278353425e-02 2.843413062197963637e-02
1.468244104057404333e-02 2.712890894491445937e-02
1.790261170374273653e-02 2.540614209687179839e-02
2.090815412939406315e-02 2.328720173117647396e-02
2.364927056887350040e-02 2.080019605603639077e-02
2.607997234737645387e-02 1.797955402697520508e-02
2.815888335991644995e-02 1.486549938084634828e-02
2.984997043099920158e-02 1.150342291287786804e-02
3.112318774029707719e-02 7.943163159226204750e-03
3.195502392141526954e-02 4.238207242995379806e-03
3.232894204260177567e-02 4.448250444151831038e-04
3.223570445075263358e-02 -3.378848958195968151e-03
3.167357637417233390e-02 -7.173770881452209286e-03
3.064840420370714899e-02 -1.088096367403737323e-02
2.917356649528123069e-02 -1.444249722395902352e-02
2.726979814044501460e-02 -1.780245806105941811e-02
2.496488916603573083e-02 -2.090789071734160121e-02
2.229326317633629345e-02 -2.370969306508890692e-02
1.929544203300518138e-02 -2.616345258236032686e-02
1.601740505890704436e-02 -2.823020836380138107e-02
1.250985302351307650e-02 -2.987712561880993128e-02
8.827388824168501055e-03 -3.107807080790576243e-02
5.027628241968526077e-03 -3.181407718242256627e-02
1.170255397980154728e-03 -3.207369228633148717e-02
-2.683961456672493556e-03 -3.185320092301871520e-02
-6.474177432670287849e-03 -3.115671915245341733e-02
-1.014048491226709516e-02 -2.999615703157466895e-02
-1.362491681318111006e-02 -2.839105000753575081e-02
-1.687242222789222396e-02 -2.636826108331938312e-02
-1.983179782951087142e-02 -2.396155806145513698e-02
-2.245655908537978057e-02 -2.121107229761397261e-02
-2.470573624031484686e-02 -1.816264742602807097e-02
-2.654458120900968221e-02 -1.486708841871560785e-02
-2.794517293342707598e-02 -1.137932307807138291e-02
-2.888691039374407729e-02 -7.757489607727612382e-03
-2.935688428469093725e-02 -4.061965232933857813e-03
-2.935012035371925565e-02 -3.543519257541103426e-04
-2.886968951132653713e-02 3.303563887283963562e-03
-2.792668203272276328e-02 6.850860212040238949e-03
-2.654004549187875817e-02 1.022851849560647668e-02
-2.473628850652167047e-02 1.338043753135815563e-02
-2.254905362190166504e-02 1.625440334990146951e-02
-2.001856636819402541e-02 1.880299671613029980e-02
-1.719096901612409203e-02 2.098442488350494434e-02
-1.411754939947908877e-02 2.276326220901548833e-02
-1.085387714167841515e-02 2.411108644428065773e-02
-7.458861270590904508e-03 2.500699917543914436e-02
-3.993744631571519502e-03 2.543802074601453356e-02
-5.210516880901090025e-04 2.539935203339118916e-02
2.896492788924036419e-03 2.489449762848843298e-02
6.197056014810506386e-03 2.393524725465703482e-02
9.320782009795646611e-03 2.254151461872969803e-02
1.221085045912599643e-02 2.074103527612369824e-02
1.481449141365446046e-02 1.856892747369787849e-02
1.708393821732678494e-02 1.606712226933327409e-02
1.897730193340868565e-02 1.328367147703685136e-02
2.045935171231242841e-02 1.027194411296744603e-02
2.150218698350465224e-02 7.089723985116998424e-03
2.208578904066425819e-02 3.798222843731748934e-03
2.219844149726028434e-02 4.610250601143243781e-04
2.183701118947384279e-02 -2.857018899176042015e-03
2.100708336196825329e-02 -6.090931911014673371e-03
1.972294735364034379e-02 -9.176763524771097344e-03
1.800743146709524178e-02 -1.205273773684108901e-02
1.589158823878680446e-02 -1.466037482805786565e-02
1.341423413989517067e-02 -1.694557046450700585e-02
1.062134897203062360e-02 -1.885961162708169048e-02
7.565344168731909409e-03 -2.036010964089490782e-02
4.304211019560705113e-03 -2.141183608574631289e-02
9.005616508090572795e-04 -2.198744544694506559e-02
-2.579422298226299176e-03 -2.206807090136075553e-02
-6.067116655918101953e-03 -2.164378159356033365e-02
-9.492639256096306252e-03 -2.071389192940404841e-02
-1.278607276314768296e-02 -1.928711576612403625e-02
-1.587870564889279010e-02 -1.738156087211590803e-02
-1.870427064133747819e-02 -1.502456162720894328e-02
-2.120015975447600565e-02 -1.225235059378711883e-02
-2.330859513765649871e-02 -9.109572268184758931e-03
-2.497773545398325468e-02 -5.648644976934086119e-03
-2.616269830569752444e-02 -1.928979470341840282e-03
-2.682648036085040488e-02 1.983934756161552342e-03
-2.694075828487890387e-02 6.019562055742156553e-03
-2.648655532276217306e-02 1.010345664559750452e-02
-2.545476038721337930e-02 1.415848464166041820e-02
-2.384648875625601169e-02 1.810611306142968432e-02
-2.167327593583010317e-02 2.186774538491300518e-02
-1.895709886245896744e-02 2.536608221969374743e-02
-1.573022136712057956e-02 2.852648490732885567e-02
-1.203486365152747761e-02 3.127831954976059009e-02
-7.922698330585139712e-03 3.355625810591992414e-02
-3.454179107418317227e-03 3.530151688619859868e-02
1.302290716182472269e-03 3.646300947644184887e-02
6.271338462703460181e-03 3.699839190612455586e-02
1.137173704747030702e-02 3.687498365869026906e-02
1.651763898318696355e-02 3.607054655473628663e-02
2.161991129510017207e-02 3.457390637725708815e-02
2.658755132345605454e-02 3.238540442174192568e-02
3.132916178753632902e-02 2.951716870294877199e-02
3.575446220771519301e-02 2.599319729684208130e-02
3.977581285273897732e-02 2.184924919916654551e-02
4.330972681762520343e-02 1.713254109721074059e-02
4.627834565641886222e-02 1.190125153203157142e-02
4.861085420087588732e-02 6.223837026792868564e-03
5.024481079227658548e-02 1.781678241657970408e-04
5.112737013419883791e-02 -6.149506136835360647e-03
5.121637732830276735e-02 -1.266574551467842050e-02
5.048131336611164782e-02 -1.927125195479434394e-02
4.890407439475776691e-02 -2.586231993331445517e-02
4.647956942556838444e-02 -3.233238920729916699e-02
4.321612377798038362e-02 -3.857367511504256052e-02
3.913567840976253653e-02 -4.447885239252540729e-02
3.427377833599484086e-02 -4.994276695432764424e-02
2.867934653836214098e-02 -5.486414925259439773e-02
2.241424306494379723e-02 -5.914730239355472929e-02
1.555261219924935871e-02 -6.270373742553585206e-02
8.180024945400175829e-03 -6.545373152748919232e-02
3.924253233893041162e-04 -6.732778220218808840e-02
-7.705106510284710081e-03 -6.826793134079163494e-02
-1.599975771554167092e-02 -6.822893858737470729e-02
-2.437253440453385211e-02 -6.717928250526326861e-02
-3.269994016093519945e-02 -6.510197107060647359e-02
-4.085575786376878515e-02 -6.199514567144614324e-02
-4.871290928962854205e-02 -5.787246572216591528e-02
-5.614536538609419397e-02 -5.276326417179681011e-02
-6.303007892277298629e-02 -4.671246754432480108e-02
-6.924891045750779239e-02 -3.978027765058869680e-02
-7.469051822047816092e-02 -3.204161570258269587e-02
-7.925218262830560634e-02 -2.358533318810496215e-02
-8.284153669728419600e-02 -1.451319747173849053e-02
-8.537817462610863828e-02 -4.938663621864356271e-03
-8.679511225376596029e-02 5.014552631872444370e-03
-8.704007495066894140e-02 1.521408268374221939e-02
-8.607659074719314907e-02 2.552067246360718161e-02
-8.388486911387027511e-02 3.579008565089141641e-02
-8.046244874609272124e-02 4.587511648391991159e-02
-7.582460093247170296e-02 5.562768393995773386e-02
-7.000447855438034217e-02 6.490097744300431237e-02
-6.305300442500842706e-02 7.355162306635630587e-02
-5.503849647639218884e-02 8.144183845771431340e-02
-4.604603096106955201e-02 8.844154387393188266e-02
-3.617654991355975097e-02 9.443039910531124403e-02
-2.554572095175844035e-02 9.929973427063013003e-02
-1.428256228984513959e-02 1.029543431035075535e-01
-2.527850395944991526e-03 1.053141120170135725e-01
9.567670015239065559e-03 1.063154581062442372e-01
2.184525043759351359e-02 1.059125522216129989e-01
3.414025139022366234e-02 1.040783060975168928e-01
4.628437499356707202e-02 1.008051057163768527e-01
5.810798658177362269e-02 9.610527658270272278e-02
6.944249293668879053e-02 9.001127032681593976e-02
8.012274349640802207e-02 8.257556600002941005e-02
8.998942014076585783e-02 7.387028350590423009e-02
9.889138090298016381e-02 6.398651077656306030e-02
1.066879232094034013e-01 5.303335048813564989e-02
1.132509330089180033e-01 4.113669625361727339e-02
1.184668874133952277e-01 2.843775227322469304e-02
1.222386802167836906e-01 1.509131430125290087e-02
1.244872418714633167e-01 1.263833445915920521e-03
1.251529281480865119e-01 -1.286871230103274477e-02
1.241966547541545202e-01 -2.712311085701299071e-02
1.216007585957613046e-01 -4.131134254149133878e-02
1.173695700893739313e-01 -5.524310739174133345e-02
1.115296849143335572e-01 -6.872841862479998898e-02
1.041299277858598188e-01 -8.158022625524652405e-02
9.524100498614365695e-02 -9.361703373703256226e-02
8.495484767736796727e-02 -1.046654714979494971e-01
7.338365102858866729e-02 -1.145627900760094048e-01
6.065861917592713093e-02 -1.231592359850746388e-01
4.692843108875029839e-02 -1.303202765679090103e-01
3.235744565545427970e-02 -1.359286406451672702e-01
1.712366843325184226e-02 -1.398861443680357031e-01
1.416506095957961514e-03 -1.421152744505702337e-01
-1.456566214145514106e-02 -1.425605041471328105e-01
-3.061806399212925467e-02 -1.411893209074219502e-01
-4.653222991839026795e-02 -1.379929485373873888e-01
-6.209876882570392054e-02 -1.329867508646858654e-01
-7.711018572047428909e-02 -1.262103082938437759e-01
-9.136370252306601214e-02 -1.177271631770480664e-01
-1.046640428746116180e-01 -1.076242345570063708e-01
-1.168261419784567406e-01 -9.601090749248837597e-02
-1.276777432748133212e-01 -8.301780678817954895e-02
-1.370618450525937226e-01 -6.879526945184458175e-02
-1.448389619397646988e-01 -5.351153452828052992e-02
-1.508891685593850840e-01 -3.735067304812984823e-02
-1.551138954617918286e-01 -2.051028462048604117e-02
-1.574374507061401529e-01 -3.198990635563176820e-03
-1.578082441221512200e-01 1.436624292340330823e-02
-1.561996952850224218e-01 3.196291747667360378e-02
-1.526108105274131821e-01 4.936591097607627432e-02
-1.470664188415613527e-01 6.635044479874890877e-02
-1.396170612268199385e-01 8.269506848847629765e-02
-1.303385326718604631e-01 9.818462134293542976e-02
-1.193310810095853380e-01 1.126131299797920593e-01
-1.067182715512799140e-01 1.257866022707533615e-01
-9.264553106293842155e-02 1.375256788052466594e-01
-7.727838916731898100e-02 1.476681049502890919e-01
-6.080043952069946744e-02 1.560709888870735473e-01
-4.341104708104004395e-02 1.626128138122492073e-01
-2.532283139716792753e-02 1.671951757543933825e-01
-6.758959054511470138e-03 1.697442221287336350e-01
1.204971883462970655e-02 1.702117701847625786e-01
3.086764594931526440e-02 1.685760888357539233e-01
4.945761700727631383e-02 1.648423319356351613e-01
6.758386988148328001e-02 1.590426158229548137e-01
8.501517191547303121e-02 1.512357388169095762e-01
1.015278587355389894e-01 1.415065452580119842e-01
1.169087844070180737e-01 1.299649415667467056e-01
1.309581429045420520e-01 1.167445765785698059e-01
1.434921225470199568e-01 1.020012030352608345e-01
1.543453572640598737e-01 8.591074150563855760e-02
1.633731412806488370e-01 6.866707211095561536e-02
1.704533769931258491e-01 5.047958318396875144e-02
1.754882294170628798e-01 3.157050934281473153e-02
1.784054645659050031e-01 1.217209436420205702e-02
1.791594537353655148e-01 -7.476383359449521870e-03
1.777318289113395122e-01 -2.713168320568253022e-02
1.741317808690306945e-01 -4.654973114898631331e-02
1.683959964642599838e-01 -6.548876349556184695e-02
1.605882348376538316e-01 -8.371244356384838214e-02
1.507985484622474948e-01 -1.009929096387269659e-01
1.391421594681912510e-01 -1.171137135490053077e-01
1.257580063472542586e-01 -1.318726107380052415e-01
1.108069805934456947e-01 -1.450841647549273306e-01
9.446987701232296974e-02 -1.565821316602544755e-01
7.694508527250909502e-02 -1.662215928747289018e-01
5.844605372558969725e-02 -1.738808084647343044e-01
3.919855953755536221e-02 -1.794627666976330027e-01
1.943782171528432232e-02 -1.828964098639042080e-01
-5.945043588831441621e-04 -1.841375207895426247e-01
-2.065341077939128467e-02 -1.831692590893117534e-01
-4.049365831593565446e-02 -1.800023409736561941e-01
-5.987289354957697762e-02 -1.746748612522397714e-01
-7.855472074041594532e-02 -1.672517610073798178e-01
-9.631168798848674384e-02 -1.578239491735380085e-01
-1.129281485693014314e-01 -1.465070908882032119e-01
-1.282029601762809390e-01 -1.334400799108709235e-01
-1.419519871556864654e-01 -1.187832165794000805e-01
-1.540103736401544909e-01 -1.027161166298141276e-01
-1.642345587326310419e-01 -8.543537969439621294e-02
-1.725040092210557707e-01 -6.715204938666941015e-02
-1.787226464264828896e-01 -4.808889908885841807e-02
-1.828199514534524506e-01 -2.847758095935742917e-02
-1.847517377619082024e-01 -8.555675952916451041e-03
-1.845005808352135623e-01 1.143631604580921425e-02
-1.820759021955157264e-01 3.125800593205479289e-02
-1.775137089955071135e-01 5.067212508855140074e-02
-1.708759950221062085e-01 6.944747580812714316e-02
-1.622498134383080770e-01 8.736178424480134375e-02
-1.517460359025782080e-01 1.042044193172262656e-01
-1.394978167818229364e-01 1.197789430860311671e-01
-1.256587849591405681e-01 1.339054606782244805e-01
-1.104009891808376553e-01 1.464227407976755879e-01
-9.391262594347367376e-02 1.571900811956166155e-01
-7.639558155179233812e-02 1.660888971289809501e-01
-5.806282214955974658e-02 1.730240147530521244e-01
-3.913566721166404638e-02 1.779246555208562341e-01
-1.984098316863276007e-02 1.807451019350933552e-01
-4.083345026657040884e-04 1.814650393577712517e-01
1.893287019648784431e-02 1.800895729660410005e-01
3.795620009333021405e-02 1.766489232883067251e-01
5.644095563358388079e-02 1.711978080019535275e-01
7.417481883982315893e-02 1.638145217645340379e-01
9.095636729645188712e-02 1.545997297284078531e-01
1.065974209918912341e-01 1.436749940027502448e-01
1.209251948846957608e-01 1.311810558733872978e-01
1.337842289083888692e-01 1.172758980613443358e-01
1.450380752612272228e-01 1.021326168157841163e-01
1.545707271056253884e-01 8.593713383582562981e-02
1.622877708911154571e-01 6.888577891505028028e-02
1.681172525570872045e-01 5.118277690974057381e-02
1.720102508775261385e-01 3.303767290458121952e-02
1.739411552188000198e-01 1.466272972443862649e-02
1.739076489627263133e-01 -3.729668258245253092e-03
1.719304037447383360e-01 -2.192957173367736379e-02
1.680524934170468943e-01 -3.973195130538406672e-02
1.623385402181711790e-01 -5.693907993746802343e-02
1.548736089655242676e-01 -7.336278428268909468e-02
1.457618681435081942e-01 -8.882653846424691524e-02
1.351250394972116076e-01 -1.031673764943510235e-01
1.231006601280133367e-01 -1.162376024014107057e-01
1.098401830945729130e-01 -1.279062802585468062e-01
9.550694412929425225e-02 -1.380604896100841028e-01
8.027402327110062796e-02 -1.466063352288525801e-01
6.432203098138429553e-02 -1.534697036535853099e-01
4.783684864885615062e-02 -1.585967625002588366e-01
3.100735330466687645e-02 -1.619542020622604384e-01
1.402315587174848312e-02 -1.635292221614553509e-01
-2.927618622055318601e-03 -1.633292705373233789e-01
-1.966048170713068088e-02 -1.613815422188466797e-01
-3.599663874646417960e-02 -1.577322529003188645e-01
-5.176492564702031562e-02 -1.524456989189867662e-01
-6.680360534494493574e-02 -1.456031240662544468e-01
-8.096200835186054268e-02 -1.373014133272903170e-01
-9.410199733643487274e-02 -1.276516327144953944e-01
-1.060992433774762822e-01 -1.167774389172303168e-01
-1.168443033498232086e-01 -1.048133826481849606e-01
-1.262434908919043697e-01 -9.190313025897296761e-02
-1.342195364094690979e-01 -7.819762852009809473e-02
-1.407120345483233448e-01 -6.385323741867383884e-02
-1.456776804761696908e-01 -4.902985543197840856e-02
-1.490902991082012352e-01 -3.388906100210978267e-02
-1.509406740540868430e-01 -1.859229288755006454e-02
-1.512361855198867955e-01 -3.299090726665301464e-03
-1.500002686355758064e-01 1.183458445469197200e-02
-1.472717056698201188e-01 2.665793189162221286e-02
-1.431037673156628776e-01 4.102677901115620723e-02
-1.375632196659160866e-01 5.480492195507617043e-02
-1.307292146325358673e-01 6.786532730409780556e-02
-1.226920823924244619e-01 8.009118599065290223e-02
-1.135520449605110782e-01 9.137681280270093520e-02
-1.034178702022980761e-01 1.016283872941252248e-01
-9.240548550995070221e-02 1.107645342899658270e-01
-8.063656999082749466e-02 1.187167444704046587e-01
-6.823714337186814749e-02 1.254296377018064845e-01
-5.533616764555751577e-02 1.308610749052970534e-01
-4.206418102327256353e-02 1.349821211813048982e-01
-2.855197785056708126e-02 1.377768720479081166e-01
-1.492934432763234377e-02 1.392421539645860851e-01
-1.323865456612231123e-03 1.393871064763882728e-01
1.214018774454229781e-02 1.382326592568548507e-01
2.534288251135773107e-02 1.358109167211672963e-01
3.816955365940682965e-02 1.321644633676377356e-01
5.051163336668168524e-02 1.273456032433876450e-01
6.226737860180917711e-02 1.214155469257701125e-01
7.334249511568649571e-02 1.144435591758071330e-01
8.365065854870158690e-02 1.065060799686041171e-01
9.311393472100154556e-02 9.768583095687538576e-02
1.016631025459997506e-01 8.807091859902446696e-02
1.092378842176220943e-01 7.775394420699444087e-02
1.157870883535726120e-01 6.683113006784528742e-02
1.212686726179763863e-01 5.540146959484119199e-02
1.256497329890778614e-01 4.356590819795796987e-02
1.289064272773765285e-01 3.142656025984463808e-02
1.310238407369801739e-01 1.908596629101372635e-02
1.319958016524740430e-01 6.646393046368007096e-03
1.318246546336173941e-01 -5.790821858122350771e-03
1.305209990227976791e-01 -1.812588045863624750e-02
1.281033993309366181e-01 -3.026109078721853085e-02
1.245980739850749419e-01 -4.210139069765782976e-02
1.200385668545841250e-01 -5.355483310960434951e-02
1.144654087633609763e-01 -6.453303085466116640e-02
1.079257724003646057e-01 -7.495156884877739178e-02
1.004731200781482231e-01 -8.473038999314347341e-02
9.216684901017660470e-02 -9.379415415136765910e-02
8.307193420871976375e-02 -1.020725759538154143e-01
7.325856885212436720e-02 -1.095007453120615398e-01
6.280180108002887673e-02 -1.160194341720636874e-01
5.178116536912594214e-02 -1.215753925307218319e-01
4.028030594260417069e-02 -1.261216361022142463e-01
2.838658909315237844e-02 -1.296177272662695501e-01
1.619070086922763316e-02 -1.320300500813920141e-01
3.786226300803490798e-03 -1.333320792253573639e-01
-8.730793765882628732e-03 -1.335046417581613187e-01
-2.126233208862284008e-02 -1.325361696154843671e-01
-3.370887432660246708e-02 -1.304229397608242802e-01
-4.596995142082743041e-02 -1.271692979791462508e-01
-5.794470767907961006e-02 -1.227878614112543620e-01
-6.953250644330864760e-02 -1.172996941322595882e-01
-8.063357432801138147e-02 -1.107344493941820746e-01
-9.114968399977746438e-02 -1.031304716046010927e-01
-1.009848743408378741e-01 -9.453485072061909578e-02
-1.100462056260926441e-01 -8.500342151757589448e-02
-1.182445460691738531e-01 -7.460070015899210316e-02
-1.254953847860855454e-01 -6.339975065853599434e-02
-1.317196642352208569e-01 -5.148197251480675363e-02
-1.368446258646310032e-01 -3.893680844505185978e-02
-1.408046608322885418e-01 -2.586136246843753761e-02
-1.435421532456077343e-01 -1.235992046445219018e-02
-1.450083066375241203e-01 1.456625050737846237e-03
-1.451639415727032090e-01 1.547144992846718331e-02
-1.439802518417889476e-01 2.956257388911864847e-02
-1.414395061830794054e-01 4.360373561353073080e-02
-1.375356821670227769e-01 5.746536478587648683e-02
-1.322750188067172428e-01 7.101564664084469847e-02
-1.256764746306157920e-01 8.412167271244735955e-02
-1.177720783810914801e-01 9.665066961270252222e-02
-1.086071601891919064e-01 1.084712958204034072e-01
-9.824045202190515025e-02 1.194549946686207509e-01
-8.674404739888844085e-02 1.294773900201552086e-01
-7.420321182137493143e-02 1.384197095481121687e-01
-6.071603703258149354e-02 1.461702191282683860e-01
-4.639293411746642226e-02 1.526256506334140450e-01
-3.135596252676452200e-02 1.576926044275392680e-01
-1.573799434836196248e-02 1.612889071168167598e-01
3.182844830018411635e-04 1.633449046485785650e-01
1.666153188357686471e-02 1.638046706786916440e-01
3.313305955088139548e-02 1.626271102672777746e-01
4.956828591210857282e-02 1.597869394231866136e-01
6.579832036014902907e-02 1.552755218044901131e-01
8.165166433293889747e-02 1.491015433628514741e-01
9.695601275349280401e-02 1.412915138543456295e-01
1.115401385076041363e-01 1.318900773206436172e-01
1.252358375370500598e-01 1.209601158365623541e-01
1.378799124552777255e-01 1.085826415239520143e-01
1.493161707985725395e-01 9.485646769126938882e-02
1.593974126983881412e-01 7.989765438101212314e-02
1.679873818800217411e-01 6.383872655776777483e-02
1.749626533656722660e-01 4.682766625876842032e-02
1.802144311061326110e-01 2.902668321336144414e-02
1.836502289995852744e-01 1.061077167178049209e-02
1.851954093871009677e-01 -8.233935580959405101e-03
1.847945541453928642e-01 -2.731200186263831389e-02
1.824126449248774373e-01 -4.642069262966367488e-02
1.780360308955792892e-01 -6.535213271561306214e-02
1.716731645490905678e-01 -8.389559183083117322e-02
1.633550886396697710e-01 -1.018398728784684348e-01
1.531356602037403647e-01 -1.189757754269325923e-01
1.410915007409951349e-01 -1.350986047919368327e-01
1.273216650332561206e-01 -1.500106956602256236e-01
1.119470246756888443e-01 -1.635239180640151169e-01
9.510936615127188465e-02 -1.754621328173093797e-01
7.697020714242941430e-02 -1.856635632738251329e-01
5.770933868950250956e-02 -1.939830504763225549e-01
3.752310471832215333e-02 -2.002941594471302489e-01
1.662243427976776294e-02 -2.044911041672773377e-01
-4.769353668740577284e-03 -2.064904658538206650e-01
-2.641895191792369493e-02 -2.062326745046381693e-01
-4.808564622565067448e-02 -2.036832258717872213e-01
-6.952404662882175068e-02 -1.988336159924904145e-01
-9.048693743268948486e-02 -1.917019732612925409e-01
-1.107282117881451394e-01 -1.823333729614151633e-01
-1.300058548568692740e-01 -1.707998230869447465e-01
-1.480849381112476770e-01 -1.571999144417668137e-01
-1.647405863506710699e-01 -1.416581323416589155e-01
-1.797608785617947902e-01 -1.243238317144869098e-01
-1.929496438239957368e-01 -1.053698819288961808e-01
-2.041291140716991193e-01 -8.499099222108999485e-02
-2.131423966738770770e-01 -6.340173306790650165e-02
-2.198557314714664201e-01 -4.083427320789864701e-02
-2.241604991115389578e-01 -1.753585617666556656e-02
-2.259749502108675812e-01 6.233955863853266055e-03
-2.252456280416268997e-01 3.020623961953274039e-02
-2.219484610217599685e-01 5.410583486275873100e-02
-2.160895052686475637e-01 7.765459789855630457e-02
-2.077053217875617086e-01 1.005747445072807528e-01
-1.968629774608301741e-01 1.225922407240433165e-01
-1.836596638196830444e-01 1.434401985045831163e-01
-1.682219325544068722e-01 1.628622325818129546e-01
-1.507045517825224001e-01 1.806157346555291587e-01
-1.312889920970521929e-01 1.964750205399634908e-01
-1.101815572287962869e-01 2.102343107230587593e-01
-8.761117709194415903e-02 2.217105017798480238e-01
-6.382688748846347682e-02 2.307456879710273467e-01
-3.909502520178635698e-02 2.372094000727519303e-01
-1.369617057126733088e-02 2.410005279737986728e-01
1.207812630355498650e-02 2.420488982378175002e-01
3.792879626438157292e-02 2.403164820206037666e-01
6.355283641450693022e-02 2.357982133088620535e-01
8.864698548709283588e-02 2.285224023489466072e-01
1.129114429817428544e-01 2.185507342974915002e-01
1.360535846867217957e-01 2.059778484822627487e-01
1.577916267284081020e-01 1.909304991391316542e-01
1.778581904541809422e-01 1.735663040155237813e-01
1.960037212641445592e-01 1.540720927264092044e-01
2.119997159560988997e-01 1.326618721399232814e-01
2.256417152231441625e-01 1.095744312808670240e-01
2.367520206215376344e-01 8.507061319832683044e-02
2.451820985765405525e-01 5.943028587807339114e-02
2.508146377763597612e-01 3.294904852479716567e-02
2.535652305714888866e-01 5.934713332073357842e-03
2.533836536942378759e-01 -2.129639385648491798e-02
2.502547286800111404e-01 -4.842326786216426954e-02
2.441987477413694596e-01 -7.512414519813837011e-02
2.352714564467953129e-01 -1.010804620446621727e-01
2.235635904604346136e-01 -1.259807979747462614e-01
2.091999691246741178e-01 -1.495247565183920047e-01
1.923381542327715910e-01 -1.714267309473929135e-01
1.731666892838323868e-01 -1.914195050423754541e-01
1.519029390414777247e-01 -2.092576434399221474e-01
1.287905548939080880e-01 -2.247206262108832342e-01
1.040965965550776640e-01 -2.376156860344340316e-01
7.810834531310059670e-02 -2.477803100116256485e-01
5.112984825123602362e-02 -2.550843723676327612e-01
2.347823657920941262e-02 -2.594318689687978852e-01
-4.520135634655801649e-03 -2.607622296673349216e-01
-3.253368349233024676e-02 -2.590511899156366371e-01
-6.022966331228299386e-02 -2.543112087909993324e-01
-8.727827271424440370e-02 -2.465914264636724917e-01
-1.133567262184011631e-01 -2.359771601469664581e-01
-1.381532539888826461e-01 -2.225889436064073523e-01
-1.613709722047639294e-01 -2.065811212935587671e-01
-1.827315750849020370e-01 -1.881400140276124899e-01
-2.019788008065236673e-01 -1.674816787942188800e-01
-2.188816264130585276e-01 -1.448492905890750027e-01
-2.332371502667840990e-01 -1.205101792301331853e-01
-2.448731246205235468e-01 -9.475255862840707699e-02
-2.536501054062234028e-01 -6.788199008055988137e-02
-2.594631913059829986e-01 -4.021762467079670333e-02
-2.622433295160704336e-01 -1.208827279661364891e-02
-2.619581718523744662e-01 1.617164843760391865e-02
-2.586124685732992812e-01 4.422623964457433193e-02
-2.522479954753686915e-01 7.174226098293669251e-02
-2.429430169384899085e-01 9.839323777782245373e-02
-2.308112903637467017e-01 1.238634788176560253e-01
-2.160006255945094156e-01 1.478519553510425633e-01
-1.986910182431062821e-01 1.700759912342199032e-01
-1.790923813893096073e-01 1.902747172029102263e-01
-1.574419053283989400e-01 2.082122453886973423e-01
-1.340010798553397109e-01 2.236805239258013445e-01
-1.090524179130848009e-01 2.365018357479261868e-01
-8.289592324914310528e-02 2.465309103981141448e-01
-5.584534796468651474e-02 2.536566228022795744e-01
-2.822428846195701446e-02 2.578032584188824639e-01
-3.621702646003456321e-04 2.589313298981700817e-01
2.740982652312352191e-02 2.570379362863105532e-01
5.476284875401064151e-02 2.521566618120085201e-01
8.137440650884675275e-02 2.443570173141439428e-01
1.069323126327550444e-01 2.337434333269143572e-01
1.311384755466624974e-01 2.204538196533539218e-01
1.537124974802167587e-01 2.046577118506613668e-01
1.743950330364665013e-01 1.865540303466093341e-01
1.929508663496957432e-01 1.663684828348952760e-01
2.091716689877982371e-01 1.443506450935194696e-01
2.228784051240783326e-01 1.207707593752551101e-01
2.339233563782874836e-01 9.591629357688542801e-02
2.421917398186108350e-01 7.008830437072510744e-02
2.476029023882738156e-01 4.359765445553923091e-02
2.501110820869908991e-01 1.676113381354086065e-02
2.497057260555929359e-01 -1.010246683225299487e-02
2.464113656061656110e-01 -3.667627900249040979e-02
2.402870531150860800e-01 -6.264922577050807684e-02
2.314253713778841037e-01 -8.771978835920191120e-02
2.199510315223280887e-01 -1.115996227147985631e-01
2.060190808161853626e-01 -1.340169810893217794e-01
1.898127466194687862e-01 -1.547198965867080667e-01
1.715409472534374646e-01 -1.734790920867830544e-01
1.514355046318337505e-01 -1.900905789052509953e-01
1.297480970721722193e-01 -2.043779149187288646e-01
1.067469937320708190e-01 -2.161940966184944246e-01
8.271361456128238643e-02 -2.254230645873071814e-01
5.793896149627826564e-02 -2.319808071491628043e-01
3.271996783169358464e-02 -2.358160523484224003e-01
7.355813271320348241e-03 -2.369105438972614053e-01
-1.785574791073822262e-02 -2.352789022132731889e-01
-4.262199887311427654e-02 -2.309680770775578706e-01
-6.665876697038011778e-02 -2.240564037046700874e-01
-8.969378178587827932e-02 -2.146522790591554042e-01
-1.114698434163724494e-01 -2.028924800125699868e-01
-1.317477629825132002e-01 -1.889401493480239447e-01
-1.503090422324385722e-01 -1.729824806714314045e-01
-1.669582577263864775e-01 -1.552281319988023656e-01
-1.815251246983231592e-01 -1.359044083379226941e-01
-1.938662225464735656e-01 -1.152542537166654224e-01
-2.038663607156069590e-01 -9.353309026982428720e-02
-2.114395739437542332e-01 -7.100554825621367694e-02
-2.165297397233788557e-01 -4.794213034160116349e-02
-2.191108158811700679e-01 -2.461585369180580365e-02
-2.191867011881340754e-01 -1.298913041038878740e-03
-2.167907268042798818e-01 2.174059305312539547e-02
-2.119847910742263530e-01 4.424183206337850560e-02
-2.048581546592446456e-01 6.595426478070602616e-02
-1.955259171596196444e-01 8.664049388118241768e-02
-1.841272001958698112e-01 1.060789005801250212e-01
-1.708230653311740010e-01 1.240660395440794095e-01
-1.557941981895551442e-01 1.404187659377172936e-01
-1.392383926210711553e-01 1.549760724770732345e-01
-1.213678707598160322e-01 1.676006185824263084e-01
-1.024064762938536877e-01 1.781799381110629188e-01
-8.258677920691774588e-02 1.866273166383022319e-01
-6.214713065618818894e-02 1.928823337803006743e-01
-4.132870652279161533e-02 1.969110705505794090e-01
-2.037257752347287204e-02 1.987059861517005421e-01
4.831573780030827287e-04 1.982854728641529618e-01
2.100613914703233776e-02 1.956931017495724401e-01
4.097238688661670319e-02 1.909965773284786894e-01
6.016877177558436346e-02 1.842864155749802391e-01
7.839529996351396468e-02 1.756743732922455559e-01
9.546718422247568725e-02 1.652916573237983577e-01
1.112166790566129770e-01 1.532869364464741202e-01
1.254946628184381574e-01 1.398241880191967157e-01
1.381719530920055561e-01 1.250804109592383861e-01
1.491403454847662902e-01 1.092432375877499667e-01
1.583133698918518517e-01 9.250847738490773631e-02
1.656267622020513863e-01 7.507762572576895388e-02
1.710386532485491939e-01 5.715537024139034916e-02
1.745294805165314711e-01 3.894712658294116614e-02
1.761016316539716076e-01 2.065663408252436939e-02
1.757788321448460478e-01 2.483640131942663892e-03
1.736052925536226699e-01 -1.537829992646232505e-02
1.696446334988429283e-01 -3.274388294618914980e-02
1.639786089300592220e-01 -4.943795632707050081e-02
1.567056503400424960e-01 -6.529723558334521449e-02
1.479392562227836716e-01 -8.017182517071215486e-02
1.378062523732783706e-01 -9.392652977392544622e-02
1.264449495095640863e-01 -1.064419464989208031e-01
1.140032251793678536e-01 -1.176153316882121713e-01
1.006365569975445351e-01 -1.273612393361721051e-01
8.650603395670107554e-02 -1.356119312741224658e-01
7.177637187809791930e-02 -1.423175623784304622e-01
5.661395683307077903e-02 -1.474461491991068962e-01
4.118494287103049295e-02 -1.509833236789364375e-01
2.565342633139248985e-02 -1.529318891044585405e-01
1.017971273219137399e-02 -1.533111959438449856e-01
-5.081302582009057482e-03 -1.521563461771158199e-01
-1.998162499301656125e-02 -1.495172458746987509e-01
-3.438150909530730132e-02 -1.454575246967766688e-01
-4.815065439373542033e-02 -1.400533420039336285e-01
-6.116924009154565273e-02 -1.333920999541809704e-01
-7.332879346140271093e-02 -1.255710843136182142e-01
-8.453288887747371916e-02 -1.166960537341916598e-01
-9.469767710368277858e-02 -1.068797979637398088e-01
