0.000000000000000000e+00 0.000000000000000000e+00
-7.587406860428765837e-06 -6.685330193749915447e-06
-3.316835688300006556e-05 -2.314868423630444562e-05
-7.997136833122746747e-05 -4.341911515706706778e-05
-1.498671182682993492e-04 -6.085786513414004383e-05
-2.432561953992283359e-04 -6.841733101567460675e-05
-3.590013972668788041e-04 -5.891663969947365942e-05
-4.944068063680479323e-04 -2.532667692473659918e-05
-6.452447845769612375e-04 3.894286312925017527e-05
-8.058308989414649957e-04 1.397619546053585659e-04
-9.691456576285764103e-04 2.820117401247414766e-04
-1.127000815960353284e-03 4.693363366865965650e-04
-1.270246932313807368e-03 7.039218538336211410e-04
-1.389017822882477639e-03 9.863090164374289925e-04
-1.473006665785283687e-03 1.315245041107526930e-03
-1.511767647902404485e-03 1.687579696302563166e-03
-1.495036291433953944e-03 2.098209551711245884e-03
-1.413061095758354115e-03 2.540073307075441360e-03
-1.256938663421186889e-03 3.004200061553909378e-03
-1.018944221376841697e-03 3.479811205615352624e-03
-6.928493510919037524e-04 3.954475421801402664e-03
-2.742188157758017374e-04 4.414315073930073254e-03
2.393213792519744646e-04 4.844261070686780093e-03
8.478521386615511671e-04 5.228352133356132907e-03
1.548972504040450025e-03 5.550073302518708854e-03
2.337660078966811474e-03 5.792727507811227215e-03
3.206185892882249325e-03 5.939833119924218391e-03
4.144087933248589810e-03 5.975539624729206932e-03
5.138206453587491548e-03 5.885052923477676265e-03
6.172782952565979142e-03 5.655061285585002984e-03
7.229623438494073642e-03 5.274152673976057956e-03
8.288325268267570517e-03 4.733214036619616538e-03
9.326565504955367653e-03 4.025803217721030114e-03
1.032044739969312057e-02 3.148484390641784550e-03
1.124490029739380441e-02 2.101118351004545217e-03
1.207412701792601184e-02 8.870996280979511709e-04
1.278209160008327711e-02 -4.864668324315172859e-04
1.334303923897433436e-02 -2.008655702993535162e-03
1.373203930223257201e-02 -3.664683273550102018e-03
1.392554157644854129e-02 -5.435945149768616966e-03
1.390193531159970158e-02 -7.300132382558079808e-03
1.364210007182031781e-02 -9.231427328578878030e-03
1.312993730292937380e-02 -1.120077868326518900e-02
1.235287146162782936e-02 -1.317625387389120308e-02
1.130230974131683427e-02 -1.512346538597292636e-02
9.974049828252420230e-03 -1.700606607140195056e-02
8.368625729473729014e-03 -1.878630701042599896e-02
6.491582524374878670e-03 -2.042565010021041294e-02
4.353671894898976900e-03 -2.188542624768267594e-02
1.970961471407687866e-03 -2.312752887977662097e-02
-6.351476248738810145e-04 -2.411513147432271104e-02
-3.437999176754860057e-03 -2.481341698165019649e-02
-6.405858734084540936e-03 -2.519030636973204271e-02
-9.502189780444066439e-03 -2.521717310056661651e-02
-1.268602827996503403e-02 -2.486953014516052329e-02
-1.591245288741489905e-02 -2.412767617794673788e-02
-1.913314630821128653e-02 -2.297728786378877563e-02
-2.229704152704425207e-02 -2.140994566283771494e-02
-2.535104491611074595e-02 -1.942358132719414210e-02
-2.824082661800720456e-02 -1.702283624115269803e-02
-3.091166710453148447e-02 -1.421932095220340177e-02
-3.330934746996236373e-02 -1.103176763735013756e-02
-3.538106985273625077e-02 -7.486068829285923154e-03
-3.707639344431428591e-02 -3.615197337973058075e-03
-3.834817063572923401e-02 5.409953230316687494e-04
-3.915346770354760642e-02 4.936103294746302730e-03
-3.945445396220102069e-02 9.517612860267194233e-03
-3.921924324943551476e-02 1.422746761601428878e-02
-3.842267208077063817e-02 1.900274729243094096e-02
-3.704699932434476345e-02 2.377645300534073081e-02
-3.508251308909171584e-02 2.847838971864169455e-02
-3.252803162309626794e-02 3.303613479929198848e-02
-2.939128637277946959e-02 3.737607978081315674e-02
-2.568917694039934974e-02 4.142453085443364991e-02
-2.144788947611489527e-02 4.510885220798674378e-02
-1.670287202649922351e-02 4.835863515953995467e-02
-1.149866250524561942e-02 5.110687511003415839e-02
-5.888567222044534602e-03 5.329113768785068150e-02
6.580973233706647024e-05 5.485469509502552410e-02
6.295183529617529722e-03 5.574761360218592060e-02
1.272334692721499919e-02 5.592777338488835043e-02
1.926806231096869770e-02 5.536180245066901068e-02
2.584207754850513516e-02 5.402590727152044997e-02
3.235425349761954922e-02 5.190658390333666855e-02
3.871078890782073123e-02 4.900119482973167712e-02
4.481652652455231367e-02 4.531839849520364477e-02
5.057632248941155290e-02 4.087842046983524574e-02
5.589645965801137706e-02 3.571315738808027856e-02
6.068608440427274847e-02 2.986610703777643067e-02
6.485864491953095834e-02 2.339212109563890141e-02
6.833330941532220204e-02 1.635697914343518106e-02
7.103634213281161125e-02 8.836785017192023625e-03
7.290241446490068611e-02 9.171902456700784835e-04
7.387582960850035130e-02 -7.307548453159312674e-03
7.391163978500997489e-02 -1.573566778988772299e-02
7.297663621038319448e-02 -2.425914016290722439e-02
7.105019347302524158e-02 -3.276504457769986722e-02
6.812495177145483360e-02 -4.113704891458450086e-02
6.420732255218562778e-02 -4.925698412152167138e-02
5.931780544462026544e-02 -5.700648905232343078e-02
5.349110698221596488e-02 -6.426870310369463268e-02
4.677605439184919639e-02 -7.092998255674849706e-02
3.923530068651378405e-02 -7.688161562529204074e-02
3.094482036740297051e-02 -8.202151067459542699e-02
2.199319818468336782e-02 -8.625583191550245665e-02
1.248071657463966852e-02 -8.950055710889819049e-02
2.518250535976690636e-03 -9.168293243810275717e-02
-7.774018218875811299e-03 -9.274280071905421918e-02
-1.826805304903239210e-02 -9.263378051142971692e-02
-2.882956253380115214e-02 -9.132427545336424535e-02
-3.931972884001438961e-02 -8.879829524749471847e-02
-4.959704184796687176e-02 -8.505607215037355728e-02
-5.951921455621120988e-02 -8.011445952924785285e-02
-6.894515392058882253e-02 -7.400710190968480540e-02
-7.773695860760770904e-02 -6.678436937318719957e-02
-8.576191597518945109e-02 -5.851305253504788390e-02
-9.289446995641800764e-02 -4.927581713760945115e-02
-9.901812976418154777e-02 -3.917042151680414502e-02
-1.040272910135927181e-01 -2.830870347306273238e-02
-1.078289412792900470e-01 -1.681534660430240510e-02
-1.103442232913989518e-01 -4.826439568003002348e-03
-1.115098305774156889e-01 7.512154995151853337e-03
-1.112792123596907379e-01 2.004660207306154310e-02
-1.096235668953739611e-01 3.261704379965234962e-02
-1.065326051674956170e-01 4.505967171099554969e-02
-1.020150698665554939e-01 5.720889436746487422e-02
-9.609899790072183590e-02 6.889957113274487732e-02
-8.883171819409317604e-02 7.996928146550603966e-02
-8.027958022712533559e-02 9.026059807294567472e-02
-7.052741258873833352e-02 9.962333171786749708e-02
-5.967771469081031843e-02 1.079167153767653931e-01
-4.784958868611655092e-02 1.150114958229405682e-01
-3.517742247284599139e-02 1.207919015565079301e-01
-2.180933840525774853e-02 1.251574573156950254e-01
-7.905425904369198231e-03 1.280246171675426259e-01
6.364220479874763484e-03 1.293281903705396640e-01
2.082163291475933736e-02 1.290225367997792361e-01
3.528324462778361509e-02 1.270825116935230814e-01
4.956227743300322536e-02 1.235041428630284238e-01
6.347120911688386435e-02 1.183050265175168980e-01
7.682428816242455050e-02 1.115244329385858962e-01
8.944006246734922949e-02 1.032231162984044159e-01
1.011438853881484745e-01 9.348282685054432051e-02
1.117703643217572707e-01 8.240552850050257561e-02
1.211657169419324553e-01 7.011232877465795044e-02
1.291900010927388154e-01 5.674213236261860249e-02
1.357191857248220834e-01 4.245003344947227003e-02
1.406470321261860390e-01 2.740546592141376858e-02
1.438867570256145978e-01 1.179013416269927318e-02
1.453724519043279040e-01 -4.204249491127200720e-03
1.450602360039978389e-01 -2.037839157052184769e-02
1.429291240248242723e-01 -3.652797686369359947e-02
1.389815933184276320e-01 -5.244632649080879783e-02
1.332438394444100394e-01 -6.792711903507611670e-02
1.257657132200323546e-01 -8.276713786301945208e-02
1.166203367896809645e-01 -9.676900703764097778e-02
1.059034007123471205e-01 -1.097438780278258696e-01
9.373214854735234525e-02 -1.215140297523756852e-01
8.024405984655259838e-02 -1.319153453668517606e-01
6.559524677110584179e-02 -1.407996305975380558e-01
4.995858367972855901e-02 -1.480367403331335208e-01
3.352159292255713074e-02 -1.535164825775718334e-01
1.648411366275007867e-02 -1.571502717157098050e-01
-9.442168314294269345e-04 -1.588725067199766028e-01
-1.854663486489909960e-02 -1.586416516278130462e-01
-3.610204039023859335e-02 -1.564410026349670746e-01
-5.338786991623916539e-02 -1.522791293180436323e-01
-7.018301188724036799e-02 -1.461899800826479967e-01
-8.627072559299998888e-02 -1.382326484672822819e-01
-1.014415238538954739e-01 -1.284908010678707524e-01
-1.154959799731038184e-01 -1.170717725398032205e-01
-1.282474202513119443e-01 -1.041053377765266408e-01
-1.395244647118421000e-01 -8.974217588951044489e-02
-1.491733805682378955e-01 -7.415204495877651680e-02
-1.570602153579989391e-01 -5.752169062336959238e-02
-1.630726795335016022e-01 -4.005251537765944919e-02
-1.671217516054305241e-01 -2.195803887688059161e-02
-1.691429826300560324e-01 -3.461182583455446864e-03
-1.690974808684112540e-01 1.520858534023538516e-02
-1.669725617667299766e-01 3.381820690513510919e-02
-1.627820529530269456e-01 5.213405338907868558e-02
-1.565662486506342321e-01 6.992496609403600627e-02
-1.483915127095634112e-01 8.696527776303177026e-02
-1.383495342829255126e-01 1.030377737767874530e-01
-1.265562449599489381e-01 1.179365529453851452e-01
-1.131504108414679299e-01 1.314697489682818132e-01
-9.829191754163897621e-02 1.434620754402639586e-01
-8.215977035700536280e-02 1.537571596070088642e-01
-6.494983523996988861e-02 1.622196337187628845e-01
-4.687235168238580024e-02 1.687369525003117321e-01
-2.814925038075723543e-02 1.732209139647974960e-01
-9.011309607052667148e-03 1.756088639626626202e-01
1.030481024489503933e-02 1.758645651046110980e-01
2.955961461939043966e-02 1.739787188601747137e-01
4.851386442772537277e-02 1.699691334297134815e-01
6.693166591159728507e-02 1.638805348246459292e-01
8.458351928589455393e-02 1.557840234647462907e-01
1.012492852608304350e-01 1.457761834436153703e-01
1.167210296667375857e-01 1.339778563555849844e-01
1.308057080802184635e-01 1.205325961524321560e-01
1.433276545537938984e-01 1.056048258419006181e-01
1.541308412511585013e-01 8.937772089104639717e-02
1.630808789480183707e-01 7.205084789898251463e-02
1.700667319291216950e-01 5.383759040392556428e-02
1.750021247445066874e-01 3.496239654256976664e-02
1.778266225261030120e-01 1.565788564625447687e-02
1.785063710492622580e-01 -3.838147294302244120e-03
1.770344873888018145e-01 -2.328578906070033483e-02
1.734310967994994179e-01 -4.244608655792623392e-02
1.677430162789594614e-01 -6.108410493587675127e-02
1.600430900781526500e-01 -7.897192473159084236e-02
1.504291871439705774e-01 -9.589153824528043324e-02
1.390228750425581694e-01 -1.116376068743545336e-01
1.259677889642381587e-01 -1.260200444063894476e-01
1.114277190878195101e-01 -1.388663886717704521e-01
9.558444387775938411e-02 -1.500239335909777094e-01
7.863533785442668178e-02 -1.593615967790287524e-01
6.079078738502032009e-02 -1.667714952872750012e-01
4.227144988553325350e-02 -1.721702112694203368e-01
2.330539376538911037e-02 -1.754997324032747386e-01
4.125157856975881707e-03 -1.767280564067051918e-01
-1.503523006237983232e-02 -1.758494536154688870e-01
-3.394323573762161178e-02 -1.728843862760343630e-01
-5.237076221881648008e-02 -1.678790878815822341e-01
-7.009701607982141147e-02 -1.609048104781077293e-01
-8.691125852085559989e-02 -1.520567523253753273e-01
-1.026154056429557371e-01 -1.414526825522639253e-01
-1.170264445046519247e-01 -1.292312834389459375e-01
-1.299786343397983379e-01 -1.155502346346808373e-01
-1.413254654878862704e-01 -1.005840669299865875e-01
-1.509413521163950611e-01 -8.452181610143320867e-02
-1.587230386460339315e-01 -6.756450979834280335e-02
-1.645907038673405098e-01 -4.992252241210051733e-02
-1.684887510011376099e-01 -3.181283433654934906e-02
-1.703862763436867767e-01 -1.345623297549326629e-02
-1.702772135865842362e-01 4.925506728251424077e-03
-1.681801553477162425e-01 2.311242457972176312e-02
-1.641378578297059132e-01 4.088912320778282511e-02
-1.582164389416781947e-01 5.804742757055406793e-02
-1.505042829114643654e-01 7.438891711447469246e-02
-1.411106715425870795e-01 8.972730120187406844e-02
-1.301641630086246837e-01 1.038906115827588350e-01
-1.178107420690363283e-01 1.167231805770858888e-01
-1.042117697808218335e-01 1.280873829275681053e-01
-8.954176264936555829e-02 1.378651213727017655e-01
-7.398603309188299393e-02 1.459590397585676935e-01
-5.773822454515888103e-02 1.522934514553846153e-01
-4.099777552045021090e-02 1.568149749119897851e-01
-2.396734738453799168e-02 1.594928723084856059e-01
-6.850250626304204248e-03 1.603190913941107965e-01
1.015209614048667892e-02 1.593080146645388107e-01
2.684264117155951701e-02 1.564959239824067483e-01
4.303107675581714642e-02 1.519401925214831084e-01
5.853608858705534879e-02 1.457182194662562658e-01
7.318744964369254535e-02 1.379261261765902247e-01
8.682793349408785000e-02 1.286772354878300550e-01
9.931502487570438575e-02 1.181003584219670055e-01
1.105224085928615541e-01 1.063379148025825754e-01
1.203412211895015238e-01 9.354391606887650645e-02
1.286810534271378426e-01 7.988183995225019152e-02
1.354706952791426555e-01 6.552242759952418838e-02
1.406586188851035313e-01 5.064143419363902748e-02
1.442131986375121133e-01 3.541736413622376817e-02
1.461226719722235889e-01 2.002921985324203347e-02
1.463948443328935700e-01 4.654298412165198094e-03
1.450565513519588012e-01 -1.053393777221033924e-02
1.421528917244109513e-01 -2.536789320965470926e-02
1.377462440761625939e-01 -3.968774515116910151e-02
1.319150874466874790e-01 -5.334320183095932200e-02
1.247526462496377636e-01 -6.619509325945514833e-02
1.163653825337390563e-01 -7.811677753436692406e-02
1.068713599476822512e-01 -8.899534866331977601e-02
9.639850500059166105e-02 -9.873263505429613618e-02
8.508279199389530423e-02 -1.072459810785222206e-01
7.306637837738398644e-02 -1.144688073936711431e-01
6.049571725459675087e-02 -1.203509489827708778e-01
4.751967333931073068e-02 -1.248587730665706580e-01
3.428766786073322859e-02 -1.279750821367807156e-01
2.094787675055669041e-02 -1.296988102896158290e-01
7.645504946165182676e-03 -1.300445237717609837e-01
-5.478842158420075929e-03 -1.290417391464584729e-01
-1.829067115397489673e-02 -1.267340747125150491e-01
-3.066298029228256561e-02 -1.231782527351831108e-01
-4.247749223099653304e-02 -1.184429716518770603e-01
-5.362572831810932805e-02 -1.126076686799186294e-01
-6.400991562455847494e-02 -1.057611941660951405e-01
-7.354372072572491759e-02 -9.800041957276517390e-02
-8.215280703360582082e-02 -8.942880119244442372e-02
-8.977521649267901360e-02 -8.015492017020146853e-02
-9.636157349402252326e-02 -7.029102381577337355e-02
-1.018751198311018541e-01 -5.995158762053914153e-02
-1.062915896730676768e-01 -4.925191369304796757e-02
-1.095989298460020023e-01 -3.830678755211695818e-02
-1.117968783523307641e-01 -2.722920869377332825e-02
-1.128964142620793309e-01 -1.612920952944170427e-02
-1.129190935615830144e-01 -5.112775259751586518e-03
-1.118962867043684084e-01 5.719124921694539176e-03
-1.098683344633778064e-01 1.627138716692862891e-02
-1.068836392271061420e-01 2.645549704903989510e-02
-1.029977091135768907e-01 3.619012490504044249e-02
-9.827217219979544893e-02 4.540159128629813606e-02
-9.277377778998625868e-02 5.402420359994182519e-02
-8.657340098814277074e-02 6.200046716409379072e-02
-7.974506591844494896e-02 6.928117590031739048e-02
-7.236500177445502613e-02 7.582538971629956825e-02
-6.451074450200973420e-02 8.160030726213907126e-02
-5.626029536199457504e-02 8.658104415035633439e-02
-4.769134591102851956e-02 9.075032789298032032e-02
-3.888057711590403587e-02 9.409812171361867095e-02
-2.990303841827242695e-02 9.662119002802407874e-02
-2.083161062715890854e-02 9.832261874812471547e-02
-1.173655457616968982e-02 9.921130365166858089e-02
-2.685145576880928336e-03 9.930141987744477150e-02
6.258609706245064214e-03 9.861188421654859537e-02
1.503417229428466451e-02 9.716582428345241218e-02
2.358459514354493969e-02 9.499006555021603793e-02
3.185658189033892945e-02 9.211464302613997512e-02
3.980048284787322116e-02 8.857234869812713463e-02
4.737023880870558368e-02 8.439832133200296516e-02
5.452328225172027587e-02 7.962968424273458856e-02
6.122040610439732911e-02 7.430523500212460331e-02
6.742561051360783375e-02 6.846518936605341943e-02
7.310593812837733185e-02 6.215098000531269623e-02
7.823130819803303382e-02 5.540510895007894066e-02
8.277435934573197651e-02 4.827105104298613086e-02
8.671031020207774220e-02 4.079320417310364211e-02
9.001684619235525431e-02 3.301688066449858655e-02
9.267403968397958103e-02 2.498833294752371773e-02
9.466430944197500030e-02 1.675480557453594768e-02
9.597242393692473339e-02 8.364604776886776574e-03
9.658555153192094345e-02 -1.328238847394426633e-04
9.649335897495134318e-02 -8.686819634995379333e-03
9.568815797489853281e-02 -1.724544238833380233e-02
9.416509797798422454e-02 -2.575543038555435163e-02
9.192240162254475266e-02 -3.416218917323900900e-02
8.896163776871481021e-02 -4.240982096121576062e-02
8.528802551026518075e-02 -5.044120258295767267e-02
8.091076121128738807e-02 -5.819811925328802898e-02
7.584335777859164962e-02 -6.562145959730168732e-02
7.010399112064484572e-02 -7.265147724062351320e-02
6.371583903045942299e-02 -7.922812286900753065e-02
5.670739774485009793e-02 -8.529144589509286833e-02
4.911276930472663338e-02 -9.078206635254058854e-02
4.097190599752278256e-02 -9.564171460438142258e-02
3.233080003636295413e-02 -9.981383470745713860e-02
2.324160707924771696e-02 -1.032442454417068084e-01
1.376269290579187725e-02 -1.058818512350177543e-01
3.958593541332229744e-03 -1.076793935283281711e-01
-6.100119663985354747e-03 -1.085942315674368192e-01
-1.633707704756915541e-02 -1.085891402115908150e-01
-2.667045513240553015e-02 -1.076331111460306494e-01
-3.701343217261440083e-02 -1.057021429049321837e-01
-4.727475632591194438e-02 -1.027800043777186006e-01
-5.735942593301746051e-02 -9.885895600660035698e-02
-6.716947920397879634e-02 -9.394041270305171498e-02
-7.660488838892505481e-02 -8.803553262752240871e-02
-8.556455128577633573e-02 -8.116571639669833971e-02
-9.394737075073054944e-02 -7.336300200742833233e-02
-1.016534107698803258e-01 -6.467034179199199206e-02
-1.085851156625489838e-01 -5.514174903623408897e-02
-1.146485771581071123e-01 -4.484230348541726197e-02
-1.197548324554506965e-01 -3.384800681245325044e-02
-1.238211749727001765e-01 -2.224548120454758471e-02
-1.267724569350755226e-01 -1.013150666294766744e-02
-1.285423679025332888e-01 2.387604914019356931e-03
-1.290746654372607605e-01 1.519679973385106020e-02
-1.283243339593448107e-01 2.817323173481324841e-02
-1.262586552778653670e-01 4.118736609415334093e-02
-1.228581689925046239e-01 5.410422819623091073e-02
-1.181175032299830452e-01 6.678478678222575515e-02
-1.120460573792165376e-01 7.908745740895613274e-02
-1.046685200295042056e-01 9.086970988413255179e-02
-9.602520718151487389e-02 1.019897610634258600e-01
-8.617220796986543863e-02 1.123083323334253536e-01
-7.518132758171025554e-02 1.216904493036030238e-01
-6.313981974592185187e-02 1.300072597260988339e-01
-5.014990406537498530e-02 1.371378444867740742e-01
-3.632806652963268407e-02 1.429709956921935421e-01
-2.180414473246928067e-02 1.474069354374844820e-01
-6.720202580724238435e-03 1.503589487962545268e-01
8.770797431666406060e-03 1.517549049368256964e-01
2.450651304904752012e-02 1.515386410435970443e-01
4.031691765937904515e-02 1.496711849065808786e-01
5.602615470514693552e-02 1.461317936277437557e-01
7.145453065026040329e-02 1.409187878649050540e-01
8.642062340666623044e-02 1.340501633714047125e-01
1.007434807524786868e-01 1.255639642652119636e-01
1.142448812190867691e-01 1.155184054414439832e-01
1.267516271337556510e-01 1.039917348695970356e-01
1.380978426493244815e-01 9.108183016422138900e-02
1.481272430793739159e-01 7.690552607980923050e-02
1.566953414023807556e-01 6.159767541838230553e-02
1.636715634315976942e-01 4.530994874310332460e-02
1.689412391917254896e-01 2.820938196102381126e-02
1.724074400773576710e-01 1.047668481633911436e-02
1.739926327830720598e-01 -7.695672958845553926e-03
1.736401228642288075e-01 -2.610557754282579260e-02
1.713152630923565345e-01 -4.454356534701686687e-02
1.670064044838960871e-01 -6.279526907595803231e-02
1.607255709738603100e-01 -8.064398609435230458e-02
1.525088421382527204e-01 -9.787333729367042601e-02
1.424164320967523101e-01 -1.142699826814033703e-01
1.305324567009463199e-01 -1.296263583908378314e-01
1.169643852795628630e-01 -1.437433987586851092e-01
1.018421775132537788e-01 -1.564332065658556037e-01
8.531711038715873718e-02 -1.675216344999545248e-01
6.756030455735723139e-02 -1.768507413861172550e-01
4.876096380385596535e-02 -1.842810877474267139e-01
2.912434546425515455e-02 -1.896938367914332568e-01
8.869483785733550327e-03 -1.929926289615502277e-01
-1.177330806277236686e-02 -1.941052007199945972e-01
-3.256512806995578296e-02 -1.929847212137074663e-01
-5.326133515143897240e-02 -1.896108238804681267e-01
-7.361452263000603513e-02 -1.839903141314886414e-01
-9.337758062937513703e-02 -1.761575375607248306e-01
-1.123068061238128995e-01 -1.661743976113851107e-01
-1.301650185308605434e-01 -1.541300178926634790e-01
-1.467246421445238258e-01 -1.401400471512699308e-01
-1.617707130580822161e-01 -1.243456105597963157e-01
-1.751037694992000626e-01 -1.069119157568735323e-01
-1.865425854756807000e-01 -8.802652689640186323e-02
-1.959267091771898783e-01 -6.789732466817048617e-02
-2.031187696819393151e-01 -4.675017477172843661e-02
-2.080065181548445552e-01 -2.482633159312205851e-02
-2.105045728642693514e-01 -2.379607786646097383e-03
-2.105558409498253514e-01 2.032665595853849760e-02
-2.081325938983693558e-01 4.302278353904814140e-02
-2.032371780774388792e-01 6.543607834826456471e-02
-1.959023463771640550e-01 8.729421823361870059e-02
-1.861912019604811119e-01 1.083286866668190795e-01
-1.741967502503571907e-01 1.282781952904911149e-01
-1.600410605216389115e-01 1.468920526078437427e-01
-1.438740437417187490e-01 1.639334338032208960e-01
-1.258718585449461191e-01 1.791825075237873932e-01
-1.062349623568965423e-01 1.924393769103937002e-01
-8.518582963347093306e-02 2.035267942243254025e-01
-6.296636387549998937e-02 2.122926110529567423e-01
-3.983503445424135814e-02 2.186119292597030750e-01
-1.606377406901874846e-02 2.223889222395283305e-01
8.065327337613486386e-03 2.235582977195039733e-01
3.226348818541513452e-02 2.220863800730012161e-01
5.623881503730185361e-02 2.179717967214056251e-01
7.969995310912307562e-02 2.112457542814749623e-01
1.023597592093845043e-01 2.019718979872174858e-01
1.239389490748768891e-01 1.902457529352478693e-01
1.441696710444353990e-01 1.761937512891691704e-01
1.627989586443172598e-01 1.599718551490828256e-01
1.795920159406013128e-01 1.417637902695218777e-01
1.943352914330442049e-01 1.217789111164326449e-01
2.068392987984017939e-01 1.002497228167364834e-01
2.169411459079895188e-01 7.742909030093469980e-02
2.245067372045087550e-01 5.358716930266130968e-02
2.294326186793405054e-01 2.900809779655244558e-02
2.316474392888515088e-01 3.986489870740592655e-03
2.311130076255417110e-01 -2.117622310709140615e-02
2.278249279502537750e-01 -4.617555690311704597e-02
2.218128052236223446e-01 -7.070779564392466743e-02
2.131400144732480406e-01 -9.447382010478679037e-02
2.019030356198557863e-01 -1.171828929936797326e-01
1.882303606815223240e-01 -1.385563515282889069e-01
1.722809860000953375e-01 -1.583311586417922578e-01
1.542425077090205932e-01 -1.762632658553221210e-01
1.343288440096381542e-01 -1.921307431995333548e-01
1.127776139531495025e-01 -2.057366356639153127e-01
8.984720220313256733e-02 -2.169115051061396293e-01
6.581355075481520878e-02 -2.255156244632052498e-01
4.096672043156932008e-02 -2.314407979719282915e-01
1.560726302029069069e-02 -2.346117795700830289e-01
-9.957547588051871706e-03 -2.349872710171498624e-01
-3.541757624011029199e-02 -2.325604859688970572e-01
-6.046372902729250237e-02 -2.273592719914522275e-01
-8.479184651604645961e-02 -2.194457883692723377e-01
-1.081065368218050715e-01 -2.089157434670151359e-01
-1.301248983981858898e-01 -1.958972012666301832e-01
-1.505800838427867605e-01 -1.805489724374425564e-01
-1.692246581102460623e-01 -1.630586108296696868e-01
-1.858337072438526194e-01 -1.436400415345685244e-01
-2.002076570517837273e-01 -1.225308515549544675e-01
-2.121747650176180611e-01 -9.998927861079359714e-02
-2.215932530940479817e-01 -7.629093760436166105e-02
-2.283530538237328045e-01 -5.172532773324816507e-02
-2.323771473959602707e-01 -2.659216611988177159e-02
-2.336224727110493837e-01 -1.197596084034444324e-03
-2.320804012109604075e-01 2.414968021059553036e-02
-2.277767680660225391e-01 4.914229407451919940e-02
-2.207714612037784407e-01 7.347807667052615177e-02
-2.111575745455593622e-01 9.686384899223403344e-02
-1.990601375987930410e-01 1.190190861106987380e-01
-1.846344408139456439e-01 1.396794095445466621e-01
-1.680639741569129597e-01 1.585998591934511259e-01
-1.495580118829489824e-01 1.755579035145454214e-01
-1.293488788999052064e-01 1.903561536590233083e-01
-1.076889302604464166e-01 2.028247433347236395e-01
-8.484728631389602815e-02 2.128233455623783910e-01
-6.110636721552575173e-02 2.202428014609575657e-01
-3.675827298694313294e-02 2.250063414630851799e-01
-1.210105718175563498e-02 2.270703848723426566e-01
1.256505658742328863e-02 2.264249093536909452e-01
3.694146547536750202e-02 2.230933877173791324e-01
6.073493594686464603e-02 2.171322951357414766e-01
8.366126121890576917e-02 2.086301956415637648e-01
1.054487802644016314e-01 1.977064223178295610e-01
1.258417131527362343e-01 1.845093709256535874e-01
1.446032702183325525e-01 1.692144317575392520e-01
1.615184958262922410e-01 1.520215891786971529e-01
1.763968112958995138e-01 1.331527225674057069e-01
1.890742257932083170e-01 1.128486461299246513e-01
1.994151886517561978e-01 9.136592829700558582e-02
2.073140615591074765e-01 6.897353406602141357e-02
2.126961942855761789e-01 4.594933570188471789e-02
2.155185930560201690e-01 2.257653862668900641e-02
2.157701761997291023e-01 -8.599299031472433519e-04
2.134716172797787304e-01 -2.407702161886182690e-02
2.086747837892971857e-01 -4.679711172212910886e-02
2.014617747607566900e-01 -6.875143807632484727e-02
1.919435797808884958e-01 -8.968339072135779466e-02
1.802583848747718598e-01 -1.093516144416645103e-01
1.665695435785922718e-01 -1.275328819873250696e-01
1.510632458899532904e-01 -1.440247032622526679e-01
1.339459189369346381e-01 -1.586476389267077736e-01
1.154413964703256135e-01 -1.712472911513183149e-01
9.578789700734624546e-02 -1.816959488825037328e-01
7.523485260644441341e-02 -1.898938698673421910e-01
5.403963180654521026e-02 -1.957701867688654562e-01
3.246420120421834171e-02 -1.992834299077368421e-01
1.077177046125986880e-02 -2.004216644193469454e-01
-1.077653476533536187e-02 -1.992022448425864178e-01
-3.192492838879214950e-02 -1.956711952849579106e-01
-5.242610587125429156e-02 -1.899022282673770712e-01
-7.204423259699503646e-02 -1.819954200731390137e-01
-9.055774121303582225e-02 -1.720755648452688968e-01
-1.077619035879563980e-01 -1.602902337359088103e-01
-1.234711465551332488e-01 -1.468075690573147907e-01
-1.375210845052275699e-01 -1.318138465696757911e-01
-1.497702461150862141e-01 -1.155108417266133281e-01
-1.601014769829097184e-01 -9.811303785274219647e-02
-1.684230046160881678e-01 -7.984471582490582087e-02
-1.746691570199397636e-01 -6.093696585373223340e-02
-1.788007340107347354e-01 -4.162466146935987765e-02
-1.808050226333560717e-01 -2.214343806138509632e-02
-1.806954693684787450e-01 -2.726717893105783802e-03
-1.785110253315536355e-01 1.639718359367967754e-02
-1.743151697400048272e-01 3.500783088473299193e-02
-1.681946336438880918e-01 5.289528624272370888e-02
-1.602578465583627543e-01 6.986254014131808299e-02
-1.506331320539670560e-01 8.572772526622143840e-02
-1.394666813563076313e-01 1.003260885648435546e-01
-1.269203365433705100e-01 1.135116996289492475e-01
-1.131692169763726386e-01 1.251588777413946141e-01
-9.839922413660141809e-02 1.351633241468117308e-01
-8.280446105150643388e-02 1.434429504530313204e-01
-6.658460297179416565e-02 1.499383984703417938e-01
-4.994225590874163540e-02 1.546132511846813329e-01
-3.308033906650934691e-02 1.574539388748864011e-01
-1.619952612459794883e-02 1.584693485614977193e-01
5.042212352868810253e-04 1.576901489565470382e-01
1.684199617507112223e-02 1.551678468151299617e-01
3.263413696081173682e-02 1.509735940198307091e-01
4.771223847550207231e-02 1.451967678128319450e-01
6.192096194077265081e-02 1.379433492882768952e-01
7.511962319458204140e-02 1.293341275359647380e-01
8.718354347903962964e-02 1.195027586603533143e-01
9.800515045864244268e-02 1.085937102667956511e-01
1.074948244958277982e-01 9.676012261538127768e-02
1.155814751285020592e-01 8.416161759718224222e-02
1.222128541723554590e-01 7.096209084182393545e-02
1.273556158810926764e-01 5.732751522922600179e-02
1.309951204648599488e-01 4.342378612835302160e-02
1.331349947432845793e-01 2.941463774850411328e-02
1.337964635515050682e-01 1.545965765960615607e-02
1.330174684937014684e-01 1.712424358160773976e-03
1.308515932944795956e-01 -1.168120974691337806e-02
1.273668172996731962e-01 -2.458467033454408632e-02
1.226441205964035747e-01 -3.687203157360784134e-02
1.167759657357045344e-01 -4.842919153070710664e-02
1.098646821344803626e-01 -5.915484250088073881e-02
1.020207798986327297e-01 -6.896122956311362406e-02
9.336122004434838084e-02 -7.777469406394581231e-02
8.400766790507155357e-02 -8.553600209703055013e-02
7.408475590948546130e-02 -9.220046132192941113e-02
6.371838091915353608e-02 -9.773783260181881372e-02
5.303405994753155467e-02 -1.021320458902258005e-01
4.215536637458797142e-02 -1.053807325182844618e-01
3.120246675794188448e-02 -1.074945884875725260e-01
2.029077606126999597e-02 -1.084965855255724948e-01
9.529746616423131686e-03 -1.084210484828760923e-01
-9.781965471767262079e-04 -1.073126191208964297e-01
-1.113856418597664738e-02 -1.052251274396682756e-01
-2.086555175780526600e-02 -1.022203928805334172e-01
-3.008261425253747068e-02 -9.836697456913545690e-02
-3.872287223006759538e-02 -9.373889783660759034e-02
-4.672935879956235938e-02 -8.841437729678856827e-02
-5.405510132802210377e-02 -8.247455519984359107e-02
-6.066304829171111079e-02 -7.600227620698171704e-02
-6.652585072014764733e-02 -6.908091705568815410e-02
-7.162550983091063583e-02 -6.179328789242170133e-02
-7.595290433753268400e-02 -5.422062011316262226e-02
-7.950721250515635496e-02 -4.644165341004248548e-02
-8.229524530773013602e-02 -3.853183241597199493e-02
-8.433070799029085407e-02 -3.056262091232881534e-02
-8.563340795017686247e-02 -2.260093906243079015e-02
-8.622842711767747526e-02 -1.470872660141421366e-02
-8.614527694148463310e-02 -6.942632396870162398e-03
-8.541705367511459590e-02 6.461716611225601977e-04
-8.407961093066926295e-02 8.012056834015795700e-03
-8.217076543480306139e-02 1.511489037405190118e-02
-7.972955061250161513e-02 2.191988365565766123e-02
-7.679553106583417166e-02 2.839734603549041309e-02
-7.340818923985424627e-02 3.452235644136198572e-02
-6.960639361242983159e-02 4.027436598289532016e-02
-6.542795564796179131e-02 4.563674587824763373e-02
-6.090928055781674039e-02 5.059629568687482731e-02
-5.608511465539979535e-02 5.514272721903894919e-02
-5.098838647656344508e-02 5.926814067638863648e-02
-4.565014956747677488e-02 6.296650325319078090e-02
-4.009961781800414071e-02 6.623315095052882684e-02
-3.436427938008202593e-02 6.906432743199143742e-02
-2.847009125979785282e-02 7.145676832831573955e-02
-2.244174199700941022e-02 7.340734409609103728e-02
-1.630297134624212121e-02 7.491277107277491409e-02
-1.007693461362084604e-02 7.596939857391232787e-02
-3.786598314456194551e-03 7.657307792664910795e-02
2.544846886847964770e-03 7.671911726472342707e-02
8.893570395612736962e-03 7.640232376450750706e-02
1.523469760040704890e-02 7.561713282112592083e-02
2.154193180251113074e-02 7.435782149059476376e-02
2.778721596191526325e-02 7.261880140057490329e-02
3.394044724329891433e-02 7.039498430013456376e-02
3.996925624662409082e-02 6.768221151768694099e-02
4.583886144655591882e-02 6.447773686353096279e-02
5.151200776779625568e-02 6.078075098373304785e-02
5.694899641892062214e-02 5.659293387643208467e-02
6.210781112871950616e-02 5.191902124687269166e-02
6.694434381298867975e-02 4.676736962580116397e-02
7.141272048554814234e-02 4.115050472449541252e-02
7.546572595641420911e-02 3.508563736048530418e-02
7.905532357524630571e-02 2.859513146721000265e-02
8.213326402278432747e-02 2.170690919898064786e-02
8.465177200500362265e-02 1.445477739056751088e-02
8.656430886250192358e-02 6.878668427313852814e-03
8.782639497445694776e-02 -9.752226975392714421e-04
8.839647057854407852e-02 -9.054416411580546581e-03
8.823678831437714587e-02 -1.730024429065627270e-02
8.731431835942418673e-02 -2.564807066839565330e-02
8.560164861590262297e-02 -3.402764383004390492e-02
8.307786177539598638e-02 -4.236357808125879726e-02
7.972937078332387184e-02 -5.057596548082742699e-02
7.555069425958624296e-02 -5.858111347825425974e-02
7.054515381053538814e-02 -6.629240214808983234e-02
6.472547589078241070e-02 -7.362125220859049024e-02
5.811428193506953943e-02 -8.047819259856006657e-02
5.074445186840567668e-02 -8.677401410783494584e-02
4.265934779890277057e-02 -9.242099345696104529e-02
3.391288667869501311e-02 -9.733417034085133090e-02
2.456945295513326619e-02 -1.014326583271250026e-01
1.470364469345328273e-02 -1.046409691660926955e-01
4.399849295328709352e-03 -1.068903290552097735e-01
-6.248352276602324798e-03 -1.081199647305278316e-01
-1.713895097481619653e-02 -1.082783369500215642e-01
-2.816244011636629546e-02 -1.073242990016230192e-01
-3.920290314304191587e-02 -1.052281583191910647e-01
-5.013924814202472269e-02 -1.019726201230036211e-01
-6.084657578691398533e-02 -9.755359321180014087e-02
-7.119766216488858379e-02 -9.198083785239430377e-02
-8.106454496957848921e-02 -8.527844590306264683e-02
-9.032018949986037049e-02 -7.748513257830974554e-02
-9.884020513683940135e-02 -6.865432628026207906e-02
-1.065045954785392990e-01 -5.885405365720615400e-02
-1.131995145927080781e-01 -4.816661179528197723e-02
-1.188190030474436248e-01 -3.668802492106040120e-02
-1.232666768953116360e-01 -2.452728629242570402e-02
-1.264573427192836330e-01 -1.180538932677625309e-02
-1.283185122077079299e-01 1.345844593817010007e-03
-1.287917905134710606e-01 1.478513084522303268e-02
-1.278341138654825737e-01 2.836326475007621903e-02
-1.254188135277159444e-01 4.192482604811689079e-02
-1.215364852245655325e-01 5.531002453572927968e-02
-1.161956455469303484e-01 6.835666408036816799e-02
-1.094231595906103860e-01 8.090219982620351635e-02
-1.012644271207978480e-01 9.278586135369058796e-02
-9.178331786176750773e-02 1.038508128763713234e-01
-8.106185003263004230e-02 1.139463202862196767e-01
-6.919960993738148713e-02 1.229298940215615421e-01
-5.631291421626338084e-02 1.306693763499297278e-01
-4.253372021887853044e-02 1.370449417462568653e-01
-2.800829380910129993e-02 1.419509796115571987e-01
-1.289564769828429117e-02 1.452978296183693452e-01
2.634232932597627835e-03 1.470133414790092130e-01
1.840235503914586582e-02 1.470442311384273781e-01
3.422285502012361452e-02 1.453572159185622381e-01
4.990527998569795065e-02 1.419399014683459248e-01
6.525697783144887576e-02 1.368014004317187060e-01
8.008557124330251131e-02 1.299726743337847601e-01
9.420148074844368613e-02 1.215065858245570757e-01
1.074204623590771651e-01 1.114776546325791096e-01
1.195661244941906703e-01 9.998151473530386690e-02
1.304723885093700964e-01 8.713407451519467051e-02
1.399858573291684616e-01 7.307038597778313382e-02
1.479680573657550513e-01 5.794323339655010896e-02
1.542975201189111800e-01 4.192145595513566136e-02
1.588716715753072384e-01 2.518802301610647762e-02
1.616084997409467650e-01 7.937884494808936098e-03
1.624479733236014745e-01 -9.624377603411747584e-03
1.613531876985367097e-01 -2.728706717094570022e-02
1.583112178004766057e-01 -4.483402932446672179e-02
1.533336614408390419e-01 -6.204740843615446505e-02
1.464568606993177646e-01 -7.871047225560054428e-02
1.377417934254130949e-01 -9.461046403188137777e-02
1.272736314468688457e-01 -1.095414436001185543e-01
1.151609667531939274e-01 -1.233070780034839775e-01
1.015347116362389362e-01 -1.357233423924825710e-01
8.654668345749107206e-02 -1.466210926826350125e-01
7.036788930433861278e-02 -1.558484727551548987e-01
5.318653231973868162e-02 -1.632731191535341519e-01
3.520575804363501593e-02 -1.687841363905188408e-01
1.664117064267381374e-02 -1.722938069979154108e-01
-2.281843889542118763e-03 -1.737390074237973314e-01
-2.133095906957041890e-02 -1.730823124690008818e-01
-4.026987497234486152e-02 -1.703127673212280202e-01
-5.886137163936337041e-02 -1.654463128263183869e-01
-7.687040785669913001e-02 -1.585258543452695290e-01
-9.406722324250105238e-02 -1.496209694406833435e-01
-1.102304011032235187e-01 -1.388272546482417491e-01
-1.251498496395918036e-01 -1.262653166459843934e-01
-1.386296598109636180e-01 -1.120794181637303766e-01
-1.504907994951185379e-01 -9.643579390390494277e-02
-1.605736054955883563e-01 -7.952065650113741835e-02
-1.687400374277066017e-01 -6.153791706107635678e-02
-1.748756605264510933e-01 -4.270664902172575939e-02
-1.788913279246859556e-01 -2.325832791006741951e-02
-1.807245369028841475e-01 -3.433882964619961245e-03
-1.803404379572537686e-01 1.651940049140075348e-02
-1.777324802127149828e-01 3.635108665712493553e-02
-1.729226816553911250e-01 5.581085975522070280e-02
-1.659615178068565289e-01 7.465181512215932069e-02
-1.569274277366211612e-01 9.263372598295618876e-02
-1.459259416352139682e-01 1.095262410385294677e-01
-1.330884394715125263e-01 1.251119686624544980e-01
-1.185705575487970287e-01 1.391894031373343832e-01
-1.025502571541758307e-01 1.515756579616837907e-01
-8.522558192361148754e-02 1.621089620187910474e-01
-6.681213861353253736e-02 1.706508810607263171e-01
-4.754032833502241928e-02 1.770882382670362631e-01
-2.765236657946016502e-02 1.813347039942886929e-01
-7.399131832939269404e-03 1.833320314031877396e-01
1.296311484637562711e-02 1.830509194686810448e-01
3.317609492381053127e-02 1.804914899816094653e-01
5.298291642063812645e-02 1.756833704661865669e-01
7.213147041605576237e-02 1.686853803906948057e-01
9.037777347372501213e-02 1.595848235616961763e-01
1.074892100278837942e-01 1.484963950860345994e-01
1.232476299958615434e-01 1.355607166811744757e-01
1.374522587523040740e-01 1.209425193353043659e-01
1.499223790810712831e-01 1.048284972887211786e-01
1.604997477801762273e-01 8.742486195525533965e-02
1.690507131913467631e-01 6.895462865929101459e-02
1.754680040089653392e-01 4.965467286811549308e-02
1.796721642362197335e-01 2.977259589508509871e-02
1.816126140358184649e-01 9.563442787833456582e-03
1.812683213996451048e-01 -1.071368274319248019e-02
1.786480749628218678e-01 -3.079905998931241687e-02
1.737903538359505395e-01 -5.043580227633323587e-02
1.667627959456383369e-01 -6.937326994852265061e-02
1.576612741175538457e-01 -8.737039660122856988e-02
1.466085868476054432e-01 -1.041988891079373980e-01
1.337527837947604936e-01 -1.196462514714474734e-01
1.192651549108263986e-01 -1.335185886010182288e-01
1.033379048988128796e-01 -1.456431573513924105e-01
8.618154686590573377e-02 -1.558706275962782883e-01
6.802205128128217815e-02 -1.640770223756911061e-01
4.909778976329431943e-02 -1.701653106519152303e-01
2.965631607512640017e-02 -1.740666310801453065e-01
9.951028961663686834e-03 -1.757411303773751821e-01
-9.762236919566114751e-03 -1.751784052826272087e-01
-2.922864475727719041e-02 -1.723975426655151300e-01
-4.819776652652898313e-02 -1.674467579785238192e-01
-6.642692398380327379e-02 -1.604026378802524966e-01
-8.368441364236257896e-02 -1.513689984012819290e-01
-9.975257135854884161e-02 -1.404753754016164480e-01
-1.144306344939423625e-01 -1.278751692015911989e-01
-1.275373625474437167e-01 -1.137434700830502465e-01
-1.389133806327081666e-01 -9.827459578548543295e-02
-1.484232141592841392e-01 -8.167937609930109311e-02
-1.559569875023434360e-01 -6.418222312867853663e-02
-1.614317642516920892e-01 -4.601802871029544995e-02
-1.647925117460007360e-01 -2.742893279020885630e-02
-1.660126779486384985e-01 -8.661008247063612178e-03
-1.650943742295351013e-01 1.003909131780099211e-02
-1.620681653380269260e-01 2.842747196373325569e-02
-1.569924657492395292e-01 4.626628836013452206e-02
-1.499525544604745908e-01 6.332692931983577300e-02
-1.410592298059156202e-01 7.939305316156140824e-02
-1.304471189129731701e-01 9.426343770622251650e-02
-1.182726688757881894e-01 1.077546035886631365e-01
-1.047118494964178748e-01 1.197031753650124597e-01
-8.995760140161622453e-02 1.299679487774678677e-01
-7.421706680029099834e-02 1.384316368596454072e-01
-5.770864305504628394e-02 1.450022722625598781e-01
-4.065890156021879920e-02 1.496142481844560113e-01
-2.329941611676342866e-02 1.522289855234229550e-01
-5.863546048689827206e-03 1.528352192630768047e-01
1.141678029654981906e-02 1.514489025696364455e-01
2.831423628364256040e-02 1.481127325435673270e-01
4.460917749689238126e-02 1.428953069510517093e-01
6.009258910929672626e-02 1.358899264817364227e-01
7.456885936922513780e-02 1.272130620640160303e-01
8.785834120535973568e-02 1.170025114457541177e-01
9.979966723100329451e-02 1.054152735498332660e-01
1.102517871947845673e-01 9.262517297902866931e-02
1.190957011189058834e-01 7.882027041884415164e-02
1.262358659249975257e-01 6.420009752300621930e-02
1.316012582028422695e-01 4.897275712527515701e-02
1.351460808560703830e-01 3.335193127277479019e-02
1.368501085928318373e-01 1.755384281485999551e-02
1.367186654645284605e-01 1.794206797471397307e-03
1.347822393201622282e-01 -1.371477798803999275e-02
1.310957478134713305e-01 -2.876735119278145056e-02
1.257374641667535486e-01 -4.316699285577383499e-02
1.188076227398683210e-01 -5.672906336760689255e-02
1.104267275084801353e-01 -6.928324500057990443e-02
1.007335906878754073e-01 -8.067575173691986234e-02
8.988313244245144107e-02 -9.077127777612113702e-02
7.804397584396174925e-02 -9.945465916131317197e-02
6.539587393896004186e-02 -1.066322273702867557e-01
5.212700792081412932e-02 -1.122328384019770642e-01
3.843119694596603547e-02 -1.162085657825733948e-01
2.450506106854218047e-02 -1.185350509430291299e-01
1.054517908194789119e-02 -1.192115095059831376e-01
-3.254717249984217641e-03 -1.182603970889027356e-01
-1.670647200778221583e-02 -1.157267432062224072e-01
-2.963011792487491719e-02 -1.116771666627931064e-01
-4.185633621775053381e-02 -1.061985904033850847e-01
-5.322872907846154522e-02 -9.939667805157663405e-02
-6.360587357314557988e-02 -9.139401827432687420e-02
-7.286312923340380887e-02 -8.232808658994775208e-02
-8.089417555458572329e-02 -7.234901724780669341e-02
-8.761225986462808923e-02 -6.161722030603818123e-02
-9.295114053293979106e-02 -5.030088098493874782e-02
-9.686571694589554693e-02 -3.857338214388389419e-02
-9.933233647817958645e-02 -2.661068105566272157e-02
-1.003487784164234231e-01 -1.458868670533674389e-02
-9.993392445697535376e-02 -2.680680548570331043e-03
-9.812711981384063253e-02 8.945188931342757874e-03
-9.498723948960435814e-02 2.012829862675127868e-02
-9.059147738568525121e-02 3.071779575025811171e-02
-8.503387991572147753e-02 4.057466349034308251e-02
-7.842364940925937444e-02 4.957357859471192563e-02
-7.088324579992372199e-02 5.760453555370717571e-02
-6.254631783731101624e-02 6.457421586458031437e-02
-5.355549730672675562e-02 7.040708495795974797e-02
-4.406009145525116577e-02 7.504620369562377269e-02
-3.421370998443950401e-02 7.845374583583102079e-02
-2.417186356582876061e-02 8.061121743910290571e-02
-1.408957086068599041e-02 8.151937878271600657e-02
-4.119010484232490249e-03 8.119787389565846780e-02
5.592746740268260755e-03 7.968457724811932319e-02
1.490589151942142178e-02 7.703467136372474378e-02
2.368988423183230121e-02 7.331947310507401505e-02
3.182528848329657656e-02 6.862503005433411019e-02
3.920540410296455280e-02 6.305051171660322473e-02
4.573767699991065222e-02 5.670642316633711655e-02
5.134486700805526715e-02 4.971267119495387243e-02
5.596595881293558311e-02 4.219651496672372631e-02
5.955680669609478284e-02 3.429043705772425593e-02
6.209050327287643500e-02 2.612996113968724804e-02
6.355747013197891870e-02 1.785145756246794488e-02
6.396527752810267364e-02 9.589975516771195863e-03
6.333819566669132706e-02 1.477127789577265720e-03
6.171648907358358305e-02 -6.360936631705123301e-03
5.915546857159403177e-02 -1.380544130464189494e-02
5.572431903657455721e-02 -2.074674383345720755e-02
5.150472443649467547e-02 -2.708592417018202553e-02
4.658931461886491737e-02 -3.273617677819586763e-02
4.107996086087586929e-02 -3.762398707369129375e-02
3.508594929615583419e-02 -4.169007619073920173e-02
2.872206295258951728e-02 -4.489010196403341035e-02
2.210660425543384267e-02 -4.719510802773468905e-02
1.535939045527538217e-02 -4.859171702475997140e-02
8.599754525648702769e-03 -4.908206804300202508e-02
1.944583643053535930e-03 -4.868350247797662012e-02
-4.493573576506451790e-03 -4.742800650097651199e-02
-1.060830133674824788e-02 -4.536142212572507465e-02
-1.630098455625589304e-02 -4.254244245554434506e-02
-2.148232485559204569e-02 -3.904141000190693156e-02
-2.607368179630061358e-02 -3.493893994343745535e-02
-3.000821957770145876e-02 -3.032439279704458174e-02
-3.323184273440495801e-02 -2.529422316121468506e-02
-3.570390795021845948e-02 -1.995023293372621617e-02
-3.739770411675034933e-02 -1.439776103195006610e-02
-3.830069264291358078e-02 -8.743832333940276466e-03
-3.841450632630234729e-02 -3.095302728988057282e-03
-3.775471376675348240e-02 2.442965036965167539e-03
-3.635035241583274568e-02 7.769872371308793324e-03
-3.424324105051394090e-02 1.278977146284065482e-02
-3.148708528003859447e-02 1.741404050721866506e-02
-2.814639295785013179e-02 2.156252256617741808e-02
-2.429521933527829455e-02 2.516480554291439242e-02
-2.001576441453255598e-02 2.816132354902334267e-02
-1.539684719554397854e-02 3.050426303102356240e-02
-1.053228333064815114e-02 3.215826036510196356e-02
-5.519194076291935279e-03 3.310088116165123967e-02
-4.562753424235067769e-04 3.332287518828005307e-02
4.557943923906550288e-03 3.282820456107198026e-02
9.426824828124791278e-03 3.163384660798750775e-02
1.405729441842969163e-02 2.976937651456758316e-02
1.836144668948304359e-02 2.727633846072164553e-02
2.225804244367615356e-02 2.420741739062295950e-02
2.567388360623665267e-02 2.062542677080491174e-02
2.854503983070046449e-02 1.660213063349660900e-02
3.081790782117432848e-02 1.221692082672373551e-02
3.245008669336559709e-02 7.555372658753650890e-03
3.341105584882583801e-02 2.707703997094388498e-03
3.368264519358931536e-02 -2.232835666986609461e-03
3.325929220536318759e-02 -7.171616437938435965e-03
3.214808029681515134e-02 -1.201429877312486065e-02
3.036855863078613549e-02 -1.666848984423358396e-02
2.795235169892024835e-02 -2.104535375702718675e-02
2.494256329109492687e-02 -2.506115578030928756e-02
2.139298652508537374e-02 -2.863871247282204907e-02
1.736713415302417948e-02 -3.170872372995425098e-02
1.293710628421890566e-02 -3.421096484911882035e-02
8.182315291291524656e-03 -3.609531914127225155e-02
3.188089956643252315e-03 -3.732263435509613342e-02
-1.955817167180302907e-03 -3.786538918374526136e-02
-7.156793696449079666e-03 -3.770815934156538513e-02
-1.232097608115791804e-02 -3.684787607626088118e-02
-1.735487577870003031e-02 -3.529387346469604891e-02
-2.216699552702726048e-02 -3.306772437037696494e-02
-2.666940856917869584e-02 -3.020286845963629507e-02
-3.077927438960766093e-02 -2.674403912396327090e-02
-3.442026566553339079e-02 -2.274649948141285738e-02
-3.752388269340838078e-02 -1.827510077643819050e-02
-4.003063349464260068e-02 -1.340317941375020541e-02
-4.189106010284745357e-02 -8.211311500762831159e-03
-4.306659414824775406e-02 -2.785946092336357826e-03
-4.353022773971790271e-02 2.782059706264185511e-03
-4.326698875296816627e-02 8.398979048245406795e-03
-4.227421291305573370e-02 1.396980117496739865e-02
-4.056160964086513721e-02 1.939983597377519312e-02
-3.815111834691168463e-02 2.459631749265276876e-02
-3.507655756770692440e-02 2.946997400348881982e-02
-3.138307721104181131e-02 3.393653460608344469e-02
-2.712642021261928160e-02 3.791815417040790559e-02
-2.237200681343289033e-02 4.134473054960727256e-02
-1.719385693574282739e-02 4.415509221595678713e-02
-1.167336879728399397e-02 4.629803666078634306e-02
-5.897974260182462652e-03 4.773320240884623006e-02
4.030657521798696092e-05 4.843176028579085357e-02
6.046387383291215029e-03 4.837691259800602078e-02
1.202368884824007306e-02 4.756419208677634125e-02
1.787573692205669459e-02 4.600155585076254328e-02
2.350775952547890651e-02 4.370927283688315346e-02
2.882825517134662494e-02 4.071960692379315155e-02
3.375050748715052035e-02 3.707630100783224775e-02
3.819402054025253235e-02 3.283387079290466665e-02
4.208585120938633517e-02 2.805672012919493974e-02
4.536181657699819847e-02 2.281809268936305785e-02
4.796755640976543833e-02 1.719887746668173276e-02
4.985943321433120023e-02 1.128628798338954069e-02
5.100525506169767409e-02 5.172437170085288083e-03
5.138480932194212925e-02 -1.047168415493942434e-03
5.099019859215192518e-02 -7.275190047241798970e-03
4.982597338278169086e-02 -1.341404808326568214e-02
4.790906072290583573e-02 -1.936751441796262518e-02
4.526848736328827061e-02 -2.504228709300780967e-02
4.194490198894563343e-02 -3.034951526578605341e-02
3.798990872302308169e-02 -3.520624537788751007e-02
3.346521987098290823e-02 -3.953677174874373201e-02
2.844164272749419298e-02 -4.327386685401908573e-02
2.299791732664742752e-02 -4.635987101827865331e-02
1.721942447370628307e-02 -4.874762359225925240e-02
1.119678553316058242e-02 -5.040122032115808282e-02
5.024377228250052549e-03 -5.129658449814453874e-02
-1.201213897865577480e-03 -5.142184258908231304e-02
-7.382771722412652914e-03 -5.077749825917058507e-02
-1.342403928571280804e-02 -4.937640207631505129e-02
-1.923128970874676824e-02 -4.724351755433257860e-02
-2.471485326535473315e-02 -4.441548757565608879e-02
-2.979057532691081409e-02 -4.094000854230962771e-02
-3.438118105392325846e-02 -3.687502279094048013e-02
-3.841752426513356938e-02 -3.228774281999770984e-02
-4.183969984468924319e-02 -2.725352366496161180e-02
-4.459800132005480033e-02 -2.185460227475893857e-02
-4.665370782007627337e-02 -1.617872494748947079e-02
-4.797968746156302394e-02 -1.031768573979585137e-02
-4.856080726710221285e-02 -4.365800240809960056e-03
-4.839414293620361573e-02 1.581659825993382215e-03
-4.748898512315606613e-02 7.430045059462269015e-03
-4.586664344092297729e-02 1.308689114904182209e-02
-4.356004918766592099e-02 1.846344770627554588e-02
-4.061316298160647098e-02 2.347614161631488353e-02
-3.708020156317879540e-02 2.804794610701165716e-02
-3.302469379428709523e-02 3.210964031546098552e-02
-2.851838234189732479e-02 3.560093569634777133e-02
-2.363998952423219946e-02 3.847145045815497655e-02
-1.847386807592082958e-02 4.068151574467473303e-02
-1.310855952342950340e-02 4.220280008413181128e-02
-7.635284421467099930e-03 4.301874166050417836e-02
-2.146389858457704511e-03 4.312478117140174788e-02
3.266219625168885737e-03 4.252839137123988478e-02
8.512641261063101303e-03 4.124890280237467066e-02
1.350649711387984057e-02 3.931712863406963687e-02
1.816639525156744234e-02 3.677479490302419662e-02
2.241730430564756182e-02 3.367378572371240025e-02
2.619181812437903004e-02 3.007521615747820246e-02
2.943128903540764840e-02 2.604834834416152808e-02
3.208681041043162652e-02 2.166936916020934661e-02
3.412003172729263095e-02 1.702005002806641215e-02
3.550379211400297302e-02 1.218631152328658769e-02
3.622256138898766187e-02 7.256717073892503429e-03
3.627268083262737836e-02 2.320921292740970882e-03
3.566239928412878041e-02 -2.531900693729138493e-03
3.441170359948274304e-02 -7.214616172806668365e-03
3.255194693931514477e-02 -1.164366073654451994e-02
3.012527911515143486e-02 -1.574050930038894611e-02
2.718388708975574830e-02 -1.943306080530466870e-02
2.378906204224469356e-02 -2.265690777312633075e-02
2.001010617760208554e-02 -2.535647683710777825e-02
1.592309787624886230e-02 -2.748601755854974960e-02
1.160953589914008599e-02 -2.901042209634213317e-02
7.154885487987739344e-03 -2.990586109121447581e-02
2.647050950724771663e-03 -3.016022417747363932e-02
-1.825199331262785003e-03 -2.977335679245721178e-02
-6.173828619266187936e-03 -2.875708836469788657e-02
-1.031312092861526655e-02 -2.713505046999736825e-02
-1.416123618872012352e-02 -2.494228709255357987e-02
-1.764170454399448251e-02 -2.222466265738573879e-02
-2.068483377861034603e-02 -1.903807695203220407e-02
-2.322900517815267019e-02 -1.544749937235134589e-02
-2.522183489083811361e-02 -1.152583805369842770e-02
-2.662117999316231456e-02 -7.352662332123016849e-03
-2.739597096621492964e-02 -3.012799571617553671e-03
-2.752685510996627505e-02 1.405170351511418354e-03
-2.700663851866896489e-02 5.810497736426650101e-03
-2.584051756149592649e-02 1.011189627580141859e-02
-2.404609430508520412e-02 1.421919912608374074e-02
-2.165317392213657668e-02 1.804500957042414616e-02
-1.870334579377305392e-02 2.150631790002702215e-02
-1.524935427657831549e-02 2.452605381756293307e-02
-1.135426750946616666e-02 2.703455556945451310e-02
-7.090454726155073946e-03 2.897092394583695302e-02
-2.538390975144440634e-03 3.028423160255819951e-02
2.214693167253974342e-03 3.093457398343534351e-02
7.076295375623298765e-03 3.089393956285661769e-02
1.195023487510329246e-02 3.014688274017580938e-02
1.673832924149375179e-02 2.869098587703146699e-02
2.134212704589255258e-02 2.653710037683396084e-02
2.566466749657659446e-02 2.370936030810677150e-02
2.961223750610193772e-02 2.024496581255924230e-02
3.309609636872012234e-02 1.619373735453602872e-02
3.603413847965435124e-02 1.161744569905134861e-02
3.835246526314300963e-02 6.588926288556443654e-03
3.998683869210453018e-02 1.190990361851681058e-03
4.088399046263323233e-02 -4.484851338542049197e-03
4.100276300750741593e-02 -1.033983315001919118e-02
4.031506106340596030e-02 -1.626952525347784284e-02
3.880659540869196844e-02 -2.216554584978791195e-02
3.647740361828720468e-02 -2.791736770631196921e-02
3.334213618958870723e-02 -3.341419017509533046e-02
2.943010012401785225e-02 -3.854684638242761308e-02
2.478505594412179491e-02 -4.320971436758520856e-02
1.946476812459072003e-02 -4.730260052554274147e-02
1.354031295342685882e-02 -5.073256379526477899e-02
7.095152049581035861e-03 -5.341564709398700928e-02
2.239840668581557191e-04 -5.527849394624335944e-02
-6.968612299790640126e-03 -5.625981682564037967e-02
-1.436972252154788791e-02 -5.631168571086675456e-02
-2.185980509480778614e-02 -5.540062099492985143e-02
-2.931453994359094206e-02 -5.350846748772197098e-02
-3.660678829656550948e-02 -5.063303206120755434e-02
-4.360863382556786488e-02 -4.678847108747161837e-02
-5.019347315015013772e-02 -4.200541768017101996e-02
-5.623812262321791627e-02 -3.633084281033098495e-02
-6.162490763955409678e-02 -2.982764856504869361e-02
-6.624370056724196432e-02 -2.257399608697271964e-02
-6.999387379867143266e-02 -1.466237500626180190e-02
-7.278613535145095348e-02 -6.198425387361263320e-03
-7.454421591016359427e-02 2.700472706887353542e-03
-7.520637816911375506e-02 1.190682304726736231e-02
-7.472672178746035676e-02 2.128482785504339295e-02
-7.307626016707993721e-02 3.069236728635574285e-02
-7.024374856850013060e-02 3.998311493454295706e-02
-6.623624674294974202e-02 4.900875799164262220e-02
-6.107940322465305050e-02 5.762128866756169310e-02
-5.481745263744935981e-02 6.567533192525114305e-02
-4.751292175988255928e-02 7.303047358128916811e-02
-3.924604459601638284e-02 7.955355236410471820e-02
-3.011389124604094830e-02 8.512087962872576241e-02
-2.022921978533937307e-02 8.962034890937373155e-02
-9.719066228889378101e-03 9.295340752643088678e-02
1.276912232605190156e-03 9.503685343076515024e-02
1.260831737701871569e-02 9.580442221830461069e-02
2.411608689670978467e-02 9.520814347295550317e-02
3.563473965567080098e-02 9.321944008097612921e-02
4.699475721311207471e-02 8.982994993614851209e-02
5.802506708523923890e-02 8.505205347346313227e-02
6.855559123964402590e-02 7.891909478330470795e-02
7.841982188028627510e-02 7.148528860436546839e-02
8.745738571221635393e-02 6.282531020373832709e-02
9.551655759213123487e-02 5.303356995587296674e-02
1.024566847828442540e-01 4.222317925538088268e-02
1.081504839369673565e-01 3.052461916831673838e-02
1.124861744286124177e-01 1.808412786909982528e-02
1.153694137137116216e-01 5.061827353670543886e-03
1.167250030028061519e-01 -8.370385905639664975e-03
1.164983346395544461e-01 -2.203115785751814243e-02
1.146565561504937075e-01 -3.573216937032159396e-02
1.111894299161232669e-01 -4.928076938690927750e-02
1.061098717529137397e-01 -6.248271129660076112e-02
9.945415632733627109e-02 -7.514495313292732237e-02
9.128178217856784682e-02 -8.707848082903341114e-02
8.167499413444087586e-02 -9.810111298644107192e-02
7.073796599095985571e-02 -1.080402454536635859e-01
5.859565122577912316e-02 -1.167354927471428577e-01
4.539231609898060349e-02 -1.240411913309362318e-01
3.128977052522979169e-02 -1.298287230928425739e-01
1.646532004444379790e-02 -1.339886190139364941e-01
1.109466676758766573e-03 -1.364324149307855061e-01
-1.457661113256324137e-02 -1.370942277804336473e-01
-3.038376513964292924e-02 -1.359320261968178789e-01
-4.609773309133104874e-02 -1.329285735814879355e-01
-6.150210372940848741e-02 -1.280920263836076156e-01
-7.638134909412869211e-02 -1.214561752277473761e-01
-9.052388084894980036e-02 -1.130803216517123344e-01
-1.037250866146563893e-01 -1.030487884857034520e-01
-1.157903022112181379e-01 -9.147006724101364172e-02
-1.265376762649308984e-01 -7.847561120236601351e-02
-1.358008848422056214e-01 -6.421828815380969946e-02
-1.434316556057424752e-01 -4.887051173567054374e-02
-1.493020634301989169e-01 -3.262207525342243619e-02
-1.533065624301271079e-01 -1.567771626579289937e-02
-1.553637229015037979e-01 1.745555599362048904e-03
-1.554176457101007214e-01 1.942133147977195481e-02
-1.534390311183180533e-01 3.711683747391144456e-02
-1.494258838634436037e-01 5.459608829180437328e-02
-1.434038414154671093e-01 7.162311643706996411e-02
-1.354261176778205622e-01 8.796523160382194173e-02
-1.255730598724175695e-01 1.033962642310528868e-01
-1.139513218737135541e-01 1.176997457753320292e-01
-1.006926634770978768e-01 1.306719841219618483e-01
-8.595238819503601968e-02 1.421249872902768385e-01
-6.990743999905175976e-02 1.518891902323620813e-01
-5.275418382773025550e-02 1.598159488545703444e-01
-3.470589866800064677e-02 1.657797632502016616e-01
-1.599001659786522186e-02 1.696801970592854147e-01
3.154855022723123108e-03 1.714434640226767115e-01
2.248208774702305235e-02 1.710236573833718854e-01
4.174031944661731053e-02 1.684036027427648907e-01
6.067682965011673979e-02 1.635953202326450584e-01
7.904095608115802030e-02 1.566400873396669446e-01
9.658750486876112318e-02 1.476080993389702056e-01
1.130801067890472300e-01 1.365977299764847275e-01
1.282944724651883250e-01 1.237344007030546922e-01
1.420215006956521420e-01 1.091690723258040424e-01
1.540701959828340295e-01 9.307637832247467324e-02
1.642703538688725928e-01 7.565242418464006302e-02
1.724749758174234648e-01 5.711228194129494562e-02
1.785623790652338672e-01 3.768721339569428008e-02
1.824379710532457732e-01 1.762165952163538205e-02
1.840356626740204393e-01 -2.829963146410376454e-03
1.833188995744264305e-01 -2.340661548125400754e-02
1.802812960581809398e-01 -4.384409224297809715e-02
1.749468616659379527e-01 -6.387853467475355929e-02
1.673698165255794734e-01 -8.324994987678083214e-02
1.576339964828196438e-01 -1.017056918638955115e-01
1.458518545866074878e-01 -1.190038538546193819e-01
1.321630733281693171e-01 -1.349165229105994679e-01
1.167328051861413613e-01 -1.492328552823347920e-01
9.974956508154443624e-02 -1.617619288433402858e-01
8.142280313432963268e-02 -1.723353331784661657e-01
6.198019057841483437e-02 -1.808094615205217970e-01
4.166465569276894126e-02 -1.870674728623669125e-01
2.073121008536532930e-02 -1.910208971497221186e-01
-5.563914244649440346e-04 -1.926108614172310496e-01
-2.192911178245619125e-02 -1.918089199955259894e-01
-4.311616633785965436e-02 -1.886174774146071043e-01
-6.384858295920557703e-02 -1.830697982799349421e-01
-8.386273913356451226e-02 -1.752296041213914912e-01
-1.029038279283681079e-01 -1.651902629299364655e-01
-1.207292057429172338e-01 -1.530735827209685485e-01
-1.371115764834680562e-01 -1.390282259171888857e-01
-1.518419691352892176e-01 -1.232277665499341701e-01
-1.647324686423106421e-01 -1.058684171630719373e-01
-1.756186634964202187e-01 -8.716645679906481758e-02
-1.843617774327248882e-01 -6.735539548997580839e-02
-1.908504570657363342e-01 -4.668291421101836841e-02
-1.950021921198299424e-01 -2.540762223229181202e-02
-1.967643500355936714e-01 -3.795676185322820455e-03
-1.961148128274730063e-01 1.788269202108305755e-02
-1.930622071629145842e-01 3.935669482953069870e-02
-1.876457260544594496e-01 6.035850567374811265e-02
-1.799345484039734377e-01 8.062672343407525921e-02
-1.700268638184516401e-01 9.990974166039955084e-02
-1.580485179213728941e-01 1.179689764020692699e-01
-1.441512980519254472e-01 1.345819098435881711e-01
-1.285108840713905243e-01 1.495449096843428083e-01
-1.113244934516656043e-01 1.626757874836084750e-01
-9.280825384431728997e-02 1.738160629689381453e-01
-7.319433986524402636e-02 1.828329055202410069e-01
-5.272791383290965916e-02 1.896207286309613271e-01
-3.166391262806713541e-02 1.941024180443017555e-01
-1.026372466932347696e-02 1.962301793949648432e-01
1.120819779990844985e-02 1.959859964810440336e-01
3.248774535412984887e-02 1.933816966703097995e-01
5.331453127688835780e-02 1.884586253333498385e-01
7.343519973185146099e-02 1.812869365164198054e-01
9.260661857816389342e-02 1.719645122445693508e-01
1.105989151233773421e-01 1.606155278084211713e-01
1.271983156000265069e-01 1.473886850673355731e-01
1.422097521683932109e-01 1.324551401336944989e-01
1.554592047407770961e-01 1.160061557293344675e-01
1.667957488378578879e-01 9.825051197374898293e-02
1.760932849660316046e-01 7.941171232963868676e-02
1.832519306062104780e-01 5.972502514823679887e-02
1.881990571948271018e-01 3.943439744176266415e-02
1.908899623933366652e-01 1.878928686672967641e-02
1.913081756850387449e-01 -1.958543044630507279e-03
1.894653944568558401e-01 -2.255822560056100490e-02
1.854010562544449181e-01 -4.276294765764306061e-02
1.791815570883996955e-01 -6.233301897905497990e-02
1.708991303623651481e-01 -8.103881458660719406e-02
1.606704054271462789e-01 -9.866355266611431807e-02
1.486346688783867775e-01 -1.150058732955039353e-01
1.349518554544727467e-01 -1.298821864239558810e-01
1.198002987074163334e-01 -1.431287610877262917e-01
1.033742744707482342e-01 -1.546035317483531735e-01
8.588137250031559200e-02 -1.641876018215881194e-01
6.753973348947132915e-02 -1.717864288672000805e-01
4.857518994056991835e-02 -1.773306804649243118e-01
2.921835009927369400e-02 -1.807767544430647910e-01
9.701664324487567492e-03 -1.821069617860213152e-01
-9.743487119469335794e-03 -1.813293751583594238e-01
-2.888964678682858292e-02 -1.784773504806514977e-01
-4.751603667115874424e-02 -1.736087333134649635e-01
-6.541118403458738573e-02 -1.668047658912885922e-01
-8.237538414115032348e-02 -1.581687144429426151e-01
-9.822297038559422988e-02 -1.478242398892511411e-01
-1.127843654691306485e-01 -1.359135380783685343e-01
-1.259078918653301904e-01 -1.225952800049089630e-01
-1.374613198071017173e-01 -1.080423775337766429e-01
-1.473331378251574175e-01 -9.243961185501765876e-02
-1.554335382618063921e-01 -7.598116137879025456e-02
-1.616951077423496308e-01 -5.886805845615475374e-02
-1.660732204756326658e-01 -4.130561165783835920e-02
-1.685461356591489712e-01 -2.350082821200364866e-02
-1.691148042754806458e-01 -5.659870439886931573e-03
-1.678023944177020055e-01 1.201442119658631576e-02
-1.646535479186347906e-01 2.932490748130557948e-02
-1.597333844337087416e-01 4.608240337315615276e-02
-1.531262721956407058e-01 6.210777801255029651e-02
-1.449343873826483831e-01 7.723387808641141161e-02
-1.352760863878291475e-01 9.130725385211413414e-02
-1.242841172193864391e-01 1.041896703627088194e-01
-1.121036977799179796e-01 1.157593898470925392e-01
-9.889048985516629697e-02 1.259122147252121626e-01
-8.480849828255515588e-02 1.345622843248170941e-01
-7.002792496843253389e-02 1.416426219578811041e-01
-5.472300718790665958e-02 1.471054325578022570e-01
-3.906986894666249210e-02 1.509221545209830373e-01
-2.324441313051774441e-02 1.530832726891702966e-01
-7.420280741760720139e-03 1.535979025061728898e-01
8.233098247238918033e-03 1.524931582424856880e-01
2.355233996718002210e-02 1.498133207667846911e-01
3.838180852380809055e-02 1.456188246009300913e-01
5.257516504582270683e-02 1.399850775067968400e-01
6.599674869361342455e-02 1.330011389361466789e-01
7.852278121417506640e-02 1.247682834405808711e-01
9.004238352334698048e-02 1.153984661307451143e-01
1.004583988251864651e-01 1.050127161741598036e-01
1.096880192448376062e-01 9.373948226138702211e-02
1.176632158638175607e-01 8.171295369935960284e-02
1.243309748546904542e-01 6.907138017042148415e-02
1.296533450743075078e-01 5.595541224672700292e-02
1.336073049532529866e-01 4.250648349770844159e-02
1.361844587799438955e-01 2.886525350323529068e-02
1.373905744915382421e-01 1.517012932045964241e-02
1.372449768258439118e-01 1.555880984860027669e-03
1.357798111393772877e-01 -1.184763550524431386e-02
1.330391943425999479e-01 -2.491663652563880574e-02
1.290782702356685352e-01 -3.753444162494473657e-02
1.239621870438262080e-01 -4.959237030002891511e-02
1.177650151533887746e-01 -6.099050063517372916e-02
1.105686229449964197e-01 -7.163828802152186204e-02
1.024615282233665159e-01 -8.145504442144925472e-02
9.353774206989673434e-02 -9.037028077330409859e-02
8.389562101817900353e-02 -9.832391711235731468e-02
7.363674229872324561e-02 -1.052663667843800888e-01
6.286481554723045984e-02 -1.111585027235452716e-01
5.168464217599143956e-02 -1.159715173313505682e-01
4.020113366265808813e-02 -1.196866794483670005e-01
2.851839850965503034e-02 -1.222950048659547512e-01
1.673890153346460283e-02 -1.237968565785596553e-01
4.962701864281073710e-03 -1.242014802100903925e-01
-6.713227472395397535e-03 -1.235264892950627413e-01
-1.819559713496981743e-02 -1.217973126389297334e-01
-2.939531663587495805e-02 -1.190466155821944122e-01
-4.022792910818979994e-02 -1.153137063719735234e-01
-5.061396911003258892e-02 -1.106439380235015452e-01
-6.047924817938246655e-02 -1.050881150569143857e-01
-6.975507393828413172e-02 -9.870191334871614153e-02
-7.837840942996870952e-02 -9.154532007215462897e-02
-8.629198004300486780e-02 -8.368209934761824953e-02
-9.344433582544084405e-02 -7.517928781559007900e-02
-9.978987721591081606e-02 -6.610672291363399455e-02
-1.052888522193953097e-01 -5.653660521820833007e-02
-1.099073328388423532e-01 -4.654309483392959218e-02
-1.136171781506725154e-01 -3.620194050800566721e-02
-1.163959907969506907e-01 -2.559013894475805143e-02
-1.182270728782073982e-01 -1.478562072080212043e-02
-1.190993862904673323e-01 -3.866958278926922992e-03
-1.190075214829402483e-01 7.086909272029172369e-03
-1.179516774464883372e-01 1.799694038679050187e-02
-1.159376545068026704e-01 2.878425054094804758e-02
-1.129768599405718832e-01 3.937037548911172941e-02
-1.090863252434781661e-01 4.967753775418229378e-02
-1.042887348958207172e-01 5.962892707362497241e-02
-9.861246099125922648e-02 6.914900494010210730e-02
-9.209159949044276594e-02 7.816383128918687195e-02
-8.476600276756519892e-02 8.660141961078177131e-02
-7.668130201696131409e-02 9.439212352639772541e-02
-6.788891238693152419e-02 1.014690567274307842e-01
-5.844601319183959087e-02 1.077685469075098795e-01
-4.841549523768474972e-02 1.132306229725669744e-01
-3.786586719332977330e-02 1.177995334053833221e-01
-2.687111305760568961e-02 1.214242922285148352e-01
-1.551049311536692801e-02 1.240592475832453384e-01
-3.868281342388634261e-03 1.256646665555342657e-01
7.966566995693851599e-03 1.262073285655773702e-01
1.990082281147304358e-02 1.256611184274968041e-01
3.183746980430977175e-02 1.240076091102710054e-01
4.367627291993391586e-02 1.212366233186787101e-01
5.531442985640379340e-02 1.173467622895169038e-01
6.664730517015429734e-02 1.123458896862321449e-01
7.756924479740202882e-02 1.062515581933414499e-01
8.797446700281197352e-02 9.909136637549531557e-02
9.775802393311934513e-02 9.090323358526705699e-02
1.068168261238687800e-01 8.173558118457839583e-02
1.150507205189574694e-01 7.164740908808432673e-02
1.223636109411208039e-01 6.070825560144045563e-02
1.286646070384533658e-01 4.899803795792953554e-02
1.338691901184699273e-01 3.660676240255366504e-02
1.379003791330875306e-01 2.363409383017809479e-02
1.406898795405444880e-01 1.018878752901448276e-02
1.421791982669404208e-01 -3.612020515984428002e-03
1.423207068847139878e-01 -1.764366413848527174e-02
1.410786348604763096e-01 -3.177493540040366576e-02
1.384299747597452501e-01 -4.586920560392808432e-02
1.343652816419486917e-01 -5.978567122175058174e-02
1.288893495410843026e-01 -7.338071468492500526e-02
1.220217489058020716e-01 -8.650936764899359865e-02
1.137972101620691734e-01 -9.902686213970368634e-02
1.042658401511684929e-01 -1.107902529010577342e-01
9.349316006932478773e-02 -1.216600923706057658e-01
8.155995567122835410e-02 -1.315021380278172947e-01
6.856193287162686001e-02 -1.401890704363973061e-01
5.460917445580190654e-02 -1.476021991625689478e-01
3.982539635572213133e-02 -1.536331329267295320e-01
2.434700482483009507e-02 -1.581853898591240870e-01
8.321958808472756583e-03 -1.611759235999430939e-01
-8.091555185906302780e-03 -1.625365412238436169e-01
-2.472662541119266533e-02 -1.622151895859237358e-01
-4.140928113589509296e-02 -1.601770876823311873e-01
-5.796030671992961208e-02 -1.564056839895659745e-01
-7.419718502307388885e-02 -1.509034177903988694e-01
-8.993614701843032078e-02 -1.436922722465883429e-01
-1.049943066866841773e-01 -1.348141014763562795e-01
-1.191918550789211884e-01 -1.243307156518142637e-01
-1.323542848693901319e-01 -1.123237200649733758e-01
-1.443146175140082588e-01 -9.889410064546383383e-02
-1.549156034786738634e-01 -8.416155336086686423e-02
-1.640118654674647125e-01 -6.826355844136611228e-02
-1.714719544715500865e-01 -5.135420396697337742e-02
-1.771802887873619725e-01 -3.360276698574006515e-02
-1.810389469230271609e-01 -1.519206394137123141e-02
-1.829692865243497113e-01 3.683414276061061036e-03
-1.829133630980635250e-01 2.281956393660844809e-02
-1.808351243761762706e-01 4.200490479141413130e-02
-1.767213586298813643e-01 6.102296617734823819e-02
-1.705823780771153486e-01 7.965479527080640554e-02
-1.624524217006757532e-01 9.768155748294911345e-02
-1.523897652644325140e-01 1.148871969879104171e-01
-1.404765300389121674e-01 1.310611237844031829e-01
-1.268181856751355863e-01 1.460008925414134628e-01
-1.115427467438598746e-01 1.595148377960078079e-01
-9.479966662989848525e-02 1.714246298748718644e-01
-7.675843667921483648e-02 1.815677162133468858e-01
-5.760690267968853612e-02 1.897996135515472027e-01
-3.754931485389682161e-02 1.959960177943738113e-01
-1.680413112024061947e-02 2.000546988501955004e-01
4.398400768560699683e-03 2.018971549891787343e-01
2.581885712354564655e-02 2.014699982559467473e-01
4.721141760739705484e-02 1.987460446499481614e-01
6.832677515892891795e-02 1.937250931191440428e-01
8.891514151451801462e-02 1.864343763249080854e-01
1.087293107041135687e-01 1.769286714372320102e-01
1.275277414638236462e-01 1.652900636004054347e-01
1.450776185892633519e-01 1.516273592644969137e-01
1.611578528747186490e-01 1.360751512451685297e-01
1.755619794560806801e-01 1.187925420891099287e-01
1.881009151059788997e-01 9.996153701865764796e-02
1.986055363151617570e-01 7.978512234032540673e-02
2.069290418244737195e-01 5.848504966176725633e-02
2.129490656283364314e-01 3.629935050522719447e-02
2.165695093272360094e-01 1.347960987020264435e-02
2.177220660296556309e-01 -9.711969075455696362e-03
2.163674117523891605e-01 -3.300567376364875460e-02
2.124960443949047983e-01 -5.612752625138359847e-02
2.061287548151339299e-01 -7.880262199975962556e-02
1.973167192522649049e-01 -1.007585211271536108e-01
1.861412072639324899e-01 -1.217286486380392274e-01
1.727129044041509076e-01 -1.414556594896354547e-01
1.571708539953899919e-01 -1.596947243144399564e-01
1.396810274726206225e-01 -1.762166921745629555e-01
1.204345376229088577e-01 -1.908110869890277950e-01
9.964551520307070309e-02 -2.032888995277435107e-01
7.754867156786533766e-02 -2.134851350781838131e-01
5.439657606213063601e-02 -2.212610791659587461e-01
3.045668161040060093e-02 -2.265062518577078687e-01
6.008134355221058341e-03 -2.291400215115826366e-01
-1.866159319792345603e-02 -2.291128539260620656e-01
-4.326020337826689405e-02 -2.264071774639009327e-01
-6.749416459481559494e-02 -2.210378496564406603e-01
-9.107234677167970471e-02 -2.130522159586071274e-01
-1.137096541630887025e-01 -2.025297566571663266e-01
-1.351306084101127902e-01 -1.895813233618703908e-01
-1.550728350087852148e-01 -1.743479719568426234e-01
-1.732904073021662994e-01 -1.569994042829979675e-01
-1.895570036781267786e-01 -1.377320360868424520e-01
-2.036688358326341486e-01 -1.167667138333563503e-01
-2.154473087188768232e-01 -9.434610776998271497e-02
-2.247413761111109742e-01 -7.073181307756076786e-02
-2.314295595263019534e-01 -4.620119498932560853e-02
-2.354216025167863158e-01 -2.104401734310523686e-02
-2.366597370170389625e-01 4.441102896971550577e-03
-2.351195434350888402e-01 2.995037009925760607e-02
-2.308103914570807658e-01 5.517856643473678657e-02
-2.237754540107888546e-01 7.982284209379753026e-02
-2.140912924363386483e-01 1.035864903331434050e-01
-2.018670166857161330e-01 1.261826577716788356e-01
-1.872430298261672510e-01 1.473379437620143118e-01
-1.703893711072704820e-01 1.667958404644426518e-01
-1.515036785259541163e-01 1.843199672530407840e-01
-1.308087959354081453e-01 1.996970590974895265e-01
-1.085500546776051317e-01 2.127396689442490330e-01
-8.499226412197197211e-02 2.232885484701577217e-01
-6.041644940755123289e-02 2.312146757396417174e-01
-3.511637809499799229e-02 2.364209028860210227e-01
-9.394920290470398783e-03 2.388432018960365832e-01
1.643971093403617800e-02 2.384514918376046677e-01
4.207779036182809906e-02 2.352500363625809054e-01
6.721193324258763202e-02 2.292774059643111206e-01
9.154091991462358358e-02 2.206060051970681057e-01
1.147734429995341809e-01 2.093411707930547261e-01
1.366317287334742614e-01 1.956198522643570470e-01
1.568549856516808227e-01 1.796088920749705498e-01
1.752026361224385820e-01 1.615029277368093263e-01
1.914572891021125989e-01 1.415219431516406556e-01
2.054274159148654633e-01 1.199085011205380386e-01
2.169496948021299443e-01 9.692469311122042797e-02
2.258909943837268952e-01 7.284884605505219379e-02
2.321499709643450871e-01 4.797202908982123315e-02
2.356582597401613022e-01 2.259440572948281239e-02
2.363812453404342540e-01 -2.978521106278666456e-03
2.343184032003353401e-01 -2.843972179479652487e-02
2.295032072518266575e-01 -5.348446327480087942e-02
2.220026064832478774e-01 -7.781409161750163506e-02
2.119160799565117381e-01 -1.011397240720127572e-01
1.993742825053048950e-01 -1.231858053245504792e-01
1.845373003590982108e-01 -1.436934817553693899e-01
1.675925406756136882e-01 -1.624237507884413179e-01
1.487522836930507408e-01 -1.791603455480904605e-01
1.282509305399589239e-01 -1.937123186776716910e-01
1.063419836076308772e-01 -2.059162932864208040e-01
8.329479974631316674e-02 -2.156383535139790864e-01
5.939115934867970209e-02 -2.227755520744777451e-01
3.492169659603552162e-02 -2.272570172955345191e-01
1.018223773706719397e-02 -2.290446475305383811e-01
-1.452990477321457891e-02 -2.281333863210338597e-01
-3.891963413534201000e-02 -2.245510772441952074e-01
-6.269771926513165172e-02 -2.183579029221456858e-01
-8.558434622379833268e-02 -2.096454181196771016e-01
-1.073125257888750128e-01 -1.985351921408786968e-01
-1.276313141313892285e-01 -1.851770807820801723e-01
-1.463088063232796665e-01 -1.697471528408577568e-01
-1.631348656798886632e-01 -1.524453005557262486e-01
-1.779235556973341736e-01 -1.334925673011329583e-01
-1.905152455191414240e-01 -1.131282293363073538e-01
-2.007783644007223034e-01 -9.160667136017196233e-02
-2.086107862537266711e-01 -6.919409888556309063e-02
-2.139408276524035202e-01 -4.616512841490595653e-02
-2.167278503772070986e-01 -2.279930317788091479e-02
-2.169624666563923499e-01 6.224184845191969156e-04
-2.146663460900896381e-01 2.382115920348096966e-02
-2.098916312299451692e-01 4.652355704495486632e-02
-2.027199733308806262e-01 6.846509453400072276e-02
-1.932612046963062824e-01 8.939328025285425694e-02
-1.816516686742597475e-01 1.090706434024642651e-01
-1.680522326681924694e-01 1.272775046058360615e-01
-1.526460134464292517e-01 1.438144895863855410e-01
-1.356358475184712975e-01 1.585047561250202686e-01
-1.172415423506782406e-01 1.711959088298263265e-01
-9.769694668192678566e-02 1.817615806815382484e-01
-7.724688014267371006e-02 1.901026649822758485e-01
-5.614396375743913037e-02 1.961481861675350435e-01
-3.464539370821223541e-02 1.998558028736277525e-01
-1.300970095007594231e-02 2.012119416154573848e-01
8.506461095894255961e-03 2.002315643537778134e-01
2.965145948190544070e-02 1.969575780492505979e-01
5.018171549745477356e-02 1.914598989472635349e-01
6.986459145518722491e-02 1.838341887502965566e-01
8.848109518751438862e-02 1.742002839553245808e-01
1.058283698812317458e-01 1.627003434088126754e-01
1.217219402156924785e-01 1.494967425132821826e-01
1.359976903394859993e-01 1.347697466491074303e-01
1.485135501906794386e-01 1.187149936725606231e-01
1.591508733413168897e-01 1.015408246687579119e-01
1.678154963213029927e-01 8.346550218830754708e-02
1.744384687347020069e-01 6.471435035430044003e-02
1.789764510075994297e-01 4.551685679273341500e-02
1.814117805314227894e-01 2.610377483633216644e-02
1.817522113941813233e-01 6.704263777870918956e-03
1.800303371758810167e-01 -1.245689623257582000e-02
1.763027103654632444e-01 -3.116197971702412695e-02
1.706486757807737509e-01 -4.920284901353444429e-02
1.631689388905351035e-01 -6.638331475527405046e-02
1.539838931034390179e-01 -8.252129631066074111e-02
1.432317328653658906e-01 -9.745075804158241650e-02
1.310663817586710800e-01 -1.110234007421069258e-01
1.176552667013297804e-01 -1.231100913455427937e-01
1.031769707792846297e-01 -1.336020178764834310e-01
8.781879820045278284e-02 -1.424115606183755656e-01
7.177428532854111809e-02 -1.494728745074204723e-01
5.524069174124440068e-02 -1.547421817917431774e-01
3.841650476970595585e-02 -1.581977779533785267e-01
2.149899003022659114e-02 -1.598397577243280132e-01
4.681819077441909047e-03 -1.596894716841026352e-01
-1.184719648110039297e-02 -1.577887273556295433e-01
-2.790823723201949630e-02 -1.541987518742149454e-01
-4.333145065017360298e-02 -1.489989376345300653e-01
-5.795874472080542184e-02 -1.422853884805614644e-01
-7.164538139094098201e-02 -1.341692947937264957e-01
-8.426135691278191509e-02 -1.247751664030086194e-01
-9.569255486173523784e-02 -1.142389461835405240e-01
-1.058416634573218079e-01 -1.027060344232236661e-01
-1.146288519194682831e-01 -9.032925287031043360e-02
-1.219922040878073655e-01 -7.726677740210979861e-02
-1.278879109624652954e-01 -6.368006786488984716e-02
-1.322902271421199094e-01 -4.973182284292396171e-02
-1.351911992922609773e-01 -3.558398594150587180e-02
-1.366001777303422760e-01 -2.139582864103607013e-02
-1.365431249255807944e-01 -7.322132928188847256e-03
-1.350617371447558335e-01 6.488505228778741925e-03
-1.322123976016335578e-01 1.989523288112671207e-02
-1.280649812620938688e-01 3.276634149179104977e-02
-1.227015329007536543e-01 4.498049938937888348e-02
-1.162148410847815561e-01 5.642780482690040039e-02
-1.087069314695091882e-01 6.701065212941846594e-02
-1.002875031270905881e-01 7.664440637833425107e-02
-9.107233159842670345e-02 8.525788501958024568e-02
-8.118166197007564699e-02 9.279364765371535262e-02
-7.073861454753420375e-02 9.920809802502691954e-02
-5.986762464476606121e-02 1.044714048341674195e-01
-4.869293666246607422e-02 1.085672504178069320e-01
-3.733717052202952663e-02 1.114924201795760433e-01
-2.591997789469778837e-02 1.132562407451543490e-01
-1.455680386678616378e-02 1.138798855203140975e-01
-3.357764284994511992e-03 1.133955670711641606e-01
7.573349971651922169e-03 1.118456285145612850e-01
1.813993415599546299e-02 1.092815537035284890e-01
2.825329095025729334e-02 1.057629147178967416e-01
3.783320902563354349e-02 1.013562752922966131e-01
4.680839837943731596e-02 9.613406862619364168e-02
5.511678426864329711e-02 9.017346753615441968e-02
6.270566374264244236e-02 8.355526414589202477e-02
6.953173080920298232e-02 7.636277528613569232e-02
7.556097811607925818e-02 6.868078851913615723e-02
8.076848467020675271e-02 6.059456224019036524e-02
8.513810052491305180e-02 5.218889167234239818e-02
8.866204052546078351e-02 4.354725079406568389e-02
9.134040010159599765e-02 3.475101835858575988e-02
9.318060672449152149e-02 2.587879421394989263e-02
9.419682100132595326e-02 1.700581015177822855e-02
9.440930146534159961e-02 8.203437536383894821e-03
9.384374693895286557e-02 -4.612079696746464500e-04
9.253062991326704845e-02 -8.925566128319791653e-03
9.050453371447531037e-02 -1.713183959539535048e-02
8.780350533519119816e-02 -2.502711405230032687e-02
8.446843471975634676e-02 -3.256339736906090077e-02
8.054246984512870855e-02 -3.969758704196334892e-02
7.607047554293104585e-02 -4.639136963797734631e-02
7.109854421944486469e-02 -5.261106517839553298e-02
6.567356193930974639e-02 -5.832742991865536020e-02
5.984283344710904923e-02 -6.351542310125032897e-02
5.365376804168708186e-02 -6.815394993919354771e-02
4.715362640089237889e-02 -7.222559137298770193e-02
4.038932687604010474e-02 -7.571633080740046429e-02
3.340730828065180402e-02 -7.861528747886359358e-02
2.625344481586630585e-02 -8.091446534534910140e-02
1.897300753173875032e-02 -8.260852544716129620e-02
1.161066564292965141e-02 -8.369458858156135495e-02
4.210520119161550133e-03 -8.417207389174105603e-02
-3.183838728281419145e-03 -8.404257761900735257e-02
-1.052925843033978778e-02 -8.330979483564379673e-02
-1.778294534838753549e-02 -8.197948549562841802e-02
-2.490238854502350649e-02 -8.005948464280641941e-02
-3.184529543620025216e-02 -7.755975513303023372e-02
-3.856954772531478309e-02 -7.449247978957850014e-02
-4.503318551196539010e-02 -7.087218855024600417e-02
-5.119442666336777858e-02 -6.671591490873168828e-02
-5.701172755174638285e-02 -6.204337482915039254e-02
-6.244389011669937428e-02 -5.687716034490885447e-02
-6.745021893104602428e-02 -5.124293926307230823e-02
-7.199073055816831990e-02 -4.516965180056794343e-02
-7.602641604173952794e-02 -3.868969318370877458e-02
-7.951955507937193135e-02 -3.183907675540922216e-02
-8.243408137370052124e-02 -2.465756517514481119e-02
-8.473599440301762820e-02 -1.718875729018318893e-02
-8.639381193407427717e-02 -9.480126106187288307e-03
-8.737905693803078855e-02 -1.582998353015933283e-03
-8.766677091373907549e-02 6.447531555460685529e-03
-8.723604444755095333e-02 1.455275924243652763e-02
-8.607055482370547239e-02 2.267060454704172834e-02
-8.415909966760500016e-02 3.073592549078600633e-02
-8.149611497632684720e-02 3.868091379077811393e-02
-7.808216548336252560e-02 4.643557201325879819e-02
-7.392439513076499991e-02 5.392827073073572230e-02
-6.903692549038860371e-02 6.108638228333173464e-02
-6.344119029115051489e-02 6.783698598309149952e-02
-5.716619477116718223e-02 7.410763787267599101e-02
-5.024868937763147386e-02 7.982719649075215029e-02
-4.273324837432013190e-02 8.492669453840201443e-02
-3.467224517319331123e-02 8.934024491571376791e-02
-2.612571766499982226e-02 9.300596833518016970e-02
-1.716111846253455878e-02 9.586692864603232889e-02
-7.852946763992996876e-03 9.787206114568672288e-02
1.717739535694102820e-03 9.897707853220623353e-02
1.146393084178108646e-02 9.914533878241575671e-02
2.129338924323681895e-02 9.834865913727930398e-02
3.110948353723304305e-02 9.656805939597844224e-02
4.081212817894991352e-02 9.379442278085722839e-02
5.029881874569021305e-02 9.002905774560393537e-02
5.946575230058503969e-02 8.528414471667483676e-02
6.820901935913296910e-02 7.958305907248194866e-02
7.642585332431006684e-02 7.296055857369802833e-02
8.401592140517534502e-02 6.546282630451297213e-02
9.088263974342748741e-02 5.714736213220830696e-02
9.693449442552415363e-02 4.808271781730798916e-02
1.020863492782795173e-01 3.834807317775052599e-02
1.062607208528261182e-01 2.803265309389703711e-02
1.093890008105763006e-01 1.723498760012447464e-02
1.114126060457540091e-01 6.062019804688265762e-03
1.122840373176418743e-01 -5.371931127428876407e-03
1.119678279222375422e-01 -1.694634224443006959e-02
1.104413650026893345e-01 -2.853578228073505585e-02
1.076955674706276123e-01 -4.001131604225593996e-02
1.037354061711798503e-01 -5.124200133471380758e-02
9.858025385297479459e-02 -6.209646018717526750e-02
9.226405467605053312e-02 -7.244450447833360174e-02
8.483530537617196832e-02 -8.215879469347653341e-02
7.635684277061068059e-02 -9.111650945299466786e-02
6.690543500143662781e-02 -9.920100268192562354e-02
5.657117672838662958e-02 -1.063034248530227571e-01
4.545669136264785665e-02 -1.123242846468224809e-01
3.367614633688840314e-02 -1.171749266978678733e-01
2.135409071201457148e-02 -1.207789055167873271e-01
8.624125652479833898e-03 -1.230732319785987627e-01
-4.372577164826087562e-03 -1.240094698775900950e-01
-1.748889210948306738e-02 -1.235546666514956149e-01
-3.057347210849582775e-02 -1.216921005564301494e-01
-4.347257578588408639e-02 -1.184218297640297762e-01
-5.603196608670707457e-02 -1.137610313853414934e-01
-6.809885572762650052e-02 -1.077441211864628851e-01
-7.952387363772346618e-02 -1.004226477108894067e-01
-9.016302573368800699e-02 -9.186495762162269485e-02
-9.987962293101301792e-02 -8.215563227810010472e-02
-1.085461492402646499e-01 -7.139469882247333199e-02
-1.160460431419047533e-01 -5.969662231869128644e-02
-1.222753661755918708e-01 -4.718908871743126426e-02
-1.271443338154369940e-01 -3.401159156129753697e-02
-1.305786852203426329e-01 -2.031383834966311863e-02
-1.325208703313772440e-01 -6.253995304311484038e-03
-1.329310350134708385e-01 8.003208128976374222e-03
-1.317877874784149916e-01 2.228849138328290250e-02
-1.290887320469790156e-01 3.643012580152437535e-02
-1.248507593720463715e-01 5.025610124423418590e-02
-1.191100855100383216e-01 6.359632761899747244e-02
-1.119220356490054913e-01 7.628484176771076208e-02
-1.033605718302592069e-01 8.816198965282984190e-02
-9.351756774355424184e-02 9.907655287589831050e-02
-8.250183702736692271e-02 1.088877923714359208e-01
-7.043792443066157483e-02 1.174673785098260259e-01
-5.746467427519184185e-02 1.247011781318728557e-01
-4.373359272653294660e-02 1.304908750110047588e-01
-2.940702371130204940e-02 1.347553988058395047e-01
-1.465616119756307616e-02 1.374321408146472190e-01
3.410768977244678412e-04 1.384779375764636222e-01
1.540228569674082643e-02 1.378698063976795118e-01
3.034289192214324749e-02 1.356054201767628031e-01
4.497852326424789382e-02 1.317033124080048412e-01
5.912739676566369090e-02 1.262028069189005675e-01
7.261269385725828418e-02 1.191636706831699644e-01
8.526488955730995856e-02 1.106654918985579272e-01
9.692400368525043441e-02 1.008067893701371648e-01
1.074417427416690940e-01 8.970386304007230138e-02
1.166835023595699239e-01 7.748939919817252053e-02
1.245302019238591074e-01 6.431084743968673578e-02
1.308799250657603219e-01 5.032858975525199979e-02
1.356493422390649684e-01 3.571392519299815965e-02
1.387748944426462072e-01 2.064689627835636018e-02
1.402137203298575996e-01 5.313985771134341514e-03
1.399443123966931934e-01 -1.009428565520423954e-02
1.379668916189871475e-01 -2.538582864206537226e-02
1.343034937628997671e-01 -4.036948797304552167e-02
1.289977648642791630e-01 -5.485754417945736677e-02
1.221144666076198065e-01 -6.866818241432580405e-02
1.137386964851270221e-01 -8.162789274181610211e-02
1.039748332354284432e-01 -9.357376709997022868e-02
9.294522002976461639e-02 -1.043556636971047918e-01
8.078860238569576802e-02 -1.138382077884050325e-01
6.765834119062082153e-02 -1.219026008030321961e-01
5.372042444335645150e-02 -1.284482123405954190e-01
3.915130422797809262e-02 -1.333939324777052571e-01
2.413558797671305767e-02 -1.366792650801706699e-01
8.863615219634374959e-03 -1.382651463588402130e-01
-6.471047274339458873e-03 -1.381344766873202345e-01
-2.167415781445016995e-02 -1.362923576643556567e-01
-3.655336464657680390e-02 -1.327660304961412463e-01
-5.092074816396291448e-02 -1.276045159357617753e-01
-6.459530550712681840e-02 -1.208779601886297295e-01
-7.740534331330574391e-02 -1.126766953141204453e-01
-8.919074558761683202e-02 -1.031100266650547409e-01
-9.980508535237248013e-02 -9.230476375010671086e-02
-1.091175508647206360e-01 -8.040351452375643637e-02
-1.170146597464185173e-01 -6.756276645128254932e-02
-1.234017373073104801e-01 -5.395078071363439837e-02
-1.282041386244839598e-01 -3.974532856456810398e-02
-1.313681975155327475e-01 -2.513130109120722058e-02
-1.328618893658369549e-01 -1.029822542610177305e-02
-1.326751991586606338e-01 4.562277325717113002e-03
-1.308201890890115515e-01 1.925906008805692432e-02
-1.273307648031976602e-01 3.360400601750786198e-02
-1.222621452475895210e-01 4.741453587006515952e-02
-1.156900429404526254e-01 6.051603461537276296e-02
-1.077095666473914248e-01 7.274416280559954651e-02
-9.843386218037136759e-02 8.394702080424766566e-02
-8.799251071861108331e-02 9.398713608438991063e-02
-7.652970744973851269e-02 1.027432463354963910e-01
-6.420224640217753187e-02 1.101118540366581855e-01
-5.117734004021730343e-02 1.160085314194437278e-01
-3.763030448247669385e-02 1.203689583085229969e-01
-2.374214304938153039e-02 1.231496791408520503e-01
-9.697062219178945175e-03 1.243285694692591870e-01
4.320045044805996375e-03 1.239050063955161873e-01
1.812611325306228219e-02 1.218997415912416449e-01
3.154238042085991123e-02 1.183544797910165702e-01
4.439679159188705121e-02 1.133311698194530842e-01
5.652629640622611890e-02 1.069110192819537480e-01
6.777900887480041436e-02 9.919324794845540971e-02
7.801619958821466583e-02 9.029359853400045766e-02
8.711409307830446369e-02 8.034262697630820127e-02
9.496544592874123225e-02 6.948379737953740143e-02
1.014808844540886490e-01 5.787140949091719444e-02
1.065899842871016051e-01 4.566838886416393906e-02
1.102420783881786215e-01 3.304397264255200251e-02
1.124067827298330935e-01 2.017132131120392968e-02
1.130742335152900291e-01 7.225092999177843561e-03
1.122550357647625757e-01 -5.620983303360003319e-03
1.099799247267918140e-01 -1.819650402660537639e-02
1.062991468924332772e-01 -3.033672188458225866e-02
1.012815712132511536e-01 -4.188477851679362624e-02
9.501354496123906590e-02 -5.269380768683840088e-02
8.759751228040810189e-02 -6.262887984807592734e-02
7.915041681343959468e-02 -7.156876133521018757e-02
6.980191279428522855e-02 -7.940746426961775573e-02
5.969241163565836006e-02 -8.605556643246414783e-02
4.897099327133436208e-02 -9.144128381535367167e-02
3.779321330552926073e-02 -9.551128225146426898e-02
2.631883835043849484e-02 -9.823121840545573358e-02
1.470954278031998998e-02 -9.958600439997075671e-02
3.126600485552378465e-03 -9.957979442065258147e-02
-8.271394930492325173e-03 -9.823569570985336841e-02
-1.933074870113403801e-02 -9.559521037130032373e-02
-2.990479049449640964e-02 -9.171741830463540912e-02
-3.985587693621568672e-02 -8.667791531256020809e-02
-4.905724294370249206e-02 -8.056752391968528826e-02
-5.739467617441729175e-02 -7.349079766005793546e-02
-6.476799167312548289e-02 -6.556434248302200896e-02
-7.109228690951212293e-02 -5.691498145286590093e-02
-7.629896120548244898e-02 -4.767779200381250942e-02
-8.033648589020320196e-02 -3.799404261626348339e-02
-8.317091583683818012e-02 -2.800906254154982011e-02
-8.478613882519757394e-02 -1.787007831966925392e-02
-8.518386044880672803e-02 -7.724046317929078934e-03
-8.438332748326141108e-02 2.284485612880793586e-03
-8.242079630949704361e-02 1.201545598505443166e-02
-7.934875673304840615e-02 2.133527678998965380e-02
-7.523492510914958631e-02 3.011870124254810432e-02
-7.016102402080771905e-02 3.825054552430329213e-02
-6.422136881366774519e-02 4.562724029489681477e-02
-5.752128402291259435e-02 5.215819048820528187e-02
-5.017537509406960056e-02 5.776692496298629215e-02
-4.230568276756566104e-02 6.239202088835003185e-02
-3.403974903853611983e-02 6.598779126130532857e-02
-2.550862469768050075e-02 6.852472762235782555e-02
-1.684484909169549696e-02 6.998969379923072887e-02
-8.180432905917545475e-03 7.038587031055329457e-02
3.551255326489517186e-04 6.973245284282278411e-02
8.636760699537232230e-03 6.806411191766663371e-02
1.654566854478463009e-02 6.543022443641904884e-02
2.397101651221183322e-02 6.189389117158285158e-02
3.081151006330296038e-02 5.753075741928508763e-02
3.697679326603466737e-02 5.242765688663415802e-02
4.238866373855927627e-02 4.668110142079522767e-02
4.698208570174783327e-02 4.039564234826065886e-02
5.070598678630727774e-02 3.368212675126632666e-02
5.352382827558779810e-02 2.665587907356772521e-02
5.541394401524647739e-02 1.943483868776928539e-02
5.636964402347557912e-02 1.213767957301192107e-02
5.639908384729576396e-02 4.881942469102208693e-03
5.552490411395683001e-02 -2.217791638837808815e-03
5.378364824834006713e-02 -9.051658735263016023e-03
5.122496970136139471e-02 -1.551617302946254988e-02
4.791064320939078525e-02 -2.151576730668285087e-02
4.391339753261537526e-02 -2.696418952037884717e-02
3.931558975710236492e-02 -3.178573520119062218e-02
3.420774355180907639e-02 -3.591629798952305358e-02
2.868697571398490936e-02 -3.930422358673036493e-02
2.285533688616839601e-02 -4.191095561698138239e-02
1.681809346338280706e-02 -4.371146524698818481e-02
1.068197841479809167e-02 -4.469445987079437299e-02
4.553439011436707755e-03 -4.486236967720407670e-02
-1.463090721301156180e-03 -4.423111442313210073e-02
-7.266865615320573096e-03 -4.282965618243723960e-02
-1.276242685568216434e-02 -4.069934717309982297e-02
-1.786109661621148106e-02 -3.789308493436372577e-02
-2.248234690613318265e-02 -3.447429008093010061e-02
-2.655502186421153724e-02 -3.051572455826516775e-02
-3.001839521581005713e-02 -2.609817072060708482e-02
-3.282304783580420465e-02 -2.130899466572288084e-02
-3.493155191788731989e-02 -1.624061450050385408e-02
-3.631895203439486353e-02 -1.098890153743320615e-02
-3.697303876703422060e-02 -5.651542636198203344e-03
-3.689441097361638444e-02 -3.263871200162591149e-04
-3.609632757174120743e-02 4.890193801899363896e-03
-3.460435285990928062e-02 9.904908685791493500e-03
-3.245580267478058445e-02 1.462908295528369054e-02
-2.969900182713992864e-02 1.898010702970379104e-02
-2.639236621946510972e-02 2.288277263607317591e-02
-2.260332577881834712e-02 2.627047639849743391e-02
-1.840710679789558935e-02 2.908627205795413437e-02
-1.388539442672992279e-02 3.128375522021100558e-02
-9.124897865055192278e-03 3.282776731815977705e-02
-4.215842243527330273e-03 3.369490846184624439e-02
7.495877703500701018e-04 3.387385198658681568e-02
5.678826963592364420e-03 3.336545674626897190e-02
1.048050526020456209e-02 3.218267648332056446e-02
1.506599437624426586e-02 3.035026888642791687e-02
1.935090032778642721e-02 2.790431016968441744e-02
2.325647767084663975e-02 2.489152412134233716e-02
2.671094273346367315e-02 2.136843752750281974e-02
2.965066484014686893e-02 1.740037662937174087e-02
3.202121659859642755e-02 1.306032177898761373e-02
3.377826668370929181e-02 8.427639678519277880e-03
3.488830163494277548e-02 3.586715625925006572e-03
3.532916469789147002e-02 -1.374495057168673325e-03
3.509040315623348366e-02 -6.365969645967863369e-03
3.417342096618919411e-02 -1.129714773985072279e-02
3.259143377354008220e-02 -1.607846650255398066e-02
3.036922791482453421e-02 -2.062287504209215847e-02
2.754272799205707140e-02 -2.484730319846839564e-02
2.415838069904494359e-02 -2.867406083138018466e-02
2.027236553206190200e-02 -3.203214490653739227e-02
1.594964579135647181e-02 -3.485843324735361098e-02
1.126287582882562997e-02 -3.709874572238768681e-02
6.291182780985313944e-03 -3.870875584646254336e-02
1.118843009274984651e-03 -3.965473824855705876e-02
-4.166124879178985906e-03 -3.991414016187088548e-02
-9.473427263495407327e-03 -3.947596797689128384e-02
-1.471199891023078354e-02 -3.834098292002015990e-02
-1.979151793460937059e-02 -3.652170302947415487e-02
-2.462390758497351451e-02 -3.404221174658950827e-02
-2.912480038523779929e-02 -3.093777657372160511e-02
-3.321494083552575111e-02 -2.725428431934705589e-02
-3.682150391867083233e-02 -2.304750240760333746e-02
-3.987930807209309064e-02 -1.838217852611249287e-02
-4.233190303714515212e-02 -1.333099347799147731e-02
-4.413251506236751109e-02 -7.973384450280439698e-03
-4.524483427929762436e-02 -2.394257974489774361e-03
-4.564363202665572272e-02 3.317385179874643777e-03
-4.531519772732128110e-02 9.069894609271897043e-03
-4.425758774002720025e-02 1.477045809194711158e-02
-4.248068398715489774e-02 2.032660611777840909e-02
-4.000606075238882786e-02 2.564771253862856148e-02
-3.686666207378227339e-02 3.064646579264018386e-02
-3.310629512633102289e-02 3.524028694232895359e-02
-2.877894794966514777e-02 3.935267166339449785e-02
-2.394794269759567204e-02 4.291443458494698104e-02
-1.868493822188588629e-02 4.586483599127261224e-02
-1.306879821071471083e-02 4.815257282375439568e-02
-7.184343244550488519e-03 4.973661813747154437e-02
-1.121006974585531547e-03 5.058689563410230516e-02
5.028581857580993048e-03 5.068477857086411270e-02
1.117006867943105136e-02 5.002340519083355030e-02
1.720886995639419811e-02 4.860780578697474624e-02
2.305167359280153178e-02 4.645483955257381087e-02
2.860791876871630890e-02 4.359294243543158920e-02
3.379123148569419116e-02 4.006169025271186235e-02
3.852079284532028414e-02 3.591118428886801855e-02
4.272261820392285470e-02 3.120126944293548713e-02
4.633072681648355007e-02 2.600059766807480063e-02
4.928818337815252248e-02 2.038555191275594550e-02
5.154799496342621357e-02 1.443904798999828300e-02
5.307384921672572697e-02 8.249233733328469043e-03
5.384068246156460680e-02 1.908107646663432470e-03
5.383506876772664596e-02 -4.489924544696168550e-03
5.305542309362329401e-02 -1.084952957880798430e-02
5.151201693141480714e-02 -1.707593639239959882e-02
4.922680613716295256e-02 -2.307641585500523271e-02
4.623307401321777310e-02 -2.876172561455509619e-02
4.257489572685144164e-02 -3.404749702968702663e-02
3.830643300920651834e-02 -3.885554214337322287e-02
3.349107078881694705e-02 -4.311505998550427265e-02
2.820040993076011401e-02 -4.676372315671010332e-02
2.251313253557240060e-02 -4.974862761445755788e-02
1.651375826489914420e-02 -5.202709082300600862e-02
1.029131187135815320e-02 -5.356728590443934901e-02
3.937923491126751538e-03 -5.434870209827194487e-02
-2.452615712473800447e-03 -5.436242465851881533e-02
-8.786319303706265765e-03 -5.361123024369972984e-02
-1.497046919179831695e-02 -5.210949683944367250e-02
-2.091505367177903807e-02 -4.988293024673325082e-02
-2.653415692526658876e-02 -4.696811212285093018e-02
-3.174727786427229692e-02 -4.341187742894032225e-02
-3.648055740418790216e-02 -3.927053187140793628e-02
-4.066789479163970822e-02 -3.460892248003501204e-02
-4.425193546327494537e-02 -2.949937680244910099e-02
-4.718491504222240701e-02 -2.402052827491601636e-02
-4.942934645485901057e-02 -1.825604711987034376e-02
-5.095853983128312281e-02 -1.229329874062739386e-02
-5.175694772785439934e-02 -6.221948031644677912e-03
-5.182032970255807947e-02 -1.325347197654756434e-04
-5.115573536530788890e-02 5.884954767539002374e-03
-4.978130695438651165e-02 1.174249928164155382e-02
-4.772590528238073587e-02 1.735541485458734837e-02
-4.502856592678287223e-02 2.264366446636153010e-02
-4.173779528606298000e-02 2.753308470713466613e-02
-3.791071870415461259e-02 3.195650979081712112e-02
-3.361209524296505935e-02 3.585477511957352315e-02
-2.891321581513470879e-02 3.917758462983274292e-02
-2.389070324324792105e-02 4.188422843514620630e-02
-1.862523435703938163e-02 4.394413978224083472e-02
-1.320020545191128228e-02 4.533728301250188053e-02
-7.700363290818932303e-03 4.605436702780272423e-02
-2.210424323614410772e-03 4.609688165085119860e-02
3.186295084399303097e-03 4.547695719845147588e-02
8.409214881187737287e-03 4.421705050311456470e-02
1.338177210996292603e-02 4.234946347631628888e-02
1.803262533044073385e-02 3.991570305841643518e-02
2.229676309933940545e-02 3.696569400057202887e-02
2.611649858564380616e-02 3.355685833016546632e-02
2.944233434578056446e-02 2.975307752377786066e-02
3.223368349513788117e-02 2.562355531485877719e-02
3.445943594861832632e-02 2.124160066569994940e-02
3.609836105786072558e-02 1.668335269302782461e-02
3.713934105413890102e-02 1.202646626699456142e-02
3.758143111034273343e-02 7.348782589261632428e-03
3.743374661862818031e-02 2.727009297132812135e-03
3.671518053410097182e-02 -1.764570601145259683e-03
3.545395617213902700e-02 -6.055338244991681843e-03
3.368702380017380565e-02 -1.007950606516953319e-02
3.145931198353797698e-02 -1.377719299130780034e-02
2.882284707839045251e-02 -1.709538975669465388e-02
2.583575647218855353e-02 -1.998879822904985060e-02
2.256117311682133766e-02 -2.242053086047318677e-02
1.906606054877847678e-02 -2.436265874756984168e-02
1.541997891688478423e-02 -2.579659938407258962e-02
1.169381351876666066e-02 -2.671333793004623813e-02
7.958487965617563539e-03 -2.711347866835896181e-02
4.283684340237341182e-03 -2.700712622311876240e-02
7.365925811489746440e-04 -2.641359902773928944e-02
-2.619289182497375624e-03 -2.536098040352509353e-02
-5.725282496643596848e-03 -2.388551539502249688e-02
-8.528565030204729447e-03 -2.203086415909821794e-02
-1.098309755087876691e-02 -1.984722517613475914e-02
-1.305042524746801574e-02 -1.739034380209910149e-02
-1.470033936800861120e-02 -1.472042367134383280e-02
-1.591138753623913202e-02 -1.190096015782945993e-02
-1.667122370518532223e-02 -8.997516477786408201e-03
-1.697679154565171628e-02 -6.076464852795834121e-03
-1.683433798795318931e-02 -3.203712511403218870e-03
-1.625925561775229400e-02 -4.434368058602736543e-04
-1.527575718672375543e-02 2.143146436342427321e-03
-1.391638756623450081e-02 4.498961813935148553e-03
-1.222138127976319343e-02 6.572178567928030693e-03
-1.023787656600690966e-02 8.317220197547277316e-03
-8.018999460608305582e-03 9.695661123891351554e-03
-5.622833701694915538e-03 1.067699393119607432e-02
-3.111294323092962666e-03 1.123925288693702895e-02
-5.489245634159644954e-04 1.136948186750666272e-02
1.998362841784828963e-03 1.106403745639549831e-02
4.464577829746774716e-03 1.032872079345461235e-02
6.784955770344908155e-03 9.178734690632005602e-03
8.897247612795573454e-03 7.638465542980581169e-03
1.074297427730986666e-02 5.741092603639464526e-03
1.226862260525447140e-02 3.528030207098317370e-03
1.342676102564278190e-02 1.048211465710706392e-03
1.417705431708561614e-02 -1.642775219567524717e-03
1.448715842460774478e-02 -4.483682849780605377e-03
1.433347820588724668e-02 -7.408719309905094884e-03
1.370177320170930940e-02 -1.034875906640108506e-02
1.258759901574268460e-02 -1.323263263679516459e-02
1.099657460947587630e-02 -1.598847185092274956e-02
8.944468725560367553e-03 -1.854508774577760463e-02
6.457101925687683437e-03 -2.083335644478048407e-02
3.570063293460841621e-03 -2.278759088572012217e-02
3.282439493250526312e-04 -2.434687241369655475e-02
-3.214805863255127804e-03 -2.545631697699720156e-02
-6.997687828628216221e-03 -2.606825500248088900e-02
-1.095212288183022506e-02 -2.614330234259196889e-02
-1.500406019147828077e-02 -2.565130201593753337e-02
-1.907491060042061648e-02 -2.457211842017952355e-02
-2.308288499314548048e-02 -2.289626797949565959e-02
-2.694441603247816480e-02 -2.062537276418516252e-02
-3.057564002000740661e-02 -1.777242644723595055e-02
-3.389391431585198067e-02 -1.436186499751226919e-02
-3.681934482888388205e-02 -1.042943770361668028e-02
-3.927629757722742032e-02 -6.021877425394263350e-03
-4.119486823301582445e-02 -1.196372328272843170e-03
-4.251228391046264765e-02 3.980155285355889937e-03
-4.317421223078347914e-02 9.431954128705328719e-03
-4.313595389288774756e-02 1.507552095206389324e-02
-4.236349657966506643e-02 2.082083428409208653e-02
-4.083441001402199344e-02 2.657272692292967503e-02
-3.853856431811866767e-02 3.223237664728415691e-02
-3.547865648904887509e-02 3.769889236323987342e-02
-3.167053274458044715e-02 4.287097099315922283e-02
-2.714329766874296751e-02 4.764859888321301695e-02
-2.193920445003910702e-02 5.193477038443902738e-02
-1.611332439720774071e-02 5.563719488132778251e-02
-9.732996238849506848e-03 5.866996625778855834e-02
-2.877060088440276664e-03 6.095516493038133365e-02
4.365114017669387454e-03 6.242436380875341501e-02
1.189479205471355092e-02 6.302001410574792351e-02
1.960522086540091025e-02 6.269668549950900560e-02
2.738313349301668698e-02 6.142213788310118411e-02
3.511039368506897740e-02 5.917820429751542710e-02
4.266575570275087798e-02 5.596146736066614363e-02
4.992671336179857478e-02 5.178371453863042650e-02
5.677141040785670806e-02 4.667216091109721576e-02
6.308058292727898586e-02 4.066943161121725631e-02
6.873950353910025790e-02 3.383329981724757934e-02
7.363989662560571636e-02 2.623617998288401212e-02
7.768179385018669780e-02 1.796437985600178242e-02
8.077529968726149256e-02 9.117118691345951417e-03
8.284223764762523035e-02 -1.946771492423005989e-04
8.381764931372848171e-02 -9.849786355458854323e-03
8.365112018563393426e-02 -1.971829425921440768e-02
8.230790865502167486e-02 -2.966336230051411227e-02
7.976985713991868732e-02 -3.954314087791874210e-02
7.603606748860999853e-02 -4.921279850436283132e-02
7.112332615326906471e-02 -5.852663798962334796e-02
6.506626829273552681e-02 -6.734026859864850056e-02
5.791727383548159885e-02 -7.551280182223354953e-02
4.974609307264087066e-02 -8.290903679590316822e-02
4.063920177391180943e-02 -8.940160441775719946e-02
3.069889122759161815e-02 -9.487303475384445406e-02
2.004210431610991411e-02 -9.921771375561236339e-02
8.799029722606292389e-03 -1.023437003641713972e-01
-2.888528073378603990e-03 -1.041743734176596714e-01
-1.486898202972461447e-02 -1.046498808278779891e-01
-2.698297465792455843e-02 -1.037283661178312055e-01
-3.906554164115992600e-02 -1.013869504468361549e-01
-5.094839692245272528e-02 -9.762245165198384089e-02
-6.246230700594226914e-02 -9.245182555552707016e-02
-7.343952045334015133e-02 -8.591231877349064794e-02
-8.371621729193694239e-02 -7.806132645326918640e-02
-9.313494230402030727e-02 -6.897595270536892309e-02
-1.015469859563206401e-01 -5.875227591224262830e-02
-1.088146770601970820e-01 -4.750432552912450812e-02
-1.148135521285751914e-01 -3.536278137092876972e-02
-1.194343678057282337e-01 -2.247341063895861094e-02
-1.225849246742813925e-01 -8.995262016032349456e-03
-1.241916731657122797e-01 4.901360014359379576e-03
-1.242010751838941163e-01 1.903711394982380428e-02
-1.225806983564216995e-01 3.322600332038940646e-02
-1.193200235094531297e-01 4.727788943517272080e-02
-1.144309499664784707e-01 6.100109996535205831e-02
-1.079479875424357582e-01 7.420509671550888642e-02
-9.992812912200393916e-02 8.670316379870943169e-02
-9.045040054698616494e-02 9.831508048310200198e-02
-7.961509050002506249e-02 1.088697376223109886e-01
-6.754266948891989031e-02 1.182076577837599257e-01
-5.437240845706248216e-02 1.261833845271045917e-01
-4.026071378940297013e-02 1.326677040505165051e-01
-2.537919943784601451e-02 1.375496654874558133e-01
-9.912520901151328223e-03 1.407383687378095105e-01
5.944000524782961509e-03 1.421644917955657561e-01
2.198693151661464118e-02 1.417815330482270209e-01
3.800742394808871022e-02 1.395667479218927753e-01
5.379401863199874401e-02 1.355217634753103362e-01
6.913551679115598203e-02 1.296728590459275132e-01
8.382387917064561267e-02 1.220709057564825645e-01
9.765711197849631653e-02 1.127909625339433008e-01
1.104420987048959218e-01 1.019315312032939708e-01
1.219973373266183131e-01 8.961347812506065269e-02
1.321555434499776527e-01 7.597863467557608441e-02
1.407660815702481416e-01 6.118809355164989139e-02
1.476971888073250472e-01 4.542022234721321966e-02
1.528379581873766657e-01 2.886842003225833717e-02
1.561000517413743960e-01 1.173864580149223437e-02
1.574191173392901766e-01 -5.753246806071913265e-03
1.567558872222912791e-01 -2.338433463676685420e-02
1.540969405772882050e-01 -4.092757014337147781e-02
1.494551176657751002e-01 -5.815480587586762534e-02
1.428695762542154246e-01 -7.483985960971251128e-02
1.344054871603592161e-01 -9.076157526665243336e-02
1.241533725833769142e-01 -1.057068353658957016e-01
1.122280929221610712e-01 -1.194734857680750384e-01
9.876749437630724660e-02 -1.318731305535487397e-01
8.393073417937198244e-02 -1.427337575273810999e-01
6.789630492936839234e-02 -1.519021570473871596e-01
5.085978380711097396e-02 -1.592460996158778508e-01
3.303133644567933513e-02 -1.646562409220404255e-01
1.463300877568735926e-02 -1.680477267246419659e-01
-4.104156731134780620e-03 -1.693614740716316014e-01
-2.294314140898602583e-02 -1.685651098059131048e-01
-4.164406628363587215e-02 -1.656535520416277940e-01
-5.996736098162491757e-02 -1.606492252450774649e-01
-7.767694228494681496e-02 -1.536019046480755490e-01
-9.454335870334427960e-02 -1.445881908860363330e-01
-1.103468578041894993e-01 -1.337106209143676672e-01
-1.248803340207791379e-01 -1.210964263406274499e-01
-1.379521162402349843e-01 -1.068959552434099458e-01
-1.493885566298230050e-01 -9.128077826118535798e-02
-1.590363848647855238e-01 -7.444150415766885576e-02
-1.667647951331462652e-01 -5.658533414127897565e-02
-1.724672369674923322e-01 -3.793338787652281163e-02
-1.760628850378459509e-01 -1.871783732236461523e-02
-1.774977679612645964e-01 8.211118808962177516e-04
-1.767455393530478203e-01 2.043835346351285942e-02
-1.738078802771932108e-01 3.988708313632607916e-02
-1.687145290735453385e-01 5.892202569361169179e-02
-1.615229367991480869e-01 7.730264560781875682e-02
-1.523175532147609534e-01 9.479629654580526421e-02
-1.412087530798897539e-01 1.111812670966210170e-01
-1.283314174744646929e-01 1.262496814741558282e-01
-1.138431896057794240e-01 1.398102160074342903e-01
-9.792242901840214619e-02 1.516905948266161763e-01
-8.076589223961030961e-02 1.617398312556508899e-01
-6.258617160575928595e-02 1.698301849876041048e-01
-4.360892727410220493e-02 1.758588090939423587e-01
-2.406995018488837512e-02 1.797490652467719219e-01
-4.212095962365981078e-03 1.814514901505292210e-01
1.571786859922728180e-02 1.809444010202788666e-01
3.547246374903961080e-02 1.782341329379893702e-01
5.480669650802279247e-02 1.733549059943502446e-01
7.348121886453633234e-02 1.663683252094101950e-01
9.126540212640255056e-02 1.573625212482590019e-01
1.079402864433148396e-01 1.464509448370698852e-01
1.233013664041084506e-01 1.337708324712477137e-01
1.371611760403572966e-01 1.194813654256350888e-01
1.493516394938534941e-01 1.037615481653403338e-01
1.597261569865396358e-01 8.680783595849125844e-02
1.681614000574339352e-01 6.883154559193957467e-02
1.745587923686581222e-01 5.005608225368799596e-02
1.788456581434860193e-01 3.071402301737996554e-02
1.809760266068186907e-01 1.104409814843503729e-02
1.809310824045641530e-01 -8.711891421143086803e-03
1.787192586450454257e-01 -2.831217793257297111e-02
1.743759737738961313e-01 -4.751811037814374777e-02
1.679630183428280077e-01 -6.609717682495334923e-02
1.595676024597816323e-01 -8.382592564315172190e-02
1.493010792471307635e-01 -1.004927474936746362e-01
1.372973639228374509e-01 -1.159004821439463123e-01
1.237110720979208711e-01 -1.298688168749170813e-01
1.087154044984288553e-01 -1.422364463766810361e-01
9.249980852312600366e-02 -1.528629675543822231e-01
7.526744979754490528e-02 -1.616304865275243752e-01
5.723252914603685348e-02 -1.684449192460971967e-01
3.861748214854804351e-02 -1.732369715045559699e-01
1.965009965830397456e-02 -1.759627886454927792e-01
5.606083186415463998e-04 -1.766042698430659585e-01
-1.842124977181648290e-02 -1.751690464755193410e-01
-3.706909953227435078e-02 -1.716901286704080598e-01
-5.516273976816304242e-02 -1.662252285707654376e-01
-7.249083817687079767e-02 -1.588557731629761660e-01
-8.885348020541422587e-02 -1.496856235683236003e-01
-1.040645399008003624e-01 -1.388395214748451845e-01
-1.179538444211310905e-01 -1.264612876377091133e-01
-1.303691046945943399e-01 -1.127117968157090866e-01
-1.411775903010458466e-01 -9.776676140006758386e-02
-1.502675321582236934e-01 -8.181435695053533574e-02
-1.575492365925757476e-01 -6.505272069520941225e-02
-1.629559009035201345e-01 -4.768735884241894624e-02
-1.664441242677555666e-01 -2.992849830553545240e-02
-1.679941120713626113e-01 -1.198841863431157964e-02
-1.676095759588711043e-01 5.921200365276646331e-03
-1.653173359903739037e-01 2.359188064465665702e-02
-1.611666352426099069e-01 4.082086415884790542e-02
-1.552281809233060361e-01 5.741351566875927542e-02
-1.475929295394800556e-01 7.318558056286558755e-02
-1.383706368239874807e-01 8.796527067879318651e-02
-1.276881959397365984e-01 1.015951539573985429e-01
-1.156877899128706533e-01 1.139338269017194372e-01
-1.025248862662406640e-01 1.248573521901360783e-01
-8.836610341066221397e-02 1.342604473539069365e-01
-7.338697948858262377e-02 1.420574141187664341e-01
-5.776967504466609671e-02 1.481828017723219870e-01
-4.170064111917540228e-02 1.525918016972609426e-01
-2.536828412853896209e-02 1.552603739493008395e-01
-8.960658225479343347e-03 1.561851104043755212e-01
7.336785262706178173e-03 1.553828425001022306e-01
2.334336320991103539e-02 1.528900049036015785e-01
3.888521550352350836e-02 1.487617704212074732e-01
5.379722302708964815e-02 1.430709701519400079e-01
6.792476781178306833e-02 1.359068214008417874e-01
8.112531908238761191e-02 1.273734864890355145e-01
9.326982681979777146e-02 1.175884830322326408e-01
1.042439106441041680e-01 1.066809717231098631e-01
1.139488343720786168e-01 9.478994754665938383e-02
1.223022598451506404e-01 8.206236093882893212e-02
1.292387768696646455e-01 6.865119557897340907e-02
1.347102093112057253e-01 5.471352929312611052e-02
1.386857004917433911e-01 4.040860395111378622e-02
1.411515840074077099e-01 2.589592928498018684e-02
1.421110488741916533e-01 1.133344426317425130e-02
1.415836104808356755e-01 -3.124241946606592848e-03
1.396044011489653847e-01 -1.732750927005737018e-02
1.362232961413553933e-01 -3.113326823433173671e-02
1.315038926962369958e-01 -4.440636796642632306e-02
1.255223610805385193e-01 -5.702085742902497645e-02
1.183661877351293717e-01 -6.886108922710515445e-02
1.101328313235315770e-01 -7.982265797453243217e-02
1.009283128908680799e-01 -8.981316789136435663e-02
9.086576139635917093e-02 -9.875282696614354205e-02
8.006393561021551974e-02 -1.065748676209729989e-01
6.864574277921826895e-02 -1.132257963205706014e-01
5.673677358436621937e-02 -1.186654769324314573e-01
4.446387076894262741e-02 -1.228670559909390558e-01
3.195375087308514883e-02 -1.258167349059891027e-01
1.933169392151207200e-02 -1.275134032977433274e-01
6.720311648045412117e-03 -1.279681475229340060e-01
-5.761591300944244286e-03 -1.272036441577051591e-01
-1.800005424072835883e-02 -1.252534542745822044e-01
-2.988688784275511656e-02 -1.221612336886373218e-01
-4.132048660731352241e-02 -1.179798747468268766e-01
-5.220652307534499187e-02 -1.127705953507330272e-01
-6.245852249514770999e-02 -1.066019907450312110e-01
-7.199831863112872432e-02 -9.954906318505091223e-02
-8.075639325747392683e-02 -9.169224393425257080e-02
-8.867210359021175659e-02 -8.311642115770311035e-02
-9.569380345066275106e-02 -7.390998619554775551e-02
-1.017788652995425674e-01 -6.416390944889245607e-02
-1.068936114160285999e-01 -5.397085571965381384e-02
-1.110131634063445394e-01 -4.342434734786986689e-02
-1.141212199028669994e-01 -3.261798191792796703e-02
-1.162097727530915503e-01 -2.164470969299467709e-02
-1.172787721983664516e-01 -1.059617431837211500e-02
-1.173357515100453691e-01 4.378812573807204598e-04
-1.163954212949897954e-01 1.137014322816377529e-02
-1.144792432167167223e-01 2.211619077259813562e-02
-1.116149922203342193e-01 3.259489765182804061e-02
-1.078363155196431084e-01 4.272877511072617485e-02
-1.031822946705266975e-01 5.244426211765870760e-02
-9.769701911700801045e-02 6.167196350410214523e-02
-9.142917609723527628e-02 7.034684603709658035e-02
-8.443165751483859560e-02 7.840840146648220266e-02
-7.676118880320798032e-02 8.580077862673185507e-02
-6.847798034840715808e-02 9.247289304621369999e-02
-5.964540137531396807e-02 9.837852071033738321e-02
-5.032967500339396300e-02 1.034763822622865037e-01
-4.059959206774675644e-02 1.077302233782840291e-01
-3.052624030376038800e-02 1.111088963395236578e-01
-2.018274463331297397e-02 1.135864469594805998e-01
-9.644013587390308159e-03 1.151422100358480832e-01
1.013513628795780809e-03 1.157609154060505602e-01
1.171212526340888183e-02 1.154328055215363275e-01
2.237310631820086868e-02 1.141537642478417242e-01
3.291702494432910409e-02 1.119254553747855568e-01
4.326404159770661645e-02 1.087554681145789098e-01
5.333424616034555810e-02 1.046574657054595153e-01
6.304802758633365478e-02 9.965133215427146585e-02
7.232647980515273523e-02 9.376331117145880745e-02
8.109184662719143288e-02 8.702613050256484406e-02
8.926800726638217665e-02 7.947910416543881029e-02
9.678100284607449311e-02 7.116820458291757412e-02
1.035596029125925022e-01 6.214609627437611694e-02
1.095359095748849598e-01 5.247212265008954074e-02
1.146459947180580308e-01 4.221223582937514568e-02
1.188305664324814936e-01 3.143886698229936966e-02
1.220356586007573657e-01 2.023072551516454098e-02
1.242133328180624885e-01 8.672517124443689107e-03
1.253223851793160148e-01 -3.145419602922425954e-03
1.253290472033574410e-01 -1.512756447020289531e-02
1.242076695056993363e-01 -2.717375806285834625e-02
1.219413760373689870e-01 -3.917983696514666658e-02
1.185226761185252942e-01 -5.103836186091038896e-02
1.139540211325104080e-01 -6.263943681553867104e-02
1.082482926255112221e-01 -7.387161619555078496e-02
1.014292086916396968e-01 -8.462289379689645619e-02
9.353163592105252777e-02 -9.478176685787743916e-02
8.460179485302968261e-02 -1.042383657637149519e-01
7.469734780515409345e-02 -1.128856384439077543e-01
6.388735913732700167e-02 -1.206205767572342547e-01
5.225211944382904955e-02 -1.273454705883559634e-01
3.988282683163865694e-02 -1.329691739788604055e-01
2.688112031776293195e-02 -1.374083664165416108e-01
1.335846243702852425e-02 -1.405887914393654514e-01
-5.646296347952233083e-04 -1.424464540012367608e-01
-1.475950280251413053e-02 -1.429287576179054386e-01
-2.909043255687838309e-02 -1.419955621813574209e-01
-4.341582673527887015e-02 -1.396201435133788971e-01
-5.758955953511901010e-02 -1.357900362321774190e-01
-7.146242396477590908e-02 -1.305077405230018195e-01
-8.488368922233535674e-02 -1.237912820098584082e-01
-9.770274835358509768e-02 -1.156746057968238567e-01
-1.097708360024035046e-01 -1.062077877804117193e-01
-1.209427969508551082e-01 -9.545705767936436825e-02
-1.310788838604467210e-01 -8.350462306302849913e-02
-1.400465612099776325e-01 -7.044828804083576312e-02
-1.477222913653376546e-01 -5.640086300509895845e-02
-1.539932779881522940e-01 -4.148936470736226678e-02
-1.587591416155009760e-01 -2.585400895381080935e-02
-1.619335022390313017e-01 -9.647001283685362194e-03
-1.634454440900811045e-01 6.968865900108237380e-03
-1.632408386034788494e-01 2.382179819494194273e-02
-1.612835026860097720e-01 4.073275148965706249e-02
-1.575561709494321116e-01 5.751733422058535189e-02
-1.520612624695230619e-01 7.398783940201930642e-02
-1.448214248829207129e-01 8.995538372668261673e-02
-1.358798412075736539e-01 1.052321287760506902e-01
-1.253002876398318366e-01 1.196335574244992705e-01
-1.131669337057443769e-01 1.329807769029536790e-01
-9.958387948529315303e-02 1.451028187403075875e-01
-8.467442814115984373e-02 1.558389049527246217e-01
-6.858009561961568579e-02 1.650406494248181088e-01
-5.145936309873571507e-02 1.725741634394275525e-01
-3.348618148465878908e-02 1.783220347747024870e-01
-1.484824096252620497e-02 1.821851490335018031e-01
4.254977098752516645e-03 1.840843299632354269e-01
2.361434776351153952e-02 1.839617689989797300e-01
4.301342520807631409e-02 1.817822161651162505e-01
6.223091383574248792e-02 1.775339157935917622e-01
8.104325924015011451e-02 1.712292667893747788e-01
9.922732772782079380e-02 1.629051921341573839e-01
1.165631411663673317e-01 1.526232059432387766e-01
1.328366324083796179e-01 1.404691702594379199e-01
1.478423854828497530e-01 1.265527378304456829e-01
1.613863241705499885e-01 1.110064813170511394e-01
1.732883125046303652e-01 9.398471366098916369e-02
1.833846311733560441e-01 7.566200864238914470e-02
1.915302947514993526e-01 5.623143491628956880e-02
1.976011761460551019e-01 3.590252097335349529e-02
2.014959065987301789e-01 1.489897246023971777e-02
2.031375220226391554e-01 -6.543832940038039024e-03
2.024748293370908780e-01 -2.818154438572038206e-02
1.994834697685581304e-01 -4.976369868574993804e-02
1.941666597675494321e-01 -7.103670845882362195e-02
1.865555942037512294e-01 -9.174694073713546283e-02
1.767095007935843010e-01 -1.116438472604360799e-01
1.647153392285755080e-01 -1.304831063632894417e-01
1.506871431490055535e-01 -1.480297355489847144e-01
1.347650078813461272e-01 -1.640611335867314668e-01
1.171137314758433495e-01 -1.783700099444759657e-01
9.792112271989415750e-02 -1.907671655274600919e-01
7.739599137526671779e-02 -2.010840837826920469e-01
5.576584280638902102e-02 -2.091752926268897750e-01
3.327430382329753938e-02 -2.149204671727593663e-01
1.017830913418035603e-02 -2.182262409833238270e-01
-1.325491810385349793e-02 -2.190276983215120876e-01
-3.675105495537481226e-02 -2.172895237681882752e-01
-6.003199718880911084e-02 -2.130067898598339005e-01
-8.281926593688962446e-02 -2.062053679916910631e-01
-1.048374592212451689e-01 -1.969419526827256850e-01
-1.258177039182012680e-01 -1.853036943404179626e-01
-1.455010632277492222e-01 -1.714074408279056827e-01
-1.636418547995298067e-01 -1.553985933527507746e-01
-1.800108353734685140e-01 -1.374495873935349666e-01
-1.943982091046480010e-01 -1.177580144851723826e-01
-2.066164186497246869e-01 -9.654440562449564944e-02
-2.165026805747811700e-01 -7.404970176422190353e-02
-2.239212296727458029e-01 -5.053244126848597390e-02
-2.287652403152486691e-01 -2.626569824304718706e-02
-2.309583969644000701e-01 -1.533809269009071222e-03
-2.304560903829750151e-01 2.337107079308119520e-02
-2.272462208491677904e-01 4.815254064876034468e-02
-2.213495947413505194e-01 7.251360673673676316e-02
-2.128199061414796922e-01 9.616037293895267346e-02
-2.017433003999624386e-01 1.188057173008071898e-01
-1.882375231182856490e-01 1.401729107131152730e-01
-1.724506613027194935e-01 1.599991285341816061e-01
-1.545594905955888221e-01 1.780388068404298307e-01
-1.347674481022406723e-01 1.940668015635455268e-01
-1.133022543999129134e-01 2.078813074636483571e-01
-9.041321344947422789e-02 2.193064976782936881e-01
-6.636822355438391774e-02 2.281948480548177671e-01
-4.145053651200972245e-02 2.344291144423808204e-01
-1.595530562363575017e-02 2.379239355380930176e-01
9.814033779481071487e-03 2.386270386903747986e-01
3.554950521918329859e-02 2.365200311980727443e-01
6.094240547946773445e-02 2.316187650368578821e-01
8.568714348642453293e-02 2.239732685222768083e-01
1.094850540868498590e-01 2.136672441058564409e-01
1.320481373004645520e-01 2.008171372194605397e-01
1.531026744322768196e-01 1.855707867555612678e-01
1.723926738986740481e-01 1.681056733195116781e-01
1.896831017251496554e-01 1.486267867381296515e-01
2.047628543881152285e-01 1.273641393833091218e-01
2.174474349624077041e-01 1.045699566000197617e-01
2.275812973562410524e-01 8.051557984960200365e-02
2.350398277153723792e-01 5.548812203193050074e-02
2.397309368003215924e-01 2.978691778044098570e-02
2.415962422208346172e-01 3.719814285976149552e-03
2.406118249422063704e-01 -2.240064901851078136e-02
2.367885497120973681e-01 -4.826112465227749837e-02
2.301719445342588211e-01 -7.355135363056156117e-02
2.208416413540685019e-01 -9.796802288434618144e-02
2.089103847403055436e-01 -1.212185356826259719e-01
1.945226213854675257e-01 -1.430246457699417828e-01
1.778526887410632473e-01 -1.631259083730603188e-01
1.591026263638680716e-01 -1.812829036572778940e-01
1.384996384902056898e-01 -1.972801912321917595e-01
1.162932409109354720e-01 -2.109289578773919649e-01
9.275212932835774637e-02 -2.220693247312512109e-01
6.816080998235925226e-02 -2.305722847048348734e-01
4.281603638845956489e-02 -2.363412457858118931e-01
1.702309849434965189e-02 -2.393131611168227979e-01
-8.907987598376014560e-03 -2.394592321974694515e-01
-3.466634000800827148e-02 -2.367851771941256733e-01
-5.994407167240776296e-02 -2.313310620701191367e-01
-8.444010144239849636e-02 -2.231706979923864242e-01
-1.078638667381879995e-01 -2.124106141513488755e-01
-1.299388902908262255e-01 -1.991886206714528207e-01
-1.504061555727657096e-01 -1.836719816156998641e-01
-1.690272482025281242e-01 -1.660552231269138146e-01
-1.855872238496921733e-01 -1.465576064339986495e-01
-1.998971669216660363e-01 -1.254202997207231329e-01
-2.117964085298431332e-01 -1.029032866513072686e-01
-2.211543774661876849e-01 -7.928205318330343310e-02
-2.278720606700745110e-01 -5.484409445049637233e-02
-2.318830569745704562e-01 -2.988528945189265068e-02
-2.331542146108518399e-01 -4.706191689034707089e-03
-2.316858449667662523e-01 2.039171787890556309e-02
-2.275115129040206075e-01 4.510976645279590053e-02
-2.206974090223947638e-01 6.915576561127119437e-02
-2.113413147059350072e-01 9.224758124426685191e-02
-1.995711760526842071e-01 1.141165520259100064e-01
-1.855433078056606955e-01 1.345107135502981721e-01
-1.694402531019140179e-01 1.531977881106384443e-01
-1.514683291767914552e-01 1.699679034734319083e-01
-1.318548930459269852e-01 1.846360078353524725e-01
-1.108453645882028216e-01 1.970439523955633265e-01
-8.870004732638832323e-02 2.070622175695517597e-01
-6.569078951330287186e-02 2.145912637468730955e-01
-4.209752985321540270e-02 2.195624925857783960e-01
-1.820477330217816145e-02 2.219388100714306256e-01
5.701957112910051653e-03 2.217147878687384943e-01
2.933964663987541702e-02 2.189164248028214743e-01
5.243124823001216184e-02 2.136005155274709466e-01
7.470903130003564430e-02 2.058536385240684607e-01
9.591777798130066146e-02 1.957907804422837905e-01
1.158177874553149023e-01 1.835536183851123049e-01
1.341876519217255204e-01 1.693084859944685439e-01
1.508267721983538590e-01 1.532440538581624212e-01
1.655575809243276797e-01 1.355687544548486723e-01
1.782274493364916224e-01 1.165079905145131600e-01
1.887102598611460902e-01 9.630116629481096091e-02
1.969076255360900640e-01 7.519857943800795086e-02
2.027497459643160804e-01 5.345821610759737830e-02
2.061958935822085504e-01 3.134249181736983164e-02
2.072345289643273414e-01 9.114980520709962952e-03
2.058830487792265851e-01 -1.296282589113460608e-02
2.021871747896951121e-01 -3.463468651317767877e-02
1.962199968921403692e-01 -5.565266912512698699e-02
1.880806875526457866e-01 -7.578005904906269519e-02
1.778929090647149436e-01 -9.479408406199868464e-02
1.658029387739122784e-01 -1.124884232062874773e-01
1.519775407411168289e-01 -1.286754706781167990e-01
1.366016152086590996e-01 -1.431883296500748859e-01
1.198756596585905804e-01 -1.558825148423377549e-01
1.020130771831615768e-01 -1.666373468396484536e-01
8.323736930500287567e-02 -1.753570254967617148e-01
6.377925127679003048e-02 -1.819713742208313167e-01
4.387372825315521974e-02 -1.864362514022259720e-01
2.375717056470606076e-02 -1.887336297227659443e-01
3.664425645987358024e-03 -1.888713484409871857e-01
-1.617399700600237120e-02 -1.868825479785284627e-01
-3.553463311386252654e-02 -1.828248001538432810e-01
-5.420363178700102896e-02 -1.767789524627405573e-01
-7.197915115041350620e-02 -1.688477024989220032e-01
-8.867355509895336052e-02 -1.591539302079340024e-01
-1.041153907716059895e-01 -1.478388163103618591e-01
-1.181511224517647618e-01 -1.350597714063757893e-01
-1.306466058250165818e-01 -1.209882079389746345e-01
-1.414882893802238972e-01 -1.058071870742885862e-01
-1.505841336505922001e-01 -8.970897351400061726e-02
-1.578642429465529073e-01 -7.289253173924570284e-02
-1.632812081751043864e-01 -5.556099719991944991e-02
-1.668101632153875524e-01 -3.791915551753562846e-02
-1.684485610743970962e-01 -2.017096187948232144e-02
