0.000000000000000000e+00 0.000000000000000000e+00
8.739974863828873562e-06 6.566389710473896807e-06
3.769562645435368709e-05 2.215637364292342775e-05
8.984433893559126542e-05 4.006375729494086673e-05
1.666440580385532375e-04 5.297663425110771138e-05
2.679340232083623151e-04 5.326592794157881386e-05
3.918849150321260287e-04 3.328810798134860475e-05
5.350002285479984456e-04 -1.430582400076385275e-05
6.921694782894379687e-04 -9.626319041737924846e-05
8.567726160728294724e-04 -2.184324762607704165e-04
1.020833822896467617e-03 -3.854841414807931837e-04
1.175221647168062794e-03 -6.006570729769748242e-04
1.309891327608479284e-03 -8.655378456846326641e-04
1.414164043894341159e-03 -1.179879524634536115e-03
1.477036936272289663e-03 -1.541465061725522806e-03
1.487517085630913000e-03 -1.946020414747442031e-03
1.434971526668268405e-03 -2.387181655234337646e-03
1.309485129307462296e-03 -2.856517899054422313e-03
1.102217766379211782e-03 -3.343611609697557004e-03
8.057519860349446165e-04 -3.836196325717283924e-03
4.144224034384529575e-04 -4.320350565474426544e-03
-7.538179082401254652e-05 -4.780745366628476149e-03
-6.649494395529010954e-04 -5.200941651027846807e-03
-1.353022829255087940e-03 -5.563732393779877682e-03
-2.135622863884498440e-03 -5.851523443591102186e-03
-3.005930080534861305e-03 -6.046745813959416432e-03
-3.954226556246583438e-03 -6.132291363759606422e-03
-4.967902597752666544e-03 -6.091963031328242670e-03
-6.031530841418589542e-03 -5.910930195902235409e-03
-7.127009041910378068e-03 -5.576179328868900546e-03
-8.233771420282722658e-03 -5.076949876198100925e-03
-9.329067001746320018e-03 -4.405145290634332640e-03
-1.038830192790574786e-02 -3.555709312054312291e-03
-1.138544130583470093e-02 -2.526957977384041570e-03
-1.229346478506333253e-02 -1.320858424321039518e-03
-1.308486876097504983e-02 5.675367130718380221e-05
-1.373220691580334489e-02 1.596025227277274089e-03
-1.420865975141029705e-02 3.283011533709068869e-03
-1.448862302950975657e-02 5.099682142415847691e-03
-1.454830334090871473e-02 7.024008377787303165e-03
-1.436631034672426581e-02 9.030135360901709457e-03
-1.392423379103680664e-02 1.108864048275201054e-02
-1.320719263242318281e-02 1.316687499730557348e-02
-1.220434475013639115e-02 1.522938634952791803e-02
-1.090934570390594133e-02 1.723841660017737601e-02
-9.320745588495276887e-03 1.915447069985909412e-02
-7.442313807443420165e-03 2.093694682618302966e-02
-5.283282585610315704e-03 2.254481955988324113e-02
-2.858501233994057908e-03 2.393736536715568991e-02
-1.884945557000843519e-04 2.507491870321753788e-02
2.700579681777695758e-03 2.591964608084519964e-02
5.777077609640326322e-03 2.643632467931915711e-02
9.004122074779236443e-03 2.659311152249503596e-02
1.233996116553843538e-02 2.636228894475896312e-02
1.573843028826741805e-02 2.572097200163378505e-02
1.914951370763999516e-02 2.465176367483034106e-02
2.251999955232039316e-02 2.314334417227961391e-02
2.579422042805665921e-02 2.119098133034198403e-02
2.891487000668904739e-02 1.879695008164831288e-02
3.182388430507839677e-02 1.597085014707921510e-02
3.446337486438257741e-02 1.272981252903720301e-02
3.677659971724988458e-02 9.098587006024937487e-03
3.870895691564118363e-02 5.109504632294059948e-03
4.020898525764485254e-02 8.023103307608269114e-04
4.122935281947775338e-02 -3.776134099704007638e-03
4.172781861861942637e-02 -8.572277119681953259e-03
4.166815130825598373e-02 -1.352643473381383299e-02
4.102098541671680282e-02 -1.857347074110890159e-02
3.976459960201245147e-02 -2.364359370767481552e-02
3.788560126012335827e-02 -2.866326156827175495e-02
3.537950290840363027e-02 -3.355618268519975494e-02
3.225117712152514304e-02 -3.824440024711474317e-02
2.851517841030289102e-02 -4.264944511214496803e-02
2.419592228239702408e-02 -4.669354062274205103e-02
1.932771378278843807e-02 -5.030084157494965624e-02
1.395462005158464372e-02 -5.339868843982913810e-02
8.130183824051702771e-03 -5.591885713348655751e-02
1.916977296606918110e-03 -5.779878413409525462e-02
-4.614001645871843374e-03 -5.898274656445295916e-02
-1.138408624233428791e-02 -5.942297700694450235e-02
-1.830784351450166422e-02 -5.908069329906482509e-02
-2.529411303815502776e-02 -5.792702437128602333e-02
-3.224716964614753045e-02 -5.594381432895925710e-02
-3.906799557308399118e-02 -5.312428843460481609e-02
-4.565564541941399823e-02 -4.947356639949634233e-02
-5.190868539596543707e-02 -4.500901042185700973e-02
-5.772668664414767892e-02 -3.976039768634057059e-02
-6.301175104421179174e-02 -3.376990953432389142e-02
-6.767004840906445939e-02 -2.709193154240848930e-02
-7.161333666595802450e-02 -1.979266345317318154e-02
-7.476044499621711803e-02 -1.194954015696812581e-02
-7.703869909810659444e-02 -3.650464837273857850e-03
-7.838526020243413717e-02 5.007137532440600336e-03
-7.874835679453057180e-02 1.391743707598137175e-02
-7.808838743466418875e-02 2.296747388214566421e-02
-7.637887453378838787e-02 3.203857571512329361e-02
-7.360725075173069065e-02 4.100790087259117978e-02
-6.977546181867694264e-02 4.975008615971787673e-02
-6.490037201077102080e-02 5.813897787174152065e-02
-5.901396120439174331e-02 6.604942190084972520e-02
-5.216330535404504337e-02 7.335908763805953914e-02
-4.441033534450400388e-02 7.995029925628882594e-02
-3.583137241394325490e-02 8.571184726025800338e-02
-2.651644168352432218e-02 9.054075289005598937e-02
-1.656836871016379234e-02 9.434395807995071825e-02
-6.101667351553023526e-03 9.703991420785318400e-02
4.758769456255647345e-03 9.856004382284655474e-02
1.587916121025644001e-02 9.885005090095061453e-02
2.711849580851261737e-02 9.787105693888994984e-02
3.833032932196214770e-02 9.560054233179995919e-02
4.936470635695136555e-02 9.203307496714147051e-02
6.007017553886704470e-02 8.718081077139677726e-02
7.029587273368871625e-02 8.107375403081176768e-02
7.989364541595191105e-02 7.375976873817796653e-02
8.872018114091834162e-02 6.530433421959201679e-02
9.663911377591308249e-02 5.579004628955197553e-02
1.035230816154163042e-01 4.531586460942185063e-02
1.092556995075260051e-01 3.399611117808533367e-02
1.137334171161746288e-01 2.195923017367644101e-02
1.168672343308474748e-01 9.346322396024798682e-03
1.185842464140717117e-01 -3.690528907553905502e-03
1.188289934872888698e-01 -1.699012070989934856e-02
1.175645913739384874e-01 -3.038415814656804381e-02
1.147736236142273825e-01 -4.369942171467171288e-02
1.104587776025896945e-01 -5.676004525041329629e-02
1.046432112341180443e-01 -6.938987413144794003e-02
9.737064013307333843e-02 -8.141487149272787216e-02
8.870513942341018421e-02 -9.266553903616114862e-02
7.873065803290656139e-02 -1.029793182791355621e-01
6.755024764095340917e-02 -1.122029378418224754e-01
5.528501252533457588e-02 -1.201946726281004907e-01
4.207279067433983277e-02 -1.268264815124578448e-01
2.806658054603122787e-02 -1.319859914003968515e-01
1.343273171591345162e-02 -1.355782972701902733e-01
-1.651078701205964871e-03 -1.375275500094919612e-01
-1.699805859601302704e-02 -1.377783065042668120e-01
-3.241467406762071207e-02 -1.362966194859479840e-01
-4.770315229930208178e-02 -1.330708480554431972e-01
-6.266408363154651884e-02 -1.281121748631239010e-01
-7.709907999596417316e-02 -1.214548132812693498e-01
-9.081345720386366227e-02 -1.131559032794291347e-01
-1.036189108021248473e-01 -1.032950941510597798e-01
-1.153361398913945735e-01 -9.197381103050944473e-02
-1.257973840816641597e-01 -7.931421327367849106e-02
-1.348488371547636178e-01 -6.545785528213232674e-02
-1.423529023246219161e-01 -5.056406468309775776e-02
-1.481902558253596625e-01 -3.480805694189793853e-02
-1.522616878925564521e-01 -1.837880941679424437e-02
-1.544896930049955708e-01 -1.476721509612714507e-03
-1.548197844863960504e-01 1.568890913658798486e-02
-1.532215121860173168e-01 3.290256154009853912e-02
-1.496891659144621023e-01 4.994528207112788887e-02
-1.442421515520706243e-01 6.659755363978818454e-02
-1.369250312129883518e-01 8.264220462644292220e-02
-1.278072234755757708e-01 9.786731787401796445e-02
-1.169823644137590740e-01 1.120690996932503930e-01
-1.045673349167785537e-01 1.250546690295241126e-01
-9.070096449829098684e-02 1.366447277052837694e-01
-7.554242640174307910e-02 1.466760739781135525e-01
-5.926934324031403467e-02 1.550039235262807291e-01
-4.207562660162200013e-02 1.615040043676971848e-01
-2.416907793796746473e-02 1.660743951039120869e-01
-5.768781594361927466e-03 1.686370792196457413e-01
1.289767872026795562e-02 1.691391947096276827e-01
3.159713658921109447e-02 1.675539499038731506e-01
5.009385584279411191e-02 1.638811991058553019e-01
6.815260708173087600e-02 1.581476718010366711e-01
8.554175882155279353e-02 1.504068407165384813e-01
1.020363432448911922e-01 1.407384314310211049e-01
1.174210546881381129e-01 1.292475778577301393e-01
1.314931396771882033e-01 1.160636328472774148e-01
1.440651385973539533e-01 1.013386479753471403e-01
1.549674409195933578e-01 8.524554122498184672e-02
1.640506182850778316e-01 6.797597567648065719e-02
1.711875026411427136e-01 4.973797641657229374e-02
1.762749799845756693e-01 3.075331661290613139e-02
1.792354740568596616e-01 1.125470701561722721e-02
1.800180984979525278e-01 -8.517174003793185136e-03
1.785994604424894772e-01 -2.831677042670860400e-02
1.749841032722845302e-01 -4.789681732981895812e-02
1.692045811552102541e-01 -6.701154592622604600e-02
1.613211630336710556e-01 -8.541988180091937555e-02
1.514211688048428817e-01 -1.028885932015501520e-01
1.396179454877223836e-01 -1.191953468124982429e-01
1.260494961271588221e-01 -1.341316296022184440e-01
1.108767789720965374e-01 -1.475054970753177652e-01
9.428169901619662396e-02 -1.591441105579478044e-01
7.646481823914171028e-02 -1.688960289660791370e-01
5.764281283788474236e-02 -1.766332279970731778e-01
3.804571509395541368e-02 -1.822528056406999553e-01
1.791397768487854036e-02 -1.856783611726115779e-01
-2.504607463850996082e-03 -1.868610363191909318e-01
-2.295808971616698779e-02 -1.857801911700971143e-01
-4.319359804679290954e-02 -1.824437100840396175e-01
-6.296059381721255677e-02 -1.768879333545909094e-01
-8.201409448657008550e-02 -1.691772155061100902e-01
-1.001178251514768941e-01 -1.594031161780575800e-01
-1.170472558199637386e-01 -1.476832345573614036e-01
-1.325924839187274662e-01 -1.341597031626003689e-01
-1.465609236861249165e-01 -1.189973614025145870e-01
-1.587797667848193095e-01 -1.023816336599685795e-01
-1.690981816388313630e-01 -8.451614063049786574e-02
-1.773892226143028994e-01 -6.562007621659858569e-02
-1.835514241696116766e-01 -4.592538539556852845e-02
-1.875100594411607535e-01 -2.567378109719286802e-02
-1.892180473441417987e-01 -5.113640212349860811e-03
-1.886564970870535651e-01 1.550317962310075737e-02
-1.858348839562123378e-01 3.592455988266005790e-02
-1.807908552516129808e-01 5.590133470560425949e-02
-1.735896702772686817e-01 7.519045546485578213e-02
-1.643232832368779206e-01 9.355806449068265751e-02
-1.531090826899410007e-01 1.107824375048510612e-01
-1.400883058172539830e-01 1.266567562829947202e-01
-1.254241493778028571e-01 1.409916807267781180e-01
-1.092996035986907588e-01 1.536176712769370123e-01
-9.191504389627956628e-02 1.643870430925401527e-01
-7.348560860304673148e-02 1.731757367877531095e-01
-5.423839956052159406e-02 1.798847680933198800e-01
-3.440954425237469777e-02 1.844413443864597602e-01
-1.424115926393945686e-02 1.867996354455260244e-01
6.021744079104488466e-03 1.869411905513908290e-01
2.613437054581519564e-02 1.848749988992274551e-01
4.585522704261367488e-02 1.806371951333513859e-01
6.494914324804339223e-02 1.742904166056063187e-01
8.319018743169291630e-02 1.659228236173585502e-01
1.003644397921058529e-01 1.556467983716965098e-01
1.162725878978490557e-01 1.435973425743914400e-01
1.307323115359352028e-01 1.299301975221364702e-01
1.435804274201274155e-01 1.148197140520680198e-01
1.546747677401051624e-01 9.845650285077334196e-02
1.638957703877522987e-01 8.104489829338692997e-02
1.711477628214150004e-01 6.280027117032467576e-02
1.763599258619410470e-01 4.394622733434626338e-02
1.794869281922757409e-01 2.471173044522831375e-02
1.805092268904432973e-01 5.328187592472314119e-03
1.794330338984731765e-01 -1.397346336480690537e-02
1.762899528521909565e-01 -3.296562638245059684e-02
1.711362951051606796e-01 -5.142684238951455988e-02
1.640520888349774054e-01 -6.914447671816613405e-02
1.551397932361357201e-01 -8.591724852916640676e-02
1.445227467347072192e-01 -1.015575808063283597e-01
1.323433712025521847e-01 -1.158937547898583609e-01
1.187611555011435921e-01 -1.287718267993407106e-01
1.039504501400054237e-01 -1.400572908163022212e-01
8.809810489108044207e-02 -1.496364687499785739e-01
7.140098285086271535e-02 -1.574176142758464958e-01
5.406338560099725049e-02 -1.633317202411490587e-01
3.629442477549305046e-02 -1.673330238143271032e-01
1.830537549640170666e-02 -1.693992077549121567e-01
3.070467948949587213e-04 -1.695313003365287730e-01
-1.749279669652591476e-02 -1.677532805091160872e-01
-3.489192879310085843e-02 -1.641113987805640495e-01
-5.169604029972833109e-02 -1.586732279790134814e-01
-6.772097294538624579e-02 -1.515264614753774886e-01
-8.279478212909725798e-02 -1.427774795560629861e-01
-9.675960474456873905e-02 -1.325497073984694962e-01
-1.094733114806212271e-01 -1.209817904824508628e-01
-1.208109263561019664e-01 -1.082256152415509293e-01
-1.306657997882142430e-01 -9.444420429700717268e-02
-1.389505251572963895e-01 -7.980951671055146190e-02
-1.455975925633175572e-01 -6.450018433113564875e-02
-1.505597772138607127e-01 -4.869921549496714075e-02
-1.538102635850201461e-01 -3.259169707360718565e-02
-1.553425123206114977e-01 -1.636251997655412821e-02
-1.551698689265045006e-01 -1.941720195079377426e-04
-1.533249362496991730e-01 1.573538182838952679e-02
-1.498587262808364073e-01 3.125471870567916866e-02
-1.448396005166815159e-01 4.620083772608239714e-02
-1.383520218916823308e-01 6.042088390525333225e-02
-1.304951400176921350e-01 7.377369777109209215e-02
-1.213812331880440576e-01 8.613117520922541903e-02
-1.111340319344652078e-01 9.737942517182604507e-02
-9.988694986157740929e-02 1.074197160540842355e-01
-8.778124801903841590e-02 1.161692047681081030e-01
-7.496415920712824754e-02 1.235614457688087309e-01
-6.158699835533901906e-02 1.295466804614324452e-01
-4.780328447880236031e-02 1.340919104986285637e-01
-3.376689872333376446e-02 1.371807614115569951e-01
-1.963030168088466046e-02 1.388131457730012730e-01
-5.542831522406603886e-03 1.390047376229689158e-01
8.350897412092408295e-03 1.377862721653458633e-01
2.191247806924032787e-02 1.352026867391096787e-01
3.501106102499336459e-02 1.313121207558355097e-01
4.752455904734553815e-02 1.261847936585912544e-01
5.934069581362939882e-02 1.199017809833304721e-01
7.035789138387803232e-02 1.125537092857644139e-01
8.048597971946255814e-02 1.042393910334026147e-01
8.964675620098942754e-02 9.506442055860710172e-02
9.777435883554476403e-02 8.513974755311649878e-02
1.048154746783803160e-01 7.458025977662156858e-02
1.107293881509048838e-01 6.350338936648740329e-02
1.154878824732580855e-01 5.202774930739807735e-02
1.190749931600052353e-01 4.027182888987709819e-02
1.214866288840027453e-01 2.835275952130174651e-02
1.227300724397574067e-01 1.638516387710869243e-02
1.228233757372050317e-01 4.480099400710496442e-03
1.217946636714681008e-01 -7.255894918420970063e-03
1.196813623372580682e-01 -1.872164169882908555e-02
1.165293673868060265e-01 -2.982205362483338409e-02
1.123921683713528241e-01 -4.046874472339868911e-02
1.073299446670971796e-01 -5.058052406460829264e-02
1.014086480806521140e-01 -6.008377348883717217e-02
9.469908647448170569e-02 -6.891271283862693275e-02
8.727602177154160368e-02 -7.700955789425729947e-02
7.921729451606610017e-02 -8.432457775233637154e-02
7.060298581286475472e-02 -9.081605972353706813e-02
6.151462597184714082e-02 -9.645019094027434958e-02
5.203445758097820228e-02 -1.012008667435320419e-01
4.224475905393439840e-02 -1.050494365507898958e-01
3.222723298353390858e-02 -1.079843982894495708e-01
2.206246191368409909e-02 -1.100010526125185378e-01
1.182943245564905405e-02 -1.111011280005033408e-01
1.605127052160847502e-03 -1.112923875050339934e-01
-8.535822164406290866e-03 -1.105882241688164042e-01
-1.852140944789778740e-02 -1.090072625721045380e-01
-2.828247667584451661e-02 -1.065729726434370833e-01
-3.775289055563527119e-02 -1.033132939609307938e-01
-4.686967171590058351e-02 -9.926028548263132745e-02
-5.557308716918821917e-02 -9.444980314348175310e-02
-6.380671410714726377e-02 -8.892120866249747513e-02
-7.151748322195593255e-02 -8.271711145702592693e-02
-7.865570975445573820e-02 -7.588314411113612767e-02
-8.517512025348096538e-02 -6.846777042484412934e-02
-9.103288259977643238e-02 -6.052212371180524381e-02
-9.618964621359443745e-02 -5.209987174563961848e-02
-1.006095985435637302e-01 -4.325710360752737377e-02
-1.042605429455017441e-01 -3.405223268588457308e-02
-1.071140019266722671e-01 -2.454590924556673479e-02
-1.091453484796933715e-01 -1.480093533841706638e-02
-1.103339668894457032e-01 -4.882174384532378571e-03
-1.106634429963979094e-01 5.143552474326081037e-03
-1.101217824725524014e-01 1.520759115425012256e-02
-1.087016542442577755e-01 2.523960822929432676e-02
-1.064006548120647599e-01 3.516778060063665418e-02
-1.032215879037489403e-01 4.491902782890965645e-02
-9.917275268358710649e-02 5.441929286545602734e-02
-9.426823265821759890e-02 6.359387587122819485e-02
-8.852817649393288080e-02 7.236782459571942938e-02
-8.197905844004008125e-02 8.066638119446102595e-02
-7.465391777993800326e-02 8.841549161511080834e-02
-6.659255872272647203e-02 9.554237545504250251e-02
-5.784169594265911596e-02 1.019761469537809051e-01
-4.845504444424939688e-02 1.076484890454306592e-01
-3.849334058743911213e-02 1.124943730357110816e-01
-2.802428498175085769e-02 1.164528164035981556e-01
-1.712239883881155542e-02 1.194676696961486928e-01
-5.868786482112346541e-03 1.214884220645400248e-01
5.649201963379296004e-03 1.224710137120691017e-01
1.733841216025835963e-02 1.223786424211452950e-01
2.910043419413098353e-02 1.211825504239205098e-01
4.083225918765623352e-02 1.188627772046988024e-01
5.242704287532602703e-02 1.154088633925724611e-01
6.377497308983030855e-02 1.108204907366844988e-01
7.476423603379155070e-02 1.051080432664944775e-01
8.528207412502628038e-02 9.829307513306578814e-02
9.521592614756352324e-02 9.040867130735784352e-02
1.044546384530883193e-01 8.149968827533943250e-02
1.128897340766899932e-01 7.162286310986372417e-02
1.204167248942261265e-01 6.084678080294948777e-02
1.269364503921222853e-01 4.925169149171804150e-02
1.323564252775846217e-01 3.692917118428364759e-02
1.365921770587003314e-01 2.398162176148343691e-02
1.395685538969504425e-01 1.052160836545621737e-02
1.412209808053352944e-01 -3.328963328875224684e-03
1.414966498238635351e-01 -1.743983187445109079e-02
1.403556181160554028e-01 -3.167351930133115168e-02
1.377717918864625191e-01 -4.588661115105896471e-02
1.337337826527990881e-01 -5.993117179807647132e-02
1.282456157745539838e-01 -7.365628009983399282e-02
1.213272747005441493e-01 -8.690966950657991186e-02
1.130150661628318010e-01 -9.953945453160216450e-02
1.033617936053041197e-01 -1.113959234564976114e-01
9.243672846748604566e-02 -1.223333753625758108e-01
8.032537151832559730e-02 -1.322119780744229200e-01
6.712899921664099157e-02 -1.408996224069338499e-01
5.296399302639084872e-02 -1.482737472504852827e-01
3.796095269405938555e-02 -1.542231095332599333e-01
2.226359765739610586e-02 -1.586494729826979644e-01
6.027463952355510690e-03 -1.614691898816433546e-01
-1.058159283042514609e-02 -1.626146506850719431e-01
-2.738907486651558087e-02 -1.620355774302705554e-01
-4.421368301354786784e-02 -1.597001383306919653e-01
-6.086930179177128114e-02 -1.555958627789026660e-01
-7.716710626012043828e-02 -1.497303381783695320e-01
-9.291776623388692258e-02 -1.421316725526265423e-01
-1.079337212017822262e-01 -1.328487097132752259e-01
-1.220314975467974294e-01 -1.219509868696399685e-01
-1.350340382909165082e-01 -1.095284278922353666e-01
-1.467730140811034090e-01 -9.569077138670858962e-02
-1.570910868265199267e-01 -8.056672680059190350e-02
-1.658440905207895222e-01 -6.430286684555788779e-02
-1.729030988220809362e-01 -4.706226970836419055e-02
-1.781563512027484197e-01 -2.902291534133288539e-02
-1.815110074798448325e-01 -1.037585333302202574e-02
-1.828947032920305027e-01 8.676838872822324050e-03
-1.822568811948285239e-01 2.792428531586993098e-02
-1.795698745584075884e-01 4.714920323842843042e-02
-1.748297243411793267e-01 6.613042921857546774e-02
-1.680567120434253159e-01 8.464554929987705423e-02
-1.592955956772513504e-01 1.024736006307779973e-01
-1.486155393766000199e-01 1.193978104750871294e-01
-1.361097312635215495e-01 1.352083372525403338e-01
-1.218946883303057283e-01 1.497049775403563321e-01
-1.061092513342650201e-01 1.626998027315469109e-01
-8.891327697354867166e-02 1.740196893150979529e-01
-7.048603885760222620e-02 1.835087075213508445e-01
-5.102435294352244965e-02 1.910303343599560610e-01
-3.074044711876453007e-02 1.964694588571803957e-01
-9.859598411947587820e-03 1.997341495563012548e-01
1.138243515041661991e-02 2.007571570542983630e-01
3.274215780676442006e-02 1.994971274781408010e-01
5.397122136135972664e-02 1.959395063162215067e-01
7.481941700986088906e-02 1.900971158704715391e-01
9.503773647593052876e-02 1.820103974526926516e-01
1.143814644183099305e-01 1.717472986804575719e-01
1.326132581829054802e-01 1.594028098216040412e-01
1.495061778434859379e-01 1.450981579987709325e-01
1.648466263108011587e-01 1.289796535110872833e-01
1.784371593245306364e-01 1.112172023308425628e-01
1.900991269615619761e-01 9.200249975385141332e-02
1.996751100583294136e-01 7.154692463945784564e-02
2.070311172317479687e-01 5.007915792060031734e-02
2.120585109664016032e-01 2.784255303433797596e-02
2.146756344815231032e-01 5.092289560323018729e-03
2.148291147594338646e-01 -1.790765539534986198e-02
2.124948211606661475e-01 -4.088768071991827346e-02
2.076784634173170496e-01 -6.357584003267020833e-02
2.004158174276300941e-01 -8.570118414119247408e-02
1.907725721094535309e-01 -1.069971244440204167e-01
1.788437955427730763e-01 -1.272047738084458313e-01
1.647530236741872878e-01 -1.460762213364338591e-01
1.486509798996560328e-01 -1.633776979066760560e-01
1.307139388162687765e-01 -1.788925904450494597e-01
1.111417522697578097e-01 -1.924242645191207579e-01
9.015556045408257280e-02 -2.037986570565789857e-01
6.799521517712529828e-02 -2.128666037263120259e-01
4.491644643024814143e-02 -2.195058687602923497e-01
2.118780703135305504e-02 -2.236228486932750892e-01
-2.912566986931233465e-03 -2.251539310733940702e-01
-2.710034130985151252e-02 -2.240664714868506047e-01
-5.108846475689137606e-02 -2.203593847692379704e-01
-7.459070734399220193e-02 -2.140633518228841625e-01
-9.732520999067917344e-02 -2.052406202668405344e-01
-1.190179990595129356e-01 -1.939844045591058441e-01
-1.394064201103146494e-01 -1.804178911300921562e-01
-1.582424460776334918e-01 -1.646928593072863045e-01
-1.752958165127883605e-01 -1.469879339325330381e-01
-1.903569665545690182e-01 -1.275064905046154606e-01
-2.032397068800645690e-01 -1.064742383524675956e-01
-2.137836190058922670e-01 -8.413651169343043523e-02
-2.218561339196095106e-01 -6.075530239571463875e-02
-2.273542660736103116e-01 -3.660607178908525938e-02
-2.302059792153228202e-01 -1.197438190310799386e-02
-2.303711652984902492e-01 1.284761098484022562e-02
-2.278422227564301239e-01 3.756475567486582817e-02
-2.226442256513095352e-01 6.188255208747278635e-02
-2.148346805726250308e-01 8.551079714526491071e-02
-2.045028735703401657e-01 1.081671835181817615e-01
-1.917688147997638204e-01 1.295808047897428483e-01
-1.767817938526677624e-01 1.494955217573805117e-01
-1.597185638799743512e-01 1.676731463434800729e-01
-1.407811775054726711e-01 1.838964019418347917e-01
-1.201945021205393371e-01 1.979716219253594978e-01
-9.820344702781293178e-02 2.097311586315861731e-01
-7.506993268891593019e-02 2.190354503922684326e-01
-5.106965088882819276e-02 2.257747332141466223e-01
-2.648865379559098288e-02 2.298703910425742569e-01
-1.619812199898716708e-03 2.312759057637203686e-01
2.324080914127370570e-02 2.299774018779538742e-01
4.779761237876303803e-02 2.259937792595702322e-01
7.175911656569090857e-02 2.193764328252195694e-01
9.484154988558524124e-02 2.102085633490752281e-01
1.167723380639423686e-01 1.986040890132594050e-01
1.372934443630143830e-01 1.847061724946632566e-01
1.561645186021511644e-01 1.686853833934555680e-01
1.731658152520849925e-01 1.507375205366840165e-01
1.881008437843253722e-01 1.310811230787949089e-01
2.007987180723399545e-01 1.099547033108660143e-01
2.111161756889057273e-01 8.761373762877010252e-02
2.189392423675426136e-01 6.432745515064874908e-02
2.241845216339071745e-01 4.037546597631994777e-02
2.268000945998831230e-01 1.604427301346109114e-02
2.267660200801064063e-01 -8.376287366500525730e-03
2.240944304668288645e-01 -3.259662985167051386e-02
2.188292241121544690e-01 -5.633098379005161555e-02
2.110453602443417565e-01 -7.930089026985491507e-02
2.008477676154553360e-01 -1.012385881937190590e-01
1.883698830713783634e-01 -1.218902465598876717e-01
1.737718433996090495e-01 -1.410190107600404197e-01
1.572383446049482325e-01 -1.584078010014469129e-01
1.389762127593472396e-01 -1.738618418705096813e-01
1.192117187634255393e-01 -1.872109120023163209e-01
9.818766397229299059e-02 -1.983112623187782975e-01
7.616027994332723317e-02 -2.070471881933076963e-01
5.339598343643148226e-02 -2.133322380207230418e-01
3.016802937670522503e-02 -2.171100455643897031e-01
6.753105486136255949e-03 -2.183547784774572120e-01
-1.657208730440960787e-02 -2.170712004819916052e-01
-3.953422473994223918e-02 -2.132943497689916423e-01
-6.186667627391669033e-02 -2.070888411845246413e-01
-8.331270744411387041e-02 -1.985478046249272710e-01
-1.036285276790004928e-01 -1.877914767120923978e-01
-1.225861460300804312e-01 -1.749654671966692776e-01
-1.399760002132662828e-01 -1.602387255851865921e-01
-1.556093276651358270e-01 -1.438012371543701817e-01
-1.693202510285610751e-01 -1.258614807557345838e-01
-1.809675545221511861e-01 -1.066436835857092480e-01
-1.904361319606403813e-01 -8.638491036784345933e-02
-1.976380917169512363e-01 -6.533202613804676984e-02
-2.025135085870031215e-01 -4.373857302299358207e-02
-2.050308172698062092e-01 -2.186160204517210992e-02
-2.051868469419200758e-01 4.149892710315485436e-05
-2.030065011213897097e-01 2.171614043491495658e-02
-1.985420962297189951e-01 4.291359881985933739e-02
-1.918723540713204168e-01 6.339395378869422393e-02
-1.831010849014975683e-01 8.292887141414131968e-02
-1.723555861946963474e-01 1.013042207351879664e-01
-1.597847658530731629e-01 1.183224681559871261e-01
-1.455570243605652514e-01 1.338048295127893528e-01
-1.298579266690245426e-01 1.475931559717456598e-01
-1.128876968986967794e-01 1.595515337854781501e-01
-9.485857075017910256e-02 1.695675820135960910e-01
-7.599204184065935785e-02 1.775534365424334127e-01
-5.651603898270782245e-02 1.834464130614094080e-01
-3.666207171553583638e-02 1.872093460063037063e-01
-1.666238118012249372e-02 1.888306048025385209e-01
3.252867288200083154e-03 1.883237929746702788e-01
2.285831467540939965e-02 1.857271397742333296e-01
4.193602839480160827e-02 1.811025978623057031e-01
6.027798054838876679e-02 1.745346642148106475e-01
7.768835538205365321e-02 1.661289447511138939e-01
9.398565979535593307e-02 1.560104861784112062e-01
1.090046138930497732e-01 1.443219011596917345e-01
1.225978019460107205e-01 1.312213151217004048e-01
1.346370677123503168e-01 1.168801647975609009e-01
1.450146418009120308e-01 1.014808799294133340e-01
1.536439925837660980e-01 8.521448042915019672e-02
1.604603960260083950e-01 6.827812170647662438e-02
1.654212303616302282e-01 5.087261306324887544e-02
1.685059745942826259e-01 3.319996174823074131e-02
1.697159398781038220e-01 1.546096660803097413e-02
1.690737528026832748e-01 -2.147130272133767476e-03
1.666225815695680235e-01 -1.943288364193651585e-02
1.624251297432682817e-01 -3.621275681013037817e-02
1.565624166139947260e-01 -5.231308130673694573e-02
1.491323655730666664e-01 -6.757184342765336360e-02
1.402482239086092208e-01 -8.184027949103450661e-02
1.300368390579685618e-01 -9.498426470081772210e-02
1.186368175893732779e-01 -1.068854837113534101e-01
1.061965940200784164e-01 -1.174423742688146394e-01
9.287243700898586973e-02 -1.265708386202326896e-01
7.882642049205242085e-02 -1.342047206804944937e-01
6.422438696811287595e-02 -1.402960501835869567e-01
4.923392940616899693e-02 -1.448150581709157503e-01
3.402241715315153930e-02 -1.477499711434379082e-01
1.875508979900362624e-02 -1.491065939856695832e-01
3.593241233437424829e-03 -1.489076943222228389e-01
-1.130748586043226964e-02 -1.471922032595265051e-01
-2.579867704920577737e-02 -1.440142494696857456e-01
-3.974057911157970885e-02 -1.394420452679262790e-01
-5.300337585981040184e-02 -1.335566447029400139e-01
-6.546829642287875506e-02 -1.264505947093457205e-01
-7.702854831873241770e-02 -1.182265010575556802e-01
-8.759007859417827779e-02 -1.089955250952402976e-01
-9.707213307530393465e-02 -9.887584801344545538e-02
-1.054076375433442569e-01 -8.799112211412006557e-02
-1.125434171473153333e-01 -7.646891128097510482e-02
-1.184402329247991326e-01 -6.443915746483647178e-02
-1.230726524715406028e-01 -5.203268810045852399e-02
-1.264287644164653057e-01 -3.937978198291877674e-02
-1.285097481585859291e-01 -2.660880947622122975e-02
-1.293293118715343748e-01 -1.384496109351256513e-02
-1.289130130635762206e-01 -1.209076512848338784e-03
-1.272974769841897225e-01 1.118341598837995637e-02
-1.245295288858248584e-01 2.322344184577926698e-02
-1.206652565794142096e-01 3.480909861096515012e-02
-1.157690198675495330e-01 4.584634696036545692e-02
-1.099124233076403945e-01 5.624957295272135088e-02
-1.031732683610048495e-01 6.594202222814843362e-02
-9.563450033905916692e-02 7.485610878158847903e-02
-8.738316468474596754e-02 8.293360274405944810e-02
-7.850938604965494727e-02 9.012570324009788747e-02
-6.910538237146748863e-02 9.639300383656385085e-02
-5.926452475132786696e-02 1.017053593378586113e-01
-4.908045240731387371e-02 1.060416637010320184e-01
-3.864625037045008038e-02 1.093895496310096638e-01
-2.805369592650128890e-02 1.117450209654628629e-01
-1.739257812303597259e-02 1.131120292693378881e-01
-6.750084266522069117e-03 1.135020021824334341e-01
3.789717243528915955e-03 1.129333428234678555e-01
1.414632017416411237e-02 1.114309137001073258e-01
2.424316771403639895e-02 1.090255008660521024e-01
3.400795944797619513e-02 1.057532779564236691e-01
4.337289197465561685e-02 1.016552769616009266e-01
5.227483867010647434e-02 9.677687340331052324e-02
6.065547492858637535e-02 9.116729241175139387e-02
6.846135584709593658e-02 8.487914095457430030e-02
7.564395375333331228e-02 7.796797016669804181e-02
8.215966320572581916e-02 7.049187040380172631e-02
8.796978111923317578e-02 6.251110032143646078e-02
9.304046949675259803e-02 5.408774999500634562e-02
9.734270788196114355e-02 4.528543687119897937e-02
1.008522421078154319e-01 3.616903220499408794e-02
1.035495352116566486e-01 2.680441461221141908e-02
1.054197255420223356e-01 1.725824647719630123e-02
1.064525961156537193e-01 7.597768217235120053e-03
1.066425582199346800e-01 -2.109395165079293571e-03
1.059886511220550498e-01 -1.179542120133116219e-02
1.044945585688467626e-01 -2.139247691215405422e-02
1.021686415685652966e-01 -3.083291177346106013e-02
9.902398576623074045e-02 -4.004946269106148676e-02
9.507846058557481439e-02 -4.897547661432542776e-02
9.035478624039407214e-02 -5.754515587358823014e-02
8.488059557876985461e-02 -6.569382869170133088e-02
7.868851073526261786e-02 -7.335825044475201284e-02
7.181620968789370618e-02 -8.047694396065480094e-02
6.430645961681327738e-02 -8.699057037072760457e-02
5.620713506793779957e-02 -9.284233461266330756e-02
4.757120491318821837e-02 -9.797842449358679096e-02
3.845668052521072217e-02 -1.023484809215389063e-01
2.892651778616755001e-02 -1.059060956041122936e-01
1.904846595367958029e-02 -1.086093312253398335e-01
8.894857009080303287e-03 -1.104212578754666663e-01
-1.457670093449454224e-03 -1.113104983515385699e-01
-1.192851488476584336e-02 -1.112517738973585885e-01
-2.243353401491081367e-02 -1.102264410352202240e-01
-3.288553524753622809e-02 -1.082230093827188794e-01
-4.319484758859468837e-02 -1.052376297670738065e-01
-5.326996681317822113e-02 -1.012745415649570352e-01
-6.301827407135525416e-02 -9.634646802261746801e-02
-7.234682362706866543e-02 -9.047494836016384268e-02
-8.116319414431215351e-02 -8.369059574233563004e-02
-8.937639631355653869e-02 -7.603327070886442551e-02
-9.689782804082877621e-02 -6.755216039922322391e-02
-1.036422669338567248e-01 -5.830575487347541830e-02
-1.095288884454577449e-01 -4.836171301305512704e-02
-1.144822968037449429e-01 -3.779661186840104631e-02
-1.184335547997411170e-01 -2.669557488619010710e-02
-1.213211909111214376e-01 -1.515177669649866998e-02
-1.230921890635060106e-01 -3.265824990220356303e-03
-1.237029311344104432e-01 8.854986380016355643e-03
-1.231200622757982199e-01 2.109754417846852054e-02
-1.213212838646916120e-01 3.334389730801055884e-02
-1.182960519034841201e-01 4.547234689569475824e-02
-1.140461660715377246e-01 5.735863565925169993e-02
-1.085862355735774804e-01 6.887722527222589486e-02
-1.019440091416133065e-01 7.990264854720784127e-02
-9.416055801404225878e-02 9.031092149491108667e-02
-8.529030242201299239e-02 9.998099872556566459e-02
-7.540087403841772007e-02 1.087962542701750163e-01
-6.457280896419721750e-02 1.166459687419263980e-01
-5.289906811133382458e-02 1.234268028586428256e-01
-4.048438425984876576e-02 1.290442367281647018e-01
-2.744443758223499841e-02 1.334139539784523765e-01
-1.390486400549839109e-02 1.364631498070494331e-01
-1.033789350440373137e-07 1.381317423395914123e-01
1.412790300576394556e-02 1.383734673285737793e-01
2.833115347784854327e-02 1.371568371906913553e-01
4.245715115456009936e-02 1.344659466675659776e-01
5.635057645942775917e-02 1.303011089891781549e-01
6.985504814861630274e-02 1.246793083052445267e-01
8.281495213068068573e-02 1.176344563055574666e-01
9.507731574749506143e-02 1.092174433496228281e-01
1.064936989759538710e-01 9.949597714700675333e-02
1.169220928085429878e-01 8.855420662618590510e-02
1.262287894521548492e-01 7.649212411145495105e-02
1.342901884547571811e-01 6.342475120828913737e-02
1.409945280056231487e-01 4.948111398766627533e-02
1.462435113604306502e-01 3.480301431079420305e-02
1.499538039439688442e-01 1.954360821497242232e-02
1.520583778514350282e-01 3.865805255055032152e-03
1.525076820029959979e-01 -1.205949446087024521e-02
1.512706180904377362e-01 -2.805530613363257583e-02
1.483353046686954335e-01 -4.394058717386923468e-02
1.437096142628416784e-01 -5.953236109053087338e-02
1.374214711516345555e-01 -7.464791242062608634e-02
1.295189005162413476e-01 -8.910702518927143823e-02
1.200698228672928691e-01 -1.027342361847268376e-01
1.091615910414085733e-01 -1.153610735134904114e-01
9.690027054311230181e-02 -1.268282504849369274e-01
8.340966755063672355e-02 -1.369877848769051332e-01
6.883011245381567833e-02 -1.457050140605851696e-01
5.331701029750360310e-02 -1.528604773163172170e-01
3.703917291298901987e-02 -1.583516379464468826e-01
2.017695078158417143e-02 -1.620944194758294765e-01
2.920185739275201874e-03 -1.640245323073376005e-01
-1.453399154854254777e-02 -1.640985696451334741e-01
-3.198349288224555664e-02 -1.622948542830559004e-01
-4.922370075384772947e-02 -1.586140216944964265e-01
-6.604997311301859242e-02 -1.530793266746437453e-01
-8.226018530227179049e-02 -1.457366627888470878e-01
-9.765727014654666804e-02 -1.366542939632869880e-01
-1.120517325643634321e-01 -1.259222958909434753e-01
-1.252641017966553694e-01 -1.136517104006461443e-01
-1.371272880102313019e-01 -9.997341989585789568e-02
-1.474888108650241336e-01 -8.503675287052048226e-02
-1.562128689293590944e-01 -6.900783530929875675e-02
-1.631822205728445108e-01 -5.206770642347237354e-02
-1.682998491428630006e-01 -3.441022060772470914e-02
-1.714903878122735759e-01 -1.623976067577649271e-02
-1.727012824409263347e-01 2.231209703938947120e-03
-1.719036740842773969e-01 2.078472394178905447e-02
-1.690929863658424126e-01 3.919998828252527212e-02
-1.642892067588637706e-01 5.725612114699318161e-02
-1.575368548447746431e-01 7.473492059119100916e-02
-1.489046347768938627e-01 9.142362365920572720e-02
-1.384847734198538516e-01 1.071176211455110716e-01
-1.263920498993912900e-01 1.216230915232408005e-01
-1.127625265233111601e-01 1.347595185397372219e-01
-9.775199516266544486e-02 1.463620582230656664e-01
-8.153415715338072078e-02 1.562837227702413012e-01
-6.429855853534120758e-02 1.643973509795245702e-01
-4.624830593354809644e-02 1.705973375183462426e-01
-2.759759371956509166e-02 1.748010985422814023e-01
-8.569066026046382248e-03 1.769502467937918433e-01
1.060894559922135640e-02 1.770114601917427422e-01
2.970527038184195279e-02 1.749770367794933057e-01
4.848880241522005030e-02 1.708651204573686522e-01
6.673141999245502110e-02 1.647195941122276963e-01
8.421088169604605544e-02 1.566096395966981025e-01
1.007136608458087529e-01 1.466289685050941594e-01
1.160376805149949953e-01 1.348947321604706817e-01
1.299949124583212878e-01 1.215461236048449162e-01
1.424138049405341555e-01 1.067426886103931827e-01
1.531415065900023631e-01 9.066236674328172207e-02
1.620458560012462135e-01 7.349928725633436688e-02
1.690171098391776150e-01 5.546134800809485177e-02
1.739693856156956930e-01 3.676760865450023202e-02
1.768417990700307807e-01 1.764553199090504107e-02
1.775992801366271800e-01 -1.671890502105029090e-03
1.762330557727624925e-01 -2.094909116815268577e-02
1.727607923833581471e-01 -3.995091782500720390e-02
1.672263951605862942e-01 -5.844562499850722986e-02
1.596994662871374371e-01 -7.620782508504944652e-02
1.502744285696262228e-01 -9.302136023427874656e-02
1.390693256078494588e-01 -1.086820567319961572e-01
1.262243140026088062e-01 -1.230003251806468106e-01
1.118998672975837216e-01 -1.358035718011189608e-01
9.627471742732741922e-02 -1.469383926158151221e-01
7.954355248211072982e-02 -1.562725104527440956e-01
6.191451032651428682e-02 -1.636964338626853976e-01
4.360650308945683562e-02 -1.691248260349753063e-01
2.484640068505361565e-02 -1.724975540966670051e-01
5.866113911713250959e-03 -1.737804083035278113e-01
-1.310038397356474288e-02 -1.729654817922733623e-01
-3.182005748580567922e-02 -1.700712061706941558e-01
-5.006379095318294614e-02 -1.651420428951583252e-01
-6.760931265219526087e-02 -1.582478350578402915e-01
-8.424402214707610304e-02 -1.494828288132869776e-01
-9.976768330730363676e-02 -1.389643781509020681e-01
-1.139949473585505357e-01 -1.268313510037371861e-01
-1.267576726950141175e-01 -1.132422587145132664e-01
-1.379070110111227931e-01 -9.837313460053644099e-02
-1.473152325579583921e-01 -8.241519071807243413e-02
-1.548772669482508801e-01 -6.557228487691060814e-02
-1.605119398720947221e-01 -4.805823245627202644e-02
-1.641628902877080576e-01 -3.009399958933341515e-02
-1.657991570579811780e-01 -1.190481578785210735e-02
-1.654154285517771550e-01 6.282754949583368304e-03
-1.630319533545353250e-01 2.424374507489296046e-02
-1.586941148702913917e-01 4.175767712499248857e-02
-1.524716771812744120e-01 5.861138137387762737e-02
-1.444577139971790491e-01 7.460170002730698302e-02
-1.347672399126874088e-01 8.953804758293271160e-02
-1.235355521769196385e-01 1.032447790264525156e-01
-1.109163194291870602e-01 1.155633416449000361e-01
-9.707944754398317722e-02 1.263541966750776346e-01
-8.220874211022435873e-02 1.354984707629169616e-01
-6.649940467720895365e-02 1.428993212188368611e-01
-5.015539772509772926e-02 1.484829985977298428e-01
-3.338671491060046098e-02 1.521995943963962705e-01
-1.640659421160711728e-02 1.540234660735805283e-01
5.712878651378561776e-04 1.539533360948998897e-01
1.733560284673112822e-02 1.520120662225568076e-01
3.368009999335441068e-02 1.482461127434088477e-01
4.940624255794069664e-02 1.427246726952887401e-01
6.432571559492497593e-02 1.355385353487605360e-01
7.826277235352185890e-02 1.267986571708327181e-01
9.105638878781052714e-02 1.166344821831762912e-01
1.025621986245068007e-01 1.051920329791139752e-01
1.126541847055897300e-01 9.263180063514510343e-02
1.212261059177633937e-01 7.912646430389141949e-02
1.281926428805399698e-01 6.485847337224782960e-02
1.334902496324629761e-01 5.001752668411400121e-02
1.370777027708568463e-01 3.479798444144854841e-02
1.389363438029227460e-01 1.939624899798853344e-02
1.390700147925159891e-01 4.008150841826612146e-03
1.375046916750684300e-01 -1.117362437126094565e-02
1.342878284899695351e-01 -2.596203887647526021e-02
1.294874080590766585e-01 -4.017808630645061663e-02
1.231907319051867983e-01 -5.365303022351779888e-02
1.155029751874177002e-01 -6.623048494817128373e-02
1.065455140183759752e-01 -7.776829471640961389e-02
9.645405715349197884e-02 -8.814019251406408906e-02
8.537661053297765368e-02 -9.723721849375817350e-02
7.347130518238836894e-02 -1.049688815133276165e-01
6.090412054425276001e-02 -1.112640511663449128e-01
4.784653640202662928e-02 -1.160715716482621923e-01
3.447314715721983003e-02 -1.193605928563968854e-01
2.095927232676879012e-02 -1.211206181985733932e-01
7.478596743731883052e-03 -1.213612726239188949e-01
-5.799126919476927690e-03 -1.201117983313395449e-01
-1.871028201244546302e-02 -1.174202893997353669e-01
-3.109946862457527855e-02 -1.133526801649868132e-01
-4.282143380394262677e-02 -1.079915054916226747e-01
-5.374282646634283289e-02 -1.014344541055928889e-01
-6.374375505858675961e-02 -9.379273882740250812e-02
-7.271912919948007870e-02 -8.518930983621821051e-02
-8.057976991592485927e-02 -7.575693897565319301e-02
-8.725327666738846855e-02 -6.563620455741259185e-02
-9.268464305452710217e-02 -5.497340711320100604e-02
-9.683661688058282924e-02 -4.391844707853227031e-02
-9.968980402030802601e-02 -3.262269546162598066e-02
-1.012425256669728102e-01 -2.123688235972608085e-02
-1.015104137681963475e-01 -9.909047746137293264e-03
-1.005257743383426439e-01 1.217420674306752019e-03
-9.833674193217489812e-02 1.200565274476714413e-02
-9.500622106224981822e-02 2.232702324898512905e-02
-9.061064151351534701e-02 3.206272316520771687e-02
-8.523854937535688125e-02 4.110515503708365992e-02
-7.898905766577034304e-02 4.935913566434661087e-02
-7.197018208783026449e-02 5.674289247154973292e-02
-6.429708871485405319e-02 6.318884322634510387e-02
-5.609028123374695807e-02 6.864415219746988761e-02
-4.747375577871505714e-02 7.307105931328981840e-02
-3.857315135929889616e-02 7.644698235085066462e-02
-2.951392343356578143e-02 7.876439559987413741e-02
-2.041956731183323936e-02 8.003049175441671881e-02
-1.140991681723934302e-02 8.026663693760011098e-02
-2.599542001456350490e-03 7.950763171548785868e-02
5.903732253095025050e-03 7.780079366201797519e-02
1.400016718403634952e-02 7.520487945939595409e-02
2.159929362781365381e-02 7.178886662382022443e-02
2.862092375858019122e-02 6.763061670648794210e-02
3.499597975209727679e-02 6.281544321185701663e-02
4.066713109989747443e-02 5.743460848246471212e-02
4.558923543718269855e-02 5.158377441179254341e-02
4.972958091377079753e-02 4.536143205958287350e-02
5.306793890255410290e-02 3.886733032896926010e-02
5.559640596398993106e-02 3.220093882588025147e-02
5.731906283210415343e-02 2.545996800075208885e-02
5.825147347559479771e-02 1.873895305028044911e-02
5.842001237685892634e-02 1.212793463215688060e-02
5.786104345070072763e-02 5.711252043213006085e-03
5.661996755866480213e-02 -4.335348191716497431e-04
5.475015732614892106e-02 -6.236580805398322068e-03
5.231179938969571230e-02 -1.163653685984645560e-02
4.937066527295126683e-02 -1.658116878621461801e-02
4.599683279929370205e-02 -2.102780767847765853e-02
4.226338029063061996e-02 -2.494362913424121031e-02
3.824507577491471910e-02 -2.830576123557601576e-02
3.401708303503206410e-02 -3.110122410213696231e-02
2.965370559020510943e-02 -3.332670654726337806e-02
2.522718862482611901e-02 -3.498818795658286546e-02
2.080659749085540106e-02 -3.610041591986663106e-02
1.645678973556512562e-02 -3.668625234332027751e-02
1.223749567786926173e-02 -3.677590271784769022e-02
8.202520408941827920e-03 -3.640604489022381679e-02
4.399077764687971299e-03 -3.561887505453978364e-02
8.672643498593848128e-04 -3.446108973190732672e-02
-2.360320870975444064e-03 -3.298282322385282656e-02
-5.258808517792549521e-03 -3.123656040136434109e-02
-7.811142002792027111e-03 -2.927604472512216477e-02
-1.000802241817978257e-02 -2.715519782493935538e-02
-1.184769382198433418e-02 -2.492707573905358909e-02
-1.333559598639684485e-02 -2.264288294269295454e-02
-1.448390912149017523e-02 -2.035104818748864619e-02
-1.531097655453616917e-02 -1.809638540229802084e-02
-1.584062731498878801e-02 -1.591935180910943742e-02
-1.610141347238271126e-02 -1.385541475752112041e-02
-1.612577834847693167e-02 -1.193453663858090250e-02
-1.594917270107088988e-02 -1.018078496071581247e-02
-1.560913664142419589e-02 -8.612072297449755928e-03
-1.514436539184602949e-02 -7.240028390215706884e-03
-1.459377701197985336e-02 -6.070004252030373505e-03
-1.399559992428650937e-02 -5.101205711162001832e-03
-1.338649745927752467e-02 -4.326951499404320736e-03
-1.280074573247770402e-02 -3.735048766846198447e-03
-1.226947997617139352e-02 -3.308276831604900579e-03
-1.182002300262376127e-02 -3.024968083581890815e-03
-1.147530779878835894e-02 -2.859673287232759355e-03
-1.125340437641514889e-02 -2.783897097100862528e-03
-1.116715896005631738e-02 -2.766888434610943921e-03
-1.122395142544922383e-02 -2.776469493828993482e-03
-1.142557464084441310e-02 -2.779886561073127704e-03
-1.176823705407170281e-02 -2.744665556765492950e-03
-1.224268754919405171e-02 -2.639455240780723237e-03
-1.283445930912224808e-02 -2.434841362530666600e-03
-1.352421943419122689e-02 -2.104117568653369585e-03
-1.428824123959546860e-02 -1.623995767872923705e-03
-1.509897201637021291e-02 -9.752365623839744438e-04
-1.592566968582755441e-02 -1.431968076150115445e-04
-1.673511961761067063e-02 8.817204694982482297e-04
-1.749240936416609701e-02 2.103722722891093050e-03
-1.816174602069875119e-02 3.521398085205614068e-03
-1.870730012810034246e-02 5.127603951053149971e-03
-1.909405953645880449e-02 6.909476566568656906e-03
-1.928867644679730861e-02 8.848561981929944920e-03
-1.926029095172404615e-02 1.092106645407570076e-02
-1.898131479953920481e-02 1.309822215207278109e-02
-1.842815980368686657e-02 1.534676185668423266e-02
-1.758189629788333569e-02 1.762949429659354042e-02
-1.642882827956091210e-02 1.990596986239380473e-02
-1.496097336869215214e-02 2.213322471924890344e-02
-1.317643740968182410e-02 2.426658983033121858e-02
-1.107967543120974042e-02 2.626055013233390481e-02
-8.681632719821969282e-03 2.806963809407123783e-02
-5.999761922199170483e-03 2.964934515746452462e-02
-3.057914330823179733e-03 3.095703412031615767e-02
1.138942107519953003e-04 3.195283538044325217e-02
3.479840063350571420e-03 3.260051012410111054e-02
6.998766243049263890e-03 3.286826400606861209e-02
1.062476743359925917e-02 3.272949562703491438e-02
1.430786948793725394e-02 3.216346616888220850e-02
1.799481377040776028e-02 3.115587695345996624e-02
2.162991857045163530e-02 2.969933695307263102e-02
2.515598936460741383e-02 2.779371733818383761e-02
2.851528360336000323e-02 2.544638349778483022e-02
3.165050649250110426e-02 2.267229795628693256e-02
3.450582049192964240e-02 1.949399042909031807e-02
3.702785083875267252e-02 1.594139356161236240e-02
3.916666929045126144e-02 1.205154524036049224e-02
4.087673848110943281e-02 7.868160709491830648e-03
4.211779978739084440e-02 3.441080031980881925e-03
4.285568840400813539e-02 -1.174401338723281675e-03
4.306306041864885192e-02 -5.918309001351720888e-03
4.272001803660795821e-02 -1.072686123339675578e-02
4.181462071395136010e-02 -1.553342220438458376e-02
4.034327178886461945e-02 -2.026952163125568529e-02
3.831097222401356334e-02 -2.486592443100232863e-02
3.573143525497114031e-02 -2.925373289602524463e-02
3.262705804493603451e-02 -3.336550317762891626e-02
2.902874883573517556e-02 -3.713635742693102704e-02
2.497561051952069261e-02 -4.050507281940494281e-02
2.051448399376771051e-02 -4.341512888325888692e-02
1.569935706304143724e-02 -4.581569506155595828e-02
1.059064697381796073e-02 -4.766254125674088821e-02
5.254366873837614145e-03 -4.891885522219545368e-02
-2.388056221863510257e-04 -4.955595284678404600e-02
-5.814561738131586444e-03 -4.955386860374984270e-02
-1.139606822069250125e-02 -4.890180949652069009e-02
-1.690511835357175544e-02 -4.759846936453813321e-02
-2.226332698918830066e-02 -4.565219566088624115e-02
-2.739334456707608056e-02 -4.308100366271470916e-02
-3.222007048770438725e-02 -3.991243614354327701e-02
-3.667184603583256708e-02 -3.618326907153362332e-02
-4.068160720038922762e-02 -3.193906644309933013e-02
-4.418797821778274598e-02 -2.723358987454131686e-02
-4.713628746661394087e-02 -2.212807101383107086e-02
-4.947948845273514307e-02 -1.669035715928380778e-02
-5.117897002802854201e-02 -1.099394264242746846e-02
-5.220524166279012779e-02 -5.116900511987941373e-03
-5.253848151418260420e-02 8.592691893609651294e-04
-5.216893717166524308e-02 6.850856764392854355e-03
-5.109717128068561043e-02 1.277320680797034563e-02
-4.933414671109991739e-02 1.854200883768394523e-02
-4.690114850707540611e-02 2.407459409130749753e-02
-4.382954248896443750e-02 2.929121771214294317e-02
-4.016037303190363172e-02 3.411630562011697121e-02
-3.594380517718410301e-02 3.847964578261430652e-02
-3.123841879744919739e-02 4.231750434974863861e-02
-2.611036499298731439e-02 4.557364819379969290e-02
-2.063239720287524809e-02 4.820025677622119531e-02
-1.488279663851883351e-02 5.015870903277461212e-02
-8.944192751776002676e-03 5.142023085869402987e-02
-2.902308220862303417e-03 5.196638793757153707e-02
3.155342200909765169e-03 5.178942108063760291e-02
9.140794003526514847e-03 5.089241546511868997e-02
1.496699000962457664e-02 4.928929990733442457e-02
2.054913061754190529e-02 4.700467512413900040e-02
2.580599555519565158e-02 4.407347269210484808e-02
3.066121582781031890e-02 4.054044915867027060e-02
3.504447521663204418e-02 3.645952244851369262e-02
3.889262169909311895e-02 3.189296029755769868e-02
4.215067049886490891e-02 2.691043289350962542e-02
4.477268211689402339e-02 2.158794416508070038e-02
4.672250061685576106e-02 1.600665820414379562e-02
4.797433961075869141e-02 1.025163909162188532e-02
4.851320577877905882e-02 4.410523898382155521e-03
4.833515232416671359e-02 -1.427850179141485105e-03
4.744735746851233560e-02 -7.174842733489947451e-03
4.586802589163331556e-02 -1.274340878919063072e-02
4.362611386888112786e-02 -1.804947670491012165e-02
4.076088171081770906e-02 -2.301328308109316240e-02
3.732127991965984715e-02 -2.756064299688101502e-02
3.336517819786375544e-02 -3.162413483193367986e-02
2.895844903206515331e-02 -3.514418020181441643e-02
2.417391998760401450e-02 -3.807000113103280875e-02
1.909021562413114326e-02 -4.036044015371910432e-02
1.379049256942138993e-02 -4.198462664672551747e-02
8.361098809723306602e-03 -4.292247561974881637e-02
2.890187077665536119e-03 -4.316501720449038987e-02
-2.533709793723568082e-03 -4.271454672279310916e-02
-7.823113752796552120e-03 -4.158459269286307602e-02
-1.289302343364303986e-02 -3.979970250644578045e-02
-1.766229996186003889e-02 -3.739504846345587108e-02
-2.205499400767190268e-02 -3.441585977666105495e-02
-2.600159226894185882e-02 -3.091668901007007739e-02
-2.944016276119738873e-02 -2.696052414413555032e-02
-3.231737982698167783e-02 -2.261776002392246535e-02
-3.458941162964704330e-02 -1.796504530063429070e-02
-3.622265503891280297e-02 -1.308402308312179609e-02
-3.719430521405430595e-02 -8.059985338777612279e-03
-3.749274980811510144e-02 -2.980462591527804732e-03
-3.711778051194266487e-02 2.066228367670009270e-03
-3.608061758593435892e-02 6.992455236082962058e-03
-3.440374604357348404e-02 1.171273546855981437e-02
-3.212056520589753189e-02 1.614517206490755780e-02
-2.927485639084514979e-02 2.021283622316154618e-02
-2.592007648672274914e-02 2.384507393558639790e-02
-2.211848803632655500e-02 2.697871470864641325e-02
-1.794013918047411213e-02 2.955916205236361338e-02
-1.346170933201457955e-02 3.154134718689353273e-02
-8.765243275381320864e-03 3.289053174960038239e-02
-3.936778983386219830e-03 3.358294089899886009e-02
9.350973769307609857e-04 3.360621417781270437e-02
5.760737864417864694e-03 3.295967375661678495e-02
1.045095089777212452e-02 3.165439875515055346e-02
1.491852139959265813e-02 2.971310426148082717e-02
1.907970800494686314e-02 2.716982572795609285e-02
2.285569259465541903e-02 2.406941259216432982e-02
2.617395802023774268e-02 2.046683809877859750e-02
2.896957088785112253e-02 1.642633533368901416e-02
3.118634764895106271e-02 1.202037237583360348e-02
3.277788398599883884e-02 7.328482177283291224e-03
3.370842955663236329e-02 2.435965253776680231e-03
3.395359253811336409e-02 -2.567514535087996822e-03
3.350086105932497532e-02 -7.589418951418553001e-03
3.234993147941569308e-02 -1.253588538421843493e-02
3.051283652580446745e-02 -1.731331301727259686e-02
2.801386949193257481e-02 -2.182995950391068696e-02
2.488930396672230094e-02 -2.599752212084745565e-02
2.118691187139653750e-02 -2.973267741685321069e-02
1.696528586251825482e-02 -3.295855383313883030e-02
1.229297537019748837e-02 -3.560611264643043228e-02
7.247448625679918550e-03 -3.761541386153890998e-02
1.913895942894645267e-03 -3.893674534014506666e-02
-3.616107793596459730e-03 -3.953159547264003398e-02
-9.246056337207380835e-03 -3.937345461931168050e-02
-1.487607404673118618e-02 -3.844842508726328129e-02
-2.040455000559347754e-02 -3.675562713385074204e-02
-2.572981026222745035e-02 -3.430740133020884070e-02
-3.075181661492678784e-02 -3.112929516342842831e-02
-3.537385950339052426e-02 -2.725983325554577966e-02
-3.950421762053939190e-02 -2.275007262463483657e-02
-4.305775713946239508e-02 -1.766294786276417089e-02
-4.595744416445463748e-02 -1.207241450517710681e-02
-4.813574515376231600e-02 -6.062402160626196093e-03
-4.953589160982645179e-02 2.744078884771475975e-04
-5.011298726894578698e-02 6.837962976209652557e-03
-4.983493831853255673e-02 1.352235691770059534e-02
-4.868318979284869813e-02 2.021746275545178995e-02
-4.665325420827956537e-02 2.681065565673834347e-02
-4.375502165305942409e-02 3.318859956661514982e-02
-4.001284389605951064e-02 3.923906995828502914e-02
-3.546538857355237273e-02 4.485278418452424976e-02
-3.016526309797016442e-02 4.992521053665176928e-02
-2.417841155303967690e-02 5.435832717051787555e-02
-1.758329143886297116e-02 5.806230256453606686e-02
-1.046984065203685442e-02 6.095707012816475173e-02
-2.938248474222534580e-03 6.297377096870092339e-02
4.902452456145726944e-03 6.405604063117170677e-02
1.293595325132894207e-02 6.416111782526025265e-02
2.104036743431438386e-02 6.326075842487881296e-02
2.909005237062674276e-02 6.134193229761956273e-02
3.695751365184024584e-02 5.840728898528212837e-02
4.451535524498781426e-02 5.447539165703563224e-02
5.163826141460762381e-02 4.958070584668942959e-02
5.820497464241598806e-02 4.377334178079513027e-02
6.410023895198924127e-02 3.711855138858521225e-02
6.921667828233310504e-02 2.969598487824280653e-02
7.345658026054324719e-02 2.159871551279886337e-02
7.673355689218450126e-02 1.293204486493634148e-02
7.897405530360869508e-02 3.812104316293605643e-03
8.011869371129534678e-02 -5.635728161185139459e-03
8.012340023086327034e-02 -1.527857389842496132e-02
7.896033493781859369e-02 -2.497793736157076505e-02
7.661857871278653087e-02 -3.459170085351936236e-02
7.310457580015816692e-02 -4.397620107531081957e-02
6.844232063056648885e-02 -5.298835702622797794e-02
6.267328325044532744e-02 -6.148781766292185647e-02
5.585607160927093251e-02 -6.933909715161776233e-02
4.806583291807137170e-02 -7.641366544529698546e-02
3.939340025139589224e-02 -8.259196230420252915e-02
2.994419445887244735e-02 -8.776530375012998875e-02
1.983689522221292190e-02 -9.183765129233609215e-02
9.201898681098668806e-03 -9.472721606786253801e-02
-1.820417598659889412e-03 -9.636787227690268853e-02
-1.308159348672468039e-02 -9.671035971856307978e-02
-2.442713889338646305e-02 -9.572324935076255426e-02
-3.569869806445107735e-02 -9.339365470693816729e-02
-4.673628599145412954e-02 -8.972768570034050928e-02
-5.738058055767086829e-02 -8.475062828074382548e-02
-6.747523161594652652e-02 -7.850684623178086352e-02
-7.686915319514092682e-02 -7.105940392568067809e-02
-8.541876502406620109e-02 -6.248941297539223338e-02
-9.299015005772481857e-02 -5.289510982852792254e-02
-9.946109568540192902e-02 -4.239067537161873844e-02
-1.047229877811590992e-01 -3.110481149618095700e-02
-1.086825287045591892e-01 -1.917909326133424019e-02
-1.112632527460042375e-01 -6.766118715236198178e-03
-1.124068153031549805e-01 5.972518442877330740e-03
-1.120740352325801797e-01 1.886840541455984954e-02
-1.102456732984898324e-01 3.174860575719275907e-02
-1.069229333876559607e-01 4.443804150143214338e-02
-1.021276771217310420e-01 5.676192822586944436e-02
-9.590234661706908970e-02 6.854822840835121667e-02
-8.830959435728893969e-02 7.963008790331650710e-02
-7.943162339305222253e-02 8.984822043841618477e-02
-6.936924530401689104e-02 9.905320558262505071e-02
-5.824066748715141240e-02 1.071076667053799253e-01
-4.618002531225517959e-02 1.138882970077508133e-01
-3.333567845046050276e-02 1.192877037406411267e-01
-1.986829919182582158e-02 1.232160461521319972e-01
-5.948762116501802796e-03 1.256024360513855465e-01
8.244122664601115022e-03 1.263960795119624114e-01
2.252599288059402988e-02 1.255671519837829042e-01
3.670941693608074929e-02 1.231073851603185221e-01
5.060643603059166579e-02 1.190303575153615068e-01
6.403112996617014996e-02 1.133714829180985095e-01
7.680217058086941107e-02 1.061876960325129071e-01
8.874532680020405517e-02 9.755683753328600605e-02
9.969588587350863840e-02 8.757674646208724045e-02
1.095009564498808929e-01 7.636407124265352786e-02
1.180216207335298001e-01 6.405281490900759100e-02
1.251349050181923273e-01 5.079263391952321127e-02
1.307355404051010750e-01 3.674691347447326534e-02
1.347374884224849523e-01 2.209064547440825477e-02
1.370752095444451590e-01 7.008138104236076929e-03
1.377046562056099821e-01 -8.309411538258920996e-03
1.366039757728925719e-01 -2.366644836586582687e-02
1.337739130107330199e-01 -3.886565886667200931e-02
1.292379058021469740e-01 -5.371060339166813802e-02
1.230418722033531920e-01 -6.800834475285646996e-02
1.152536912520502749e-01 -8.157203674597646170e-02
1.059623842556323692e-01 -9.422343675800001761e-02
9.527700749348422260e-02 -1.057953076766216527e-01
8.332527131622818883e-02 -1.161336758710681538e-01
7.025190959490427989e-02 -1.250999172989147312e-01
5.621680474300624897e-02 -1.325726355242982102e-01
4.139290798816018524e-02 -1.384493060049511726e-01
2.596399202479154553e-02 -1.426476747758322061e-01
1.012225053273718006e-02 -1.451068836968817111e-01
-5.934216738941001240e-03 -1.457883089843067526e-01
-2.200399884187401178e-02 -1.446761017732881294e-01
-3.788501292276006543e-02 -1.417774236285530010e-01
-5.337715187057299332e-02 -1.371223741764617809e-01
-6.828490421454673498e-02 -1.307636123165768771e-01
-8.241991065089709911e-02 -1.227756767204081917e-01
-9.560342255779274989e-02 -1.132540154792446851e-01
-1.076686293249964621e-01 -1.023137387624247774e-01
-1.184628232536995562e-01 -9.008811213531689455e-02
-1.278493731435403347e-01 -7.672681170927950212e-02
-1.357094804416533185e-01 -6.239396550470385772e-02
-1.419436949412853921e-01 -4.726600825848736170e-02
-1.464731704385363320e-01 -3.152937936000334979e-02
-1.492406444343948591e-01 -1.537809562186281433e-02
-1.502111298512363580e-01 9.887678429495499934e-04
-1.493723107615416990e-01 1.736965427728559205e-02
-1.467346382431460317e-01 3.356312450960707156e-02
-1.423311266203549641e-01 4.937044369259174781e-02
-1.362168544642628210e-01 6.459812087359113886e-02
-1.284681787499263039e-01 7.906036759138086734e-02
-1.191816800008767968e-01 9.258144663794737328e-02
-1.084728358012708310e-01 1.049978719921793452e-01
-9.647445733624938902e-02 1.161604318146280124e-01
-8.333492078770729505e-02 1.259360204466803412e-01
-6.921620106321772770e-02 1.342092467188041871e-01
-5.429174179363878416e-02 1.408838010447868438e-01
-3.874419128727418782e-02 1.458835650100749615e-01
-2.276303569261471302e-02 1.491534508231678602e-01
-6.542161734080027997e-03 1.506599618013834685e-01
9.722617965651497371e-03 1.503914689504619595e-01
2.583604378178840089e-02 1.483582026149462274e-01
4.160585929127003091e-02 1.445919620667771299e-01
5.684520061413980696e-02 1.391455497077515868e-01
7.137489390373656650e-02 1.320919402338568416e-01
8.502563159738454890e-02 1.235231985950393102e-01
9.764000003080412771e-02 1.135491638349997862e-01
1.090743333689732641e-01 1.022959188684392368e-01
1.192003714756192378e-01 8.990406890869351297e-02
1.279067022906414941e-01 7.652685356286094420e-02
1.350999724637399757e-01 6.232811953592009430e-02
1.407058533547330126e-01 4.748018240744521917e-02
1.446697530057805547e-01 3.216160704802145665e-02
1.469572682660184593e-01 1.655493691738410891e-02
1.475543748524978660e-01 8.444027291265735272e-04
1.464673567106630769e-01 -1.478635921958403043e-02
1.437224858608288358e-01 -3.015655307509356939e-02
1.393654400507552404e-01 -4.509039685351703963e-02
1.334604865406923968e-01 -5.941919564149297783e-02
1.260894574120997313e-01 -7.298330167919546418e-02
1.173505134011726264e-01 -8.563392799758953733e-02
1.073567229123973815e-01 -9.723479669779333534e-02
9.623447798068783532e-02 -1.076636034142772758e-01
8.412177073734007637e-02 -1.168132823334028791e-01
7.116635535767550091e-02 -1.245930591329486581e-01
5.752382151301146940e-02 -1.309292823203560274e-01
4.335560600857825408e-02 -1.357660266300813878e-01
2.882696956017896314e-02 -1.390654653460774437e-01
1.410496554959176155e-02 -1.408080115970049284e-01
-6.435728885953843643e-04 -1.409922317834778338e-01
-1.525400194290098266e-02 -1.396345372945519969e-01
-2.956576804417553397e-02 -1.367686635134306439e-01
-4.342421780979009022e-02 -1.324449477617973547e-01
-5.668229598122467849e-02 -1.267294202538007675e-01
-6.920211236320268633e-02 -1.197027242941350045e-01
-8.085636102921001100e-02 -1.114588838340978133e-01
-9.152957749346889160e-02 -1.021039380740447755e-01
-1.011192221228438409e-01 -9.175446405446406606e-02
-1.095365807321740381e-01 -8.053600910040516203e-02
-1.167074760310290449e-01 -6.858145556995846881e-02
-1.225727863268677720e-01 -5.602934060695503871e-02
-1.270887778603561336e-01 -4.302215022251461990e-02
-1.302272289493812962e-01 -2.970461648994711379e-02
-1.319753684015275708e-01 -1.622204161976104411e-02
-1.323356481980908494e-01 -2.718657044701634079e-03
-1.313253363529518492e-01 1.066395487263386427e-02
-1.289759486991176873e-01 2.378836029881069639e-02
-1.253325322998999902e-01 3.652267850273307331e-02
-1.204528147236929858e-01 4.874187736444345748e-02
-1.144062347005305319e-01 6.032894765432472023e-02
-1.072728706837781376e-01 7.117594603455651425e-02
-9.914228456492889252e-02 8.118489891918875823e-02
-9.011229823172731135e-02 9.026856154475021432e-02
-8.028772082258435472e-02 9.835102881406701525e-02
-6.977904442076215963e-02 1.053681966472035936e-01
-5.870112556167461637e-02 1.112680746720678127e-01
-4.717186931141435779e-02 1.160109530823621588e-01
-3.531093183342737252e-02 1.195694283539844305e-01
-2.323845631546103338e-02 1.219282942175378137e-01
-1.107385590558544741e-02 1.230843058125450362e-01
1.065344068410090279e-03 1.230458262802499037e-01
1.306459381856540231e-02 1.218323661724657198e-01
2.481332756606663761e-02 1.194740269537802740e-01
3.620588522069970866e-02 1.160108605477255667e-01
4.714234141046404203e-02 1.114921573225763213e-01
5.752923768070126315e-02 1.059756751316843354e-01
6.728022333361131924e-02 9.952681982314992570e-02
7.631657867006147455e-02 9.221779254990437880e-02
8.456763950529222473e-02 8.412672110125823943e-02
9.197114064796406419e-02 7.533677618380671404e-02
9.847345658386359724e-02 6.593528814571761321e-02
1.040297520498588285e-01 5.601287362278552229e-02
1.086040478326066455e-01 4.566258089545233156e-02
1.121692079233201494e-01 3.497906166251992660e-02
1.147068547792624155e-01 2.405777579104783140e-02
1.162072198811755358e-01 1.299423441929375804e-02
1.166689370339410170e-01 1.883285596758810720e-03
1.160987859393842608e-01 -9.181554531953821027e-03
1.145113934827361596e-01 -2.010872313018458729e-02
1.119288999285423802e-01 -3.080918386449273474e-02
1.083805968314461854e-01 -4.119695208832847844e-02
1.039025429486268443e-01 -5.118957309880074746e-02
9.853716381239729927e-02 -6.070855532159724621e-02
9.233283990408291952e-02 -6.967976091842940922e-02
8.534348758576586202e-02 -7.803375680993475394e-02
7.762813611775926104e-02 -8.570612945840404284e-02
6.925050324020180781e-02 -9.263776695609121647e-02
6.027857095040045632e-02 -9.877511201671214380e-02
5.078416228646633057e-02 -1.040703893739589880e-01
4.084251915443334185e-02 -1.084818108586426827e-01
3.053188053107740163e-02 -1.119737610657324245e-01
1.993305168486524809e-02 -1.145169654701009149e-01
9.128987377000883502e-03 -1.160886408499157973e-01
-1.795629696034344719e-03 -1.166726376372975021e-01
-1.275483467507271956e-02 -1.162595677153369922e-01
-2.366182829272427818e-02 -1.148469172206862537e-01
-3.442943720234657723e-02 -1.124391445976436477e-01
-4.497058929789701787e-02 -1.090477620871896092e-01
-5.519880614043636696e-02 -1.046913980946696521e-01
-6.502871416940725346e-02 -9.939583719104780335e-02
-7.437657581055699685e-02 -9.319403388647329312e-02
-8.316084090912922999e-02 -8.612609579158142514e-02
-9.130271813125173663e-02 -7.823923136995181160e-02
-9.872676510550398854e-02 -6.958765720073785410e-02
-1.053614951400001498e-01 -6.023245952735594572e-02
-1.111399973694697368e-01 -5.024140487711593883e-02
-1.160005661848350356e-01 -3.968869470547045641e-02
-1.198873347988572702e-01 -2.865465935149527285e-02
-1.227509068303702516e-01 -1.722538708910713312e-02
-1.245489788713887713e-01 -5.492284718651716316e-03
-1.252469461606146306e-01 6.448433040461933226e-03
-1.248184827473209080e-01 1.849632713332019160e-02
-1.232460869137216170e-01 3.054739141163723831e-02
-1.205215821523397679e-01 4.249478300571260525e-02
-1.166465636859481542e-01 5.422962398952181629e-02
-1.116327803870972302e-01 6.564187111961809762e-02
-1.055024348707346293e-01 7.662125010853138019e-02
-9.828841312247160733e-02 8.705824164629423489e-02
-9.003442150835747060e-02 9.684512219151525381e-02
-8.079500636854325402e-02 1.058770479189828917e-01
-7.063546996427588764e-02 1.140531663546986707e-01
-5.963166933507191292e-02 1.212777468137221232e-01
-4.786969262399843467e-02 1.274613168744676006e-01
-3.544540887811317015e-02 1.325217911197610066e-01
-2.246388893896479957e-02 1.363855775432065709e-01
-9.038696783533431423e-03 1.389886463824397123e-01
4.708947465283172019e-03 1.402775457191958453e-01
1.865112969481595023e-02 1.402103479972095224e-01
3.265432396059824577e-02 1.387575116666519282e-01
4.658058745586626803e-02 1.359026424781635545e-01
6.028885908551806505e-02 1.316431395264369419e-01
7.363635046366705239e-02 1.259907119843524936e-01
8.648001625774638657e-02 1.189717535709546303e-01
9.867808901802271881e-02 1.106275631526343894e-01
1.100916619930366880e-01 1.010144014747964142e-01
1.205863019712515999e-01 9.020337584465837333e-02
1.300336729374541311e-01 7.828014661396942575e-02
1.383131503171123045e-01 6.534445151865185542e-02
1.453134048278149071e-01 5.150944629223985077e-02
1.509339344854585818e-01 3.690086244976662627e-02
1.550865231414210732e-01 2.165598570380263682e-02
1.576965988369075922e-01 5.922458863295691246e-03
1.587044858581237172e-01 -1.014307292889632048e-02
1.580665224264753976e-01 -2.637647384563739095e-02
1.557560122121743051e-01 -4.260777320239206301e-02
1.517640074197110778e-01 -5.866294118177670103e-02
1.460999028792237531e-01 -7.436576935901326180e-02
1.387918272113098650e-01 -8.953983548517707725e-02
1.298868194221594052e-01 -1.040105301486840272e-01
1.194507818150055967e-01 -1.176071213612778915e-01
1.075682028419338576e-01 -1.301648318338420596e-01
9.434164643216064183e-02 -1.415269027469799323e-01
7.989100738060164741e-02 -1.515466172044978022e-01
6.435253552252651055e-02 -1.600892563030222593e-01
4.787763461257216885e-02 -1.670339608712627377e-01
3.063144502382474099e-02 -1.722754724357735134e-01
1.279122253844343360e-02 -1.757257278587741889e-01
-5.455471431661791312e-03 -1.773152833642039072e-01
-2.391274992400927585e-02 -1.769945453114285805e-01
-4.237852978405085708e-02 -1.747347870768784228e-01
-6.064678675713608413e-02 -1.705289337417229822e-01
-7.850991050934130744e-02 -1.643920989323819359e-01
-9.576113181884271519e-02 -1.563618610890089300e-01
-1.121969925654238004e-01 -1.464982696090972591e-01
-1.276198279015465231e-01 -1.348835746887969700e-01
-1.418402291396190229e-01 -1.216216782194139978e-01
-1.546794526791082924e-01 -1.068373045604063265e-01
-1.659717505809851501e-01 -9.067490381983303593e-02
-1.755665881734598255e-01 -7.329728846238896256e-02
-1.833307107844850681e-01 -5.488401269190423121e-02
-1.891500382580056927e-01 -3.562951764063417015e-02
-1.929313574831042766e-01 -1.574105872421028771e-02
-1.946037875377492898e-01 4.563562452395772927e-03
-1.941199945803202542e-01 2.505843625696914378e-02
-1.914571365100180000e-01 4.551212517635114946e-02
-1.866175206270823395e-01 6.569035549544632868e-02
-1.796289610157123240e-01 8.535878806364577409e-02
-1.705448261023524981e-01 1.042858341171236519e-01
-1.594437707612112731e-01 1.222454809751056803e-01
-1.464291513957558244e-01 1.390200917362946764e-01
-1.316281265650888488e-01 1.544031428844492015e-01
-1.151904498912407898e-01 1.682018639794286563e-01
-9.728696612009016254e-02 1.802397443648366127e-01
-7.810782525713319546e-02 1.903588730618216707e-01
-5.786043360254251866e-02 1.984220797298474614e-01
-3.676716421208493790e-02 2.043148467417613134e-01
-1.506285275792954362e-02 2.079469650180199580e-01
7.007892094426374646e-03 2.092539092629018826e-01
2.919353188680665762e-02 2.081979116073803537e-01
5.123856084469435856e-02 2.047687163469852356e-01
7.288655136357227726e-02 1.989840024214277747e-01
9.388324418976123908e-02 1.908894636964262870e-01
1.139796459383699001e-01 1.805585448568541307e-01
1.329350942043577566e-01 1.680918302218720739e-01
1.505202494886908327e-01 1.536160885483233152e-01
1.665199766858690700e-01 1.372829849276671066e-01
1.807360780928890243e-01 1.192674719601995864e-01
1.929898418480021638e-01 9.976587758496885394e-02
2.031243717756267275e-01 7.899371104679901723e-02
2.110066671524537252e-01 5.718321233455029434e-02
2.165294238883448130e-01 3.458067397278129923e-02
2.196125319969716161e-01 1.144356724176008762e-02
2.202042479723055612e-01 -1.196249230769051361e-02
2.182820247398223334e-01 -3.536690282843112793e-02
2.138529861627965767e-01 -5.849731855147323467e-02
2.069540375975882085e-01 -8.108293610432426579e-02
1.976516086475169631e-01 -1.028577834763045873e-01
1.860410290006249134e-01 -1.235639700348146325e-01
1.722455429887432554e-01 -1.429548562459254935e-01
1.564149732097296630e-01 -1.607981025501284689e-01
1.387240481477553800e-01 -1.768785581816504082e-01
1.193704131455959883e-01 -1.910009525819396092e-01
9.857234826764744995e-02 -2.029923544220036957e-01
7.656622048546544990e-02 -2.127043660845171491e-01
5.360370116544186520e-02 -2.200150247286585814e-01
2.994878299178087636e-02 -2.248303847260710586e-01
5.874632534963900726e-03 -2.270857619901149593e-01
-1.833968140335477670e-02 -2.267466178660217102e-01
-4.241254184465331756e-02 -2.238090740727382288e-01
-6.606318079977022140e-02 -2.183000545844772933e-01
-8.901507533408831163e-02 -2.102770461789380541e-01
-1.109992999877981723e-01 -1.998274815087167644e-01
-1.317577932583377798e-01 -1.870677516099517601e-01
-1.510464968770719452e-01 -1.721418595368524040e-01
-1.686383281800182266e-01 -1.552197314389025806e-01
-1.843259479624772545e-01 -1.364952058171688409e-01
-1.979242887922073590e-01 -1.161837258479852253e-01
-2.092728118009402061e-01 -9.451976349072468975e-02
-2.182374634389420420e-01 -7.175400755019392673e-02
-2.247123075156700345e-01 -4.815035089729998580e-02
-2.286208120099738617e-01 -2.398271462371390911e-02
-2.299167745600327883e-01 4.682510167482286040e-04
-2.285848751770075404e-01 2.491854747265837347e-02
-2.246408495051703536e-01 4.908424814585732321e-02
-2.181312808112016999e-01 7.268491515206700060e-02
-2.091330137615139140e-01 9.544696981789639600e-02
-1.977521978739151531e-01 1.171069748020156648e-01
-1.841229732445117118e-01 1.374147869371727670e-01
-1.684058156900090919e-01 1.561365416289756114e-01
-1.507855627496220707e-01 1.730574318923437105e-01
-1.314691460031396641e-01 1.879842478258725025e-01
-1.106830585583797044e-01 2.007476499990834273e-01
-8.867058878254008292e-02 2.112041355376134411e-01
-6.568886041535654252e-02 2.192376821590275859e-01
-4.200571288368400158e-02 2.247610605816315332e-01
-1.789646103613081601e-02 2.277167864042379530e-01
6.359424088346350874e-03 2.280777054965462958e-01
3.048167180097045154e-02 2.258472072046204815e-01
5.419256368469835272e-02 2.210590644329611387e-01
7.722023924304387277e-02 2.137769044084417702e-01
9.930191443548395946e-02 2.040933185991445353e-01
1.201869735965815089e-01 1.921286247915102718e-01
1.396398970775023785e-01 1.780292986630826746e-01
1.574429892661742547e-01 1.619660962693968420e-01
1.733988744020223405e-01 1.441318926399512146e-01
1.873327307633452510e-01 1.247392651019225557e-01
1.990942373251805841e-01 1.040178529786602857e-01
2.085592108136421485e-01 8.221152790599366156e-02
2.156309151661018331e-01 5.957541114215370026e-02
2.202410296891780528e-01 3.637277589230094449e-02
2.223502666299969344e-01 1.287187380865548875e-02
2.219486333809018719e-01 -1.065727454853098756e-02
2.190553390634671360e-01 -3.394608539897348010e-02
2.137183497243684005e-01 -5.673057409998832901e-02
2.060136007644964296e-01 -7.875443561062979436e-02
1.960438794567418430e-01 -9.977200590358042964e-02
1.839373960397115981e-01 -1.195510756786421630e-01
1.698460560717433288e-01 -1.378755040925473685e-01
1.539434690974467168e-01 -1.545476130735902731e-01
1.364227196998972491e-01 -1.693903506864391784e-01
1.174939243374056724e-01 -1.822491797799628832e-01
9.738160928568240227e-02 -1.929936778126362940e-01
7.632194378450911365e-02 -2.015188315218624515e-01
5.455986389003274900e-02 -2.077460141255936255e-01
3.234612346177345721e-02 -2.116236368735444628e-01
9.934309161419243098e-03 -2.131274709452491423e-01
-1.242214369097639076e-02 -2.122606398674642403e-01
-3.447289806162039810e-02 -2.090532867390217930e-01
-5.597358956955220816e-02 -2.035619245538142497e-01
-7.668859429889657298e-02 -1.958684817510785714e-01
-9.639365789784959393e-02 -1.860790587484236203e-01
-1.148783560072560023e-01 -1.743224145825932048e-01
-1.319483586129347463e-01 -1.607482058553709181e-01
-1.474274737775325417e-01 -1.455250029216103858e-01
-1.611594493369094272e-01 -1.288381106324764658e-01
-1.730095144972365606e-01 -1.108872229343591392e-01
-1.828656467942016972e-01 -9.188394220303694460e-02
-1.906395535255196449e-01 -7.204919534984370599e-02
-1.962673604920863457e-01 -5.161057946410314845e-02
-1.997100046311821864e-01 -3.079967005218395976e-02
-2.009533308473507029e-01 -9.849324802328442846e-03
-2.000079013547321483e-01 1.100899205223289379e-02
-1.969085084271670061e-01 3.154781326909648215e-02
-1.917134184490193183e-01 5.154617896196980742e-02
-1.845033656406505629e-01 7.079204432694240212e-02
-1.753802972633093926e-01 8.908453706482041823e-02
-1.644658957623293394e-01 1.062360465306056989e-01
-1.518998997191666478e-01 1.220741230918952480e-01
-1.378382474845979699e-01 1.364431689590796803e-01
-1.224510690191921020e-01 1.492059047068445554e-01
-1.059205527592076285e-01 1.602445987956201690e-01
-8.843871524780087812e-02 1.694620505794695586e-01
-7.020510181960061546e-02 1.767823205094339045e-01
-5.142444680322788564e-02 1.821512044649802875e-01
-3.230432151818823927e-02 1.855364523283775102e-01
-1.305279780153636993e-02 1.869277340166596302e-01
6.123846077863448825e-03 1.863363591645576800e-01
2.502335145321850710e-02 1.837947594732807222e-01
4.344961306274782581e-02 1.793557453713394145e-01
6.121469819167088544e-02 1.730915510452646910e-01
7.814073070560746681e-02 1.650926840644415527e-01
9.406162171042729836e-02 1.554665977238109398e-01
1.088246309217496405e-01 1.443362058436980788e-01
1.222917453048763536e-01 1.318382610847127490e-01
1.343408641160895867e-01 1.181216188492624913e-01
1.448667821019924140e-01 1.033454095459618999e-01
1.537819722420999957e-01 8.767713614161552760e-02
1.610171410220732902e-01 7.129073595932138019e-02
1.665215767991834461e-01 5.436462578427273679e-02
1.702633041031622607e-01 3.707973447797461436e-02
1.722290255038427254e-01 1.961756232302521233e-02
1.724238659921303873e-01 2.158283448711260846e-03
1.708709286561521934e-01 -1.512108903931563136e-02
1.676106723190103898e-01 -3.204845701513053119e-02
1.627001234841582433e-01 -4.845829374910451404e-02
1.562119363947162276e-01 -6.419318788820851940e-02
1.482333162434776586e-01 -7.910526194653334786e-02
1.388648215640320704e-01 -9.305745418088280652e-02
1.282190625871779677e-01 -1.059246547102593861e-01
1.164193128610424149e-01 -1.175946887484546483e-01
1.035980517119793609e-01 -1.279691418274958858e-01
8.989545517354435855e-02 -1.369640238693330681e-01
7.545785284286471439e-02 -1.445102708884340448e-01
6.043616775053496648e-02 -1.505540849554385940e-01
4.498435576719450602e-02 -1.550571148004862287e-01
2.925786033471202904e-02 -1.579964810655577478e-01
1.341209742168925773e-02 -1.593646517121124484e-01
-2.399015417559744161e-03 -1.591691744402758957e-01
-1.802447313274185142e-02 -1.574322741685784954e-01
-3.331752888816316011e-02 -1.541903246514400028e-01
-4.813696115252040497e-02 -1.494932041709223502e-01
-6.234826175803295789e-02 -1.434035420746258283e-01
-7.582470981234100404e-02 -1.359958750761930402e-01
-8.844834646395385858e-02 -1.273557271899092569e-01
-1.001108612564225314e-01 -1.175786107809831116e-01
-1.107143596248309214e-01 -1.067689701821590287e-01
-1.201720183904841782e-01 -9.503907770910456632e-02
-1.284086281194817269e-01 -8.250789349987425192e-02
-1.353610223172373173e-01 -6.929990027114710238e-02
-1.409783944498025632e-01 -5.554392365247251551e-02
-1.452225047064693575e-01 -4.137194824477083421e-02
-1.480677792413040705e-01 -2.691793896649859186e-02
-1.495013053510438894e-01 -1.231667661595175697e-02
-1.495227266623710416e-01 2.297384093386306472e-03
-1.481440429143874027e-01 1.679122646079546019e-02
-1.453893193354948155e-01 3.103434682677334855e-02
-1.412943109329893310e-01 4.489978653466701608e-02
-1.359060072452756007e-01 5.826511533650107627e-02
-1.292821032588301333e-01 7.101336140505276617e-02
-1.214904022741177259e-01 8.303388372935657791e-02
-1.126081565266738443e-01 9.422318324323220029e-02
-1.027213513421452035e-01 1.044856495610973629e-01
-9.192393853816102633e-02 1.137342406691148611e-01
-8.031702469238768960e-02 1.218910933413161896e-01
-6.800801978567107275e-02 1.288880624201988734e-01
-5.510975161188894078e-02 1.346671874216029963e-01
-4.173954287096173776e-02 1.391810841806125909e-01
-2.801828197822560720e-02 1.423932597616390516e-01
-1.406947495429656039e-02 1.442783575382116656e-01
-1.826624640286992411e-05 1.448223237766373683e-01
1.400954077685465440e-02 1.440224963127251512e-01
2.788846706366570824e-02 1.418876158738290039e-01
4.149433983087585931e-02 1.384377598235846385e-01
5.470526815026549583e-02 1.337041982595111866e-01
6.740260700119919679e-02 1.277291725636975350e-01
7.947190450801937256e-02 1.205655967024191338e-01
9.080382694755324835e-02 1.122766817993108152e-01
1.012950559664243938e-01 1.029354847752464996e-01
1.108491522974354160e-01 9.262438216174567751e-02
1.193773801181085698e-01 8.143447055761417197e-02
1.267994860623033737e-01 6.946489561314228567e-02
1.330444267879912490e-01 5.682211189340487245e-02
1.380510389314014152e-01 4.361907649120769920e-02
1.417686452505440564e-01 2.997437982835740242e-02
1.441575907900084497e-01 1.601131769678819025e-02
1.451897029938795380e-01 1.856909242480153047e-03
1.448486698637891645e-01 -1.235913372281811570e-02
1.431303305126916947e-01 -2.650547999377348557e-02
1.400428728087797781e-01 -4.045028802571273840e-02
1.356069332434645947e-01 -5.406234325740630342e-02
1.298555946962184071e-01 -6.721221549234181192e-02
1.228342717624008734e-01 -7.977342868776723939e-02
1.146005003659077287e-01 -9.162362688334801941e-02
1.052236177129731720e-01 -1.026457363816273283e-01
9.478431644306739567e-02 -1.127291115872256083e-01
8.337409280203163242e-02 -1.217706482213585795e-01
7.109458357116360538e-02 -1.296758553653634960e-01
5.805679387692393167e-02 -1.363598748836973851e-01
4.438021923234494737e-02 -1.417484367196821804e-01
3.019186642860056252e-02 -1.457787386378263939e-01
1.562517918731679695e-02 -1.484002392134372017e-01
8.188757833755890567e-04 -1.495753532500533056e-01
-1.408429286465217450e-02 -1.492800393423398819e-01
-2.893885488339949241e-02 -1.475042699984422667e-01
-4.359798795573191499e-02 -1.442523755908796945e-01
-5.791493656486430830e-02 -1.395432544156802734e-01
-7.174446284334141943e-02 -1.334104422997222372e-01
-8.494431697211772547e-02 -1.259020364976250750e-01
-9.737671228020228220e-02 -1.170804700507718926e-01
-1.089097895502811469e-01 -1.070221343283547510e-01
-1.194190545568474954e-01 -9.581684911747855027e-02
-1.287887725652563098e-01 -8.356718135781722456e-02
-1.369133034152479889e-01 -7.038761540552013196e-02
-1.436983609108625770e-01 -5.640357953864222340e-02
-1.490621805476674833e-01 -4.175033525849013855e-02
-1.529365801323091245e-01 -2.657173777289794162e-02
-1.552678945629003548e-01 -1.101887572537359368e-02
-1.560177823581628542e-01 4.751389627940008110e-03
-1.551638856458152915e-01 2.057798118607657989e-02
-1.527003224599978726e-01 3.629724525069896041e-02
-1.486380134580075063e-01 5.174464938253349466e-02
-1.430048316606803427e-01 6.675652415660678074e-02
-1.358455691768972462e-01 8.117183007233461089e-02
-1.272217168992489933e-01 9.483393004215867617e-02
-1.172110552980568654e-01 1.075923472746601883e-01
-1.059070566691578952e-01 1.193044880001601638e-01
-9.341810147951329357e-02 1.298373083710664122e-01
-7.986651377450591782e-02 1.390689050146632078e-01
-6.538742293125281158e-02 1.468900091281815090e-01
-5.012746133198728304e-02 1.532053646867753693e-01
-3.424330975877871996e-02 1.579349722825956759e-01
-1.790010444383709903e-02 1.610151813217825800e-01
-1.269721717193702344e-03 1.623996147663813172e-01
1.547104195454422453e-02 1.620599123066024383e-01
3.214237507712552205e-02 1.599862797684875881e-01
4.856342046768877263e-02 1.561878346824343566e-01
6.455428668564393291e-02 1.506927402353762935e-01
7.993807845390529798e-02 1.435481222769202925e-01
9.454292228175024959e-02 1.348197666179143939e-01
1.082039631045531025e-01 1.245915965169910877e-01
1.207653076622270255e-01 1.129649329629046489e-01
1.320818891002525086e-01 1.000575416485642855e-01
1.420212331093374247e-01 8.600247978747091460e-02
1.504651014865656389e-01 7.094674877879174335e-02
1.573109876163850951e-01 5.504976412285959159e-02
1.624734478767759227e-01 3.848166304409061933e-02
1.658852494966046587e-01 2.142146609821128297e-02
1.674983184975402939e-01 4.055112894340402556e-03
1.672844735930852922e-01 -1.342660606635463251e-02
1.652359343739545627e-01 -3.083019781579070598e-02
1.613655947540659774e-01 -4.796167064917612050e-02
1.557070554525702422e-01 -6.462876716355457629e-02
1.483144122097805884e-01 -8.064319988937940220e-02
1.392617994415405180e-01 -9.582286241495104051e-02
1.286426920887938363e-01 -1.099939888623735346e-01
1.165689714769952146e-01 -1.229932348815633569e-01
1.031697640230162527e-01 -1.346696539864395692e-01
8.859006457478253715e-02 -1.448865440606781352e-01
7.298915900095236109e-02 -1.535231402004584855e-01
5.653886332552204158e-02 -1.604761317249041308e-01
3.942159918794409246e-02 -1.656609831533186195e-01
2.182832766796159035e-02 -1.690130411993311932e-01
3.956365513365880070e-03 -1.704884123391148809e-01
-1.399289048106848281e-02 -1.700645982435122772e-01
-3.181630379989560525e-02 -1.677408792884629851e-01
-4.931137503611504602e-02 -1.635384394378206485e-01
-6.627862653433636009e-02 -1.575002294051109364e-01
-8.252396521460875212e-02 -1.496905665583308509e-01
-9.786099411370581536e-02 -1.401944754685060801e-01
-1.121132447150336997e-01 -1.291167764335916790e-01
-1.251163015160431657e-01 -1.165809302028162353e-01
-1.367197920837034120e-01 -1.027276520636689616e-01
-1.467892172619172653e-01 -8.771331101722977530e-02
-1.552075980459448612e-01 -7.170813258370091481e-02
-1.618769178065980197e-01 -5.489422637626220625e-02
-1.667193410047860813e-01 -3.746346192184164814e-02
-1.696781922544480237e-01 -1.961521825932005525e-02
-1.707186825347500048e-01 -1.554034580010517841e-03
-1.698283724831775032e-01 1.651280943293388995e-02
-1.670173659795528287e-01 3.437775388074617439e-02
-1.623182306145472820e-01 5.183542920540995524e-02
-1.557856450807634519e-01 6.868510642999274551e-02
-1.474957769846789446e-01 8.473309662099187678e-02
-1.375453980080020011e-01 9.979506963999673630e-02
-1.260507467017684402e-01 1.136982631711136726e-01
-1.131461524310990313e-01 1.262835543091898327e-01
-9.898243705966036643e-02 1.374073676562954649e-01
-8.372511382925311441e-02 1.469433958796001471e-01
-6.755240551294298956e-02 1.547841110073800153e-01
-5.065310626421263424e-02 1.608420473517594707e-01
-3.322431361788604626e-02 1.650508398132433385e-01
-1.546905824103111254e-02 1.673660071122218262e-01
2.406138710772625592e-03 1.677654616621948314e-01
2.019374800295980696e-02 1.662497452980529200e-01
3.768772661405771912e-02 1.628419934938328817e-01
5.468599175717155092e-02 1.575876201594500481e-01
7.099284363849492352e-02 1.505537297907734995e-01
8.642130670177800011e-02 1.418282644817124294e-01
1.007953601507817071e-01 1.315188966866117359e-01
1.139520299649438573e-01 1.197516818602084171e-01
1.257433164081386556e-01 1.066694881576976117e-01
1.360379331530029712e-01 9.243022320849930695e-02
1.447228365757106672e-01 7.720488054653300292e-02
1.517045264859824549e-01 6.117543055318391820e-02
1.569101025084980172e-01 4.453258271660599787e-02
1.602880634854098041e-01 2.747344760689852255e-02
1.618088405833125187e-01 1.019912819014075385e-02
1.614650582176061500e-01 -7.087729060603473706e-03
1.592715204070390134e-01 -2.418539236295946110e-02
1.552649236946869182e-01 -4.089548120507832674e-02
1.495033012718564314e-01 -5.702535075275508986e-02
1.420652063719029801e-01 -7.239039429862917374e-02
1.330486463162582067e-01 -8.681623512489326788e-02
1.225697817512353266e-01 -1.001407806781373644e-01
1.107614085698290229e-01 -1.122161138314493461e-01
9.777124272899812008e-02 -1.229101982086590605e-01
8.376003098535307612e-02 -1.321083816475106532e-01
6.889950905730282682e-02 -1.397146662808791406e-01
5.337023996747041615e-02 -1.456527388451666905e-01
3.735935818979096296e-02 -1.498667599011793972e-01
2.105824643251066192e-02 -1.523218896152581658e-01
4.660176259684055758e-03 -1.530045495091577890e-01
-1.164205737804946579e-02 -1.519224186305293822e-01
-2.765847774017154634e-02 -1.491041660291053395e-01
-4.320421455777471303e-02 -1.445989248126937354e-01
-5.810171038194852922e-02 -1.384755163567721881e-01
-7.218281769637116541e-02 -1.308214364081568548e-01
-8.529076107811695007e-02 -1.217416178152351397e-01
-9.728194062531528297e-02 -1.113569873955596035e-01
-1.080275551049606347e-01 -9.980283698023949268e-02
-1.174150257770394667e-01 -8.722703092118849755e-02
-1.253492045868684623e-01 -7.378807428357025966e-02
-1.317533533478362773e-01 -5.965306754779296089e-02
-1.365698836209133238e-01 -4.499557489394796772e-02
-1.397608501927624924e-01 -2.999343402239244838e-02
-1.413081943172309340e-01 -1.482653596809355850e-02
-1.412137361710026628e-01 3.253965105346849889e-04
-1.394989192388070842e-01 1.528500364396002259e-02
-1.362043125429478196e-01 2.987942877005645564e-02
-1.313888797234112893e-01 4.394237715467341071e-02
-1.251290269176331682e-01 5.731606814589657040e-02
-1.175174461938543191e-01 6.985306251255533894e-02
-1.086617629839492088e-01 8.141792734827503486e-02
-9.868301757552942755e-02 9.188872740518369553e-02
-8.771400271800396109e-02 1.011583392914443547e-01
-7.589747292704010495e-02 1.091355576667585175e-01
-6.338425330804757507e-02 1.157459868083537957e-01
-5.033127346491359649e-02 1.209327089337838140e-01
-3.689955272337018533e-02 1.246567236985760135e-01
-2.325216320321671012e-02 1.268971563578315809e-01
-9.552197219850658630e-03 1.276512351490795838e-01
4.039234912185648251e-03 1.269340414772316128e-01
1.736495135313587818e-02 1.247780394205952326e-01
3.027356525137432988e-02 1.212323938904653481e-01
4.262124845216758162e-02 1.163620894287793472e-01
5.427337124078740471e-02 1.102468640843347752e-01
6.510599890414113522e-02 1.029799750368238231e-01
7.500722807270381043e-02 9.466681461164991318e-02
8.387834818174377816e-02 8.542339702328877182e-02
9.163481593238785583e-02 7.537473758106533195e-02
9.820703330183071234e-02 6.465314717329874450e-02
1.035409224095065750e-01 5.339646560308125567e-02
1.075982933530680169e-01 4.174625777541587229e-02
1.103570039450729595e-01 2.984599682968548662e-02
1.118109130692395009e-01 1.783925807675866212e-02
1.119696320957883490e-01 5.867947044398767742e-03
1.108580852193729316e-01 -5.929421330823806541e-03
1.085158742030198076e-01 -1.741935648036796111e-02
1.049964731919928868e-01 -2.847492517814314769e-02
1.003662719532502634e-01 -3.897717986314597899e-02
9.470347043774586526e-02 -4.881645046219815209e-02
8.809684706025211476e-02 -5.789348990520756799e-02
8.064441950209327858e-02 -6.612046138288038555e-02
7.245201791807347191e-02 -7.342175776519083152e-02
6.363179121089125589e-02 -7.973464605621774504e-02
5.430066751833639155e-02 -8.500973227113184372e-02
4.457879023878490860e-02 -8.921124464789567665e-02
3.458795080154438567e-02 -9.231713561361752640e-02
2.445003897732247328e-02 -9.431900537835863352e-02
1.428553083143958846e-02 -9.522185239369052034e-02
4.212033463208245641e-03 -9.504365815742900347e-02
-5.657095532374763203e-03 -9.381481593993699908e-02
-1.521403737807248448e-02 -9.157741492404275485e-02
-2.435769533568622053e-02 -8.838439296588521121e-02
-3.299475877755908559e-02 -8.429857267703590173e-02
-4.104063700551000005e-02 -7.939159678182335089e-02
-4.842025378341994341e-02 -7.374277970448854524e-02
-5.506869570084765853e-02 -6.743789307912149977e-02
-6.093170968560223527e-02 -6.056790334575359869e-02
-6.596604720025273094e-02 -5.322767979700736979e-02
-7.013965485854728454e-02 -4.551469137389670128e-02
-7.343171841446917425e-02 -3.752770580899746078e-02
-7.583254669129986525e-02 -2.936551943805463388e-02
-7.734331651083332926e-02 -2.112573162390729911e-02
-7.797569417409611070e-02 -1.290356636896673563e-02
-7.775132643480806016e-02 -4.790767567424397862e-03
-7.670121784079293736e-02 3.125422300918011959e-03
-7.486500667641160511e-02 1.076318869152820962e-02
-7.229015282581799373e-02 1.804696707396891836e-02
-6.903105173973896058e-02 2.490815269656337580e-02
-6.514808931970864081e-02 3.128569201828901997e-02
-6.070665292903437704e-02 3.712655168222366714e-02
-5.577611389869814584e-02 4.238606280778330765e-02
-5.042879682201617531e-02 4.702814026289298122e-02
-4.473895063077764495e-02 5.102537841395578255e-02
-3.878173592770167710e-02 5.435902661418159920e-02
-3.263224232849068485e-02 5.701884935429438889e-02
-2.636454865750510745e-02 5.900287754068164747e-02
-2.005083776270207355e-02 6.031705876394116012e-02
-1.376057648877963314e-02 6.097481565734332032e-02
-7.559769995189579220e-03 6.099652250468277220e-02
-1.510298152052467384e-03 6.040891112820591380e-02
4.330659782656932043e-03 5.924441776081882521e-02
9.911107580984009763e-03 5.754048307695090042e-02
1.518461853773308591e-02 5.533881782092390372e-02
2.011062461900904944e-02 5.268464653151211374e-02
2.465461393264822484e-02 4.962593876486705302e-02
2.878822007765738378e-02 4.621264626560806638e-02
3.248922089042046574e-02 4.249595825374970215e-02
3.574146075258032018e-02 3.852757540945112025e-02
3.853468463949566436e-02 3.435902024595088172e-02
4.086429676127352473e-02 3.004099125325455227e-02
4.273105153919437571e-02 2.562276872326535448e-02
4.414068544921227050e-02 2.115167897948249526e-02
4.510349888392781170e-02 1.667262247361936400e-02
4.563389762901124552e-02 1.222766990053484465e-02
4.574990381651688337e-02 7.855729145094110868e-03
4.547264630593154250e-02 3.592284533369830783e-03
4.482584035721824678e-02 -5.307914611032900657e-04
4.383526620448353200e-02 -4.485355185314772973e-03
4.252825572289853362e-02 -8.247039795605896548e-03
4.093319581639298654e-02 -1.179523774898110465e-02
3.907905645300749353e-02 -1.511302231352170539e-02
3.699495045428228407e-02 -1.818701353376455179e-02
3.470973122208323436e-02 -2.100719487696161084e-02
3.225163357970405043e-02 -2.356668743601562921e-02
2.964796183394328988e-02 -2.586148906631387592e-02
2.692482805187604300e-02 -2.789018618108344422e-02
2.410694241134744842e-02 -2.965364612049213935e-02
2.121745634895018731e-02 -3.115469804350266825e-02
1.827785811426480347e-02 -3.239781017128653268e-02
1.530791409089640558e-02 -3.338876928754001827e-02
1.232566991058157285e-02 -3.413437227929423667e-02
9.347495690820484954e-03 -3.464213916496154677e-02
6.388161284523802795e-03 -3.492004633362620625e-02
3.460952716987613156e-03 -3.497628902058647071e-02
5.778187602108307173e-04 -3.481907693582458191e-02
-2.250458458201772850e-03 -3.445646647628360787e-02
-5.014075265698528065e-03 -3.389623198765053663e-02
-7.704007339439893423e-03 -3.314577754502650436e-02
-1.031180641657447432e-02 -3.221208971405766647e-02
-1.282939947642026957e-02 -3.110173075443124074e-02
-1.524889683620360425e-02 -2.982087075543350674e-02
-1.756241525385301636e-02 -2.837535626712237719e-02
-1.976192165782615293e-02 -2.677081212820611733e-02
-2.183910253548946093e-02 -2.501277240921220835e-02
-2.378526332065548227e-02 -2.310683570167688591e-02
-2.559126134181323800e-02 -2.105883940376014618e-02
-2.724747504122404171e-02 -1.887504719061447456e-02
-2.874381126849586895e-02 -1.656234352254574993e-02
-3.006975150856587911e-02 -1.412842884166097546e-02
-3.121443694193222831e-02 -1.158200904189986627e-02
-3.216679127347592954e-02 -8.932972869172975741e-03
-3.291567932422575365e-02 -6.192551116270350250e-03
-3.345009847645998013e-02 -3.373451817275160275e-03
-3.375939921448010972e-02 -4.899661119230852655e-04
-3.383352590311898556e-02 2.441959137464821700e-03
-3.366328614588511708e-02 5.404686547192874037e-03
-3.324063327812015051e-02 8.378898004950438572e-03
-3.255894712734885149e-02 1.134364657309819280e-02
-3.161331980900598110e-02 1.427645352464952493e-02
-3.040083529702576615e-02 1.715345122314012108e-02
-2.892083585154536785e-02 1.994957138287149073e-02
-2.717516844614525917e-02 2.263877724724737764e-02
-2.516840453670173006e-02 2.519433723596961605e-02
-2.290802685064290828e-02 2.758913665570591686e-02
-2.040457734426008932e-02 2.979602316198930179e-02
-1.767176106938601540e-02 3.178818082032548731e-02
-1.472650139947802132e-02 3.353952685840288356e-02
-1.158894287708610998e-02 3.502512454418246074e-02
-8.282398846009786375e-03 3.622160508004496071e-02
-4.833242006573865331e-03 3.710759098274887813e-02
-1.270737064347786296e-03 3.766411313224585916e-02
2.373184286932073124e-03 3.787501352655497922e-02
6.064204717569678278e-03 3.772732577965645651e-02
9.765956528809183190e-03 3.721162554692460100e-02
1.344040734419083699e-02 3.632234335752004828e-02
1.704829170497784360e-02 3.505803277233770360e-02
2.054958307793572012e-02 3.342158736386468404e-02
2.390399988952445973e-02 3.142040072249004112e-02
2.707153840069072281e-02 2.906646452186824672e-02
3.001302119780298663e-02 2.637640120765119209e-02
3.269066335468038403e-02 2.337142806241031268e-02
3.506863994869181822e-02 2.007724789534929416e-02
3.711363910707442260e-02 1.652386936466060038e-02
3.879540166557156333e-02 1.274535633622754342e-02
4.008723476340992492e-02 8.779507765325633359e-03
4.096649030419405313e-02 4.667470991606364680e-03
4.141499955863431337e-02 4.532925273652465745e-04
4.141945568722432691e-02 -3.816588435851743684e-03
4.097173661293401076e-02 -8.093897497198864616e-03
4.006916146696568037e-02 -1.232912619232359036e-02
3.871467475342971892e-02 -1.647216862139786603e-02
3.691695341782406936e-02 -2.047298459235724621e-02
3.469043314376219628e-02 -2.428227967329387588e-02
3.205525142488037382e-02 -2.785219205616195140e-02
2.903710624503656051e-02 -3.113697579993767936e-02
2.566703052927736539e-02 -3.409366985316503174e-02
2.198108387907721575e-02 -3.668274225869811583e-02
1.801996445592129320e-02 -3.886869911996313626e-02
1.382854520502559484e-02 -4.062064825788738731e-02
9.455339893561806250e-03 -4.191280800754814545e-02
4.951905653357397200e-03 -4.272495228750920748e-02
3.721898456972193227e-04 -4.304278391381605173e-02
-4.228169914154900587e-03 -4.285822911316727879e-02
-8.792582841027673027e-03 -4.216964730183167531e-02
-1.326426611301775860e-02 -4.098195225872128949e-02
-1.758702723234224427e-02 -3.930663998898949879e-02
-2.170604992402265163e-02 -3.716171978148208321e-02
-2.556866694736958934e-02 -3.457155165809042141e-02
-2.912511607906888636e-02 -3.156658917471134862e-02
-3.232926485118119142e-02 -2.818303020800034392e-02
-3.513929265703671229e-02 -2.446237961065966110e-02
-3.751831933309765499e-02 -2.045092904304105300e-02
-3.943496999947482956e-02 -1.619916064918798179e-02
-4.086386678727254446e-02 -1.176108251839472207e-02
-4.178603908580596354e-02 -7.193505037434501891e-03
-4.218924509281454793e-02 -2.555268273808841348e-03
-4.206819872934466215e-02 2.093568581420764043e-03
-4.142469736906050082e-02 6.692563957365251642e-03
-4.026764730844533541e-02 1.118174453084164882e-02
-3.861298544708204050e-02 1.550245707320070145e-02
-3.648349723210748269e-02 1.959820868524939780e-02
-3.390853252320862737e-02 2.341548262220849441e-02
-3.092362262885034463e-02 2.690451714527805627e-02
-2.757000332534935774e-02 3.002003527095700730e-02
-2.389405017276531595e-02 3.272191391897307650e-02
-1.994663386088255802e-02 3.497578177659671494e-02
-1.578240463138263702e-02 3.675353619016373530e-02
-1.145901600679137544e-02 3.803377054984072303e-02
-7.036299092832380003e-03 3.880210493438653041e-02
-2.575401758694848432e-03 3.905141550035892695e-02
1.862101699051997399e-03 3.878195546737953081e-02
6.215111212946964475e-03 3.800136489512294380e-02
1.042389460216221024e-02 3.672457269667988439e-02
1.443096749818037310e-02 3.497358815342604260e-02
1.818194356488783692e-02 3.277718510172097921e-02
2.162634181233316633e-02 3.017048289380670073e-02
2.471833836202049980e-02 2.719442986900815276e-02
2.741745078327008714e-02 2.389519662942605691e-02
2.968914407464411445e-02 2.032348787143616053e-02
3.150534849831301137e-02 1.653378285659084027e-02
3.284488077220568125e-02 1.258351579081556752e-02
3.369376156572630870e-02 8.532208399105029734e-03
3.404542380822297293e-02 4.440567816762931025e-03
3.390080798161446141e-02 3.695635528742727835e-04
3.326834230417622523e-02 -3.620502294561711663e-03
3.216380749468552430e-02 -7.470917188022703839e-03
3.061008760715508079e-02 -1.112545830052937001e-02
2.863681021796295190e-02 -1.453125654839509950e-02
2.627988100095351651e-02 -1.763961085837269238e-02
2.358091941405083061e-02 -2.040673970883065402e-02
2.058660381592089528e-02 -2.279445788164469189e-02
1.734793580727322926e-02 -2.477076745516049172e-02
1.391943492429666487e-02 -2.631035334312634838e-02
1.035827597930762296e-02 -2.739497512124897116e-02
6.723384410974178951e-03 -2.801375015778810595e-02
3.074496560776290334e-03 -2.816331891517769026e-02
-5.287943450866115953e-04 -2.784788998555202261e-02
-4.027988271443791631e-03 -2.707916873836537300e-02
-7.366616242543852500e-03 -2.587616541756893734e-02
-1.049114863954369974e-02 -2.426488627691764099e-02
-1.335185936661879326e-02 -2.227791204170626385e-02
-1.590363192750800236e-02 -1.995386979587497611e-02
-1.810669428155989302e-02 -1.733680612097663470e-02
-1.992727038922163449e-02 -1.447547093001087803e-02
-2.133813759658173895e-02 -1.142252291824965779e-02
-2.231908042901344438e-02 -8.233668870481434740e-03
-2.285723294407428219e-02 -4.966750197514562676e-03
-2.294730350987056119e-02 -1.680791005019036458e-03
-2.259167770103808967e-02 1.564977291395582525e-03
-2.180039691230214668e-02 4.712099312510942446e-03
-2.059101224977293032e-02 7.703871294125213057e-03
-1.898831524213068223e-02 1.048629317936812522e-02
-1.702394888652254343e-02 1.300898176564634946e-02
-1.473590447611035185e-02 1.522602995356863234e-02
-1.216791151694434671e-02 1.709679789236236841e-02
-9.368729801284779099e-03 1.858662279430993436e-02
-6.391354334031315761e-03 1.966743538596939928e-02
-3.292145281839581415e-03 2.031827235918886101e-02
-1.298964063493286746e-04 2.052567575975888792e-02
3.035141325503437452e-03 2.028397390111397192e-02
6.142272947702080710e-03 1.959543353508601954e-02
9.131386958776464488e-03 1.847028092794733220e-02
1.194397735942496520e-02 1.692659608505323043e-02
1.452415073637644029e-02 1.499007538058099755e-02
1.681959944102189713e-02 1.269366664500494284e-02
1.878252484679920897e-02 1.007708145251874111e-02
2.037049532384984166e-02 7.186191349859785867e-03
2.154722447247622852e-02 4.072316677669552722e-03
2.228325629623923929e-02 7.914184248462322003e-04
2.255654535514042824e-02 -2.596794803791370194e-03
2.235292149969973427e-02 -6.029831162822295830e-03
2.166643052497366911e-02 -9.443436478384793081e-03
2.049954397383279767e-02 -1.277265585103043444e-02
1.886323333273767430e-02 -1.595291930369452382e-02
1.677690597023717353e-02 -1.892113428495472219e-02
1.426820233621524381e-02 -2.161676755932978589e-02
1.137265613504377312e-02 -2.398289901035980526e-02
8.133221374119588981e-03 -2.596723015102397544e-02
4.599672336457549283e-03 -2.752303067781504409e-02
8.278845981266290399e-04 -2.861000721331125041e-02
-3.120992824647453139e-03 -2.919507944700810986e-02
-7.181462289579556083e-03 -2.925305019107681329e-02
-1.128468573957375903e-02 -2.876715739822086754e-02
-1.535956128879269016e-02 -2.772949792096118457e-02
-1.933384978165061246e-02 -2.614131669642244526e-02
-2.313534151522637916e-02 -2.401315006030935867e-02
-2.669303853173466551e-02 -2.136482044117350015e-02
-2.993833084124589844e-02 -1.822528647194074022e-02
-3.280615497802721187e-02 -1.463234342951149486e-02
-3.523611382040871959e-02 -1.063217825834548470e-02
-3.717353955559191125e-02 -6.278784292555861409e-03
-3.857048235504387246e-02 -1.633243036553384169e-03
-3.938660828752647142e-02 3.237117482434316747e-03
-3.958999122293350298e-02 8.259676249698096051e-03
-3.915778495426266298e-02 1.335757127776513245e-02
-3.807676346664680411e-02 1.845083501278629509e-02
-3.634371918710660454e-02 2.345759658216411969e-02
-3.396571112894776479e-02 2.829533311118605232e-02
-3.096015707001275805e-02 3.288215137639326907e-02
-2.735476624132758550e-02 3.713808038220289820e-02
-2.318731141711235719e-02 4.098635505775050092e-02
-1.850524175222486786e-02 4.435467118148588711e-02
-1.336514017160437412e-02 4.717639185568284904e-02
-7.832031540548792942e-03 4.939168637101483406e-02
-1.978550197286058944e-03 5.094858311731529504e-02
4.116022326237373484e-03 5.180391930061509914e-02
1.036683646832923730e-02 5.192417160413475424e-02
1.668465583477748981e-02 5.128615356332982822e-02
2.297712386070124846e-02 4.987756728958209207e-02
2.915009588557018402e-02 4.769740135299934541e-02
3.510902443874822781e-02 4.475616133281140607e-02
4.076037105214422307e-02 4.107592909785872520e-02
4.601302095277502724e-02 3.669025364491908248e-02
5.077968605691976500e-02 3.164386695430233820e-02
5.497827261576698765e-02 2.599222845515170022e-02
5.853319260074209274e-02 1.980090270285862764e-02
6.137659853426812723e-02 1.314477742002395991e-02
6.344952239972448393e-02 6.107131517113859563e-03
6.470290049123983422e-02 -1.221434948398562566e-03
6.509846757347086121e-02 -8.744194731225276782e-03
6.460950549314505020e-02 -1.635959514048902427e-02
6.322143339322898459e-02 -2.396264966120399340e-02
6.093222889871127701e-02 -3.144640003455062560e-02
5.775267203847261194e-02 -3.870342813611912791e-02
5.370640620598374215e-02 -4.562739604782718034e-02
4.882981310570290445e-02 -5.211459208883354594e-02
4.317170134327217440e-02 -5.806546026506786973e-02
3.679281105599066515e-02 -6.338609062277478223e-02
2.976513970496352454e-02 -6.798964835060342105e-02
2.217109682112158864e-02 -7.179772016412881708e-02
1.410249807394974367e-02 -7.474155751816943805e-02
5.659411475383269684e-03 -7.676319751298224525e-02
-3.051129195173060086e-03 -7.781644397269975311e-02
-1.191652659009951459e-02 -7.786769305613870651e-02
-2.082011681225504063e-02 -7.689659231421999697e-02
-2.964274736885814943e-02 -7.489651551272948071e-02
-3.826440773011862556e-02 -7.187484712523041497e-02
-4.656588754024826998e-02 -6.785307707184877468e-02
-5.443044517611176497e-02 -6.286669549188637907e-02
-6.174546058445751218e-02 -5.696488910009758766e-02
-6.840404870320219988e-02 -5.021004159010757084e-02
-7.430661015870070052e-02 -4.267704338742812908e-02
-7.936229665840727199e-02 -3.445241883389631860e-02
-8.349036955783301073e-02 -2.563328156410955155e-02
-8.662143145827683188e-02 -1.632613137284035648e-02
-8.869851236879147671e-02 -6.645508232712624835e-03
-8.967799391906608464e-02 3.287478731704959137e-03
-8.953035731201645919e-02 1.334672760605331958e-02
-8.824074312478667748e-02 2.340280405048479617e-02
-8.580931367020008804e-02 3.332466300449335450e-02
-8.225141138025854337e-02 4.298140806284511672e-02
-7.759750952959705572e-02 5.224406418092515658e-02
-7.189295453874623709e-02 6.098733904205340395e-02
-6.519750204243586478e-02 6.909134844595019032e-02
-5.758465183431597106e-02 7.644328145728392088e-02
-4.914078966392034648e-02 8.293898178163894297e-02
-3.996414662281924657e-02 8.848442290378671915e-02
-3.016358947445444555e-02 9.299705591525231352e-02
-1.985725771793896144e-02 9.640701065549511783e-02
-9.171067227597792804e-03 9.865813577692127134e-02
1.762906533699279063e-03 9.970885432345059918e-02
1.280813685858442352e-02 9.953282577524466546e-02
2.382542085350588049e-02 9.811941233349807945e-02
3.467470341262979261e-02 9.547393341183886550e-02
4.521692279233086031e-02 9.161770645911261612e-02
5.531585257823806029e-02 8.658787269963998112e-02
6.483991482054358990e-02 8.043700936820505354e-02
7.366393945357400941e-02 7.323253299033043173e-02
8.167084580777053682e-02 6.505590117120561844e-02
8.875322305642867338e-02 5.600162316718407945e-02
9.481478780106017412e-02 4.617609218180732805e-02
9.977169866856089309e-02 3.569625481566734287e-02
1.035537097465207279e-01 2.468813537055786211e-02
1.061051468919427809e-01 1.328523473097157487e-02
1.073856933816292325e-01 1.626825291346945413e-03
1.073709739946089314e-01 -1.014383515907754663e-02
1.060529293906027209e-01 -2.188134656063886116e-02
1.034399755339048127e-01 -3.344004190005630400e-02
9.955694586792769585e-02 -4.467586946753240862e-02
9.444481692977796383e-02 -5.544825672053478594e-02
8.816022106408280545e-02 -6.562193069342839302e-02
8.077475280868909313e-02 -7.506867051450816231e-02
7.237407834051300115e-02 -8.366896855420025148e-02
6.305686004799525290e-02 -9.131357801561122700e-02
5.293351307666532141e-02 -9.790493003388420212e-02
4.212480209017955418e-02 -1.033583915417613658e-01
3.076030597790880422e-02 -1.076033517324852390e-01
1.897677351339966539e-02 -1.105841324541458476e-01
6.916384309283316219e-03 -1.122607001950759742e-01
-5.275058518284339928e-03 -1.126091737076859584e-01
-1.744997978028196145e-02 -1.116221210839108968e-01
-2.946090304072460087e-02 -1.093086429772346657e-01
-4.116231597828526323e-02 -1.056942415800848495e-01
-5.241250560965336064e-02 -1.008204778698919002e-01
-6.307533922683046523e-02 -9.474442249123621318e-02
-7.302196775793783068e-02 -8.753790840522496230e-02
-8.213242943550390363e-02 -7.928659607203553117e-02
-9.029713312894757649e-02 -7.008886440202048707e-02
-9.741820244623920766e-02 -6.005454298115151662e-02
-1.034106637068609169e-01 -4.930350311720236439e-02
-1.082034631041636219e-01 -3.796412703683224588e-02
-1.117403007770638307e-01 -2.617167606739354002e-02
-1.139802720633327909e-01 -1.406657984187493354e-02
-1.148983088722347889e-01 -1.792669456371995306e-03
-1.144854168543594092e-01 1.050462192303640817e-02
-1.127487068218161331e-01 2.268006726823370081e-02
-1.097112216430406600e-01 3.459043906611974223e-02
-1.054115625642073895e-01 4.609626463363444837e-02
-9.990332155555987914e-02 5.706352086961413717e-02
-9.325433201178939813e-02 6.736525102032413226e-02
-8.554573771511367331e-02 7.688307254134899016e-02
-7.687090481209221671e-02 8.550856158555417141e-02
-6.733419653285682704e-02 9.314450838545003386e-02
-5.704961730637162637e-02 9.970601720142936719e-02
-4.613934921192714561e-02 1.051214415121298346e-01
-3.473220085708920296e-02 1.093331442621014171e-01
-2.296198968260329196e-02 1.122980754370833667e-01
-1.096587930467646764e-02 1.139881617654716212e-01
1.117306189905728497e-03 1.143905059092623078e-01
1.314876908030653685e-02 1.135073950720966729e-01
2.499140436482387775e-02 1.113561214797085808e-01
3.651142460819453012e-02 1.079686196438417040e-01
4.757992313200060802e-02 1.033909276708304681e-01
5.807435653105826046e-02 9.768248208887629624e-02
6.787992887463487057e-02 9.091525771438305203e-02
7.689086154585439425e-02 8.317276593125344508e-02
8.501153445937459363e-02 7.454892639470962756e-02
9.215748634758541558e-02 6.514682857345349687e-02
9.825626388851564641e-02 5.507740069507235936e-02
1.032481116322462589e-01 4.445800454771338395e-02
1.070864969338577444e-01 3.341097520850713071e-02
1.097384663863667092e-01 2.206212511239800944e-02
1.111848325333737314e-01 1.053923194448865182e-02
1.114201918954843412e-01 -1.029470360695048260e-03
1.104527819199335736e-01 -1.251678250314043617e-02
1.083041671100086339e-01 -2.379798494687533281e-02
1.050087747241680858e-01 -3.475222241965113257e-02
1.006132959378174541e-01 -4.526382308574194296e-02
9.517594894005176887e-02 -5.522352713223937365e-02
8.876562136276355819e-02 -6.452961433038593986e-02
8.146090554886892265e-02 -7.308891908060859144e-02
7.334904120680883766e-02 -8.081772322269040187e-02
6.452478080949695938e-02 -8.764251875123876823e-02
5.508919367176110665e-02 -9.350063449195888943e-02
4.514842497896265350e-02 -9.834072273672753162e-02
3.481242614246650435e-02 -1.021231037758883187e-01
2.419367273014814620e-02 -1.048199681761204510e-01
1.340588587074136376e-02 -1.064154385044170231e-01
2.562772471317797344e-03 -1.069054939675186527e-01
-8.223201167715622067e-03 -1.062977630978762661e-01
-1.884198868864571733e-02 -1.046111911505291092e-01
-2.918708340336857027e-02 -1.018755902614075781e-01
-3.915656707912394674e-02 -9.813108164057478267e-02
-4.865407779268646205e-02 -9.342744012090570260e-02
-5.758968829373806164e-02 -8.782335224395207418e-02
-6.588068781363552728e-02 -8.138559973379802526e-02
-7.345226179048323922e-02 -7.418818068337278138e-02
-8.023806553023254962e-02 -6.631138105602904509e-02
-8.618068936192918583e-02 -5.784080919145770383e-02
-9.123201972006353411e-02 -4.886640307949399048e-02
-9.535347906211461000e-02 -3.948142880387903869e-02
-9.851616039201845088e-02 -2.978148278581591035e-02
-1.007008691049153387e-01 -1.986349925334006741e-02
-1.018980594026493436e-01 -9.824780826198621642e-03
-1.021076765269706699e-01 2.379396019675898699e-04
-1.013389110729312342e-01 1.022939691772787457e-02
-9.960987240287642874e-02 2.005664402931313373e-02
-9.694718878901782688e-02 2.962984762035660025e-02
-9.338554236718764334e-02 3.886302385013885169e-02
-8.896714728618108914e-02 4.767470955838463975e-02
-8.374117958899301994e-02 5.598856565073104252e-02
-7.776316736981406241e-02 6.373391043388997035e-02
-7.109434962188657114e-02 7.084618171908346751e-02
-6.380101193645715263e-02 7.726732750192807919e-02
-5.595380684434686502e-02 8.294612594171375808e-02
-4.762706612305155074e-02 8.783843619021072802e-02
-3.889811183908632036e-02 9.190738234920642347e-02
-2.984657227392648743e-02 9.512347345873868598e-02
-2.055370820946957749e-02 9.746466292875767545e-02
-1.110175434291493790e-02 9.891635122256681178e-02
-1.573279878836201205e-03 9.947133588024870132e-02
7.949428374899128805e-03 9.912971313620862202e-02
1.738495778436001740e-02 9.789873544123330051e-02
2.665333458765945657e-02 9.579262915255837285e-02
3.567656585637288269e-02 9.283237522797321839e-02
4.437914013893067694e-02 8.904545810886294044e-02
5.268849923124932499e-02 8.446559050597145235e-02
6.053549245703934711e-02 7.913241058579220666e-02
6.785479631899658803e-02 7.309115696551736485e-02
7.458530605945348779e-02 6.639232396683358850e-02
8.067049998522017595e-02 5.909129909100686862e-02
8.605877746592482946e-02 5.124798423534270703e-02
9.070377148083999530e-02 4.292640174537398767e-02
9.456463647093582559e-02 3.419428600244322353e-02
9.760631205781603037e-02 2.512266089615105072e-02
9.979976292826882311e-02 1.578540323763237899e-02
1.011221948632197443e-01 6.258791943461645274e-03
1.015572465252211343e-01 -3.378957329938371903e-03
1.010951562227950240e-01 -1.304817248834250210e-02
9.973290245745654314e-02 -2.266822060410466841e-02
9.747431664524221218e-02 -3.215801907730225784e-02
9.433016600446475497e-02 -4.143656240611050950e-02
9.031820423061877323e-02 -5.042346432858926808e-02
8.546318725285313722e-02 -5.903951472402454992e-02
7.979685109849343760e-02 -6.720725021102756658e-02
7.335784869599511204e-02 -7.485153686077158919e-02
6.619164233426842736e-02 -8.190016286806033052e-02
5.835034847778450273e-02 -8.828443840321720248e-02
4.989253172057978719e-02 -9.393979921846221104e-02
4.088293984711062479e-02 -9.880641022116587457e-02
3.139219236700720866e-02 -1.028297610409114604e-01
2.149641062381863268e-02 -1.059612546715517634e-01
1.127677682231660247e-02 -1.081587803062439845e-01
8.190360415821465630e-04 -1.093872617174236617e-01
-9.787063975730286858e-03 -1.096191756033724901e-01
-2.044839480798606168e-02 -1.088350324978361316e-01
-3.106912974331346375e-02 -1.070238125585764588e-01
-4.155148421392904773e-02 -1.041833483884859607e-01
-5.179651087513290758e-02 -1.003206470109835879e-01
-6.170494484968772064e-02 -9.545214322977871313e-02
-7.117809356284925115e-02 -8.960387685931012203e-02
-8.011876450103706804e-02 -8.281158672126302800e-02
-8.843222315915105769e-02 -7.512071486680814425e-02
-9.602717241947146543e-02 -6.658631520290884953e-02
-1.028167436506389615e-01 -5.727286157066148464e-02
-1.087194889499010081e-01 -4.725395133755733168e-02
-1.136603631963978150e-01 -3.661190171418133438e-02
-1.175716839574381112e-01 -2.543723727675783683e-02
-1.203940568116588783e-01 -1.382806855487562353e-02
-1.220772533390268588e-01 -1.889363010860724452e-03
-1.225810288919660512e-01 1.026788872653168656e-02
-1.218758673160244971e-01 2.252760692836840509e-02
-1.199436400412161596e-01 3.476965108001828925e-02
-1.167781674221735067e-01 4.687093478856640266e-02
-1.123856673907007164e-01 5.870661938176529454e-02
-1.067850908186816911e-01 7.015136980428696156e-02
-1.000083286588671350e-01 8.108066736553468101e-02
-9.210027430504014179e-02 9.137216616720335305e-02
-8.311874465345145402e-02 1.009070736421165126e-01
-7.313425157086930750e-02 1.095715415524368130e-01
-6.222962033585327513e-02 1.172580508505293023e-01
-5.049945350926474813e-02 1.238667731567498626e-01
-3.804944068295990772e-02 1.293068911802790211e-01
-2.499551662557260301e-02 1.334978602170036610e-01
-1.146287246267138626e-02 1.363705929142817741e-01
2.415173334892360864e-03 1.378685498045788271e-01
1.649843525750456855e-02 1.379487186830879453e-01
3.064124138389333341e-02 1.365824667392355196e-01
4.469392135561555540e-02 1.337562504450068301e-01
5.850438683759352776e-02 1.294721695468668832e-01
7.191978785773843474e-02 1.237483530911187152e-01
8.478822684598441572e-02 1.166191672192299217e-01
9.696051082189377501e-02 1.081352364805279048e-01
1.082919210367395968e-01 9.836327260158110597e-02
1.186439784842893697e-01 8.738570699803843711e-02
1.278861830749027095e-01 7.530012578613426433e-02
1.358977039369073381e-01 6.221850861523534060e-02
1.425689982805904144e-01 4.826627526523506045e-02
1.478033365423715439e-01 3.358114659704952709e-02
1.515182105667927104e-01 1.831182772038606604e-02
1.536466082022216739e-01 2.616530020308151152e-03
1.541381331632409868e-01 -1.333865826775066515e-02
1.529599479159920727e-01 -2.938153800214261119e-02
1.500975278080230457e-01 -4.533567831454544950e-02
1.455552110828242929e-01 -6.102238990013119507e-02
1.393565329647386830e-01 -7.626276986233487820e-02
1.315443345407513731e-01 -9.087979407019575184e-02
1.221806398932280269e-01 -1.047004317923367345e-01
1.113462978176780749e-01 -1.175577564932284436e-01
9.914038745485997950e-02 -1.292930261337561504e-01
8.567939023744210181e-02 -1.397577061240541652e-01
7.109613365650269134e-02 -1.488154082421848379e-01
5.553851544960375364e-02 -1.563437193625995814e-01
3.916801985652369061e-02 -1.622358947332940282e-01
2.215804053753677588e-02 -1.664023917948329323e-01
4.692027559435013595e-03 -1.687722221374020615e-01
-1.303852151541384091e-02 -1.692941011279671670e-01
-3.083620399160861419e-02 -1.679373769876991995e-01
-4.849996325681488196e-02 -1.646927236344439549e-01
-6.582742239242454774e-02 -1.595725843960849599e-01
-8.261727218128520067e-02 -1.526113567139375515e-01
-9.867168432558220958e-02 -1.438653111528822859e-01
-1.137987198697107960e-01 -1.334122413756736736e-01
-1.278147023930841231e-01 -1.213508451789591380e-01
-1.405465255990908657e-01 -1.077998398730144053e-01
-1.518338648297197224e-01 -9.289682002964196050e-02
-1.615312636673190694e-01 -7.679686751879165330e-02
-1.695100675134786350e-01 -5.967092715613258463e-02
-1.756601772829628760e-01 -4.170396600168874146e-02
-1.798915987782709336e-01 -2.309293621966263324e-02
-1.821357654725132280e-01 -4.044564519305690956e-03
-1.823466150642483186e-01 1.522700625095691797e-02
-1.805014030990091944e-01 3.450269553857353982e-02
-1.766012401420807010e-01 5.356105382949519211e-02
-1.706713423952803677e-01 7.218089044413572575e-02
-1.627609892331871588e-01 9.014392799620024599e-02
-1.529431848447135034e-01 1.072374504040507076e-01
-1.413140249550776384e-01 1.232569110550860297e-01
-1.279917734204747415e-01 1.380084678735112869e-01
-1.131156572816265221e-01 1.513114126332876230e-01
-9.684439258125941696e-02 1.630004628873409078e-01
-7.935445684332630145e-02 1.729278863414991374e-01
-6.083812752869182522e-02 1.809654293713506279e-01
-4.150130897529821089e-02 1.870060236406246856e-01
-2.156117325545158989e-02 1.909652474036380720e-01
-1.243642997117177119e-03 1.927825210293854785e-01
1.921925351772759902e-02 1.924220195337535966e-01
3.959212277977777750e-02 1.898732884075472194e-01
5.963900833086613340e-02 1.851515527361912439e-01
7.912622106622414775e-02 1.782977149252208404e-01
9.782516024244228281e-02 1.693780340918588090e-01
1.155150897684689704e-01 1.584834927688853479e-01
1.319858375716776999e-01 1.457288594187394482e-01
1.470403813910091673e-01 1.312514519730768325e-01
1.604972884507427922e-01 1.152096177488493994e-01
1.721929776322657646e-01 9.778094719441934868e-02
1.819837748694875246e-01 7.916024242050775928e-02
1.897477349954141135e-01 5.955726471454905746e-02
1.953862061310346898e-01 3.919428817873434751e-02
1.988251158962306697e-01 1.830348923110465195e-02
2.000159621944720689e-01 -2.875796070496955837e-03
1.989364950332135340e-01 -2.409991311094842464e-02
1.955910797413380753e-01 -4.512379306043142607e-02
1.900107359821677777e-01 -6.570388440959622212e-02
1.822528510820007053e-01 -8.560107517687863543e-02
1.724005703450769145e-01 -1.045835692898082758e-01
1.605618711510449492e-01 -1.224296811402948298e-01
1.468683316754158807e-01 -1.389305132820593536e-01
1.314736089831976540e-01 -1.538924836643409400e-01
1.145516449687293825e-01 -1.671396706613043071e-01
9.629462210101054354e-02 -1.785159464367491733e-01
7.691069413709140934e-02 -1.878868718486866318e-01
5.662151984371393415e-02 -1.951413291127813976e-01
3.565963028114066402e-02 -2.001928717674975600e-01
1.426566173996060907e-02 -2.029807783767053897e-01
-7.314511076555373255e-03 -2.034707866419439570e-01
-2.883270329318201111e-02 -2.016555059432348362e-01
-5.004137666093733117e-02 -1.975545100514035923e-01
-7.069658726826959227e-02 -1.912140989401575897e-01
-9.056088744007227687e-02 -1.827067363369684339e-01
-1.094061459344444764e-01 -1.721301704077611017e-01
-1.270162516490920268e-01 -1.596062489660420858e-01
-1.431896675984487555e-01 -1.452794444356263759e-01
-1.577418038971681036e-01 -1.293151074272478607e-01
-1.705071808581221648e-01 -1.118974711657498011e-01
-1.813413560506874911e-01 -9.322743208257842917e-02
-1.901225922303764748e-01 -7.352013462847128977e-02
-1.967532464019717819e-01 -5.300239072873585283e-02
-2.011608638697399698e-01 -3.190996626877515979e-02
-2.032989649115578834e-01 -1.048476853657170915e-02
-2.031475156380536662e-01 1.102803035646329928e-02
-2.007130786106725573e-01 3.238289841659460627e-02
-1.960286428405945969e-01 5.333684123510480657e-02
-1.891531368201308239e-01 7.365225643191068705e-02
-1.801706321967251612e-01 9.309971026638956537e-02
-1.691892495353611858e-01 1.114606027896529600e-01
-1.563397812784670660e-01 1.285296895196070543e-01
-1.417740504563873294e-01 1.441174296268725452e-01
-1.256630268825272567e-01 1.580521329966106114e-01
-1.081947261220465306e-01 1.701818858469975326e-01
-8.957191420956009398e-02 1.803762193487907228e-01
-7.000965416321082435e-02 1.885275108469349759e-01
-4.973272364160275655e-02 1.945521128796366406e-01
-2.897293303130439590e-02 1.983911846016968572e-01
-7.966379081744480103e-03 2.000112221648591704e-01
1.304933200785644669e-02 1.994042840991039900e-01
3.383785807998510031e-02 1.965879115689034562e-01
5.416685748813165197e-02 1.916047471712104544e-01
7.381065573640809008e-02 1.845218596481499607e-01
9.255281068431303604e-02 1.754297854595078254e-01
1.101885463024719347e-01 1.644413015530132027e-01
1.265270269194914143e-01 1.516899468419101726e-01
1.413934461877132953e-01 1.373283128106421169e-01
1.546309075825469947e-01 1.215261262858810948e-01
1.661020760985530975e-01 1.044681497013323912e-01
1.756905838748902826e-01 8.635192612516512378e-02
1.833021757300590249e-01 6.738539788805025799e-02
1.888655839662380098e-01 4.778442883240700129e-02
1.923331252709147010e-01 2.777026098976703369e-02
1.936810160515144430e-01 7.566936878809021882e-03
1.929094060410186939e-01 -1.260128139730340262e-02
1.900421334636687165e-01 -3.251246548269273728e-02
1.851262084056710666e-01 -5.194951654661719709e-02
1.782310342542622328e-01 -7.070257467788083894e-02
1.694473825012112744e-01 -8.857131949033314466e-02
1.588861271056056235e-01 -1.053671225711511616e-01
1.466767672435930481e-01 -1.209150352713628113e-01
1.329657607173818645e-01 -1.350556030240603056e-01
1.179146821827921354e-01 -1.476464732747952147e-01
1.016982339648037081e-01 -1.585637855767515481e-01
8.450213512154630680e-02 -1.677033310577220326e-01
6.652091542094115684e-02 -1.749814714781425806e-01
4.795564154550815278e-02 -1.803358111738780356e-01
2.901160313868875879e-02 -1.837256182729808396e-01
9.895986254187959588e-03 -1.851319946517503423e-01
-9.184438623320035841e-03 -1.845577971127685957e-01
-2.802558753944128789e-02 -1.820273151885497265e-01
-4.642826759985468899e-02 -1.775857137634608562e-01
-6.420029097938494134e-02 -1.712982513307775567e-01
-8.115847591198639688e-02 -1.632492871312799521e-01
-9.713051399376096406e-02 -1.535410926281689237e-01
-1.119566851715656508e-01 -1.422924847374311408e-01
-1.254914040083962845e-01 -1.296372999341500187e-01
-1.376045831802449049e-01 -1.157227297787404990e-01
-1.481828026331767356e-01 -1.007075395419419206e-01
-1.571302753790538298e-01 -8.476019244709784295e-02
-1.643696034987659482e-01 -6.805690259040982071e-02
-1.698423205185324858e-01 -5.077963984620979115e-02
-1.735092188942780056e-01 -3.311411002053443048e-02
-1.753504677979242643e-01 -1.524772897940503830e-02
-1.753655109227136577e-01 2.632375929769339377e-03
-1.735727630620668704e-01 2.034131934666788891e-02
-1.700091190373375083e-01 3.769835763466061751e-02
-1.647292720591926329e-01 5.452870383373070035e-02
-1.578048582623234608e-01 7.066524337190104033e-02
-1.493234409420710340e-01 8.595013450524702225e-02
-1.393873494112383982e-01 1.002362792262032620e-01
-1.281123885601025136e-01 1.133886522568293698e-01
-1.156264361362285414e-01 1.252854776999900166e-01
-1.020679454603459491e-01 1.358192449290338277e-01
-8.758437176080963171e-02 1.448975573279983331e-01
-7.233054054578970382e-02 1.524438095228953793e-01
-5.646697644606633176e-02 1.583976907446540405e-01
-4.015821076169379805e-02 1.627155139117573979e-01
-2.357108554494250635e-02 1.653703718932933997e-01
-6.873071464182107376e-03 1.663521241908605397e-01
9.769384065010794371e-03 1.656672189426442177e-01
2.619246290639085095e-02 1.633383566895936223e-01
4.223652185688305666e-02 1.594040037391275810e-01
5.774756455578953368e-02 1.539177642060252094e-01
7.257862752889775171e-02 1.469476208956236041e-01
8.659106957084623801e-02 1.385750561163595351e-01
9.965575504465609691e-02 1.288940642648604695e-01
1.116541230844712990e-01 1.180100686175290514e-01
1.224791409364280881e-01 1.060387524536038351e-01
1.320361203051145793e-01 9.310482372733074052e-02
1.402434057364129738e-01 7.934072681117854131e-02
1.470329409467098503e-01 6.488530524881375161e-02
1.523506965882800435e-01 4.988243581302035518e-02
1.561569648830183621e-01 3.447964509433937980e-02
1.584265223750971341e-01 1.882672103438924605e-02
1.591486631302748700e-01 3.074331340464767082e-03
1.583271056979456137e-01 -1.262733984076424947e-02
1.559797780473775042e-01 -2.812992623919521526e-02
1.521384854896614680e-01 -4.328817469646144972e-02
1.468484673011773711e-01 -5.796119197201025225e-02
1.401678483740812775e-01 -7.201363452266913712e-02
1.321669927371466047e-01 -8.531683342633827882e-02
1.229277662203055732e-01 -9.774984739506990816e-02
1.125427158836736913e-01 -1.092004375945635347e-01
1.011141741028750707e-01 -1.195659587478266617e-01
8.875329540399992667e-02 -1.287541617436291363e-01
7.557903428087309194e-02 -1.366839036900374393e-01
6.171707231214743766e-02 -1.432857620457641812e-01
4.729870293371178647e-02 -1.485025501247585478e-01
3.245968222051312524e-02 -1.522897319011903283e-01
1.733905399817541396e-02 -1.546157346428158608e-01
2.077957545282038340e-03 -1.554621584718656191e-01
-1.318157393234483700e-02 -1.548238824962762938e-01
-2.829782073318367133e-02 -1.527090666849343636e-01
-4.313056706519771688e-02 -1.491390509509490370e-01
-5.754227720849137973e-02 -1.441481562489757007e-01
-7.139925913375182176e-02 -1.377833837751354096e-01
-8.457279319146593366e-02 -1.301040162652988275e-01
-9.694022326998238959e-02 -1.211811240456776295e-01
-1.083860030794502882e-01 -1.110969788352639959e-01
-1.188026903727900652e-01 -9.994437876876466342e-02
-1.280918820842112948e-01 -8.782588858638157303e-02
-1.361650835548885163e-01 -7.485299942528736428e-02
-1.429445052293995821e-01 -6.114521314819193476e-02
-1.483637804510712088e-01 -4.682905665706688786e-02
-1.523685982653855686e-01 -3.203703216384055225e-02
-1.549172454640870278e-01 -1.690650992242762399e-02
-1.559810524744682236e-01 -1.578570464246394859e-03
-1.555447381240585292e-01 1.380319608243249334e-02
-1.536066487955912441e-01 2.909392547634511231e-02
-1.501788880349232969e-01 4.414874101747134905e-02
-1.452873332888040547e-01 5.882403223991673757e-02
-1.389715371322106374e-01 7.297874104283268160e-02
-1.312845110972458706e-01 8.647564522978355706e-02
-1.222923910367885308e-01 9.918262904825442261e-02
-1.120739838440485414e-01 1.109739300033280029e-01
-1.007201963001947143e-01 1.217313509737747435e-01
-8.833334783089925868e-02 1.313454264956360196e-01
-7.502636622919282849e-02 1.397165325160440730e-01
-6.092188156607167976e-02 1.467559251563854417e-01
-4.615121641215000348e-02 1.523867029278173635e-01
-3.085327018380857461e-02 1.565446799963609581e-01
-1.517331643309592464e-02 1.591791577129963997e-01
7.382819732247961368e-04 1.602535859057946099e-01
1.672743012337529409e-02 1.597461047319175820e-01
3.263772003013492434e-02 1.576499586773739414e-01
4.831189952169683693e-02 1.539737752168396090e-01
6.359337831974443134e-02 1.487417017016040288e-01
7.832775770666194903e-02 1.419933952255029996e-01
9.236436942816901585e-02 1.337838615189171632e-01
