0.000000000000000000e+00 0.000000000000000000e+00
-1.009705427097473988e-05 6.337904364779005478e-07
-3.984629847977386717e-05 7.052315732216567807e-06
-8.732834246450192151e-05 2.572954233952306005e-05
-1.492059219861658996e-04 6.265935355099072743e-05
-2.208253927338439139e-04 1.230970731334026446e-04
-2.963605896705769766e-04 2.113202058754069215e-04
-3.689956840477433622e-04 3.304148686598966291e-04
-4.311427296198653116e-04 4.820938282150737325e-04
-4.746887371341432411e-04 6.665513726257918034e-04
-4.912663699126622102e-04 8.823594365246021504e-04
-4.725417291388525273e-04 1.126408490520817074e-03
-4.105122088311164916e-04 1.393895711826415333e-03
-2.978070775827491206e-04 1.678361893371819406e-03
-1.279831833079922367e-04 1.971777461996165361e-03
1.041917702664428927e-04 2.264676816369154324e-03
4.024757664181930275e-04 2.546339103653559154e-03
7.689160462067311718e-04 2.805012460441312205e-03
1.203646384732506109e-03 3.028177675380454206e-03
1.704724167432034509e-03 3.202846253750907951e-03
2.268012620514269113e-03 3.315886970131255804e-03
2.887112683044822797e-03 3.354374209264688721e-03
3.553348031038771823e-03 3.305950734540204477e-03
4.255805694135161334e-03 3.159197003187720794e-03
4.981433562890373590e-03 2.903998779848014807e-03
5.715194890971866427e-03 2.531904595340354024e-03
6.440278674337342711e-03 2.036464561940799865e-03
7.138363562464298227e-03 1.413542193881912315e-03
7.789931748877973461e-03 6.615911924237511971e-04
8.374628123606208882e-03 -2.181103642287938375e-04
8.871658872286613748e-03 -1.221275340900991428e-03
9.260222698067884992e-03 -2.340478490424987516e-03
9.519966944443937484e-03 -3.565088196931074857e-03
9.631460129247003399e-03 -4.881263122142972220e-03
9.576671779586178740e-03 -6.272016681876995021e-03
9.339449999456983856e-03 -7.717351013874180349e-03
8.905986918193553592e-03 -9.194460765712534830e-03
8.265262067977568669e-03 -1.067800565672919096e-02
7.409453884863879958e-03 -1.214044935147187004e-02
6.334309594584669467e-03 -1.355246092059489774e-02
5.039464449051536850e-03 -1.488337361083486889e-02
3.528702009314292707e-03 -1.610169444385430026e-02
1.810147692883204819e-03 -1.717565707197513114e-02
-1.036109747027454825e-04 -1.807380909922011447e-02
-2.195482858022540507e-03 -1.876562415273463902e-02
-4.443914623425037486e-03 -1.922212818322064851e-02
-6.823017823851914437e-03 -1.941652883833214910e-02
-9.302782921330399885e-03 -1.932483630563079299e-02
-1.184937995040917513e-02 -1.892646377419255829e-02
-1.442554392517432851e-02 -1.820479562547767591e-02
-1.699104148030398248e-02 -1.714771164026353961e-02
-1.950321364151867687e-02 -1.574805590123415713e-02
-2.191758807164187126e-02 -1.400403967836234657e-02
-2.418855266394063369e-02 -1.191956840083083224e-02
-2.627008098237086989e-02 -9.504483835445226222e-03
-2.811649880546002872e-02 -6.774713794137396383e-03
-2.968327994175914628e-02 -3.752323065564923399e-03
-3.092785857283443865e-02 -4.654607880108670680e-04
-3.181044466478354094e-02 3.051798870191383024e-03
-3.229482848838582248e-02 6.759724106268807930e-03
-3.234916001501281918e-02 1.061330051469599155e-02
-3.194668892047651532e-02 1.456271144788759235e-02
-3.106645113834296743e-02 1.855391951917842452e-02
-2.969388843935272249e-02 2.252934313668454938e-02
-2.782138792602026345e-02 2.642862044134998423e-02
-2.544872955527062441e-02 3.018945085852190596e-02
-2.258343111009403562e-02 3.374850297893522422e-02
-1.924098097885994230e-02 3.704237633066846669e-02
-1.544495096532054815e-02 4.000860301154455373e-02
-1.122698303996387363e-02 4.258667413763692067e-02
-6.626645841634123089e-03 4.471907519039294843e-02
-1.691158756743053318e-03 4.635231371277145213e-02
3.525016488838971646e-03 4.743792242975469753e-02
8.960714625876544867e-03 4.793342076273243019e-02
1.454873174024753912e-02 4.780321787843853226e-02
2.021660981542825614e-02 4.701944086480381452e-02
2.588753233729182424e-02 4.556267235716748160e-02
3.148132034153822145e-02 4.342258294305245681e-02
3.691551636657507823e-02 4.059844494184489810e-02
4.210654201152909393e-02 3.709951567241090431e-02
4.697091322229416527e-02 3.294528006778287693e-02
5.142649606769744003e-02 2.816554444830435266e-02
5.539378464963765764e-02 2.280037539599976543e-02
5.879718193863810172e-02 1.689987995298846205e-02
6.156626375903061915e-02 1.052382576207249593e-02
6.363700588108209266e-02 3.741102242295052567e-03
6.495295422138067098e-02 -3.370973591549841428e-03
6.546631851352206766e-02 -1.072750053798125422e-02
6.513897057233268562e-02 -1.823697713217049474e-02
6.394332898121497799e-02 -2.580241542897834459e-02
6.186311357006271661e-02 -3.332257105157632876e-02
5.889395484625073451e-02 -4.069327390095774793e-02
5.504384492254861538e-02 -4.780884250625500043e-02
5.033341887092619704e-02 -5.456356281806291897e-02
4.479605769689274514e-02 -6.085321091569913243e-02
3.847780663794631018e-02 -6.657659793182456320e-02
3.143710515006741674e-02 -7.163711463972281812e-02
2.374432771950295978e-02 -7.594425261909708291e-02
1.548113748246675303e-02 -7.941507872996367290e-02
6.739657510127114622e-03 -8.197563979046901261e-02
-2.378532523515117150e-03 -8.356227487725152725e-02
-1.176356377191032677e-02 -8.412281354485336149e-02
-2.129859652719360424e-02 -8.361763948666239843e-02
-3.086127364328488873e-02 -8.202060072141829916e-02
-4.032529093804072123e-02 -7.931974926854912233e-02
-4.956206430555645109e-02 -7.551789544941450716e-02
-5.844247139790001433e-02 -7.063296439191792120e-02
-6.683864416113804996e-02 -6.469814499036356803e-02
-7.462578726256550998e-02 -5.776182444422838652e-02
-8.168399654908267693e-02 -4.988730452845830526e-02
-8.790005115019133841e-02 -4.115229889072525432e-02
-9.316915269724529436e-02 -3.164821388215179748e-02
-9.739658538187079273e-02 -2.147921865995518903e-02
-1.004992713006257338e-01 -1.076111364101598085e-02
-1.024071963231643762e-01 3.799910693316677275e-04
-1.030646833115123062e-01 1.180917184438960016e-02
-1.024314915683357530e-01 2.338434415057210128e-02
-1.004837230721395969e-01 3.495805151910213321e-02
-9.721451875853756586e-02 4.637936784463472101e-02
-9.263453080754047164e-02 5.749588807127591766e-02
-8.677215989311659605e-02 6.815578060058564980e-02
-7.967354955825736718e-02 7.820987339404222860e-02
-7.140233325184928981e-02 8.751374476964894622e-02
-6.203913305515398879e-02 9.592978932890977584e-02
-5.168081268558443603e-02 1.033292293104525195e-01
-4.043949094203160705e-02 1.095940419581278163e-01
-2.844132529663397427e-02 1.146187742161176581e-01
-1.582507878987246541e-02 1.183122172166467118e-01
-2.740486697168067511e-03 1.205989145960680436e-01
1.065355744481681632e-02 1.214204806448080237e-01
2.419097398355440215e-02 1.207367066421644042e-01
3.770060240361611248e-02 1.185264364186706249e-01
5.100841235425410819e-02 1.147881951915921683e-01
6.393979121360529594e-02 1.095405589930350809e-01
7.632187744266678842e-02 1.028222555105827163e-01
8.798590789630909847e-02 9.469199083895840641e-02
9.876954661653773726e-02 8.522800044641475059e-02
1.085191624495159685e-01 7.452732653741749036e-02
1.170920231886147245e-01 6.270482804255453346e-02
1.243583744511044947e-01 4.989193266327165976e-02
1.302033728493686149e-01 3.623514505990392542e-02
1.345288449772221173e-01 2.189432875799833880e-02
1.372548453484539743e-01 7.040781989464520163e-03
1.383209891615233833e-01 -8.144868512649316647e-03
1.376875385907856131e-01 -2.347492907257374070e-02
1.353362245066811187e-01 -3.875702679684245311e-02
1.312707890211658179e-01 -5.379659217415035111e-02
1.255172379927956272e-01 -6.839940357540773286e-02
1.181237965568105591e-01 -8.237415944705424320e-02
1.091605648145623636e-01 -9.553504323088454764e-02
9.871887496649076055e-02 -1.077042457715397666e-01
8.691035534473295909e-02 -1.187144101966930709e-01
7.386571093570880320e-02 -1.284109649759248850e-01
5.973323402010358857e-02 -1.366543120762520047e-01
4.467706243896640145e-02 -1.433218388219869577e-01
2.887520666337201058e-02 -1.483097242137796645e-01
1.251737024713813623e-02 -1.515345130392771744e-01
-4.197408673197684792e-03 -1.529344340823513837e-01
-2.106326444596114816e-02 -1.524704420698506369e-01
-3.787012683852985367e-02 -1.501269666394386137e-01
-5.440642526248545829e-02 -1.459123555196177591e-01
-7.046183831023780653e-02 -1.398590032296959940e-01
-8.583005171376231757e-02 -1.320231608760906727e-01
-1.003114875337079437e-01 -1.224844271571461363e-01
-1.137159671954840051e-01 -1.113449243291403934e-01
-1.258652718258495284e-01 -9.872816828528721556e-02
-1.365955648499622421e-01 -8.477764600781623194e-02
-1.457596428727395976e-01 -6.965511690948063273e-02
-1.532289833163445747e-01 -5.353865922686892875e-02
-1.588955598195412877e-01 -3.662048606581359833e-02
-1.626733994122216143e-01 -1.910455900677467123e-02
-1.644998588640514403e-01 -1.204030114827939289e-03
-1.643366013238684864e-01 1.686145427845026079e-02
-1.621702583651964957e-01 3.486855258284430464e-02
-1.580127667777945777e-01 5.259309272047118372e-02
-1.519013738368861222e-01 6.981296455213988061e-02
-1.438983092793336693e-01 8.631100129471491744e-02
-1.340901267565738908e-01 1.018778112426668714e-01
-1.225867220537858737e-01 1.163145216209868354e-01
-1.095200397998482844e-01 1.294353974416053987e-01
-9.504248468047138410e-02 1.410702997983413753e-01
-7.932505724673448444e-02 1.510669500957378952e-01
-6.255523822519702681e-02 1.592929692372969663e-01
-4.493464872952294964e-02 1.656376637642242022e-01
-2.667651689735398013e-02 1.700135342961716367e-01
-8.002984185356078889e-03 1.723574853342637880e-01
1.085771318885978519e-02 1.726317194925038878e-01
2.967415039927899512e-02 1.708243034707679353e-01
4.821466937183428031e-02 1.669493977298788234e-01
6.625034381374494963e-02 1.610471454377384315e-01
8.355791446860667826e-02 1.531832221683917528e-01
9.992265596066106370e-02 1.434480522249906298e-01
1.151411366922009683e-01 1.319557009126937352e-01
1.290238351060526145e-01 1.188424574146900448e-01
1.413975774743193858e-01 1.042651268752187721e-01
1.521077647813110223e-01 8.839905423017833941e-02
1.610203591212718277e-01 7.143590595168104740e-02
1.680236032900387644e-01 5.358123913712938002e-02
1.730294508682502785e-01 3.505189023064924497e-02
1.759746880212449960e-01 1.607321807541558026e-02
1.768217324220750231e-01 -3.123762073665806941e-03
1.755590990802987084e-01 -2.230531552265746509e-02
1.722015273689276316e-01 -4.123795714286990211e-02
1.667897681218002137e-01 -5.969141309028277997e-02
1.593900342595769015e-01 -7.744153610192494597e-02
1.500931229303907599e-01 -9.427313594648253914e-02
1.390132215577943309e-01 -1.099826878477380421e-01
1.262864144127625043e-01 -1.243808834478975361e-01
1.120689103096264294e-01 -1.372949911075324048e-01
9.653501571301717488e-02 -1.485709950170698013e-01
7.987488088364913530e-02 -1.580754856825773436e-01
6.229204963961695873e-02 -1.656972778013668379e-01
4.400084582710318826e-02 -1.713487353110332012e-01
2.522363148963020774e-02 -1.749667877224471146e-01
6.187973776453037540e-03 -1.765136248091576654e-01
-1.287624160076003554e-02 -1.759770628415623372e-01
-3.173971264050737956e-02 -1.733705797823263950e-01
-5.017660036344066127e-02 -1.687330198574096829e-01
-6.796734749948744880e-02 -1.621279736229077340e-01
-8.490139984410954854e-02 -1.536428436514823415e-01
-1.007797951189063346e-01 -1.433876101256540136e-01
-1.154175861860963909e-01 -1.314933145659778202e-01
-1.286460679226995030e-01 -1.181102835863197253e-01
-1.403147799212235147e-01 -1.034061179065554614e-01
-1.502932604065306543e-01 -8.756347482042647901e-02
-1.584725302956063731e-01 -7.077767487400482560e-02
-1.647662901263148294e-01 -5.325416562531468112e-02
-1.691118165876231427e-01 -3.520587700177367496e-02
-1.714705495393798462e-01 -1.685050392976619044e-02
-1.718283646549854105e-01 1.592247432510007603e-03
-1.701955310948079225e-01 1.990341337687062673e-02
-1.666063578616281682e-01 3.786749011241503926e-02
-1.611185366423340815e-01 5.527507973618300124e-02
-1.538121929448811598e-01 7.192543075027135746e-02
-1.447886611411724755e-01 8.762884094845908856e-02
-1.341690025733549285e-01 1.022088927007626796e-01
-1.220922891255608045e-01 1.155044932598246199e-01
-1.087136775626152407e-01 1.273716956580366044e-01
-9.420230230665188609e-02 1.376852794204399821e-01
-7.873901682893441611e-02 1.463400721169631213e-01
-6.251401544176403424e-02 1.532519987452120314e-01
-4.572436766936484320e-02 1.583588496112331434e-01
-2.857149908283125594e-02 1.616207592596130282e-01
-1.125865233852911713e-02 1.630203946949958238e-01
6.011637999578572922e-03 1.625628546657856555e-01
2.304002394701676337e-02 1.602752856608981313e-01
3.963274411055680430e-02 1.562062240177969352e-01
5.560391498814191286e-02 1.504246771030126328e-01
7.077768526724295683e-02 1.430189598564970133e-01
8.499022714397547196e-02 1.340953060440973899e-01
9.809154132451183838e-02 1.237762762983177223e-01
1.099470552941894108e-01 1.121989874116691155e-01
1.204389976021554010e-01 9.951318935020464496e-02
1.294675342614080016e-01 8.587921805414308607e-02
1.369516568545665058e-01 7.146585327091907469e-02
1.428298155121582313e-01 5.644811141307518043e-02
1.470602935396330968e-01 4.100500374516631574e-02
1.496213240589458759e-01 2.531729008278486154e-02
1.505109525486757471e-01 9.565257641816073131e-03
1.497466525633729117e-01 -6.073446277867561999e-03
1.473647051407836195e-01 -2.142590043198610086e-02
1.434193554206687204e-01 -3.632588895601342877e-02
1.379817627608088682e-01 -5.061575026915764858e-02
1.311387630250834824e-01 -6.414807480099686543e-02
1.229914639656363162e-01 -7.678723123984496080e-02
1.136536968686030491e-01 -8.841070650741028603e-02
1.032503480751485458e-01 -9.891024759749096618e-02
9.191559573065030686e-02 -1.081927938173166126e-01
7.979107769278459550e-02 -1.161811932560646715e-01
6.702401677547531467e-02 -1.228146999569109526e-01
5.376532940217905454e-02 -1.280492514207388910e-01
4.016774326163809195e-02 -1.318575291499800295e-01
2.638394871728063154e-02 -1.342288079052282590e-01
1.256480753840066682e-02 -1.351686021530938697e-01
-1.142358977484239386e-03 -1.346981207922731405e-01
-1.459538220630648454e-02 -1.328535436208133080e-01
-2.765874047514566003e-02 -1.296851351201174507e-01
-4.020491941991514301e-02 -1.252562129541100744e-01
-5.211562485452179289e-02 -1.196419900939531128e-01
-6.328283714441074181e-02 -1.129283106638269002e-01
-7.360969872981430739e-02 -1.052103004510891032e-01
-8.301122914387873419e-02 -9.659095352965600678e-02
-9.141486457472847160e-02 -8.717967660930141249e-02
-9.876082168582622778e-02 -7.709081255175997960e-02
-1.050022879945568532e-01 -6.644216399832823805e-02
-1.101054435757807259e-01 -5.535353724933614328e-02
-1.140493211688551889e-01 -4.394532544432113580e-02
-1.168255138902577761e-01 -3.233714873811106144e-02
-1.184377416917080511e-01 -2.064656698367633991e-02
-1.189012889637147130e-01 -8.987881034540221026e-03
-1.182423282191132352e-01 2.528966087994265633e-03
-1.164971448020153261e-01 1.379937920144209268e-02
-1.137112785077219607e-01 2.472498221617019237e-02
-1.099385989415734566e-01 3.521436533176142136e-02
-1.052403315176090176e-01 4.518370453675754628e-02
-9.968405094561798296e-02 5.455725198889763150e-02
-9.334265872009966936e-02 6.326769800695873636e-02
-8.629336052066466367e-02 7.125640746187798802e-02
-7.861665857870508978e-02 7.847353528105543985e-02
-7.039537298190297332e-02 8.487802754559398144e-02
-6.171370460203060015e-02 9.043751623911942816e-02
-5.265635087126206010e-02 9.512811707593782362e-02
-4.330768402909786902e-02 9.893414097697315890e-02
-3.375099974916574708e-02 1.018477306599486626e-01
-2.406784226708701471e-02 1.038684344559877293e-01
-1.433741030247350813e-02 1.050027298532886511e-01
-4.636046235210987410e-03 1.052635093995753224e-01
4.963190806789686410e-03 1.046695414731361878e-01
1.439086903066541002e-02 1.032449180664634369e-01
2.358144795892735956e-02 1.010185011301661523e-01
3.247346655272169424e-02 9.802337821536548368e-02
4.100966109130252391e-02 9.429633715129324967e-02
4.913701961341169350e-02 8.987736832569565015e-02
5.680678089195752289e-02 8.480920121123568245e-02
6.397438573815332485e-02 7.913688275825865592e-02
7.059939083415821270e-02 7.290740099212325576e-02
7.664535451808124344e-02 6.616935515556715552e-02
8.207970344572901311e-02 5.897267546100729702e-02
8.687358988888455036e-02 5.136839157632782510e-02
9.100174877010436258e-02 4.340844803546721475e-02
9.444236296364867667e-02 3.514556335410462529e-02
9.717694462176185155e-02 2.663312833067232877e-02
9.919023933350983036e-02 1.792513785066012291e-02
1.004701588116598404e-01 9.076149511780496823e-03
1.010077465566171784e-01 1.412615698191111682e-04
1.007971795927859182e-01 -8.823897912946692887e-03
9.983580794155082205e-02 -1.776317923982706840e-02
9.812423201758879721e-02 -2.661992527832813399e-02
9.566641664356932695e-02 -3.533700034768906539e-02
9.246983890503046588e-02 -4.385684218736773943e-02
8.854566564461341382e-02 -5.212154490570056198e-02
8.390895505437073743e-02 -6.007298010149975109e-02
7.857887559657432408e-02 -6.765296244424005845e-02
7.257893439539646330e-02 -7.480346490779557489e-02
6.593720631956853651e-02 -8.146688759924543277e-02
5.868655424217792543e-02 -8.758638273229676918e-02
5.086483043724544795e-02 -9.310623679157309374e-02
4.251504876892093360e-02 -9.797230934908322808e-02
3.368551697445678478e-02 -1.021325257898629268e-01
2.442991992222821526e-02 -1.055374217147516253e-01
1.480734279394097658e-02 -1.081407327804746049e-01
4.882224796386371024e-03 -1.099000215061306795e-01
-5.275763879414136284e-03 -1.107773341722049776e-01
-1.559192943716902757e-02 -1.107398773978216788e-01
-2.598685205563643075e-02 -1.097607032386384296e-01
-3.637677803274458332e-02 -1.078193905919751922e-01
-4.667410919355907684e-02 -1.049027098432326055e-01
-5.678799046571278430e-02 -1.010052570611486011e-01
-6.662499462604352940e-02 -9.613004366802013756e-02
-7.608990125201600674e-02 -9.028902738960652152e-02
-8.508656490617959312e-02 -8.350357043852364713e-02
-9.351886557798051725e-02 -7.580481131032762443e-02
-1.012917324420449794e-01 -6.723393727408998044e-02
-1.083122301030557538e-01 -5.784234561504338068e-02
-1.144906947215378612e-01 -4.769168292679427934e-02
-1.197419057880556165e-01 -3.685375324073603132e-02
-1.239862778695258738e-01 -2.541028750196894920e-02
-1.271510554221588485e-01 -1.345256883106783763e-02
-1.291714927795497292e-01 -1.080910122060346886e-03
-1.299920007067034422e-01 1.159601721216514149e-02
-1.295672404822965085e-01 2.446200215960261590e-02
-1.278631463488139330e-01 3.739425705234414310e-02
-1.248578573650664103e-01 5.026451839878336852e-02
-1.205425398683436095e-01 6.294027649160778559e-02
-1.149220842191848169e-01 7.528612404232148947e-02
-1.080156581415806782e-01 8.716520986017541051e-02
-9.985710129664918111e-02 9.844078062404348906e-02
-9.049514907813997755e-02 1.089777944340181715e-01
-7.999347404788974270e-02 1.186445861737690510e-01
-6.843053617981680048e-02 1.273145635039977519e-01
-5.589923560412424219e-02 1.348679109776179386e-01
-4.250636425337901009e-02 1.411932787448500759e-01
-2.837185567095282940e-02 1.461894316263784022e-01
-1.362783520858025510e-02 1.497668339954089933e-01
1.582524130515122231e-03 1.518491459400373167e-01
1.710633189939668106e-02 1.523746065853743559e-01
3.278248514543675995e-02 1.512972812441947257e-01
4.844333381866927635e-02 1.485881502333039894e-01
6.391648957689799460e-02 1.442360187321784226e-01
7.902675827271904430e-02 1.382482289565150624e-01
9.359817398384183418e-02 1.306511581520395371e-01
1.074561102844717730e-01 1.214904884574924959e-01
1.204294425915687222e-01 1.108312375089901131e-01
1.323527338912107443e-01 9.875754172481515658e-02
1.430684149883288125e-01 8.537218747950191255e-02
1.524289296539788341e-01 7.079588880425834174e-02
1.602988146888411347e-01 5.516631378941887903e-02
1.665566849946205352e-01 3.863686546320264231e-02
1.710970939108591160e-01 2.137522694324177699e-02
1.738322416054816077e-01 3.561682698128224109e-03
1.746935032858913106e-01 -1.461276726694474976e-02
1.736327515296432755e-01 -3.294847945752875373e-02
1.706234508382971082e-01 -5.123940354876280884e-02
1.656615035362578869e-01 -6.927545767473139438e-02
1.587658295133841380e-01 -8.684501415085185694e-02
1.499786655724720530e-01 -1.037374652343075881e-01
1.393655736791205302e-01 -1.197458367148032388e-01
1.270151511757673102e-01 -1.346694157338559072e-01
1.130384399635215031e-01 -1.483163582837492833e-01
9.756803572098604604e-02 -1.605062413593270620e-01
8.075690236204501049e-02 -1.710725247425992634e-01
6.277690107614093684e-02 -1.798648879004086654e-01
4.381704738538939187e-02 -1.867514084707773137e-01
2.408151363326799244e-02 -1.916205502984169584e-01
3.787398130570063422e-03 -1.943829309413908635e-01
-1.683771423161597655e-02 -1.949728409890492120e-01
-3.755837178994489434e-02 -1.933494903791695418e-01
-5.813402525730851367e-02 -1.894979601461113383e-01
-7.832191254383025214e-02 -1.834298416319048441e-01
-9.788002341900531311e-02 -1.751835491029585246e-01
-1.165701064814747279e-01 -1.648242958857968621e-01
-1.341606796931149315e-01 -1.524437285107651530e-01
-1.504300050410945222e-01 -1.381592178741122279e-01
-1.651689874320077245e-01 -1.221128114269598441e-01
-1.781839597038318845e-01 -1.044698535830773239e-01
-1.892993144169295983e-01 -8.541728758381902931e-02
-1.983599452546684072e-01 -6.516165717533550783e-02
-2.052334642330387871e-01 -4.392682856643342210e-02
-2.098121620342035532e-01 -2.195145863778111273e-02
-2.120146821436671436e-01 5.137611745613294241e-04
-2.117873828950981585e-01 2.320905248516311192e-02
-2.091053653505974275e-01 4.586865321029697656e-02
-2.039731491188287726e-01 6.822403806285358419e-02
-1.964249826848743219e-01 9.000721582581938662e-02
-1.865247795351000493e-01 1.109540614020759763e-01
-1.743656762448908271e-01 1.308076396557617815e-01
-1.600692136908931362e-01 1.493214776521507303e-01
-1.437841475842297212e-01 1.662627420808240331e-01
-1.256848995276215186e-01 1.814152794145550418e-01
-1.059696647077971038e-01 1.945824777092315938e-01
-8.485819707604747020e-02 2.055899108754601079e-01
-6.258929737706447893e-02 2.142877287292053179e-01
-3.941803359475648527e-02 2.205527591279654587e-01
-1.561272723265705320e-02 2.242902919840103204e-01
8.548257720536592275e-03 2.254355188734457893e-01
3.277988332385019937e-02 2.239546062790631342e-01
5.679392144488007443e-02 2.198453851599607156e-01
8.030250857407229825e-02 2.131376444704925488e-01
1.030217259362488091e-01 2.038930218241304382e-01
1.246751596690394842e-01 1.922044881463342847e-01
1.449973937205387420e-01 1.781954302432902093e-01
1.637373894269739394e-01 1.620183411417667474e-01
1.806617080033907918e-01 1.438531309272935155e-01
1.955575326948677251e-01 1.239050775533525189e-01
2.082354500290912735e-01 1.024024416227861667e-01
2.185319525157299880e-01 7.959377374524717608e-02
2.263116285681389395e-01 5.574494732222617238e-02
2.314690093347633038e-01 3.113595344370717263e-02
2.339300464705008631e-01 6.057497942971718299e-03
2.336531995952870755e-01 -1.919255650011266606e-02
2.306301172158466140e-01 -4.431285803349633429e-02
2.248859001598422780e-01 -6.900229622215481307e-02
2.164789420187729352e-01 -9.296374762058703944e-02
2.055003466433988901e-01 -1.159077879664459909e-01
1.920729283079948280e-01 -1.375563228492487911e-01
1.763498056814467307e-01 -1.576460895708198251e-01
1.585126061386429031e-01 -1.759319844143277523e-01
1.387693021407289118e-01 -1.921901716585277253e-01
1.173517063360909884e-01 -2.062209333865151761e-01
9.451265661739242929e-02 -2.178512224090548011e-01
7.052292655010053424e-02 -2.269368844086518122e-01
4.566790030656403543e-02 -2.333645196620230122e-01
2.024405444491471709e-02 -2.370529593589544293e-01
-5.444708219962390676e-03 -2.379543370717538409e-01
-3.109082665611399149e-02 -2.360547392067317285e-01
-5.638690195927667514e-02 -2.313744259592083186e-01
-8.102952057519022255e-02 -2.239676205428768885e-01
-1.047230319535152887e-01 -2.139218672543351518e-01
-1.271832314290880506e-01 -2.013569666120660073e-01
-1.481409006918007198e-01 -1.864235009217119488e-01
-1.673451600354800006e-01 -1.693009690153391977e-01
-1.845665890193262937e-01 -1.501955540621263130e-01
-1.996000752000565426e-01 -1.293375531813698021e-01
-2.122673541581091006e-01 -1.069785020400254166e-01
-2.224192080988807163e-01 -8.338803162557445470e-02
-2.299372948049424048e-01 -5.885049789628291755e-02
-2.347355835864340379e-01 -3.366142797722239399e-02
-2.367613800581163663e-01 -8.123828951571548593e-03
-2.359959269923246894e-01 1.745559293937611403e-02
-2.324545740835410046e-01 4.277025375098244403e-02
-2.261865151364309545e-01 6.751750454074284535e-02
-2.172740968777754633e-01 9.140238611405533675e-02
-2.058317092164466677e-01 1.141412774512712558e-01
-1.920042722581141170e-01 1.354653909536605305e-01
-1.759653406484451288e-01 1.551240697664015844e-01
-1.579148507989856232e-01 1.728878451510421910e-01
-1.380765411765690620e-01 1.885512151499636191e-01
-1.166950800478935152e-01 2.019351095655019801e-01
-9.403293914614813120e-02 2.128890111544127495e-01
-7.036705328858666730e-02 2.212927051540168333e-01
-4.598531136061961150e-02 2.270576368481045382e-01
-2.118292499508181090e-02 2.301278629090481032e-01
3.741278747347340922e-03 2.304805841694592405e-01
2.848859194972199957e-02 2.281262554515511853e-01
5.276413925043023367e-02 2.231082731268994590e-01
7.628052219362960185e-02 2.155022466375317025e-01
9.876134776791745118e-02 2.054148656586047839e-01
1.199445961546041772e-01 1.929823798495578502e-01
1.395857850733693839e-01 1.783687131535824921e-01
1.574608910388800020e-01 1.617632392973522015e-01
1.733689912844893211e-01 1.433782494517599759e-01
1.871345940188018364e-01 1.234461468830743147e-01
1.986096290018285471e-01 1.022164068019483507e-01
2.076750750983863691e-01 7.995234246167021164e-02
2.142422064214908051e-01 5.692772083110321513e-02
2.182534438483219597e-01 3.342327284421962863e-02
2.196828040038923957e-01 9.723144287704042418e-03
2.185359431891894799e-01 -1.388866617980195894e-02
2.148497991071812163e-01 -3.713183558043806065e-02
2.086918385380250318e-01 -5.973316626501390392e-02
2.001589242620315234e-01 -8.142991260554227617e-02
1.893758194558876062e-01 -1.019729426911120812e-01
1.764933524283408550e-01 -1.211296955459980201e-01
1.616862693400431539e-01 -1.386868981842727389e-01
1.451508041489662781e-01 -1.544530076673303332e-01
1.271020020616416002e-01 -1.682603500704456245e-01
1.077708344520385692e-01 -1.799669336601342762e-01
8.740114341355037508e-02 -1.894579141687005031e-01
6.624645824187437582e-02 -1.966466975690182029e-01
4.456672676584415294e-02 -2.014756701428818964e-01
2.262500510497534797e-02 -2.039165507087969120e-01
6.841494955261841031e-04 -2.039703649649736161e-01
-2.099644670393030488e-02 -2.016670469399932664e-01
-4.216402882795011048e-02 -1.970646774579255522e-01
-6.257552921227352294e-02 -1.902483742497275698e-01
-8.200044986783848466e-02 -1.813288528149398504e-01
-1.002235440904546693e-01 -1.704406812975531871e-01
-1.170472647240886066e-01 -1.577402564329599688e-01
-1.322939503471584899e-01 -1.434035310003284880e-01
-1.458077245519725229e-01 -1.276235261340989968e-01
-1.574560876791442354e-01 -1.106076642740636135e-01
-1.671311847896224112e-01 -9.257496043745988556e-02
-1.747507382424162148e-01 -7.375311085819495627e-02
-1.802586379300420705e-01 -5.437551884514011530e-02
-1.836251869393438207e-01 -3.467829795884238425e-02
-1.848470050860848424e-01 -1.489729229745593089e-02
-1.839465973522627640e-01 4.734847170448012836e-03
-1.809715986722979508e-01 2.399149266727633109e-02
-1.759937113936261011e-01 4.265474112284886599e-02
-1.691073525469522221e-01 6.051795188461900343e-02
-1.604280362674193050e-01 7.738809068606436470e-02
-1.500905186763962229e-01 9.308785455470602876e-02
-1.382467320824315449e-01 1.074575516270513537e-01
-1.250635408044158403e-01 1.203567162695050874e-01
-1.107203519425510319e-01 1.316654433192358531e-01
-9.540661578435208345e-02 1.412854294000750188e-01
-7.931925138517019469e-02 1.491407135079789448e-01
-6.266003320116809994e-02 1.551781133362642451e-01
-4.563297448034472903e-02 1.593673580608910845e-01
-2.844174244455741074e-02 1.617009224698789105e-01
-1.128713914013413332e-02 1.621935713399382251e-01
5.635319778966684304e-03 1.608816267819526136e-01
2.213769811260402065e-02 1.578219748431274327e-01
3.804177622961266853e-02 1.530908309199435491e-01
5.318100722668881591e-02 1.467822864601231181e-01
6.740227020448653905e-02 1.390066619768817180e-01
8.056740207022282385e-02 1.298886935342081217e-01
9.255449281104594084e-02 1.195655815636905150e-01
1.032589328611533824e-01 1.081849321242050882e-01
1.125942049514768312e-01 9.590262150528616747e-02
1.204924166265672475e-01 8.288061539992234994e-02
1.269045733824286093e-01 6.928477373659805427e-02
1.318005960660538489e-01 5.528267167419038952e-02
1.351690906286510119e-01 4.104146556776350208e-02
1.370168777556133866e-01 2.672583358907465109e-02
1.373682986054824695e-01 1.249601699244378208e-02
1.362643146858066590e-01 -1.494015982162156088e-03
1.337614180493990890e-01 -1.509826008857420056e-02
1.299303741339817575e-01 -2.818019848709129790e-02
1.248548203663135264e-01 -4.061414762876733309e-02
1.186297450879820609e-01 -5.228640875879567163e-02
1.113598723901728926e-01 -6.309621641208688902e-02
1.031579790614263054e-01 -7.295647756438003451e-02
9.414317005471178890e-02 -8.179429840506795280e-02
8.443913867360336445e-02 -8.955129896199465200e-02
7.417243707371570793e-02 -9.618371898390298824e-02
6.347078169267528214e-02 -1.016623215253096985e-01
5.246141688321406815e-02 -1.059721035366393282e-01
4.126955835816624452e-02 -1.091118253983460740e-01
3.001693609658371426e-02 -1.110933737145907707e-01
1.882045414433150196e-02 -1.119409737676489436e-01
7.790982311296499110e-03 -1.116902698016239565e-01
-2.967707835586775103e-03 -1.103872927317860742e-01
-1.335985301322653411e-02 -1.080873359483327106e-01
-2.329844743489988337e-02 -1.048537605909294346e-01
-3.270582717171704318e-02 -1.007567520094770908e-01
-4.151408846432774746e-02 -9.587204909963696620e-02
-4.966534154845169552e-02 -9.027966781713442357e-02
-5.711180530159068458e-02 -8.406263891831493307e-02
-6.381574590385079293e-02 -7.730578054718580117e-02
-6.974927129495475664e-02 -7.009452408944757962e-02
-7.489399456565397351e-02 -6.251380793924198043e-02
-7.924057583010590822e-02 -5.464705522542646909e-02
-8.278815832158326060e-02 -4.657524786318581467e-02
-8.554371454241145589e-02 -3.837610734445134897e-02
-8.752131925150087588e-02 -3.012339034147699934e-02
-8.874136669968704649e-02 -2.188630478236375590e-02
-8.922974981988819609e-02 -1.372904960896209094e-02
-8.901701904710662694e-02 -5.710478989990020252e-03
-8.813753808942119405e-02 2.116110621832471405e-03
-8.662865330766703065e-02 9.703074489022347690e-03
-8.452989240597898191e-02 1.700840070056549788e-02
-8.188220691013681218e-02 2.399558643573151961e-02
-7.872727144245392217e-02 3.063341920287578068e-02
-7.510685112148642040e-02 3.689567442533046859e-02
-7.106224655616819041e-02 4.276074203949226799e-02
-6.663382390392949550e-02 4.821119578673318390e-02
-6.186063535987539747e-02 5.323331960607396302e-02
-5.678013327956814987e-02 5.781660595924031920e-02
-5.142797895249016232e-02 6.195324103976629360e-02
-4.583794487800203765e-02 6.563759163466388602e-02
-4.004190729100774726e-02 6.886570792769651506e-02
-3.406992367967479757e-02 7.163485576957144552e-02
-2.795038695420134708e-02 7.394309059150311336e-02
-2.171025126836455266e-02 7.578888458211877066e-02
-1.537531643989200995e-02 7.717081765262392978e-02
-8.970556976630520568e-03 7.808733869438565234e-02
-2.520486900756788769e-03 7.853660400602711922e-02
3.950454221436391737e-03 7.851639709325147765e-02
1.041750783773911712e-02 7.802413203566606337e-02
1.685520951416327740e-02 7.705694053021555634e-02
2.323702241172576066e-02 7.561184063401026056e-02
2.953500453810525492e-02 7.368598318061096719e-02
3.571952246645153373e-02 7.127696987279601160e-02
4.175902323114671216e-02 6.838323519971439834e-02
4.761987487323312424e-02 6.500448262332488014e-02
5.326628463912876088e-02 6.114216396167085343e-02
5.866030216203458464e-02 5.679998959513048867e-02
6.376191310681954272e-02 5.198445606280861775e-02
6.852922677017676822e-02 4.670537682193104390e-02
7.291875903523831193e-02 4.097640143103504357e-02
7.688580992247734391e-02 3.481550820049773842e-02
8.038493279691538707e-02 2.824545543885275886e-02
8.337049012642976098e-02 2.129417681237683047e-02
8.579728857840444867e-02 1.399510702509030105e-02
8.762128423249400389e-02 6.387425007698519300e-03
8.880034681490309167e-02 -1.483796937111501362e-03
8.929507016129657748e-02 -9.567548068522410340e-03
8.906961336465096801e-02 -1.780694642733935545e-02
8.809256092736954258e-02 -2.613942432348921943e-02
8.633778285101782746e-02 -3.449703760889482468e-02
8.378527477901608067e-02 -4.280689962368905421e-02
8.042196445809784988e-02 -5.099173931475720067e-02
7.624246560250880211e-02 -5.897058087983001601e-02
7.124976174889585678e-02 -6.665953964183686520e-02
6.545580327660160957e-02 -7.397272644960466159e-02
5.888200167945602248e-02 -8.082325056451714063e-02
5.155960640149229168e-02 -8.712430877130455942e-02
4.352995107508370043e-02 -9.279034638622751796e-02
3.484455780520561569e-02 -9.773827396698919756e-02
2.556509020218367817e-02 -1.018887218924375421e-01
1.576314814699240202e-02 -1.051673136097793226e-01
5.519899743252829061e-03 -1.075059372718926709e-01
-5.074451469858867747e-03 -1.088439947321342000e-01
-1.592136324107999018e-02 -1.091296064485228617e-01
-2.691481167129081836e-02 -1.083207507876906145e-01
-3.794230221140558468e-02 -1.063863165201685695e-01
-4.888602540364684473e-02 -1.033070479651660434e-01
-5.962414546823548156e-02 -9.907636327171137625e-02
-7.003220725204035990e-02 -9.370102770451696483e-02
-7.998464463791916945e-02 -8.720166552189381748e-02
-8.935637130681652052e-02 -7.961309606834794661e-02
-9.802443278990569109e-02 -7.098448202949284025e-02
-1.058696958622404316e-01 -6.137928022737733358e-02
-1.127785548324884007e-01 -5.087498931368658606e-02
-1.186446274574413651e-01 -3.956268895992499229e-02
-1.233704120626981926e-01 -2.754637050288365543e-02
-1.268688836485586946e-01 -1.494206245394663971e-02
-1.290650020978895973e-01 -1.876756346495199543e-03
-1.298971073440816359e-01 1.151285794070889407e-02
-1.293181773527957712e-01 2.508183507190848288e-02
-1.272969261675225006e-01 3.867857998255386925e-02
-1.238187210520767939e-01 5.214659818083731274e-02
-1.188862999127114073e-01 6.532636967540610129e-02
-1.125202726721452884e-01 7.805732316142931226e-02
-1.047593930652766236e-01 9.017988497930252978e-02
-9.566059039416359433e-02 1.015375755838983651e-01
-8.529875407566392398e-02 1.119791248614124685e-01
-7.376626729235107038e-02 1.213605766342273351e-01
-6.117228966585622207e-02 1.295473521246756909e-01
-4.764179255867924401e-02 1.364162420227475747e-01
-3.331435432080424169e-02 1.418572971306505670e-01
-1.834272647497309575e-02 1.457755883418623555e-01
-2.891185422696957406e-03 1.480928079500930250e-01
1.286631230398141250e-02 1.487486859635711312e-01
2.874814997693122751e-02 1.477021972045245712e-01
4.456722153377641604e-02 1.449325374781409714e-01
6.013322641911553190e-02 1.404398499686998203e-01
7.525505800466024409e-02 1.342456858927719432e-01
8.974325755531681326e-02 1.263931887879446714e-01
1.034124991769694718e-01 1.169469920828414555e-01
1.160840692720176287e-01 1.059928255254211638e-01
1.275883093514572908e-01 9.363683133377145862e-02
1.377669866308928182e-01 8.000459321249064892e-02
1.464755582352200436e-01 6.523988610821639111e-02
1.535852957315788081e-01 4.950315868591433771e-02
1.589852381025076145e-01 3.296976450903468109e-02
1.625839431477633934e-01 1.582796174102461470e-02
1.643110096433314515e-01 -1.723295205884427684e-03
1.641183453618993704e-01 -1.947674532242818848e-02
1.619811592358482433e-01 -3.721936221102525172e-02
1.578986594805706911e-01 -5.473501449976463790e-02
1.518944433457907472e-01 -7.180721092841976794e-02
1.440165682734492192e-01 -8.822189385575014697e-02
1.343372985560966348e-01 -1.037702437149967127e-01
1.229525260493714578e-01 -1.182514562413806564e-01
1.099808680330134625e-01 -1.314754541283283673e-01
9.556244987202401620e-02 -1.432654951471034055e-01
7.985738463714450730e-02 -1.534606396886571966e-01
6.304396623589926529e-02 -1.619180421499275824e-01
4.531659681714215321e-02 -1.685150325746512523e-01
2.688347318042240419e-02 -1.731509574482942571e-01
7.964060586519139048e-03 -1.757487515076660012e-01
-1.121361336247984723e-02 -1.762562153811266796e-01
-3.041581290639773505e-02 -1.746469798784841265e-01
-4.940605795350878210e-02 -1.709211380977859740e-01
-6.794815619441867127e-02 -1.651055326554970726e-01
-8.580926596017250663e-02 -1.572536918123179639e-01
-1.027629477428265159e-01 -1.474454108397592889e-01
-1.185921628562781049e-01 -1.357859805025434241e-01
-1.330921780157029166e-01 -1.224050694364266917e-01
-1.460733354982851617e-01 -1.074552720583441812e-01
-1.573636500087554346e-01 -9.111033838595324064e-02
-1.668111953948700210e-01 -7.356310669788547474e-02
-1.742862469164266348e-01 -5.502316426761184875e-02
-1.796831478347976074e-01 -3.571426538921192162e-02
-1.829218726188162059e-01 -1.587153952300048368e-02
-1.839492630106667193e-01 4.261474431636146434e-03
-1.827399175093177286e-01 2.443592902845742945e-02
-1.792967194504175021e-01 4.440086344472943258e-02
-1.736509937270063197e-01 6.390645041984525931e-02
-1.658622872374943824e-01 8.270725141276991099e-02
-1.560177732956806174e-01 1.005654359917494550e-01
-1.442312854197322913e-01 1.172539216454908662e-01
-1.306419910596147982e-01 1.325593909953838023e-01
-1.154127208521591452e-01 1.462851447861870657e-01
-9.872797383765632984e-02 1.582537510220387300e-01
-8.079162366164840958e-02 1.683094531711794017e-01
-6.182435588826663830e-02 1.763203029833713686e-01
-4.206086728672617236e-02 1.821799893330777742e-01
-2.174686479921162513e-02 1.858093348055557259e-01
-1.135905882019737833e-03 1.871574376609407286e-01
1.951388023062747973e-02 1.862024436076605005e-01
3.994314581240429596e-02 1.829519345564311061e-01
5.989470742251086499e-02 1.774429273862580259e-01
7.911691250468251557e-02 1.697414810882170721e-01
9.736694415961799631e-02 1.599419160345823543e-01
1.144140191029723863e-01 1.481656544741250248e-01
1.300424351122529409e-01 1.345596966032354957e-01
1.440544261726139641e-01 1.192947516322101498e-01
1.562727860291777127e-01 1.025630480841213804e-01
1.665432239090536837e-01 8.457585206101883579e-02
1.747364197485297144e-01 6.556072632396524325e-02
1.807497503012466256e-01 4.575856670006468035e-02
1.845086619559681007e-01 2.542045549781174474e-02
1.859676708961423008e-01 4.804374235359554907e-03
1.851109763209378978e-01 -1.582817997409819918e-02
1.819526777476635493e-01 -3.621562861025579005e-02
1.765365928540393037e-01 -5.609974994803196280e-02
1.689356778190858055e-01 -7.522907457494154571e-02
1.592510576057508953e-01 -9.336219203606507810e-02
1.476106790191523410e-01 -1.102709235777457747e-01
1.341676045949991569e-01 -1.257433177512961020e-01
1.190979711011921904e-01 -1.395864275844040658e-01
1.025986382737523323e-01 -1.516288331724647276e-01
8.488456070042543766e-02 -1.617228735427166386e-01
6.618592060108620390e-02 -1.697465569911674188e-01
4.674505846291790445e-02 -1.756051254894223645e-01
2.681324410051513785e-02 -1.792322513832294018e-01
6.647332288372870442e-03 -1.805908503004318710e-01
-1.349365129722706995e-02 -1.796734994983462119e-01
-3.335194714098319024e-02 -1.765024563451494388e-01
-5.267447497554728075e-02 -1.711292771692694004e-01
-7.121617627665925709e-02 -1.636340422464930555e-01
-8.874324056873039712e-02 -1.541241981479903322e-01
-1.050361716010649316e-01 -1.427330339662989389e-01
-1.198926517288544935e-01 -1.296178129953605707e-01
-1.331301656906883624e-01 -1.149575861931384085e-01
-1.445883483748408305e-01 -9.895071813374400893e-02
-1.541310250614753019e-01 -8.181216009829724023e-02
-1.616479169614943034e-01 -6.377050840412644417e-02
-1.670559895831355834e-01 -4.506488898166205459e-02
-1.703004264772329801e-01 -2.594171153653167597e-02
-1.713552161695818810e-01 -6.651338348353071778e-03
-1.702233455089488257e-01 1.255528616618733877e-02
-1.669365981645228314e-01 3.142999857473231101e-02
-1.615549625184566906e-01 4.973072591782615182e-02
-1.541656586389733574e-01 6.722469613456157067e-02
-1.448818000434950182e-01 8.369150509541971317e-02
-1.338407082702495754e-01 9.892600012036154022e-02
-1.212019059924441811e-01 1.127409392370891522e-01
-1.071448197843709871e-01 1.249693900314201439e-01
-9.186622359121658643e-02 1.354668375729644603e-01
-7.557746020964621614e-02 1.441129730564781608e-01
-5.850148043357494138e-02 1.508131399737148715e-01
-4.086974191198433637e-02 1.554994195360454856e-01
-2.291901155302373053e-02 1.581313422161203519e-01
-4.888116466997128109e-03 1.586962175929307606e-01
1.298531104462040398e-02 1.572090800920549758e-01
3.046804908172237245e-02 1.537122536337607037e-01
4.733441772729229252e-02 1.482745435580840321e-01
6.336928343798550745e-02 1.409900694112455055e-01
7.837089508488793987e-02 1.319767571772709203e-01
9.215351308578673128e-02 1.213745142512674680e-01
1.045497962091757049e-01 1.093431148096258854e-01
1.154129142607523556e-01 9.605982717597609521e-02
1.246183589311220530e-01 8.171681825473423033e-02
1.320654295283930912e-01 6.651837305826344138e-02
1.376783750756167268e-01 5.067796974846042191e-02
1.414071792505814107e-01 3.441525241667768575e-02
1.432279798110059621e-01 1.795294501372559151e-02
1.431431194062067758e-01 1.513750399752122801e-03
1.411808299502641251e-01 -1.468272159321241423e-02
1.373945587075210140e-01 -3.042295346209902829e-02
1.318619464548316245e-01 -4.550240652601089675e-02
1.246834760119009400e-01 -5.972825291009119936e-02
1.159808150353854456e-01 -7.292191516442497745e-02
1.058948770179379689e-01 -8.492138060030954283e-02
9.458363114548884454e-02 -9.558325879653484236e-02
8.221969440666630768e-02 -1.047845552476512759e-01
6.898774222638497100e-02 -1.124241384107706465e-01
5.508177622944163826e-02 -1.184238819942510929e-01
4.070228949831118659e-02 -1.227294691520292302e-01
2.605337084969253092e-02 -1.253108502296299276e-01
1.133979020307478852e-02 -1.261623507782057840e-01
-3.235892952889988464e-03 -1.253024316365759505e-01
-1.747615666957644948e-02 -1.227731079035532247e-01
-3.119123917379797509e-02 -1.186390385105414724e-01
-4.420171883323262274e-02 -1.129863027864606573e-01
-5.634091565393439804e-02 -1.059208848159277627e-01
-6.745708141683043335e-02 -9.756689046406835653e-02
-7.741534892558803171e-02 -8.806452561944605462e-02
-8.609941461189025980e-02 -7.756786743860229205e-02
-9.341293286773030835e-02 -6.624246311670349552e-02
-9.928060488468068434e-02 -5.426279292143953298e-02
-1.036489494101594383e-01 -4.180963588227162159e-02
-1.064867476105377381e-01 -2.906737760353099442e-02
-1.077851590887118072e-01 -1.622130015555700577e-02
-1.075575117650731660e-01 -3.454894400734261767e-03
-1.058387701536586400e-01 9.052768014717478204e-03
-1.026846943406408558e-01 2.112956318874313622e-02
-9.817070758233437111e-02 3.261270741012593788e-02
-9.239049020334524909e-02 4.335098156145736348e-02
-8.545432430613456032e-02 5.320675591052912573e-02
-7.748721660573573700e-02 6.205778766239307409e-02
-6.862682973114597740e-02 6.979876728962004784e-02
-5.902125488483603299e-02 7.634259363088495565e-02
-4.882666078909486673e-02 8.162136198610225879e-02
-3.820485534567612251e-02 8.558705387451015500e-02
-2.732079737483979545e-02 8.821192169231306668e-02
-1.634009617130085038e-02 8.948856613913286351e-02
-5.426536416347352461e-03 8.942970890746237966e-02
5.260334775388356143e-03 8.806766767698687159e-02
1.556752320373936717e-02 8.545354485805946310e-02
2.535077168553198299e-02 8.165614572042993735e-02
3.447658159453544091e-02 7.676064546276034628e-02
4.282404329700227608e-02 7.086702836826920537e-02
5.028645012394475367e-02 6.408832540012608658e-02
5.677267406050299364e-02 5.654867937118978477e-02
6.220828517183880912e-02 4.838126913734323159e-02
6.653640086337445081e-02 3.972612608035974713e-02
6.971825532707159878e-02 3.072787744104561736e-02
7.173348388873167225e-02 2.153345182055893189e-02
7.258012217344708694e-02 1.228978301138620999e-02
7.227432147269798046e-02 3.141545075598469686e-03
7.084978890383784866e-02 -5.771044837366210573e-03
6.835696645468199162e-02 -1.431432217507183462e-02
6.486196245957050188e-02 -2.236314022222631037e-02
6.044525560418722437e-02 -2.980267537181707782e-02
5.520019422722841768e-02 -3.653004645791630561e-02
4.923131661078122140e-02 -4.245572531509381881e-02
4.265252045363183975e-02 -4.750471918790999393e-02
3.558511176732271492e-02 -5.161750934109213262e-02
2.815576499552016609e-02 -5.475073415727663845e-02
2.049442721269176954e-02 -5.687760909233628009e-02
1.273219979570073927e-02 -5.798808002415472423e-02
4.999230977248223656e-03 -5.808871071423951649e-02
-2.577347813225088196e-03 -5.720230923790532718e-02
-9.875409925889977458e-03 -5.536730226417618111e-02
-1.677971538676391663e-02 -5.263686991944201143e-02
-2.318365827513916080e-02 -4.907785759071101039e-02
-2.899085352913482669e-02 -4.476948436043314689e-02
-3.411653989864909392e-02 -3.980187076551305880e-02
-3.848877887807758413e-02 -3.427441119399007169e-02
-4.204943285401346875e-02 -2.829401843582486642e-02
-4.475490934057571590e-02 -2.197326965792351441e-02
-4.657666198853908923e-02 -1.542848435376751627e-02
-4.750144298319043668e-02 -8.777765608148557427e-03
-4.753130616053911905e-02 -2.139037073668281861e-03
-4.668336154568411556e-02 4.371895571988118102e-03
-4.498928831194241168e-02 1.064322562188689016e-02
-4.249461851734970264e-02 1.656893810273729270e-02
-3.925780337522305485e-02 2.205048891665174066e-02
-3.534907974104582046e-02 2.699834361597898760e-02
-3.084915699155809862e-02 3.133335243665449910e-02
-2.584774716299131567e-02 3.498794102613461687e-02
-2.044196352385758628e-02 3.790709941735093125e-02
-1.473461464969774530e-02 4.004915516907989886e-02
-8.832422515551953054e-03 4.138632016081994491e-02
-2.844194106629313427e-03 4.190500423903820854e-02
3.121023443883751049e-03 4.160589270193346817e-02
8.955774153745250585e-03 4.050378842115084921e-02
1.455598134266567270e-02 3.862722317067468492e-02
1.982266397078748243e-02 3.601784640587252923e-02
2.466355387111197894e-02 3.272960325171164753e-02
2.899458837998770272e-02 2.882771676365377192e-02
3.274125506283095260e-02 2.438749256643047911e-02
3.583976778350208420e-02 1.949296670801764497e-02
3.823805623251316788e-02 1.423541994701988528e-02
3.989655416401816784e-02 8.711783685484392192e-03
4.078877494285437777e-02 3.022964336351452713e-03
4.090166651611124027e-02 -2.727885947458221459e-03
4.023574154185075719e-02 -8.437123572604359259e-03
3.880498268433676262e-02 -1.400236313513584553e-02
3.663652467349890612e-02 -1.932419671151311413e-02
3.377011993907539505e-02 -2.430785251856800583e-02
3.025739983302674560e-02 -2.886476475706702474e-02
2.616094314083087374e-02 -3.291403227755041599e-02
2.155316867939985337e-02 -3.638374188817853488e-02
1.651507113943595159e-02 -3.921213544071844304e-02
1.113482176466787550e-02 -4.134860248453216258e-02
5.506257533910323583e-03 -4.275448321155210507e-02
-2.727158072167597236e-04 -4.340366957933153996e-02
-6.101780254866951553e-03 -4.328299584244237747e-02
-1.187989415857497975e-02 -4.239241319022930832e-02
-1.750698511861689330e-02 -4.074494672492926656e-02
-2.288561942309818784e-02 -3.836643656128768676e-02
-2.792262079805472169e-02 -3.529506832996794768e-02
-3.253061220085504829e-02 -3.158070176614670432e-02
-3.662945576455557684e-02 -2.728400930747153230e-02
-4.014756777458131781e-02 -2.247543966050440101e-02
-4.302308769891958345e-02 -1.723402407389845736e-02
-4.520488276290366564e-02 -1.164604553616040497e-02
-4.665337231844943200e-02 -5.803593257214496350e-03
-4.734115925962644605e-02 1.969734370373194465e-04
-4.725345893229837557e-02 6.256626296428597321e-03
-4.638831932291824500e-02 1.227530797124302443e-02
-4.475662973599171812e-02 1.815358349685688641e-02
-4.238191908946287167e-02 2.379427546603520016e-02
-3.929994694309982273e-02 2.910405919252280482e-02
-3.555809454107920070e-02 3.399498962040688882e-02
-3.121456817576019963e-02 3.838593362720243291e-02
-2.633742737612768114e-02 4.220388754280812726e-02
-2.100345466166131381e-02 4.538515776506754640e-02
-1.529688588028434507e-02 4.787638566242340826e-02
-9.308022351582224269e-03 4.963540056034149162e-02
-3.131747886394245159e-03 5.063188746840378146e-02
3.134024777632160932e-03 5.084785927206574713e-02
9.389952520431302241e-03 5.027792633667647199e-02
1.553687911520964908e-02 4.892935979872609781e-02
2.147744477133237823e-02 4.682194819614266673e-02
2.711766169610802663e-02 4.398765046088980862e-02
3.236843006944675749e-02 4.047005160843782784e-02
3.714696988242278258e-02 3.632363065632896598e-02
4.137814554424196212e-02 3.161285333645173778e-02
4.499566198726748234e-02 2.641110498400138507e-02
4.794311316589915800e-02 2.079948154524736970e-02
5.017486631609914538e-02 1.486545890527373598e-02
5.165676807721653052e-02 8.701462659886095505e-03
5.236666153131672857e-02 2.403362012500316787e-03
5.229470633885340697e-02 -3.931087357337002645e-03
5.144349739196622112e-02 -1.020382585008326563e-02
4.982798071486702757e-02 -1.631807198630226899e-02
4.747516898574567074e-02 -2.217987716242464033e-02
4.442366144480207335e-02 -2.769963070370924998e-02
4.072297625959957201e-02 -3.279348861672348042e-02
3.643270823334387315e-02 -3.738470119961736365e-02
3.162152546288975880e-02 -4.140482097163841746e-02
2.636602203120810492e-02 -4.479477058926523841e-02
2.074944602173554170e-02 -4.750575373416808522e-02
1.486032413141892376e-02 -4.949999458330622826e-02
8.791005795291210664e-03 -5.075129432613015301e-02
2.636150992003865202e-03 -5.124539623097658370e-02
-3.508813242952049920e-03 -5.098015393233398806e-02
-9.549242124894455341e-03 -4.996550086063125673e-02
-1.539280275148471877e-02 -4.822322201324163310e-02
-2.095095895451616966e-02 -4.578653251580075412e-02
-2.614038707346588372e-02 -4.269947059351874435e-02
-3.088429955543276623e-02 -3.901611561108780935e-02
-3.511365486687230419e-02 -3.479964469742008459e-02
-3.876823413455430384e-02 -3.012124410118036111e-02
-4.179756718425595152e-02 -2.505889378205111359e-02
-4.416169317851377507e-02 -1.969604579249279938e-02
-4.583174382737442709e-02 -1.412021871213412633e-02
-4.679034011269061349e-02 -8.421531734158637858e-03
-4.703179657814868936e-02 -2.691202948534903577e-03
-4.656213044258204758e-02 2.979963094524603825e-03
-4.539887604040217933e-02 8.503073334416794485e-03
-4.357070854414036437e-02 1.379260386846242747e-02
-4.111688362522941675e-02 1.876779590912421025e-02
-3.808650239343690930e-02 2.335396494272312662e-02
-3.453761554524052702e-02 2.748369973278715420e-02
-3.053618177004817705e-02 3.109793414511131254e-02
-2.615489833557314847e-02 3.414687329088963302e-02
-2.147192387035361597e-02 3.659075885606655892e-02
-1.656951513468966561e-02 3.840046119746914899e-02
-1.153260098123535735e-02 3.955788870382700995e-02
-6.447317729781034366e-03 4.005620799427133533e-02
-1.399530800381286813e-03 3.989987170753398621e-02
3.526632345461428158e-03 3.910445386926885564e-02
8.250213117951534988e-03 3.769629605919860849e-02
1.269479235538001349e-02 3.571197078061335434e-02
1.678977734341032674e-02 3.319757150940123858e-02
2.047158353530582550e-02 3.020784181725632081e-02
2.368469099390737090e-02 2.680515867548787304e-02
2.638255769419960498e-02 2.305838750677606172e-02
2.852837424387091869e-02 1.904162872117173486e-02
3.009564725865723767e-02 1.483287731325698411e-02
3.106860152538856376e-02 1.051261857864706391e-02
3.144239415081087619e-02 6.162384104763052317e-03
3.122313707784495421e-02 1.863292884162491385e-03
3.042772760032709523e-02 -2.305397323590956810e-03
2.908348976862214566e-02 -6.267703398960770139e-03
2.722763293575288304e-02 -9.952269769973057234e-03
2.490653665599796771e-02 -1.329364001232309980e-02
2.217487341154962543e-02 -1.623342324202447715e-02
1.909458505705209641e-02 -1.872133323838349669e-02
1.573373028245768704e-02 -2.071608468190704391e-02
1.216522280326115188e-02 -2.218612981410744353e-02
8.465481966776629633e-03 -2.311022236217070980e-02
4.713019025124966926e-03 -2.347779847906540304e-02
9.869835019457593502e-04 -2.328916753976303586e-02
-2.634305150384145654e-03 -2.255550885610802664e-02
-6.074815057357924736e-03 -2.129867367346152673e-02
-9.262223126528535896e-03 -1.955079513700921923e-02
-1.212927499118344153e-02 -1.735371220942538706e-02
-1.461505966563324266e-02 -1.475821672958001207e-02
-1.666617622294243664e-02 -1.182313587050791946e-02
-1.823777153272535673e-02 -8.614265132350624674e-03
-1.929443018467789928e-02 -5.203169643768146106e-03
-1.981090013991931506e-02 -1.665873898466436673e-03
-1.977264035854273475e-02 1.918537918468311279e-03
-1.917617960464293794e-02 5.469387192108030038e-03
-1.802927878187851260e-02 8.905906627127457495e-03
-1.635089245221058724e-02 1.214876052084160052e-02
-1.417092858403893978e-02 1.512155316112862892e-02
-1.152980900790967489e-02 1.775229895578576619e-02
-8.477836471755406320e-03 1.997482834731425377e-02
-5.074377592746395944e-03 2.173010362423317271e-02
-1.386874331318565644e-03 2.296742341681868443e-02
2.510301399303625693e-03 2.364549214992453519e-02
6.537131003921926864e-03 2.373333277591767321e-02
1.060934960219741055e-02 2.321102784390327578e-02
1.463994073509921647e-02 2.207027335581125335e-02
1.854070062410593731e-02 2.031473370807265755e-02
2.222384580716174965e-02 1.796018926449780700e-02
2.560363697928915924e-02 1.503447152120252622e-02
2.859799131221033019e-02 1.157718435320335276e-02
3.113005542877631676e-02 7.639213417595346056e-03
3.312971156958533642e-02 3.282029371724031874e-03
3.453499030859082802e-02 -1.423205912213606388e-03
3.529336444201795070e-02 -6.396717550255315819e-03
3.536290037345394405e-02 -1.155136445226956181e-02
3.471324542338768276e-02 -1.679403591488698444e-02
3.332643197282667696e-02 -2.202717646671281324e-02
3.119748217069716681e-02 -2.715041503766059405e-02
2.833480005057624485e-02 -3.206227249964001269e-02
2.476034126587012274e-02 -3.666192000580997118e-02
2.050955421144264740e-02 -4.085095937000957078e-02
1.563108999798104581e-02 -4.453519599987509209e-02
1.018628252446057009e-02 -4.762637464242910901e-02
4.248403693588596701e-03 -5.004384842799769473e-02
-2.098297426071619228e-03 -5.171615240791607726e-02
-8.759759050725518179e-03 -5.258245315643872431e-02
-1.563345835014673391e-02 -5.259385090702364818e-02
-2.260993209682409660e-02 -5.171450877966986964e-02
-2.957444353213968882e-02 -4.992258593742367190e-02
-3.640877028111479813e-02 -4.721095861460682108e-02
-4.299308629865197101e-02 -4.358771290443360508e-02
-4.920790872940127708e-02 -3.907639745987084856e-02
-5.493607911241141922e-02 -3.371602797358189130e-02
-6.006474738353528159e-02 -2.756083918807101379e-02
-6.448732664333677034e-02 -2.067978418556510462e-02
-6.810538667853510697e-02 -1.315578475629216107e-02
-7.083045475547898595e-02 -5.084740679888199479e-03
-7.258569324139839407e-02 3.425690286401074629e-03
-7.330742514183972991e-02 1.225752610065912289e-02
-7.294648065145442617e-02 2.128408858216957605e-02
-7.146934027322256189e-02 3.037180342717128029e-02
-6.885905293401568816e-02 3.938214647335173957e-02
-6.511591077108447312e-02 4.817370792151030867e-02
-6.025786583734965562e-02 5.660434396566473014e-02
-5.432067782051037963e-02 6.453338347849026102e-02
-4.735778593447032697e-02 7.182385608012267775e-02
-3.943990236006191669e-02 7.834470711047214486e-02
-3.065432892123590852e-02 8.397296474597099047e-02
-2.110400301653263602e-02 8.859582476071664603e-02
-1.090628311658830944e-02 9.211261923057273426e-02
-1.914881937248949246e-04 9.443663603776453197e-02
1.089878968052982941e-02 9.549676093291351031e-02
2.221357845827252181e-02 9.523891261756682602e-02
3.359459896085038172e-02 9.362724371223683784e-02
4.487848803932475289e-02 9.064508778820309920e-02
5.589914080749939368e-02 8.629563319596099402e-02
6.649013815854908083e-02 8.060230907769967701e-02
7.648722402050089908e-02 7.360887315106572071e-02
8.573079557403635864e-02 6.537919525813751243e-02
9.406836897215613280e-02 5.599673522144964916e-02
1.013569829808348005e-01 4.556371816982250633e-02
1.074655034100290840e-01 3.420001512076651512e-02
1.122767922237518923e-01 2.204174116283537377e-02
1.156897067961424885e-01 9.239588000470916676e-03
1.176208968986897641e-01 -4.043088162867443727e-03
1.180063696347641439e-01 -1.763239848602991475e-02
1.168027956461318156e-01 -3.134624457125802927e-02
1.139885334593736116e-01 -4.499680102452822267e-02
1.095643527684029978e-01 -5.839312298264173751e-02
1.035538417066452360e-01 -7.134384181206619713e-02
9.600348768757799300e-02 -8.365991043029169516e-02
8.698242611941335578e-02 -9.515735850544204677e-02
7.658185615936637103e-02 -1.056600171768345420e-01
6.491412759334345972e-02 -1.150021729222401867e-01
5.211150783471549947e-02 -1.230311107819990063e-01
3.832464262403621064e-02 -1.296095076393231071e-01
2.372072993412791680e-02 -1.346176407055953705e-01
8.481428726158639353e-03 -1.379553756206488291e-01
-7.199470419998685485e-03 -1.395439008603582554e-01
-2.311858110304797556e-02 -1.393271822181837705e-01
-3.906562953883337130e-02 -1.372731122525902014e-01
-5.482629859005744288e-02 -1.333743344142957199e-01
-7.018516797861279466e-02 -1.276487261034617571e-01
-8.492870947247384283e-02 -1.201395297140735452e-01
-9.884829462920029230e-02 -1.109151257316740580e-01
-1.117431720799471340e-01 -1.000684470886874788e-01
-1.234233713645984110e-01 -8.771603917381572135e-02
-1.337124909841830023e-01 -7.399677506220125878e-02
-1.424503296157023646e-01 -5.907024060488060002e-02
-1.494953213222461330e-01 -4.311480891420907402e-02
-1.547267380640208467e-01 -2.632542843326893950e-02
-1.580466258411199199e-01 -8.911153111899328128e-03
-1.593814443356144084e-01 8.907552835667326141e-03
-1.586833839201774732e-01 2.690169960676962527e-02
-1.559313383072226389e-01 4.483680692185388478e-02
-1.511315158643981027e-01 6.247604810386824664e-02
-1.443176776518352022e-01 7.958345977085201639e-02
-1.355509954719683330e-01 9.592717251365090458e-02
-1.249195285888597129e-01 1.112826172927327273e-01
-1.125373231933424478e-01 1.254356622982501779e-01
-9.854314377159076321e-02 1.381856351087688006e-01
-8.309885234752349692e-02 1.493481884443960961e-01
-6.638745419302978512e-02 1.587579674114226735e-01
-4.861083445009559134e-02 1.662710379804843153e-01
-2.998721600554021469e-02 1.717670426601917710e-01
-1.074837156424059137e-02 1.751510508170920077e-01
8.863373023373382134e-03 1.763550756920593543e-01
2.859830395944313458e-02 1.753392346979790462e-01
4.820261039664158059e-02 1.720925344743806651e-01
6.742175620288402837e-02 1.666332673523454044e-01
8.600388638190668844e-02 1.590090112739810102e-01
1.037032212125916369e-01 1.492962307381800469e-01
1.202833911078776963e-01 1.375994819291853910e-01
1.355206657992810981e-01 1.240502307465941451e-01
1.492070327187968448e-01 1.088052979148846355e-01
1.611530813600027534e-01 9.204495062870815536e-02
1.711906529289095868e-01 7.397066521086202717e-02
1.791752177078352326e-01 5.480258995046417836e-02
1.849879462091651439e-01 3.477674158142838451e-02
1.885374443392222876e-01 1.414197269359264431e-02
1.897611273673766030e-01 -6.843249314952091350e-03
1.886262124374339100e-01 -2.791420838400531304e-02
1.851303145973307862e-01 -4.880340552843195900e-02
1.793016367849410431e-01 -6.924407714805327907e-02
1.711987498148046516e-01 -8.897371803971432236e-02
1.609099637450377429e-01 -1.077375606345834930e-01
1.485522992191261327e-01 -1.252919640392593237e-01
1.342700705604833455e-01 -1.414076660440144184e-01
1.182330985108405036e-01 -1.558728523697890667e-01
1.006345772043000936e-01 -1.684960022330272422e-01
8.168862321990427722e-02 -1.791084707866223424e-01
6.162753939985185503e-02 -1.875667729166518027e-01
4.069883008275379521e-02 -1.937545369565572551e-01
1.916200785193000744e-02 -1.975841014028798248e-01
-2.714765210978675129e-03 -1.989977326153139769e-01
-2.465815648748599653e-02 -1.979684466890652972e-01
-4.639321506279799057e-02 -1.945004241253482091e-01
-6.764694930867823364e-02 -1.886290115191512629e-01
-8.815188154031002032e-02 -1.804203101528182585e-01
-1.076495318201264872e-01 -1.699703570492844262e-01
-1.258937839899138822e-01 -1.574039096198958376e-01
-1.426540886724555757e-01 -1.428728504599245108e-01
-1.577184602708731065e-01 -1.265542340239748098e-01
-1.708962278740200069e-01 -1.086480017808493931e-01
-1.820205034077693740e-01 -8.937439693515265848e-02
-1.909503343050147905e-01 -6.897111384860053762e-02
-1.975725123448447973e-01 -4.769022084183621724e-02
-2.018030150706484616e-01 -2.579489805896155799e-02
-2.035880612695986636e-01 -3.556034491396839036e-03
-2.029047673095265569e-01 1.875126994698864125e-02
-1.997613963045992702e-01 4.085124995379986468e-02
-1.941971990062605347e-01 6.247102119349454141e-02
-1.862818488948560225e-01 8.334407986766728671e-02
-1.761144799476494216e-01 1.032137080985237043e-01
-1.638223423579936999e-01 1.218362408496844740e-01
-1.495590952588704559e-01 1.389841511424318721e-01
-1.335027607107400482e-01 1.544489132060503644e-01
-1.158533676979481425e-01 1.680436064083654646e-01
-9.683031894157478892e-02 1.796052265170435258e-01
-7.666951692475329483e-02 1.889966749888809527e-01
-5.562028859138026804e-02 1.961084015123872593e-01
-3.394215068078392655e-02 2.008596798725450217e-01
-1.190145956759973422e-02 2.031995022957010510e-01
1.023200923520299621e-02 2.031070826940131746e-01
3.218850609554330111e-02 2.005919645876698409e-01
5.370173096940947244e-02 1.956937348632183105e-01
7.451219057477696806e-02 1.884813498520298003e-01
9.437044504365266206e-02 1.790520854097124304e-01
1.130402018938058417e-01 1.675301276730939148e-01
1.303012175591235777e-01 1.540648258975466645e-01
1.459519696438728031e-01 1.388286331696280129e-01
1.598120664759619391e-01 1.220147647892529524e-01
1.717243643755201610e-01 1.038346076689831143e-01
1.815567672699624768e-01 8.451491715942233141e-02
1.892036878125279431e-01 6.429484024049174351e-02
1.945871537044004951e-01 4.342280619635782712e-02
1.976575488787610524e-01 2.215332653989701001e-02
1.983939827741831030e-01 7.437474171086159904e-04
1.968042863606130899e-01 -2.054900163571381222e-02
1.929246397012245318e-01 -4.147162030857576287e-02
1.868188397515517241e-01 -6.177756950229247590e-02
1.785772221161647799e-01 -8.123008239388698759e-02
1.683152549884588400e-01 -9.960501640128371914e-02
1.561718276993168120e-01 -1.166935104735181278e-01
1.423072601397140369e-01 -1.323044152002242624e-01
1.269010627508224409e-01 -1.462664667126374052e-01
1.101494797493805661e-01 -1.584301791835988349e-01
9.226285073962661731e-02 -1.686694348673931643e-01
7.346282782704643965e-02 -1.768827549894064211e-01
5.397948677253541772e-02 -1.829942393356196739e-01
3.404837159533861263e-02 -1.869541670362508401e-01
1.390751234453500677e-02 -1.887392557191420461e-01
-6.205544484787461380e-03 -1.883525808598186801e-01
-2.605665420179172076e-02 -1.858231617108822009e-01
-4.541790345955237090e-02 -1.812052245901714931e-01
-6.407031551703527839e-02 -1.745771584847378155e-01
-8.180639793104660384e-02 -1.660401818299515331e-01
-9.843250208569175042e-02 -1.557167428986268032e-01
-1.137709670466794387e-01 -1.437486794380504196e-01
-1.276620236373761097e-01 -1.302951659834726272e-01
-1.399654381748541843e-01 -1.155304798031226987e-01
-1.505618798729288499e-01 -9.964161763813465800e-02
-1.593539989585883720e-01 -8.282579745694999829e-02
-1.662672070313778727e-01 -6.528788062676436910e-02
-1.712501560479263996e-01 -4.723774927190992068e-02
-1.742749158206730320e-01 -2.888767412654776393e-02
-1.753368541865432118e-01 -1.044970742938420259e-02
-1.744542279437361898e-01 7.866865680008227474e-03
-1.716674964005357185e-01 2.585798533928908294e-02
-1.670383728787192545e-01 4.332715474391989063e-02
-1.606486327198345665e-01 6.008762989001711907e-02
-1.525986992146726173e-01 7.596443630911282885e-02
-1.430060313797299754e-01 9.079619078635159379e-02
-1.320033396105589618e-01 1.044367092581770795e-01
-1.197366569283665333e-01 1.167563854805411250e-01
-1.063632947875057799e-01 1.276433285900745451e-01
-9.204971321894543645e-02 1.370042512934696310e-01
-7.696933544658902948e-02 1.447651040593855576e-01
-6.130033703445605942e-02 1.508714542980537643e-01
-4.522343911480419809e-02 1.552886130435371936e-01
-2.891973432814982925e-02 1.580015150517225242e-01
-1.256857279961769158e-02 1.590143614461090316e-01
3.654466188661348574e-03 1.583500370395904966e-01
1.957949315819607072e-02 1.560493171943498347e-01
3.504409663147933784e-02 1.521698815192731036e-01
4.989498159965649604e-02 1.467851540182915360e-01
6.398944246390729507e-02 1.399829902904966838e-01
7.719665674265156763e-02 1.318642346433563928e-01
8.939878918463808888e-02 1.225411712069161968e-01
1.004918993179593906e-01 1.121358926751730850e-01
1.103866480512074866e-01 1.007786113291139901e-01
1.190088020720261319e-01 8.860593669852724619e-02
1.262995376987352536e-01 7.575914373772159316e-02
1.322155486223119125e-01 6.238245456520474796e-02
1.367289645889018523e-01 4.862135567263654867e-02
1.398270904810167414e-01 3.462097107202379703e-02
1.415119774266964947e-01 2.052451015423313596e-02
1.417998394729139688e-01 6.471807111947263519e-03
1.407203309801319524e-01 -7.402033325563203703e-03
1.383157012122559482e-01 -2.096787134970843486e-02
1.346398435987924969e-01 -3.410363858075177862e-02
1.297572578279148348e-01 -4.669530790219764138e-02
1.237419432899856120e-01 -5.863772133234405187e-02
1.166762424359576306e-01 -6.983527305731213053e-02
1.086496523542740678e-01 -8.020244710097121366e-02
9.975762231868456897e-02 -8.966421135817298493e-02
9.010035423764917173e-02 -9.815627183346965767e-02
7.978162186774830078e-02 -1.056251928761847564e-01
6.890762336645560315e-02 -1.120283909562585500e-01
5.758588028457828356e-02 -1.173340110598189850e-01
4.592419455107029508e-02 -1.215206963229127912e-01
3.402967280848102904e-02 -1.245772616230939323e-01
2.200782643953280715e-02 -1.265022837039590231e-01
9.961753298854805760e-03 -1.273036211306996790e-01
-2.008595034857133844e-03 -1.269978763105484854e-01
-1.380705808655641187e-02 -1.256098127388723118e-01
-2.534182292702426634e-02 -1.231717401463821304e-01
-3.652589346787770558e-02 -1.197228797185873328e-01
-4.727747542687441018e-02 -1.153087208356970567e-01
-5.752028120833009572e-02 -1.099803798619881090e-01
-6.718376019550904854e-02 -1.037939704238065169e-01
-7.620326100895524757e-02 -9.680999338316478853e-02
-8.452013313147138662e-02 -8.909275336983621396e-02
-9.208177592585012339e-02 -8.070980731099169914e-02
-9.884164346912960308e-02 -7.173144892679679530e-02
-1.047592137953461261e-01 -6.223023167632289049e-02
-1.097999310803940837e-01 -5.228053117365971669e-02
-1.139351290250980170e-01 -4.195814668134154740e-02
-1.171419432077261819e-01 -3.133993995768041829e-02
-1.194032195007642683e-01 -2.050350851480396350e-02
-1.207074247984075976e-01 -9.526889260956478839e-03
-1.210485653038343712e-01 1.511712423321831273e-03
-1.204261165046835586e-01 1.253417387095803574e-02
-1.188449677494287232e-01 2.346269282345285478e-02
-1.163153830564714331e-01 3.422001822925863773e-02
-1.128529785976979394e-01 4.472968114346519142e-02
-1.084787153529389175e-01 5.491623162045788931e-02
-1.032189052103100191e-01 6.470548833232635244e-02
-9.710522707798585618e-02 7.402480744645564825e-02
-9.017474791161647629e-02 8.280337513615644573e-02
-8.246994317387093543e-02 9.097252825437213142e-02
-7.403871018692996520e-02 9.846610643445566358e-02
-6.493436713409475591e-02 1.052208377115561727e-01
-5.521562994922400019e-02 1.111767584749663307e-01
-4.494655901834972156e-02 1.162776671939537848e-01
-3.419646751838974902e-02 1.204716099373052685e-01
-2.303978334090958993e-02 1.237113942617311113e-01
-1.155585689744568351e-02 1.259551266090105648e-01
1.712923245434441744e-04 1.271667669591967920e-01
1.205329679560552397e-02 1.273166931699188653e-01
2.399783491096577417e-02 1.263822662214253989e-01
3.590910204297557279e-02 1.243483865135765198e-01
4.768836146954268107e-02 1.212080304524043861e-01
5.923457645593621645e-02 1.169627558453370658e-01
7.044512313105225076e-02 1.116231641177027750e-01
8.121658206891678444e-02 1.052093070870310787e-01
9.144560469390380919e-02 9.775102600019154597e-02
1.010298488078193446e-01 8.928821076143958479e-02
1.098689757239759424e-01 7.987096776218849392e-02
1.178656997237169102e-01 6.955968546621302262e-02
1.249268790572718030e-01 5.842498764913576365e-02
1.309646352265904923e-01 4.654756636422082566e-02
1.358974872551541313e-01 3.401788724857805757e-02
1.396514859749583004e-01 2.093576104458331338e-02
1.421613314176110310e-01 7.409778507418503593e-03
1.433714565156853082e-01 -6.443393017060615457e-03
1.432370595404924563e-01 -2.049985068418561096e-02
1.417250674538112765e-01 -3.462943198076011420e-02
1.388150123989729534e-01 -4.869682003055623987e-02
1.344998039110564814e-01 -6.256277075823930833e-02
1.287863800916830004e-01 -7.608545195999694144e-02
1.216962219706086146e-01 -8.912188205388620055e-02
1.132657165582271752e-01 -1.015294541084323793e-01
1.035463556690350978e-01 -1.131675287147811126e-01
9.260475944960161465e-02 -1.238990774148382573e-01
8.052251565402107625e-02 -1.335923567624202613e-01
6.739582804872058797e-02 -1.421225917108669135e-01
5.333496986585097022e-02 -1.493736459199027367e-01
3.846354092521051676e-02 -1.552396557839192948e-01
2.291752987005305983e-02 -1.596266045259985278e-01
6.844185870507706743e-03 -1.624538125947150025e-01
-9.599292904409945093e-03 -1.636553208565522943e-01
-2.624724380490213796e-02 -1.631811437025699751e-01
-4.292718408075855280e-02 -1.609983701848463344e-01
-5.946159921041274665e-02 -1.570920926613565693e-01
-7.566985689286649663e-02 -1.514661439626481254e-01
-9.137022481516493544e-02 -1.441436267672301097e-01
-1.063819697196113634e-01 -1.351672207693813133e-01
-1.205275130815533224e-01 -1.245992553429892680e-01
-1.336346157796762524e-01 -1.125215394041445410e-01
-1.455385640282464699e-01 -9.903494269262380634e-02
-1.560843276418338865e-01 -8.425872611854456906e-02
-1.651286612038534996e-01 -6.832962225751361418e-02
-1.725421186267618312e-01 -5.140067059489999285e-02
-1.782109519353421989e-01 -3.363981566643458460e-02
-1.820388658802898907e-01 -1.522827976565898668e-02
-1.839486011958240130e-01 3.641274664410299681e-03
-1.838833209442701233e-01 2.276677452078865876e-02
-1.818077764278409614e-01 4.193893584113325690e-02
-1.777092315720925353e-01 6.094360944217722120e-02
-1.715981274693935410e-01 7.956424529964045700e-02
-1.635084718809262927e-01 9.758444627491941192e-02
-1.534979418934355189e-01 1.147905798607393169e-01
-1.416476915683399784e-01 1.309744150858442313e-01
-1.280618602576742704e-01 1.459357506181173103e-01
-1.128667812416585675e-01 1.594849994607894228e-01
-9.620989441146014787e-02 1.714456954657707366e-01
-7.825837082067162165e-02 1.816568872030625281e-01
-5.919746100150925783e-02 1.899753855301259953e-01
-3.922858292751638110e-02 1.962778324972823951e-01
-1.856716904420334033e-02 2.004625609257356111e-01
2.559703333029491549e-03 2.024512163635458772e-01
2.391587217862818637e-02 2.021901159382450963e-01
4.525881227751663016e-02 1.996513211206097926e-01
6.634248465957544305e-02 1.948334053489947648e-01
8.692027944454715216e-02 1.877619010916450892e-01
1.067480154267823195e-01 1.784894149635699589e-01
1.255869583477360885e-01 1.670954037786391011e-01
1.432068189260884694e-01 1.536856088478827098e-01
1.593886913605600253e-01 1.383911503712813573e-01
1.739278932013939849e-01 1.213672883500381688e-01
1.866366682079791950e-01 1.027918610054406046e-01
1.973467150693786754e-01 8.286341616444239944e-02
2.059115066510314451e-01 6.179905539696872036e-02
2.122083667263384155e-01 3.983201480299065900e-02
2.161402739304609522e-01 1.720901018825640727e-02
2.176373659024752050e-01 -5.812622120957894670e-03
2.166581202212669310e-01 -2.896795444469310588e-02
2.131901927441590405e-01 -5.198762982000047078e-02
2.072508982735141725e-01 -7.460111767261011495e-02
1.988873230487263888e-01 -9.654002207108910993e-02
1.881760633281977790e-01 -1.175414003683067921e-01
1.752225892238103988e-01 -1.373510494192755338e-01
1.601602379123069630e-01 -1.557267165239271112e-01
1.431488453056276311e-01 -1.724411927843870762e-01
1.243730298702468984e-01 -1.872852477525805970e-01
1.040401481105753256e-01 -2.000703655429294514e-01
8.237794450301408333e-02 -2.106312455999408140e-01
5.963192273836331186e-02 -2.188280335824871470e-01
3.606247053668031749e-02 -2.245482508617630268e-01
1.194177274957299029e-02 -2.277083952343201823e-01
-1.244944918718473431e-02 -2.282551894353472000e-01
-3.682533078389770703e-02 -2.261664584976716130e-01
-6.089834826803204593e-02 -2.214516217526323050e-01
-8.438284833999548651e-02 -2.141517902466722745e-01
-1.069985787291549556e-01 -2.043394654853011305e-01
-1.284741740397597476e-01 -1.921178406443849462e-01
-1.485505516613369881e-01 -1.776197106362661648e-01
-1.669841734136182920e-01 -1.610060026130402389e-01
-1.835501300934254676e-01 -1.424639435598134274e-01
-1.980450081730258383e-01 -1.222048865066731882e-01
-2.102895005408382534e-01 -1.004618215015387617e-01
-2.201307263426887928e-01 -7.748660177245385305e-02
-2.274442286342417963e-01 -5.354691940695655017e-02
-2.321356226450002613e-01 -2.892306833275053515e-02
-2.341418719273135884e-01 -3.904535348788474441e-03
-2.334321744605460935e-01 2.121353761350010594e-02
-2.300084458366112306e-01 4.613397495803724102e-02
-2.239053919003096971e-01 7.056122631615248386e-02
-2.151901685852848356e-01 9.420501591032066913e-02
-2.039616319131246636e-01 1.167839356012570495e-01
-1.903491871816796743e-01 1.380289346092731795e-01
-1.745112510258978178e-01 1.576866613500857994e-01
-1.566333447613725838e-01 1.755226143653466075e-01
-1.369258433600972769e-01 1.913240608618240746e-01
-1.156214082998411330e-01 2.049026851818531447e-01
-9.297213686070342209e-02 2.160969327896325454e-01
-6.924646420346861064e-02 2.247740193083425653e-01
-4.472585784379317503e-02 2.308315785054045888e-01
-1.970134688887515209e-02 2.341989278384793427e-01
5.530069408784339148e-03 2.348379351790648717e-01
3.066908763269043589e-02 2.327434755558084323e-01
5.541779359425057921e-02 2.279434721348283233e-01
7.948333566401805106e-02 2.204985211062892025e-01
1.025815308587761099e-01 2.105011056009794546e-01
1.244403574189861389e-01 1.980744091434887277e-01
1.448032891465442784e-01 1.833707443865708608e-01
1.634324289041605704e-01 1.665696178932846994e-01
1.801114013753292165e-01 1.478754564714488962e-01
1.946479684103298857e-01 1.275150249547654935e-01
2.068763339942684409e-01 1.057345693074964316e-01
2.166591100164673156e-01 8.279672245139024778e-02
2.238889185393203030e-01 5.897721322768607888e-02
2.284896110966992966e-01 3.456142137363087813e-02
2.304170906306337585e-01 9.840823279846313068e-03
2.296597268811439996e-01 -1.489062567602946266e-02
2.262383614865489667e-01 -3.934012471677351963e-02
2.202059046095971862e-01 -6.321963096991886633e-02
2.116465297752574970e-01 -8.624938684795105392e-02
2.006744792116021692e-01 -1.081613257540810502e-01
1.874324969558600895e-01 -1.287023132103025103e-01
1.720899117751406304e-01 -1.476371826123772657e-01
1.548403964307940028e-01 -1.647515277175448378e-01
1.358994339177679866e-01 -1.798542173641538011e-01
1.155015249816009615e-01 -1.927796017594728961e-01
9.389717440800572634e-02 -2.033893838981583879e-01
7.134969625238256341e-02 -2.115741342295857363e-01
4.813188029548919750e-02 -2.172544315135998549e-01
2.452256355117882550e-02 -2.203816178239390577e-01
8.031515950572290724e-04 -2.209381608070073444e-01
-2.274586518005385083e-02 -2.189376215097811329e-01
-4.584835554552880305e-02 -2.144242312830192676e-01
-6.823590768735170176e-02 -2.074720863738199750e-01
-8.965106320898151571e-02 -1.981839737757554731e-01
-1.098503843803334407e-01 -1.866898466387469646e-01
-1.286073166640485654e-01 -1.731449719914315288e-01
-1.457148115763118590e-01 -1.577277776373367246e-01
-1.609876784089185331e-01 -1.406374287991952188e-01
-1.742646372010077382e-01 -1.220911683555915145e-01
-1.854100495467394805e-01 -1.023214572997541150e-01
-1.943153084047097301e-01 -8.157295406609162136e-02
-2.008998722195479980e-01 -6.009937405534562793e-02
-2.051119344274102974e-01 -3.816027077508432619e-02
-2.069287238916645844e-01 -1.601778033823886976e-02
-2.063564362892557347e-01 6.066627564112551593e-03
-2.034298018756712789e-01 2.783535062743102903e-02
-1.982112996339999711e-01 4.903776614682284207e-02
-1.907900323635538242e-01 6.943321544648647925e-02
-1.812802815649383337e-01 8.879382365845947533e-02
-1.698197649747122950e-01 1.069071206214180780e-01
-1.565676232421352732e-01 1.235784317392429055e-01
-1.417021654767418315e-01 1.386330110919686553e-01
-1.254184061885597889e-01 1.519178928764619019e-01
-1.079254284593039181e-01 1.633034413144760222e-01
-8.944360999650971533e-02 1.726845834421139869e-01
-7.020175001438795637e-02 1.799817136252912231e-01
-5.043413564381482583e-02 1.851412631671707221e-01
-3.037758679563138525e-02 1.881359329218178777e-01
-1.026851809024677091e-02 1.889645913399505828e-01
9.659944366141886077e-03 1.876518447853812166e-01
2.918075491389680171e-02 1.842472912144536290e-01
4.807561434876020390e-02 1.788244723483785326e-01
6.613747763295560467e-02 1.714795432365658900e-01
8.317287359949321335e-02 1.623296815590517805e-01
9.900400996966782219e-02 1.515112621043263608e-01
1.134706405856331507e-01 1.391778243689856531e-01
1.264316743358460948e-01 1.254978640918506250e-01
1.377665105300267256e-01 1.106524808344422212e-01
1.473760891828478359e-01 9.483291456774939343e-02
1.551836475695309303e-01 7.823800610279836587e-02
1.611351795553360444e-01 6.107161594625274553e-02
1.651995980070350145e-01 4.354003614731175031e-02
1.673686045908598374e-01 2.584942909090183483e-02
1.676562751217342828e-01 8.203326121493435472e-03
1.660983723003413015e-01 -9.199782624945281387e-03
1.627514011088130597e-01 -2.616873771713322874e-02
1.576914252878371947e-01 -4.252185207519249693e-02
1.510126661478660703e-01 -5.808888020923807377e-02
1.428259074403469275e-01 -7.271279339925999785e-02
1.332567321026987550e-01 -8.625134231571221499e-02
1.224436183705022163e-01 -9.857839192218115221e-02
1.105359240057741249e-01 -1.095850169834998167e-01
9.769178821150792391e-02 -1.191803500716082098e-01
8.407598118669594445e-02 -1.272921775638868602e-01
6.985773122613073149e-02 -1.338672827116015318e-01
5.520855879510586789e-02 -1.388715383677265880e-01
4.030014612651594552e-02 -1.422897553539772264e-01
2.530226961839797395e-02 -1.441252956693157283e-01
1.038082068063774129e-02 -1.443994627528039365e-01
-4.304061277755249874e-03 -1.431506837727556658e-01
-1.859972258738124343e-02 -1.404335013266365950e-01
-3.236257588132004231e-02 -1.363173941913339848e-01
-4.545951191809312342e-02 -1.308854487772785347e-01
-5.776912993738878010e-02 -1.242329038134069724e-01
-6.918277522469758190e-02 -1.164655923144983368e-01
-7.960537689282740081e-02 -1.076983054840922605e-01
-8.895608165560736635e-02 -9.805310350823608079e-02
-9.716868242493564845e-02 -8.765759813071612172e-02
-1.041918435466632070e-01 -7.664323146759957628e-02
-1.099891273598664898e-01 -6.514357473356877093e-02
-1.145388294767694382e-01 -5.329266943552456864e-02
-1.178336326991364785e-01 -4.122343216585521580e-02
-1.198800917773997221e-01 -2.906614242843057194e-02
-1.206979632514204037e-01 -1.694703098831914709e-02
-1.203193963616183276e-01 -4.986984088069012014e-03
-1.187880024662295170e-01 6.699623441744126558e-03
-1.161578215298967182e-01 1.800595559119329281e-02
-1.124922050512625477e-01 2.883359503758881753e-02
-1.078626352687517553e-01 3.909326997536848730e-02
-1.023475006257347775e-01 4.870542498063909487e-02
-9.603084729547803344e-02 5.760063550561618506e-02
-8.900112607451637903e-02 6.571986804029271434e-02
-8.134995316695076140e-02 7.301459030138304773e-02
-7.317090232275068329e-02 7.944673797714080221e-02
-6.455834448554652327e-02 8.498854653953764882e-02
-5.560634926928643973e-02 8.962225846724808376e-02
-4.640766208329111242e-02 9.333971736288361465e-02
-3.705276742210039664e-02 9.614186253092661671e-02
-2.762904666828863709e-02 9.803813803785606240e-02
-1.822003832739224269e-02 9.904583080781444171e-02
-8.904805291599246497e-03 9.918935314527704827e-02
2.425880986578066037e-04 9.849948510086053988e-02
9.153488507769706045e-03 9.701259197272985024e-02
1.776495689896285396e-02 9.476983184283514772e-02
2.601996590741055548e-02 9.181636739876943010e-02
3.386749630919420190e-02 8.820059540687620603e-02
4.126253921970016170e-02 8.397340610262607474e-02
4.816601208500620457e-02 7.918748347583794145e-02
5.454459775157131235e-02 7.389665597951801390e-02
6.037051689584028991e-02 6.815530561273175358e-02
6.562124485327623657e-02 6.201784165258024395e-02
7.027918439740342416e-02 5.553824357177381682e-02
7.433130627982957594e-02 4.876967591080658831e-02
7.776876935266555102e-02 4.176417611164045390e-02
8.058653186055114714e-02 3.457241459677880963e-02
8.278296502029509896e-02 2.724352472611141912e-02
8.435947931578113845e-02 1.982499871464048213e-02
8.532017304201454377e-02 1.236264417555634453e-02
8.567151155623971281e-02 4.900594690753758316e-03
8.542204446034810938e-02 -2.518633272808589244e-03
8.458216632245767197e-02 -9.854045815924875051e-03
8.316392602703126524e-02 -1.706604811000276764e-02
8.118088728844223556e-02 -2.411630221839240057e-02
7.864804096817723522e-02 -3.096757629533017017e-02
7.558176962701618207e-02 -3.758359455150839246e-02
7.199986224570718851e-02 -4.392889784478429260e-02
6.792157576128880769e-02 -4.996872408874841742e-02
6.336773865647780946e-02 -5.566891699398029275e-02
5.836089054651109193e-02 -6.099587078098367421e-02
5.292545055783690749e-02 -6.591651744845561378e-02
4.708790630966980251e-02 -7.039836196751354802e-02
4.087701451304892597e-02 -7.440956942657539486e-02
3.432400360952125862e-02 -7.791910670007606843e-02
2.746276849591460997e-02 -8.089693968646317901e-02
2.033004723178855055e-02 -8.331428558780898386e-02
1.296556970672910897e-02 -8.514391811671734311e-02
5.412168556020581327e-03 -8.636052194819907046e-02
-2.284156848636459142e-03 -8.694109121683797625e-02
-1.007423175010285603e-02 -8.686536542411710249e-02
-1.790576015265108595e-02 -8.611629479712490376e-02
-2.572344806675586765e-02 -8.468052595605314592e-02
-3.346920083235323251e-02 -8.254889772958516614e-02
-4.108239803357827125e-02 -7.971693612725966327e-02
-4.850024793089458691e-02 -7.618533685571397818e-02
-5.565822165874034777e-02 -7.196042336724220445e-02
-6.249056552492487232e-02 -6.705456809543801355e-02
-6.893088860771483251e-02 -6.148656538124476489e-02
-7.491282049115270680e-02 -5.528194378723131491e-02
-8.037073191615455581e-02 -4.847320635884034418e-02
-8.524051045442064545e-02 -4.109998901519162917e-02
-8.946038115188245654e-02 -3.320912752749414359e-02
-9.297176081322938712e-02 -2.485462500841761901e-02
-9.572013335874893225e-02 -1.609751329300806652e-02
-9.765593263633419452e-02 -7.005603224502592735e-03
-9.873541823865877864e-02 2.346879358884446532e-03
-9.892152927836250775e-02 1.187977323612065227e-02
-9.818470072898956291e-02 2.150757632031954913e-02
-9.650362685859290024e-02 3.114015233561080731e-02
-9.386595647419629374e-02 4.068354483645145875e-02
-9.026890516193164515e-02 5.004089169340395632e-02
-8.571977044820107416e-02 5.911343116119721630e-02
-8.023633681548564267e-02 6.780158872298468198e-02
-7.384715877158136432e-02 7.600613210428561195e-02
-6.659171167768623834e-02 8.362938020486385127e-02
-5.852040176912329250e-02 9.057645023845428689e-02
-4.969442872871471240e-02 9.675652612790157370e-02
-4.018549626933255736e-02 1.020841302029316389e-01
-3.007536841801567579e-02 1.064803795118709484e-01
-1.945527153547105259e-02 1.098742076055968520e-01
-8.425144515629914496e-03 1.122035324959342467e-01
2.907257828829635897e-03 1.134163515034218861e-01
1.442740117115584586e-02 1.134717447805737439e-01
2.601513808056733074e-02 1.123407691863405750e-01
3.754599208052249171e-02 1.100072254639892499e-01
4.889254549820936518e-02 1.064682837032709800e-01
5.992591482522812568e-02 1.017349531118282857e-01
7.051729558117669772e-02 9.583238419127881880e-02
8.053955709136555174e-02 8.879999355754254753e-02
8.986886627118628734e-02 8.069140399453707257e-02
9.838631847894578619e-02 7.157419485272982496e-02
1.059795527783296554e-01 6.152946056332253555e-02
1.125443285586305020e-01 5.065117779638833584e-02
1.179860404081517766e-01 3.904538460625028157e-02
1.222211484313328045e-01 2.682917773737321376e-02
1.251785018453716869e-01 1.412953706571120488e-02
1.268005346842685233e-01 1.081988880233503147e-03
1.270443137686453061e-01 -1.217087767590788877e-02
1.258824207544213258e-01 -2.548102422744767670e-02
1.233036520332066177e-01 -3.869668781488022624e-02
1.193135224978962017e-01 -5.166419550557354440e-02
1.139345616795135741e-01 -6.422984615040792933e-02
1.072063934726605883e-01 -7.624183501421682996e-02
9.918559355997259852e-02 -8.755219588247623030e-02
8.994532168042194964e-02 -9.801873447144514306e-02
7.957472901910539465e-02 -1.075069265617039360e-01
6.817814429732950432e-02 -1.158917541705501569e-01
5.587404490556712594e-02 -1.230594538038355251e-01
4.279382302345408062e-02 -1.289091509957064619e-01
2.908035989976200456e-02 -1.333543566826078386e-01
1.488642376156839621e-02 -1.363243027993073786e-01
3.729099977531203486e-04 -1.377650959778892181e-01
-1.429305530613367119e-02 -1.376406705185564128e-01
-2.894012514155555257e-02 -1.359335242930591603e-01
-4.339482935630642468e-02 -1.326452240062667431e-01
-5.748373350674573778e-02 -1.277966692420679784e-01
-7.103563058178814782e-02 -1.214281079157178839e-01
-8.388373651364315620e-02 -1.135988991018617861e-01
-9.586785990890228648e-02 -1.043870226589445060e-01
-1.068365163666931406e-01 -9.388833857763419222e-02
-1.166489581043495261e-01 -8.221560249300953471e-02
-1.251770903853292594e-01 -6.949724726667221020e-02
-1.323072474327015302e-01 -5.587594391490811191e-02
-1.379418021020090979e-01 -4.150695838265092835e-02
-1.420005855612482826e-01 -2.655632369207281546e-02
-1.444220955588441380e-01 -1.119884978327420968e-02
-1.451644745230733224e-01 4.384004130019191967e-03
-1.442062416935358526e-01 2.000636768367867677e-02
-1.415467666974936645e-01 3.548027913305692310e-02
-1.372064754075924264e-01 5.061805649789725969e-02
-1.312267825055844772e-01 6.523468878250102132e-02
-1.236697490461235449e-01 7.915021534325582253e-02
-1.146174664221655815e-01 9.219206151872495758e-02
-1.041711726877322247e-01 1.041972985039256588e-01
-9.245011101738898063e-02 1.150147965061482092e-01
-7.959014282777759908e-02 1.245072414751146328e-01
-6.574213222502210685e-02 1.325529871169492946e-01
-5.107012156449774326e-02 1.390477159888637571e-01
-3.574932093751963247e-02 1.439058858757668868e-01
-1.996393713223524810e-02 1.470619404064562596e-01
-3.904870012266321161e-03 1.484712659389890166e-01
1.223269372008901380e-02 1.481108800908310374e-01
2.825175779040943816e-02 1.459798408637640876e-01
4.395603187405250356e-02 1.420993690670238896e-01
5.915245186014590761e-02 1.365126806225822886e-01
7.365367106877555858e-02 1.292845292895651033e-01
8.728048882682089282e-02 1.205004643148367277e-01
9.986418347223607883e-02 1.102658114475353335e-01
1.112487179841861878e-01 9.870438959082772357e-02
1.212927880138864184e-01 8.595697904944359091e-02
1.298716840982727383e-01 7.217956081360943354e-02
1.368789422495022001e-01 5.754134954843943828e-02
1.422277598955482003e-01 4.222264588567536947e-02
1.458521572631540641e-01 2.641253619900830324e-02
1.477078677015026265e-01 1.030647024692500635e-02
1.477729440961547125e-01 -5.896251144736307931e-03
1.460480726194737233e-01 -2.199504481446240556e-02
1.425565880463569579e-01 -3.779063620660197409e-02
1.373441901388550990e-01 -5.308763736159535784e-02
1.304783648078562674e-01 -6.769707733896049295e-02
1.220475164927315864e-01 -8.143885103956735594e-02
1.121598231780172039e-01 -9.414405320750413031e-02
1.009418290559354614e-01 -1.056571659784536349e-01
8.853679347278710365e-02 -1.158380702895751152e-01
7.510281817463260179e-02 -1.245638538323370348e-01
6.081077794481402204e-02 -1.317303909820874697e-01
4.584208245854427127e-02 -1.372536732382790559e-01
3.038629952862361913e-02 -1.410708721140200295e-01
1.463867184737501805e-02 -1.431411200753703039e-01
-1.202439184923239290e-03 -1.434459989981380079e-01
-1.693814793718466036e-02 -1.419897296284070298e-01
-3.237164218725301773e-02 -1.387990596459378057e-01
-4.731074873689598836e-02 -1.339228520787846544e-01
-6.157043226220240695e-02 -1.274313799442223782e-01
-7.497519359291375529e-02 -1.194153370368707945e-01
-8.736133502058635036e-02 -1.099845786923631802e-01
-9.857906209512434792e-02 -9.926661006854925473e-02
-1.084943936559198685e-01 -8.740484295333666998e-02
-1.169908545252130588e-01 -7.455664527963111465e-02
-1.239709283292977082e-01 -6.089121035843789165e-02
-1.293572512646586903e-01 -4.658727529090892633e-02
-1.330935315797634744e-01 -3.183072013277798290e-02
-1.351451820568687345e-01 -1.681208050324277739e-02
-1.354996583124196963e-01 -1.724008393042382892e-03
-1.341665000512580475e-01 1.324128404381021487e-02
-1.311770747547142679e-01 2.789456303429740935e-02
-1.265840287258393759e-01 4.205205925624019153e-02
-1.204604541557940112e-01 5.553786760491377650e-02
-1.128987847954577017e-01 6.818622813098358659e-02
-1.040094365499823897e-01 7.984365738279228242e-02
-9.391921280837495223e-02 9.037090157380681110e-02
-8.276949752585226194e-02 9.964468558111137797e-02
-7.071426194849006475e-02 1.075592347255281966e-01
-5.791791336728795841e-02 1.140275495454512317e-01
-4.455301637735062381e-02 1.189824173074707780e-01
-3.079791876857193578e-02 1.223771477462199803e-01
-1.683431536449685531e-02 1.241860244393990648e-01
-2.844783840124293084e-03 1.244044672451724981e-01
1.098967322159150051e-02 1.230489053001838501e-01
2.449204603273425623e-02 1.201563641388020687e-01
3.749166180080764493e-02 1.157837744896594440e-01
4.982642337368860253e-02 1.100070141769358412e-01
6.134491193627954891e-02 1.029196982459990722e-01
7.190832545116911112e-02 9.463173589347786963e-02
8.139222701451390152e-02 8.526767596167880714e-02
8.968808013383601507e-02 7.496486561173380803e-02
9.670455147443490773e-02 6.387144944979840366e-02
1.023685635465285543e-01 5.214423760292400539e-02
1.066260851020437023e-01 3.994647438748000212e-02
1.094426512122509271e-01 2.744553973323482152e-02
1.108036067904820954e-01 1.481061555904577415e-02
1.107140727746863951e-01 2.210350435516802124e-03
1.091986377953969439e-01 -1.018944459107339745e-02
1.063007820434084955e-01 -2.222803681665797351e-02
1.020820438206557351e-01 -3.375191827874174377e-02
9.662094285330061205e-02 -4.461682825392987439e-02
9.001167781651750466e-02 -5.468962436272870736e-02
8.236261861802363082e-02 -6.384997716742833729e-02
7.379461676837165141e-02 -7.199186587330690112e-02
6.443915959154053463e-02 -7.902485577403556283e-02
5.443639606596496761e-02 -8.487514137317124507e-02
4.393306370622267198e-02 -8.948634261555206415e-02
3.308034707778339384e-02 -9.282004532291475429e-02
2.203169926669086218e-02 -9.485608069270751175e-02
1.094065789470299865e-02 -9.559254253216240005e-02
-4.131292300524325427e-05 -9.504554470504966712e-02
-1.076692393041143829e-02 -9.324872501038157513e-02
-2.109507574051189965e-02 -9.025250533609084636e-02
-3.089275936917432186e-02 -8.612312138381043869e-02
-4.003681607983519686e-02 -8.094143849355905918e-02
-4.841553261580067852e-02 -7.480157306311804866e-02
-5.593005092125228478e-02 -6.780934199215214730e-02
-6.249557288257043958e-02 -6.008056358761404425e-02
-6.804234532669629909e-02 -5.173923733740442427e-02
-7.251641448113214927e-02 -4.291563079947250531e-02
-7.588014039443834180e-02 -3.374430169178786743e-02
-7.811246690736436959e-02 -2.436208524215076332e-02
-7.920894608530798520e-02 -1.490607671717163012e-02
-7.918151965703623674e-02 -5.511638827051235784e-03
-7.805806357130570805e-02 3.689536958632634849e-03
-7.588170522949906627e-02 1.257128723623081312e-02
-7.270992622805838579e-02 2.101472518055931896e-02
-6.861346650160060623e-02 2.890985616645162098e-02
-6.367504855194934532e-02 3.615703814766268315e-02
-5.798794293991316184e-02 4.266826698312860960e-02
-5.165439837026410130e-02 4.836826971705331796e-02
-4.478396148608990157e-02 5.319539186635087458e-02
-3.749171288228963367e-02 5.710226799919918689e-02
-2.989644683128590830e-02 6.005626825195464064e-02
-2.211882277516245832e-02 6.203971687682690445e-02
-1.427951677197267580e-02 6.304988238697459280e-02
-6.497400790965912956e-03 6.309874231639132913e-02
1.112222960549188967e-03 6.221252898711550350e-02
8.439306613232932033e-03 6.043106592537281913e-02
1.538063555176270684e-02 5.780690764293118511e-02
2.184127897038885824e-02 5.440429835482525622e-02
2.773589193320130653e-02 5.029796817545564847e-02
3.298984995483546234e-02 4.557178593582822401e-02
3.754020110216132328e-02 4.031729221740079638e-02
4.133642434989877323e-02 3.463213718118739876e-02
4.434098390726442379e-02 2.861844719574944962e-02
4.652967378931435055e-02 2.238114678691127679e-02
4.789174991652532520e-02 1.602626239680223635e-02
4.842985032826534891e-02 9.659234447175903127e-03
4.815970736052574419e-02 3.383263801823563344e-03
4.710965881575914643e-02 -2.702282075642223683e-03
4.531996819466344723e-02 -8.503379154173658361e-03
4.284196692042049892e-02 -1.393275048754135520e-02
3.973703412244584260e-02 -1.891114279628049871e-02
3.607543192004869503e-02 -2.336845747386281577e-02
3.193501622173772203e-02 -2.724471996502434573e-02
2.739984480324178170e-02 -3.049087414644065241e-02
2.255870582188750084e-02 -3.306939120794924469e-02
1.750359094762336809e-02 -3.495468554053800941e-02
1.232813792840540580e-02 -3.613333323771401179e-02
7.126067652600397151e-03 -3.660409196085574052e-02
1.989640622384255663e-03 -3.637772405755209520e-02
-2.991842785214607510e-03 -3.547662790593755083e-02
-7.733474807975800579e-03 -3.393428543995716251e-02
-1.215608335308905608e-02 -3.179453664450643258e-02
-1.618746504541678302e-02 -2.911069445222311258e-02
-1.976348995066923298e-02 -2.594451634474582991e-02
-2.282906075546478619e-02 -2.236504910413883093e-02
-2.533891250886374791e-02 -1.844736782472926676e-02
-2.725824261024573092e-02 -1.427123130159800406e-02
-2.856316162208282980e-02 -9.919674835950367808e-03
-2.924095951336372345e-02 -5.477564305899212081e-03
-2.929018471867118889e-02 -1.030135260556645435e-03
-2.872053641166396123e-02 3.338459152764109740e-03
-2.755257337855831698e-02 7.546567944352600144e-03
-2.581724579024210695e-02 1.151640693339938543e-02
-2.355525896537542102e-02 1.517534656096347113e-02
-2.081628084783240448e-02 1.845710252309733929e-02
-1.765800734948537801e-02 2.130281058964531016e-02
-1.414510189639096339e-02 2.366196896722962822e-02
-1.034802742963674728e-02 2.549323381080555520e-02
-6.341790722649604146e-03 2.676505594997549697e-02
-2.204620160759054957e-03 2.745614953385261403e-02
1.983400932383137024e-03 2.755578606891872714e-02
6.141722756404613057e-03 2.706391018339371346e-02
1.019071640386636640e-02 2.599107635329163737e-02
1.405303741040749010e-02 2.435820872328724185e-02
1.765494327324892976e-02 2.219618900372123671e-02
2.092754359442329515e-02 1.954528017848649463e-02
2.380796271116805696e-02 1.645439637380573250e-02
2.624039619878583765e-02 1.298023167405213535e-02
2.817704471560023710e-02 9.186263417643312362e-03
2.957890988999626464e-02 5.141645223628613266e-03
3.041643973275709456e-02 9.200097507102831694e-04
3.067001459467835756e-02 -3.401797819726019943e-03
3.033026567518849054e-02 -7.745036165846550316e-03
2.939822167500786426e-02 -1.203041170356538084e-02
2.788528184853871286e-02 -1.617942781349252998e-02
2.581301653392324702e-02 -2.011571727360107059e-02
2.321279903212827844e-02 -2.376633611487241268e-02
2.012527542646956949e-02 -2.706299782645900723e-02
1.659968153745516872e-02 -2.994322788251243747e-02
1.269301865348962388e-02 -3.235141992679382156e-02
8.469101927277247754e-03 -3.423977661053366484e-02
3.997497345387702843e-03 -3.556912000613314528e-02
-6.476350670977061097e-04 -3.630955868241473455e-02
-5.388772680857315846e-03 -3.644100089079235771e-02
-1.014631605828873913e-02 -3.595350583740963835e-02
-1.483990801298097975e-02 -3.484746766299343101e-02
-1.938976435595761091e-02 -3.313362947708427264e-02
-2.371799462236407266e-02 -3.083292755251263589e-02
-2.774989129267406776e-02 -2.797616853514575674e-02
-3.141516658829143771e-02 -2.460354521898070260e-02
-3.464911682253463826e-02 -2.076399903453635468e-02
-3.739369550898487965e-02 -1.651443985780516599e-02
-3.959847794956038169e-02 -1.191883602869763491e-02
-4.122150202489280324e-02 -7.047190127637183860e-03
-4.222997139388821181e-02 -1.974415403646367830e-03
-4.260080961716768144e-02 3.220867431250801216e-03
-4.232105729271277983e-02 8.457592328794637238e-03
-4.138810550918133047e-02 1.365355030754903526e-02
-3.980976212821004528e-02 1.872671041099722641e-02
-3.760415004574687442e-02 2.359653786701790962e-02
-3.479943929420267063e-02 2.818528818407741929e-02
-3.143341752260506855e-02 3.241925635068130390e-02
-2.755290598806746372e-02 3.622996107031494634e-02
-2.321303066720618868e-02 3.955524505118290790e-02
-1.847636041112939165e-02 4.234027376032076240e-02
-1.341192618541888620e-02 4.453841672206178270e-02
-8.094137323509239743e-03 4.611199736390778070e-02
-2.601612348188143357e-03 4.703289955709333281e-02
2.984056744005030015e-03 4.728302132957190596e-02
8.579586807873761101e-03 4.685456870789022482e-02
1.410131184691183065e-02 4.575018523125069098e-02
1.946649626998653293e-02 4.398291533411802234e-02
2.459463205808352232e-02 4.157600247014966999e-02
2.940869909470052168e-02 3.856252550686779801e-02
3.383636854999948901e-02 3.498487951458151279e-02
3.781113016809311417e-02 3.089410956293468791e-02
4.127332557275908281e-02 2.634910848416605056e-02
4.417107125843814514e-02 2.141569172618126848e-02
4.646105686826996345e-02 1.616556502022738553e-02
4.810920620750133714e-02 1.067519959993120521e-02
4.909119023019239969e-02 5.024634582927963757e-03
4.939278487692804614e-02 -7.037728256402259706e-04
4.901006822461220769e-02 -6.426631192423611257e-03
4.794945420133641528e-02 -1.206081148319045060e-02
4.622756278734363455e-02 -1.752473567475990729e-02
4.387092925815803263e-02 -2.273963675080762498e-02
4.091555761390421042e-02 -2.763076999618126195e-02
3.740632583790134275e-02 -3.212855634350120226e-02
3.339625299748084919e-02 -3.616963967458426688e-02
2.894564040247565515e-02 -3.969784141848284320e-02
2.412110103655366183e-02 -4.266499749386567369e-02
1.899449324142917991e-02 -4.503166458797854682e-02
1.364177613574142460e-02 -4.676768491558037921e-02
8.141805465083466753e-03 -4.785260092380654723e-02
2.575089488029750750e-03 -4.827591386487573022e-02
-2.977474909240717792e-03 -4.803718270781725391e-02
-8.435865419061683648e-03 -4.714596246136031760e-02
-1.372217646379463030e-02 -4.562158359040417027e-02
-1.876182032439329198e-02 -4.349277678557418592e-02
-2.348466800923444328e-02 -4.079714984733082139e-02
-2.782611167019141338e-02 -3.758052583226090954e-02
-3.172803171143533801e-02 -3.389615384077764720e-02
-3.513965334747181507e-02 -2.980380586626728279e-02
-3.801827923666965120e-02 -2.536877564637186888e-02
-4.032988715936117186e-02 -2.066079418214072233e-02
-4.204958288803079675e-02 -1.575288139420262870e-02
-4.316190209697327168e-02 -1.072015450186419167e-02
-4.366095727984331543e-02 -5.638610715377293491e-03
-4.355042793088634290e-02 -5.839050164192582200e-04
-4.284339497926555052e-02 4.369856873066786489e-03
-4.156202303104755691e-02 9.151290551079202529e-03
-3.973709647520562438e-02 1.369285088538288800e-02
-3.740741790735024191e-02 1.793187767147158551e-02
-3.461907957840952565e-02 2.181155207394895601e-02
-3.142462064811813588e-02 2.528174846130945216e-02
-2.788208488085167774e-02 2.829976803129613527e-02
-2.405399503349732460e-02 3.083094263411098254e-02
-2.000626152513713951e-02 3.284909940049173666e-02
-1.580704402424728747e-02 3.433687913464737035e-02
-1.152558532361821174e-02 3.528590389932222821e-02
-7.231037284121887530e-03 3.569679176099037343e-02
-2.991298708950390888e-03 3.557901923527472671e-02
1.128115241379023821e-03 3.495063453349563781e-02
5.065153062052215986e-03 3.383782721827782031e-02
8.762238211211633571e-03 3.227436228771683041e-02
1.216719477858476534e-02 3.030088898358504479e-02
1.523407206740041812e-02 2.796413672148152091e-02
1.792385438559673805e-02 2.531601243454858693e-02
2.020504419223423387e-02 2.241261599632899185e-02
2.205410974932938209e-02 1.931318892832575851e-02
2.345578897922912659e-02 1.607901607558448118e-02
2.440324498756353544e-02 1.277230109869865841e-02
2.489807158163222234e-02 9.455033277180219589e-03
2.495014885407958669e-02 6.187866088887283150e-03
2.457735176339659322e-02 3.029027147663180403e-03
2.380511717302931721e-02 3.327854041506508317e-05
2.266587725232828421e-02 -2.749054260016567212e-03
2.119836945409699080e-02 -5.272967904979475838e-03
1.944683542598123899e-02 -7.499565568416063054e-03
1.746012314995604511e-02 -9.396726432966358289e-03
1.529070830256966732e-02 -1.093964843661133363e-02
1.299365225909815229e-02 -1.211125463308245290e-02
1.062551530239453507e-02 -1.290245587068141776e-02
8.243244421794930846e-03 -1.331226497771568519e-02
5.903055583899711502e-03 -1.334776021721956890e-02
3.659330515698800204e-03 -1.302389839607841562e-02
1.563547857239859593e-03 -1.236318064020330149e-02
-3.367319826074771541e-04 -1.139517643384932617e-02
-1.998809790552500461e-03 -1.015591402382977002e-02
-3.385701033920479781e-03 -8.687147665726641446e-03
-4.466884046244826503e-03 -7.035514398601248887e-03
-5.218928851749383112e-03 -5.251595039092694754e-03
-5.625994576415983134e-03 -3.388895850285669406e-03
-5.680185349780594167e-03 -1.502769520029212987e-03
-5.381758419341300774e-03 3.507073592856399915e-04
-4.739178292367056053e-03 2.115879262857562736e-03
-3.769014585221661280e-03 3.738656932220383710e-03
-2.495685079837228065e-03 5.167644075275050833e-03
-9.510467968432003523e-04 6.355224370620058544e-03
8.261589949937844270e-04 7.258588700936059041e-03
2.790999302630341097e-03 7.840683402567546340e-03
4.893168448311089463e-03 8.071061516257062307e-03
7.077920286233652797e-03 7.926620539761309106e-03
9.287098143130148933e-03 7.392211993969666217e-03
1.146024515854267983e-02 6.461110192263673675e-03
1.353577610644350442e-02 5.135329915687537189e-03
1.545219049169315254e-02 3.425785207407991591e-03
1.714930575687556580e-02 1.352284168736120600e-03
1.856948882628844597e-02 -1.056642577448633612e-03
1.965886396768998928e-02 -3.764079237046803229e-03
2.036847507634583290e-02 -6.725224614502545335e-03
2.065538098149762025e-02 -9.888048057185643350e-03
2.048366323800992692e-02 -1.319409255188200986e-02
1.982532708500280363e-02 -1.657941329275335399e-02
1.866107781216366432e-02 -1.997563754689123464e-02
1.698095665085897973e-02 -2.331112935826591681e-02
1.478482247343792383e-02 -2.651224059346272283e-02
1.208266800754833649e-02 -2.950462807943272925e-02
8.894761519222997223e-03 -3.221461455191072798e-02
5.251609610970586588e-03 -3.457057225488003455e-02
1.193736796313159439e-03 -3.650430497763339915e-02
-3.228718417853697602e-03 -3.795240312097811208e-02
-7.956586333979132411e-03 -3.885754970060157493e-02
-1.292242194671140015e-02 -3.916975342716085690e-02
-1.805142457095931449e-02 -3.884748632477627583e-02
-2.326250898361335862e-02 -3.785870456591879790e-02
-2.846951311127335002e-02 -3.618173278545842170e-02
-3.358252476721866608e-02 -3.380599406852517752e-02
-3.850930766236412145e-02 -3.073257005864167557e-02
-4.315680492711178318e-02 -2.697457817169673921e-02
-4.743269671962446754e-02 -2.255735569015264799e-02
-5.124698719203518021e-02 -1.751844350841677556e-02
-5.451359516498402447e-02 -1.190736545877889470e-02
-5.715192234230012658e-02 -5.785202418852728248e-03
-5.908837279504850631e-02 7.760362651411952624e-04
-6.025779776446750502e-02 7.694238162400480162e-03
-6.060484057678844350e-02 1.487820077386125053e-02
-6.008515762307382879e-02 2.222881980533734231e-02
-5.866649292084785694e-02 2.964043727161207523e-02
-5.632958572168912659e-02 3.700233115586990668e-02
-5.306889293406572700e-02 4.420032574769595934e-02
-4.889311076152122459e-02 5.111849947483687595e-02
-4.382548287536672249e-02 5.764096506940124404e-02
-3.790388513724096686e-02 6.365369483836251507e-02
-3.118068235428499146e-02 6.904636426312103781e-02
-2.372235296240298580e-02 7.371418480755013991e-02
-1.560888192386728629e-02 7.755969551241566340e-02
-6.932927992813881640e-03 8.049448569990895475e-02
2.201226969315699458e-03 8.244082002404226617e-02
1.167893482803038750e-02 8.333313847077053471e-02
2.137662893415905388e-02 8.311940537603684787e-02
3.116344434125873503e-02 8.176228342054268905e-02
4.090298901606626014e-02 7.924011085295458445e-02
5.045524186334846700e-02 7.554766285799532910e-02
5.967855100789856704e-02 7.069668098583775651e-02
6.843170377295262896e-02 6.471615785222593897e-02
7.657603820169629760e-02 5.765236785760150667e-02
8.397756481656136474e-02 4.956863840669994969e-02
9.050906662296828720e-02 4.054485998253391094e-02
9.605214515643863138e-02 3.067673738258680505e-02
1.004991806537478133e-01 2.007478840070888587e-02
1.037551752017599194e-01 8.863100174980029222e-03
1.057394489759996836e-01 -2.822142741033429637e-03
1.063871614115891734e-01 -1.483434084847603390e-02
1.056506313312638723e-01 -2.701835151943416530e-02
1.035004326610084457e-01 -3.921252577626831853e-02
9.992624535890165527e-02 -5.125088278807365949e-02
9.493744452621202812e-02 -6.296539234702799859e-02
8.856341384187833843e-02 -7.418833317540854400e-02
8.085357542121569818e-02 -8.475469441705754670e-02
7.187712937296174276e-02 -9.450458562463434631e-02
6.172250110130015482e-02 -1.032856189541121461e-01
5.049650099702776562e-02 -1.109552291168421356e-01
3.832320341035048983e-02 -1.173828959103422609e-01
2.534255658658721849e-02 -1.224522352933183067e-01
1.170873937776797068e-02 -1.260629264139761785e-01
-2.411715508073623577e-03 -1.281324439461596076e-01
-1.684200825317329689e-02 -1.285975675116240724e-01
-3.139734180195993124e-02 -1.274156428378184214e-01
-4.588734494120508267e-02 -1.245655725808641479e-01
-6.011861602819479344e-02 -1.200485183884998919e-01
-7.389735261212947159e-02 -1.138882997372299005e-01
-8.703203048469776437e-02 -1.061314792962628206e-01
-9.933609450207693536e-02 -9.684712898818335913e-02
-1.106306228652853135e-01 -8.612627546929724209e-02
-1.207469264438449513e-01 -7.408102837529968732e-02
-1.295290451859799907e-01 -6.084339930281126851e-02
-1.368361046756985389e-01 -4.656382405627211563e-02
-1.425444974633906792e-01 -3.140940511496973647e-02
-1.465498558941108753e-01 -1.556189550030988300e-02
-1.487687857605766995e-01 7.845508150329388863e-04
-1.491403331825040535e-01 1.742583317719641894e-02
-1.476271606193733099e-01 3.415053116471399725e-02
-1.442164113901804323e-01 5.074266904129024619e-02
-1.389202481100584030e-01 6.698458107630390901e-02
-1.317760524285642998e-01 8.265983871737278554e-02
-1.228462785380539934e-01 9.755619845007733326e-02
-1.122179598386427585e-01 1.114685299369648358e-01
-1.000018712447668101e-01 1.242016831049991971e-01
-8.633135499734506668e-02 1.355732534459906657e-01
-7.136082268738046241e-02 1.454162058373073829e-01
-5.526395089782853293e-02 1.535813188106112115e-01
-3.823159236159292401e-02 1.599394133752519154e-01
-2.046942874809376881e-02 1.643833332128069868e-01
-2.195395066141879459e-03 1.668296462646354783e-01
1.636309085144911982e-02 1.672200413923582429e-01
3.497205728880111580e-02 1.655223978521641048e-01
5.339402699046689321e-02 1.617315097318862416e-01
7.139114389080918055e-02 1.558694521936636601e-01
8.872833578753022699e-02 1.479855812789545866e-01
1.051764696851020392e-01 1.381561640974279248e-01
1.205154563093212422e-01 1.264836413649923219e-01
1.345372606843764085e-01 1.130955294055970700e-01
1.470487766664960172e-01 9.814297381268186071e-02
1.578745249323781630e-01 8.179897190612718527e-02
1.668591361063773704e-01 6.425628584784455477e-02
1.738695834495137538e-01 4.572507272508307546e-02
1.787971327893473905e-01 2.643026201023411861e-02
1.815589807454569549e-01 6.608714715979672159e-03
1.820995579805736453e-01 -1.349379890754249384e-02
1.803914766036731065e-01 -3.362576308361030913e-02
1.764361060052078711e-01 -5.353317866298244049e-02
1.702637681962394789e-01 -7.296288048258434134e-02
1.619335474138942077e-01 -9.166586499284051781e-02
1.515327144533612502e-01 -1.094005829900255161e-01
1.391757715057575229e-01 -1.259361525626923328e-01
1.250031285396543124e-01 -1.410554482634054918e-01
1.091794273871126431e-01 -1.545580240377995018e-01
9.189153460969295972e-02 -1.662628295626444319e-01
7.334622885589013597e-02 -1.760106823347178107e-01
5.376761271245181911e-02 -1.836664610762237526e-01
3.339428293653191882e-02 -1.891209897358818448e-01
1.247629637779606310e-02 -1.922925855161824737e-01
-8.728028189853116389e-03 -1.931282488888450277e-01
-2.995542975036111916e-02 -1.916044784088830610e-01
-5.094110189575350861e-02 -1.877276982349165291e-01
-7.142212134336058116e-02 -1.815342915378843625e-01
-9.114086209403336747e-02 -1.730902383579140946e-01
-1.098483493191905885e-01 -1.624903618740749511e-01
-1.273075078159835172e-01 -1.498571924079290241e-01
-1.432962612487363452e-01 -1.353394637137126377e-01
-1.576104403819658106e-01 -1.191102611419070229e-01
-1.700664610778810093e-01 -1.013648460279857749e-01
-1.805037356303193230e-01 -8.231818533908978608e-02
-1.887867859949534655e-01 -6.220221877911286112e-02
-1.948070295762245607e-01 -4.126289984465959793e-02
-1.984842130744455257e-01 -1.975705107374211428e-02
-1.997674762095418555e-01 2.050925229598021902e-03
-1.986360308014294418e-01 2.389243669524093033e-02
-1.950994462851563804e-01 4.549814575375777520e-02
-1.891975380916859351e-01 6.660142370653732158e-02
-1.809998607195276721e-01 8.694176796585516287e-02
-1.706048126825575884e-01 1.062681369971064521e-01
-1.581383657702129519e-01 1.243421586874361023e-01
-1.437524361243907312e-01 1.409411696652832224e-01
-1.276229194522272292e-01 1.558610454771895693e-01
-1.099474171886473672e-01 1.689187844566723551e-01
-9.094268453508448646e-02 1.799548115524252090e-01
-7.084183497462188950e-02 1.888349722699314837e-01
-4.989133904896991822e-02 1.954521911657950417e-01
-2.834785783626450270e-02 1.997277739562764443e-01
-6.474953655471037128e-03 2.016123371946571263e-01
1.546027798378604538e-02 2.010863545665327323e-01
3.719061028629441767e-02 1.981603140757529635e-01
5.845207577252088671e-02 1.928744856727601098e-01
7.898730078090032691e-02 1.852983041373283679e-01
9.854874005394370640e-02 1.755293771956028259e-01
1.169017691665417830e-01 1.636921338549642557e-01
1.338275943649424871e-01 1.499361330240799872e-01
1.491259435724875126e-01 1.344340558551600229e-01
1.626175033322339591e-01 1.173794103450871706e-01
1.741460705701668721e-01 9.898398115471085390e-02
1.835803937401789820e-01 7.947505902961832236e-02
1.908156807689096457e-01 5.909248803995679339e-02
1.957747562641272698e-01 3.808557081132204342e-02
1.984088553025985247e-01 1.670987353370990275e-02
1.986980461033385492e-01 -4.776026436296784347e-03
1.966512789487679935e-01 -2.611380713357644087e-02
1.923060637681701657e-01 -4.704863962309601549e-02
1.857277837741001525e-01 -6.733235439743062711e-02
1.770086573738329228e-01 -8.672649554502188940e-02
1.662663651979505997e-01 -1.050052235864818578e-01
1.536423634337341637e-01 -1.219580302823019963e-01
1.392999086635759720e-01 -1.373922316034492941e-01
1.234218230348692602e-01 -1.511352083814316571e-01
1.062080317804743601e-01 -1.630363678655381843e-01
8.787290782727293081e-02 -1.729688034560912802e-01
6.864246044104775624e-02 -1.808306341934491634e-01
4.875140653311779010e-02 -1.865460100996546300e-01
2.844016437989774215e-02 -1.900657741271721268e-01
7.951810071017065620e-03 -1.913677761998795190e-01
-1.247096299681088594e-02 -1.904568395678138681e-01
-3.258884181784901107e-02 -1.873643843721797819e-01
-5.216880956814606840e-02 -1.821477182148966423e-01
-7.098694390749682448e-02 -1.748890066813544308e-01
-8.883106161985521165e-02 -1.656939418995344027e-01
-1.055031764950761231e-01 -1.546901319153144438e-01
-1.208217424620504077e-01 -1.420252350944612718e-01
-1.346236554044450695e-01 -1.278648680211646183e-01
-1.467659912430410996e-01 -1.123903177397165276e-01
-1.571274617752171920e-01 -9.579609133745205229e-02
-1.656095738652917648e-01 -7.828733752755674680e-02
-1.721374818178861288e-01 -6.007717604333824568e-02
-1.766605270777308612e-01 -4.138397129219595350e-02
-1.791524637207337900e-01 -2.242858683661447944e-02
-1.796113724707199266e-01 -3.431656877423974999e-03
-1.780592701337418982e-01 1.538908997490297074e-02
-1.745414253294662321e-01 3.382142072116189196e-02
-1.691253951624553664e-01 5.166106968178085790e-02
-1.618998009648787983e-01 6.871406201814889148e-02
-1.529728644108320212e-01 8.479886179861602369e-02
-1.424707281109775792e-01 9.974832027874903917e-02
-1.305355872105826986e-01 1.134114032865339017e-01
-1.173236605065269833e-01 1.256546800556988808e-01
-1.030030311485476968e-01 1.363635594797640571e-01
-8.775138808285420922e-02 1.454432635096632731e-01
-7.175370002531587799e-02 1.528195312318606502e-01
-5.519985391679679831e-02 1.584390509848600526e-01
-3.828229009155938861e-02 1.622696219561628461e-01
-2.119366322400406330e-02 1.643000493735111145e-01
-4.124560279359402136e-03 1.645397815527426533e-01
1.273869528245478305e-02 1.630183014852463197e-01
2.921612857159535184e-02 1.597842868353390733e-01
4.513606292484253352e-02 1.549045559802179062e-01
6.033691263748204581e-02 1.484628200020527977e-01
7.466880003139987620e-02 1.405582626420883163e-01
8.799498109330805562e-02 1.313039719524382309e-01
1.001930670364734877e-01 1.208252487157465138e-01
1.111560323546445100e-01 1.092578176355804009e-01
1.207930031971100604e-01 9.674596782729161237e-02
1.290298231484111047e-01 8.344064926246939906e-02
1.358093966957746590e-01 6.949755154860808026e-02
1.410918137644135428e-01 5.507519077378112554e-02
1.448542616506542369e-01 4.033302913417039642e-02
1.470907334439724157e-01 2.542965071567795596e-02
1.478115445639060499e-01 1.052101514969581986e-02
1.470426713134241614e-01 -4.241191058269963565e-03
1.448249273385056324e-01 -1.871108788222149502e-02
1.412129955615502586e-01 -3.275000451219758218e-02
1.362743345064716394e-01 -4.622773866891479594e-02
1.300879789443152024e-01 -5.902366229109476392e-02
1.227432554541914717e-01 -7.102766604944203699e-02
1.143384338152210467e-01 -8.214093781596150390e-02
1.049793358158408463e-01 -9.227657304831382579e-02
9.477791986330166840e-02 -1.013600171929757016e-01
8.385086283553709607e-02 -1.093293424933158564e-01
7.231815948599422395e-02 -1.161353651963963202e-01
6.030175497980969079e-02 -1.217416100315108773e-01
4.792422755230960063e-02 -1.261241311740991800e-01
3.530753591373225059e-02 -1.292712005715004886e-01
2.257184420258994892e-02 -1.311828759355413154e-01
9.834435338049958564e-03 -1.318704618620359648e-01
-2.791278422236352988e-03 -1.313558784083612430e-01
-1.519664100902246018e-02 -1.296709520420443185e-01
-2.727852955327932094e-02 -1.268566441657197064e-01
-3.894002036817051371e-02 -1.229622324319702004e-01
-5.009094340941731144e-02 -1.180444597955399716e-01
-6.064832664823526648e-02 -1.121666657249799776e-01
-7.053673358758423551e-02 -1.053979132301003790e-01
-7.968849879044355433e-02 -9.781212437875212717e-02
-8.804386774264580384e-02 -8.948723580299852709e-02
-9.555104862095731288e-02 -8.050438436015608379e-02
-1.021661845624253218e-01 -7.094713165031857338e-02
-1.078532558209830405e-01 -6.090073453239497336e-02
-1.125839217441381851e-01 -5.045146716005615567e-02
-1.163373128033551168e-01 -3.968599841239144749e-02
-1.190997829683805853e-01 -2.869082695640488151e-02
-1.208646325349195944e-01 -1.755177458374831967e-02
-1.216318118423875688e-01 -6.353536955023300799e-03
-1.214076127463189769e-01 4.820710902572676940e-03
-1.202043575457695246e-01 1.588965705189982966e-02
-1.180400942505519385e-01 2.677414822254503210e-02
-1.149383021288959972e-01 3.739744435147922957e-02
-1.109276131925757414e-01 4.768543828904248105e-02
-1.060415532464701605e-01 5.756684758366416299e-02
-1.003183047616278967e-01 6.697338557578978724e-02
-9.380049244464322422e-02 7.583991912648815892e-02
-8.653499100438860614e-02 8.410462017990326389e-02
-7.857275329224827631e-02 9.170911801645191541e-02
-6.996865574518312814e-02 9.859865850530316611e-02
-6.078135692172166593e-02 1.047222759243485596e-01
-5.107316391650226772e-02 1.100329820017377502e-01
-4.090990059364516679e-02 1.144879757669242937e-01
-3.036077091405547587e-02 1.180488766060893147e-01
-1.949821016407914803e-02 1.206819816245931487e-01
-8.397716636011487781e-03 1.223585470577794876e-01
2.862343726289190947e-03 1.230550920727007114e-01
1.420096701661968490e-02 1.227537218998743240e-01
2.553478227981095805e-02 1.214424658591559958e-01
3.677836990912396881e-02 1.191156245301413091e-01
4.784463294872431938e-02 1.157741190972443324e-01
5.864522568819269255e-02 1.114258348033128343e-01
6.909104272486003839e-02 1.060859495018149912e-01
7.909277097742023477e-02 9.977723774893104691e-02
8.856150302047477441e-02 9.253033913126637588e-02
9.740941153611844261e-02 8.438398134827140851e-02
1.055504835270175690e-01 7.538514725770170677e-02
1.129013076464895349e-01 6.558917440191425197e-02
1.193819089070996819e-01 5.505977710696664806e-02
1.249166227568560272e-01 4.386898152167625908e-02
1.294349989177565052e-01 3.209696485189556664e-02
1.328727238934098720e-01 1.983179117318272303e-02
1.351725497048319180e-01 7.169037559163516336e-03
1.362852152385921056e-01 -5.788694175113546538e-03
1.361703456190761496e-01 -1.893238306836418638e-02
1.347973142735051366e-01 -3.214731299482852939e-02
1.321460518676840501e-01 -4.531391404728177946e-02
1.282077860713450868e-01 -5.830871820844749087e-02
1.229856961789885239e-01 -7.100542401258981562e-02
1.164954669750585536e-01 -8.327606269419868257e-02
1.087657268957493706e-01 -9.499225613608980323e-02
9.983835650304768994e-02 -1.060265548053998252e-01
8.976865454371700526e-02 -1.162538418433579218e-01
7.862535040536117181e-02 -1.255527875931617965e-01
6.649045358670864492e-02 -1.338073371481730278e-01
5.345893284795963374e-02 -1.409082120162750695e-01
3.963821997271093495e-02 -1.467544057591285700e-01
2.514753552441779255e-02 -1.512546525073321380e-01
1.011703606569328007e-02 -1.543288469704241495e-01
-5.313213060461737837e-03 -1.559093925046770301e-01
-2.099443449990454416e-02 -1.559424565156986020e-01
-3.677049827092771644e-02 -1.543891119395626177e-01
-5.247943119586280514e-02 -1.512263426042027570e-01
-6.795506299285374030e-02 -1.464478930933473533e-01
-8.302879260861323329e-02 -1.400649447060643149e-01
-9.753145591929428260e-02 -1.321066008955172622e-01
-1.112952736757657352e-01 -1.226201676847265554e-01
-1.241558565638361533e-01 -1.116712169710554481e-01
-1.359542425286518752e-01 -9.934342331541005933e-02
-1.465389401113016410e-01 -8.573816773227144195e-02
-1.557679504959963435e-01 -7.097390511354732812e-02
-1.635107402945990551e-01 -5.518529518963347091e-02
-1.696501368228828521e-01 -3.852210030832869947e-02
-1.740841177649840310e-01 -2.114785674688407155e-02
-1.767274676881808448e-01 -3.238329712963601212e-03
-1.775132748619875633e-01 1.502023441613121492e-02
-1.763942432496080626e-01 3.343304177320792492e-02
-1.733437963653546021e-01 5.179885061673405316e-02
-1.683569519113764790e-01 6.991221396325965343e-02
-1.614509486971521246e-01 8.756583963620910571e-02
-1.526656102756299982e-01 1.045530397498538183e-01
-1.420634329647442740e-01 1.206702396104980396e-01
-1.297293894209596565e-01 1.357195143626721001e-01
-1.157704423351261919e-01 1.495111208948255443e-01
-1.003147677650316760e-01 1.618659898633858785e-01
-8.351069073811152876e-02 1.726181450178878585e-01
-6.552533897084915349e-02 1.816170166220973381e-01
-4.654302640519917406e-02 1.887296143688830530e-01
-2.676338119277048289e-02 1.938425281635773323e-01
-6.399236826618093406e-03 1.968637262796796017e-01
1.432569119849201947e-02 1.977241224735146186e-01
3.517931737418011906e-02 1.963788861752619186e-01
5.592385784300865637e-02 1.928084728244259805e-01
7.631862996382807185e-02 1.870193547533790246e-01
9.612294559060477472e-02 1.790444367018361183e-01
1.150990619000320375e-01 1.689431440209927526e-01
1.330151520964591716e-01 1.568011758463977445e-01
1.496482573165504870e-01 1.427299199268355079e-01
1.647871805737100570e-01 1.268655303322898664e-01
1.782352836394384132e-01 1.093676738643834245e-01
1.898131483635167316e-01 9.041795559258357373e-02
1.993610650874079737e-01 7.021803847300943369e-02
2.067413124977104111e-01 4.898747640798085945e-02
2.118401954830754497e-01 2.696128430860864067e-02
2.145698102750325242e-01 4.387272666811026754e-03
2.148695093393809818e-01 -1.847682223285221012e-02
2.127070421017000779e-01 -4.136637808336592753e-02
2.080793515928399673e-01 -6.401305910919924402e-02
2.010130113144371899e-01 -8.614808223426749512e-02
1.915642915578427419e-01 -1.075055342840423034e-01
1.798188492431898322e-01 -1.278256984607516467e-01
1.658910395899275969e-01 -1.468583474049567905e-01
1.499228538108981768e-01 -1.643659581690490590e-01
1.320824917726221015e-01 -1.801268064549338688e-01
1.125625836111140698e-01 -1.939378981425416149e-01
9.157807917419975852e-02 -2.056176977931390981e-01
6.936382884194640386e-02 -2.150086160421347814e-01
4.617188368855149050e-02 -2.219792205752366410e-01
2.226854702711532352e-02 -2.264261386763949668e-01
-2.068786937461443518e-03 -2.282756231052325002e-01
-2.655496838823494590e-02 -2.274847572577380628e-01
-5.090055941494642244e-02 -2.240422801324758739e-01
-7.481538988610685059e-02 -2.179690165052227957e-01
-9.801215617510347644e-02 -2.093179028426195021e-01
-1.202100162332542799e-01 -1.981736047908465581e-01
-1.411381341203695738e-01 -1.846517274861720903e-01
-1.605391273570687116e-01 -1.688976253760228197e-01
-1.781723713545825261e-01 -1.510848236365552877e-01
-1.938171166997806338e-01 -1.314130685501480877e-01
-2.072753772094376168e-01 -1.101060292895460063e-01
-2.183745493932400528e-01 -8.740867837252178085e-02
-2.269697272461795867e-01 -6.358438253311132771e-02
-2.329456800861462451e-01 -3.891173983822491383e-02
-2.362184654105405623e-01 -1.368120224725033821e-02
-2.367366533008445628e-01 1.180847303742427017e-02
-2.344821443475881839e-01 3.725389883655649131e-02
-2.294705678465782661e-01 6.235081332695585621e-02
-2.217512526792429495e-01 8.679786626228074009e-02
-2.114067690265370170e-01 1.103003872437852834e-01
-1.985520447016408951e-01 1.325740869350641726e-01
-1.833330655553289112e-01 1.533486427613090231e-01
-1.659251749754597216e-01 1.723711219396906191e-01
-1.465309928912355841e-01 1.894091966381314940e-01
-1.253779798285973579e-01 2.042541086307406994e-01
-1.027156763735128653e-01 2.167233439765554603e-01
-7.881265281744764817e-02 2.266629819526217726e-01
-5.395320772170893175e-02 2.339496866736948955e-01
-2.843385758854970538e-02 2.384923144726836530e-01
-2.559662717820516444e-03 2.402331151357816053e-01
2.335956338280601591e-02 2.391485104159464525e-01
4.901311201149342184e-02 2.352494388154110772e-01
7.409325469167531153e-02 2.285812613561490902e-01
9.829908565762218720e-02 2.192232288681809360e-01
1.213402814246537648e-01 2.072875171394775173e-01
1.429407284965219516e-01 1.929178420080298606e-01
1.628419719590686876e-01 1.762876720573801625e-01
1.808064400458281873e-01 1.575980619246225845e-01
1.966204027062534998e-01 1.370751342708298182e-01
2.100966257511491797e-01 1.149672430066420170e-01
2.210766859963727016e-01 9.154185507229641028e-02
2.294329177106260720e-01 6.708219122041815530e-02
2.350699652961890096e-01 4.188366936565456056e-02
2.379259223072913709e-01 1.625019728573346908e-02
2.379730425795579807e-01 -9.509637063590342665e-03
2.352180148757535560e-01 -3.508642794720989028e-02
2.297017982511252443e-01 -6.017381666475438151e-02
2.214990211692375588e-01 -8.447230853635397108e-02
2.107169531761875492e-01 -1.076929925493212148e-01
1.974940635881279882e-01 -1.295611155553113014e-01
1.819981870867305451e-01 -1.498194649547248958e-01
1.644243212752180827e-01 -1.682315164697240906e-01
1.449920860536055012e-01 -1.845843068512024454e-01
1.239428790606045827e-01 -1.986909951423257159e-01
1.015367653420416877e-01 -2.103930803784334058e-01
7.804914278920699333e-02 -2.195622482801933006e-01
5.376722770042000055e-02 -2.261018245282464256e-01
2.898640701855633925e-02 -2.299478175227309684e-01
4.006505358274300467e-03 -2.310695390558572537e-01
-2.087198415981847410e-02 -2.294697969832487083e-01
-4.535165601456405543e-02 -2.251846596916410592e-01
-6.914188650710299811e-02 -2.182827978478345254e-01
-9.196241836909604950e-02 -2.088644144982865769e-01
-1.135467897547882271e-01 -1.970597799939579620e-01
-1.336455639548284891e-01 -1.830273933403651909e-01
-1.520293190889988877e-01 -1.669517965139346583e-01
-1.684913605484479326e-01 -1.490410725877777676e-01
-1.828501227921059125e-01 -1.295240624996807088e-01
-1.949512315424076214e-01 -1.086473389411804907e-01
-2.046692021397338856e-01 -8.667197868353611334e-02
-2.119087548401783483e-01 -6.387017705477725238e-02
-2.166057330921945800e-01 -4.052175004207159148e-02
-2.187276162290615056e-01 -1.691057062294437294e-02
-2.182736234901466177e-01 6.679013583773762974e-03
-2.152744117583116901e-01 2.996573441308374511e-02
-2.097913747977081522e-01 5.267488285457333497e-02
-2.019155570214709039e-01 7.454166963316222194e-02
-1.917661998409372348e-01 9.531442395560370262e-02
-1.794889433791575506e-01 1.147575902836797390e-01
-1.652537107084157686e-01 1.326544860934809611e-01
-1.492523057365192918e-01 1.488097871543422046e-01
-1.316957593683111272e-01 1.630517108570095630e-01
-1.128114615627309469e-01 1.752338724790286906e-01
-9.284011935489931699e-02 1.852367939321191148e-01
-7.203258278823944372e-02 1.929690494237224496e-01
-5.064658198308376325e-02 1.983680375126051221e-01
-2.894341924364739194e-02 2.014003741743310982e-01
-7.184660171506149391e-03 2.020619066440060563e-01
1.437113278370830485e-02 2.003773528987844443e-01
3.547158196996568619e-02 1.963995766148732558e-01
5.587355095171146063e-02 1.902085122145375784e-01
7.534603721432307777e-02 1.819097590681170717e-01
9.367286535930476055e-02 1.716328681951362067e-01
1.106551485292338877e-01 1.595293485998757754e-01
1.261134891333326180e-01 1.457704237495485167e-01
1.398898939492084215e-01 1.305445716398873357e-01
1.518493829084286428e-01 1.140548843166196147e-01
1.618812753323211895e-01 9.651628461488527544e-02
1.699001420038471766e-01 7.815263922232724980e-02
1.758464161741833953e-01 5.919380795362325781e-02
1.796866613408432678e-01 3.987266934114821332e-02
1.814134983302968518e-01 2.042216230294251894e-02
1.810451988060940431e-01 1.072382757918432855e-03
1.786249567398254523e-01 -1.795222736027887039e-02
1.742198535665497594e-01 -3.643556315731549117e-02
1.679195366423848201e-01 -5.417237874943475057e-02
1.598346341785553959e-01 -7.097061780784115481e-02
1.500949329976682400e-01 -8.665352551594163177e-02
1.388473482049356889e-01 -1.010615182888794233e-01
1.262537161568073329e-01 -1.140537913849080653e-01
1.124884439164482441e-01 -1.255096485300757347e-01
9.773604969157922984e-02 -1.353295418205661127e-01
8.218862954484337791e-02 -1.434358143986836087e-01
6.604328594718736345e-02 -1.497731426563045365e-01
4.949955361381758179e-02 -1.543086789220383670e-01
3.275685695007805182e-02 -1.570318998327734916e-01
1.601203268276356340e-02 -1.579541693264305824e-01
-5.430503434260936608e-04 -1.571080290969827931e-01
-1.672374482401075418e-02 -1.545462329371041499e-01
-3.235472479880236590e-02 -1.503405444546041525e-01
-4.727190718193791108e-02 -1.445803205364370736e-01
-6.132417368622320591e-02 -1.373709053962642868e-01
-7.437487513862282851e-02 -1.288318620914999935e-01
-8.630310369860309805e-02 -1.190950700112199528e-01
-9.700472213664040888e-02 -1.083027180019001251e-01
-1.063931430498815944e-01 -9.660522350533258529e-02
