0.000000000000000000e+00 0.000000000000000000e+00
1.062923158947014812e-05 -1.036054943271639708e-06
4.181856712480872874e-05 -8.703365223262034852e-06
9.148331729241196723e-05 -2.941495510280053209e-05
1.562083392877828929e-04 -6.909648107722635830e-05
2.313445096258554858e-04 -1.329561804999843631e-04
3.111410159343168218e-04 -2.252719894412055139e-04
3.889106288101399321e-04 -3.492010373483613755e-04
4.572243935982448697e-04 -5.066162811679412407e-04
5.081315276815851585e-04 -6.979745003684212530e-04
5.333997340505802418e-04 -9.222192465392269143e-04
5.247706576554658168e-04 -1.176721638272401876e-03
4.742248268624728921e-04 -1.457261126599352589e-03
3.742501460036659882e-04 -1.758047542262631494e-03
2.181078424048532756e-04 -2.071784888396678397e-03
8.972626641575972076e-08 -2.389776476297054888e-03
-2.842393038531188139e-04 -2.702070133815718481e-03
-6.378193837722972255e-04 -2.997641361610398417e-03
-1.061899998436870987e-03 -3.264611487942654759e-03
-1.555875630410746141e-03 -3.490497093490507827e-03
-2.117157356297353753e-03 -3.662486258561627791e-03
-2.741084380784657246e-03 -3.767736540060450182e-03
-3.420878786848827006e-03 -3.793689027284447100e-03
-4.147645994756981799e-03 -3.728392365390133592e-03
-4.910422575237853235e-03 -3.560830282844460598e-03
-5.696272168114969482e-03 -3.281245922227508677e-03
-6.490429332369703624e-03 -2.881456158293277912e-03
-7.276490213287216922e-03 -2.355149097075603590e-03
-8.036647973747094303e-03 -1.698158086743336865e-03
-8.751970016727204232e-03 -9.087058343627259314e-04
-9.402713141444881892e-03 1.238738999469191082e-05
-9.968671942607644845e-03 1.061536974148891404e-03
-1.042955499663942090e-02 2.232273503937074691e-03
-1.076538269518012222e-02 3.515172795794897862e-03
-1.095689999809807552e-02 4.897839782085180657e-03
-1.098599689771896648e-02 6.364948717257208101e-03
-1.083612902329691811e-02 7.898341215632986856e-03
-1.049273057839817530e-02 9.477182624759661334e-03
-9.943611700270275564e-03 1.107817619841353594e-02
-9.179332363699610475e-03 1.267583347786636200e-02
-8.193545124331359439e-03 1.424279823682370570e-02
-6.983299307630830635e-03 1.575022031264311506e-02
-5.549299696957043886e-03 1.716817465209125038e-02
-3.896113352624755010e-03 1.846611996168889824e-02
-2.032318896105312755e-03 1.961339048764019002e-02
2.940658976589589219e-05 2.057971367451064820e-02
2.272266974024335362e-03 2.133574578003960553e-02
4.675395724421924949e-03 2.185361696908810769e-02
7.213975624236501974e-03 2.210747698434628594e-02
9.859430253583701537e-03 2.207403220472882455e-02
1.257968674771047304e-02 2.173306476192361433e-02
1.533950814114959371e-02 2.106792439660582633e-02
1.810089240083466791e-02 2.006598390127557752e-02
2.082353406302964172e-02 1.871904931694598484e-02
2.346534323796933483e-02 1.702371652391427084e-02
2.598301565191382667e-02 1.498166648800243299e-02
2.833264637777177866e-02 1.259989218589843696e-02
3.047037898052314120e-02 9.890851127121158201e-03
3.235308098914399522e-02 6.872538403961130256e-03
3.393903591789120683e-02 3.568476320692151767e-03
3.518864151017812164e-02 7.617863662118078139e-06
3.606510347941094957e-02 -3.775837442885084279e-03
3.653511378240732743e-02 -7.742715413116145300e-03
3.656950238935502417e-02 -1.184922555461905003e-02
3.614385161414544051e-02 -1.604740326433144043e-02
3.523906234216433314e-02 -2.028563185162455401e-02
3.384186193838870788e-02 -2.450923902887756911e-02
3.194524423335946134e-02 -2.866116121561649438e-02
2.954883276202362186e-02 -3.268266778078977169e-02
2.665915936168316430e-02 -3.651413621933737724e-02
2.328985130894457856e-02 -4.009586824309525205e-02
1.946172137784055525e-02 -4.336893588004953753e-02
1.520275651620089236e-02 -4.627604593608117267e-02
1.054800224690520712e-02 -4.876241059369766651e-02
5.539341385143239926e-03 -5.077661151467568329e-02
2.251672010730419726e-04 -5.227144458743463590e-02
-5.340047273013400625e-03 -5.320473242210260051e-02
-1.109628051387288351e-02 -5.354009185064263071e-02
-1.697858951696866459e-02 -5.324764403724237261e-02
-2.291782618105522862e-02 -5.230465534368958225e-02
-2.884143524304062789e-02 -5.069609782099542689e-02
-3.467432456287706383e-02 -4.841511910453767664e-02
-4.033979729011710758e-02 -4.546341256511798878e-02
-4.576053430384396936e-02 -4.185147979951980152e-02
-5.085961432502414392e-02 -3.759877891584713361e-02
-5.556155827210047804e-02 -3.273375356323370011e-02
-5.979338378180736741e-02 -2.729373925246944554e-02
-6.348565536025520262e-02 -2.132474519192476686e-02
-6.657351537414277209e-02 -1.488111159858523068e-02
-6.899768104551121106e-02 -8.025044212593432716e-03
-7.070539277976620185e-02 -8.260295201574369139e-04
-7.165129953670595908e-02 6.639864051702718158e-03
-7.179826754581450365e-02 1.429079199014878648e-02
-7.111809946479923095e-02 2.204003797705959139e-02
-6.959215207587125807e-02 2.979700641913833603e-02
-6.721184179619360544e-02 3.746829161763697708e-02
-6.397902863300682086e-02 4.495881067390965213e-02
-5.990627072325235836e-02 5.217298609393370562e-02
-5.501694324266168112e-02 5.901596310115595628e-02
-4.934521722867173804e-02 6.539484590869200364e-02
-4.293589571166297331e-02 7.121993665255901829e-02
-3.584410646481184931e-02 7.640596035793179031e-02
-2.813485263798186711e-02 8.087325920801564927e-02
-1.988242450836179634e-02 8.454893951448724798e-02
-1.116967753233136587e-02 8.736795515074859131e-02
-2.087183791546882994e-03 8.927411180233647825e-02
7.267734235936133130e-03 9.022097720726891812e-02
1.679207690825986962e-02 9.017268359416230616e-02
2.637833536741077817e-02 8.910460976571143998e-02
3.591574044293328188e-02 8.700393170465066384e-02
4.529157745179605843e-02 8.387003218082698941e-02
5.439255072302953686e-02 7.971476159112275695e-02
6.310618077134853843e-02 7.456254414593169177e-02
7.132221636146703070e-02 6.845032550195399856e-02
7.893404325604637395e-02 6.142736000476892166e-02
8.584007123385078986e-02 5.355483781817687444e-02
9.194508100603721035e-02 4.490535435194114439e-02
9.716151294947457384e-02 3.556222652602450407e-02
1.014106801149739917e-01 2.561866249830328096e-02
1.046238887502397158e-01 1.517679350493318299e-02
1.067434505937061573e-01 4.346578389623191596e-03
1.077235724343531820e-01 -6.755406797255820647e-03
1.075311098790490416e-01 -1.800728009234265486e-02
1.061461739049112257e-01 -2.928325028402538333e-02
1.035625805788000647e-01 -4.045508213603498521e-02
9.978813627607738268e-02 -5.139361228014979743e-02
9.484475280072297843e-02 -6.197029704002890438e-02
8.876838897152240782e-02 -7.205877284248735082e-02
8.160881746560175176e-02 -8.153640951932195069e-02
7.342921797131198025e-02 -9.028583670862828925e-02
6.430559996694500124e-02 -9.819642373241203870e-02
5.432606067937079813e-02 -1.051656937565894762e-01
4.358988595700810653e-02 -1.111006537259846272e-01
3.220650388480808535e-02 -1.159190225028999821e-01
2.029430294643125646e-02 -1.195503408120290462e-01
7.979328373284754611e-03 -1.219369479923447519e-01
-4.606128013838368951e-03 -1.230348121604547956e-01
-1.732502769029959505e-02 -1.228142021791943928e-01
-3.003715699788893703e-02 -1.212601917767427984e-01
-4.260075132522044006e-02 -1.183729882498232855e-01
-5.487415203626032356e-02 -1.141680803821438772e-01
-6.671747575383657480e-02 -1.086762024871612553e-01
-7.799427533799301038e-02 -1.019431138123272490e-01
-8.857317190061783641e-02 -9.402919488928243585e-02
-9.832943746862851664e-02 -8.500886474973962104e-02
-1.071465084451971722e-01 -7.496982521890757645e-02
-1.149174108154928792e-01 -6.401214071663294258e-02
-1.215460790901036064e-01 -5.224716411134222582e-02
-1.269485522621779106e-01 -3.979632115507555912e-02
-1.310540315566835201e-01 -2.678976785291495993e-02
-1.338057864523175822e-01 -1.336493676254904561e-02
-1.351618973361078391e-01 3.350103423185382678e-04
-1.350958251828116852e-01 1.416280479665173869e-02
-1.335968008089730708e-01 2.796874873413816159e-02
-1.306700285063966127e-01 4.160242779780080891e-02
-1.263367011819958585e-01 5.491443806621940094e-02
-1.206338264897603291e-01 6.775810619812656921e-02
-1.136138658048038708e-01 7.999118187593688700e-02
-1.053441902279217968e-01 9.147748197523088154e-02
-9.590636009103321868e-02 1.020884664973205624e-01
-8.539523662938153237e-02 1.117047271671877395e-01
-7.391793656672658586e-02 1.202173707073200676e-01
-6.159264229793409706e-02 1.275292801340324744e-01
-4.854728212430769324e-02 1.335562389684986639e-01
-3.491809657801260569e-02 1.382279049889108269e-01
-2.084810824295170797e-02 1.414886220494608604e-01
-6.485513623329990096e-03 1.432980605305905208e-01
8.017983486125375425e-03 1.436316791358313305e-01
2.250887702342951532e-02 1.424810029848005144e-01
3.683358157942280553e-02 1.398537152398205419e-01
5.084015258900760614e-02 1.357735618149143453e-01
6.437998330184330209e-02 1.302800710201675871e-01
7.730945843436184961e-02 1.234280922615194342e-01
8.949154505125811454e-02 1.152871601164889154e-01
1.007973021134253300e-01 1.059406922118278499e-01
1.111072912472433200e-01 9.548503131274399536e-02
1.203128726207944726e-01 8.402834387013376205e-02
1.283173713368533642e-01 7.168938893935627998e-02
1.350371014487892485e-01 5.859617286108663448e-02
1.404022365501188252e-01 4.488450636406880745e-02
1.443575178558471339e-01 3.069648179646050634e-02
1.468627927570076985e-01 1.617888900537570521e-02
1.478933789609955252e-01 1.481588954905830452e-03
1.474402515007852688e-01 -1.324413550358940345e-02
1.455100520770931383e-01 -2.784723222032237447e-02
1.421249223603201217e-01 -4.217851637850109775e-02
1.373221649955913559e-01 -5.609227226553710477e-02
1.311537380972353228e-01 -6.944780192831236099e-02
1.236855909627877920e-01 -8.211090332574251527e-02
1.149968505568877142e-01 -9.395526166842110838e-02
1.051788699900679108e-01 -1.048637389023234223e-01
9.433415172651152258e-02 -1.147295477320796342e-01
8.257515958094679975e-02 -1.234572981678219022e-01
7.002303469332656072e-02 -1.309639062949453925e-01
5.680623158902058795e-02 -1.371793567837843175e-01
4.305909113321476633e-02 -1.420473125506402368e-01
2.892036766544677992e-02 -1.455255669266005136e-01
1.453172785124962063e-02 -1.475863356596587295e-01
3.623881340240539539e-05 -1.482163880424048619e-01
-1.442313709093604422e-02 -1.474170183960646641e-01
-2.870502389216073730e-02 -1.452038610268464869e-01
-4.267107369080395951e-02 -1.416065535784809259e-01
-5.618735287213451335e-02 -1.366682554130950467e-01
-6.912565831236820724e-02 -1.304450292405248957e-01
-8.136475018586414309e-02 -1.230050956652715272e-01
-9.279148927519459411e-02 -1.144279716142740239e-01
-1.033018681007987910e-01 -1.048035047337217418e-01
-1.128019267023471911e-01 -9.423081678811670581e-02
-1.212085454972858800e-01 -8.281716985133426301e-02
-1.284501092900280361e-01 -7.067676964196112355e-02
-1.344670381843851015e-01 -5.792952072101123506e-02
-1.392121828386477800e-01 -4.469974843937038478e-02
-1.426510831742411334e-01 -3.111490249792344190e-02
-1.447620912828518347e-01 -1.730425677088524156e-02
-1.455363608522065033e-01 -3.397619650544279196e-03
-1.449777069274791608e-01 1.047593139002505822e-02
-1.431023412254749660e-01 2.418927803801689674e-02
-1.399384895059949119e-01 3.761844006774070492e-02
-1.355258986649323927e-01 5.064369382126461538e-02
-1.299152422347236158e-01 6.315062020482763161e-02
-1.231674338501928256e-01 7.503107334616117285e-02
-1.153528589544767224e-01 8.618406231065987855e-02
-1.065505355759890360e-01 9.651653957674440065e-02
-9.684721540122602501e-02 1.059440913025907205e-01
-8.633643660005539677e-02 1.143915257576647998e-01
-7.511753993284575603e-02 1.217933576236780308e-01
-6.329465958758653810e-02 1.280941871719236957e-01
-5.097569996741390524e-02 1.332489745797736103e-01
-3.827130928411213301e-02 1.372232108420169128e-01
-2.529386032243822330e-02 1.399929878478532452e-01
-1.215644813634425905e-02 1.415449712185871123e-01
1.028086264481285067e-03 1.418762804231855079e-01
1.414809796561893561e-02 1.409942814996692773e-01
2.709403851820955597e-02 1.389162984027551007e-01
3.975930811517222607e-02 1.356692495673855747e-01
5.204105399913656893e-02 1.312892167211359151e-01
6.384091048455453610e-02 1.258209532955270882e-01
7.506567693429475052e-02 1.193173399787111760e-01
8.562793097427161271e-02 1.118387950236099243e-01
9.544657514344537241e-02 1.034526468821004713e-01
1.044473160470831274e-01 9.423247658477323929e-02
1.125630758960528971e-01 8.425743703627690262e-02
1.197343370632027587e-01 7.361155605885758013e-02
1.259094209602924785e-01 6.238302960314015544e-02
1.310447031280260466e-01 5.066351106816602973e-02
1.351047669318989064e-01 3.854740214557337424e-02
1.380624986641850738e-01 2.613115003938185077e-02
1.398991271657696323e-01 1.351255532708942747e-02
1.406042113009669525e-01 7.900941335558936407e-04
1.401755787461307079e-01 -1.193774230007112365e-02
1.386192195927689608e-01 -2.457308814146901693e-02
1.359491382237351664e-01 -3.701932161681164429e-02
1.321871668041528503e-01 -4.918166031611657940e-02
1.273627435457140578e-01 -6.096773213546898690e-02
1.215126586637352707e-01 -7.228812122866057344e-02
1.146807706617061218e-01 -8.305688866672632231e-02
1.069176952596161828e-01 -9.319206775945834687e-02
9.828046894219727436e-02 -1.026161341750520262e-01
8.883218875371215462e-02 -1.112564511012388291e-01
7.864162961940704411e-02 -1.190456897240642076e-01
6.778284014229850329e-02 -1.259222252611713055e-01
5.633471751915920811e-02 -1.318305086790953762e-01
4.438056195222087053e-02 -1.367214140543744905e-01
3.200761071306919281e-02 -1.405525613134912533e-01
1.930655185112641059e-02 -1.432886138154223499e-01
6.371017438295035334e-03 -1.449015499327538925e-01
-6.702943790464193502e-03 -1.453709074537853363e-01
-1.981741449951830714e-02 -1.446839992804676567e-01
-3.287317750000622041e-02 -1.428360985476144485e-01
-4.577030497163471490e-02 -1.398305909501167121e-01
-5.840876768066410873e-02 -1.356790917494528348e-01
-7.068906337700922582e-02 -1.304015246509727388e-01
-8.251286314803633892e-02 -1.240261595111403492e-01
-9.378367404163340249e-02 -1.165896056602992309e-01
-1.044075157548924881e-01 -1.081367575217822286e-01
-1.142936086272007129e-01 -9.872068918132037574e-02
-1.233550695889699123e-01 -8.840249461931869168e-02
-1.315096121120674366e-01 -7.725107046867345229e-02
-1.386802455986029248e-01 -6.534283840667814980e-02
-1.447959690451257053e-01 -5.276140463359910854e-02
-1.497924532439830481e-01 -3.959715433312558514e-02
-1.536127052472359700e-01 -2.594677954950510429e-02
-1.562077083356714080e-01 -1.191273954909925423e-02
-1.575370303202537348e-01 2.397346545377834759e-03
-1.575693926693130520e-01 1.687137425926372308e-02
-1.562831927144414379e-01 3.139349394965983836e-02
-1.536669710528150712e-01 4.584491427964450250e-02
-1.497198162434127400e-01 6.010476561898099590e-02
-1.444516989976080412e-01 7.405101900093193079e-02
-1.378837282972720790e-01 8.756145524301714445e-02
-1.300483222401843664e-01 1.005146778191803453e-01
-1.209892869153890854e-01 1.127911620693990286e-01
-1.107617972500397202e-01 1.242743323682747314e-01
-9.943227454177926139e-02 1.348516579647358882e-01
-8.707815629194955165e-02 1.444157573686861984e-01
-7.378755497767609806e-02 1.528655004147940477e-01
-5.965880353556160531e-02 1.601070964954404152e-01
-4.479988656452614515e-02 1.660551569398476812e-01
-2.932775757631721561e-02 1.706337191389628860e-01
-1.336754401348456966e-02 1.737772197884902003e-01
2.948356801476162414e-03 1.754314045563836189e-01
1.948128614473612283e-02 1.755541615848175696e-01
3.608743066602730643e-02 1.741162665165105206e-01
5.261901984632306323e-02 1.711020271951441685e-01
6.892560507323741703e-02 1.665098168307153348e-01
8.485540987035239402e-02 1.603524852414665580e-01
1.002567394932021294e-01 1.526576387802585089e-01
1.149794368784427256e-01 1.434677807177752173e-01
1.288763708251477180e-01 1.328403051779151467e-01
1.418049413184691021e-01 1.208473391895620586e-01
1.536285860949779813e-01 1.075754290185105544e-01
1.642182719130169388e-01 9.312506865609596063e-02
1.734539535455107695e-01 7.761007014729701114e-02
1.812259832697418194e-01 6.115677731901164593e-02
1.874364535989044289e-01 4.390312639543723916e-02
1.920004561913446484e-01 2.599755893720698263e-02
1.948472402898525080e-01 7.597794488283543535e-03
1.959212546867132032e-01 -1.113052776697391263e-02
1.951830580787587144e-01 -3.001532717155854998e-02
1.926100837654947107e-01 -4.887966664342470458e-02
1.881972459443629064e-01 -6.754342998708190438e-02
1.819573763590207061e-01 -8.582507531694127945e-02
1.739214817447571337e-01 -1.035434470626867415e-01
1.641388143724462068e-01 -1.205196278310093211e-01
1.526767499986360632e-01 -1.365788104043987039e-01
1.396204696618061902e-01 -1.515521693847620976e-01
1.250724439985638203e-01 -1.652787114532466017e-01
1.091517210617011652e-01 -1.776070829307137278e-01
9.199302097608647033e-02 -1.883973132956412444e-01
7.374564313856805942e-02 -1.975224735542927268e-01
5.457219402382701423e-02 -2.048702288647871184e-01
3.464714596839191946e-02 -2.103442655916318849e-01
1.415523953877750180e-02 -2.138655740061227439e-01
-6.710255783688119646e-03 -2.153735691428873833e-01
-2.774940587909331680e-02 -2.148270338622825792e-01
-4.875758267968198501e-02 -2.122048699373718095e-01
-6.952752109643983713e-02 -2.075066449644934474e-01
-8.985144058762301045e-02 -2.007529250664994436e-01
-1.095232085991746096e-01 -1.919853856932317027e-01
-1.283405221893351433e-01 -1.812666952977133039e-01
-1.461070835069159524e-01 -1.686801692495962790e-01
-1.626347444375869644e-01 -1.543291940084434710e-01
-1.777455956744326271e-01 -1.383364242857272330e-01
-1.912739757134694629e-01 -1.208427586422140820e-01
-2.030683758234105851e-01 -1.020061016622349770e-01
-2.129932178893232386e-01 -8.199992348359762262e-02
-2.209304831755935783e-01 -6.101163000723160146e-02
-2.267811714844414350e-01 -3.924075953048394849e-02
-2.304665718879201630e-01 -1.689702380991491004e-02
-2.319293281659593475e-01 5.801786367241566766e-03
-2.311342842691153088e-01 2.863200916771502930e-02
-2.280690975175608814e-01 5.136640970499696535e-02
-2.227446098197811697e-01 7.377654314628992460e-02
-2.151949699151121942e-01 9.563515698018232314e-02
-2.054775024810932549e-01 1.167186057353884754e-01
-1.936723228651761608e-01 1.368092510005865514e-01
-1.798816991648427566e-01 1.556978194797839221e-01
-1.642291663538816560e-01 1.731856920313934456e-01
-1.468584000982834370e-01 1.890870971827438574e-01
-1.279318607857852785e-01 2.032311834812480789e-01
-1.076292210719323184e-01 2.154639462308424736e-01
-8.614559288704251583e-02 2.256499856553602634e-01
-6.368957231860067347e-02 2.336740753129451509e-01
-4.048112305026030366e-02 2.394425216373502752e-01
-1.674932107210618665e-02 2.428842977792951829e-01
7.270014849761662068e-03 2.439519374369673310e-01
3.133678096662053519e-02 2.426221770692782720e-01
5.520910744010958798e-02 2.388963377460591175e-01
7.864591030609413558e-02 2.328004408712762152e-01
1.014094479480937561e-01 2.243850550821146483e-01
1.232678533272396904e-01 2.137248747407207161e-01
1.439976133687266846e-01 2.009180335580561527e-01
1.633859674018757202e-01 1.860851599819972335e-01
1.812331973872656210e-01 1.693681840060521637e-01
1.973547838306056179e-01 1.509289079731928884e-01
2.115834027655583149e-01 1.309473567248605475e-01
2.237707409689699001e-01 1.096199250435268557e-01
2.337891086304527410e-01 8.715734272577654873e-02
2.415328310089777664e-01 6.378247977185722006e-02
2.469194031437919601e-01 3.972801606017666021e-02
2.498903944144414968e-01 1.523400146784190806e-02
2.504120926313400664e-01 -9.454666318750575005e-03
2.484758803485404288e-01 -3.409081810189588946e-02
2.440983391869443464e-01 -5.842761475762175971e-02
2.373210811008580334e-01 -8.222114501077497362e-02
2.282103086747266363e-01 -1.052329903752630136e-01
2.168561096611687500e-01 -1.272327286528889545e-01
2.033714940276266370e-01 -1.480003481429238710e-01
1.878911847295605120e-01 -1.673285458035043416e-01
1.705701762370829544e-01 -1.850248840108150161e-01
1.515820774751059641e-01 -2.009137822645306604e-01
1.311172582626586869e-01 -2.148383221661441522e-01
1.093808205259828303e-01 -2.266618462251738519e-01
8.659041748640966540e-02 -2.362693334983210491e-01
6.297394566540499838e-02 -2.435685377072478452e-01
3.876713588680023859e-02 -2.484908762783120673e-01
1.421107047533938517e-02 -2.509920616670465177e-01
-1.045034545938101217e-02 -2.510524693347817582e-01
-3.497293041011122899e-02 -2.486772397970979376e-01
-5.911476227007295137e-02 -2.438961152259015441e-01
-8.263867560047080674e-02 -2.367630141211362615e-01
-1.053146930734818465e-01 -2.273553505373717420e-01
-1.269223647627907015e-01 -2.157731072187844268e-01
-1.472529902234922528e-01 -2.021376747289511111e-01
-1.661116998584021287e-01 -1.865904712270244625e-01
-1.833193738867127665e-01 -1.692913599092883692e-01
-1.987143792885672500e-01 -1.504168832776231202e-01
-2.121541073677553346e-01 -1.301583352900127499e-01
-2.235162970242128844e-01 -1.087196940722698069e-01
-2.327001314261940568e-01 -8.631543920767346945e-02
-2.396270984851988917e-01 -6.316827865908913875e-02
-2.442416083302144103e-01 -3.950681110721431660e-02
-2.465113638161866294e-01 -1.556314990378337287e-02
-2.464274829493672825e-01 8.429465061154953198e-03
-2.440043749340929657e-01 3.223904149037273154e-02
-2.392793743072691715e-01 5.563716923799855163e-02
-2.323121402952060266e-01 7.840129053505476286e-02
-2.231838310710116680e-01 1.003168822119122894e-01
-2.119960649800825825e-01 1.211795275998043264e-01
-1.988696830093513723e-01 1.407968573867893758e-01
-1.839433287786357285e-01 1.589903405141643300e-01
-1.673718641084813996e-01 1.755969082012205362e-01
-1.493246397503880107e-01 1.904703963512965337e-01
-1.299836421377985607e-01 2.034827938905734712e-01
-1.095415380188730220e-01 2.145252869920424577e-01
-8.819963955769072328e-02 2.235090916088518231e-01
-6.616581293571419109e-02 2.303660692517810471e-01
-4.365235365036321952e-02 2.350491234629869530e-01
-2.087385159632185183e-02 2.375323769310464794e-01
1.954931364839422592e-03 2.378111316302805867e-01
2.462114927920339494e-02 2.359016167213268400e-01
4.691590423382922120e-02 2.318405311926082790e-01
6.863620267288624011e-02 2.256843903284593000e-01
8.958681713786384448e-02 2.175086870363245883e-01
1.095820361764830442e-01 2.074068808323845658e-01
1.284472868307725280e-01 1.954892288547861734e-01
1.460206159178726315e-01 1.818814746320072395e-01
1.621540182311008993e-01 1.667234114695747560e-01
1.767146017864663632e-01 1.501673382234494092e-01
1.895855822935842983e-01 1.323764258982462194e-01
2.006671011122440340e-01 1.135230139417153505e-01
2.098768630395459744e-01 9.378685530541074067e-02
2.171505923311341513e-01 7.335332931019664104e-02
2.224423073683198249e-01 5.241164110211182781e-02
2.257244163169843942e-01 3.115302601983452324e-02
2.269876379619824025e-01 9.768976532820716763e-03
2.262407536222907356e-01 -1.155049143533125669e-02
2.235101976395706402e-01 -3.261851699305964164e-02
2.188394953707948620e-01 -5.325300292622282827e-02
2.122885588914174559e-01 -7.327814113220687542e-02
2.039328517192275092e-01 -9.252584285548617893e-02
1.938624347933185499e-01 -1.108370632016388441e-01
1.821809066831234225e-01 -1.280630109295498031e-01
1.690042515576019033e-01 -1.440662360801510389e-01
1.544596088155497371e-01 -1.587215895723484427e-01
1.386839784683649435e-01 -1.719170504612620998e-01
1.218228763826948030e-01 -1.835544180900602618e-01
1.040289533407226519e-01 -1.935498678552821650e-01
8.546059157106952742e-02 -2.018343707289506073e-01
6.628049195586252496e-02 -2.083539780230695693e-01
4.665426454353664015e-02 -2.130699741293423655e-01
2.674903430778314412e-02 -2.159589011073038134e-01
6.732073307137764751e-03 -2.170124600179398344e-01
-1.323053046585925471e-02 -2.162372947999780526e-01
-3.297515818468078896e-02 -2.136546652574281002e-01
-5.234189084893788729e-02 -2.093000163670275804e-01
-7.117567811480561557e-02 -2.032224516226973643e-01
-8.932743891536998326e-02 -1.954841185128448622e-01
-1.066550884939562738e-01 -1.861595144793835865e-01
-1.230244874558262536e-01 -1.753347218406277885e-01
-1.383103093909753001e-01 -1.631065801815088645e-01
-1.523968245207064087e-01 -1.495818046331453544e-01
-1.651785976624252916e-01 -1.348760582903230087e-01
-1.765610995816713769e-01 -1.191129867616259330e-01
-1.864612315006377030e-01 -1.024232225253672718e-01
-1.948077631531336673e-01 -8.494336638820206009e-02
-2.015416853138864428e-01 -6.681495292576429545e-02
-2.066164781839919529e-01 -4.818340633925167343e-02
-2.099982973848833756e-01 -2.919699270172843031e-02
-2.116660796028863034e-01 -1.000577410564448128e-02
-2.116115701395197279e-01 9.239430229464707517e-03
-2.098392747650156265e-01 2.838807126206402756e-02
-2.063663383513209548e-01 4.729088162111313998e-02
-2.012223527845978799e-01 6.580086742366952901e-02
-1.944490966354415762e-01 8.377427687301289283e-02
-1.861002090079585669e-01 1.010715423598983476e-01
-1.762407999072860276e-01 1.175581930027847777e-01
-1.649469993701601633e-01 1.331057347204946117e-01
-1.523054475058433221e-01 1.475924950328448837e-01
-1.384127275059484630e-01 1.609044298332023837e-01
-1.233747436118134561e-01 1.729358893752109272e-01
-1.073060459867032357e-01 1.835903406692703244e-01
-9.032910443593386574e-02 1.927810433993522587e-01
-7.257353295852717046e-02 2.004316763553773972e-01
-5.417526720538967666e-02 2.064769112397603634e-01
-3.527569706593372545e-02 2.108629305589023450e-01
-1.602075681056262801e-02 2.135478861621400437e-01
3.440024518154026489e-03 2.145022948531871143e-01
2.295450944795023041e-02 2.137093673838943719e-01
4.236897175331666432e-02 2.111652670586412484e-01
6.152914563119614433e-02 2.068792941409833552e-01
8.028130005885356080e-02 2.008739922729027572e-01
9.847333349478770703e-02 1.931851732009087497e-01
1.159558835308207581e-01 1.838618562610380702e-01
1.325834455305878457e-01 1.729661193139654107e-01
1.482154937082771351e-01 1.605728581479276551e-01
1.627175975243964068e-01 1.467694517853226910e-01
1.759625257161216982e-01 1.316553316411814556e-01
1.878313297525348036e-01 1.153414530888358797e-01
1.982143980241840298e-01 9.794966868859934783e-02
2.070124716563235268e-01 7.961200312567867643e-02
2.141376124900557232e-01 6.046983077829667236e-02
2.195141135190129822e-01 4.067295778854097127e-02
2.230793419139297518e-01 2.037861152718622310e-02
2.247845047251284534e-01 -2.496585817951466058e-04
2.245953274338475802e-01 -2.104316379432217415e-02
2.224926357361489138e-01 -4.182933610944629399e-02
2.184728312946743189e-01 -6.243305827897676491e-02
2.125482526885850987e-01 -8.267805522912015370e-02
2.047474134332071538e-01 -1.023883372330568198e-01
1.951151097284913871e-01 -1.213896840893421564e-01
1.837123915272383667e-01 -1.395111585387347475e-01
1.706163915854881086e-01 -1.565866362105771403e-01
1.559200083614208920e-01 -1.724563385479178923e-01
1.397314399559455300e-01 -1.869683544362289729e-01
1.221735677258645458e-01 -1.999801356709334510e-01
1.033831897347987361e-01 -2.113599509598007575e-01
8.351010582146978223e-02 -2.209882828817890665e-01
6.271605774106442377e-02 -2.287591521264291938e-01
4.117352955308403728e-02 -2.345813534275276169e-01
1.906441516668078845e-02 -2.383795878896115272e-01
-3.421438310831366458e-03 -2.400954768903772463e-01
-2.608780106853739178e-02 -2.396884434299074995e-01
-4.873373291860852441e-02 -2.371364476872132865e-01
-7.115534386230032426e-02 -2.324365646333846069e-01
-9.314762782016780540e-02 -2.256053928319675383e-01
-1.145063530924501638e-01 -2.166792850217919841e-01
-1.350299919027630469e-01 -2.057143927130818395e-01
-1.545216703331014352e-01 -1.927865188191686396e-01
-1.727911191005969682e-01 -1.779907742756747235e-01
-1.896566049744276006e-01 -1.614410366462896429e-01
-2.049468222003766049e-01 -1.432692108565889189e-01
-2.185027231038486895e-01 -1.236242944100814922e-01
-2.301792670898952231e-01 -1.026712516974221945e-01
-2.398470675581482192e-01 -8.058970428272174691e-02
-2.473939168054438698e-01 -5.757244631131804014e-02
-2.527261697998890999e-01 -3.382379640180090824e-02
-2.557699687742833183e-01 -9.557799531825790507e-03
-2.564722918977423993e-01 1.500370552719896416e-02
-2.548018108321771225e-01 3.963313575601450089e-02
-2.507495437516107928e-01 6.409931118601361333e-02
-2.443292923805212846e-01 8.816967914936121864e-02
-2.355778537726151978e-01 1.116125933158643307e-01
-2.245549998809173720e-01 1.341996242193720379e-01
-2.113432204382792168e-01 1.557078770955414582e-01
-1.960472272464931776e-01 1.759222922402460532e-01
-1.787932206321784512e-01 1.946379027675295692e-01
-1.597279215368166139e-01 2.116620246081903078e-01
-1.390173754338150380e-01 2.268163538515537703e-01
-1.168455369734310717e-01 2.399389470966953597e-01
-9.341264691256115360e-02 2.508860613443506526e-01
-6.893341545656606062e-02 2.595338311220847793e-01
-4.363502859075566592e-02 2.657797619841135162e-01
-1.775499627713576084e-02 2.695440212507111966e-01
8.461136493810396397e-03 2.707705088338462907e-01
3.476219290564579179e-02 2.694276932153721327e-01
6.089385722173669413e-02 2.655092000781794637e-01
8.660123144774092840e-02 2.590341437124610291e-01
1.116314286953350166e-01 2.500471940990827147e-01
1.357361753872232124e-01 2.386183754779770128e-01
1.586743939579499940e-01 2.248425952073609679e-01
1.802147375489825121e-01 2.088389047736754489e-01
2.001380483763676443e-01 1.907494978854936685e-01
2.182397119672133123e-01 1.707384536395757380e-01
2.343318803151945851e-01 1.489902357458548765e-01
2.482455381888337975e-01 1.257079617027897500e-01
2.598323883287454450e-01 1.011114585883453876e-01
2.689665330764904327e-01 7.543512473926942963e-02
2.755459320692292269e-01 4.892561899845129098e-02
2.794936179882605010e-01 2.183940138534425091e-02
2.807586549394854858e-01 -5.559849041318509766e-03
2.793168268402995702e-01 -3.300391173192655098e-02
2.751710461579637834e-01 -6.022276889101688124e-02
2.683514764542330733e-01 -8.694738671476949510e-02
2.589153654029635043e-01 -1.129125032702241876e-01
2.469465882230600928e-01 -1.378593923724943382e-01
2.325549047688409698e-01 -1.615385728830699974e-01
2.158749368034961480e-01 -1.837124332805677718e-01
1.970648752085693012e-01 -2.041577421420989746e-01
1.763049300135136610e-01 -2.226680163113427813e-01
1.537955391255924897e-01 -2.390557200065053234e-01
1.297553544644258761e-01 -2.531542699213548686e-01
1.044190268220434314e-01 -2.648198234750345215e-01
7.803481314555940629e-02 -2.739328297470473572e-01
5.086203204560652003e-02 -2.803993252647669077e-01
2.316839514281042456e-02 -2.841519596608724219e-01
-4.772756646129396041e-03 -2.851507392532172669e-01
-3.268528163079655741e-02 -2.833834797833417185e-01
-6.029309962921314270e-02 -2.788659628437354931e-01
-8.732305652857560996e-02 -2.716417938881427463e-01
-1.135077595807188755e-01 -2.617819631128620039e-01
-1.385883521969651644e-01 -2.493841138788574496e-01
-1.623171976832032959e-01 -2.345715266734226256e-01
-1.844604423918313751e-01 -2.174918298456112176e-01
-2.048004301499837809e-01 -1.983154514523366996e-01
-2.231379415362967078e-01 -1.772338294842703832e-01
-2.392942336002657489e-01 -1.544574004669361234e-01
-2.531128579240656817e-01 -1.302133889198233418e-01
-2.644612374880713213e-01 -1.047434223750701721e-01
-2.732319855866039426e-01 -7.830099858089208109e-02
-2.793439530152619921e-01 -5.114883312077585925e-02
-2.827429928789140234e-01 -2.355611694891221464e-02
-2.834024356115552035e-01 4.204285738945469364e-03
-2.813232701159754656e-01 3.185866832193457593e-02
-2.765340302819750962e-01 5.913531008848749160e-02
-2.690903894858558965e-01 8.576727109392640047e-02
-2.590744689705342108e-01 1.114951230839103247e-01
-2.465938692150803080e-01 1.360695869182226292e-01
-2.317804364863084721e-01 1.592540481628010318e-01
-2.147887796865237120e-01 1.808269240758740293e-01
-1.957945553362433477e-01 2.005838570755740791e-01
-1.749925410269153325e-01 2.183397119167529987e-01
-1.525945199176851619e-01 2.339303561959153732e-01
-1.288270008069075934e-01 2.472142064142299756e-01
-1.039287999618729585e-01 2.580735246259772686e-01
-7.814851222163873845e-02 2.664154536479643176e-01
-5.174189988462544326e-02 2.721727818672091126e-01
-2.496922854578406681e-02 2.753044318212866659e-01
1.907420646886925919e-03 2.757956698992605760e-01
2.862683289003623011e-02 2.736580376821411975e-01
5.493130673781154716e-02 2.689290085717769840e-01
8.056923791368837684e-02 2.616713764083813398e-01
1.052976126507634558e-01 2.519723857133154277e-01
1.288843846418331329e-01 2.399426159809347758e-01
1.511107113182741102e-01 2.257146350492013065e-01
1.717730270766360812e-01 2.094414389739873705e-01
1.906849332072569903e-01 1.912946979902126476e-01
2.076788866208024165e-01 1.714628300411639716e-01
2.226076719848747720e-01 1.501489249761700784e-01
2.353456445404228381e-01 1.275685438406619632e-01
2.457897336319897486e-01 1.039474186999527205e-01
2.538601998213987909e-01 7.951907914128567012e-02
2.595011413254753041e-01 5.452243198441392852e-02
2.626807483891280826e-01 2.919932079987283546e-02
2.633913070404552137e-01 3.792091590903504117e-03
2.616489564404235191e-01 -2.145880955169818943e-02
2.574932067035020644e-01 -4.631718185034165020e-02
2.509862265967209849e-01 -7.055333443862171761e-02
2.422119128945244837e-01 -9.394624766737258437e-02
2.312747553496906083e-01 -1.162856102330315500e-01
2.182985132135598361e-01 -1.373737130554569807e-01
2.034247209821222757e-01 -1.570271828279604098e-01
1.868110425417595366e-01 -1.750785403120074246e-01
1.686294941267817427e-01 -1.913775707227977074e-01
1.490645574711257637e-01 -2.057924959187789893e-01
1.283112052331512876e-01 -2.182109405365891264e-01
1.065728611935546077e-01 -2.285406866713773633e-01
8.405931787380693798e-02 -2.367102141597050013e-01
6.098463410155266495e-02 -2.426690259478068989e-01
3.756503466878882008e-02 -2.463877603926136473e-01
1.401683360030932246e-02 -2.478580946188445044e-01
-9.445598311298666894e-03 -2.470924452168171415e-01
-3.261180212431541436e-02 -2.441234745887333746e-01
-5.527711721228531494e-02 -2.390034131149089969e-01
-7.724446871149596994e-02 -2.318032089972586196e-01
-9.832604068389401430e-02 -2.226115191297714790e-01
-1.183448214475708304e-01 -2.115335556322071042e-01
-1.371360093456037987e-01 -1.986898037544504447e-01
-1.545482691151353061e-01 -1.842146277087300943e-01
-1.704448309555325614e-01 -1.682547816122607343e-01
-1.847044263509583784e-01 -1.509678431240212282e-01
-1.972220566529636343e-01 -1.325205875395779609e-01
-2.079095923480185903e-01 -1.130873200733056028e-01
-2.166962027997567930e-01 -9.284818381698617396e-02
-2.235286180442381809e-01 -7.198746042908089893e-02
-2.283712259087398722e-01 -5.069187999375205506e-02
-2.312060093025600505e-01 -2.914895570879054432e-02
-2.320323299764907310e-01 -7.545358134516969018e-03
-2.308665663528592926e-01 1.393465731956842688e-02
-2.277416141798365712e-01 3.511075715707503986e-02
-2.227062597541978883e-01 5.580795954349735549e-02
-2.158244362807360262e-01 7.585797709610295203e-02
-2.071743745915834989e-01 9.510046413163125711e-02
-1.968476599349545941e-01 1.133841611746089217e-01
-1.849482068629574316e-01 1.305679309188721993e-01
-1.715911644072416198e-01 1.465216812088837861e-01
-1.569017637366774964e-01 1.611271719473537645e-01
-1.410141203523779252e-01 1.742787041246646462e-01
-1.240700026033572795e-01 1.858836903884528158e-01
-1.062175779137216058e-01 1.958631077150500832e-01
-8.761014761353488889e-02 2.041518337969768782e-01
-6.840488067544472917e-02 2.106988697130518506e-01
-4.876155599353106107e-02 2.154674522928864411e-01
-2.884132211581865585e-02 2.184350603207424468e-01
-8.805482573740336383e-03 2.195933193423618146e-01
1.118568584335968494e-02 2.189478103420278987e-01
3.097407532721280221e-02 2.165177879475175815e-01
5.040484406478592389e-02 2.123358141014795031e-01
6.932746307507640926e-02 2.064473133147243233e-01
8.759670867171052977e-02 1.989100556972157596e-01
1.050735970688538023e-01 1.897935739549853340e-01
1.216262583111961948e-01 1.791785204557891087e-01
1.371307473129333154e-01 1.671559703141447806e-01
1.514717903295306201e-01 1.538266762392599962e-01
1.645434656553086405e-01 1.393002806396167748e-01
1.762498177371116803e-01 1.236944901981735512e-01
1.865054042190058825e-01 1.071342178348200780e-01
1.952357756864372962e-01 8.975069667008975238e-02
2.023778880636901145e-01 7.168057030787797212e-02
2.078804477406056284e-01 5.306496347591349583e-02
2.117041895696684661e-01 3.404853681084156480e-02
2.138220878904106281e-01 1.477852935865755363e-02
2.142195007134451434e-01 -4.596207811864559678e-03
2.128942471411033877e-01 -2.392618360944304134e-02
2.098566180260832137e-01 -4.306224133245343394e-02
2.051293197846747463e-01 -6.185653230748868608e-02
1.987473511981650010e-01 -8.016348552934296490e-02
1.907578129660395527e-01 -9.784076998339333309e-02
1.812196497284023766e-01 -1.147502461856731992e-01
1.702033242628624432e-01 -1.307589032832745246e-01
1.577904235924365017e-01 -1.457397778243384179e-01
1.440731968242123240e-01 -1.595728500405241557e-01
1.291540246807953984e-01 -1.721459131945367593e-01
1.131448208937036182e-01 -1.833554112412287829e-01
9.616636590407592888e-02 -1.931072397440854183e-01
7.834757366382880117e-02 -2.013175046913742716e-01
5.982469275043030693e-02 -2.079132335801542886e-01
4.074044349960123657e-02 -2.128330328941673844e-01
2.124309341945727209e-02 -2.160276859057821408e-01
1.485473771938833343e-03 -2.174606845946920886e-01
-1.837605911392612909e-02 -2.171086894084611751e-01
-3.818271350583872514e-02 -2.149619106028765880e-01
-5.777439785381420501e-02 -2.110244050029171925e-01
-7.699089645197831899e-02 -2.053142822261579126e-01
-9.567307852771589349e-02 -1.978638147162270489e-01
-1.136641333070346344e-01 -1.887194463494151486e-01
-1.308108228187036537e-01 -1.779416949056995545e-01
-1.469647434449702639e-01 -1.656049443372765995e-01
-1.619835865193744451e-01 -1.517971235220518800e-01
-1.757323876283606867e-01 -1.366192690531105314e-01
-1.880847537087993182e-01 -1.201849705824740849e-01
-1.989240565634267655e-01 -1.026196983007504615e-01
-2.081445810550380804e-01 -8.406001328379744675e-02
-2.156526160013618187e-01 -6.465266266139405027e-02
-2.213674756878982186e-01 -4.455356284741358169e-02
-2.252224399559547563e-01 -2.392667540063361103e-02
-2.271656010161622330e-01 -2.942781443097515492e-03
-2.271606054903194949e-01 1.822183806945381138e-02
-2.251872807006554122e-01 3.938680757248499281e-02
-2.212421349072831167e-01 6.036913763187229387e-02
-2.153387220409977987e-01 8.098476993815534319e-02
-2.075078624862995158e-01 1.010501740892715133e-01
-1.977977126326460611e-01 1.203839825793483059e-01
-1.862736772218823444e-01 1.388086494067146126e-01
-1.730181599654135871e-01 1.561521168404746696e-01
-1.581301494723766632e-01 1.722494741597423162e-01
-1.417246392038715164e-01 1.869445916194364399e-01
-1.239318819301144653e-01 2.000917125160702470e-01
-1.048964809971087292e-01 2.115569860388444301e-01
-8.477632258529974041e-02 2.212199236058531859e-01
-6.374135504149124054e-02 2.289747616100711314e-01
-4.197222326269970522e-02 2.347317139400028618e-01
-1.965876798149493454e-02 2.384180982975502849e-01
3.001598378863566674e-03 2.399793212098951800e-01
2.580562587018172746e-02 2.393797077190392142e-01
4.854605615877850833e-02 2.366031630250480522e-01
7.101353008134565770e-02 2.316536548468796364e-01
9.299855570130638460e-02 2.245555069348350030e-01
1.142935177648053968e-01 2.153534960051425862e-01
1.346947084646547554e-01 2.041127463512573681e-01
1.540043586422687460e-01 1.909184184968800435e-01
1.720326480078076536e-01 1.758751904689578038e-01
1.885996726506903864e-01 1.591065325595104885e-01
2.035373480566713966e-01 1.407537787858369749e-01
2.166912260510083510e-01 1.209750006209799611e-01
2.279222045537660224e-01 9.994369092077738659e-02
2.371081097634718804e-01 7.784726829035509832e-02
2.441451313761208164e-01 5.488541438130407207e-02
2.489490926913474067e-01 3.126825876107507118e-02
2.514565389463694900e-01 7.214428019025075078e-03
2.516256289375529143e-01 -1.705102235913878717e-02
2.494368169223346865e-01 -4.129877313176139736e-02
2.448933139208278043e-01 -6.529748176184195507e-02
2.380213198338513580e-01 -8.881607525499188305e-02
2.288700202368691983e-01 -1.116260714333607296e-01
2.175113442695207067e-01 -1.335039039723087406e-01
2.040394826882197532e-01 -1.542332260753438433e-01
1.885701678531838676e-01 -1.736071675025904204e-01
1.712397201485049980e-01 -1.914305198056380775e-01
1.522038680509494035e-01 -2.075218250600970038e-01
1.316363517361700541e-01 -2.217153441257689039e-01
1.097273227061055789e-01 -2.338628814983496618e-01
8.668155440523894750e-02 -2.438354451374536436e-01
6.271648113379299505e-02 -2.515247212511079744e-01
3.806008473197759756e-02 -2.568443458706479166e-01
1.294865047205739916e-02 -2.597309571425553965e-01
-1.237558467246677174e-02 -2.601450145723308571e-01
-3.766686673298895449e-02 -2.580713739540456686e-01
-6.267841657674509681e-02 -2.535196093791488026e-01
-8.716495210233513036e-02 -2.465240765083741292e-01
-1.108852134372667053e-01 -2.371437141782217761e-01
-1.336044634905527717e-01 -2.254615843639150297e-01
-1.550969362533878848e-01 -2.115841534982718097e-01
-1.751482056077623972e-01 -1.956403211142477838e-01
-1.935574480948405174e-01 -1.777802047014719611e-01
-2.101395741061735656e-01 -1.581736925076686340e-01
-2.247272032813860676e-01 -1.370087787389771272e-01
-2.371724615119013280e-01 -1.144896981846060119e-01
-2.473485788437699007e-01 -9.083487967846570754e-02
-2.551512697223007331e-01 -6.627473998300234537e-02
-2.604998794021681219e-01 -4.104934161054802494e-02
-2.633382829311172735e-01 -1.540593976016505634e-02
-2.636355258727338668e-01 1.040355507849448358e-02
-2.613861988310760553e-01 3.612517123649369721e-02
-2.566105408424620982e-01 6.150549832953190743e-02
-2.493542697710979805e-01 8.629430929909023829e-02
-2.396881409482291003e-01 1.102471531806133165e-01
-2.277072383913284759e-01 1.331278900136996790e-01
-2.135300059926799887e-01 1.547111399120215391e-01
-1.972970290382372871e-01 1.747846192443960056e-01
-1.791695792714544100e-01 1.931513381322640388e-01
-1.593279394179384911e-01 2.096316350279349705e-01
-1.379695256021979399e-01 2.240650259835875457e-01
-1.153068283867000748e-01 2.363118483308350171e-01
-9.156519521787509497e-02 2.462546808389729502e-01
-6.698047884865124257e-02 2.537995249781493934e-01
-4.179657780103105541e-02 2.588767346503136890e-01
-1.626289611724728024e-02 2.614416846323804888e-01
9.368249489789023943e-03 2.614751709672751279e-01
3.484424644659454146e-02 2.589835396027683201e-01
5.991479825858209846e-02 2.539985426777816024e-01
8.433450289646278464e-02 2.465769249533142360e-01
1.078653694328396695e-01 2.367997459426019191e-01
1.302792455477537470e-01 2.247714462754923370e-01
1.513601296560281584e-01 2.106186696993339880e-01
1.709063428467304246e-01 1.944888548385093896e-01
1.887325375469896538e-01 1.765486133747004305e-01
2.046715218063282216e-01 1.569819136400592008e-01
2.185758803179802812e-01 1.359880907084788371e-01
2.303193757219193505e-01 1.137797059020593943e-01
2.397981163396041004e-01 9.058028018001224035e-02
2.469314792398399350e-01 6.662192712869151323e-02
2.516627803941154928e-01 4.214291221111247931e-02
2.539596866126433983e-01 1.738516555315613998e-02
2.538143669227880261e-01 -7.408224163267806972e-03
2.512433840230808291e-01 -3.199550716331951011e-02
2.462873293823940879e-01 -5.613873421853175782e-02
2.390102084195886434e-01 -7.960615595483132301e-02
2.294985849598411010e-01 -1.021745342989117122e-01
2.178604967872784792e-01 -1.236313417992137009e-01
2.042241565689868199e-01 -1.437768260953491417e-01
1.887364546848142866e-01 -1.624259185965528929e-01
1.715612825353546311e-01 -1.794099684409657391e-01
1.528776966948626193e-01 -1.945782850159742949e-01
1.328779458077374576e-01 -2.077994746960102057e-01
1.117653833813077313e-01 -2.189625599669285660e-01
8.975229059235892426e-02 -2.279778717227799456e-01
6.705763389239434435e-02 -2.347777082080077515e-01
4.390478256312264210e-02 -2.393167568019395897e-01
2.051921143911498990e-02 -2.415722775689914947e-01
-2.873786217194619630e-03 -2.415440501938274365e-01
-2.605135122442034032e-02 -2.392540885532433437e-01
-4.879525271123943964e-02 -2.347461297145225778e-01
-7.089400146562446769e-02 -2.280849065638776707e-01
-9.214486111463493501e-02 -2.193552155308611806e-01
-1.123557373811177873e-01 -2.086607929602065648e-01
-1.313469274023718603e-01 -1.961230155690555088e-01
-1.489527130119644993e-01 -1.818794420955007207e-01
-1.650227839523528695e-01 -1.660822146775469688e-01
-1.794234791742268242e-01 -1.488963396870259803e-01
-1.920388366590059515e-01 -1.304978686711873725e-01
-2.027714445435243040e-01 -1.110720007196460968e-01
-2.115430887002665850e-01 -9.081112797363830036e-02
-2.182951943024428187e-01 -6.991284612916590091e-02
-2.229890612511851722e-01 -4.857795166005617060e-02
-2.256058956337188004e-01 -2.700844710898097495e-02
-2.261466415893637893e-01 -5.405575174946844474e-03
-2.246316200592600176e-01 1.603209852153034826e-02
-2.210999828623851915e-01 3.711053517296357407e-02
-2.156089923536848585e-01 5.764198744763671112e-02
-2.082331385614213382e-01 7.744666293171287297e-02
-1.990631071543911002e-01 9.635427177348117322e-02
-1.882046128425737264e-01 1.142054456490323444e-01
-1.757771138571929403e-01 1.308530169650350405e-01
-1.619124239812942678e-01 1.461631490848299408e-01
-1.467532392060901525e-01 1.600163102827988626e-01
-1.304515964708768683e-01 1.723080860730264452e-01
-1.131672821076767921e-01 1.829498264962347021e-01
-9.506620756120448545e-02 1.918691268592318533e-01
-7.631876969832668278e-02 1.990101422801931474e-01
-5.709821256948736240e-02 2.043337381789528118e-01
-3.757900685053475881e-02 2.078174805438104678e-01
-1.793526239204142059e-02 2.094554713867820273e-01
1.660811648608512270e-03 2.092580362515705228e-01
2.104038570102956945e-02 2.072512719489525701e-01
4.003941550671132055e-02 2.034764638514136581e-01
5.849996376876372139e-02 1.979893830739331007e-01
7.627142818011431458e-02 1.908594746946577214e-01
9.321166769346048153e-02 1.821689488242932697e-01
1.091880203348389589e-01 1.720117868154751595e-01
1.240782073093921190e-01 1.604926752147842473e-01
1.377711195828270063e-01 1.477258802045178787e-01
1.501674845262216396e-01 1.338340752651704935e-01
1.611804115675471438e-01 1.189471346213037267e-01
1.707358170843439327e-01 1.032009047234880572e-01
1.787727299839328432e-01 8.673596557936763540e-02
1.852434805377312088e-01 6.969639319115827902e-02
1.901137760540793920e-01 5.222853369973867732e-02
1.933626678809663990e-01 3.447979909253023889e-02
1.949824150198542216e-01 1.659749351978298537e-02
1.949782503003278100e-01 -1.272321601781048472e-03
1.933680556106113779e-01 -1.898591642121537360e-02
1.901819531013204667e-01 -3.640292906715899418e-02
1.854618195814492498e-01 -5.338734421573440581e-02
1.792607315107585253e-01 -6.980840930131951283e-02
1.716423480674843793e-01 -8.554148475062721413e-02
1.626802397422996704e-01 -1.004688254747546361e-01
1.524571697878544518e-01 -1.144802916592701086e-01
1.410643356483270439e-01 -1.274739876391397519e-01
1.286005772165651762e-01 -1.393568283251909456e-01
1.151715584296464506e-01 -1.500450332554757460e-01
1.008889283296011408e-01 -1.594645488737755912e-01
8.586946729740117801e-02 -1.675514000858782659e-01
7.023422372789471513e-02 -1.742519725113099438e-01
5.410764596364672080e-02 -1.795232271348752850e-01
3.761671385861337091e-02 -1.833328492713303115e-01
2.089007390946970993e-02 -1.856593338920993763e-01
4.057181483521896115e-03 -1.864920094309499565e-01
-1.275254670337744659e-02 -1.858310021930832945e-01
-2.941056703976671627e-02 -1.836871434474706410e-01
-4.579002786983153023e-02 -1.800818211946761394e-01
-6.176657044450487022e-02 -1.750467784818186823e-01
-7.721910985217361745e-02 -1.686238599931747795e-01
-9.203059392956092211e-02 -1.608647084899310353e-01
-1.060887382167927107e-01 -1.518304125164871565e-01
-1.192867350284413375e-01 -1.415911066440082577e-01
-1.315239346677829213e-01 -1.302255253947080527e-01
-1.427064967194342227e-01 -1.178205118920058608e-01
-1.527480092221778496e-01 -1.044704822207787459e-01
-1.615700733566312053e-01 -9.027684646587956496e-02
-1.691028510900499937e-01 -7.534738743213421908e-02
-1.752855730124755484e-01 -5.979559814000875995e-02
-1.800670033848350560e-01 -4.373997934138149080e-02
-1.834058592111703634e-01 -2.730329851111177458e-02
-1.852711799548409366e-01 -1.061181204245428833e-02
-1.856426443532753490e-01 6.205547293765916600e-03
-1.845108306583708169e-01 2.301801517819366399e-02
-1.818774165502353990e-01 3.969386997273246370e-02
-1.777553149502215102e-01 5.610133297931674257e-02
-1.721687420037913419e-01 7.210949083469836429e-02
-1.651532136222453873e-01 8.758923559946106552e-02
-1.567554671709971703e-01 1.024142175335236854e-01
-1.470333051756781972e-01 1.164618049787894127e-01
-1.360553582890928481e-01 1.296140452046277425e-01
-1.239007652233651419e-01 1.417586195264042837e-01
-1.106587679021819454e-01 1.527897854945134415e-01
-9.642822072563288216e-02 1.626092984846281286e-01
-8.131701356068285480e-02 1.711273046123127084e-01
-6.544140886784410860e-02 1.782631965594955459e-01
-4.892529424137292970e-02 1.839464236486414439e-01
-3.189935256680150044e-02 1.881172473439790549e-01
-1.450015297471290293e-02 1.907274333078328443e-01
3.130833219216380692e-03 1.917408712026568429e-01
2.084828636463519069e-02 1.911341136128365259e-01
3.850415585373836297e-02 1.888968257700688325e-01
5.594883372996264925e-02 1.850321382055767072e-01
7.303237622637723248e-02 1.795568950229830818e-01
8.960576396760945583e-02 1.725017911866496001e-01
1.055221906638020568e-01 1.639113930488029502e-01
1.206383692955637216e-01 1.538440372897431074e-01
1.348158440514592160e-01 1.423716045115836493e-01
1.479222956498470465e-01 1.295791648979124633e-01
1.598328271693439662e-01 1.155644946180146848e-01
1.704312171401171638e-01 1.004374630014754494e-01
1.796111264232726212e-01 8.431929192190058819e-02
1.872772453377395396e-01 6.734169029038564180e-02
1.933463675911850921e-01 4.964586805208093256e-02
1.977483778393913927e-01 3.138143558344996115e-02
2.004271401406436670e-01 1.270519588344700551e-02
2.013412751890175934e-01 -6.220161581903242698e-03
2.004648150015067853e-01 -2.522745510618474435e-02
1.977877246946199985e-01 -4.414648142074290016e-02
1.933162821097429984e-01 -6.280554995215897884e-02
1.870733073240086752e-01 -8.103306664661348580e-02
1.790982355029789586e-01 -9.865915233954850039e-02
1.694470280990807709e-01 -1.155172797887597941e-01
1.581919190592110669e-01 -1.314459127938334970e-01
1.454209944579579472e-01 -1.462901303090270166e-01
1.312376057993871747e-01 -1.599032181325160396e-01
1.157596191086667781e-01 -1.721482106323053707e-01
9.911850384201251196e-02 -1.828993650554221473e-01
8.145826755561175192e-02 -1.920435512669897982e-01
6.293424416673838728e-02 -1.994815402813215344e-01
4.371174548829292322e-02 -2.051291756772906927e-01
2.396458749659429593e-02 -2.089184129310018845e-01
3.873504476887203174e-03 -2.107982128433340263e-01
-1.637553424209444233e-02 -2.107352765784897275e-01
-3.659308882678538599e-02 -2.087146113496691491e-01
-5.658807734838884607e-02 -2.047399174741099948e-01
-7.616964957800528846e-02 -1.988337893541722579e-01
-9.514908679773952105e-02 -1.910377249037604197e-01
-1.133417075883515479e-01 -1.814119400079162447e-01
-1.305687591110912260e-01 -1.700349867538320514e-01
-1.466592731953206830e-01 -1.570031763782564760e-01
-1.614518665813581277e-01 -1.424298101125215099e-01
-1.747964649535564408e-01 -1.264442233446162189e-01
-1.865559309326548232e-01 -1.091906507297803336e-01
-1.966075769763541981e-01 -9.082692203881648219e-02
-2.048445451570632403e-01 -7.152300060880972810e-02
-2.111770370368036831e-01 -5.145937822697226049e-02
-2.155333783291844274e-01 -3.082534210868239505e-02
-2.178609047119667019e-01 -9.817131300679515782e-03
-2.181266570130067639e-01 1.136399867323851717e-02
-2.163178760166154513e-01 3.251378282473919162e-02
-2.124422893035441684e-01 5.342700421351190970e-02
-2.065281848207329851e-01 7.389957998167018260e-02
-1.986242682496748846e-01 9.373065336371735889e-02
-1.887993036763494226e-01 1.127246688194851604e-01
-1.771415395316710273e-01 1.306934073995444923e-01
-1.637579242390776180e-01 1.474579596863061781e-01
-1.487731184447588506e-01 1.628506141591393175e-01
-1.323283130856783840e-01 1.767166396046243593e-01
-1.145798648410769754e-01 1.889159412263436144e-01
-9.569776268554390508e-02 1.993245713918215811e-01
-7.586394128829662686e-02 2.078360774735136252e-01
-5.527045885795581898e-02 2.143626709791301155e-01
-3.411755869081275344e-02 2.188362041042020978e-01
-1.261163512166666584e-02 2.212089419540922419e-01
9.036874219279636411e-03 2.214541209486981799e-01
3.061564698837253296e-02 2.195662863138888865e-01
5.191266200841268552e-02 2.155614040505246243e-01
7.271838849529529969e-02 2.094767453246622335e-01
9.282795455154768671e-02 2.013705438101938694e-01
1.120432710026704054e-01 1.913214291060980621e-01
1.301750870913623015e-01 1.794276419129452182e-01
1.470449552627814960e-01 1.658060391558010549e-01
1.624870832628805550e-01 1.505908996524021326e-01
1.763500530200284577e-01 1.339325432167061125e-01
1.884983872727565568e-01 1.159957782303935592e-01
1.988139466255946508e-01 9.695819468220481796e-02
2.071971416397600796e-01 7.700832144291659687e-02
2.135679466724855202e-01 5.634366809058860559e-02
2.178667044422612220e-01 3.516867290751918285e-02
2.200547126895014138e-01 1.369257972126471101e-02
2.201145867937865097e-01 -7.872732955538370991e-03
2.180503947693215872e-01 -2.931494652718603586e-02
2.138875636582003026e-01 -5.042349647823541475e-02
2.076725589446703768e-01 -7.099174198206137376e-02
1.994723411910610811e-01 -9.081908718707604189e-02
1.893736066159629194e-01 -1.097130310405855513e-01
1.774818207670829651e-01 -1.274911234082316824e-01
1.639200567555802734e-01 -1.439828064034045507e-01
1.488276516878668521e-01 -1.590311212407353181e-01
1.323586969290301563e-01 -1.724942625525905104e-01
1.146803796356704735e-01 -1.842469639364496536e-01
9.597119458409972270e-02 -1.941817005107323024e-01
7.641904667439544663e-02 -2.022096964214822323e-01
5.621926559668893875e-02 -2.082617275349276376e-01
3.557255499145709626e-02 -2.122887119424998748e-01
1.468289901202611547e-02 -2.142620833655228541e-01
-6.244550500019492578e-03 -2.141739450459418659e-01
-2.700558298880122166e-02 -2.120370042163436386e-01
-4.739901131620254116e-02 -2.078842897264741585e-01
-6.722870457520985221e-02 -2.017686578343784454e-01
-8.630554988147122464e-02 -1.937620935189914018e-01
-1.044493224610352489e-01 -1.839548169096325569e-01
-1.214904446055661141e-01 -1.724542065301951643e-01
-1.372716155341884847e-01 -1.593835529976461995e-01
-1.516492958631877330e-01 -1.448806585738420249e-01
-1.644950322185244895e-01 -1.290962995272282865e-01
-1.756966095070449652e-01 -1.121925696001281753e-01
-1.851590204643265014e-01 -9.434112398439700731e-02
-1.928052442930155708e-01 -7.572134407270751655e-02
-1.985768284671756423e-01 -5.651844386732154946e-02
-2.024342700769696801e-01 -3.692153928886644787e-02
-2.043571953952882658e-01 -1.712170173362037584e-02
-2.043443386353154811e-01 2.689982918374175802e-03
-2.024133231077859529e-01 2.232432903472050464e-02
-1.986002501521358932e-01 4.159591952236470214e-02
-1.929591032815561047e-01 6.032490835684865826e-02
-1.855609769244615792e-01 7.833873909463617835e-02
-1.764931409424113362e-01 9.547376237719124026e-02
-1.658579537375836910e-01 1.115767368745242127e-01
-1.537716382145185023e-01 1.265061997098651525e-01
-1.403629361166046641e-01 1.401336941333954367e-01
-1.257716573061222198e-01 1.523448440476983246e-01
-1.101471413888480966e-01 1.630402669059693721e-01
-9.364664969455616106e-02 1.721363184806437852e-01
-7.643370601043139589e-02 1.795656650093045981e-01
-5.867640462567898230e-02 1.852776802409821233e-01
-4.054570418555603767e-02 1.892386669041441760e-01
-2.221372557760779159e-02 1.914319040734930033e-01
-3.852071590646231891e-03 1.918575238028986663e-01
1.436981459093737007e-02 1.905322221945755234e-01
3.228623585518770184e-02 1.874888117697617596e-01
4.973675741768855685e-02 1.827756235754086911e-01
6.656763886518422824e-02 1.764557688885413644e-01
8.263316929658696963e-02 1.686062716511194104e-01
9.779689428839626053e-02 1.593170838719189519e-01
1.119327249194579654e-01 1.486899971592295366e-01
1.249259206660369576e-01 1.368374642926306617e-01
1.366739396004659490e-01 1.238813453000397885e-01
1.470871509732681048e-01 1.099515928764442790e-01
1.560894069080571989e-01 9.518489216465000902e-02
1.636184715697262815e-01 7.972326991985949352e-02
1.696263077593731794e-01 6.371268790514969527e-02
1.740792224251544729e-01 4.730163502235938677e-02
1.769578740392797334e-01 3.063973218294398920e-02
1.782571461617301622e-01 1.387636327824709470e-02
1.779858927768710464e-01 -2.840655167813763843e-03
1.761665621377299373e-01 -1.936635397328794611e-02
1.728347068741943604e-01 -3.555983020220050694e-02
1.680383890077593589e-01 -5.128539537579555885e-02
1.618374892609332483e-01 -6.641364450966918964e-02
1.543029306504203058e-01 -8.082243868387944952e-02
1.455158268083679984e-01 -9.439779507130288683e-02
1.355665657860706808e-01 -1.070346795799293066e-01
1.245538402624035840e-01 -1.186376984904846388e-01
1.125836351097191101e-01 -1.291216866755653392e-01
9.976818316958499522e-02 -1.384121911551805806e-01
8.622489986783873905e-02 -1.464458498622657479e-01
7.207530696270500470e-02 -1.531706665477628460e-01
5.744395528214889246e-02 -1.585461837372112714e-01
4.245735577924139581e-02 -1.625435565500563395e-01
2.724292762992085171e-02 -1.651455310014019184e-01
1.192797142953925041e-02 -1.663463311178652593e-01
-3.361325173287414009e-03 -1.661514598105102991e-01
-1.850084282094019081e-02 -1.645774189563584400e-01
-3.336944096091611078e-02 -1.616513545453118483e-01
-4.784981850698577510e-02 -1.574106330528224074e-01
-6.182932040640115590e-02 -1.519023554032962742e-01
-7.520068663846814216e-02 -1.451828149995594841e-01
-8.786274090961783412e-02 -1.373169063156517156e-01
-9.972101701360709669e-02 -1.283774904909062708e-01
-1.106883214840789081e-01 -1.184447242309289994e-01
-1.206852317731985230e-01 -1.076053581247768676e-01
-1.296405297386935551e-01 -9.595201023709945543e-02
-1.374915707080992533e-01 -8.358242053942968597e-02
-1.441845888106122187e-01 -7.059869141663525915e-02
-1.496749396224778816e-01 -5.710651913323079587e-02
-1.539272814615642027e-01 -4.321442078009322951e-02
-1.569156968924290130e-01 -2.903296085503342602e-02
-1.586237561678460195e-01 -1.467398127000392113e-02
-1.590445244407372727e-01 -2.498382320728111117e-04
-1.581805146372031179e-01 1.412735087761634971e-02
-1.560435878932556197e-01 2.834644779617449123e-02
-1.526548034321566771e-01 4.229801827041083928e-02
-1.480442197037787899e-01 5.587503919452738166e-02
-1.422506485304257107e-01 6.897358581829407531e-02
-1.353213639135976143e-01 8.149349698317112645e-02
-1.273117670618423292e-01 9.333901643294419126e-02
-1.182850091095337258e-01 1.044194082914674665e-01
-1.083115729182602405e-01 1.146495448054359462e-01
-9.746881529407463995e-02 1.239504644183385268e-01
-8.584047092204311058e-02 1.322498981776316640e-01
-7.351611932037940833e-02 1.394827623865060318e-01
-6.059061615502130127e-02 1.455916153010826941e-01
-4.716349033574768201e-02 1.505270755509076630e-01
-3.333830843958894563e-02 1.542481998332320692e-01
-1.922200817781073712e-02 1.567228173081919029e-01
-4.924202839280893834e-03 1.579278180112694829e-01
9.443541095668656765e-03 1.578493925099930806e-01
2.376845067327875219e-02 1.564832199721919170e-01
3.793731467691098536e-02 1.538346017913930497e-01
5.183727011582391769e-02 1.499185379386857864e-01
6.535660337624563110e-02 1.447597432864218547e-01
7.838556199784779688e-02 1.383926012833837649e-01
9.081717260684607496e-02 1.308610525584154305e-01
1.025480601033504358e-01 1.222184162936421348e-01
1.134792627751093907e-01 1.125271425416845134e-01
1.235170376027274197e-01 1.018584940646669879e-01
1.325736496433484735e-01 9.029215674584387119e-02
1.405681390413159870e-01 7.791577816531877754e-02
1.474270589259182029e-01 6.482443453609607054e-02
1.530851772281405232e-01 5.112002686055465428e-02
1.574861352899371292e-01 3.691060788388161873e-02
1.605830560597121814e-01 2.230964218216402450e-02
1.623390946743253904e-01 7.435202519520841408e-03
1.627279243277229004e-01 -7.590893569496055815e-03
1.617341505246792377e-01 -2.264400218039932036e-02
1.593536471191034920e-01 -3.759762079323232531e-02
1.555938079423369591e-01 -5.232439892643821200e-02
1.504737083386202268e-01 -6.669718443482242076e-02
1.440241715414593560e-01 -8.059009743414809190e-02
1.362877355432293436e-01 -9.387962312508671414e-02
1.273185169264751115e-01 -1.064457141453181155e-01
1.171819690326771496e-01 -1.181728925136677627e-01
1.059545328346881143e-01 -1.289513407567644543e-01
9.372317994288567600e-02 -1.386779714384052675e-01
8.058484830104409302e-02 -1.472574640551294056e-01
6.664577230328702639e-02 -1.546032581276413909e-01
5.202071027425402006e-02 -1.606384913144038029e-01
3.683207348570920192e-02 -1.652968715070064487e-01
2.120896211827183811e-02 -1.685234721410751868e-01
5.286114800103530048e-03 -1.702754403738436784e-01
-1.079722045182929246e-02 -1.705226083404046411e-01
-2.689848491515206205e-02 -1.692479984033194162e-01
-4.287306741405497168e-02 -1.664482141508289437e-01
-5.857561108113120557e-02 -1.621337098713916125e-01
-7.386135666469570427e-02 -1.563289323286057575e-01
-8.858750962389119743e-02 -1.490723298706784217e-01
-1.026146175872546390e-01 -1.404162252204688155e-01
-1.158079442234225126e-01 -1.304265496919698175e-01
-1.280388251966981528e-01 -1.191824380514620030e-01
-1.391859916649183238e-01 -1.067756847695917888e-01
-1.491368467301144307e-01 -9.331006397616677106e-02
-1.577886803794377735e-01 -7.890051701338665624e-02
-1.650498087580357098e-01 -6.367221306564582739e-02
-1.708406240980300805e-01 -4.775948990456704152e-02
-1.750945422870542612e-01 -3.130468330596251209e-02
-1.777588358921246559e-01 -1.445685515044613234e-02
-1.787953414537014063e-01 2.629568408708479049e-03
-1.781810310219841265e-01 1.979623605765220423e-02
-1.759084392118455131e-01 3.688237391315730973e-02
-1.719859384911663625e-01 5.372633678260942819e-02
-1.664378569744854874e-01 7.016719242736196849e-02
-1.593044346527137944e-01 8.604632247739121831e-02
-1.506416157313937576e-01 1.012090231392041711e-01
-1.405206765543765834e-01 1.155060885236076779e-01
-1.290276904353995502e-01 1.287953593029184385e-01
-1.162628325845111166e-01 1.409432194936755811e-01
-1.023395301766164278e-01 1.518260244535306891e-01
-8.738346444227564069e-02 1.613314436796929319e-01
-7.153143344293777517e-02 1.693597026983710563e-01
-5.493008590099356797e-02 1.758247092346500451e-01
-3.773453806695126200e-02 1.806550499420851441e-01
-2.010688710018066622e-02 1.837948452403225241e-01
-2.214635795756973724e-03 1.852044512441247681e-01
1.577095531079136109e-02 1.848609993528212148e-01
3.367657140354169548e-02 1.827587657878137484e-01
5.132858451700073044e-02 1.789093651977916866e-01
6.855481380831604521e-02 1.733417643755173765e-01
8.518628601782779475e-02 1.661021141237579435e-01
1.010589769605384214e-01 1.572533993473584357e-01
1.160155149109016182e-01 1.468749095089312562e-01
1.299068269894321781e-01 1.350615336420179502e-01
1.425937101312139133e-01 1.219228861425191990e-01
1.539483089097489765e-01 1.075822715314946054e-01
1.638554833981953618e-01 9.217549827538512597e-02
1.722140513645336046e-01 7.584955353941588707e-02
1.789378904055448638e-01 5.876115241362080827e-02
1.839568871120746130e-01 4.107517666726969580e-02
1.872177220079284388e-01 2.296301943687554387e-02
1.886844807977572647e-01 4.600853417814555757e-03
1.883390843743679155e-01 -1.383215890545555146e-02
1.861815320503190097e-01 -3.215569370344933953e-02
1.822299545683232769e-01 -5.019011310379271201e-02
1.765204755847194218e-01 -6.775831123678585644e-02
1.691068824842008045e-01 -8.468753884645080499e-02
1.600601095457962475e-01 -1.008111864626974330e-01
1.494675386134348694e-01 -1.159705065393368262e-01
1.374321245032253669e-01 -1.300162556029793026e-01
1.240713543783921596e-01 -1.428102383221425131e-01
1.095160522171584744e-01 -1.542267364840919641e-01
9.390904126554112941e-02 -1.641538071462549375e-01
7.740367898440231320e-02 -1.724944356941664758e-01
6.016228044843441314e-02 -1.791675311711363183e-01
4.235444741639627503e-02 -1.841087530263755823e-01
2.415532135159202676e-02 -1.872711603365296018e-01
5.743779516547378727e-03 -1.886256765671865676e-01
-1.269940611393184302e-02 -1.881613650314594433e-01
-3.099342698882687208e-02 -1.858855123466930104e-01
-4.895929288148581637e-02 -1.818235193616376533e-01
-6.642166335545689193e-02 -1.760186011986734633e-01
-8.321063591744951027e-02 -1.685313002025421447e-01
-9.916347153156335192e-02 -1.594388176826276593e-01
-1.141262389447930403e-01 -1.488341723549337914e-01
-1.279553602629789899e-01 -1.368251953084088923e-01
-1.405190414059006854e-01 -1.235333731154030779e-01
-1.516985724447103279e-01 -1.090925523567038702e-01
-1.613894843667611489e-01 -9.364752031860254511e-02
-1.695025505024737034e-01 -7.735247792576335768e-02
-1.759646226648515777e-01 -6.036942208464973758e-02
-1.807192939718064717e-01 -4.286645551578762564e-02
-1.837273823206426460e-01 -2.501604283978973997e-02
-1.849672305381228898e-01 -6.993232145180099113e-03
-1.844348213132356862e-01 1.102613849814012073e-02
-1.821437071076913161e-01 2.886723010836677109e-02
-1.781247573060391332e-01 4.635796819147387782e-02
-1.724257268883704897e-01 6.333076565853795747e-02
-1.651106528599004253e-01 7.962418510228402857e-02
-1.562590865304874232e-01 9.508452313242946041e-02
-1.459651714819176771e-01 1.095673005186830334e-01
-1.343365786717936328e-01 1.229386431159919385e-01
-1.214933115822650067e-01 1.350765399319388271e-01
-1.075663956138855487e-01 1.458719662223969260e-01
-9.269646703612241523e-02 1.552298611484341229e-01
-7.703227772549284258e-02 1.630699512735413748e-01
-6.072913264150747725e-02 1.693274130031127700e-01
-4.394727750375987396e-02 1.739533689446346731e-01
-2.685025443748045165e-02 1.769152150738096951e-01
-9.603243449227416573e-03 1.781967775053885372e-01
7.628592518694344432e-03 1.777982995646077424e-01
2.468174152222847584e-02 1.757362617132198768e-01
4.139593861625230631e-02 1.720430386814009727e-01
5.761570769716167773e-02 1.667663998727060837e-01
7.319183383351947347e-02 1.599688607244871830e-01
8.798275176214051529e-02 1.517268942031792245e-01
1.018558374029070041e-01 1.421300129768099385e-01
1.146885905491687174e-01 1.312797340222078835e-01
1.263696983034205412e-01 1.192884384800356468e-01
1.367999703306958248e-01 1.062781404575728061e-01
1.458931385746557452e-01 9.237917919008847845e-02
1.535765157031250272e-01 7.772884950201623677e-02
1.597915082000871956e-01 6.246998585674265470e-02
1.644939816792735099e-01 4.674951544877316290e-02
1.676544776402152936e-01 3.071699577682307156e-02
1.692582825013752845e-01 1.452315194570888424e-02
1.693053513080233774e-01 -1.681571414360483185e-03
1.678100900072966584e-01 -1.774842924153411522e-02
1.648010015931423433e-01 -3.353175244769059787e-02
1.603202027348660241e-01 -4.889026873894385117e-02
1.544228187017742671e-01 -6.368835588279703197e-02
1.471762654717022334e-01 -7.779721648958957958e-02
1.386594288537812691e-01 -9.109596450424314873e-02
1.289617512583582648e-01 -1.034726148082744934e-01
1.181822374043089569e-01 -1.148249685945054027e-01
1.064283907629380160e-01 -1.250613884805341913e-01
9.381509289712608446e-02 -1.341014586545355436e-01
8.046343806527171683e-02 -1.418765266812833936e-01
6.649953552471442320e-02 -1.483301249208964223e-01
5.205329189338776114e-02 -1.534182708118533578e-01
3.725718571780867183e-02 -1.571096465283929600e-01
2.224504605810696811e-02 -1.593856597266734287e-01
7.150846445973461918e-03 -1.602403882314557548e-01
-7.892474990288493586e-03 -1.596804125744202552e-01
-2.275415909640349579e-02 -1.577245412668669133e-01
-3.730672356112756799e-02 -1.544034345654286267e-01
-5.142700649605190522e-02 -1.497591332631334482e-01
-6.499714800490948019e-02 -1.438444997049823648e-01
-7.790550293028108975e-02 -1.367225787841450102e-01
-9.004747890418189626e-02 -1.284658871205880404e-01
-1.013262947836852668e-01 -1.191556389587337533e-01
-1.116536555106367457e-01 -1.088809175464628687e-01
-1.209503403833692842e-01 -9.773780087775835179e-02
-1.291467026566693876e-01 -8.582845070021816181e-02
-1.361830792835040105e-01 -7.326017361246127402e-02
-1.420101104686950499e-01 -6.014446291209740725e-02
-1.465889695124741321e-01 -4.659602961033439128e-02
-1.498915041735580100e-01 -3.273183071310831194e-02
-1.519002914712539454e-01 -1.867010249005997269e-02
-1.526086084696644807e-01 -4.529406021356718187e-03
-1.520203221412030903e-01 9.572308161917935515e-03
-1.501497018895715518e-01 2.351861003547061485e-02
-1.470211587236214812e-01 3.719546886006892816e-02
-1.426689154138952587e-01 5.049209554768881864e-02
-1.371366122350601846e-01 6.330174393282056444e-02
-1.304768531029356082e-01 7.552246681300962827e-02
-1.227506970583468054e-01 8.705782315875847110e-02
-1.140271001364342451e-01 9.781753341149258818e-02
-1.043823126948264235e-01 1.077180802836053553e-01
-9.389923726330620668e-02 1.166832529418426745e-01
-8.266675192773362268e-02 1.246446328907208079e-01
-7.077900417873572714e-02 1.315420202736111710e-01
-5.833468004782453586e-02 1.373237996739698763e-01
-4.543625322687912249e-02 1.419472448273945420e-01
-3.218921872782522231e-02 1.453787619472290960e-01
-1.870131549401063756e-02 1.475940716237459094e-01
-5.081742228854831123e-03 1.485783294818328881e-01
8.559629434103634138e-03 1.483261859777117164e-01
2.211304042829528166e-02 1.468417858853103553e-01
3.546962454719071456e-02 1.441387081718578100e-01
4.852217976749312323e-02 1.402398470948597042e-01
6.116592692508678042e-02 1.351772354739219639e-01
7.329925213724150512e-02 1.289918112061600175e-01
8.482442941791616675e-02 1.217331282083910365e-01
9.564831996986369878e-02 1.134590130880667458e-01
1.056830446595494466e-01 1.042351689727779168e-01
1.148466261914335707e-01 9.413472806956491024e-02
1.230635975004814309e-01 8.323775468406646727e-02
1.302655728800868884e-01 7.163070060895451729e-02
1.363917783617257795e-01 5.940581499360188256e-02
1.413895378678686199e-01 4.666051103414144141e-02
1.452147116765680479e-01 3.349669207572847363e-02
1.478320837704835411e-01 2.002003999668590384e-02
1.492156947007492740e-01 6.339269046086754011e-03
1.493491166827662364e-01 -7.434651369984557334e-03
1.482256677621886509e-01 -2.118930111592515209e-02
1.458485620501718538e-01 -3.481163677344590451e-02
1.422309932319042736e-01 -4.818883754696267480e-02
1.373961488054486479e-01 -6.120916469670448223e-02
1.313771528120517007e-01 -7.376282920148259648e-02
1.242169351765425728e-01 -8.574286199585615109e-02
1.159680261884077634e-01 -9.704598078687409757e-02
1.066922751207248499e-01 -1.075734471416702337e-01
9.646049250432570110e-02 -1.172319072571353510e-01
8.535201614614554289e-02 -1.259342095849372567e-01
7.345420160030242951e-02 -1.336001922974308365e-01
6.086183846345728787e-02 -1.401574334503396524e-01
4.767649456668143770e-02 -1.455419566338933268e-01
3.400579086754841607e-02 -1.496988849121471399e-01
1.996261060056486042e-02 -1.525830359365075439e-01
5.664247012511169910e-03 -1.541594512891282798e-01
-8.768505217915514849e-03 -1.544038533688661397e-01
-2.321230900997264812e-02 -1.533030234797570779e-01
-3.754228774427180448e-02 -1.508550952210698237e-01
-5.163306462226240068e-02 -1.470697578091321178e-01
-6.535983050281950202e-02 -1.419683645830773500e-01
-7.859943156696401478e-02 -1.355839426567351513e-01
-9.123146759476544188e-02 -1.279611004728839485e-01
-1.031393911456432860e-01 -1.191558308883156475e-01
-1.142115975251865312e-01 -1.092352083614759883e-01
-1.243424951081184143e-01 -9.827697982027569501e-02
-1.334335453771034741e-01 -8.636904984613147374e-02
-1.413942619385976651e-01 -7.360886191026487502e-02
-1.481431577964996416e-01 -6.010267852754373752e-02
-1.536086303072021486e-01 -4.596476433851595655e-02
-1.577297735094581599e-01 -3.131647727778744117e-02
-1.604571079213367724e-01 -1.628527412196223781e-02
-1.617532184247778559e-01 -1.003637818003014215e-03
-1.615932915144164539e-01 1.439206494210160808e-02
-1.599655439681593738e-01 2.976278642723469148e-02
-1.568715358973487850e-01 4.496805044596161038e-02
-1.523263621473063545e-01 5.986724354326621728e-02
-1.463587171359185535e-01 7.432093281385826478e-02
-1.390108294282876855e-01 8.819219769817362997e-02
-1.303382636373335846e-01 1.013479626202640205e-01
-1.204095886000992877e-01 1.136603169558848964e-01
-1.093059121925880894e-01 1.250078085931787264e-01
-9.712028459627311539e-02 1.352766972746827223e-01
-8.395697330006410275e-02 1.443621539934229481e-01
-6.993061459481764164e-02 1.521693929611080132e-01
-5.516524777526267409e-02 1.586147230743925052e-01
-3.979323968802003092e-02 1.636265063752206372e-01
-2.395410863573409557e-02 1.671460117306272641e-01
-7.793257947943749153e-03 1.691281528411432145e-01
8.539369258585321337e-03 1.695421007180720196e-01
2.489070150081543198e-02 1.683717619392359754e-01
4.110600291752868063e-02 1.656161152891839072e-01
5.703037536198594243e-02 1.612894008002715429e-01
7.251028343804276355e-02 1.554211567206713329e-01
8.739508678169488620e-02 1.480561015278557269e-01
1.015385635246333074e-01 1.392538597636435171e-01
1.148004086904081539e-01 1.290885321705319555e-01
1.270476912729669450e-01 1.176481123388377903e-01
1.381562539351154917e-01 1.050337538095181961e-01
1.480120396419661866e-01 9.135889329737596765e-02
1.565123301104016651e-01 7.674823738245320492e-02
1.635668817062869151e-01 6.133662164267330436e-02
1.690989453504839202e-01 4.526775274749669092e-02
1.730461580941797528e-01 2.869284548047565039e-02
1.753612952828592086e-01 1.176916798905135869e-02
1.760128736334872768e-01 -5.341490245135332993e-03
1.749855970861426413e-01 -2.247441217914264433e-02
1.722806389426129181e-01 -3.946359231217397984e-02
1.679157555518279721e-01 -5.614340400992273716e-02
1.619252286255216944e-01 -7.235027743325511684e-02
1.543596351460372607e-01 -8.792437014623954994e-02
1.452854457396566545e-01 -1.027112123745878708e-01
1.347844543105148341e-01 -1.165633089896162405e-01
1.229530436389694725e-01 -1.293416806057890167e-01
1.099012935210766234e-01 -1.409173267000876362e-01
9.575193983965880895e-02 -1.511725943845530495e-01
8.063919468994938666e-02 -1.600024373825007784e-01
6.470743931240065250e-02 -1.673155508647191092e-01
4.810980309150295758e-02 -1.730353690826292590e-01
3.100664324332035732e-02 -1.771009141768473960e-01
1.356394101848247546e-02 -1.794674861256615739e-01
-4.048368723958226806e-03 -1.801071855105365604e-01
-2.165811687654404030e-02 -1.790092625951099914e-01
-3.909265004219447670e-02 -1.761802881190255299e-01
-5.618059232554534210e-02 -1.716441431759692937e-01
-7.275359997448968552e-02 -1.654418275531388260e-01
-8.864808989192668465e-02 -1.576310879331996873e-01
-1.037069232594509255e-01 -1.482858693753811852e-01
-1.177810259539448234e-01 -1.374955954755735232e-01
-1.307309280902054782e-01 -1.253642845322601174e-01
-1.424282058806283502e-01 -1.120095108926552063e-01
-1.527568100568024445e-01 -9.756122239922813966e-02
-1.616142663354172837e-01 -8.216042647982921276e-02
-1.689127348176284460e-01 -6.595775890531434260e-02
-1.745799167703457611e-01 -4.911195055906356077e-02
-1.785597989312816825e-01 -3.178820870724546888e-02
-1.808132272868424872e-01 -1.415653021340566864e-02
-1.813183041714831745e-01 3.610035105390940052e-03
-1.800706045062709371e-01 2.133715223990301224e-02
-1.770832090095717515e-01 3.885098079902383345e-02
-1.723865542499173342e-01 5.597994769273555160e-02
-1.660281014459309978e-01 7.255649362417811166e-02
-1.580718279264786419e-01 8.841877465884323550e-02
-1.485975471221494260e-01 1.034123006846287551e-01
-1.377000648436444152e-01 1.173914933292226903e-01
-1.254881813915277589e-01 1.302211468513279347e-01
-1.120835507142116383e-01 1.417777766574957465e-01
-9.761940936767354859e-02 1.519508414024949294e-01
-8.223918941366584190e-02 1.606438260918539584e-01
-6.609503060749241654e-02 1.677751752023145526e-01
-4.934620825837453262e-02 1.732790665496951876e-01
-3.215749398391187092e-02 1.771060184430347517e-01
-1.469746721653023697e-02 1.792233245467948488e-01
2.863204252005726452e-03 1.796153128065148818e-01
2.035349618543447203e-02 1.782834267543656481e-01
3.760375377066035169e-02 1.752461294761068489e-01
5.444739313854062013e-02 1.705386324667469145e-01
7.072256065139725933e-02 1.642124535058986090e-01
8.627373268378656090e-02 1.563348095233222657e-01
1.009532394264172073e-01 1.469878521793578918e-01
1.146226972254381221e-01 1.362677555340381375e-01
1.271543351170942027e-01 1.242836667043273058e-01
1.384322025155672875e-01 1.111565317945462095e-01
1.483532464426148278e-01 9.701781061593355016e-02
1.568282482329018679e-01 8.200809477485596077e-02
1.637826112890354568e-01 6.627564459502573169e-02
1.691569931746917943e-01 4.997486103914090122e-02
1.729077771016869491e-01 3.326470930395596104e-02
1.750073796658419278e-01 1.630711107667334736e-02
1.754443934954267037e-01 -7.346774410878428863e-04
1.742235652734384077e-01 -1.769768471103071172e-02
1.713656113600592890e-01 -3.442082347239981688e-02
1.669068749541786634e-01 -5.074645447665223491e-02
1.608988303736618442e-01 -6.652189865108082412e-02
1.534074415851442164e-01 -8.160088278935728745e-02
1.445123835589785799e-01 -9.584490480913837596e-02
1.343061363486533488e-01 -1.091245056978848438e-01
1.228929629833767356e-01 -1.213204364725621043e-01
1.103877833063702518e-01 -1.323247097903921254e-01
9.691495678051609275e-02 -1.420415272488009251e-01
8.260698801026220006e-02 -1.503880748849143745e-01
6.760316928914274215e-02 -1.572951809096831410e-01
5.204817487313412316e-02 -1.627078312700176999e-01
3.609062190070250892e-02 -1.665855402052757450e-01
1.988161293229229534e-02 -1.689025745334125361e-01
3.573274968679884117e-03 -1.696480319489507005e-01
-1.268269046544130349e-02 -1.688257751222368430e-01
-2.873643201176486611e-02 -1.664542248407717973e-01
-4.444133435059393483e-02 -1.625660168133977179e-01
-5.965535236481975256e-02 -1.572075280527807095e-01
-7.424228152832518246e-02 -1.504382799483776623e-01
-8.807295338230933246e-02 -1.423302262299364074e-01
-1.010263459878782966e-01 -1.329669349912566967e-01
-1.129906003474053927e-01 -1.224426747878877009e-01
-1.238639349554082475e-01 -1.108614155349277874e-01
-1.335554518564925353e-01 -9.833575550821332945e-02
-1.419858288376715516e-01 -8.498578619184668503e-02
-1.490878936496146112e-01 -7.093790701692946621e-02
-1.548070774209735767e-01 -5.632360220196989259e-02
-1.591017456872816094e-01 -4.127819193781891854e-02
-1.619434066871219824e-01 -2.593957006381317903e-02
-1.633167977703133544e-01 -1.044694016314330620e-02
-1.632198519037546258e-01 5.060438328285128684e-03
-1.616635473394811562e-01 2.044448284554720510e-02
-1.586716445168064316e-01 3.556948863436568825e-02
-1.542803151979150744e-01 5.030328791425597856e-02
-1.485376696770787097e-01 6.451835797251864735e-02
-1.415031886523663018e-01 7.809286966067992275e-02
-1.332470670013514435e-01 9.091166858191018774e-02
-1.238494772563489277e-01 1.028671821158229777e-01
-1.133997610290290170e-01 1.138602463142061316e-01
-1.019955569891001779e-01 1.238008476062497087e-01
-8.974187425864880996e-02 1.326087751637131107e-01
-7.675012024541036371e-02 1.402141806847681249e-01
-6.313709200854036863e-02 1.465580432502049668e-01
-4.902394023416125485e-02 1.515925377783258476e-01
-3.453511480072954387e-02 1.552813064470981719e-01
-1.979730074245871288e-02 1.575996332568853076e-01
-4.938353179573470170e-03 1.585345226682282893e-01
9.913760515592656003e-03 1.580846839616824595e-01
2.463200340009302769e-02 1.562604236266640356e-01
3.909128897028302935e-02 1.530834486907422243e-01
5.316947141558243939e-02 1.485865844479884734e-01
6.674829949574964671e-02 1.428134105340288507e-01
7.971432790790329570e-02 1.358178197264638398e-01
9.195978051152309263e-02 1.276635042233144057e-01
1.033833602906683996e-01 1.184233744709144304e-01
1.138910014468357546e-01 1.081789158786830435e-01
1.233965595280556715e-01 9.701948897454311382e-02
1.318224360055321176e-01 8.504157872495185511e-02
1.391001342046311595e-01 7.234799887147351505e-02
1.451707439793711030e-01 5.904705722568549114e-02
1.499853529865673718e-01 4.525168792021697084e-02
1.535053828660137565e-01 3.107855664011100957e-02
1.557028490658320385e-01 1.664714485960383170e-02
1.565605434673685292e-01 2.078819088726879122e-03
1.560721393623587250e-01 -1.250410890456591165e-02
1.542422187176507309e-01 -2.697932498458764303e-02
1.510862220311900983e-01 -4.122545280396715944e-02
1.466303214391747045e-01 -5.512298545480424916e-02
1.409112180805384695e-01 -6.855520292832671669e-02
1.339758650636034554e-01 -8.140906978808573613e-02
1.258811177133005721e-01 -9.357610756053602596e-02
1.166933131081927533e-01 -1.049532364531263195e-01
1.064877812468660589e-01 -1.154435811246730670e-01
9.534829051504423170e-02 -1.249572353572697553e-01
8.336643045963443299e-02 -1.334119806152763155e-01
7.064093521497180617e-02 -1.407339536274593295e-01
5.727695127042734674e-02 -1.468582582959138960e-01
4.338525361731129792e-02 -1.517295174230581523e-01
2.908141466603692687e-02 -1.553023599590117043e-01
1.448493068052810959e-02 -1.575418397093729939e-01
-2.816891661190576435e-04 -1.584237817110848989e-01
-1.509386565534991988e-02 -1.579350527848635277e-01
-2.982591849653216248e-02 -1.560737531094243957e-01
-4.435205525899454243e-02 -1.528493260379629737e-01
-5.854737378406241199e-02 -1.482825837930266399e-01
-7.228887128958270958e-02 -1.424056471334548546e-01
-8.545645309500655984e-02 -1.352617975871794609e-01
-9.793393364107591537e-02 -1.269052413863108741e-01
-1.096100222607864494e-01 -1.174007848251935743e-01
-1.203792859839570295e-01 -1.068234213862029325e-01
-1.301430815328320223e-01 -9.525783163924976538e-02
-1.388104485969661461e-01 -8.279779761557089224e-02
-1.462989564682290466e-01 -6.954553407977064061e-02
-1.525354961767701467e-01 -5.561093987064366639e-02
-1.574570104013196525e-01 -4.111077324455100768e-02
-1.610111536367327401e-01 -2.616775592767328629e-02
-1.631568753918749282e-01 -1.090961135717738797e-02
-1.638649195645597301e-01 4.531956642642151478e-03
-1.631182335990167542e-01 2.002233775428498980e-02
-1.609122815759201908e-01 3.542513391419511992e-02
-1.572552560147617295e-01 5.060331451169305939e-02
-1.521681838814821774e-01 6.542039900130916519e-02
-1.456849230876380297e-01 7.974165731131664658e-02
-1.378520466365113772e-01 9.343531792085101040e-02
-1.287286125106693047e-01 1.063737730459807934e-01
-1.183858183974361017e-01 1.184347700309564960e-01
-1.069065414051665469e-01 1.295025777934470379e-01
-9.438476402451734248e-02 1.394691170298849037e-01
-8.092488872437958447e-02 1.482350428561043376e-01
-6.664094473003642771e-02 1.557107686451506545e-01
-5.165569169881666783e-02 1.618174200330649848e-01
-3.609962617266691126e-02 1.664877083977984729e-01
-2.010989783371099765e-02 1.696667135778650859e-01
-3.829143703658291487e-03 1.713125661859766224e-01
1.259575050370551411e-02 1.713970205871238051e-01
2.901495166033899592e-02 1.699059104470630743e-01
4.527703198348666247e-02 1.668394797108957717e-01
6.123036128574019243e-02 1.622125829356076410e-01
7.672452598455227479e-02 1.560547500665991072e-01
9.161176151556543745e-02 1.484101120062644441e-01
1.057483842963647391e-01 1.393371846608928988e-01
1.189962090266309391e-01 1.289085105574449275e-01
1.312239368960580466e-01 1.172101585796529455e-01
1.423085002101346086e-01 1.043410838678050373e-01
1.521363490415827135e-01 9.041235144189857520e-02
1.606046657756585172e-01 7.554622862621294954e-02
1.676224938424501210e-01 5.987515285678675359e-02
1.731117675185266380e-01 4.354058292348074455e-02
1.770082304314750665e-01 2.669174311683355366e-02
1.792622313095641184e-01 9.484271098469304606e-03
1.798393865784398415e-01 -7.921218425525133194e-03
1.787211006087474630e-01 -2.536064099337317218e-02
1.759049357522231294e-01 -4.266800636980690870e-02
1.714048257565203570e-01 -5.967702405605624510e-02
1.652511277064277473e-01 -7.622273441598707844e-02
1.574905092851349997e-01 -9.214314892406047508e-02
1.481856698662672167e-01 -1.072808826320726244e-01
1.374148957166920204e-01 -1.214847617256202827e-01
1.252714513917060624e-01 -1.346113890045465000e-01
1.118628112173811334e-01 -1.465266502786604641e-01
9.730973655828627222e-02 -1.571071450228749278e-01
8.174520634086253346e-02 -1.662415251842420671e-01
6.531321002175929924e-02 -1.738317267744337591e-01
4.816741383501863677e-02 -1.797940798097931447e-01
3.046971270123451786e-02 -1.840602832695367730e-01
1.238868161563472237e-02 -1.865782330210034590e-01
-5.902058368561682866e-03 -1.873126920967271569e-01
-2.422554329782105817e-02 -1.862457942871047489e-01
-4.240322137410167808e-02 -1.833773737180629804e-01
-6.025674186902381380e-02 -1.787251148971154835e-01
-7.760975925431803923e-02 -1.723245196136159174e-01
-9.428973350865656189e-02 -1.642286890485572803e-01
-1.101297073752553896e-01 -1.545079214635023679e-01
-1.249700413760778672e-01 -1.432491278738492468e-01
-1.386600876395339133e-01 -1.305550701447708295e-01
-1.510597840690320048e-01 -1.165434279546570667e-01
-1.620411510666805444e-01 -1.013457030266177172e-01
-1.714896739242253443e-01 -8.510597090977749246e-02
-1.793055550936677733e-01 -6.797949237557796009e-02
-1.854048218420614458e-01 -5.013119815789234684e-02
-1.897202762654023878e-01 -3.173406228850639971e-02
-1.922022762696344589e-01 -1.296738064198072610e-02
-1.928193379047816458e-01 5.985027511569245701e-03
-1.915585513413257668e-01 2.493667615629752837e-02
-1.884258047847097439e-01 4.370030780961571548e-02
-1.834458127113437198e-01 6.208980729089672024e-02
-1.766619469536299392e-01 7.992211350078198828e-02
-1.681358713373418134e-01 9.701910862434245941e-02
-1.579469827566562234e-01 1.132094642986123806e-01
-1.461916637344697067e-01 1.283304246472136423e-01
-1.329823536326298350e-01 1.422295066790676688e-01
-1.184464477230817436e-01 1.547660993688476649e-01
-1.027250352820973378e-01 1.658129437753491364e-01
-8.597148970218754238e-02 1.752574777991471600e-01
-6.834992530780195641e-02 1.830030306189726064e-01
-5.003353709092840662e-02 1.889698534609812186e-01
-3.120284093254700741e-02 1.930959751280857395e-01
-1.204383302902146263e-02 1.953378726273607147e-01
7.253911815260329771e-03 1.956709492600504641e-01
2.649918264801653586e-02 1.940898146572876404e-01
4.550109471285598145e-02 1.906083634304549246e-01
6.407105055716168229e-02 1.852596513325291960e-01
8.202467877505745242e-02 1.780955700695142641e-01
9.918372948830819769e-02 1.691863241327715150e-01
1.153779061386078775e-01 1.586197152173747793e-01
1.304466138685548282e-01 1.465002419226842378e-01
1.442406056973660200e-01 1.329480244740523509e-01
1.566235088399764996e-01 1.180975661349393246e-01
1.674732148609471005e-01 1.020963647740967817e-01
1.766831188814930453e-01 8.510338969193081970e-02
1.841631947506562339e-01 6.728744027465104194e-02
1.898408949299197623e-01 4.882540431749833598e-02
1.936618658024140960e-01 2.990043492473175302e-02
1.955904711798745754e-01 1.070006574220964263e-02
1.956101189181168321e-01 -8.585715100931215482e-03
1.937233877396091486e-01 -2.776641157826082937e-02
1.899519535738430909e-01 -4.665296596726017930e-02
1.843363169365594134e-01 -6.505968384230362278e-02
1.769353350515439072e-01 -8.280611736099056930e-02
1.678255645482157055e-01 -9.971888690136086753e-02
1.571004226199151366e-01 -1.156334218866113539e-01
1.448691764780890290e-01 -1.303956026256474221e-01
1.312557727642775784e-01 -1.438632861891540882e-01
1.163975202643836027e-01 -1.559077007165260986e-01
1.004436407895154537e-01 -1.664146940915074424e-01
8.355370442820976573e-02 -1.752858246144183563e-01
6.589596652184255554e-02 -1.824392831154242889e-01
4.764562465677744246e-02 -1.878106378741104809e-01
2.898301469411863202e-02 -1.913533957122806051e-01
1.009176536436028754e-02 -1.930393746852658854e-01
-8.843068763981016406e-03 -1.928588858875237844e-01
-2.763687607647344335e-02 -1.908207239861994531e-01
-4.610733876798719932e-02 -1.869519681770840935e-01
-6.407624645042034328e-02 -1.812975972969649019e-01
-8.137125380168017119e-02 -1.739199248014529076e-01
-9.782756434679137914e-02 -1.648978612057785953e-01
-1.132895234550245211e-01 -1.543260133668843126e-01
-1.276121048068269703e-01 -1.423136316391087342e-01
-1.406622759151114621e-01 -1.289834174453501903e-01
-1.523202297594143939e-01 -1.144702051552966698e-01
-1.624804711893999831e-01 -9.891953333877617771e-02
-1.710527484557736455e-01 -8.248612145445975707e-02
-1.779628220105567704e-01 -6.533226883339232627e-02
-1.831530645628968168e-01 -4.762619341696310710e-02
-1.865828882588069226e-01 -2.954032810629573375e-02
-1.882289967510431261e-01 -1.124959277349651954e-02
-1.880854618165350434e-01 7.070340023910454824e-03
-1.861636260416850153e-01 2.524476779193688541e-02
-1.824918349094818704e-01 4.310165187964436206e-02
-1.771150033667939494e-01 6.047326544135961379e-02
-1.700940236067051692e-01 7.719777949269319983e-02
-1.615050223520766437e-01 9.312077189214559847e-02
-1.514384773570482678e-01 1.080966451485193269e-01
-1.399982041391271415e-01 1.219899401550968709e-01
-1.273002251039804522e-01 1.346765342678890309e-01
-1.134715342182468084e-01 1.460447135595009938e-01
-9.864877121491458234e-02 1.559961105738292830e-01
-8.297681997558072065e-02 1.644465004609207970e-01
-6.660734622088522461e-02 1.713264499666667384e-01
-4.969728995347808681e-02 1.765818153693504977e-01
-3.240732823802464080e-02 1.801740870754480472e-01
-1.490032387306387818e-02 1.820805801920130362e-01
2.660224684948624824e-03 1.822944719646983069e-01
2.011171713746012085e-02 1.808246884921332898e-01
3.729395439321443739e-02 1.776956445832629239e-01
5.405059698573203703e-02 1.729468419999272699e-01
7.023056576180547461e-02 1.666323326094177881e-01
8.568937262728150428e-02 1.588200541495498608e-01
1.002903701210116627e-01 1.495910473721652201e-01
1.139059096593171144e-01 1.390385642718767190e-01
1.264183994366783748e-01 1.272670779190356871e-01
1.377212541683486280e-01 1.143912050948724668e-01
1.477197301018201014e-01 1.005345534698756788e-01
1.563316399912603183e-01 8.582850547282930287e-02
1.634879440072055101e-01 7.041095126833321616e-02
1.691332138284597220e-01 5.442498339752343400e-02
1.732259684204876804e-01 3.801756564405969763e-02
1.757388812316127424e-01 2.133818857063415897e-02
1.766588597230264179e-01 4.537523936942164382e-03
1.759869992800472127e-01 -1.223391013397305549e-02
1.737384146205125934e-01 -2.882706181907139162e-02
1.699419528131797530e-01 -4.509562520281054643e-02
1.646397929374283919e-01 -6.089727656081622698e-02
1.578869382496291274e-01 -7.609485773991037094e-02
1.497506074668820131e-01 -9.055749780248098513e-02
1.403095324324093174e-01 -1.041616648996072508e-01
1.296531699870218379e-01 -1.167921411714556018e-01
1.178808363373489848e-01 -1.283429143344984036e-01
1.051007725847393076e-01 -1.387179804927085036e-01
9.142915036082220614e-02 -1.478320535941802516e-01
7.698902670961992045e-02 -1.556111778363791776e-01
6.190925746567732535e-02 -1.619932401939019329e-01
4.632337840757182190e-02 -1.669283810945298152e-01
3.036846342168255525e-02 -1.703793020956455018e-01
1.418396879805033928e-02 -1.723214702078491034e-01
-2.089427395251270553e-03 -1.727432192708988901e-01
-1.831098214415083358e-02 -1.716457495049275861e-01
-3.434103209265197687e-02 -1.690430270342066499e-01
-5.004211780814626920e-02 -1.649615858094445608e-01
-6.528007995721464563e-02 -1.594402349364814897e-01
-7.992512003156926337e-02 -1.525296749538860575e-01
-9.385281867878757234e-02 -1.442920270897125601e-01
-1.069451051267743535e-01 -1.348002799695657838e-01
-1.190911716396635123e-01 -1.241376586457207665e-01
-1.301883274019252912e-01 -1.123969211724195061e-01
-1.401427866931858335e-01 -9.967958826802711392e-02
-1.488703866857425118e-01 -8.609511188313898056e-02
-1.562972306676784218e-01 -7.175998873779157461e-02
-1.623602529651847481e-01 -5.679682510346595326e-02
-1.670077023071606104e-01 -4.133335928933723480e-02
-1.701995408429140821e-01 -2.550144844978238443e-02
-1.719077564899017807e-01 -9.436026463814618792e-03
-1.721165867534363847e-01 6.725960251185571920e-03
-1.708226526250559429e-01 2.284663203779495333e-02
-1.680350016319671902e-01 3.878826338336952700e-02
-1.637750595780253227e-01 5.441437131272517519e-02
-1.580764909885544467e-01 6.959079767578729703e-02
-1.509849687484085823e-01 8.418677820245144827e-02
-1.425578539063558359e-01 9.807599120250708180e-02
-1.328637871102626988e-01 1.111375788161806516e-01
-1.219821936374720084e-01 1.232571337727515204e-01
-1.100027044936018605e-01 1.343276446933071022e-01
-9.702449657066397615e-02 1.442503930819188374e-01
-8.315555538125955770e-02 1.529357952904981943e-01
-6.851186441838996721e-02 1.603041829196817925e-01
-5.321652572819096649e-02 1.662865153347249936e-01
-3.739881682303427407e-02 1.708250182349666246e-01
-2.119318960160115201e-02 1.738737425212248666e-01
-4.738217476681662321e-03 1.753990380605120469e-01
1.182450256414086659e-02 1.753799373543467599e-01
2.835148573046884085e-02 1.738084445778444731e-01
4.469852531106999205e-02 1.706897259732258199e-01
6.072188048254694576e-02 1.660421981542363479e-01
7.627947743521523716e-02 1.598975115072604203e-01
9.123211482225658531e-02 1.523004265597893703e-01
1.054446642029329834e-01 1.433085819255715820e-01
1.187872558720746430e-01 1.329921532254191019e-01
1.311364402536735474e-01 1.214334032194190616e-01
1.423763148935131284e-01 1.087261242652713539e-01
1.523996070212873255e-01 9.497497513267039171e-02
1.611087016730599064e-01 8.029471514802216658e-02
1.684166054759916042e-01 6.480933960931568871e-02
1.742478364040407068e-01 4.865112138865922836e-02
1.785392301199081877e-01 3.195956462001270371e-02
1.812406539278866580e-01 1.488027734139303615e-02
1.823156198763350722e-01 -2.436229086942933580e-03
1.817417891678133057e-01 -1.983580504586927862e-02
1.795113607586751314e-01 -3.716198258224816947e-02
1.756313378558974347e-01 -5.425733975325847114e-02
1.701236669433940640e-01 -7.096489819418547174e-02
1.630252449877846732e-01 -8.712954203974457301e-02
1.543877915777978060e-01 -1.025994457469387722e-01
1.442775839339254518e-01 -1.172274978884292607e-01
1.327750539758965065e-01 -1.308727076198960559e-01
1.199742479438892229e-01 -1.434015802824054331e-01
1.059821504227701494e-01 -1.546894484897954336e-01
9.091787600344225506e-02 -1.646217450786594261e-01
7.491173321700722587e-02 -1.730952044703199799e-01
5.810416678039906357e-02 -1.800189793143231465e-01
4.064458558024732632e-02 -1.853156597537994332e-01
2.269008517828848687e-02 -1.889221832750825614e-01
4.404074929690748874e-03 -1.907906238758683426e-01
-1.404517895185478440e-02 -1.908888502046255653e-01
-3.248608188836671351e-02 -1.892010433836140426e-01
-5.074529743607238130e-02 -1.857280664214212840e-01
-6.864937728670697514e-02 -1.804876784391373223e-01
-8.602641945343111884e-02 -1.735145883659690857e-01
-1.027077386500050149e-01 -1.648603442922625395e-01
-1.185295323547208846e-01 -1.545930562858557900e-01
-1.333345257004607265e-01 -1.427969521651607232e-01
-1.469735781583352274e-01 -1.295717674617120896e-01
-1.593072349919689989e-01 -1.150319725772616930e-01
-1.702072066578525500e-01 -9.930584192598110316e-02
-1.795577597173050322e-01 -8.253437163036084212e-02
-1.872570034081915413e-01 -6.487005408884261026e-02
-1.932180567979537578e-01 -4.647551943274640801e-02
-1.973700823996422382e-01 -2.752205551833554475e-02
-1.996591732729590951e-01 -8.188019635904771054e-03
-2.000490819438918988e-01 1.134284345882321729e-02
-1.985217809480440132e-01 3.088316129446355349e-02
-1.950778464206857354e-01 5.024375417764048724e-02
-1.897366579051554536e-01 6.923549842002718613e-02
-1.825364094128387737e-01 8.767121349763787319e-02
-1.735339287230453220e-01 1.053675537467142764e-01
-1.628043039386003754e-01 1.221468848132507001e-01
-1.504403183904248209e-01 1.378391249020311515e-01
-1.365516970882635905e-01 1.522835309224074007e-01
-1.212641700206924800e-01 1.653304099057049947e-01
-1.047183596907361042e-01 1.768427365741681023e-01
-8.706850230880958108e-02 1.866976586720118236e-01
-6.848101402731213150e-02 1.947878726209013867e-01
-4.913291546656102515e-02 2.010228532276687186e-01
-2.921012952611485441e-02 2.053299225411856221e-01
-8.905669076244772386e-03 2.076551445152413633e-01
1.158226743990153906e-02 2.079640338696498170e-01
3.205227321162374549e-02 2.062420694348612304e-01
5.230176274252563290e-02 2.024950042960769470e-01
7.212903284636855428e-02 1.967489671992594946e-01
9.133533319333023148e-02 1.890503519197502813e-01
1.097269242828730618e-01 1.794654935992226474e-01
1.271171006075868803e-01 1.680801334020203541e-01
1.433281569134627897e-01 1.549986752003086055e-01
1.581932758575991804e-01 1.403432403411310758e-01
1.715583160127582274e-01 1.242525288494845531e-01
1.832834800647826778e-01 1.068804976521335326e-01
1.932448441858461152e-01 8.839486853987263415e-02
2.013357309330177092e-01 6.897548059495881012e-02
2.074679096039053205e-01 4.881250367038037635e-02
2.115726097626488555e-01 2.810453119494974589e-02
2.136013356111079453e-01 7.056572071231788368e-03
2.135264710001721911e-01 -1.412203728745955317e-02
2.113416671310240080e-01 -3.521977868642188481e-02
2.070620073603491318e-01 -5.602513274764714390e-02
2.007239459698053896e-01 -7.632877093273918168e-02
1.923850202601875004e-01 -9.592573526581732457e-02
1.821233378554476534e-01 -1.146175820211885465e-01
1.700368436213114676e-01 -1.322144659028345881e-01
1.562423730877864347e-01 -1.485371417763729496e-01
1.408745016847365028e-01 -1.634188618145111516e-01
1.240842014258493609e-01 -1.767071469762281910e-01
1.060373188806629091e-01 -1.882654130468882914e-01
8.691289033011002918e-02 -1.979744330070340175e-01
6.690131188320228017e-02 -2.057336192546077025e-01
4.620238401793780314e-02 -2.114621111589769509e-01
2.502325147750680823e-02 -2.150996555530703402e-01
3.576260685172777398e-03 -2.166072700476213142e-01
-1.792324217757119628e-02 -2.159676814525136601e-01
-3.925914856722322044e-02 -2.131855340864688697e-01
-6.021683614146025598e-02 -2.082873653185161322e-01
-8.058540401541838816e-02 -2.013213482826616829e-01
-1.001598703518550709e-01 -1.923568043102366620e-01
-1.187433083208798007e-01 -1.814834902017550267e-01
-1.361488971357607269e-01 -1.688106679812032551e-01
-1.522018658103789501e-01 -1.544659672106298842e-01
-1.667413084802553402e-01 -1.385940522628330562e-01
-1.796218515686225647e-01 -1.213551091273776250e-01
-1.907151547446929163e-01 -1.029231683343671683e-01
-1.999112294932706146e-01 -8.348428239765037784e-02
-2.071195611708613882e-01 -6.323457778312560618e-02
-2.122700226389016287e-01 -4.237820277978959771e-02
-2.153135699132230352e-01 -2.112519377529256670e-02
-2.162227127223589618e-01 3.107166988184847933e-04
-2.149917553965407235e-01 2.171432619388800195e-02
-2.116368060841236631e-01 4.287119856822282915e-02
-2.061955548821532702e-01 6.356988589678316814e-02
-1.987268240421641297e-01 8.360411199698107587e-02
-1.893098959407328030e-01 1.027748940183997872e-01
-1.780436269570870866e-01 1.208925793295259343e-01
-1.650453577485618828e-01 1.377787759773597132e-01
-1.504496326316386856e-01 1.532681562824907417e-01
-1.344067428362019367e-01 1.672101146464478882e-01
-1.170811102800272119e-01 1.794702623707163380e-01
-9.864953018825328712e-02 1.899317441962007358e-01
-7.929929234013302630e-02 1.984963633443883879e-01
-5.922620194696254226e-02 2.050855040514919514e-01
-3.863252213798570173e-02 2.096408429073742530e-01
-1.772486074562062280e-02 2.121248427138887060e-01
3.287975468868699347e-03 2.125210250334120254e-01
2.419713582627641690e-02 2.108340200784039054e-01
4.479586673987152878e-02 2.070893950673382555e-01
6.488161583855056591e-02 2.013332646121954173e-01
8.425807692400424931e-02 1.936316890794366197e-01
1.027371543393247461e-01 1.840698691526095609e-01
1.201408264181159369e-01 1.727511469944313094e-01
1.363028889949469968e-01 1.597958264350302637e-01
1.510705614720429524e-01 1.453398264786536220e-01
1.643059396333036992e-01 1.295331841034469411e-01
1.758872812529631569e-01 1.125384238102501294e-01
1.857101125386359797e-01 9.452881264175022613e-02
1.936881455519813278e-01 7.568652043063901769e-02
1.997539989385340720e-01 5.620070583542276926e-02
2.038597165445334980e-01 3.626554927903816866e-02
2.059770807755864630e-01 1.607825421530977017e-02
2.060977198325338600e-01 -4.162961788536291563e-03
2.042330102170872297e-01 -2.426086484566220697e-02
2.004137781075179814e-01 -4.402117053052820306e-02
1.946898053377626725e-01 -6.325445740537807837e-02
1.871291477479453680e-01 -8.177800891622519219e-02
1.778172755882852230e-01 -9.941756535172799336e-02
1.668560474312973108e-01 -1.160089688157092958e-01
1.543625306608411574e-01 -1.313996855912358819e-01
1.404676830449307356e-01 -1.454501918512685343e-01
1.253149111487649736e-01 -1.580352103766005101e-01
1.090585223942001636e-01 -1.690447877536306320e-01
9.186208841358398103e-02 -1.783852034191208413e-01
7.389673797393545018e-02 -1.859797038725874152e-01
5.533939815906227522e-02 -1.917690573652583719e-01
3.637100269225854166e-02 -1.957119263735919712e-01
1.717468626328409742e-02 -1.977850571515740452e-01
-2.066016504466049175e-03 -1.979832876064882841e-01
-2.116894923974376591e-02 -1.963193766356436942e-01
-3.995507157573846557e-02 -1.928236598759514586e-01
-5.825013968220640881e-02 -1.875435385350591455e-01
-7.588631375597920670e-02 -1.805428095744459061e-01
-9.270367776344272392e-02 -1.719008469858285815e-01
-1.085516579764317091e-01 -1.617116452288149819e-01
-1.232903282054344796e-01 -1.500827370685405560e-01
-1.367915910919311195e-01 -1.371339990578554768e-01
-1.489402263553551153e-01 -1.229963587426274874e-01
-1.596347984794787567e-01 -1.078104183263739607e-01
-1.687884179478104096e-01 -9.172501000955096684e-02
-1.763293517778847519e-01 -7.489569851951569102e-02
-1.822014807406113213e-01 -5.748324647178083835e-02
-1.863646022643079547e-01 -3.965205815615611279e-02
-1.887945795958070050e-01 -2.156861712918127505e-02
-1.894833393063486138e-01 -3.399932625203147540e-03
-1.884387206724585928e-01 1.468799071748662713e-02
-1.856841818177490111e-01 3.253164597040211770e-02
-1.812583687582943748e-01 4.997146679751719028e-02
-1.752145546413971799e-01 6.685320791883161973e-02
-1.676199574964521433e-01 8.302925194417731802e-02
-1.585549457204135648e-01 9.835983242305521013e-02
-1.481121412941242832e-01 1.127141640763579394e-01
-1.363954313664304530e-01 1.259714723438438155e-01
-1.235188993493871734e-01 1.380219155816264365e-01
-1.096056870405551498e-01 1.487673944615026111e-01
-9.478679952970346656e-02 1.581222443439543879e-01
-7.919986476107167273e-02 1.660138076051351774e-01
-6.298785961407295242e-02 1.723828840819913999e-01
-4.629781424163045833e-02 1.771840589468031690e-01
-2.927950617407161504e-02 1.803859084219631981e-01
-1.208415536648493188e-02 1.819710847881174931e-01
5.136869051711311085e-03 1.819362831155951488e-01
2.223332006430503785e-02 1.802920930534908928e-01
3.905731239858818704e-02 1.770627398374093331e-01
5.546452142782858086e-02 1.722857194217493615e-01
7.131533294560506164e-02 1.660113333029477334e-01
8.647593611774498368e-02 1.583021291751364468e-01
1.008193526489921665e-01 1.492322540493440930e-01
1.142263959482996277e-01 1.388867268730627214e-01
1.265865548294364817e-01 1.273606380112134728e-01
1.377987970338108437e-01 1.147582831957919131e-01
1.477722886022753146e-01 1.011922397241518112e-01
1.564270258453585305e-01 8.678239279011511209e-02
1.636943773610100850e-01 7.165491987358955928e-02
1.695175342207474734e-01 5.594124109927003929e-02
1.738518670852907955e-01 3.977694340969765291e-02
1.766651896166635538e-01 2.330068628897567079e-02
1.779379281236405930e-01 6.653096627275374708e-03
1.776631979106508552e-01 -1.002433986079464753e-02
1.758467872970068402e-01 -2.659038345285013108e-02
1.725070507347112314e-01 -4.290513448065581131e-02
1.676747128808778742e-01 -5.883110988325815360e-02
1.613925858774457878e-01 -7.423429574301004807e-02
1.537152024593102795e-01 -8.898516954830032466e-02
1.447083678555718955e-01 -1.029596861824585152e-01
1.344486337709039914e-01 -1.160402218954342812e-01
1.230226980387407743e-01 -1.281164707722199092e-01
1.105267338287689305e-01 -1.390862884691771717e-01
9.706565257156266058e-02 -1.488564782468247971e-01
8.275230503635414014e-02 -1.573435145863618934e-01
6.770662526668630443e-02 -1.644741999390585685e-01
5.205472234534187781e-02 -1.701862504250445385e-01
3.592792522615659290e-02 -1.744288065738939797e-01
1.946178613709165228e-02 -1.771628654870558983e-01
2.795048326482953149e-03 -1.783616311052118042e-01
-1.393141580787121345e-02 -1.780107795857996111e-01
-3.057568990058044667e-02 -1.761086371409875950e-01
-4.699591554218288808e-02 -1.726662680579452713e-01
-6.305140411839391112e-02 -1.677074710247146716e-01
-7.860375149286744079e-02 -1.612686823193081598e-01
-9.351794822983955369e-02 -1.533987848892873207e-01
-1.076634778416912797e-01 -1.441588228558087770e-01
-1.209153953609767990e-01 -1.336216215209750091e-01
-1.331553783830170812e-01 -1.218713135404736053e-01
-1.442727426102813348e-01 -1.090027725441407580e-01
-1.541654138601709356e-01 -9.512095614345336680e-02
-1.627408484802236599e-01 -8.034016095419499459e-02
-1.699168941557837043e-01 -6.478319298072265919e-02
-1.756225832011723831e-01 -4.858045745037528618e-02
-1.797988506022372146e-01 -3.186897294653372181e-02
-1.823991693311457496e-01 -1.479131545956930555e-02
-1.833900957879559257e-01 2.505501251652823835e-03
-1.827517186414661932e-01 1.987120182784227890e-02
-1.804780048467130582e-01 3.715347409575681797e-02
-1.765770372096542862e-01 5.419923383685455731e-02
-1.710711385512070914e-01 7.085592021389147677e-02
-1.639968782916755574e-01 8.697281189141543856e-02
-1.554049581300596394e-01 1.024023533057832891e-01
-1.453599744266586558e-01 1.170014800307576097e-01
-1.339400559061445783e-01 1.306329317569653592e-01
-1.212363763747679735e-01 1.431665410681374206e-01
-1.073525432809874780e-01 1.544804859640929451e-01
-9.240386413359101547e-02 1.644624939590559887e-01
-7.651649401399199246e-02 1.730109855822603571e-01
-5.982646866729213198e-02 1.800361452328728129e-01
-4.247862891628941678e-02 1.854609075986501654e-01
-2.462544339931940773e-02 1.892218482415128633e-01
-6.425737871344205931e-03 1.912699674857869514e-01
1.195665948781892210e-02 1.915713574168768085e-01
3.035434616001777414e-02 1.901077426083520039e-01
4.859783508429418170e-02 1.868768861406999715e-01
6.651709347085894841e-02 1.818928535501743438e-01
8.394311703679067926e-02 1.751861285441297378e-01
1.007095252744947544e-01 1.668035756308938744e-01
1.166541627000390047e-01 1.568082462265880661e-01
1.316206905061987620e-01 1.452790263055344644e-01
1.454601526763903974e-01 1.323101252404376149e-01
1.580325004110950948e-01 1.180104071172717040e-01
1.692080586865805092e-01 1.025025674902137196e-01
1.788689189134840540e-01 8.592216024528580298e-02
1.869102419948051041e-01 6.841648094788337076e-02
1.932414566015089041e-01 5.014331473856906141e-02
1.977873381893771598e-01 3.126955849243935603e-02
2.004889551706371675e-01 1.196972854881706710e-02
2.013044697234893099e-01 -7.575633171139739552e-03
2.002097819646821431e-01 -2.718164043186429082e-02
1.971990076150668125e-01 -4.666081582084145168e-02
1.922847808435023120e-01 -6.582489909382219229e-02
1.854983756662161032e-01 -8.448669307685591212e-02
1.768896410901980853e-01 -1.024619286606003321e-01
1.665267471018853640e-01 -1.195711297984792809e-01
1.544957405959348773e-01 -1.356414589987269825e-01
1.408999123913549090e-01 -1.505085235915877284e-01
1.258589785704317676e-01 -1.640181230649024324e-01
1.095080814754447601e-01 -1.760279179993744503e-01
9.199661778406742485e-02 -1.864090016015975126e-01
7.348690313112721251e-02 -1.950473555282440374e-01
5.415268472645054509e-02 -2.018451726155461312e-01
3.417751531049820907e-02 -2.067220302683286659e-01
1.375300356661132706e-02 -2.096158996134410146e-01
-6.923042252945134367e-03 -2.104839770716884495e-01
-2.764855925297107081e-02 -2.093033267357527205e-01
-4.821924384466287627e-02 -2.060713238419404902e-01
-6.843061409674734696e-02 -2.008058916713010011e-01
-8.808009899274193977e-02 -1.935455263888584965e-01
-1.069691324578730396e-01 -1.843491066045615245e-01
-1.249052296237013193e-01 -1.732954867904956120e-01
-1.417040226574416140e-01 -1.604828760889502881e-01
-1.571912336023999490e-01 -1.460280064669992883e-01
-1.712045620588079908e-01 -1.300650965865221276e-01
-1.835954661802803589e-01 -1.127446201348605015e-01
-1.942308163665343590e-01 -9.423188967134606131e-02
-2.029944021909615148e-01 -7.470546925991447540e-02
-2.097882745019434836e-01 -5.435543124982483015e-02
-2.145339062660905072e-01 -3.338147450816193740e-02
-2.171731575634340272e-01 -1.199092317381075107e-02
-2.176690321797286332e-01 9.603373430699974067e-03
-2.160062154474413076e-01 3.118521774717818162e-02
-2.121913853403352701e-01 5.253729470118147921e-02
-2.062532913002620982e-01 7.344343225448826673e-02
-1.982425978404971367e-01 9.369086727166311968e-02
-1.882314925978539610e-01 1.130724918806500640e-01
-1.763130611649359747e-01 1.313890554924460330e-01
-1.626004336925397087e-01 1.484512979194939630e-01
-1.472257108783963098e-01 1.640819895961746488e-01
-1.303386795201778581e-01 1.781178557537563267e-01
-1.121053302765422088e-01 1.904113625288844092e-01
-9.270619261937199096e-02 2.008323443781435680e-01
-7.233450414400027784e-02 2.092694538169732887e-01
-5.119423340450324211e-02 2.156314163815749863e-01
-2.949797723251612602e-02 2.198480758066667373e-01
-7.464755057320575371e-03 2.218712166964547927e-01
1.468227594831813046e-02 2.216751544148845843e-01
3.671816003540433193e-02 2.192570845057763840e-01
5.841851074553251061e-02 2.146371866436217746e-01
7.956188140653983054e-02 2.078584808798904504e-01
9.993211203143809174e-02 1.989864367548322688e-01
1.193206265461927845e-01 1.881083386574164684e-01
1.375286547287411509e-01 1.753324136024009827e-01
1.543693540001538911e-01 1.607867303199077003e-01
1.696698072612674302e-01 1.446178811861929259e-01
1.832728743029999607e-01 1.269894610324662221e-01
1.950388759209174261e-01 1.080803592209501063e-01
2.048470917160687133e-01 8.808288354502716300e-02
2.125970546431575903e-01 6.720073646662319544e-02
2.182096276493569187e-01 4.564686592477738836e-02
2.216278502055238631e-01 2.364121441336857615e-02
2.228175451370128513e-01 1.408391215029704269e-03
2.217676788825959089e-01 -2.082470642240831851e-02
2.184904711145881917e-01 -4.283129678228698306e-02
2.130212525074632879e-01 -6.438711517386086491e-02
2.054180723116985907e-01 -8.527278677342330082e-02
1.957610602397677202e-01 -1.052761444943974695e-01
1.841515499677791323e-01 -1.241944662116407361e-01
1.707109742655740225e-01 -1.418366066081601651e-01
1.555795443575801462e-01 -1.580250001441373398e-01
1.389147285552848887e-01 -1.725975131535049945e-01
1.208895474606710985e-01 -1.854091248338333164e-01
1.016907050914355737e-01 -1.963334188893509913e-01
8.151657709897626447e-02 -2.052638697900758535e-01
6.057507881759224833e-02 -2.121149099952439887e-01
3.908143717986971299e-02 -2.168227670272915297e-01
1.725589154401151876e-02 -2.193460619425323110e-01
-4.678650807328856021e-03 -2.196661634939340579e-01
-2.649897832784218338e-02 -2.177872950865729074e-01
-4.798393175803095101e-02 -2.137363944534142468e-01
-6.891672750240025735e-02 -2.075627287938616172e-01
-8.908722228159082768e-02 -1.993372708861610165e-01
-1.082940943153092445e-01 -1.891518443741142530e-01
-1.263469173846836213e-01 -1.771180490066328883e-01
-1.430681054857740331e-01 -1.633659790450224247e-01
-1.582947074013144328e-01 -1.480427503189978289e-01
-1.718800323642509231e-01 -1.313108534820710549e-01
-1.836950900404269726e-01 -1.133463528664892667e-01
-1.936298302925926751e-01 -9.433695194660385308e-02
-2.015941705754553392e-01 -7.447994776981881060e-02
-2.075188013217305616e-01 -5.398009779184829299e-02
-2.113557622807879788e-01 -3.304742334715306956e-02
-2.130787854323218933e-01 -1.189497448898402254e-02
-2.126834027848581443e-01 9.263418857023367897e-03
-2.101868200501380568e-01 3.021538456606178563e-02
-2.056275598271711802e-01 5.075221032875879001e-02
-1.990648805024948786e-01 7.067098617846115371e-02
-1.905779795455694037e-01 8.977666463073154246e-02
-1.802649922214904499e-01 1.078840167202128331e-01
-1.682417989304578476e-01 1.248194636457589241e-01
-1.546406563900853404e-01 1.404227653805415199e-01
-1.396086696805886318e-01 1.545485494471455779e-01
-1.233061237548807310e-01 1.670676650736864777e-01
-1.059046943593602019e-01 1.778683501090831676e-01
-8.758555940362927617e-02 1.868572003556830952e-01
-6.853743264876872854e-02 1.939599333462127817e-01
-4.895454214777789775e-02 1.991219410195805839e-01
-2.903457616545253306e-02 2.023086282061000718e-01
-8.976619328856967617e-03 2.035055362870444862e-01
1.102089848243577308e-02 2.027182538163493641e-01
3.076221849780841691e-02 1.999721182548718779e-01
5.005621340920500539e-02 1.953117152422221559e-01
6.871827144128186959e-02 1.888001839916828850e-01
8.657208506542658777e-02 1.805183394158925425e-01
1.034513266882838844e-01 1.705636234526960449e-01
1.192011952283841270e-01 1.590488997421980188e-01
1.336798192344044456e-01 1.461011072905570862e-01
1.467595040712717513e-01 1.318597900292105551e-01
1.583278126802803165e-01 1.164755202287514058e-01
1.682884714803178916e-01 1.001082345463749496e-01
1.765620950923373345e-01 8.292550206955413838e-02
1.830867257114047741e-01 6.510074406438534633e-02
1.878181850932431063e-01 4.681142524594957000e-02
1.907302392389931822e-01 2.823723626413712079e-02
1.918145779276562712e-01 9.558286748665177635e-03
1.910806132363195020e-01 -9.046672308813081403e-03
1.885551030812768758e-01 -2.740197882727833656e-02
1.842816075878162541e-01 -4.533672551427811448e-02
1.783197877340569892e-01 -6.268634543137260873e-02
1.707445571983360055e-01 -7.929410261476246835e-02
1.616450996562208697e-01 -9.501247453831537793e-02
1.511237649107735614e-01 -1.097044147385468349e-01
1.392948581893582727e-01 -1.232444855441011816e-01
1.262833376959184850e-01 -1.355198525432176893e-01
1.122234360658166397e-01 -1.464311341585924353e-01
9.725722173028278350e-02 -1.558931014570860141e-01
8.153311636115648242e-02 -1.638352250793825848e-01
6.520438453835290804e-02 -1.702020679101841905e-01
4.842761156917961551e-02 -1.749535238019956918e-01
3.136118499935585530e-02 -1.780649042954404182e-01
1.416379480147414438e-02 -1.795268768282377581e-01
-3.007033479329231790e-03 -1.793452593770602788e-01
-1.999635918599758713e-02 -1.775406778169343058e-01
-3.665318814462186631e-02 -1.741480934991420371e-01
-5.283176399114734162e-02 -1.692162096303601593e-01
-6.839277898256966581e-02 -1.628067659748863305e-01
-8.320449526945042362e-02 -1.549937321923931244e-01
-9.714376888036449498e-02 -1.458624107621211696e-01
-1.100969699740108332e-01 -1.355084609294551490e-01
-1.219607942330318551e-01 -1.240368554432957626e-01
-1.326429615875353574e-01 -1.115607820355381530e-01
-1.420627997491621108e-01 -9.820050163227631024e-02
-1.501517112926116782e-01 -8.408217518691138426e-02
-1.568535242263940366e-01 -6.933667079664912469e-02
-1.621247271352094510e-01 -5.409836241592376471e-02
-1.659345910413458636e-01 -3.850393102433625342e-02
-1.682651811120825791e-01 -2.269117855505034531e-02
-1.691112622263442056e-01 -6.797864255359418323e-03
-1.684801032006452981e-01 9.039427552002481103e-03
-1.663911851574476353e-01 2.468638009628095972e-02
-1.628758200960178648e-01 4.001198976321312939e-02
-1.579766861961478253e-01 5.488955809079222592e-02
-1.517472867498509681e-01 6.919762440963406203e-02
-1.442513398782073464e-01 8.282083422093627911e-02
-1.355621063542630789e-01 9.565073923298858527e-02
-1.257616629240544681e-01 1.075865257823234722e-01
-1.149401285034140907e-01 1.185356691378748606e-01
-1.031948505362640101e-01 1.284145119171717087e-01
-9.062955863949884172e-02 1.371487655252495996e-01
-7.735349243985861767e-02 1.446739341536690537e-01
-6.348051023936474024e-02 1.509356614443410072e-01
-4.912818483815650783e-02 1.558900004278482021e-01
-3.441689250714340120e-02 1.595036077871944125e-01
-1.946890074781502597e-02 1.617538638754644209e-01
-4.407460112469487046e-03 1.626289202311990978e-01
1.064409500589806601e-02 1.621276765911617845e-01
2.556323206043778495e-02 1.602596896005842875e-01
4.022908830023173843e-02 1.570450155710013951e-01
5.452331708685238809e-02 1.525139897413919088e-01
6.833090897167048983e-02 1.467069445662927962e-01
8.154098418653923930e-02 1.396738695921498352e-01
9.404755342487575165e-02 1.314740154981248743e-01
1.057502439788563092e-01 1.221754448777896268e-01
1.165549884513097517e-01 1.118545323314944773e-01
1.263746733791000776e-01 1.005954164334101619e-01
1.351297451907362002e-01 8.848940613961450707e-02
1.427487709782149783e-01 7.563434422089203302e-02
1.491689515963260382e-01 6.213393034215870803e-02
1.543365846174182821e-01 4.809700647476997798e-02
1.582074746723358127e-01 3.363680742255485689e-02
1.607472887059203659e-01 1.887017937026826478e-02
1.619318536756551852e-01 3.916769526079003777e-03
1.617473942325045877e-01 -1.110180987174415670e-02
1.601907079516819987e-01 -2.606283968038378487e-02
1.572692757357703752e-01 -4.084337034052110821e-02
1.530013051008418112e-01 -5.532111266156560653e-02
1.474157041850106820e-01 -6.937533851842075938e-02
1.405519844945844476e-01 -8.288778673486633941e-02
1.324600906311658166e-01 -9.574356907732864408e-02
1.232001555282453698e-01 -1.078320709273377226e-01
1.128421800713790280e-01 -1.190478408500302704e-01
1.014656363840828190e-01 -1.292914629390051751e-01
8.915899453284131804e-02 -1.384704055045158366e-01
7.601917293840795842e-02 -1.464998393925155407e-01
6.215091337467532756e-02 -1.533034189866753771e-01
4.766608208709049999e-02 -1.588140187642558265e-01
3.268289926465131612e-02 -1.629744181593846541e-01
1.732509984623577248e-02 -1.657379274430751392e-01
1.721029425265072077e-03 -1.670689473666439051e-01
-1.399732017295943209e-02 -1.669434554415421268e-01
-2.969533024011752204e-02 -1.653494119503164939e-01
-4.523682322726240573e-02 -1.622870791054787099e-01
-6.048517242436905750e-02 -1.577692471990063683e-01
-7.530444541806702308e-02 -1.518213621169481331e-01
-8.956057270086710542e-02 -1.444815492313525074e-01
-1.031225320863811412e-01 -1.358005294238915084e-01
-1.158635389291962497e-01 -1.258414238386554584e-01
-1.276622315690457699e-01 -1.146794449003303851e-01
-1.384038409301121264e-01 -1.024014721611547357e-01
-1.479813328203860023e-01 -8.910551264668283011e-02
-1.562965112047321470e-01 -7.490004654571197351e-02
-1.632610705792350292e-01 -5.990326032137064521e-02
-1.687975855626785426e-01 -4.424217059442522165e-02
-1.728404259512083541e-01 -2.805164345111365795e-02
-1.753365857601038025e-01 -1.147331513987918244e-02
-1.762464152059665667e-01 5.345578573049597493e-03
-1.755442451652577673e-01 2.225345583820550338e-02
-1.732188943805308412e-01 3.909571515837877154e-02
-1.692740505712137244e-01 5.571612385926773964e-02
-1.637285176363840744e-01 7.195825653290252588e-02
-1.566163223053502751e-01 8.766697039299523042e-02
-1.479866748884261229e-01 1.026899035984392416e-01
-1.379037801932937735e-01 1.168789818502208033e-01
-1.264464961879104010e-01 1.300919179632079037e-01
-1.137078395932037828e-01 1.421936886713219828e-01
-9.979433926019271039e-02 1.530579726543845887e-01
-8.482523990746609899e-02 1.625685336873861075e-01
-6.893156054559940182e-02 1.706205329157605421e-01
-5.225501367343689252e-02 1.771217545588141540e-01
-3.494679307476598884e-02 1.819937298405635562e-01
-1.716623974978826600e-02 1.851727446430738444e-01
9.206028392104922964e-04 1.866107172694248806e-01
1.914253146750411264e-02 1.862759337863942322e-01
3.732480959779816559e-02 1.841536296828054364e-01
5.529086205891074746e-02 1.802464080175253391e-01
7.286402125443423861e-02 1.745744858279423273e-01
8.986930719329125350e-02 1.671757623095783685e-01
1.061352228104686379e-01 1.581057041420734222e-01
1.214955454236663623e-01 1.474370453058043151e-01
1.357910947632998133e-01 1.352593007846144280e-01
1.488714578298787061e-01 1.216780956596345137e-01
1.605966508821690120e-01 1.068143132417409685e-01
1.708386991467337745e-01 9.080306803953469563e-02
1.794831153664340206e-01 7.379251148887013001e-02
1.864302590711157948e-01 5.594248045160890581e-02
1.915965594537135663e-01 3.742300049813217233e-02
1.949155859618936504e-01 1.841265789334274594e-02
1.963389521585375552e-01 -9.031440166850299156e-04
1.958370400501781017e-01 -2.033402669555531977e-02
1.933995339143766146e-01 -3.968655781454524106e-02
1.890357546556553636e-01 -5.876623213668703827e-02
1.827747878631186818e-01 -7.737949083242121051e-02
1.746654010071771457e-01 -9.533575737305152731e-02
1.647757475716883913e-01 -1.124494675974128943e-01
1.531928583435345492e-01 -1.285420712560231271e-01
1.400219225450147764e-01 -1.434439823136008929e-01
1.253853639653235430e-01 -1.569964555399315231e-01
1.094217196951153270e-01 -1.690533674419376908e-01
9.228433146185216485e-02 -1.794828803842412612e-01
7.413986187264617889e-02 -1.881689698057126825e-01
5.516665006564931001e-02 -1.950127957562316494e-01
3.555292332175199327e-02 -1.999339015384080376e-01
1.549488306793305598e-02 -2.028712240273199685e-01
-4.805314613622081732e-03 -2.037839022382493814e-01
-2.514166239402319120e-02 -2.026518728958451587e-01
-4.530646622592319345e-02 -1.994762441033504641e-01
-6.509254723171738199e-02 -1.942794406903618765e-01
-8.429545650432351822e-02 -1.871051174028501296e-01
-1.027156779716047463e-01 -1.780178387590015399e-01
-1.201607943680698815e-01 -1.671025270966703113e-01
-1.364475915486573487e-01 -1.544636830498129498e-01
-1.514040768698707573e-01 -1.402243853787003558e-01
-1.648713881501594480e-01 -1.245250797084366257e-01
-1.767055707972941259e-01 -1.075221682692346220e-01
-1.867792020448882651e-01 -8.938641514774539609e-02
-1.949828428588267215e-01 -7.030118382052813475e-02
-2.012262999393670815e-01 -5.046052581919879126e-02
-2.054396823349709800e-01 -3.006714124472097821e-02
-2.075742394753649911e-01 -9.330233480990317296e-03
-2.076029698970546788e-01 1.153671816659957924e-02
-2.055209925452315400e-01 3.231824308232318643e-02
-2.013456752604041444e-01 5.279919556748816079e-02
-1.951165178631767416e-01 7.276707654537584169e-02
-1.868947901022005587e-01 9.201433441122543189e-02
-1.767629275934472777e-01 1.103406188161244750e-01
-1.648236917182892280e-01 1.275549616104994510e-01
-1.511991022282137553e-01 1.434778599213051564e-01
-1.360291539907415026e-01 1.579432373891472563e-01
-1.194703318706792916e-01 1.708002609357105184e-01
-1.016939401411110638e-01 1.819149920525256481e-01
-8.288426502931786621e-02 1.911718534802388514e-01
-6.323659099620666801e-02 1.984748942607721944e-01
-4.295509309859049663e-02 2.037488384676501840e-01
-2.225062926956365705e-02 2.069399054241526092e-01
-1.338457554331547172e-03 2.080163918743073437e-01
1.956409575818604529e-02 2.069690093455434365e-01
4.023999057546256974e-02 2.038109728000104259e-01
6.047482320691802832e-02 1.985778395789345729e-01
8.005914557700632983e-02 1.913271005650649115e-01
9.879072705796076992e-02 1.821375283861949856e-01
1.164767332215354695e-01 1.711082903221261831e-01
1.329357968049516003e-01 1.583578363232082120e-01
1.479999574783461558e-01 1.440225751668607335e-01
1.615164485731404864e-01 1.282553542370056532e-01
1.733493107631680352e-01 1.112237606799116318e-01
1.833808147601100336e-01 9.310826374080782841e-02
1.915126773657994386e-01 7.410021989379303453e-02
1.976670576876289609e-01 5.439976392119568599e-02
2.017873229387495693e-01 3.421361035918290411e-02
2.038385759792175345e-01 1.375279068924468995e-02
2.038079395735589161e-01 -6.769647690802429313e-03
2.017045952092142436e-01 -2.714095434449641242e-02
1.975595772033175712e-01 -4.715097413202573584e-02
1.914253256865245945e-01 -6.659440491063449430e-02
1.833750048568030810e-01 -8.527298911894851119e-02
1.735015956087922195e-01 -1.029976146790744229e-01
1.619167742323789350e-01 -1.195903018562262388e-01
1.487495913061406827e-01 -1.348860541959059633e-01
1.341449671580108582e-01 -1.487345533933975839e-01
1.182620223002043142e-01 -1.610016799164941115e-01
1.012722630442102478e-01 -1.715708433741091887e-01
8.335764404379052139e-02 -1.803441089724073243e-01
6.470853078208123332e-02 -1.872431088959299050e-01
4.552158599936759892e-02 -1.922097300618151594e-01
2.599760474093461282e-02 -1.952065723873127601e-01
6.339323083512385382e-03 -1.962171744502593795e-01
-1.325077432791552795e-02 -1.952460061745633080e-01
-3.257262303201170078e-02 -1.923182309037024529e-01
-5.143069942003749423e-02 -1.874792419009830569e-01
-6.963606976848726871e-02 -1.807939809030557343e-01
-8.700834517628167064e-02 -1.723460488215786957e-01
-1.033775213011500771e-01 -1.622366210074085713e-01
-1.185856833834577073e-01 -1.505831816349530450e-01
-1.324885588567141226e-01 -1.375180937065194064e-01
-1.449569018472596782e-01 -1.231870228956780805e-01
-1.558776960338833228e-01 -1.077472349259671891e-01
-1.651551646422725617e-01 -9.136578740115093578e-02
-1.727115787587075457e-01 -7.421763795367060379e-02
-1.784878576307650511e-01 -5.648369125046215355e-02
-1.824439571478882749e-01 -3.834880778522825606e-02
-1.845590452292791284e-01 -1.999979749251962896e-02
-1.848314653587243561e-01 -1.623421044267985003e-03
-1.832784919644524502e-01 1.659557876001259077e-02
-1.799358837168179293e-01 3.447639381252570745e-02
-1.748572430789216148e-01 5.184399499545814388e-02
-1.681131925684745676e-01 6.853088442973007122e-02
-1.597903801487688402e-01 8.437873756458666441e-02
-1.499903279405221390e-01 9.923991861248793178e-02
-1.388281400153569267e-01 1.129788546193779553e-01
-1.264310863795022055e-01 1.254732553919598037e-01
-1.129370813698676868e-01 1.366151685539683802e-01
-9.849307555413321091e-02 1.463118611444149952e-01
-8.325338084549728512e-02 1.544865213734585851e-01
-6.737794890822715321e-02 1.610787763867217448e-01
-5.103062304253714460e-02 1.660450241273878080e-01
-3.437738360032579349e-02 1.693585795986604081e-01
-1.758460660389110988e-02 1.710096379893765728e-01
-8.173546279685653393e-04 1.710050592062236918e-01
1.576228182575103651e-02 1.693679803321831989e-01
3.199677526745400152e-02 1.661372643794633563e-01
4.773466849798364831e-02 1.613667954054434639e-01
6.283198364058001362e-02 1.551246315935904396e-01
7.715351986873036916e-02 1.474920292521449405e-01
9.057402842376402474e-02 1.385623518386267516e-01
1.029792552621687646e-01 1.284398790678334956e-01
1.142668434895932894e-01 1.172385318979808910e-01
1.243470896005409304e-01 1.050805297099911412e-01
1.331435494242658724e-01 9.209499629776445040e-02
1.405934915531224794e-01 7.841653137465194601e-02
1.466481978750707460e-01 6.418376417828840219e-02
1.512731126237285562e-01 4.953790543020317183e-02
1.544478430751632936e-01 3.462131338859178453e-02
1.561660166400473393e-01 1.957608903506542763e-02
1.564350006042910801e-01 4.542714574039551784e-03
1.552754921443526559e-01 -1.034125158649642356e-02
1.527209874709724302e-01 -2.494241134333309573e-02
1.488171400254129362e-01 -3.913268411485932435e-02
1.436210185563155939e-01 -5.279037532339411753e-02
1.372002766365628679e-01 -6.580114810529304192e-02
1.296322457342994894e-01 -7.805889166211608943e-02
1.210029643294229379e-01 -8.946648114130491269e-02
1.114061557679283804e-01 -9.993642541277059088e-02
1.009421675755362013e-01 -1.093914005678395251e-01
8.971688481550224581e-02 -1.177646683893914803e-01
7.784062978210531947e-02 -1.250003804082131242e-01
6.542705988177174858e-02 -1.310537694535160724e-01
5.259207498070761488e-02 -1.358912318098604022e-01
3.945274480542776407e-02 -1.394903041948921396e-01
2.612626618617560140e-02 -1.418395407609098213e-01
1.272895904944586903e-02 -1.429382961890451331e-01
-6.246908880761618821e-04 -1.427964216807628139e-01
-1.382293577812647965e-02 -1.414338812527411171e-01
-2.675760974677298190e-02 -1.388802962055970258e-01
-3.932490859989813681e-02 -1.351744259642594648e-01
