5.000000000000000000e-01 0.000000000000000000e+00
4.977212975076719115e-01 -4.768133814480775973e-02
4.909059599708819333e-01 -9.492806995334308884e-02
4.796161078961546087e-01 -1.413095504435001037e-01
4.639546461397327515e-01 -1.864030212345156590e-01
4.440643259493676220e-01 -2.297974639092729421e-01
4.201264438138234136e-01 -2.710973463690673491e-01
3.923591889798332399e-01 -3.099262280335229325e-01
3.610156546985785475e-01 -3.459301910249472645e-01
3.263815313287994346e-01 -3.787810660625312020e-01
2.887725023234651855e-01 -4.081794236629817663e-01
2.485313668350898342e-01 -4.338573033833608150e-01
2.060249151665992373e-01 -4.555806562296023099e-01
1.616405855474214448e-01 -4.731514779686165628e-01
1.157829327076505266e-01 -4.864096138992476948e-01
6.886994043855972081e-02 -4.952342186319405593e-01
2.132921174977361542e-02 -4.995448575715024653e-01
-2.640592865090687566e-02 -4.993022400631531021e-01
-7.390038402987113286e-02 -4.945085775193762689e-01
-1.207212514517439217e-01 -4.852075632633153224e-01
-1.664417676073765007e-01 -4.714839742724363236e-01
-2.106451986803114240e-01 -4.534628984524880502e-01
-2.529286387963273208e-01 -4.313085944850117426e-01
-2.929066824339178199e-01 -4.052229946406734062e-01
-3.302149373223814965e-01 -3.754438642049897634e-01
-3.645133458081233901e-01 -3.422426342929334453e-01
-3.954892844155460385e-01 -3.059219278059001623e-01
-4.228604133506216334e-01 -2.668128010814705409e-01
-4.463772499744615985e-01 -2.252717263778034329e-01
-4.658254427901601935e-01 -1.816773426967437655e-01
-4.810277252159557149e-01 -1.364270045612736848e-01
-4.918455313364373804e-01 -8.993316020454508730e-02
-4.981802589045320473e-01 -4.261959218261238136e-02
-4.999741680822490375e-01 5.082445323034418330e-03
-4.972109077283314305e-01 5.273815730538231744e-02
-4.899156644358008683e-01 9.991317100575994314e-02
-4.781549329609487420e-01 1.461774951389886446e-01
-4.620359101362683796e-01 1.911094391822354410e-01
-4.417055177916976438e-01 2.342994570039943492e-01
-4.173490635900590773e-01 2.753538797992488019e-01
-3.891885519829266782e-01 3.138985043058202806e-01
-3.574806606822381050e-01 3.495820035959928962e-01
-3.225144010917267989e-01 3.820791293546966783e-01
-2.846084840228978452e-01 4.110936764560921275e-01
-2.441084147065461507e-01 4.363611828170043672e-01
-2.013833435782342585e-01 4.576513399185553332e-01
-1.568227015422220538e-01 4.747700920245475076e-01
-1.108326503827783832e-01 4.875614049626231239e-01
-6.383238067670046756e-02 4.959086883460934181e-01
-1.625029095086566455e-02 4.997358582731583065e-01
3.147991708893230905e-02 4.990080308172123447e-01
7.892319166661496133e-02 4.937318399872068220e-01
1.256470963500848081e-01 4.839553772599189951e-01
1.712257516271278035e-01 4.697677532352801943e-01
2.152437167162368492e-01 4.512982854101911245e-01
2.572997762303889102e-01 4.287153194741117335e-01
2.970105971790544253e-01 4.022246948700928248e-01
3.340142229755609371e-01 3.720678686073685126e-01
3.679733726025976592e-01 3.385197144266010039e-01
3.985785148645948905e-01 3.018860173779692180e-01
4.255506897057506621e-01 2.625006866485447565e-01
4.486440508779287462e-01 2.207227120435048817e-01
4.676481067824920235e-01 1.769328918622772306e-01
4.823896390612243401e-01 1.315303619944041269e-01
4.927342814487485900e-01 8.492895787175717970e-02
4.985877444955018056e-01 3.755344243721744912e-02
4.998966749981505475e-01 -1.016436548883100505e-02
4.966491423039001152e-01 -5.778952715499010434e-02
4.888747470561277675e-01 -1.048879482629150456e-01
4.766443513901433282e-01 -1.510303356543524766e-01
4.600694330382916752e-01 -1.957961102366990447e-01
4.393010692316068333e-01 -2.387772404815075578e-01
4.145285596595601474e-01 -2.795819615543303494e-01
3.859777010393640184e-01 -3.178383461767378404e-01
3.539087290218020931e-01 -3.531976946727840017e-01
3.186139461927255945e-01 -3.853377133002885424e-01
2.804150577905297204e-01 -4.139654518970516395e-01
2.396602394240395506e-01 -4.388199740659126658e-01
1.967209635179993921e-01 -4.596747355604243745e-01
1.519886134125127131e-01 -4.763396491926089604e-01
1.058709159782717513e-01 -4.886628174415542647e-01
5.878822526361183326e-02 -4.965319169704510704e-01
1.116969104724097051e-02 -4.998752224324639060e-01
-3.655065278044140886e-02 -4.986622602336371335e-01
-8.393784435377575626e-02 -4.929040862939130796e-01
-1.305599584265917101e-01 -4.826531852745225559e-01
-1.759920432887479291e-01 -4.680029921902714718e-01
-2.198199941202162722e-01 -4.490870407671367359e-01
-2.616443274778235129e-01 -4.260777463077287108e-01
-3.010838225109219168e-01 -3.991848341585729210e-01
-3.377789957169991530e-01 -3.686534281034303806e-01
-3.713953775654908473e-01 -3.347618161065895048e-01
-4.016265611239920874e-01 -2.978189137709553180e-01
-4.281969948992199182e-01 -2.581614486310319645e-01
-4.508644944365106655e-01 -2.161508909454343541e-01
-4.694224497851027245e-01 -1.721701589641716212e-01
-4.837017087085744849e-01 -1.266201287015642218e-01
-4.935721184753360524e-01 -7.991598002755219421e-02
-4.989437121760440519e-01 -3.248341238207770598e-02
-4.997675287548842271e-01 1.524523539441420897e-02
-4.960360592802909308e-01 6.283492574734858560e-02
-4.877833153874313044e-01 1.098518876926600357e-01
-4.750845192686141694e-01 1.558675705568826619e-01
-4.580554180373015982e-01 2.004625501351009198e-01
-4.368512287151651297e-01 2.432303516628740447e-01
-4.116652234584294301e-01 2.837811547564710879e-01
-3.827269679188957108e-01 3.217453465515909827e-01
-3.503002287966502371e-01 3.567768906543825058e-01
-3.146805696567167576e-01 3.885564811974173138e-01
-2.761926569233273954e-01 4.167944532519931022e-01
-2.351873006071624750e-01 4.412334230689135550e-01
-1.920382567387678152e-01 4.616506340824516053e-01
-1.471388206533612852e-01 4.778599872941157178e-01
-1.008982421785906691e-01 4.897137375296559680e-01
-5.373799540012458298e-02 4.971038401082518710e-01
-6.087937005454602778e-03 4.999629356492457100e-01
4.161761177812523665e-02 4.982649640400972357e-01
8.894382393897085071e-02 4.920254019693570680e-01
1.354593300466687689e-01 4.813011218595917851e-01
1.807401501024209489e-01 4.661898734860596138e-01
2.243735580361646276e-01 4.468293930060843744e-01
2.659618436262701779e-01 4.233961475201554747e-01
3.051259375526343409e-01 3.961037266078414887e-01
3.415088665414980906e-01 3.652008954993608003e-01
3.747790071090008057e-01 3.309693276277806406e-01
4.046331082462175099e-01 2.937210372292022864e-01
4.307990554944778339e-01 2.537955353922904944e-01
4.530383512169467997e-01 2.115567354792181609e-01
4.711482884592628206e-01 1.673896361245247322e-01
4.849637985849059585e-01 1.216968120457239677e-01
4.943589558444519416e-01 7.489474465125534053e-02
4.992481251648480112e-01 2.741002589159034775e-02
4.995867426968311209e-01 -2.032453004533039953e-02
4.953717220059450921e-01 -6.787383175317236728e-02
4.866414822048038546e-01 -1.148044763826951142e-01
4.734755977701814444e-01 -1.606887000263632348e-01
4.559940732367773197e-01 -2.051082767050751987e-01
4.343562493786873313e-01 -2.476583304184872825e-01
4.087593508485274363e-01 -2.879510255128177043e-01
3.794366885122038568e-01 -3.256191017291302781e-01
3.466555328647064615e-01 -3.603192217108036610e-01
3.107146779103366341e-01 -3.917351004582925733e-01
2.719417177121380425e-01 -4.195803882067947743e-01
2.306900604342650152e-01 -4.436012804499417372e-01
1.873357070937244906e-01 -4.635788313196439470e-01
1.422738243825579785e-01 -4.793309492360717794e-01
9.591514279853716185e-02 -4.907140566378027646e-01
4.868221291472824702e-02 -4.976243986640099815e-01
1.005553911315998751e-03 -4.999989888603014188e-01
-4.668027052491176970e-02 -4.978161832882829763e-01
-9.394061316598888156e-02 -4.910958778059436591e-01
-1.403447049696573412e-01 -4.798993267206905777e-01
-1.854695814573281976e-01 -4.643285844679775898e-01
-2.289039379549276110e-01 -4.445255754045192020e-01
-2.702518785568406301e-01 -4.206708001947495057e-01
-3.091365246418584234e-01 -3.929816905815661787e-01
-3.452034500501920955e-01 -3.617106275373128121e-01
-3.781239116105672982e-01 -3.271426408591762147e-01
-4.075978455717592097e-01 -2.895928111767492874e-01
-4.333566026266634785e-01 -2.494033980519673732e-01
-4.551653965996789175e-01 -2.069407203482410973e-01
-4.728254444780817245e-01 -1.625918173036280390e-01
-4.861757782814112860e-01 -1.167609207417272948e-01
-4.950947122540232948e-01 -6.986577057542377178e-02
-4.995009520076285625e-01 -2.233380718696571440e-02
-4.993543355041938359e-01 2.540172460989277570e-02
-4.946561991252861890e-01 7.290572451403928844e-02
-4.854493654912092615e-01 1.197452025935652892e-01
-4.718177531409568637e-01 1.654932259067141698e-01
-4.538856116306769217e-01 2.097328099145148450e-01
-4.318163890225782398e-01 2.520607192156148479e-01
-4.058112420869041115e-01 2.920911429603364473e-01
-3.761072027961973596e-01 3.294592114432553509e-01
-3.429750178239136527e-01 3.638243218212295349e-01
-3.067166807399435702e-01 3.948732426435891951e-01
-2.676626793966107587e-01 4.223229688972865437e-01
-2.261689835947009175e-01 4.459233015438093806e-01
-1.826138004863729070e-01 4.654591280358721384e-01
-1.373941272888377085e-01 4.807523830274062493e-01
-9.092213273016526431e-02 4.916636714053514434e-01
-4.362140020965279974e-02 4.980935388496225968e-01
4.076933084365954793e-03 4.999833783403371257e-01
5.173810590806308951e-02 4.973159643496647409e-01
9.892769572823606472e-02 4.901156098492400193e-01
1.452155784011442130e-01 4.784479447020459908e-01
1.901798486723421944e-01 4.624193174586847532e-01
2.334106657628992609e-01 4.421758260105486116e-01
2.745139889902168395e-01 4.179019859353026445e-01
3.131151693739706587e-01 3.898190486724582016e-01
3.488623644903717236e-01 3.581829848585462717e-01
3.814297454489981032e-01 3.232821512034076972e-01
4.105204667612137870e-01 2.854346621735796008e-01
4.358693720303876695e-01 2.449854904393845845e-01
4.572454108020611030e-01 2.023033225145958458e-01
4.744537445449336643e-01 1.577771982489261093e-01
4.873375225670507072e-01 1.118129648037269191e-01
4.957793116800535693e-01 6.482957743223637104e-02
4.997021665803764168e-01 1.725528078206019916e-02
4.990703311910655304e-01 -3.047629447341157483e-02
4.938895645716263605e-01 -7.793008409618941423e-02
4.842070884252904772e-01 -1.246735558115379394e-01
4.701111566821642440e-01 -1.702806517574658174e-01
4.517302510814264482e-01 -2.143356719211737815e-01
4.292319100846918589e-01 -2.564370631656754385e-01
4.028212017947703782e-01 -2.962010793103333484e-01
3.727388547988795819e-01 -3.332652789043725194e-01
3.392590639733180091e-01 -3.672918288118284802e-01
3.026869912492728965e-01 -3.979705834963834787e-01
2.633559841198078177e-01 -4.250219119389926359e-01
2.216245372408095493e-01 -4.481992464214841210e-01
1.778730248203245212e-01 -4.672913299444548252e-01
1.325002335799355113e-01 -4.821241417946747210e-01
8.591972788957594198e-02 -4.925624837108183995e-01
3.855608020688788828e-02 -4.985112121899255566e-01
-9.158998820047496714e-03 -4.999161057023500665e-01
-5.679059531322899756e-02 -4.967643589106990887e-01
-1.039045563220862833e-01 -4.890846993880499372e-01
-1.500714470451220139e-01 -4.769471257715805490e-01
-1.948704650465218069e-01 -4.604622697382935725e-01
-2.378932757903910455e-01 -4.397803876183038474e-01
-2.787477345324537170e-01 -4.150899908369428681e-01
-3.170614606448767248e-01 -3.866161276689396020e-01
-3.524852317949291880e-01 -3.546183319661626587e-01
-3.846961670401818911e-01 -3.193882575558796844e-01
-4.134006698269405700e-01 -2.812470198715451009e-01
-4.383371040670403507e-01 -2.405422690466461066e-01
-4.592781789010703108e-01 -1.976450211497997045e-01
-4.760330204113652486e-01 -1.529462764437922451e-01
-4.884489114014929356e-01 -1.068534554924857466e-01
-4.964126833844785813e-01 -5.978668559980088171e-02
-4.998517480920585121e-01 -1.217497142917884148e-02
-4.987347591029508420e-01 3.554771529240196432e-02
-4.930718975595290154e-01 8.294639134424931781e-02
-4.829147793686438539e-01 1.295890268013536462e-01
-4.683559847324412218e-01 1.750504829050555100e-01
-4.495282142974123540e-01 2.189163871220414226e-01
-4.266030796132183611e-01 2.607869100712415511e-01
-3.997895389260265886e-01 3.002804098926581955e-01
-3.693319925638051116e-01 3.370369108403961644e-01
-3.355080552737771393e-01 3.707213843931798647e-01
-2.986260258167552362e-01 4.010268029756594577e-01
-2.590220768825227116e-01 4.276769384564149679e-01
-2.170571909396493970e-01 4.504288799148830624e-01
-1.731138699488884991e-01 4.690752477282368327e-01
-1.275926489304912426e-01 4.834460837972398006e-01
-8.090844516361141159e-02 4.934104006820227428e-01
-3.348677629415276052e-02 4.988773755277068900e-01
1.424011817771195232e-02 4.997971778974668045e-01
6.183721667844626485e-02 4.961614239674927984e-01
1.088706807001253857e-01 4.880032529439518041e-01
1.549118091559931742e-01 4.753970250054205260e-01
1.995409459094017457e-01 4.584576435239883785e-01
2.423513048597492892e-01 4.373395077428564592e-01
2.829526777204853238e-01 4.122351054565758233e-01
3.209749906934911690e-01 3.833732585213792121e-01
3.560716776214241097e-01 3.510170371874442585e-01
3.879228388723834908e-01 3.154613622635547565e-01
4.162381571642650435e-01 2.770303169699726009e-01
4.407595437516175219e-01 2.360741929814708928e-01
4.612634908555133251e-01 1.929662975852843021e-01
4.775631088944796154e-01 1.480995510561261275e-01
4.895098299475187376e-01 1.018829052625509213e-01
4.969947619224759916e-01 5.473761614838613954e-02
4.999496810867662400e-01 7.093404064855673118e-03
4.983476539137323691e-01 -4.061546304876148539e-02
4.922032825766223252e-01 -8.795412793487354663e-02
4.815725718525546983e-01 -1.344911076588426735e-01
4.665524186496180503e-01 -1.798022264939390935e-01
4.472797288099671920e-01 -2.234744822024840039e-01
4.239301692390880505e-01 -2.651098104727628857e-01
3.967165667353363401e-01 -3.043287131995821571e-01
3.658869681141140306e-01 -3.407737175373818928e-01
3.317223793082837990e-01 -3.741126341972923486e-01
2.945342040524904781e-01 -4.040415852893756710e-01
2.546614054972961561e-01 -4.302877741118467103e-01
2.124674166244759632e-01 -4.526119716411700078e-01
1.683368276244530115e-01 -4.708106970591481866e-01
1.226718804297963344e-01 -4.847180724419129505e-01
7.588880235644386574e-02 -4.942073347056783472e-01
2.841401227081373493e-02 -4.991919910281613082e-01
-1.931976613713055554e-02 -4.996266072142199199e-01
-6.687744854808333472e-02 -4.955072218199086942e-01
-1.138255557242878885e-01 -4.868713822602871999e-01
-1.597361645904141758e-01 -4.737978025718668218e-01
-2.041908086710720882e-01 -4.564056459491261930e-01
-2.467842923332129457e-01 -4.348534385946381531e-01
-2.871283840673254373e-01 -4.093376247828579562e-01
-3.248553551438685405e-01 -3.800907763078924528e-01
-3.596213313907618003e-01 -3.473794726357921636e-01
-3.911094275411172161e-01 -3.115018710833767912e-01
-4.190326355822289184e-01 -2.727849891709512864e-01
-4.431364407790686077e-01 -2.315817239197516808e-01
-4.632011415277296762e-01 -1.882676352626578009e-01
-4.790438518937970014e-01 -1.432375228867731054e-01
-4.905201685828849967e-01 -9.690182770930040601e-02
-4.975254871492250652e-01 -4.968289078657845553e-02
-4.999959554453105026e-01 -2.011103755610756886e-03
-4.979090556220872044e-01 4.567901410391789901e-02
-4.912838093748688739e-01 9.295277643030377956e-02
-4.801806045641989207e-01 1.393792918634075007e-01
-4.647006447919768135e-01 1.845353915375189668e-01
-4.449850269498589750e-01 2.280094861851532928e-01
-4.212134551479039812e-01 2.694053176950094719e-01
-3.936026027457584231e-01 3.083455709293534408e-01
-3.624041374161586226e-01 3.444753128797972130e-01
-3.279024272419180375e-01 3.774652278142222595e-01
-2.904119487548911804e-01 4.070146189270975046e-01
-2.502744205421459367e-01 4.328541491337203340e-01
-2.078556885459792725e-01 4.547482960265609719e-01
-1.635423914476754614e-01 4.724974986172509883e-01
-1.177384365293992624e-01 4.859399762970694203e-01
-7.086131813607367269e-02 4.949532034364480526e-01
-2.333831229376280916e-02 4.994550261828010762e-01
2.439741783011015880e-02 4.994044112772799693e-01
7.191077012671974467e-02 4.948018200651302378e-01
1.187686694188773845e-01 4.856892042906170714e-01
1.645440148589738805e-01 4.721496237148485875e-01
2.088195728720431410e-01 4.543064890418370139e-01
2.511917801605108025e-01 4.323224370533836347e-01
2.912744221069620831e-01 4.063978482057188368e-01
3.287021530469871888e-01 3.767690201997214716e-01
3.631338263254852428e-01 3.437060141722796947e-01
3.942556037835973082e-01 3.075101931403478872e-01
4.217838163338855084e-01 2.685114751343153361e-01
4.454675495501589921e-01 2.270653260578538168e-01
4.650909307047875751e-01 1.835495196837550747e-01
4.804750964075915620e-01 1.383606943177804194e-01
4.914798229116533745e-01 9.191073751587711116e-02
4.980048042261241981e-01 4.462303180737724889e-02
4.999905663862695415e-01 -3.071404356301405281e-03
4.974190095473552398e-01 -5.073784525293345560e-02
4.903135729612931870e-01 -9.794182033183264358e-02
4.787390213323146071e-01 -1.442530743303586382e-01
4.628008544989974382e-01 -1.892494889688743354e-01
4.426443458232867112e-01 -2.325209304786493014e-01
4.184532180514062283e-01 -2.736729878932238069e-01
3.904479687159400081e-01 -3.123305680294176101e-01
3.588838603427240148e-01 -3.481413143904159568e-01
3.240485937814309159e-01 -3.807788188282790753e-01
2.862596858669972377e-01 -4.099455966921833339e-01
2.458615753140108717e-01 -4.353757983444820345e-01
2.032224832232815970e-01 -4.568376323296332031e-01
1.587310568164803926e-01 -4.741354781092691484e-01
1.127928269905689035e-01 -4.871116691062301607e-01
6.582651198073688481e-02 -4.956479298054534688e-01
1.826020082325779947e-02 -4.996664538128171018e-01
-2.947254859472674474e-02 -4.991306130456368839e-01
-7.693666133295903875e-02 -4.940452915906793363e-01
-1.236995110234680728e-01 -4.844568411866392310e-01
-1.693348631777013280e-01 -4.704526587368497714e-01
-2.134267602328903946e-01 -4.521603897031162278e-01
-2.555733129261906766e-01 -4.297467646415885634e-01
-2.953903634389411503e-01 -4.034160794854261822e-01
-3.325149869221796228e-01 -3.734083334261891762e-01
-3.666087994876740530e-01 -3.399970413668149116e-01
-3.973610425127607759e-01 -3.034867408852538473e-01
-4.244914151461358642e-01 -2.642102164323178459e-01
-4.477526291968494943e-01 -2.225254660646503180e-01
-4.669326631191738630e-01 -1.788124383604709211e-01
-4.818566945487021136e-01 -1.334695692604865036e-01
-4.923886937749780701e-01 -8.691015040000682479e-02
-4.984326636264572730e-01 -3.955856203422675188e-02
-4.999335144664832642e-01 8.153595107154538307e-03
-4.968775663248569119e-01 5.579143377856739944e-02
-4.892926735881651945e-01 1.029207441331731337e-01
-4.772479711123406299e-01 1.491119514631047693e-01
-4.608532440715872314e-01 1.939440316912969253e-01
-4.402579272873803351e-01 2.370083489259406095e-01
-4.156497431584657565e-01 2.779123800989838911e-01
-3.872529906068682415e-01 3.162832927393057214e-01
-3.553265006358413691e-01 3.517713432698403864e-01
-3.201612771344580777e-01 3.840530648538208469e-01
-2.820778444324619771e-01 4.128342157335267992e-01
-2.414233257819107803e-01 4.378524611879915374e-01
-1.985682793946981495e-01 4.588797646641321615e-01
-1.539033208748695758e-01 4.757244662865965368e-01
-1.078355628316204906e-01 4.882330298011061109e-01
-6.078490412522736391e-02 4.962914420282371064e-01
-1.318020256872993838e-02 4.998262520718848023e-01
3.454463402953850126e-02 4.988052408102237045e-01
8.195460285316825966e-02 4.932377145668804808e-01
1.286175710456809174e-01 4.831744202855622339e-01
1.741082145193976471e-01 4.687070829813086426e-01
2.180118947036738530e-01 4.499675696844097073e-01
2.599284378966764120e-01 4.271266874974841143e-01
2.994757827726305943e-01 4.003926267211971868e-01
3.362934627982012148e-01 3.700090632392328827e-01
3.700458918164442612e-01 3.362529374589197650e-01
4.004254228508558611e-01 2.994319300520454918e-01
4.271551522491002784e-01 2.598816575040024945e-01
4.499914436071815738e-01 2.179626130333006673e-01
4.687261484689669300e-01 1.740568807643856075e-01
4.831885035598100231e-01 1.285646531034519147e-01
4.932466872613491815e-01 8.190058306070974181e-02
4.988090211405084018e-01 3.449000476699334850e-02
4.998248055809932366e-01 -1.323494336601485459e-02
4.962847819006589445e-01 -6.083925750528720172e-02
4.882212167426386862e-01 -1.078890333737248103e-01
4.757076079710227945e-01 -1.539554212051881255e-01
4.588580147517949959e-01 -1.986185346286207520e-01
4.378260179252086992e-01 -2.414712778525301973e-01
4.128033201456135504e-01 -2.821230562657668361e-01
3.840179985481899649e-01 -3.202033366331795139e-01
3.517324258692040573e-01 -3.553650244356410526e-01
3.162408789683752164e-01 -3.872876275706317317e-01
2.778668565512213418e-01 -4.156801775768502738e-01
2.369601305398330027e-01 -4.402838817564458940e-01
1.938935579682706800e-01 -4.608744820212805071e-01
1.490596824615537663e-01 -4.772642989627858268e-01
1.028671562751137941e-01 -4.893039425141083587e-01
5.573701550714261349e-02 -4.968836736121796105e-01
8.098842434567241760e-03 -4.999344044484221317e-01
-3.961315004777059973e-02 -4.984283281909959729e-01
-8.696407619513717158e-02 -4.923791724387870383e-01
-1.335223413138282300e-01 -4.818420740969512339e-01
-1.788635756647861397e-01 -4.669130768145024479e-01
-2.225745025131278254e-01 -4.477282555647028039e-01
-2.642567050670481255e-01 -4.244624763475391416e-01
-3.035302579711657289e-01 -3.973278023193639874e-01
-3.400371902539398028e-01 -3.665715608775234058e-01
-3.734447481650504108e-01 -3.324740893181301615e-01
-4.034484281625990154e-01 -2.953461796148820206e-01
-4.297747524050277712e-01 -2.555262456092818879e-01
-4.521837614496764801e-01 -2.133772384327813632e-01
-4.704712014375026508e-01 -1.692833382761893823e-01
-4.844703858281919073e-01 -1.236464526602391728e-01
-4.940537147162978870e-01 -7.688255312491133753e-02
-4.991338378801319364e-01 -2.941788372789439984e-02
-4.996644509624351138e-01 1.831492408900160448e-02
-4.956407175257951936e-01 6.588079485322395623e-02
-4.870993131358540285e-01 1.128461746917319430e-01
-4.741180910704971274e-01 1.587829830921609897e-01
-4.568153727020196064e-01 2.032725147753444706e-01
-4.353488690203025646e-01 2.459092561143664535e-01
-4.099142431271105003e-01 2.863045813142110485e-01
-3.807433268041005014e-01 3.240902946620331515e-01
-3.481020074101873196e-01 3.589219865611124050e-01
-3.122878043687942196e-01 3.904821727588791425e-01
-2.736271573348458275e-01 4.184831881555445277e-01
-2.324724507593472211e-01 4.426698088168202205e-01
-1.891988019720769187e-01 4.628215782915788834e-01
-1.442006420584096282e-01 4.787548170305126471e-01
-9.788812069492711099e-02 4.903242965903205075e-01
-5.068336771305725907e-02 4.974245633633708752e-01
-3.016645465878126098e-03 4.999908997672961042e-01
4.467757293146727704e-02 4.979999141334570112e-01
9.196456374165225267e-02 4.914697539175576502e-01
1.384133150294213632e-01 4.804599402890351589e-01
1.836004552534747647e-01 4.650708256069110424e-01
2.271141122176135452e-01 4.454426787271087984e-01
2.685576672075396520e-01 4.217544064784876090e-01
3.075533700950673355e-01 3.942219229610949838e-01
3.437457824587569211e-01 3.630961815301751439e-01
3.768050173375824263e-01 3.286608874040248818e-01
4.064297460878924517e-01 2.912299117448413632e-01
4.323499449367355640e-01 2.511444307827240818e-01
4.543293561972377992e-01 2.087698160591712482e-01
4.721676417125222347e-01 1.644923041349108106e-01
4.857022088999386478e-01 1.187154761170463591e-01
4.948096927515570620e-01 7.185657909395863630e-02
4.994070802827712541e-01 2.434272300738463124e-02
4.994524671798790116e-01 -2.339301237353727872e-02
4.949454397499379876e-01 -7.091552489206461030e-02
4.859270786914986484e-01 -1.177916558773267480e-01
4.724795846518433096e-01 -1.635941383032964436e-01
4.547255289837068837e-01 -2.079054912465382599e-01
4.328267365306889825e-01 -2.503218251454912835e-01
4.069828106245563237e-01 -2.904565231770718237e-01
3.774293137388042840e-01 -3.279437651955461885e-01
3.444356203814751272e-01 -3.624418621136423768e-01
3.083024617977067616e-01 -3.936363703336491771e-01
2.693591848615811135e-01 -4.212429578410548658e-01
2.279607501419533278e-01 -4.450099958368284314e-01
1.844844965043197782e-01 -4.647208522861048241e-01
1.393267017387651852e-01 -4.801958664780165420e-01
9.289897056321071156e-02 -4.912939865989319754e-01
4.562448292462784050e-02 -4.979140553929323754e-01
-2.065863205761131471e-03 -4.999957321909766494e-01
-4.973737938560698901e-02 -4.975200429046330308e-01
-9.695554880398143949e-02 -4.905095529712896751e-01
-1.432899868195371962e-01 -4.790281616744808124e-01
-1.883183638347276090e-01 -4.631805197140600461e-01
-2.316302547498327036e-01 -4.431110753349583598e-01
-2.728308799097496906e-01 -4.190027577088809574e-01
-3.115447034455290365e-01 -3.910753095696693493e-01
-3.474188562124566615e-01 -3.595832843000403845e-01
-3.801263521252520317e-01 -3.248137257258753019e-01
-4.093690685740978830e-01 -2.870835517662946312e-01
-4.348804637555764296e-01 -2.467366657870490310e-01
-4.564280061505565644e-01 -2.041408219866927554e-01
-4.738152940048022677e-01 -1.596842733869485997e-01
-4.868838454936404991e-01 -1.137722329801947457e-01
-4.955145432536762762e-01 -6.682318029004212512e-02
-4.996287201149243740e-01 -1.926504701000068473e-02
-4.991888761371142125e-01 2.846868351258678015e-02
-4.941990204145196852e-01 7.594292739488052446e-02
-4.847046345338265616e-01 1.227249659254566611e-01
-4.707922580181127525e-01 1.683883897131319418e-01
-4.525886995355404285e-01 2.125169853275335197e-01
-4.302598810624435610e-01 2.547085290054235118e-01
-4.040093255360436286e-01 2.945784528438660788e-01
-3.740763017815527669e-01 3.317633500635828181e-01
-3.407336436222999088e-01 3.659242873926875639e-01
-3.042852630512784540e-01 3.967498943790519483e-01
-2.650633801310824378e-01 4.239592014728066904e-01
-2.234254948711680566e-01 4.473042010103953636e-01
-1.797511286832034483e-01 4.665721077572992925e-01
-1.344383651155220960e-01 4.815872984050139638e-01
-8.790022139722776517e-02 4.922129123441325027e-01
-4.056088386463724965e-02 4.983520991227925467e-01
7.148158416566770604e-03 4.999489012201405735e-01
5.479204659217323803e-02 4.969887640885006230e-01
1.019365156752623375e-01 4.894986688153106225e-01
1.481518527890376136e-01 4.775468861956377320e-01
1.930168139180393205e-01 4.612423544568548528e-01
2.361224634672959011e-01 4.407336863073996747e-01
2.770759016325622381e-01 4.162078143601781743e-01
3.155038456073719355e-01 3.878882872773208867e-01
3.510560319848832211e-01 3.560332321666088151e-01
3.834084093422714945e-01 3.209330018019381225e-01
4.122660919078687258e-01 2.829075281129618813e-01
4.373660473889347533e-01 2.423034060663481482e-01
4.584794944610215417e-01 1.994907345185225611e-01
4.754139880662697215e-01 1.548597428349221539e-01
4.880151735135410118e-01 1.088172340234848656e-01
4.961681933920954468e-01 6.178287680253738423e-02
4.997987344750640104e-01 1.418538040017734529e-02
4.988737050703896947e-01 -3.354141304887270358e-02
4.934015366453120555e-01 -8.096248289188005820e-02
4.834321069751458810e-01 -1.276455950886842550e-01
4.690562855168369794e-01 -1.731652419428353074e-01
4.504051051511307469e-01 -2.171065205233874695e-01
4.276485678427638382e-01 -2.590689144262702803e-01
4.009940951048615587e-01 -2.986699444052016705e-01
3.706846373912622283e-01 -3.355486545973346835e-01
3.369964596492981967e-01 -3.693689025673546067e-01
3.002366232172998806e-01 -3.998224231818996444e-01
2.607401870188478243e-01 -4.266316383876718188e-01
2.188671535643560984e-01 -4.495521872826440113e-01
1.749991875966009913e-01 -4.683751534192461818e-01
1.295361372891188634e-01 -4.829289690380845768e-01
8.289238970608769907e-02 -4.930809788754650369e-01
3.549309374298338648e-02 -4.987386492909131053e-01
-1.222971502481118994e-02 -4.998504116937231290e-01
-5.984105226417575640e-02 -4.964061325808624137e-01
-1.069069496837886796e-01 -4.884372059019259082e-01
-1.529984105726350518e-01 -4.760162669092515841e-01
-1.976953200235050112e-01 -4.592565301013979973e-01
-2.405902742005383288e-01 -4.383107572945045272e-01
-2.812922937477690399e-01 -4.133698652273662399e-01
-3.194303874916568642e-01 -3.846611853916404589e-01
-3.546569339551344791e-01 -3.524463919484995822e-01
-3.866508498613122069e-01 -3.170191166183783937e-01
-4.151205167465309986e-01 -2.787022722836414723e-01
-4.398064390072425334e-01 -2.378451096990236435e-01
-4.604836091531231412e-01 -1.948200341373690914e-01
-4.769635587075899963e-01 -1.500192109863374146e-01
-4.890960760621502756e-01 -1.038509912354191461e-01
-4.967705756266678763e-01 -5.673618943426535222e-02
-4.999171057960025699e-01 -9.104248048035334939e-03
-4.985069865455981630e-01 3.861067682906599990e-02
-4.925530708444561534e-01 8.597367272408386329e-02
-4.821096275027657030e-01 1.325530349298578714e-01
-4.672718465220116468e-01 1.779242014113905923e-01
-4.481749714561999443e-01 2.216736226081168215e-01
-4.249930666925630929e-01 2.634025308595611126e-01
-3.979374308877483002e-01 3.027305750967845821e-01
-3.672546710207154064e-01 3.392992876701003135e-01
-3.332244546169864097e-01 3.727753517135801165e-01
-2.961569606322959070e-01 4.028536392649470499e-01
-2.563900522303529939e-01 4.292599924489681196e-01
-2.142861972243083613e-01 4.517537223743884334e-01
-1.702291642515176284e-01 4.701298029674367274e-01
-1.246205247953394990e-01 4.842207397455267626e-01
-7.787599293737591799e-02 4.938980964976366073e-01
-3.042163620261666146e-02 4.990736659559654731e-01
1.731000796508499681e-02 4.997002737884177481e-01
6.488387469961763576e-02 4.957722085836752668e-01
1.118663372461905642e-01 4.873252739096264330e-01
1.578291593868014486e-01 4.744364619706483155e-01
2.023533987319853789e-01 4.572232518382949307e-01
2.450332253010827632e-01 4.358425386518845479e-01
2.854796205853931124e-01 4.104892035491196634e-01
3.233239233779562349e-01 3.813943373615502064e-01
3.582211900503969315e-01 3.488231342655584988e-01
3.898533386485473207e-01 3.130724745878363247e-01
4.179320481490142458e-01 2.744682187976237864e-01
4.422013864505175973e-01 2.333622373504553316e-01
4.624401431463580625e-01 1.901292034558239585e-01
4.784638458152379314e-01 1.451631780020760654e-01
4.901264414523256452e-01 9.887401776629781147e-02
4.973216277146401132e-01 5.168363964767736657e-02
4.999838218467066997e-01 4.022174975145955192e-03
4.980887584549100744e-01 -4.367595105794722793e-02
4.916537106819462988e-01 -9.097597909691823581e-02
4.807373327654094197e-01 -1.374467783746486926e-01
4.654391254155618718e-01 -1.826647763866000307e-01
4.458985288852686524e-01 -2.262178196737006097e-01
4.222936519985903692e-01 -2.677089305228033123e-01
3.948396487226980556e-01 -3.067599253431028128e-01
3.637867570803484663e-01 -3.430148617376995723e-01
3.294180182778591592e-01 -3.761432828509073123e-01
2.920466968382997019e-01 -4.058432294196958057e-01
2.520134252548938414e-01 -4.318439920749917449e-01
2.096830991905742070e-01 -4.539085788061350546e-01
1.654415515233560452e-01 -4.718358750980198302e-01
1.196920355529743352e-01 -4.854624770516819954e-01
7.285154942368708697e-02 -4.946641807797865220e-01
2.534703526543300584e-02 -4.993571145014578105e-01
-2.238851230255093500e-02 -4.994985030176242735e-01
-6.991999283540149823e-02 -4.950870575988292610e-01
-1.168141659205017280e-01 -4.861629877317549253e-01
-1.626436000815128513e-01 -4.728076346173927247e-01
-2.069905687350561962e-01 -4.551427297614528689e-01
-2.494508576891396323e-01 -4.333292854148235174e-01
-2.896374494787046228e-01 -4.075661269775001649e-01
-3.271840509562750077e-01 -3.780880807428483315e-01
-3.617484319843891627e-01 -3.451638335005634550e-01
-3.930155447982689454e-01 -3.090934835076415976e-01
-4.207003956063267158e-01 -2.702058051497949198e-01
-4.445506422544183711e-01 -2.288552522254028165e-01
-4.643488942766254568e-01 -1.854187271664972381e-01
-4.799146943680408506e-01 -1.402921456447173143e-01
-4.911061632188109538e-01 -9.388682787519871120e-02
-4.978212927170835300e-01 -4.662574951097615827e-02
-4.999988757335625533e-01 1.060313699715673868e-03
-4.976190640128604903e-01 4.873671235252672457e-02
-4.907035490865742644e-01 9.596888513371545915e-02
-4.793153645590968459e-01 1.423263197639435818e-01
-4.635583115682915811e-01 1.873864770358918408e-01
-4.435760126578462414e-01 2.307386421788390207e-01
-4.195506026850794323e-01 2.719876684457490090e-01
-3.917010686963277588e-01 3.107575788007796991e-01
-3.602812539016325144e-01 3.466949928785176827e-01
-3.255775439421184636e-01 3.794723479788559839e-01
-2.879062565392965234e-01 4.087908847387582978e-01
-2.476107583191428652e-01 4.343833702670797936e-01
-2.050583350905529345e-01 4.560165339215875302e-01
-1.606368441049891294e-01 4.734931935265355718e-01
-1.147511788113383391e-01 4.866540526507265318e-01
-6.781957832906761185e-02 4.953791525642105009e-01
-2.026981527812857231e-02 4.995889656393127098e-01
2.746470328718365883e-02 4.992451202298473500e-01
7.494888630116966488e-02 4.943507504213804360e-01
1.217499244591088992e-01 4.849504674646358815e-01
1.674412351918252440e-01 4.711299531524220652e-01
2.116063508847411678e-01 4.530151788463729345e-01
2.538427149010430983e-01 4.307712572719251121e-01
2.937653508089276833e-01 4.046009375472019998e-01
3.310103713686206039e-01 3.747427571633306642e-01
3.652382952954170148e-01 3.414688677605394740e-01
3.961371415670801865e-01 3.050825545176747977e-01
4.234252730715729052e-01 2.659154717654292344e-01
4.468539636758141476e-01 2.243246200201418072e-01
4.662096653171163840e-01 1.806890919919326155e-01
4.813159544531965262e-01 1.354066172266894241e-01
4.920351401292376581e-01 8.888993687683754974e-02
4.982695190047768952e-01 4.156304164416917135e-02
4.999622659010869996e-01 -6.142692814832412425e-03
4.970979517518820390e-01 -5.379243779612692677e-02
4.897026842363242927e-01 -1.009518749291236916e-01
4.778438698124904405e-01 -1.471911549060957169e-01
4.616295993203149428e-01 -1.920888154769350709e-01
4.412076627541250406e-01 -2.352356229974718882e-01
4.167642021849268796e-01 -2.762383025163739902e-01
3.885220151108011999e-01 -3.147231224015939466e-01
3.567385237000463283e-01 -3.503393008331747716e-01
3.217034284370325903e-01 -3.827622031128796176e-01
2.837360675573390445e-01 -4.116963006477752374e-01
2.431825063404204068e-01 -4.368778646371976326e-01
2.004123827903478150e-01 -4.580773699106530095e-01
1.558155384556441925e-01 -4.751015870061304769e-01
1.097984650976513155e-01 -4.877953434199285287e-01
6.278059959537118928e-02 -4.960429379745384115e-01
1.519050085801979498e-02 -4.997691954128911651e-01
-3.253805640799111581e-02 -4.989401516065392617e-01
-7.997003547307240945e-02 -4.935633631322340342e-01
-1.266731028615774857e-01 -4.836878383951639382e-01
-1.722215689892761525e-01 -4.694035909266544571e-01
-2.162002682430208267e-01 -4.508408189279358713e-01
-2.582083431364159964e-01 -4.281687185382799243e-01
-2.978628980496317857e-01 -4.015939416443436993e-01
-3.348024892502165506e-01 -3.713587122874922319e-01
-3.686904193840329635e-01 -3.377386188376919063e-01
-3.992178064076578048e-01 -3.010401020578879483e-01
-4.261063989895111925e-01 -2.615976619546840354e-01
-4.491111127178673001e-01 -2.197708088743468291e-01
-4.680222639986936217e-01 -1.759407866343179472e-01
-4.826674812817646210e-01 -1.305070975582659776e-01
-4.929132761945858587e-01 -8.388386108832390775e-02
-4.986662602635423824e-01 -3.649603916506962559e-02
-4.998739961320891600e-01 1.122443721980683276e-02
-4.965254755172912038e-01 5.884260499241226322e-02
-4.886512195482307641e-01 1.059244336024125349e-01
-4.763230005717155602e-01 1.520407811290198086e-01
-4.596531879609765947e-01 1.967713058280502192e-01
-4.387937238901848391e-01 2.397082974670445843e-01
-4.139347384104072325e-01 2.804603935265594927e-01
-3.853028164503217723e-01 3.186561463951612105e-01
-3.531589325376509048e-01 3.539474090438177734e-01
-3.177960720659341876e-01 3.860125083199095197e-01
-2.795365607883426584e-01 4.145591769368877633e-01
-2.387291268796903898e-01 4.393272174350518200e-01
-1.957457223453898665e-01 4.600908738319486879e-01
-1.509781327496053926e-01 4.766608893452524698e-01
-1.048344061642867003e-01 4.888862314323710323e-01
-5.773513388853485778e-02 4.966554684233702166e-01
-1.010961683883623147e-02 4.998977851994707566e-01
3.760804744721093357e-02 4.985836286593981481e-01
8.498292152745988426e-02 4.927249770902848991e-01
1.315831924273490605e-01 4.823752309878601152e-01
1.769841075331075320e-01 4.676287263210778811e-01
2.207718461311133917e-01 4.486198746776875468e-01
2.625472913050598822e-01 4.255219381281534208e-01
3.019296678108031595e-01 3.985454499748077861e-01
3.385600127703534135e-01 3.679362957808077761e-01
3.721044475502939819e-01 3.339734721699531006e-01
4.022572210020776695e-01 2.969665438254778800e-01
4.287434963256437914e-01 2.572528218667900490e-01
4.513218561546232799e-01 2.151942893227171971e-01
4.697865030297560529e-01 1.711743017249865439e-01
4.839691352036247785e-01 1.255940928954029367e-01
4.937404806791002021e-01 7.886911777580961347e-02
4.990114754990288004e-01 3.142526563524249833e-02
4.997340755472776674e-01 -1.630502182982499632e-02
4.959016944617232192e-01 -6.388669211936813530e-02
4.875492636676903024e-01 -1.108860473506752820e-01
4.747529139846483615e-01 -1.568746973321328286e-01
4.576292817082590059e-01 -2.014334642584146295e-01
4.363344454927060578e-01 -2.441562034365207801e-01
4.110625037234219570e-01 -2.846535052174742342e-01
3.820438053471892359e-01 -3.225562443912718402e-01
3.495428502852639396e-01 -3.575189446930280290e-01
3.138558785668567608e-01 -3.892229277534781651e-01
2.753081701575612050e-01 -4.173792177917560187e-01
2.342510800942803340e-01 -4.417311755747219126e-01
1.910588359508340328e-01 -4.620568376348032080e-01
1.461251268247379109e-01 -4.781709394248220835e-01
9.985951493589267924e-02 -4.899266039691361763e-01
5.268370254477909576e-02 -4.972166806193610844e-01
5.027688216490090387e-03 -4.999747217121683351e-01
-4.267415253447715690e-02 -4.981755882271095004e-01
-8.998702649449119573e-02 -4.918356789240102556e-01
-1.364796858083044961e-01 -4.810127808713909880e-01
-1.817283587213036622e-01 -4.658055427283186445e-01
-2.253206121785231442e-01 -4.463525755806253548e-01
-2.668591110735663019e-01 -4.228311895272015564e-01
-3.059652398825943309e-01 -3.954557775321391189e-01
-3.422825536728774654e-01 -3.644758612736045955e-01
-3.754800270306213883e-01 -3.301738168011598140e-01
-4.052550712947090017e-01 -2.928623007317299742e-01
-4.313362925948452942e-01 -2.528814004439548513e-01
-4.534859655551119473e-01 -2.105955342463596003e-01
-4.715022001155936837e-01 -1.663901297737230278e-01
-4.852207817219092445e-01 -1.206681108874297637e-01
-4.945166681096684891e-01 -7.384622510104170423e-02
-4.993051290409506460e-01 -2.635124500590662472e-02
-4.995425186043215837e-01 2.138392167991207821e-02
-4.952266730390226246e-01 6.892417798321973099e-02
-4.863969304572382524e-01 1.158362035019192687e-01
-4.731337722846794547e-01 1.616924040381322036e-01
-4.555580896876819663e-01 2.060748090380563058e-01
-4.338300816731983089e-01 2.485788813141362741e-01
-4.081477949052923493e-01 2.888172043246536314e-01
-3.787453185474308759e-01 3.264230134018837881e-01
-3.458906505842430090e-01 3.610535387423455256e-01
-3.098832550708179312e-01 3.923931296884231035e-01
-2.710513325747504476e-01 4.201561318241270326e-01
-2.297488286903353050e-01 4.440894906608127135e-01
-1.863522078917357327e-01 4.639750581807564056e-01
-1.412570221308412366e-01 4.796315812148819746e-01
-9.487430545639320700e-02 4.909163535309531978e-01
-4.762682751673970316e-02 4.977265165737622121e-01
5.475990517008747280e-05 4.999999970013136452e-01
4.773584820095030934e-02 4.977160724715413709e-01
9.498183331165493959e-02 4.908955605225186480e-01
1.413620770611869470e-01 4.796006288245542315e-01
1.864538323414389742e-01 4.639342285336912619e-01
2.298460963718488015e-01 4.440391559114842956e-01
2.711433569116409315e-01 4.200967507642104359e-01
3.099691972787420591e-01 3.923252435649952630e-01
3.459697273163072073e-01 3.609777663245211099e-01
3.788168090342494687e-01 3.263400453408522028e-01
4.082110475246634174e-01 2.887277968585246768e-01
4.338845198895161515e-01 2.484838493749734756e-01
4.556032173069496372e-01 2.059750188239262425e-01
4.731691779772230766e-01 1.615887651178734286e-01
4.864222915068984743e-01 1.157296605245954346e-01
4.952417582846511679e-01 6.881570206782271215e-02
4.995471905467712137e-01 2.127450156379699295e-02
4.992993450963536528e-01 -2.646061197917455587e-02
4.945004809975808158e-01 -7.395454207228421839e-02
4.851943389847815924e-01 -1.207743905680375152e-01
4.714657427739499806e-01 -1.664934034446036437e-01
4.534398259106932061e-01 -2.106948605876281799e-01
4.312808912017425111e-01 -2.529758741148857015e-01
4.051909131260923447e-01 -2.929510606227654357e-01
3.754076968760058364e-01 -3.302560538827601921e-01
3.422027108078773416e-01 -3.645508259703986176e-01
3.058786120597515312e-01 -3.955227865551611544e-01
2.667664878890241842e-01 -4.228896321019405269e-01
2.252228378750075755e-01 -4.464019190141183535e-01
1.816263244930110821e-01 -4.658453372645462998e-01
1.363743216778361689e-01 -4.810426637907176950e-01
8.987929283587391127e-02 -4.918553778493049422e-01
4.256503131953653929e-02 -4.981849236064116448e-01
-5.137202368616242132e-03 -4.999736084552695581e-01
-5.279261143340517604e-02 -4.972051288733863039e-01
-9.996682587719486757e-02 -4.899047190260548135e-01
-1.462298616998786160e-01 -4.781389207617315340e-01
-1.911600401213290890e-01 -4.620149770957330260e-01
-2.343478311033475592e-01 -4.416798547105308947e-01
-2.753995861381385857e-01 -4.173189043823688493e-01
-3.139411262796532598e-01 -3.891541715441600435e-01
-3.496211527135770769e-01 -3.574423723835610800e-01
-3.821144487792647038e-01 -3.224725539237057736e-01
-4.111248442578008255e-01 -2.845634594145171614e-01
-4.363879149072641406e-01 -2.440606230485551920e-01
-4.576733926394432883e-01 -2.013332204825137028e-01
-4.747872643697035877e-01 -1.567707038712644607e-01
-4.875735404093843872e-01 -1.107792520854733176e-01
-4.959156762821688713e-01 -6.377806846838057764e-02
-4.997376350048384208e-01 -1.619555987698878541e-02
-4.990045801499254918e-01 3.153456816502835103e-02
-4.937231933731295874e-01 7.897726461075692261e-02
-4.839416135112956652e-01 1.257000982976623493e-01
-4.697489978060639948e-01 1.712771994754607452e-01
-4.512747092525551951e-01 2.152931415279643046e-01
-4.286871374802526669e-01 2.573467275077442329e-01
-4.021921639135291882e-01 2.970546469700666714e-01
-3.720312852015875138e-01 3.340549697747559055e-01
-3.384794120223943992e-01 3.680104450106439495e-01
-3.018423633240926995e-01 3.986115749735378300e-01
-2.624540788434037708e-01 4.255794361789796976e-01
-2.206735753083863549e-01 4.486682216968031489e-01
-1.768816740691843137e-01 4.676674816345910979e-01
-1.314775299837878386e-01 4.824040413484529388e-01
-8.487499319735461456e-02 4.927435798969952985e-01
-3.749883697678085825e-02 4.985918543511780321e-01
1.021911401690645850e-02 4.998955588007027440e-01
5.784391972827492706e-02 4.966428102272559819e-01
1.049414891034400055e-01 4.888632568159626546e-01
1.510825367475305825e-01 4.766278077178127681e-01
1.958464957794857908e-01 4.600479867262250999e-01
2.388253512192552719e-01 4.392749157588632380e-01
2.796273589668069603e-01 4.144979374100737912e-01
3.178806164751555308e-01 3.859428891291196706e-01
3.532364525714052905e-01 3.538700447547464822e-01
3.853726055282327700e-01 3.185717421686016793e-01
4.139961604182917365e-01 2.803697186909973049e-01
4.388462189781129896e-01 2.396121785063749787e-01
4.596962776461975819e-01 1.966706188483341167e-01
4.763562920999370176e-01 1.519364438729437494e-01
4.886744094734993271e-01 1.058173970842384432e-01
4.965383524678448346e-01 5.873384482966304693e-02
4.998764427369706276e-01 1.111494474069821270e-02
4.986582542224131109e-01 -3.660526595739748562e-02
4.928948904809893894e-01 -8.399182661241536008e-02
4.826388834779865022e-01 -1.306128177288856107e-01
4.679837147682807119e-01 -1.760432978322007125e-01
4.490629634297292894e-01 -2.198691767294042310e-01
4.260490885152597995e-01 -2.616909898626101350e-01
3.991518571213749644e-01 -3.011275393525371658e-01
3.686164324009307824e-01 -3.378193685447391514e-01
3.347211389475863164e-01 -3.714320383887028121e-01
2.977749259200229148e-01 -4.016591757862392198e-01
2.581145510290724365e-01 -4.282252661240534275e-01
2.161015110551776919e-01 -4.508881645370888536e-01
1.721187468739337756e-01 -4.694413030129567233e-01
1.265671530227778507e-01 -4.837155732201151581e-01
7.986192362346244966e-02 -4.935808678981753461e-01
3.242876796653547389e-02 -4.989472667608556011e-01
-1.529996974794539839e-02 -4.997658561023028412e-01
-6.288925114563752305e-02 -4.960291746362270326e-01
-1.099053089700247898e-01 -4.877712815041072569e-01
-1.559196007885317314e-01 -4.750674458325896410e-01
-2.005127150753601706e-01 -4.580334606697014088e-01
-2.432781940678457877e-01 -4.368245875532225098e-01
-2.838262385517256181e-01 -4.116341413312728514e-01
-3.217872608069017870e-01 -3.826917281342076538e-01
-3.568152533292775486e-01 -3.502611525583714802e-01
-3.885909426234049335e-01 -3.146380131373334721e-01
-4.168246993197240458e-01 -2.761470080174266983e-01
-4.412591780912282213e-01 -2.351389753958470497e-01
-4.616716633072159848e-01 -1.919876956971555138e-01
-4.778760990439421819e-01 -1.470864846357382016e-01
-4.897247849490067306e-01 -1.008446082178120207e-01
-4.971097225019987520e-01 -5.368355235955074578e-02
-4.999635994004875683e-01 -6.033181123054568579e-03
-4.982604030988675992e-01 4.167218141288868416e-02
-4.920156579077685777e-01 8.899770993424674370e-02
-4.812862834929141354e-01 1.355120412418501508e-01
-4.661700760631852791e-01 1.807912060449805569e-01
-4.468048169767607769e-01 2.244224933608881811e-01
-4.233670168902197162e-01 2.660082122969720797e-01
-3.960703068974497643e-01 3.051693169276925577e-01
-3.651634913228224422e-01 3.415488612261523560e-01
-3.309282799170569778e-01 3.748152525593008155e-01
-2.936767201263761895e-01 4.046652740917715541e-01
-2.537483528393326693e-01 4.308268485497160905e-01
-2.115071175361326050e-01 4.530615181534522473e-01
-1.673380350494337310e-01 4.711666181148118082e-01
-1.216436981726211758e-01 4.849771238881712687e-01
-7.484060210300082228e-02 4.943671553378265471e-01
-2.735534816722269905e-02 4.992511241115080156e-01
2.037924456874401144e-02 4.995845137619475684e-01
6.792808436314846932e-02 4.953642855058357775e-01
1.148577725770034141e-01 4.866289059217541735e-01
1.607405540203205030e-01 4.734579963346214893e-01
2.051582158593804051e-01 4.559716070824474943e-01
2.477058995472389280e-01 4.343291232803150881e-01
2.879957910324468240e-01 4.087278120553445859e-01
3.256606556104321704e-01 3.794010244943170074e-01
3.603571851980468255e-01 3.466160686928613788e-01
3.917691275215050561e-01 3.106717732929602516e-01
4.196101686957615096e-01 2.718957637166645180e-01
4.436265429211651012e-01 2.306414759226304290e-01
4.635993455104993610e-01 1.872849349045198619e-01
4.793465281636078990e-01 1.422213272946396545e-01
4.907245583030555580e-01 9.586139931288542582e-02
4.976297273462962356e-01 4.862771289300189814e-02
4.999990959896949416e-01 9.507941108564146827e-04
4.978110678883195805e-01 -4.673479097892947048e-02
4.910855865025219313e-01 -9.399439732998687846e-02
4.798839533170855542e-01 -1.403972626112014455e-01
4.643082690898416853e-01 -1.855204335235033086e-01
4.445005032226635455e-01 -2.289526209388139666e-01
4.206411997373472045e-01 -2.702979487222914035e-01
3.929478316511614833e-01 -3.091795620680702350e-01
3.616728187516221604e-01 -3.452430624592034980e-01
3.271012268380963373e-01 -3.781597379427976691e-01
2.895481694012123630e-01 -4.076295592769983434e-01
2.493559354232741665e-01 -4.333839146405147891e-01
2.068908694792327418e-01 -4.551880579783262881e-01
1.625400325755023689e-01 -4.728432486673650459e-01
1.167076741624404751e-01 -4.861885629995285618e-01
6.981154747742754352e-02 -4.951023609706984296e-01
2.227910180349425631e-02 -4.995033950062624517e-01
-2.545641364966482259e-02 -4.993515505173181657e-01
-7.295989872990697733e-02 -4.946482115375271382e-01
-1.197983681978457560e-01 -4.854362481079115277e-01
-1.655448983050274714e-01 -4.717996255245763826e-01
-2.097825181227697677e-01 -4.538626390109921083e-01
-2.521080101529392103e-01 -4.317887807906520825e-01
-2.921355855788231315e-01 -4.057792498865243069e-01
-3.295004006568824084e-01 -3.760711182301908484e-01
-3.638618821981419726e-01 -3.429351697962424450e-01
-3.949068318280892220e-01 -3.066734324578074822e-01
-4.223522807303402571e-01 -2.676164250598829231e-01
-4.459480688536287540e-01 -2.261201448028708760e-01
-4.654791250731346031e-01 -1.825628223957473650e-01
-4.807674275229172345e-01 -1.373414745550253224e-01
-4.916736262313933237e-01 -9.086828527282905799e-02
-4.980983132698475480e-01 -4.356684883813373432e-02
-4.999829288368122793e-01 4.131691144682919127e-03
-4.973102950195293914e-01 5.179257154786388179e-02
-4.901047723673608303e-01 9.898137250356406347e-02
-4.784320378500108717e-01 1.452679770583925334e-01
-4.623984862244272520e-01 1.902304916077073582e-01
-4.421502602668103687e-01 2.334590913756490471e-01
-4.178719187089795506e-01 2.745597558900934598e-01
-3.897847540206045847e-01 3.131578604043788738e-01
-3.581447753703966841e-01 3.489015905306819820e-01
-3.232403751511856438e-01 3.814651489613071211e-01
-2.853897003380624353e-01 4.105517250492346504e-01
-2.449377526391587900e-01 4.358962001807650810e-01
-2.022532438706388658e-01 4.572675642813025521e-01
-1.577252352185611051e-01 4.744710214282856775e-01
-1.117595910201011067e-01 4.873497653790045958e-01
-6.477527938724486622e-02 4.957864088297049832e-01
-1.720055339206479766e-02 4.997040533785548910e-01
3.053095237865093362e-02 4.990669904399642753e-01
7.798417432025314677e-02 4.938810267215569261e-01
1.247265853323125118e-01 4.841934312971337140e-01
1.703321372209466444e-01 4.700925047580478688e-01
2.143851440471450098e-01 4.517067743700945437e-01
2.564840710251100053e-01 4.292038225719068123e-01
2.962451944355255495e-01 4.027887594928737935e-01
3.333060991943394002e-01 3.727023534132882787e-01
3.673289821973841351e-01 3.392188362072251495e-01
3.980037313314788716e-01 3.026434037711219771e-01
4.250507520874099998e-01 2.633094342211792505e-01
4.482235160107511662e-01 2.215754492151833510e-01
4.673108077618773337e-01 1.778218460957260993e-01
4.821386503036482196e-01 1.324474306407140145e-01
4.925718906690406684e-01 8.586578202448819086e-02
4.985154318547599939e-01 3.850148312224276753e-02
4.999150996123535862e-01 -9.213749482198569513e-03
4.967581362361908059e-01 -5.684500051100480067e-02
4.890733168475253634e-01 -1.039581201624477647e-01
4.769306871147336313e-01 -1.501236813038430706e-01
4.604409248003575872e-01 -1.949208936182602325e-01
4.397543309543319734e-01 -2.379414390282984237e-01
4.150594599484757063e-01 -2.787931934377690379e-01
3.865814008392236545e-01 -3.171038008683166876e-01
3.545797257236515954e-01 -3.525240674134030305e-01
3.193461237891376259e-01 -3.847311440744071165e-01
2.812017426218492711e-01 -4.134314694678969393e-01
2.404942610075233578e-01 -4.383634455818534170e-01
1.975947199054036429e-01 -4.592998221918382917e-01
1.528941404804067816e-01 -4.760497682036057276e-01
1.067999600195096710e-01 -4.884606110422621272e-01
5.973231821830463778e-02 -4.964192282337742679e-01
1.212022768751327972e-02 -4.998530784948230221e-01
-3.560233641543455313e-02 -4.987308629328157106e-01
-8.300039198749215030e-02 -4.930628103293446807e-01
-1.296419147592053067e-01 -4.829005839067867512e-01
-1.751017761138305706e-01 -4.683368104278486377e-01
-2.189656180538892272e-01 -4.495042359202268134e-01
-2.608336299955736348e-01 -4.265745157217911698e-01
-3.003241929662424647e-01 -3.997566498748001407e-01
-3.370773579888369786e-01 -3.692950781302314356e-01
-3.707581269484054864e-01 -3.354674519259033816e-01
-4.010595060362611153e-01 -2.985821036463814360e-01
-4.277053039402100021e-01 -2.589752362318852308e-01
-4.504526492758770262e-01 -2.170078587523776581e-01
-4.690942043132211303e-01 -1.730624958784948153e-01
-4.834600548205445492e-01 -1.275397012418646447e-01
-4.934192588004255309e-01 -8.085440646487204730e-02
-4.988810400011417512e-01 -3.343213913777062091e-02
-4.997956153249547007e-01 1.429485578443919283e-02
-4.961546485915852567e-01 6.189155581263510592e-02
-4.879913265209127049e-01 1.089241260708937592e-01
-4.753800562423294296e-01 1.549638736189428712e-01
-4.584357870878963959e-01 1.995911549068467572e-01
-4.373129628510251110e-01 2.423992007462191511e-01
-4.122041140606498844e-01 2.829978239340766866e-01
-3.833381031020431928e-01 3.210169757350462283e-01
-3.509780381796647197e-01 3.561101188052674393e-01
-3.154188751358766862e-01 3.879573858144294562e-01
-2.769847289844908356e-01 4.162684949757018971e-01
-2.360259196640099866e-01 4.407853959090591855e-01
-1.929157789379595256e-01 4.612846217214573996e-01
-1.480472475468077587e-01 4.775793258650985473e-01
-1.018292936277871291e-01 4.895209852082069713e-01
-5.468318504803992841e-02 4.970007537951521837e-01
-7.038649628063106851e-03 4.999504549566495815e-01
4.067004174571405700e-02 4.983432027271459952e-01
8.800803341753503373e-02 4.921936469052861085e-01
1.345438485889823010e-01 4.815578395237817833e-01
1.798533221480010935e-01 4.665327239457857100e-01
2.235234668532913582e-01 4.472552512445582273e-01
2.651562376345320549e-01 4.239011319204595285e-01
3.043721596975560995e-01 3.966832343331295196e-01
3.408137873649877969e-01 3.658496444468408715e-01
3.741489621256660625e-01 3.316814045740789640e-01
4.040738401963535065e-01 2.944899517282697499e-01
4.303156620000809784e-01 2.546142789345855473e-01
4.526352383178589567e-01 2.124178453729390903e-01
4.708291304529553245e-01 1.682852635166275646e-01
4.847315045359565366e-01 1.226187934627263609e-01
4.942156430689736979e-01 7.583467640774609053e-02
4.991950999315557524e-01 2.835934068822492868e-02
4.996244883206498733e-01 -1.937448503252437934e-02
4.954998944426864949e-01 -6.693171600394894061e-02
4.868589131870637021e-01 -1.138788771030775360e-01
4.737803054558750171e-01 -1.597880538778929105e-01
4.563832802732533112e-01 -2.042407929062450833e-01
4.348264082177695777e-01 -2.468319159192751688e-01
4.093061760817423012e-01 -2.871732129243397824e-01
3.800551959314641404e-01 -3.248969806653221881e-01
3.473400848924210194e-01 -3.596593741679369183e-01
3.114590349848587181e-01 -3.911435408213291831e-01
2.727390951601840752e-01 -4.190625084294111180e-01
2.315331903119222379e-01 -4.431618009078955867e-01
1.882169044323786511e-01 -4.632217577854464419e-01
1.431850572359217588e-01 -4.790595363671322215e-01
9.684810545231437029e-02 -4.905307783108449060e-01
4.962840159162123371e-02 -4.975309254261554015e-01
1.956344281339755364e-03 -4.999961727023504166e-01
-4.573354473530067549e-02 -4.979040498789801816e-01
-9.300658118245579142e-02 -4.912736262580120750e-01
-1.394318803162374054e-01 -4.801653368907673469e-01
-1.845862843572726453e-01 -4.646804317239124904e-01
-2.280582194934498985e-01 -4.449600527254362059e-01
-2.694514472970046537e-01 -4.211839474024325347e-01
-3.083886763624910654e-01 -3.935688304367309098e-01
-3.445150012462456779e-01 -3.623664083717540452e-01
-3.775011373620634214e-01 -3.278610853552064164e-01
-4.070464223476267795e-01 -2.903673708493136885e-01
-4.328815565448031477e-01 -2.502270129368406870e-01
-4.547710576148534800e-01 -2.078058833522597459e-01
-4.725154069152014413e-01 -1.634906426304179039e-01
-4.859528680739449991e-01 -1.176852157692390710e-01
-4.949609611861524039e-01 -7.080711053012612999e-02
-4.994575791949197319e-01 -2.328361193405502003e-02
-4.994017362815927896e-01 2.445211236019418505e-02
-4.947939414437145800e-01 7.196496029693193186e-02
-4.856761938556099500e-01 1.188218612961140785e-01
-4.721316000538925972e-01 1.645957236093821274e-01
-4.542836164371767405e-01 2.088693271801891904e-01
-4.322949239844641189e-01 2.512391265253308137e-01
-4.063659454489348954e-01 2.913189289753380096e-01
-3.767330185426386868e-01 3.287434147472714230e-01
-3.436662417631610733e-01 3.631714667651207429e-01
-3.074670124971444207e-01 3.942892798771294727e-01
-2.684652798403842633e-01 4.218132211301213741e-01
-2.270165371745208049e-01 4.454924150299687802e-01
-1.834985819124202999e-01 4.651110302240479277e-01
-1.383080719465498154e-01 4.804902467630038920e-01
-9.185691018766459215e-02 4.914898860106072798e-01
-4.456849014805062958e-02 4.980096883453849488e-01
3.126163209881961148e-03 4.999902270080180400e-01
5.079232218422340822e-02 4.974134497649598807e-01
9.799551879395558551e-02 4.903028434511140232e-01
1.443055048720366385e-01 4.787232198917978909e-01
1.893001736956834713e-01 4.627801251552707829e-01
2.325694074089363073e-01 4.426188775203788728e-01
2.737188151689811111e-01 4.184232429280583809e-01
3.123733279437354016e-01 3.904137599897053446e-01
3.481806171948009232e-01 3.588457298196415235e-01
3.808143062851380156e-01 3.240068890139725100e-01
4.099769453400906039e-01 2.862147869861931815e-01
4.354027224464691592e-01 2.458138915646275180e-01
4.568598864776269863e-01 2.031724492336331733e-01
4.741528594609397684e-01 1.586791286368745557e-01
4.871240192338598951e-01 1.127394779364947891e-01
4.956551361399758604e-01 6.577222831868444197e-02
4.996684506698624295e-01 1.820547733849109395e-02
4.991273822242326408e-01 -2.952721310804320640e-02
4.940368625391486912e-01 -7.699076861817430451e-02
4.844432907341851835e-01 -1.237525679029594233e-01
4.704341103932713208e-01 -1.693863860480946670e-01
4.521370125330405054e-01 -2.134762794730129531e-01
4.297187717234783877e-01 -2.556203771775790168e-01
4.033837259694105781e-01 -2.954345437198874769e-01
3.733719142084184761e-01 -3.325558805378187044e-01
3.399568884015383152e-01 -3.666460337004704972e-01
3.034432201591195644e-01 -3.973942779399404768e-01
2.641637246284742058e-01 -4.245203488530957525e-01
2.224764269470546618e-01 -4.477769974583490353e-01
1.787612989113610829e-01 -4.669522438231402117e-01
1.334167956062231042e-01 -4.818713092207395077e-01
8.685622356241982922e-02 -4.923982092051281678e-01
3.950397354619301915e-02 -4.984369930833824625e-01
-8.208347681940068169e-03 -4.999326184880063528e-01
-5.584585138079021377e-02 -4.968714530776514038e-01
-1.029743307567299870e-01 -4.892813987933176123e-01
-1.491642186761050759e-01 -4.772316375374635045e-01
-1.939945030880264876e-01 -4.608320005941117792e-01
-2.370565644692093910e-01 -4.402319675375667707e-01
-2.779579003132774950e-01 -4.156193037545005131e-01
-3.163257027165210511e-01 -3.872183489981340654e-01
-3.518102564510943719e-01 -3.552879725740188954e-01
-3.840881265528609534e-01 -3.201192137955093386e-01
-4.128651063696290313e-01 -2.820326292157280812e-01
-4.378788991988781798e-01 -2.413753708155000066e-01
-4.589015090723578827e-01 -1.985180217790163681e-01
-4.757413188960124550e-01 -1.538512186985332708e-01
-4.882448370033799501e-01 -1.077820909960659629e-01
-4.962980962029638343e-01 -6.073055001607442077e-02
-4.998276925675262938e-01 -1.312546161335454570e-02
-4.988014544969359698e-01 3.459926287773054665e-02
-4.932287359561895457e-01 8.200862166260684816e-02
-4.831603312157984331e-01 1.286704874451832514e-01
-4.686880118716654220e-01 1.741595461860380445e-01
-4.499436903644274399e-01 2.180611737590654187e-01
-4.270982176226266191e-01 2.599752151715937765e-01
-4.003598257889635637e-01 2.995196319011019792e-01
-3.699722302238872551e-01 3.363339841037533140e-01
-3.362124080863976294e-01 3.700827159550772461e-01
-2.993880737398755820e-01 4.004582141775437920e-01
-2.598348739941362395e-01 4.271836118771317747e-01
-2.179133287485401915e-01 4.500153121324553251e-01
-1.740055449216209305e-01 4.687452083344108011e-01
-1.285117336191345105e-01 4.832025810383724362e-01
-8.184656228588282900e-02 4.932556540394881228e-01
-3.443537509075388081e-02 4.988127954877452641e-01
1.328968400454927021e-02 4.998233530948701930e-01
6.089361015559874996e-02 4.962781158203109499e-01
1.079425026217345485e-01 4.882093978281212832e-01
1.540075196888612552e-01 4.756907439494960088e-01
1.986687874801788545e-01 4.588362593356103414e-01
2.415192270267809693e-01 4.377995694108505753e-01
2.821682647150988155e-01 4.127724196062641515e-01
3.202453922911679962e-01 3.839829276363935229e-01
3.554035439729553159e-01 3.516935042496569519e-01
3.873222598890090906e-01 3.161984614042431807e-01
4.157106070092899675e-01 2.778213296705410174e-01
4.403098309444537506e-01 2.369119093114702146e-01
4.608957144429388642e-01 1.938430819195584298e-01
4.772806210886061384e-01 1.490074116720840336e-01
4.893152055710154880e-01 1.028135671831995751e-01
4.968897749395502217e-01 5.568259656717314959e-02
4.999352884338165715e-01 8.044089664839068274e-03
4.984239867770554611e-01 -3.966773758616611023e-02
4.923696451966745324e-01 -8.701800094716083400e-02
4.818274478656683346e-01 -1.335751117656127640e-01
4.668934849093677730e-01 -1.789147108236914807e-01
4.477038765622084471e-01 -2.226235362918977945e-01
4.244335324576601898e-01 -2.643031905321072128e-01
3.972945573601565084e-01 -3.035737714163335155e-01
3.665343178704730254e-01 -3.400773350624324842e-01
3.324331877261686441e-01 -3.734811584245673610e-01
2.953019922482476023e-01 -4.034807720005436638e-01
2.554791752274245265e-01 -4.298027350134636659e-01
2.133277140732868782e-01 -4.522071277724452609e-01
1.692318113441834415e-01 -4.704897384950125772e-01
1.235933928139153065e-01 -4.844839246586864490e-01
7.682844399468580221e-02 -4.940621319159098079e-01
2.936321850820680646e-02 -4.991370567276864900e-01
-1.836964713506187771e-02 -4.996624421187484955e-01
-6.593507693549113813e-02 -4.956334993010956813e-01
-1.128995210393414217e-01 -4.870869513228881509e-01
-1.588349074632917080e-01 -4.741006983448408096e-01
-2.033225438892208303e-01 -4.567931075950620867e-01
-2.459569339651224984e-01 -4.353219344742628172e-01
-2.863494733272974879e-01 -4.098828846452572949e-01
-3.241319916552815039e-01 -3.807078302130367242e-01
-3.589601084743528903e-01 -3.480626962545951830e-01
-3.905163721181168501e-01 -3.122450369623866462e-01
-4.185131532401190069e-01 -2.735813234944050598e-01
-4.426952665006798626e-01 -2.324239682516191230e-01
-4.628422965327729788e-01 -1.891481127059062295e-01
-4.787706069862098790e-01 -1.441482080568249613e-01
-4.903350143380751369e-01 -9.783441988388887067e-02
-4.974301112129489444e-01 -5.062888956525323642e-02
-4.999912271511028905e-01 -2.961886539273036762e-03
-4.979950180674512783e-01 4.473211351966328853e-02
-4.914596790284508354e-01 9.201838886434215992e-02
-4.804447784075268069e-01 1.384659340808402639e-01
-4.650507149306699617e-01 1.836513886209682200e-01
-4.454178025611272296e-01 2.271628956532157351e-01
-4.217249915642912184e-01 2.686038560595054858e-01
-3.941882374100369457e-01 3.075965433607883437e-01
-3.630585323796520769e-01 3.437855466221203526e-01
-3.286196178188893202e-01 3.768410099557955584e-01
-2.911853978895193595e-01 4.064616390950800962e-01
-2.510970783925479122e-01 4.323774476341977757e-01
-2.087200567421789443e-01 4.543522179031135866e-01
-1.644405914378209710e-01 4.721856540467069818e-01
-1.186622813912659030e-01 4.857152076834292398e-01
-7.180238719930442937e-02 4.948175595029120077e-01
-2.428802789267833426e-02 4.994097432980468820e-01
2.344771217271885907e-02 4.994499021861971144e-01
7.096973079744657575e-02 4.949376701267286238e-01
1.178448738123823308e-01 4.859141752574008821e-01
1.636458831966606242e-01 4.724616650192069445e-01
2.079552914533411012e-01 4.547027564865780414e-01
2.503692267463114574e-01 4.327993187360515970e-01
2.905010941153255422e-01 4.069509974403983099e-01
3.279850992156010947e-01 3.773933951362536954e-01
3.624795824637604413e-01 3.443959237517686400e-01
3.936701332000070996e-01 3.082593489680804932e-01
4.212724554815417410e-01 2.693130487972844045e-01
4.450349593860566388e-01 2.279120113644449719e-01
4.647410542060670391e-01 1.844335992582948891e-01
4.802111226320515125e-01 1.392741099429492257e-01
4.913041579300946315e-01 9.284516358182846874e-02
4.979190491914720629e-01 4.556995119808967404e-02
4.999955029393685635e-01 -2.120622631130546221e-03
4.975145926924620099e-01 -4.979186738805137930e-02
4.904989314762039920e-01 -9.700926873571291686e-02
4.790124657093897120e-01 -1.433424490335865054e-01
4.631598923447027283e-01 -1.883690901479831148e-01
4.430857045758865853e-01 -2.316787828015886286e-01
4.189728748097424904e-01 -2.728767673760360557e-01
3.910411869074111868e-01 -3.115875320708108021e-01
3.595452328962445709e-01 -3.474582356219529933e-01
3.247720924118566166e-01 -3.801619233831286526e-01
2.870387160217986455e-01 -4.094005074550989276e-01
2.466890362813666526e-01 -4.349074837002759875e-01
2.040908328537172634e-01 -4.564503608772931820e-01
1.596323802681275938e-01 -4.738327797544899522e-01
1.137189088714449792e-01 -4.868963028869935372e-01
6.676891123048163401e-02 -4.955218587439216282e-01
1.921032765179457244e-02 -4.996308270227585169e-01
-2.852335441288680537e-02 -4.991857552584726965e-01
-7.599705152240739114e-02 -4.941907001956182266e-01
-1.227780499490731814e-01 -4.846911908118793910e-01
-1.684399497820504299e-01 -4.707738133300907180e-01
-2.125665514815238133e-01 -4.525654220012697015e-01
-2.547556494584111153e-01 -4.302319828522256362e-01
-2.946226981018761903e-01 -4.039770609367631660e-01
-3.318043168394966269e-01 -3.740399648789008991e-01
-3.659616022821276515e-01 -3.406935656202392249e-01
-3.967832172638920407e-01 -3.042418092531816720e-01
-4.239882286212837692e-01 -2.650169466100616988e-01
-4.473286678455672405e-01 -2.233765048599435921e-01
-4.665917912686127211e-01 -1.797000287164180476e-01
-4.816020191810038154e-01 -1.343856209596624163e-01
-4.922225362077231603e-01 -8.784631380525145805e-02
-4.983565383542961635e-01 -4.050630419400106513e-02
-4.999481153568055558e-01 7.202912682536787188e-03
-4.969827602933217792e-01 5.484647637874776049e-02
-4.894875018117401666e-01 1.019901248652800574e-01
-4.775306577687912224e-01 1.482041527449189100e-01
-4.612212125257591500e-01 1.930673279356248939e-01
-4.407078235767390439e-01 2.361707311209147730e-01
-4.161774665638278137e-01 2.771214829717240091e-01
-3.878537310296775176e-01 3.155463251668319535e-01
-3.559947824413030593e-01 3.510950225715294137e-01
-3.208910090609094490e-01 3.834435555643160298e-01
-2.828623751120648566e-01 4.122970734141764848e-01
-2.422555043666054508e-01 4.373925817889631751e-01
-1.994405207348246001e-01 4.585013398987566324e-01
-1.548076746563651906e-01 4.754309454246979927e-01
-1.087637860416218738e-01 4.880270882295628110e-01
-6.172853618556626426e-02 4.961749568653383013e-01
-1.413064245249542883e-02 4.998002850577546452e-01
3.359604940127419032e-02 4.988700286292614416e-01
8.101651964903155978e-02 4.933926666904272507e-01
1.276985397158129643e-01 4.834181243544576345e-01
1.732166118597260329e-01 4.690373176792758114e-01
2.171558475030095914e-01 4.503813249849314970e-01
2.591157488625782657e-01 4.276201920996225425e-01
2.987138594112085377e-01 4.009613824242846958e-01
3.355892498961057790e-01 3.706478859431168726e-01
3.694058081404560379e-01 3.369560044160501699e-01
3.998553026420457734e-01 3.001928329407124729e-01
4.266601920448314100e-01 2.606934608389707697e-01
4.495761548756582737e-01 2.188179173814395473e-01
4.683943164880595145e-01 1.749478901890957894e-01
4.829431529149661451e-01 1.294832462231463588e-01
4.930900542770724204e-01 8.283838707366332488e-02
4.987425334966853474e-01 3.543847176783952724e-02
4.998490692998627249e-01 -1.228445847375096538e-02
4.963995758230342337e-01 -5.989541821077729034e-02
4.884254945437316864e-01 -1.069604425927798974e-01
4.759995076974956607e-01 -1.530505428663158363e-01
4.592348757931107861e-01 -1.977456165259252330e-01
4.382844052645910593e-01 -2.406382764686362807e-01
4.133390556695716311e-01 -2.813375642499929552e-01
3.846261991292290738e-01 -3.194725135959817219e-01
3.524075478746048207e-01 -3.546955316901246880e-01
3.169767687893522146e-01 -3.866855674159479506e-01
2.786568066918980735e-01 -4.151510376768992039e-01
2.377969407547919078e-01 -4.398324851208627595e-01
1.947696008914220622e-01 -4.605049430446193082e-01
1.499669731281281226e-01 -4.769799859225952177e-01
1.037974249030983731e-01 -4.891074468697215738e-01
5.668178287477292077e-02 -4.967767863840549802e-01
9.049497166822115246e-03 -4.999180998933320796e-01
-3.866527298812209856e-02 -4.985027549218618570e-01
-8.602761652736799769e-02 -4.925436520701001464e-01
-1.326058346898540408e-01 -4.820951074281284998e-01
-1.779753758683200460e-01 -4.672523574948143632e-01
-2.217227053165294060e-01 -4.481506911152218775e-01
-2.634490744398967910e-01 -4.249642163484982915e-01
-3.027741553131533814e-01 -3.979042735060003833e-01
-3.393395072971115423e-01 -3.672175088245180907e-01
-3.728118441569763797e-01 -3.331836263326961034e-01
-4.028860719030415982e-01 -2.961128384019653392e-01
-4.292880696644278959e-01 -2.563430382197269264e-01
-4.517771882487301438e-01 -2.142367199571596215e-01
-4.701484436136750822e-01 -1.701776747037341275e-01
-4.842343852577133956e-01 -1.245674922843646726e-01
-4.939066224995209420e-01 -7.782190084446949374e-02
-4.990769947346606061e-01 -3.036697756692633907e-02
-4.996983750027383930e-01 1.736473494048171307e-02
-4.957650995406922556e-01 6.493817118873979055e-02
-4.873130194069154597e-01 1.119197083468578269e-01
-4.744191737056729363e-01 1.578811186315734194e-01
-4.572010873903051831e-01 2.024034725222197406e-01
-4.358157000456117647e-01 2.450809572236971323e-01
-4.104579354133598978e-01 2.855245755729833856e-01
-3.813589246994190662e-01 3.233656916743534171e-01
-3.487838998567417970e-01 3.582593909455165093e-01
-3.130297760465147183e-01 3.898876239484896367e-01
-2.744224453128872865e-01 4.179621053497856176e-01
-2.333138061389189999e-01 4.422269415864447661e-01
-1.900785559587775397e-01 4.624609632872332954e-01
-1.451107758618305488e-01 4.784797411894336494e-01
-9.882033861840353040e-02 4.901372671765266142e-01
-5.162917276736669198e-02 4.973272851144274753e-01
-3.967416817682544589e-03 4.999842593559564730e-01
4.373050138236382611e-02 4.980839720858087349e-01
9.102982437244722114e-02 4.916437440613386500e-01
1.374994278118358837e-01 4.807222767371481797e-01
1.827157500958304648e-01 4.654191172124836351e-01
2.262666530393012410e-01 4.458737508783422454e-01
2.677551784379265110e-01 4.222643300346402562e-01
3.068031662667908277e-01 3.948060500658536198e-01
3.430547015371499531e-01 3.637491879759819913e-01
3.761793583939188612e-01 3.293768211612176922e-01
4.058752118845495027e-01 2.920022472132727809e-01
4.318715899475981113e-01 2.519661282713668293e-01
4.539315405371296408e-01 2.096333859515640552e-01
4.718539913955881460e-01 1.653898751555892277e-01
4.854755827892143771e-01 1.196388670767229712e-01
4.946721565009758459e-01 7.279737345950858252e-02
4.993598875091210254e-01 2.529234561694575570e-02
4.994960480363235256e-01 -2.244321714959368955e-02
4.950793970052525528e-01 -6.997421425671458695e-02
4.861501913507569883e-01 -1.168674096981335980e-01
4.727898190855543969e-01 -1.626953809085483205e-01
4.551200574639615581e-01 -2.070404146390967814e-01
4.333019630053623339e-01 -2.494983143342422716e-01
4.075344034946393190e-01 -2.896820843065673889e-01
3.780522453401056748e-01 -3.272254571289238689e-01
3.451242128108251705e-01 -3.617862320924289388e-01
3.090504386659655989e-01 -3.930493943008980806e-01
2.701597285017331429e-01 -4.207299859717612556e-01
2.288065637508464034e-01 -4.445757037721004279e-01
1.853678706516393715e-01 -4.643691985155836699e-01
1.402395846370266819e-01 -4.799300562589956520e-01
9.383304145827220388e-02 -4.911164427410454891e-01
4.657122793778300379e-02 -4.978263961747061428e-01
-1.115073475396605174e-03 -4.999987566095267510e-01
-4.879121120574614334e-02 -4.976137233929592285e-01
-9.602262631778271662e-02 -4.906930356495430856e-01
-1.423788134381784309e-01 -4.792997741329163008e-01
-1.874372447304289979e-01 -4.635377862567338081e-01
-2.307872211557902287e-01 -4.435507395452255586e-01
-2.720336159169708390e-01 -4.195208121310146088e-01
-3.108004759638033909e-01 -3.916670322360580325e-01
-3.467344487338540060e-01 -3.602432817710253254e-01
-3.795080028938814243e-01 -3.255359822499283018e-01
-4.088224137256978863e-01 -2.878614841124498280e-01
-4.344104859452090905e-01 -2.475631832498022267e-01
-4.560389891366531390e-01 -2.050083910164347267e-01
-4.735107836035193918e-01 -1.605849862568379527e-01
-4.866666172594193984e-01 -1.146978798635854696e-01
-4.953865771805918139e-01 -6.776532409149342573e-02
-4.995911825894152059e-01 -2.021510026779858513e-02
-4.992421093065921300e-01 2.751938035334781582e-02
-4.943425390687609111e-01 7.500302705210022680e-02
-4.849371305275705368e-01 1.218030354121495545e-01
-4.711116121945578827e-01 1.674928322507317213e-01
-4.529920010420556697e-01 2.116559637521265302e-01
-4.307434538824366221e-01 2.538898913650491362e-01
-4.045687619951539582e-01 2.938096608650500041e-01
-3.747065027227655665e-01 3.310514111391178460e-01
-3.414288648837936480e-01 3.652756907105799700e-01
-3.050391678233680404e-01 3.961705517748059235e-01
-2.658690967150352247e-01 4.234543935441669738e-01
-2.242756793134322024e-01 4.468785289857026277e-01
-1.806380317141489111e-01 4.662294515561677399e-01
-1.353539027825605701e-01 4.813307812736017932e-01
-8.883604874850442590e-02 4.920448723873463992e-01
-4.150847101168113340e-02 4.982740679929059113e-01
6.197448550530324819e-03 4.999615901560739983e-01
5.384687954690910161e-02 4.970920574330143782e-01
1.010055064687773591e-01 4.896916250691983330e-01
1.472434873933285704e-01 4.778277465993129303e-01
1.921393719110707499e-01 4.616085590211100875e-01
2.352839425662205108e-01 4.411818971472218909e-01
2.762839447960486750e-01 4.167339461189359939e-01
3.147656713714888088e-01 3.884875443640144477e-01
3.503783686675149278e-01 3.567001524667702816e-01
3.827974337157790119e-01 3.216615064637667887e-01
4.117273728989833681e-01 2.836909769549033622e-01
4.369044953190492908e-01 2.431346581010875030e-01
4.580993162895439230e-01 2.003622130417266056e-01
4.751186490449875177e-01 1.557635044854595308e-01
4.878073656015097792e-01 1.097450411856533831e-01
4.960498107189434958e-01 6.272627269036568087e-02
4.997708560763607366e-01 1.513576613942203483e-02
4.989365850524415391e-01 -3.259270004362237877e-02
4.935546018690317172e-01 -8.002408995938238567e-02
4.836739622801061178e-01 -1.267260755021954732e-01
4.693847264378930850e-01 -1.722729769486493201e-01
4.508171380117012017e-01 -2.162496429473685366e-01
4.281404370416234118e-01 -2.582552345446908482e-01
4.015613173477329823e-01 -2.979068787555582132e-01
3.713220425551913007e-01 -3.348431583780177578e-01
3.376982379073422136e-01 -3.687274062423373522e-01
3.009963779939961448e-01 -3.992507738682806728e-01
2.615509932937835069e-01 -4.261350465603137017e-01
2.197216209924131858e-01 -4.491351792816855037e-01
1.758895278695478126e-01 -4.680415301933718020e-01
1.304542351245594756e-01 -4.826817714995993991e-01
8.382987681671882907e-02 -4.929224601829571561e-01
3.644142511194295442e-02 -4.986702543121414033e-01
-1.127918325773918755e-02 -4.998727638359219405e-01
-5.889698401541796496e-02 -4.965190281085031798e-01
-1.059779499560306038e-01 -4.886396157937279439e-01
-1.520929470218567447e-01 -4.763063462375149992e-01
-1.968216457779059514e-01 -4.596316348481698233e-01
-2.397563526348422680e-01 -4.387674684512993251e-01
-2.805057258985766411e-01 -4.139040199587790125e-01
-3.186983427754414566e-01 -3.852679149788001411e-01
-3.539860848203734145e-01 -3.531201661665163138e-01
-3.860473109703868588e-01 -3.177537941432927449e-01
-4.145897892417413355e-01 -2.794911566694251448e-01
-4.393533603689401268e-01 -2.386810104144124756e-01
-4.601123091069972970e-01 -1.956953321061890017e-01
-4.766774215830026917e-01 -1.509259280339362297e-01
-4.888977099446173424e-01 -1.047808628082119997e-01
-4.966617885856549619e-01 -5.768073992957037377e-02
-4.998988894047156073e-01 -1.005486806758140728e-02
-4.985795068429820232e-01 3.766265200611006170e-02
-4.927156668217813063e-01 8.503688416382548798e-02
-4.823608171285971302e-01 1.316360212820052167e-01
-4.676093402506437124e-01 1.770353210810831635e-01
-4.485956930964301592e-01 2.208209775706508615e-01
-4.254931814465907070e-01 2.625938928124242899e-01
-3.985123803046276558e-01 3.019733146221105780e-01
-3.678992145457695706e-01 3.386003070532129233e-01
-3.339327173584676345e-01 3.721410220299744553e-01
-2.969224869099073016e-01 4.022897423091472691e-01
-2.572058644175475028e-01 4.287716680345686759e-01
-2.151448593480290994e-01 4.513454214856299496e-01
-1.711228497696790363e-01 4.698052471893305326e-01
-1.255410879342711838e-01 4.839828873423145938e-01
-7.881504293900176705e-02 4.937491154487745337e-01
-3.137061380462017463e-02 4.990149141954028922e-01
1.635975251321120094e-02 4.997322868272875973e-01
6.394100279573967927e-02 4.958946946292117075e-01
1.109394429885377231e-01 4.875371165248005290e-01
1.569266912403939063e-01 4.747357302502793197e-01
2.014835825224809696e-01 4.576072180088842090e-01
2.442039892379393728e-01 4.363077029347524616e-01
2.846985229977460063e-01 4.110313260602234120e-01
3.225980838218843738e-01 3.820084767572210493e-01
3.575572244155219570e-01 3.495036927819101247e-01
3.892572988554574009e-01 3.138132490633191995e-01
4.174093669871575263e-01 2.752624572136636583e-01
4.417568280593588415e-01 2.342027003748197722e-01
4.620777595911530478e-01 1.910082304277596899e-01
4.781869401532282682e-01 1.460727567577759234e-01
4.899375376260000081e-01 9.980585766825152139e-02
4.972224475464780413e-01 5.262924715225677369e-02
4.999752693450935648e-01 4.972931049641250191e-03
4.981709115742730121e-01 -4.272871237448223891e-02
4.918258206122139153e-01 -9.004089170507890982e-02
4.809978307572733702e-01 -1.365323654183163704e-01
4.657856370793289624e-01 -1.817793725661051574e-01
4.463278958329714996e-01 -2.253694952766131243e-01
4.228019606320935209e-01 -2.669054178647949915e-01
3.954222659054014710e-01 -3.060085482893593611e-01
3.644383723673467190e-01 -3.423224689472811888e-01
3.301326923196382657e-01 -3.755161853525226801e-01
2.928179155167788816e-01 -4.052871430878748904e-01
2.528341590583739751e-01 -4.313639855309757687e-01
2.105458672864011782e-01 -4.535090272183566751e-01
1.663384899442887921e-01 -4.715204203032745123e-01
1.206149688757518768e-01 -4.852339943604778716e-01
7.379206528645800012e-02 -4.945247527684351607e-01
2.629656104483498943e-02 -4.993080120297871960e-01
-2.143863135355810953e-02 -4.995401736453325969e-01
-6.897841470116139462e-02 -4.952191215060635088e-01
-1.158894729067791590e-01 -4.863842411810969657e-01
-1.617442205894078777e-01 -4.731160609256966909e-01
-2.061247004377295966e-01 -4.555355176815291673e-01
-2.486263928115800548e-01 -4.338028547594222628e-01
-2.888619028615974083e-01 -4.081161612520380344e-01
-3.264644915596572883e-01 -3.787095664894363778e-01
-3.610914184554228079e-01 -3.458511059947229072e-01
-3.924270656904177423e-01 -3.098402783911911040e-01
-4.201858147948297484e-01 -2.710053155292848626e-01
-4.441146500455862012e-01 -2.297001907156556999e-01
-4.639954646565896956e-01 -1.863013923137385452e-01
-4.796470487806256400e-01 -1.412044921238634065e-01
-4.909267412026847577e-01 -9.482053982146604332e-02
-4.977317296698277049e-01 -4.757231631740843625e-02
-4.999999880053331291e-01 1.095198096823710155e-04
-4.977108414655115332e-01 4.779035768452003646e-02
-4.908851551860653473e-01 9.503559553069784727e-02
-4.795851440003418009e-01 1.414146019832929202e-01
-4.639138053629500713e-01 1.865046412119243380e-01
-4.440139805475344370e-01 2.298947260775142942e-01
-4.200670526757102619e-01 2.711893642019606587e-01
-3.922912934443779087e-01 3.100121628060075740e-01
-3.609398736206843594e-01 3.460092594579021741e-01
-3.262985554385907649e-01 3.788525474622156941e-01
-2.886830879304133068e-01 4.082426664900211111e-01
-2.484363289343959058e-01 4.339117311914048591e-01
-2.059251200106680391e-01 4.556257729195236084e-01
-1.615369427501351096e-01 4.731868723103599406e-01
-1.156763869534110228e-01 4.864349632801140966e-01
-6.876146287166998161e-02 4.952492919971407392e-01
-2.121979112264177347e-02 4.995495175301769564e-01
2.651529499005780138e-02 4.992964441406640419e-01
7.400869922764273523e-02 4.944923785444557685e-01
1.208275282356916919e-01 4.851811088865415345e-01
1.665450372848106264e-01 4.714475056204263659e-01
2.107445199677465131e-01 4.534167479300747483e-01
2.530231063991024709e-01 4.312531827454370026e-01
2.929954352977854892e-01 4.051588267514135699e-01
3.302971664818533659e-01 3.753715250441614915e-01
3.645883017600368148e-01 3.421627832182410067e-01
3.955562839506432948e-01 3.058352926447153175e-01
4.229188457808723545e-01 2.667201714968240323e-01
4.464265826993679132e-01 2.251739466707569082e-01
4.658652261513093751e-01 1.815753041107457944e-01
4.810575965955710132e-01 1.363216371586451481e-01
4.918652184625699197e-01 8.982542438913795890e-02
4.981895823327681661e-01 4.251046994591096279e-02
4.999730428313123864e-01 -5.191959352579151102e-03
4.971993440546704224e-01 -5.284706492820209073e-02
4.898937677401035140e-01 -1.000204795495685667e-01
4.781229028274350812e-01 -1.462822265068012551e-01
4.619940385135187233e-01 -1.912106387675365504e-01
4.416541863315966432e-01 -2.343962023917949833e-01
4.172887401691108278e-01 -2.754452891737237397e-01
3.891197864376498838e-01 -3.139837444878916806e-01
3.574040797975104322e-01 -3.496602976375995375e-01
3.224307028877597681e-01 -3.821497636205274384e-01
2.845184313929154385e-01 -4.111560071282366891e-01
2.440128284631579159e-01 -4.364146417632308594e-01
2.012830949718843743e-01 -4.576954398707277494e-01
1.567187043199070873e-01 -4.748044310199822648e-01
1.107258524594170040e-01 -4.875856700079022055e-01
6.372375549506927028e-02 -4.959226582699403640e-01
1.614082860885307849e-02 -4.997394057423718561e-01
-3.158921886288003356e-02 -4.990011234972847598e-01
-7.903133660759897872e-02 -4.937145408370465782e-01
-1.257530987375189147e-01 -4.839278439579924873e-01
-1.713286452693941753e-01 -4.697302367424022740e-01
-2.153425637573392337e-01 -4.512511276820652117e-01
-2.573936756983316587e-01 -4.286589503444681593e-01
-2.970986931980309498e-01 -4.021596281328365108e-01
-3.340957125670992456e-01 -3.719946973334448126e-01
-3.680475130045564591e-01 -3.384391055582670060e-01
-3.986446303012992076e-01 -3.017987056497415943e-01
-4.256081775475589191e-01 -2.624074678902344471e-01
-4.486923871340873782e-01 -2.206244359263794252e-01
-4.676868508772116240e-01 -1.768304541544687691e-01
-4.824184378494440484e-01 -1.314246963961529513e-01
-4.927528724349862776e-01 -8.482102750491163357e-02
-4.985959582264509193e-01 -3.744423106656127181e-02
-4.998944366072143874e-01 1.027386242240780310e-02
-4.966364721935866422e-01 5.789831160774576435e-02
-4.888517607120846931e-01 1.049950286852350950e-01
-4.766112583285285753e-01 1.511347360285360542e-01
-4.600265348960730361e-01 1.958968789731746762e-01
-4.392487570171986766e-01 2.388734590923914658e-01
-4.144673101888560196e-01 2.796727530252688387e-01
-3.859080725896499864e-01 3.179228829607265716e-01
-3.538313562431657511e-01 3.532752062331012688e-01
-3.185295343233410792e-01 3.854074931337918564e-01
-2.803243762285456686e-01 4.140268639738188261e-01
-2.395641147146610750e-01 4.388724586265342342e-01
-1.966202718196858601e-01 4.597178142181038707e-01
-1.518842725109597336e-01 4.763729292935679482e-01
-1.057638769209689605e-01 4.886859956439965624e-01
-5.867946369122586242e-02 4.965447820094660569e-01
-1.106019830083609067e-02 4.998776570456657797e-01
3.665987869528870846e-02 4.986542422299892197e-01
8.404580786360792144e-02 4.928856887559949218e-01
1.306656754645330321e-01 4.826245758923962126e-01
1.760945502640870741e-01 4.679644317330183823e-01
2.199183567013524299e-01 4.490388807059970122e-01
2.617376491085215418e-01 4.260204256125078026e-01
3.011712525822519693e-01 3.991188752965150188e-01
3.378597373204754173e-01 3.685794322770289400e-01
3.714686947567410469e-01 3.346804577737408359e-01
4.016917856307506418e-01 2.977309344974026772e-01
4.282535322125021748e-01 2.580676503311349346e-01
4.509118292294500008e-01 2.160521285728720375e-01
4.694601506100564703e-01 1.720673327192019930e-01
4.837294319296875922e-01 1.265141758258700455e-01
4.935896114007162216e-01 7.980786626146114948e-02
4.989508153610007768e-01 3.237412316202276791e-02
4.997641774552364358e-01 -1.535470391796055212e-02
4.960222840424979296e-01 -6.294357578959659805e-02
4.877592417701679395e-01 -1.099587289291214520e-01
4.750503666983270645e-01 -1.559716291499902707e-01
4.580114978081789578e-01 -2.005628776105528865e-01
4.367979411517492472e-01 -2.433260335547969277e-01
4.116030542667344361e-01 -2.838713189426024242e-01
3.826564837592899004e-01 -3.218291712025081464e-01
3.502220721188543107e-01 -3.568536117243217842e-01
3.145954528439965925e-01 -3.886253993884055125e-01
2.761013557992560985e-01 -4.168549403878158421e-01
2.350906473641359851e-01 -4.412849278208222925e-01
1.919371323527291895e-01 -4.616926869944203426e-01
1.470341468538725604e-01 -4.778922050618430450e-01
1.007909730474429583e-01 -4.897358264943114659e-01
5.362910867506385376e-02 -4.971155989331202951e-01
5.978425168287950300e-03 -4.999642571548729153e-01
-4.172675054781263548e-02 -4.982558361812105541e-01
-8.905159486203301222e-02 -4.920059079446555961e-01
-1.355647508116217814e-01 -4.812714393534062718e-01
-1.808422598190254360e-01 -4.661502730487933066e-01
-2.244714259937576617e-01 -4.467802355881976828e-01
-2.660545777770162990e-01 -4.233378811821710275e-01
-3.052126926423717745e-01 -3.960368824363575957e-01
-3.415888518140699492e-01 -3.651260827662979880e-01
-3.748514935138473891e-01 -3.308872282369842432e-01
-4.046974350835332301e-01 -2.936323995010180488e-01
-4.308546364373645465e-01 -2.537011672427668674e-01
-4.530846796556722844e-01 -2.114574970561051703e-01
-4.711849421189118758e-01 -1.672864319671907019e-01
-4.849904433743362220e-01 -1.215905828404510586e-01
-4.943753489014708902e-01 -7.478645865706280704e-02
-4.992541170698563402e-01 -2.730067011473762129e-02
-4.995822788347533683e-01 2.043395884771826224e-02
-4.953568430640357678e-01 6.798233615835645727e-02
-4.866163238017910397e-01 1.149110673936413057e-01
-4.734403892201277109e-01 1.607924060862623017e-01
-4.559491354589256251e-01 2.052081525528985373e-01
-4.343019919723433708e-01 2.477534657048614530e-01
-4.086962683596394585e-01 2.880405530976860029e-01
-3.793653559256703889e-01 3.257022055855696707e-01
-3.465766003634983550e-01 3.603951443629549445e-01
-3.106288649492028875e-01 3.918031498856091033e-01
-2.718498064599121911e-01 4.196399441516779905e-01
-2.305928886445451353e-01 4.436518000712714738e-01
-1.872341604689083394e-01 4.636198541406720275e-01
-1.421688285008337604e-01 4.793621013415801380e-01
-9.580765467741433894e-02 4.907350540822696394e-01
-4.857321228800481894e-02 4.976350500597191973e-01
-8.960342989910769938e-04 4.999991971218051834e-01
4.678931087238393655e-02 4.978059465173172438e-01
9.404818036656210911e-02 4.910752893087303450e-01
1.404498185687394485e-01 4.798685741574694741e-01
1.855712833644383719e-01 4.642879481425185029e-01
2.290013011765090201e-01 4.444754257092066174e-01
2.703440156456305421e-01 4.206115942345261538e-01
3.092225957858013574e-01 3.929139680075084406e-01
3.452826707271671736e-01 3.616350056278139213e-01
3.781955597391583046e-01 3.270598088935707803e-01
4.076612680928893839e-01 2.895035241526632275e-01
4.334112214561048892e-01 2.493084698036579228e-01
4.552107138971805966e-01 2.068410161286523552e-01
4.728610471850885344e-01 1.624882458977746635e-01
4.862013418860143266e-01 1.166544261832919011e-01
4.951100037488245786e-01 6.975732354206928831e-02
4.995058320135588592e-01 2.222439615279289335e-02
4.993487595409263902e-01 -2.551110238409891318e-02
4.946402180166666329e-01 -7.301407207065196969e-02
4.854231249020057870e-01 -1.198515323651953707e-01
4.717814922491535001e-01 -1.655965687176991497e-01
4.538396609474116827e-01 -2.098322238147709295e-01
4.317611673795971883e-01 -2.521552980663329668e-01
4.057472528189892125e-01 -2.921800246932650391e-01
3.760350291533657296e-01 -3.295415859182890261e-01
3.428953176552045345e-01 -3.638994382106820469e-01
3.066301804972492162e-01 -3.949404162758452519e-01
2.675701675132056145e-01 -4.223815874974530815e-01
2.260713032988221072e-01 -4.459728308144851328e-01
1.825118421153551218e-01 -4.654991165271669673e-01
1.372888201738575731e-01 -4.807824662518210834e-01
9.081443672556425983e-02 -4.916835751600125981e-01
4.351229694404730453e-02 -4.981030817155885915e-01
-4.186449155442923363e-03 -4.999824733361981632e-01
-5.184703656643510628e-02 -4.973046197243615740e-01
-9.903504809165221412e-02 -4.900939290068764831e-01
-1.453203739732122357e-01 -4.784161252593800429e-01
-1.902811322613370271e-01 -4.623776494438897600e-01
-2.335075141881541860e-01 -4.421246892196611933e-01
-2.746055194967398361e-01 -4.178418464704541369e-01
-3.132005476785884590e-01 -3.897504546934424385e-01
-3.489408123860622268e-01 -3.581065615864469920e-01
-3.815005478980996179e-01 -3.231985952218272562e-01
-4.105829784128574023e-01 -2.853447350794119375e-01
-4.359230231027477753e-01 -2.448900119010040677e-01
-4.572897122758084465e-01 -2.022031628007359694e-01
-4.744882926205536977e-01 -1.576732702963452859e-01
-4.873620023453992811e-01 -1.117062158959634399e-01
-4.957935000326029740e-01 -6.472098056529891619e-02
-4.997059341829894197e-01 -1.714582579575418819e-02
-4.990636437027602401e-01 3.058560991768577084e-02
-4.938724829475878986e-01 7.803826360893049985e-02
-4.841797683612759085e-01 1.247796133570447386e-01
-4.700738471953652686e-01 1.703836206413652521e-01
-4.516832922407253981e-01 2.144346136016563042e-01
-4.291757299109980606e-01 2.565310758081253972e-01
-4.027563123596911154e-01 2.962893060073802376e-01
-3.726658475572846574e-01 3.333469154864384110e-01
-3.391786043723409305e-01 3.673661311769813587e-01
-3.025998126628867690e-01 3.980368743926846475e-01
-2.632628811642609423e-01 4.250795871375196433e-01
-2.215263585318492656e-01 4.482477802237624376e-01
-1.777706652382260999e-01 4.673302799740996494e-01
-1.323946261128383095e-01 4.821531530295675161e-01
-8.581183512947386516e-02 4.925812917190661722e-01
-3.844688557578631455e-02 4.985196455401072479e-01
9.268500033836403126e-03 4.999140875260813521e-01
5.689940502695013669e-02 4.967519076032731462e-01
1.040116827558763141e-01 4.890619284407676792e-01
1.501759137618942641e-01 4.769142427372993764e-01
1.949713198520046931e-01 4.604195743396221618e-01
2.379895994121981329e-01 4.397282690156876783e-01
2.788386489990766770e-01 4.150289240815406289e-01
3.171461372882288798e-01 3.865466693726222758e-01
3.525628988034975042e-01 3.545411152281019995e-01
3.847661164939423784e-01 3.193039861919694244e-01
4.134622641499147710e-01 2.811564619992532044e-01
4.383897818386791045e-01 2.404462500837696859e-01
4.593214599734957160e-01 1.975444162909388846e-01
4.760665102858268050e-01 1.528420026831174838e-01
4.884723048241489951e-01 1.067464632655103635e-01
4.964257671287270468e-01 5.967795012034197988e-02
4.998544029020567381e-01 1.206548380046861511e-02
4.987269607806102401e-01 -3.565695711143382352e-02
4.930537171850759015e-01 -8.305439163518162082e-02
4.828863826527365899e-01 -1.296948011620578933e-01
4.683176305057489830e-01 -1.751530672223342855e-01
4.494802521514230098e-01 -2.190148463593369066e-01
4.265459467137783234e-01 -2.608803467913161089e-01
3.997237560286570623e-01 -3.003679724375641902e-01
3.692581592671149715e-01 -3.371178010941762726e-01
3.354268445542350485e-01 -3.707948650565425219e-01
2.985381778946373243e-01 -4.010922042863216408e-01
2.589283924749453125e-01 -4.277336642938583955e-01
2.169585239621846795e-01 -4.504764132338789917e-01
1.730111197322863059e-01 -4.691131552716155118e-01
1.274867520234501950e-01 -4.834740200449468284e-01
8.080036679631553975e-02 -4.934281110004689608e-01
3.337750158038176040e-02 -4.988846984907052695e-01
-1.434959321970761745e-02 -4.997940467576011403e-01
-6.194589420446243444e-02 -4.961478672645079357e-01
-1.089775701351644449e-01 -4.879793942446192245e-01
-1.550159362231670335e-01 -4.753630817772507289e-01
-1.996413615102804462e-01 -4.584139251530560677e-01
-2.424470937252128921e-01 -4.372864127138048063e-01
-2.830429667532279314e-01 -4.121731177205049668e-01
-3.210589569261370069e-01 -3.833029430847237906e-01
-3.561485557177187511e-01 -3.509390349620472582e-01
-3.879919281030885236e-01 -3.153763842248779037e-01
-4.162988277941715443e-01 -2.769391376766899837e-01
-4.408112427794633192e-01 -2.359776435155138408e-01
-4.613057470544840166e-01 -1.928652579766877428e-01
-4.775955371073515310e-01 -1.479949422617217736e-01
-4.895321345972939442e-01 -1.017756807716209133e-01
-4.970067397065102144e-01 -5.462875329178931705e-02
-4.999512228298342298e-01 -6.983895106842620201e-03
-4.983387455631391183e-01 4.072461995484854408e-02
-4.921840053302904416e-01 8.806193784457880258e-02
-4.815431014189213155e-01 1.345965879053263314e-01
-4.665130236460854340e-01 1.799044156447989762e-01
-4.472307683145063106e-01 2.235724488230290963e-01
-4.238720895173110903e-01 2.652026616158635330e-01
-3.966498971728702472e-01 3.044156025447135594e-01
-3.658123163913514775e-01 3.408538531046749198e-01
-3.316404258614916167e-01 3.741852855662793353e-01
-2.944456958717625028e-01 4.041060902566341317e-01
-2.545671493178803813e-01 4.303435447268581515e-01
-2.123682715735362714e-01 4.526584995653765708e-01
-1.682336973902881505e-01 4.708475581993625814e-01
-1.225657050248927793e-01 4.847449308158467418e-01
-7.578054954944077326e-02 4.942239455043570540e-01
-2.830466876547558033e-02 4.991982028473114785e-01
1.942920369553123930e-02 4.996223634342905617e-01
6.698598265699823306e-02 4.954925611221476234e-01
1.139321971159390212e-01 4.868464382741683472e-01
1.598399412487817861e-01 4.737628026570835926e-01
2.042907746916358958e-01 4.563609091232508352e-01
2.468795365446921908e-01 4.347993726253370217e-01
2.872180383368317380e-01 4.092747224711671405e-01
3.249386022897723936e-01 3.800196109964296687e-01
3.596974126311479614e-01 3.473006929828477696e-01
3.911776494099372670e-01 3.114161951505167725e-01
4.190923762501128080e-01 2.726931978780225418e-01
4.431871557211810586e-01 2.314846539269461434e-01
4.632423684870108360e-01 1.881661713445136330e-01
4.790752150943474175e-01 1.431325898676228392e-01
4.905413821550916320e-01 9.679438203367321525e-02
4.975363577354084965e-01 4.957391180138964043e-02
4.999963839621433537e-01 1.901584783600971437e-03
4.978990381637199980e-01 -4.578807481813075564e-02
4.912634372485311096e-01 -9.306038481903457227e-02
4.801500634579506932e-01 -1.394844670966417788e-01
4.646602130821978482e-01 -1.846371749629923398e-01
4.449350731639006296e-01 -2.281069500662845639e-01
4.211544346050324905e-01 -2.694975736670431887e-01
3.935350534070064521e-01 -3.084317780966360778e-01
3.623286749809123686e-01 -3.445546854803810399e-01
3.278197395359346844e-01 -3.775370423819361942e-01
2.903227894608974569e-01 -4.070782208858038653e-01
2.501796023301635086e-01 -4.329089587636517078e-01
2.077560756659921071e-01 -4.547938137483560905e-01
1.634388918521551270e-01 -4.725333095455253596e-01
1.176319935974907971e-01 -4.859657540220170269e-01
7.075290207487401617e-02 -4.949687129990045786e-01
2.322891129506740593e-02 -4.994601262162511324e-01
-2.450680659698774300e-02 -4.993990552957879858e-01
-7.201914960395666698e-02 -4.947860568874495324e-01
-1.188750517481340363e-01 -4.856631775951167906e-01
-1.646474303855350041e-01 -4.721135707299122242e-01
-2.089190789830362716e-01 -4.542607383835711721e-01
-2.512864698766434368e-01 -4.322674057303443895e-01
-2.913634323494657119e-01 -4.063340378179579604e-01
-3.287846725044160645e-01 -3.766970123667974790e-01
-3.632091028486660877e-01 -3.436264652319060420e-01
-3.943229512413261029e-01 -3.074238281659993910e-01
-4.218426208668831223e-01 -2.684190813263210851e-01
-4.455172751662819230e-01 -2.269677455682160838e-01
-4.651311241644942029e-01 -1.834476419400935809e-01
-4.805053913551346478e-01 -1.382554479163687622e-01
-4.914999432143429825e-01 -9.180308175766412060e-02
-4.980145664912249970e-01 -4.451394795414113925e-02
-4.999898816325901163e-01 3.180922025967691195e-03
-4.974078840162952098e-01 5.084679850628262554e-02
-4.902921080599540460e-01 9.804921608066487215e-02
-4.787074127091930364e-01 1.443579336828318127e-01
-4.627593902606866316e-01 1.893508561519171851e-01
-4.425934039084392646e-01 2.326178815496512675e-01
-4.183932627858953923e-01 2.737646391615962127e-01
-3.903795465806176868e-01 3.124160841112659237e-01
-3.588075949923513752e-01 3.482199158229048463e-01
-3.239651803601839020e-01 3.808497891742880226e-01
-2.861698846723594314e-01 4.100082890704949690e-01
-2.457662048668063925e-01 4.354296413259815535e-01
-2.031224128070133750e-01 4.568821351457760804e-01
-1.586271985539762508e-01 4.741702351253432313e-01
-1.126861275301553333e-01 4.871363635186388152e-01
-6.571794386771935559e-02 4.956623365293202355e-01
-1.815075363535521152e-02 4.996704415335916361e-01
2.958187726719498437e-02 4.991241454160019742e-01
7.704487497991917289e-02 4.940284275618502252e-01
1.238056232980919852e-01 4.844297344710341013e-01
1.694379068867704341e-01 4.704155564070301998e-01
2.135257961525779680e-01 4.521136299397678360e-01
2.556674383629086722e-01 4.296907736510686138e-01
2.954787204572206227e-01 4.033513676149731997e-01
3.325967701645894392e-01 3.733354905122051592e-01
3.666832635155010123e-01 3.399167313586183292e-01
3.974275086005416568e-01 3.033996957933079996e-01
4.245492774681111081e-01 2.641172296560945210e-01
4.478013603489499062e-01 2.224273851609445962e-01
4.669718189262085928e-01 1.787101573180816527e-01
4.818859181129308000e-01 1.333640203516785749e-01
4.924077187291661106e-01 8.680229568302645637e-02
4.984413165617624930e-01 3.944938458432351025e-02
4.999317165130446883e-01 -8.263100158271838996e-03
4.968653338706784939e-01 -5.590026831316714101e-02
4.892701181297421376e-01 -1.030279161451543718e-01
4.772152982383903175e-01 -1.492164840999442577e-01
4.608107515891469719e-01 -1.940449721578742237e-01
4.402060025073525895e-01 -2.371047771690847072e-01
4.155888593653531693e-01 -2.780034171935829024e-01
3.871837027448752910e-01 -3.163681088995420887e-01
3.552494402506632953e-01 -3.518491654125313062e-01
3.200771466168619850e-01 -3.841231836449242043e-01
2.819874106161283089e-01 -4.128959920535864581e-01
2.413274129538902357e-01 -4.379053319575895720e-01
1.984677617821917761e-01 -4.589232479762507255e-01
1.537991146768138973e-01 -4.757581657991088453e-01
1.077286178677084316e-01 -4.882566383493595619e-01
6.067619517848214794e-02 -4.963047444248006590e-01
1.307072050054312873e-02 -4.998291270679417475e-01
-3.465389131092033032e-02 -4.987976622007312399e-01
-8.206263948838753153e-02 -4.932197514294239804e-01
-1.287234023013379136e-01 -4.831462363507261215e-01
-1.742108757637082506e-01 -4.686689351403029447e-01
-2.181104501989049316e-01 -4.499198056475560703e-01
-2.600219893282174621e-01 -4.270697426249017714e-01
-2.995634774369607678e-01 -4.003270200545785973e-01
-3.363745013751198720e-01 -3.699353927708768919e-01
-3.701195356547226090e-01 -3.361718746811457326e-01
-4.004910007009024331e-01 -2.993442138366685379e-01
-4.272120663812739028e-01 -2.597880873676569613e-01
-4.500391752599828266e-01 -2.178640418499980802e-01
-4.687642625774509630e-01 -1.739542069917302258e-01
-4.832166527211209650e-01 -1.284588125933704139e-01
-4.932646149012307468e-01 -8.179254052933855601e-02
-4.988165638519299061e-01 -3.438074500147451223e-02
-4.998218946135734586e-01 1.334442448368132993e-02
-4.962714437873126383e-01 6.094796207551856498e-02
-4.881975730577343686e-01 1.079959705750205834e-01
-4.756738742222554328e-01 1.540596163252798689e-01
-4.588144984158741835e-01 1.987190379487890624e-01
-4.377731156452669414e-01 2.415671733041105107e-01
-4.127415141158794487e-01 2.822134697799411063e-01
-3.839478521188794957e-01 3.202874441079472945e-01
-3.516545784116903439e-01 3.554420592473528373e-01
-3.161560400474400789e-01 3.873568875616177354e-01
-2.777757994575071332e-01 4.157410314554542685e-01
-2.368636852414452987e-01 4.403357748511285696e-01
-1.937926035457767093e-01 4.609169413363449208e-01
-1.489551390953301468e-01 4.772969374896438577e-01
-1.027599768580771400e-01 4.893264627587900484e-01
-5.562817695931188133e-02 4.968958703069341620e-01
-7.989336798623233177e-03 4.999361664226945057e-01
3.972232464876569030e-02 4.984196393847255546e-01
8.707192465544176530e-02 4.923601120487918203e-01
1.336278806152212117e-01 4.818128158550640805e-01
1.789658438365909765e-01 4.668738874040382902e-01
2.226725674003926236e-01 4.476794921896906088e-01
2.643496728269608131e-01 4.244045834768757075e-01
3.036172812202613813e-01 3.972613076355639983e-01
3.401174757918400404e-01 3.664970704669936463e-01
3.735175642043339628e-01 3.323922821468071609e-01
4.035131109989050224e-01 2.952578013395864565e-01
4.298307124665950441e-01 2.554321017811985173e-01
4.522304886711780436e-01 2.132781871550130104e-01
4.705082699091940324e-01 1.691802823823101432e-01
4.844974576779978448e-01 1.235403314851379331e-01
4.940705431894518163e-01 7.677433394293287083e-02
4.991402695882991569e-01 2.930855293631748348e-02
4.996604272818178649e-01 -1.842436996078795561e-02
4.956262751314776116e-01 -6.598935822689649955e-02
4.870745836675158258e-01 -1.129528660327699940e-01
4.740832999325427788e-01 -1.588868299292656161e-01
4.567708370090601266e-01 -2.033725705643295301e-01
4.352949947067162317e-01 -2.460046088657290575e-01
4.098515212470278946e-01 -2.863943619057424672e-01
3.806723290555394934e-01 -3.241736847607025740e-01
3.480233809241343734e-01 -3.589982260820172577e-01
3.122022658107281856e-01 -3.905505667932741565e-01
2.735354863724685504e-01 -4.185431133048032049e-01
2.323754829560605029e-01 -4.427207188745946875e-01
1.890974211709808561e-01 -4.628630092223668946e-01
1.440957723262406842e-01 -4.787863911992533139e-01
9.778071789936557123e-02 -4.903457262044656484e-01
5.057441081017484408e-02 -4.974356530960600820e-01
2.907127577139440207e-03 -4.999915485377230961e-01
-4.478665357131812741e-02 -4.979901160282025896e-01
-9.207221288331168818e-02 -4.914495982444893607e-01
-1.385185514714198096e-01 -4.804296107632828883e-01
-1.837023197856415546e-01 -4.650305986763383914e-01
-2.272116763640953385e-01 -4.453929210525436333e-01
-2.686500416896814847e-01 -4.216955715916780867e-01
-3.076397129370184724e-01 -3.941545471308538495e-01
-3.438253066619207376e-01 -3.630208788743916060e-01
-3.768769980539591335e-01 -3.285783442920966468e-01
-4.064935272269308286e-01 -2.911408805415479639e-01
-4.324049451454736182e-01 -2.510497229905648831e-01
-4.543750741592245124e-01 -2.086702949216743541e-01
-4.722036607172219735e-01 -1.643888767683324703e-01
-4.857282006409684438e-01 -1.186090852421785719e-01
-4.948254203191365108e-01 -7.174819444340825580e-02
-4.994124003231105724e-01 -2.423333248664502268e-02
-4.994473312018214983e-01 2.350241169065711913e-02
-4.949298945669477479e-01 7.102393585157837363e-02
-4.859012659949645263e-01 1.178980903339398589e-01
-4.724437397195890287e-01 1.636976261271626820e-01
-4.546799785354782020e-01 2.080050891658089263e-01
-4.327718957501656138e-01 2.504166253440588963e-01
-4.069191793750313035e-01 2.905456615691414113e-01
-3.773574720070251298e-01 3.280264293016130761e-01
-3.443562229911749095e-01 3.625172984660885445e-01
-3.082162324410099852e-01 3.937038913444571575e-01
-2.692669095026880011e-01 4.213019480690423091e-01
-2.278632698532249978e-01 4.450599175972771993e-01
-1.843826998000637485e-01 4.647612505516550696e-01
-1.392215164765961966e-01 4.802263730261547292e-01
-9.279135548680501888e-02 4.913143233682689126e-01
-4.551541892495673119e-02 4.979240370176801767e-01
2.175382031066159638e-03 4.999952676905226601e-01
4.984635479326522678e-02 4.975091365128106458e-01
9.706298750386077590e-02 4.904883040977877084e-01
1.433949095283048869e-01 4.789967639987431913e-01
1.884198142018317645e-01 4.631392594199347235e-01
2.317273080744558511e-01 4.430603285021855187e-01
2.729226515692810273e-01 4.189429868851979322e-01
3.116303569587314248e-01 3.910070595547757155e-01
3.474976108638340166e-01 3.595071771798522553e-01
3.801974900811228020e-01 3.247304552023305702e-01
4.094319414255126466e-01 2.869938768343913704e-01
4.349344984284423399e-01 2.466414038167505096e-01
4.564727101290987354e-01 2.040408412727555965e-01
4.738502598207515182e-01 1.595804852345809877e-01
4.869087544402289081e-01 1.136655833986825181e-01
4.955291682905891282e-01 6.671464137005406192e-02
4.996329279377293431e-01 1.915560806316675413e-02
4.991826283923061491e-01 -2.857802497106293194e-02
4.941823740491052552e-01 -7.605117473838311770e-02
4.846777412762632298e-01 -1.228311325000199516e-01
4.707553629953326046e-01 -1.684915078306037373e-01
4.525421390386649700e-01 -2.126161150858686955e-01
4.302040794815538693e-01 -2.548027668557125147e-01
4.039447914919455096e-01 -2.946669398260116091e-01
3.740036234897946565e-01 -3.318452796355577661e-01
3.406534835317001630e-01 -3.659989127820125199e-01
3.041983518058300473e-01 -3.968165353894844150e-01
2.649705099102717676e-01 -4.240172506842003197e-01
2.233275121694096588e-01 -4.473531293152195332e-01
1.796489265942041447e-01 -4.666114691833534445e-01
1.343328751919015129e-01 -4.816167341803794799e-01
8.779240515959341185e-02 -4.922321541673106426e-01
4.045172403750675605e-02 -4.983609716082215702e-01
-7.257666862112824996e-03 -4.999473234968017654e-01
-5.490090550746366815e-02 -4.969767505370423222e-01
-1.020437328319707820e-01 -4.894763289369715720e-01
-1.482564509231552030e-01 -4.775144236141636855e-01
-1.931178396374504669e-01 -4.612000650625071585e-01
-2.362189959417662355e-01 -4.406819555599714722e-01
-2.771670609869310020e-01 -4.161471137756016514e-01
-3.155888009414471451e-01 -3.878191701298896454e-01
-3.511340089469389691e-01 -3.559563284459872912e-01
-3.834786971871166905e-01 -3.208490124709257874e-01
-4.123280499751543760e-01 -2.828172187183503050e-01
-4.374191109426514568e-01 -2.422075997611076725e-01
-4.585231798369607259e-01 -1.993903045589193179e-01
-4.754478970805314231e-01 -1.547556046209531411e-01
-4.880389970919039588e-01 -1.087103367551809779e-01
-4.961817143871701807e-01 -6.167419482818542464e-02
-4.998018296455497556e-01 -1.407590433532061522e-02
-4.988663462043956831e-01 3.365068535070684513e-02
-4.933837908175033315e-01 8.107055543442548418e-02
-4.834041359353706824e-01 1.277514828112527590e-01
-4.690183442158075700e-01 1.732679796989575749e-01
-4.503575394165958423e-01 2.172051718779397789e-01
-4.275918112273549565e-01 2.591625801909027693e-01
-4.009286649343426490e-01 2.987577708342690208e-01
-3.706111300492038185e-01 3.356298411696255757e-01
-3.369155451411544044e-01 3.694427092826906289e-01
-3.001490390634361516e-01 3.998881773060960487e-01
-2.606467315321830402e-01 4.266887405843817760e-01
-2.187686785738917894e-01 4.496001170761957377e-01
-1.748965906831619899e-01 4.684134739386796586e-01
-1.294303536040745939e-01 4.829573309991471719e-01
-8.278438344762520384e-02 4.930991237642712299e-01
-3.538384936762404426e-02 4.987464117202495828e-01
1.233920177534576258e-02 4.998477209105215979e-01
5.994978343896027045e-02 4.963930131111004007e-01
1.070139342188272391e-01 4.884137773270772476e-01
1.531026733242210891e-01 4.759827427763237973e-01
1.977959106564709801e-01 4.592132159764921728e-01
2.406862758503800770e-01 4.382580479776381210e-01
2.813828313776914891e-01 4.133082411539462098e-01
3.195146358683682020e-01 3.845912082533853860e-01
3.547341251706908061e-01 3.523686995737268512e-01
3.867202803324523153e-01 3.169344171583202141e-01
4.151815536277044250e-01 2.786113377577807415e-01
4.398585259588761454e-01 2.377487689582832575e-01
4.605262714125509804e-01 1.947191653092931463e-01
4.769964074164246282e-01 1.499147334711257440e-01
4.891188118106528093e-01 1.037438573257689484e-01
4.967829911828112177e-01 5.662737563540437558e-02
4.999190879943517518e-01 8.994746177062230841e-03
4.984985173187919116e-01 -3.871986868340602378e-02
4.925342273878875465e-01 -8.608155929878828772e-02
4.820805815709605091e-01 -1.326586328593000186e-01
4.672328628631186587e-01 -1.780265481905104752e-01
4.481264053988618379e-01 -2.217717853654717908e-01
4.249353609071633286e-01 -2.634956148602717874e-01
3.978711113515549513e-01 -3.028177318978732546e-01
3.671803422236982195e-01 -3.393797228538875110e-01
3.331427940520054753e-01 -3.728483321286507612e-01
2.960687126198830454e-01 -4.029184997086864284e-01
2.562960211343714989e-01 -4.293161417307569394e-01
2.141872401203292753e-01 -4.518006487041933417e-01
1.701261831147388437e-01 -4.701670786206790797e-01
1.245144582792531429e-01 -4.842480249617106547e-01
7.776780781812024645e-02 -4.939151425772015380e-01
3.031231856699518820e-02 -4.990803175271353864e-01
-1.741946170759726270e-02 -4.996964702233854250e-01
-6.499246689895724072e-02 -4.957579845512133931e-01
-1.119730781050964213e-01 -4.873007590590878180e-01
-1.579330759826286790e-01 -4.744018797502370099e-01
-2.024535438847103463e-01 -4.571789174583783533e-01
-2.451286862066690553e-01 -4.357888562119107134e-01
-2.855695271358267839e-01 -4.104266623543276205e-01
-3.234074560921151309e-01 -3.813235074630457744e-01
-3.582975875434651347e-01 -3.487446612644066746e-01
-3.899219045718935184e-01 -3.129870737505303646e-01
-4.179921575372768094e-01 -2.743766685365669478e-01
-4.422524914180449573e-01 -2.332653721288797111e-01
-4.624817778810827451e-01 -1.900279061818168636e-01
-4.784956308244648904e-01 -1.450583719810404904e-01
-4.901480870217357899e-01 -9.876665828519916313e-02
-4.973329365489816967e-01 -5.157470526778427239e-02
-4.999846908681037094e-01 -3.912658612630258437e-03
-4.980791797423977374e-01 4.378505118225266279e-02
-4.916337715436688849e-01 9.108366855611275958e-02
-4.807072149428232022e-01 1.375520755997760303e-01
-4.653991034268964433e-01 1.827667216134628569e-01
-4.458489675233452409e-01 2.263154836909287704e-01
-4.222350030058047432e-01 2.678014231414389545e-01
-3.947724466734744420e-01 3.068464035105035737e-01
-3.637116145085949048e-01 3.430945372218029976e-01
-3.293356200938378775e-01 3.762154294248166164e-01
-2.919577940857999154e-01 4.059071894810998837e-01
-2.519188282656103506e-01 4.318991826400853662e-01
-2.095836701980879069e-01 4.539544968234051625e-01
-1.653381968040389394e-01 4.718721020334648575e-01
-1.195856971654523926e-01 4.854886827036696273e-01
-7.274319662215505966e-02 4.946801262887787765e-01
-2.523765566508648014e-02 4.993626545271704353e-01
2.249792172744029262e-02 4.994935870637756126e-01
7.002843483871698527e-02 4.950717304734043034e-01
1.169206520739903971e-01 4.861373891385893931e-01
1.627471597841212703e-01 4.727719978827986669e-01
2.070902580597746290e-01 4.550973797074942540e-01
2.495457679867172929e-01 4.332746353986241528e-01
2.897267156598149485e-01 4.075026751235725220e-01
3.272668593766404621e-01 3.780164054027831955e-01
3.618240278609942684e-01 3.450845879814650186e-01
3.930832390890639516e-01 3.090073901173573945e-01
4.207595712907151730e-01 2.701136486132169612e-01
4.446007599572821545e-01 2.287578725318495099e-01
4.643894971846269093e-01 1.853170119133701332e-01
4.799454123933892258e-01 1.401870219472196588e-01
4.911267163725427376e-01 9.377925391585650861e-02
4.978314936611082375e-01 4.651670580598644966e-02
4.999986314882137739e-01 -1.169833237703591733e-03
4.976083768043881861e-01 -4.884570947373616245e-02
4.906825163268527246e-01 -9.607636635009941806e-02
4.792841779577340366e-01 -1.424313054046394689e-01
4.635172553852326405e-01 -1.874880101767351648e-01
4.435254611123977120e-01 -2.308357973645454586e-01
4.194910165449716732e-01 -2.720795601252632978e-01
3.916329910779047241e-01 -3.108433693989052227e-01
3.602053053194492760e-01 -3.467739004302554107e-01
3.254944166530689964e-01 -3.795436532568666754e-01
2.878167082328239035e-01 -4.088539378089831033e-01
2.475156052110436267e-01 -4.344375964127655809e-01
2.049584444833253971e-01 -4.560614388817210707e-01
1.605331264825358706e-01 -4.735283680009384488e-01
1.146445795400785062e-01 -4.866791760307487835e-01
6.771106904110163471e-02 -4.953939958550174771e-01
2.016038501499614610e-02 -4.995933935471293941e-01
-2.757405708942917838e-02 -4.992390923951354753e-01
-7.505716690340137609e-02 -4.943343217867080530e-01
-1.218561449042141059e-01 -4.849237877738859503e-01
-1.675444273006319318e-01 -4.710932655859059182e-01
-2.117055740807872732e-01 -4.529688178042876046e-01
-2.539370647837521089e-01 -4.307156453263591422e-01
-2.938539673970481658e-01 -4.045365815904712892e-01
-3.310924469387915847e-01 -3.746702437877512115e-01
-3.653130817444133482e-01 -3.413888579117498878e-01
-3.962039572306309543e-01 -3.049957774702424240e-01
-4.234835089376019490e-01 -2.658227184756510875e-01
-4.469030889354690950e-01 -2.242267359166282559e-01
-4.662492322029908598e-01 -1.805869692696862316e-01
-4.813456023206446610e-01 -1.353011867149170044e-01
-4.920545987435816504e-01 -8.878215955461889186e-02
-4.982786110044447603e-01 -4.145389988131530090e-02
-4.999609084142296878e-01 6.252204211893369959e-03
-4.970861571517340982e-01 5.390132065182129395e-02
-4.896805600284248605e-01 1.010591367969128906e-01
-4.778116176547900218e-01 1.472958181144379264e-01
-4.615875131851022162e-01 1.921899260405754428e-01
-4.411561262485248491e-01 2.353322593128369944e-01
-4.167036850543942017e-01 2.763295837618131578e-01
-3.884530689574807183e-01 3.148082165659011888e-01
-3.566617769550236572e-01 3.504174322992129054e-01
-3.216195806323043915e-01 3.828326597271830556e-01
-2.836458829497118250e-01 4.117584402116934994e-01
-2.430868069454548419e-01 4.369311207604140712e-01
-2.003120408898431959e-01 4.581212571737248163e-01
-1.557114686469555365e-01 4.751357053849947221e-01
-1.096916159573083638e-01 4.878193819320452707e-01
-6.267194503298358088e-02 4.960566775134379047e-01
-1.508103123927597745e-02 4.997725107452871685e-01
3.264734328831887106e-02 4.989330125138070615e-01
8.007814348583779107e-02 4.935458346858471734e-01
1.267790466227879664e-01 4.836600803635802692e-01
1.723243828416808898e-01 4.693658563190570288e-01
2.162990150578928128e-01 4.507934516881021425e-01
2.583021228553026849e-01 4.281121504095999897e-01
2.979508558882165703e-01 4.015286882345606712e-01
3.348838234895153976e-01 3.712853683690361950e-01
3.687643886779106706e-01 3.376578529264418482e-01
3.992837365400570548e-01 3.009526503197770264e-01
4.261636890198040040e-01 2.615043214956865869e-01
4.491592404583144016e-01 2.196724304750090617e-01
4.680607907740866880e-01 1.758382669950548927e-01
4.826960559278671292e-01 1.304013711261076125e-01
4.929316382589286061e-01 8.377589153960815493e-02
4.986742423793982804e-01 3.638681062171545549e-02
4.998715255439890037e-01 -1.133392916038352544e-02
4.965125747441759829e-01 -5.895136233197994374e-02
4.886280061781959616e-01 -1.060314650384882734e-01
4.762896861902177759e-01 -1.521451110904030180e-01
4.596100762222724012e-01 -1.968719833669688724e-01
4.387412077495799201e-01 -2.398044049268631683e-01
4.138732965425436228e-01 -2.805510549060451497e-01
3.852330088861491975e-01 -3.187405353330684532e-01
3.530813955598511855e-01 -3.540247563510139917e-01
3.177115124093256027e-01 -3.860821089903879733e-01
2.794457491981262587e-01 -4.146203965737632058e-01
2.386328910862539621e-01 -4.393794980329678301e-01
1.956449395197028818e-01 -4.601337388631902003e-01
1.508737215079721528e-01 -4.766939481032054227e-01
1.047273181953333049e-01 -4.889091825927387447e-01
5.762634527874834628e-02 -4.966681027906875712e-01
1.000011917572163345e-02 -4.998999876138804921e-01
-3.771725611326225830e-02 -4.985753790463112733e-01
-8.509084578020988110e-02 -4.927063506433572160e-01
-1.316888485577428214e-01 -4.823463974836157409e-01
-1.770865325055944461e-01 -4.675899485714287707e-01
-2.208701063615330917e-01 -4.485715061344527355e-01
-2.626404911700846445e-01 -4.254644196614130736e-01
-3.020169578113740538e-01 -3.984793058544559008e-01
-3.386405972747029702e-01 -3.678621288979318504e-01
-3.721775920459786113e-01 -3.338919585415966451e-01
-4.023222587909189851e-01 -2.968784264328733213e-01
-4.287998346005555961e-01 -2.571589038832259311e-01
-4.513689814029356873e-01 -2.150954267927663865e-01
-4.698239857137860853e-01 -1.710713957618225922e-01
-4.839966336758304566e-01 -1.254880814673248468e-01
-4.937577442961327834e-01 -7.876096715683884864e-02
-4.990183469062996480e-01 -3.131596159771904420e-02
-4.997304921132152411e-01 1.641448300037022176e-02
-4.958876888486480894e-01 6.399531270516659043e-02
-4.875249635341041277e-01 1.109928372957286469e-01
-4.747185408216508806e-01 1.569786832663853660e-01
-4.575851488206991724e-01 2.015336983698361173e-01
-4.362809551434673749e-01 2.442517721102331063e-01
-4.110001434668729137e-01 2.847435373631775346e-01
-3.819731435852178336e-01 3.226399193830668533e-01
-3.494645310864027410e-01 3.575954998492653636e-01
-3.137706157957202979e-01 3.892916652884565454e-01
-2.752167409681057775e-01 4.174395111759064414e-01
-2.341543178461935604e-01 4.417824752453052839e-01
-1.909576226136193711e-01 4.620986760050708742e-01
-1.460203849387304298e-01 4.782029351459795019e-01
-9.975219920347919156e-02 4.899484654062651878e-01
-5.257479112846726726e-02 4.972282085096165205e-01
-4.918173823143114076e-03 4.999758109810213402e-01
4.278327170197503138e-02 4.981662289460814241e-01
9.009475583566421697e-02 4.918159564011690410e-01
1.365850433906797001e-01 4.809828748737846049e-01
1.818303842305388773e-01 4.657657258434321212e-01
2.254183756714897013e-01 4.463032107317980723e-01
2.669517214546038852e-01 4.227727266656497451e-01
3.060518530256785552e-01 3.953887495357360504e-01
3.423623801156683855e-01 3.644008790898001227e-01
3.755523391702624836e-01 3.300915638783103456e-01
4.053192100197889336e-01 2.927735267895967275e-01
4.313916732930732079e-01 2.527869146401506839e-01
4.535320834419475089e-01 2.104961978010309320e-01
4.715386348352623158e-01 1.662868481196919934e-01
4.852472011788648287e-01 1.205618254173461967e-01
4.945328314955813598e-01 7.373790458676789117e-02
4.993108890296297231e-01 2.624187676834595015e-02
4.995378226945647593e-01 -2.149334077005756599e-02
4.952115640331548607e-01 -6.903265059173632756e-02
4.863715460709769345e-01 -1.159427409215934845e-01
4.730983438918814343e-01 -1.617960352006291014e-01
4.555129402114151405e-01 -2.061745893650228645e-01
4.337756226423591377e-01 -2.486739013268534360e-01
4.080845227035979628e-01 -2.889065979337622769e-01
3.786738098889760873e-01 -3.265059658016243871e-01
3.458115572568607465e-01 -3.611292938373579231e-01
3.097972979951572059e-01 -3.924609969854121472e-01
2.709592952332214866e-01 -4.202154927255773997e-01
2.296515499858161335e-01 -4.441398041033881583e-01
1.862505745011320824e-01 -4.640158655669890386e-01
1.411519604231950276e-01 -4.796625105932008637e-01
9.476677304920468059e-02 -4.909371229859524899e-01
4.751780454746590276e-02 -4.977369367958063839e-01
-1.642797128819444247e-04 -4.999999730120588959e-01
-4.784486659486505283e-02 -4.977056044896452369e-01
-9.508935660982886784e-02 -4.908747439616469310e-01
-1.414671252091899145e-01 -4.795696534237033903e-01
-1.865554478453642917e-01 -4.638933766277539283e-01
-2.299433530256882741e-01 -4.439887998578199158e-01
-2.712353682394766374e-01 -4.200373495486788844e-01
-3.100551246148057771e-01 -3.922573386183880739e-01
-3.460487874492594873e-01 -3.609019765875225993e-01
-3.788882813460024424e-01 -3.262570616225126119e-01
-4.082742805586772050e-01 -2.886383755396673689e-01
-4.339389372887019203e-01 -2.483888055139270024e-01
-4.556483230670548834e-01 -2.058752187274228151e-01
-4.732045609678158793e-01 -1.614851184448275745e-01
-4.864476292187433493e-01 -1.156231119947358499e-01
-4.952568197693196228e-01 -6.870722285075166191e-02
-4.995518385216925483e-01 -2.116508042696366859e-02
-4.992935371961197966e-01 2.656997768290128570e-02
-4.944842701600987156e-01 7.406285549529771639e-02
-4.851678729687544100e-01 1.208806644540698361e-01
-4.714292628120844153e-01 1.665966691273789158e-01
-4.533936645109093999e-01 2.107941768200715660e-01
-4.312254691164273401e-01 2.530703356484116373e-01
-4.051267355170215523e-01 2.930398064584463502e-01
-3.753353487098903818e-01 3.303382751191683564e-01
-3.421228515245030577e-01 3.646257731765887300e-01
-3.057919695613106614e-01 3.955897766015910033e-01
-2.666738519054253076e-01 4.229480543870670628e-01
-2.251250527656374900e-01 4.464512410299147360e-01
-1.815242815505595242e-01 4.658851094502111101e-01
-1.362689510043322838e-01 4.810725236303366459e-01
-8.977155486498306081e-02 4.918750531761142963e-01
-4.245590806238983689e-02 4.981942350835463773e-01
5.246716274266659090e-03 4.999724712103849056e-01
5.290151778912029895e-02 4.971935532722535633e-01
1.000741320222379160e-01 4.898828105780785314e-01
1.463345895591289525e-01 4.781068791582516742e-01
1.912612351202512551e-01 4.619730943898764375e-01
2.344445708687565022e-01 4.416285126552023654e-01
2.754909889054560357e-01 4.172585709506461682e-01
3.140263589300244518e-01 3.890853966638080919e-01
3.496994383675907092e-01 3.573657829245449613e-01
3.821850738780611101e-01 3.223888479843901589e-01
4.111871650670254619e-01 2.844733999586321338e-01
4.364413633845837803e-01 2.439650309509270865e-01
4.577174816121439838e-01 2.012329670469469867e-01
4.748215919751774261e-01 1.566667028887731294e-01
4.875977937580308064e-01 1.106724515052494029e-01
4.959296343093237969e-01 6.366944175741744150e-02
4.997411704857368520e-01 1.608609714711446009e-02
4.989976608593308383e-01 -3.164386918183235281e-02
4.937058823790606565e-01 -7.908540765649298143e-02
4.839140686001738856e-01 -1.258060976690190680e-01
4.697114700445197966e-01 -1.713800890083113093e-01
4.512275406990036153e-01 -2.153919834037689995e-01
4.286307580670959960e-01 -2.574406208015880826e-01
4.021270875284045920e-01 -2.971427358624189052e-01
3.719581050033787251e-01 -3.341364513521022928e-01
3.383987950347016604e-01 -3.680845765838908767e-01
3.017550443554390949e-01 -3.986776808474826184e-01
2.623608537895953940e-01 -4.256369138111434358e-01
2.205752938980729827e-01 -4.487165471894912216e-01
1.767792321187444671e-01 -4.677062145101210100e-01
1.313718612321326529e-01 -4.824328285640246405e-01
8.476706079507509428e-02 -4.927621590626092285e-01
3.738962470721332587e-02 -4.986000561212702298e-01
-1.032861070467858133e-02 -4.998933084176975239e-01
-5.795270279275033937e-02 -4.966301282029667030e-01
-1.050485670076581196e-01 -4.888402587446307179e-01
-1.511869334967425316e-01 -4.765947032224880919e-01
-1.959472598171610735e-01 -4.600050775480917786e-01
-2.389215641003387680e-01 -4.392225930069258433e-01
-2.797181437291710315e-01 -4.144366779962732616e-01
-3.179651456329432024e-01 -3.858732514213716325e-01
-3.533139556574063644e-01 -3.537926634875235843e-01
-3.854423761165463036e-01 -3.184873226574499450e-01
-4.140575625632638146e-01 -2.802790304037185987e-01
-4.388986930108605966e-01 -2.395160480494744060e-01
-4.597393452758838928e-01 -1.965699224326585559e-01
-4.763895607733015236e-01 -1.518320993271865538e-01
-4.886975759529063046e-01 -1.057103554891055536e-01
-4.965512055952369108e-01 -5.862508184895291741e-02
-4.998788653585340414e-01 -1.100545172831171245e-02
-4.986502242564127552e-01 3.671449099345947681e-02
-4.928764811190393669e-01 8.409978810670525051e-02
-4.826102625179226613e-01 1.307185316328990099e-01
-4.679451430847151872e-01 1.761458005837913399e-01
-4.490147925962280073e-01 2.199675340354700359e-01
-4.259917575998161121e-01 2.617843052149972372e-01
-3.990858886843886011e-01 3.012149621995413584e-01
-3.685424277321687758e-01 3.379001020437229497e-01
-3.346397725855412841e-01 3.715053466691649042e-01
-2.976869395036227939e-01 4.017243906571338896e-01
-2.580207465377826748e-01 4.282817931642254328e-01
-2.160027434991105555e-01 4.509354885133088908e-01
-1.720159165005939739e-01 4.694789925761745919e-01
-1.264611971114774081e-01 4.837432848371242544e-01
-7.975380794219801006e-02 4.935983489828526527e-01
-3.231947796919646537e-02 4.989543579764361136e-01
1.540943790380166524e-02 4.997624928137042732e-01
6.299789967857272188e-02 4.960153874991856671e-01
1.100121475693077583e-01 4.877471961857573479e-01
1.560236556406326136e-01 4.750332818660309986e-01
2.006130377400757170e-01 4.579895294529970906e-01
2.433738701231515922e-01 4.367712895110643645e-01
2.839163959285588845e-01 4.115719622651868859e-01
3.218710777379052979e-01 3.826212347945653902e-01
3.568919658390530270e-01 3.501829874785677976e-01
3.886598514920034386e-01 3.145528887772170989e-01
4.168851764559032280e-01 2.760557002693638240e-01
4.413106722573842955e-01 2.350423165126099001e-01
4.617137051438098827e-01 1.918865667060966063e-01
4.779083053476226861e-01 1.469818073083935528e-01
4.897468621654358367e-01 1.007373366681284105e-01
4.971214694015441138e-01 5.357466434731867483e-02
4.999649089123921475e-01 5.923669141813456274e-03
4.982512632871791691e-01 -4.178131918224046309e-02
4.919961520801338639e-01 -8.910547872168107786e-02
4.812565894412453305e-01 -1.356174587553489741e-01
4.661304644431205069e-01 -1.808933114239408280e-01
4.467556488406894122e-01 -2.245203559341838184e-01
4.233087403963587958e-01 -2.661009400658443935e-01
3.960034532249663841e-01 -3.052560646961494095e-01
3.650886698302370781e-01 -3.416288383047689781e-01
3.308461725880561533e-01 -3.748877299722037648e-01
2.935880753536608267e-01 -4.047295912211150148e-01
2.536539786031608013e-01 -4.308824191570884699e-01
2.114078740397330181e-01 -4.531078357233275788e-01
1.672348268784167868e-01 -4.712032604713422002e-01
1.215374660498529935e-01 -4.850037570432402245e-01
7.473231431409305126e-02 -4.943835365352866607e-01
2.724599173479325120e-02 -4.992571040398575688e-01
-2.048867288159463701e-02 -4.995800379152759985e-01
-6.803658713814338121e-02 -4.953493946806348247e-01
-1.149643608319673854e-01 -4.866037358450659434e-01
-1.608442562235645745e-01 -4.734227764269118843e-01
-2.052580867850285762e-01 -4.559266583664822736e-01
-2.478010288907824821e-01 -4.342748554550987516e-01
-2.880853117079968939e-01 -4.086647197617914729e-01
-3.257437516540428457e-01 -3.793296828066932691e-01
-3.604330992050713278e-01 -3.465371278770926211e-01
-3.918371675501953200e-01 -3.105859528795810176e-01
-4.196697145741857815e-01 -2.718038459424342856e-01
-4.436770518999571533e-01 -2.305442986005941108e-01
-4.636403572099156434e-01 -1.871833837875011286e-01
-4.793776687698017014e-01 -1.421163280017722630e-01
-4.907455439753191651e-01 -9.575390889277081430e-02
-4.976403668042148620e-01 -4.851871110039294305e-02
-4.999992922566314224e-01 -8.412744763790424782e-04
-4.978008191753381939e-01 4.684383020461908853e-02
-4.910649862246938002e-01 9.410196227506738287e-02
-4.798531892420284661e-01 1.405023728416390505e-01
-4.642676216262535127e-01 1.856221309795217378e-01
-4.444503428644507870e-01 2.290499786674272675e-01
-4.205819836866429573e-01 2.703900793263042113e-01
-3.928800996510151133e-01 3.092656257945346487e-01
-3.615971881663437859e-01 3.453222748536074471e-01
-3.270183870260985892e-01 3.782313769992189934e-01
-2.894588754316395618e-01 4.076929720190514139e-01
-2.492610011936903514e-01 4.334385230731061522e-01
-2.067911602971001794e-01 4.552333643559701715e-01
-1.624364572710683685e-01 4.728788400310388607e-01
-1.166011768049224628e-01 4.862141149407157581e-01
-6.970309877000152587e-02 4.951176405883108700e-01
-2.216969023551983511e-02 4.995082630294891413e-01
2.556579081253711541e-02 4.993459625750524822e-01
7.306824453562259236e-02 4.946322185628009294e-01
1.199046950949746171e-01 4.854099958736501907e-01
1.656482371441075907e-01 4.717633533149065417e-01
2.098819269899205031e-01 4.538166774402119241e-01
2.522025829552271836e-01 4.317335487897452362e-01
2.922244603031272647e-01 4.057152508846832983e-01
3.295827672269794895e-01 3.759989355661557120e-01
3.639369898583977858e-01 3.428554614012789270e-01
3.949739959864532191e-01 3.065869248587886897e-01
4.224108891982722991e-01 2.675239067571347773e-01
4.459975874260809769e-01 2.260224590831416136e-01
4.655191023977292564e-01 1.824608596458089926e-01
4.807974992139374404e-01 1.372361641459675097e-01
4.916935181910900843e-01 9.076058708901818539e-02
4.981078441867883844e-01 4.345774452804926358e-02
