0.000000000000000000e+00 0.000000000000000000e+00
8.739974863828873562e-06 6.566389710473896807e-06
3.769551450016293679e-05 2.215671383295646555e-05
8.984418761430217526e-05 4.006522068414690408e-05
1.666444602601973310e-04 5.298042272923190652e-05
2.679364284452785813e-04 5.327350161533590741e-05
3.918919251479668128e-04 3.330088743264878582e-05
5.350158124801457837e-04 -1.428688275223360540e-05
6.921990671964526167e-04 -9.623812843245656008e-05
8.568230450880003285e-04 -2.184029423821928708e-04
1.020913092212858688e-03 -3.854540434192178463e-04
1.175338483616779383e-03 -6.006332238710550969e-04
1.310054537902803195e-03 -8.655305558641405127e-04
1.414381832109221949e-03 -1.179902927559833663e-03
1.477315958752630550e-03 -1.541537492758793780e-03
1.487861094544822536e-03 -1.946164745419038571e-03
1.435380009143360971e-03 -2.387425167539042412e-03
1.309951864500041169e-03 -2.856891847740954983e-03
1.102729362990796484e-03 -3.344150437849998173e-03
8.062864721570889509e-04 -3.836936510536678897e-03
4.149479479119099184e-04 -4.321329084874548851e-03
-7.490794152698131809e-05 -4.781997792706099183e-03
-6.645817229325857826e-04 -5.202499893219237476e-03
-1.352827742030239793e-03 -5.565622132070099752e-03
-2.135678870506383786e-03 -5.853761309942986067e-03
-3.006326982495852174e-03 -6.049336397576208710e-03
-3.955064261037490557e-03 -6.135224132266104205e-03
-4.969289240969551602e-03 -6.095209274817429100e-03
-6.033580233263060970e-03 -5.914440113429309323e-03
-7.129837429837815495e-03 -5.579879386792407393e-03
-8.237493582395201755e-03 -5.080740574227138318e-03
-9.333791710166306974e-03 -4.408899474065764920e-03
-1.039412684717904573e-02 -3.559271167083400637e-03
-1.139244741769838282e-02 -2.530142840254712144e-03
-1.230171045691865264e-02 -1.323453524268647851e-03
-1.309438360032575202e-02 5.498743093369749270e-05
-1.374298557593314069e-02 1.595350365568596815e-03
-1.422065587385567924e-02 3.283709906982083294e-03
-1.450174380064051839e-02 5.102049008786772519e-03
-1.456240463015253533e-02 7.028345998839923177e-03
-1.438119216076383204e-02 9.036746109680244068e-03
-1.393963682824483213e-02 1.109781816360530006e-02
-1.322279603767302983e-02 1.317889517047764192e-02
-1.221976528114512676e-02 1.524449581046459501e-02
-1.092413850355530500e-02 1.725682220276636425e-02
-9.334406734090769028e-03 1.917632775050418653e-02
-7.454284777708009360e-03 2.096234731061769746e-02
-5.292956749639950512e-03 2.257378049583205412e-02
-2.865232423881443943e-03 2.396981760225813662e-02
-1.916077366958632722e-04 2.511069649798991499e-02
2.701775682041179620e-03 2.595847782990772304e-02
5.783275407217344094e-03 2.647782512979771768e-02
9.015999223413388719e-03 2.663677584569597301e-02
1.235816205068146316e-02 2.640748900535006688e-02
1.576354669242080106e-02 2.576695514726385500e-02
1.918206437588881874e-02 2.469765433820601125e-02
2.256040914132443481e-02 2.318814853722936040e-02
2.584279827146695671e-02 2.123359526360276903e-02
2.897178917345882843e-02 1.883617047351815454e-02
3.188916146297327697e-02 1.600538973742770751e-02
3.453685148778719294e-02 1.275831822143178376e-02
3.685792519486127267e-02 9.119661593112426620e-03
3.879757411873083206e-02 5.121731771484751977e-03
4.030411905520583926e-02 8.042836277671414763e-04
4.133000271883225524e-02 -3.785780413069428363e-03
4.183275527290657853e-02 -8.594836535129339941e-03
4.177591716957770179e-02 -1.356309402343440842e-02
4.112990024517702153e-02 -1.862527436179786666e-02
3.987277114932690630e-02 -2.371140770731013439e-02
3.799094136134143623e-02 -2.874773771184660140e-02
3.547974911884262811e-02 -3.365772357234463746e-02
3.234391992959598922e-02 -3.836312623304988928e-02
2.859789394213121602e-02 -4.278516387037045732e-02
2.426601029291050940e-02 -4.684572019820759659e-02
1.938254060240184387e-02 -5.046858776979690209e-02
1.399156603013183842e-02 -5.358072734910839657e-02
8.146694686730574647e-03 -5.611352360487825708e-02
1.910618703099363665e-03 -5.800401686333289675e-02
-4.645487165504745553e-03 -5.919609045694310123e-02
-1.144272091010627851e-02 -5.964159333650196487e-02
-1.839535551753881948e-02 -5.930137807762549118e-02
-2.541187844735883980e-02 -5.814623521023135067e-02
-3.239615622147615226e-02 -5.615770592499508274e-02
-3.924870968318752013e-02 -5.332875665308202395e-02
-4.586808332880349531e-02 -4.966430075810664840e-02
-5.215229017525822158e-02 -4.518155460058182610e-02
-5.800031193679803382e-02 -3.991021750846773103e-02
-6.331363287550205443e-02 -3.389246768161729984e-02
-6.799778534215410175e-02 -2.718276934040103621e-02
-7.196388152007097971e-02 -1.984748649468675089e-02
-7.513010822622774587e-02 -1.196430580847039973e-02
-7.742316285066559722e-02 -3.621472836706456436e-03
-7.877960468048135489e-02 5.083153939401250342e-03
-7.914709929637064878e-02 1.404322109115341971e-02
-7.848553422184392780e-02 2.314515791595263619e-02
-7.676798545451682387e-02 3.226959872525182738e-02
-7.398151630697795411e-02 4.129293207934790766e-02
-7.012779211024204595e-02 5.008895693277604089e-02
-6.522349675873910513e-02 5.853062354490498609e-02
-5.930053977001808335e-02 6.649183519869002190e-02
-5.240604545793012964e-02 7.384928529029742561e-02
-4.460211893382071136e-02 8.048430323272787179e-02
-3.596538691135980209e-02 8.628468188173556153e-02
-2.658631464920908904e-02 9.114645886073390046e-02
-1.656830377159864906e-02 9.497562424548582072e-02
-6.026579108341359112e-03 9.768972757540253515e-02
4.913123959632455240e-03 9.921935808596082929e-02
1.611605692792321062e-02 9.950947339929198943e-02
2.744012257389077947e-02 9.852055365404727150e-02
3.873768568035237947e-02 9.622956018144041002e-02
4.985750681332753315e-02 9.263068031593371665e-02
6.064677358644243038e-02 8.773584273452392224e-02
7.095320188414556972e-02 8.157499081066209301e-02
8.062717856679701978e-02 7.419610576561960769e-02
8.952391388952318785e-02 6.566497077945059047e-02
9.750557275084360820e-02 5.606467669935005088e-02
1.044433554596997937e-01 4.549487280225705810e-02
1.102194951844029797e-01 3.407076515244882031e-02
1.147291419750829100e-01 2.192187305447693482e-02
1.178821039562217426e-01 9.190556740850652426e-03
1.196044178437719874e-01 -3.969666980478812890e-03
1.198397229377493461e-01 -1.739600099710694736e-02
1.185504151526472622e-01 -3.091841280595816407e-02
1.157185604445244431e-01 -4.436182193372941590e-02
1.113465501389413470e-01 -5.754840120793081049e-02
1.054574841160924037e-01 -7.029996108553186740e-02
9.809527152136333916e-02 -8.244038452956151120e-02
8.932444258948857296e-02 -9.379807865901811093e-02
7.922966924306806824e-02 -1.042084086091260020e-01
6.791499629303024421e-02 -1.135160787454818077e-01
5.550278926916382694e-02 -1.215774265879153160e-01
4.213240908133678020e-02 -1.282625955214537483e-01
2.795862779439398094e-02 -1.334575535985476347e-01
1.314980373053863984e-02 -1.370659274570194819e-01
-2.114162167646397358e-03 -1.390106225728550138e-01
-1.764406332990461901e-02 -1.392352037095094530e-01
-3.324378939556344587e-02 -1.377050124824086286e-01
-4.871286162940065279e-02 -1.344080023888283015e-01
-6.384906871462703304e-02 -1.293552766257336506e-01
-7.845116677213168077e-02 -1.225813129802473533e-01
-9.232160612696850566e-02 -1.141438710575649884e-01
-1.052692487580175196e-01 -1.041235809840292958e-01
-1.171120374126597002e-01 -9.262321114217876572e-02
-1.276795786131721955e-01 -7.976662210568502553e-02
-1.368156024170846530e-01 -6.569741718925374563e-02
-1.443802630861342473e-01 -5.057730444955432086e-02
-1.502522466398044376e-01 -3.458418923030932152e-02
-1.543306535985667916e-01 -1.791002037426263696e-02
-1.565366280300453938e-01 -7.584169660693550847e-04
-1.568147072622637639e-01 1.665789413387844947e-02
-1.551338702789736568e-01 3.411979670657477176e-02
-1.514882668136367516e-01 5.140462373125201379e-02
-1.458976134561973115e-01 6.828907820363580572e-02
-1.384072476208428326e-01 8.455219679038253333e-02
-1.290878349300484951e-01 9.997831589468035574e-02
-1.180347303838626960e-01 1.143599992743772192e-01
-1.053669985350743910e-01 1.275008864975294143e-01
-9.122610271099167167e-02 1.392184222435619567e-01
-7.577427804140257628e-02 1.493464277554784336e-01
-5.919260760119759296e-02 1.577374776055288086e-01
-4.167882528842840884e-02 1.642650473309588133e-01
-2.344487307056990905e-02 1.688254003974797857e-01
-4.714243883696511705e-03 1.713391863178818364e-01
1.428085544713036947e-02 1.717527268899981807e-01
3.330248412329354923e-02 1.700389661853274892e-01
5.211004929533002983e-02 1.661980714082474386e-01
7.046344997990697245e-02 1.602576763700248041e-01
8.812624038634837842e-02 1.522727573771837928e-01
1.048687694977639140e-01 1.423251418353417563e-01
1.204712539483570044e-01 1.305226536096954215e-01
1.347267418826961216e-01 1.169979042406902592e-01
1.474439267256952568e-01 1.019067440722891682e-01
1.584497716191597128e-01 8.542639213943163667e-02
1.675919076688777709e-01 6.775326821165621183e-02
1.747407720640600515e-01 4.910055463546174337e-02
1.797914555393347602e-01 2.969551949698120974e-02
1.826652325021633216e-01 9.776636082114393417e-03
1.833107513925217036e-01 -1.040946340750290543e-02
1.817048674182366041e-01 -3.061115946170397603e-02
1.778531046547182359e-01 -5.057509986414999992e-02
1.717897395441530251e-01 -7.004949363945162100e-02
1.635775030055642842e-01 -8.878739997771573078e-02
1.533069036004938712e-01 -1.065499676697670567e-01
1.410951794153549044e-01 -1.231095811076789170e-01
1.270848914467603841e-01 -1.382528700417771927e-01
1.114421762374877833e-01 -1.517835420224505072e-01
9.435468023751822364e-02 -1.635249987697453555e-01
7.602920278935464127e-02 -1.733227005743284699e-01
5.668907874063997682e-02 -1.810462476069365223e-01
3.657133448728210057e-02 -1.865911451757604755e-01
1.592365696881520645e-02 -1.898802312119076685e-01
-4.998784914596366563e-03 -1.908647491140393060e-01
-2.593662444542007769e-02 -1.895250466584554594e-01
-4.662964246000061985e-02 -1.858708923867132823e-01
-6.682012909723808458e-02 -1.799414047431419361e-01
-8.625621681470983793e-02 -1.718045945238874106e-01
-1.046951399296719987e-01 -1.615565264828190128e-01
-1.219063769315622131e-01 -1.493201111431546602e-01
-1.376746334095658997e-01 -1.352435429135740996e-01
-1.518026256207933578e-01 -1.194984054326594380e-01
-1.641136274605717316e-01 -1.022774695977581028e-01
-1.744537468472877051e-01 -8.379221391007002362e-02
-1.826939012538023599e-01 -6.427010052833738440e-02
-1.887314662526996811e-01 -4.395164371639388723e-02
-1.924915754346502306e-01 -2.308731014919239433e-02
-1.939280548440663887e-01 -1.934292769387659485e-03
-1.930239800860105992e-01 1.924679846833132410e-02
-1.897918494218961971e-01 4.019528458722306657e-02
-1.842733714157604452e-01 6.065375951182699205e-02
-1.765388709436418457e-01 8.037138132284252223e-02
-1.666863225618177013e-01 9.910706905863381211e-02
-1.548400252724589643e-01 1.166325626997666565e-01
-1.411489375569668914e-01 1.327353059768456023e-01
-1.257846962919014766e-01 1.472211156733757853e-01
-1.089393459019138838e-01 1.599165982969365241e-01
-9.082281136172476455e-02 1.706712856155487845e-01
-7.166014916912864796e-02 1.793594651197621959e-01
-5.168861303957449777e-02 1.858816780373472310e-01
-3.115457483863879468e-02 1.901658679881583214e-01
-1.031034250556743352e-02 1.921681668176887514e-01
1.058908210668380902e-02 1.918733091535335944e-01
3.128926197883130644e-02 1.892946723244119667e-01
5.153955679978059617e-02 1.844739433941278151e-01
7.109628514632121421e-02 1.774804201205643639e-01
8.972577537437974315e-02 1.684099575813599037e-01
1.072072654256126523e-01 1.573835769443711896e-01
1.233356140905838977e-01 1.445457573366574489e-01
1.379237891106985803e-01 1.300624359189168355e-01
1.508051008018398420e-01 1.141187450465002418e-01
1.618351535933212904e-01 9.691651874255673149e-02
1.708934919407851805e-01 7.867160357929302295e-02
1.778849214307914872e-01 5.961101142265200908e-02
1.827404904839699806e-01 3.996995331446295124e-02
1.854181228158126027e-01 1.998879502282403797e-02
1.859028956606776362e-01 -9.002452703418914893e-05
1.842069636357366869e-01 -2.002507062766205673e-02
1.803691329479899519e-01 -3.957894513118871693e-02
1.744540953608852973e-01 -5.852123395834642194e-02
1.665513362148628163e-01 -7.663133314740515345e-02
1.567737329473258556e-01 -9.370111267047599724e-02
1.452558689528451186e-01 -1.095373871820743417e-01
1.321520882171954292e-01 -1.239641668719617951e-01
1.176343184231314343e-01 -1.368246565483276223e-01
1.018896951213052876e-01 -1.479829810754204056e-01
8.511802117223513098e-02 -1.573256178552771001e-01
6.752909746795723867e-02 -1.647625212992399613e-01
4.933996221725602677e-02 -1.702279286485601506e-01
3.077207681404689477e-02 -1.736808410094201616e-01
1.204849650049535058e-02 -1.751051780003648750e-01
-6.608936311303591563e-03 -1.745096089039376297e-01
-2.498233907100932266e-02 -1.719270676050960733e-01
-4.286044087135268410e-02 -1.674139628247916789e-01
-6.004110524165626878e-02 -1.610490991591383980e-01
-7.633369253096505824e-02 -1.529323281580564353e-01
-9.156123318193461202e-02 -1.431829520721084326e-01
-1.055623862840913696e-01 -1.319379059178648339e-01
-1.181931611962808992e-01 -1.193497461220324185e-01
-1.293283836890600502e-01 -1.055844761708339130e-01
-1.388628919213092672e-01 -9.081924138880803632e-02
-1.467124515720450995e-01 -7.523992618266700516e-02
-1.528143835375539994e-01 -5.903868780094154861e-02
-1.571279017144153745e-01 -4.241146087623013511e-02
-1.596341624601287090e-01 -2.555546673881964326e-02
-1.603360318595181688e-01 -8.666759007522941913e-03
-1.592575776540859356e-01 8.062157585707774299e-03
-1.564433020035669308e-01 2.444460746248306934e-02
-1.519571313820931857e-01 4.030189943039130807e-02
-1.458811808720395509e-01 5.546532588960082638e-02
-1.383143158855927035e-01 6.977798446748678662e-02
-1.293705357257741162e-01 8.309640201771480161e-02
-1.191772053185046060e-01 9.529194417939877704e-02
-1.078731629409634407e-01 1.062519971248955947e-01
-9.560673282474137225e-02 1.158809116766311292e-01
-8.253367211789371105e-02 1.241007035882677051e-01
-6.881508184772613945e-02 1.308515074076918305e-01
-5.461531124266132825e-02 1.360917849137088520e-01
-4.009988406021540441e-02 1.397982925916501917e-01
-2.543347444873121990e-02 1.419658159344846238e-01
-1.077795836883982394e-02 1.426066814778817748e-01
3.709435252064461827e-03 1.417500603563628114e-01
1.787785162653213883e-02 1.394410797641314204e-01
3.158439591092371962e-02 1.357397609844883390e-01
4.469556081438696982e-02 1.307198045875702930e-01
5.708848197616783054e-02 1.244672449651628016e-01
6.865201006407178896e-02 1.170789975574036967e-01
7.928759162063163390e-02 1.086613229195953212e-01
8.890995379083888039e-02 9.932823217483673084e-02
9.744759115599595234e-02 8.919985840292968260e-02
1.048430567971982419e-01 7.840081633065903999e-02
1.110530582569704827e-01 6.705857880461750520e-02
1.160483691716077126e-01 5.530188991983489566e-02
1.198135666556568169e-01 4.325923116034233878e-02
1.223466031392415748e-01 3.105736509061348197e-02
1.236582277803694591e-01 1.881997229707021296e-02
1.237712730739953387e-01 6.666396668186452129e-03
1.227198237288115168e-01 -5.289488242842219599e-03
1.205482860007088819e-01 -1.694028150315989023e-02
1.173103764484665634e-01 -2.818591802227072424e-02
1.130680495082989900e-01 -3.893438759825711137e-02
1.078903833711820082e-01 -4.910230726716197786e-02
1.018524433979969834e-01 -5.861534697557255202e-02
9.503414173569221801e-02 -6.740851104420240991e-02
8.751911092140292336e-02 -7.542628020449206050e-02
7.939360810425413750e-02 -8.262262113378386619e-02
7.074546510432372370e-02 -8.896087235399670334e-02
6.166309789680612247e-02 -9.441351706465080096e-02
5.223458729194915828e-02 -9.896185492894876701e-02
4.254684061566466058e-02 -1.025955860017892657e-01
3.268484212163752511e-02 -1.053123208667615940e-01
2.273099772433546939e-02 -1.071170316265064593e-01
1.276457747512870292e-02 -1.080214586640677182e-01
2.861257052130172437e-03 -1.080434880642980322e-01
-6.907242561222693387e-03 -1.072065142617859151e-01
-1.647342126395654957e-02 -1.055388001077579851e-01
-2.577417204234501782e-02 -1.030728522349921294e-01
-3.475087007024481311e-02 -9.984482172955198853e-02
-4.334938803961695120e-02 -9.589393605895041306e-02
-5.152004273541804791e-02 -9.126197654146080140e-02
-5.921748470316598456e-02 -8.599280742383323684e-02
-6.640054204285353312e-02 -8.013196231149528892e-02
-7.303202988090107262e-02 -7.372629185249961192e-02
-7.907853731313840839e-02 -6.682367469644702462e-02
-8.451020357539373862e-02 -5.947279187152402363e-02
-8.930049488848013084e-02 -5.172296288544384057e-02
-9.342599285077320126e-02 -4.362404009721960324e-02
-9.686620442876776871e-02 -3.522635626232460682e-02
-9.960340254333009680e-02 -2.658071865751309229e-02
-1.016225049905520317e-01 -1.773844187398228300e-02
-1.029109979988221957e-01 -8.751410255681222120e-03
-1.034589091390360621e-01 3.278399236066787304e-04
-1.032588326067036544e-01 9.446029086766914717e-03
-1.023060081192231074e-01 1.854904470092040916e-02
-1.005984528564795311e-01 2.758186436917590967e-02
-9.813714405677187447e-02 3.648850252250426113e-02
-9.492624810158620252e-02 4.521199112960914979e-02
-9.097339022008971154e-02 5.369440414098232417e-02
-8.628995735431907455e-02 6.187693443045451380e-02
-8.089142528382342601e-02 6.970003081089702623e-02
-7.479769830584569179e-02 7.710359970796173967e-02
-6.803345565542111284e-02 8.402728019958249916e-02
-6.062848776341733803e-02 9.041079398098848807e-02
-5.261800752609206017e-02 9.619436672087873508e-02
-4.404292879319009896e-02 1.013192243571432449e-01
-3.495009731451140939e-02 1.057281601882229527e-01
-2.539246153353945726e-02 1.093661678179519287e-01
-1.542917118948721779e-02 1.121811330459784595e-01
-5.125592547356682543e-03 1.141245759039483804e-01
5.446769790955069412e-03 1.151524322592220734e-01
1.621045314845648289e-02 1.152258627811636738e-01
2.708232612988386787e-02 1.143120756259832504e-01
3.797399225057202649e-02 1.123851479778420759e-01
4.879231098605349426e-02 1.094268306160770393e-01
5.944003721340521129e-02 1.054273189865101018e-01
6.981657772571711607e-02 1.003859738598584239e-01
7.981886113954465845e-02 9.431197457820095220e-02
8.934231512405269027e-02 8.722488813187873058e-02
9.828194250338430360e-02 7.915513787905303911e-02
1.065334854648720686e-01 7.014435661756567020e-02
1.139946648892173481e-01 6.024560993700096845e-02
1.205664797479797379e-01 4.952347730534831238e-02
1.261545496302779179e-01 3.805398016109177300e-02
1.306704818037554006e-01 2.592434836408724630e-02
1.340332428207350046e-01 1.323261867822196104e-02
1.361705118600375908e-01 8.706281300125621580e-05
1.370199997686624982e-01 -1.339455933248566780e-02
1.365307065899089289e-01 -2.708591893144798521e-02
1.346640924250411264e-01 -4.085320134746319581e-02
1.313951451571621631e-01 -5.455634924298521926e-02
1.267133216953897912e-01 -6.805045436049879382e-02
1.206233424507001661e-01 -8.118728472320774214e-02
1.131458201990463430e-01 -9.381693128010196170e-02
1.043177062915515152e-01 -1.057895554630295387e-01
9.419253931598943475e-02 -1.169572167780087019e-01
8.284048377259367602e-02 -1.271757574639872101e-01
7.034814906893360753e-02 -1.363067194608955091e-01
5.681818212626469494e-02 -1.442192674724599999e-01
4.236863008169114431e-02 -1.507920908205059307e-01
2.713207292073194221e-02 -1.559152560937816512e-01
1.125452933395377532e-02 -1.594919823172538942e-01
-5.105857393080739937e-03 -1.614403105226966673e-01
-2.178034312953957760e-02 -1.616946401969339142e-01
-3.859130249729075118e-02 -1.602071061221546910e-01
-5.535412717042786923e-02 -1.569487705981380543e-01
-7.187928253883182905e-02 -1.519106079367943118e-01
-8.797449942562635128e-02 -1.451042604259622504e-01
-1.034470748454211358e-01 -1.365625476459319809e-01
-1.181062534051844914e-01 -1.263397140562292353e-01
-1.317656589266910649e-01 -1.145114031132501292e-01
-1.442457425070689525e-01 -1.011743508719969847e-01
-1.553762195706224203e-01 -8.644579227323849480e-02
-1.649984572696045204e-01 -7.046257989991895621e-02
-1.729677750639803391e-01 -5.338002250603725296e-02
-1.791556301272764218e-01 -3.537044834203263016e-02
-1.834516524764512324e-01 -1.662150596450145956e-02
-1.857654979421182739e-01 2.665781396444454401e-03
-1.860284888649148261e-01 2.227918793562352895e-02
-1.841950146536150412e-01 4.199766015874815267e-02
-1.802436670469372837e-01 6.159386743668690545e-02
-1.741780880527867004e-01 8.083689798504724300e-02
-1.660275120578154628e-01 9.949506727208895507e-02
-1.558469874621244422e-01 1.173388035216044872e-01
-1.437172673482044194e-01 1.341435731010955368e-01
-1.297443630841566831e-01 1.496928072055702108e-01
-1.140587593287075152e-01 1.637807903929939524e-01
-9.681429358582509248e-02 1.762154712208832408e-01
-7.818670818343936846e-02 1.868211554889842307e-01
-5.837188725571397507e-02 1.954410434165270993e-01
-3.758379592265814750e-02 2.019395734719953706e-01
-1.605214331601454922e-02 2.062045375180687756e-01
5.980204670922271981e-03 2.081489344154258125e-01
2.826003309451869533e-02 2.077125322192692192e-01
5.052677273350671128e-02 2.048631125667444430e-01
7.251564534927654182e-02 1.995973747493545447e-01
9.396091850008288227e-02 1.919414822028760181e-01
1.145992338685833944e-01 1.819512356347313675e-01
1.341729615643590667e-01 1.697118640041412885e-01
1.524335333363223688e-01 1.553374328782884395e-01
1.691447152451083513e-01 1.389698691519128393e-01
1.840857734150722624e-01 1.207776094617493412e-01
1.970544890796236404e-01 1.009538843091547788e-01
2.078699805237936293e-01 7.971465505230773685e-02
2.163752915286433209e-01 5.729622591131230958e-02
2.224397085129087293e-01 3.395255787247627305e-02
2.259607717189079656e-01 9.952315811654260935e-03
2.268659494645702823e-01 -1.442431578583370892e-02
2.251139486358732233e-01 -3.888900951158252850e-02
2.206956391710338528e-01 -6.314882200444270344e-02
2.136345752298474121e-01 -8.690982650158438072e-02
2.039871009831011328e-01 -1.098808042730960166e-01
1.918420344275336420e-01 -1.317769468705905778e-01
1.773199282569002944e-01 -1.523235203956962436e-01
1.605719125219224608e-01 -1.712594429345822844e-01
1.417781295119704132e-01 -1.883407269176150534e-01
1.211457769092653403e-01 -2.033437394471423465e-01
9.890678072261091525e-02 -2.160682355799625753e-01
7.531512472419552018e-02 -2.263401221334712110e-01
5.064386801456366438e-02 -2.340139127757224768e-01
2.518188685599307558e-02 -2.389748389207430046e-01
-7.696174729222350110e-04 -2.411405862440068604e-01
-2.690080623678156591e-02 -2.404626280267475602e-01
-5.289703520406548176e-02 -2.369271341996470326e-01
-7.844277933139916226e-02 -2.305554435587605644e-01
-1.032256043177749716e-01 -2.214040864015222043e-01
-1.269401314390631863e-01 -2.095643541107355401e-01
-1.492919434821511071e-01 -1.951614176295223546e-01
-1.700013799745342113e-01 -1.783530028336128836e-01
-1.888071709918201779e-01 -1.593276368069612703e-01
-2.054698606122711269e-01 -1.383024848787174355e-01
-2.197749735541575378e-01 -1.155208039018949945e-01
-2.315358816485726390e-01 -9.124904256715904438e-02
-2.405963305283843612e-01 -6.577362447342909035e-02
-2.468325912052659332e-01 -3.939745414982095267e-02
-2.501552060051648874e-01 -1.243619017622355806e-02
-2.505103035746016338e-01 1.478566707514412937e-02
-2.478804632857616319e-01 4.193882280736635493e-02
-2.422851152817613873e-01 6.869331792719614305e-02
-2.337804685345095113e-01 9.472268820802555445e-02
-2.224589655525860687e-01 1.197080981070434841e-01
-2.084482686896258485e-01 1.433423949376335382e-01
-1.919097892778687808e-01 1.653340299174137495e-01
-1.730367769600785199e-01 1.854107941613407640e-01
-1.520519925306023090e-01 2.033233199495378674e-01
-1.292049932402574430e-01 2.188483005424795569e-01
-1.047690663641436815e-01 2.317913866082676189e-01
-7.903784473535672983e-02 2.419897173906890020e-01
-5.232165216569898553e-02 2.493140528727769978e-01
-2.494362834072602619e-02 2.536704816456222256e-01
2.764321684146667409e-03 2.550016777627119313e-01
3.046569894066561077e-02 2.532876899244728697e-01
5.782364859490068953e-02 2.485462517193858245e-01
8.450520922823630265e-02 2.408326080072945019e-01
1.101855177507098243e-01 2.302388589681907405e-01
1.345519148528649400e-01 2.168928297673634042e-01
1.573078971569392692e-01 2.009564801168988724e-01
1.781768642135993785e-01 1.826238741568978752e-01
1.969056111800990827e-01 1.621187369527030409e-01
2.132675213733247199e-01 1.396916294258727376e-01
2.270654168710260490e-01 1.156167786303768374e-01
2.381340298822080259e-01 9.018860488123860153e-02
2.463420626608214814e-01 6.371799127721843037e-02
2.515938092261212344e-01 3.652834457656716632e-02
2.538303180028347317e-01 8.951499138392556010e-03
2.530300806240597389e-01 -1.867648230591711575e-02
2.492092384651422021e-01 -4.601955596439682994e-02
2.424213049105601037e-01 -7.274593671738947831e-02
2.327564078094460642e-01 -9.853227478905715597e-02
2.203400629600362481e-01 -1.230677148056259079e-01
2.053314956912728473e-01 -1.460577843566640555e-01
1.879215353929492571e-01 -1.672280629983775579e-01
1.683301055749971686e-01 -1.863275807390664118e-01
1.468033486962368739e-01 -2.031319029176479052e-01
1.236104273495897687e-01 -2.174458664395545471e-01
9.904003899099672603e-02 -2.291059287316770110e-01
7.339669295767377311e-02 -2.379821010133530423e-01
4.699679944968836176e-02 -2.439794421337535268e-01
2.016462247527277957e-02 -2.470390951737722607e-01
-6.771849626767913535e-03 -2.471388551792145505e-01
-3.348506159467803250e-02 -2.442932626959651299e-01
-5.965202195205376867e-02 -2.385532241295467704e-01
-8.495835299324393242e-02 -2.300051662632699445e-01
-1.091022073590888486e-01 -2.187697384541228418e-01
-1.317980005627338580e-01 -2.050000819988200829e-01
-1.527799115501887184e-01 -1.888796918424490157e-01
-1.718051067430578227e-01 -1.706199011117902897e-01
-1.886566469620452879e-01 -1.504570238230019674e-01
-2.031460411120050158e-01 -1.286491954737984944e-01
-2.151154154578438227e-01 -1.054729550257940129e-01
-2.244392726646038116e-01 -8.121961496374334455e-02
-2.310258204384727510e-01 -5.619146864432278399e-02
-2.348178555080891461e-01 -3.069788598654641515e-02
-2.357931947441740950e-01 -5.051349687427076317e-03
-2.339646513453347287e-01 2.043651544135594023e-02
-2.293795601333976641e-01 4.545886772847332336e-02
-2.221188642458737095e-01 6.971747880656968543e-02
-2.122957716216187785e-01 9.292641538365609133e-02
-2.000540089973368019e-01 1.148155258565586312e-01
-1.855657037959385081e-01 1.351336926423185869e-01
-1.690289182563129433e-01 1.536518053212006518e-01
-1.506648742220744741e-01 1.701654191454528287e-01
-1.307149083003962542e-01 1.844970670111795719e-01
-1.094372003507431135e-01 1.964981979626330144e-01
-8.710332089330974359e-02 2.060507205949594356e-01
-6.399464500666839084e-02 2.130681352663339467e-01
-4.039868159138933212e-02 2.174962447439145741e-01
-1.660536749878306281e-02 2.193134387087890547e-01
7.096624041183759689e-03 2.185305533511410214e-01
3.042351200415554027e-02 2.151903130168410783e-01
5.309992588812156161e-02 2.093663664409728120e-01
7.486226852925401132e-02 2.011619354456872510e-01
9.546188083231162136e-02 1.907080990164788936e-01
1.146679690391236017e-01 1.781617403347211248e-01
1.322702588751169805e-01 1.637031885732369296e-01
1.480813450810480880e-01 1.475335910007471163e-01
1.619387093914919362e-01 1.298720541426811592e-01
1.737063848947350275e-01 1.109525953706580470e-01
1.832762498280932906e-01 9.102094831020272891e-02
1.905689391531130428e-01 7.033126684422512376e-02
1.955343676396635588e-01 4.914277323600832470e-02
1.981518663763671140e-01 2.771639447770684120e-02
1.984299280240056085e-01 6.311435240846367811e-03
1.964055777282698312e-01 -1.481766826872745607e-02
1.921433893237377566e-01 -3.542447668166816277e-02
1.857341573418903324e-01 -5.527351423775261896e-02
1.772932516575237150e-01 -7.414303781231181001e-02
1.669586825252754037e-01 -9.182757453807044445e-02
1.548889072876814543e-01 -1.081401981178956445e-01
1.412604130705650274e-01 -1.229145180424398021e-01
1.262651122837488982e-01 -1.360063603455295700e-01
1.101075896864215226e-01 -1.472951231815818884e-01
9.300224113685381933e-02 -1.566847953229108248e-01
7.517034491421184517e-02 -1.641046305786245940e-01
5.683710667342095624e-02 -1.695094760585528493e-01
3.822871867867131540e-02 -1.728797570736098910e-01
1.956947297205779979e-02 -1.742211262082079271e-01
1.078966594153054010e-03 -1.735637886535427443e-01
-1.703056508602151728e-02 -1.709615201892444036e-01
-3.455675341488170099e-02 -1.664903981861027837e-01
-5.130940933250138780e-02 -1.602472696208633030e-01
-6.711261690860377549e-02 -1.523479832981480264e-01
-8.180658405263321886e-02 -1.429254162239471382e-01
-9.524923087703407454e-02 -1.321273263367189477e-01
-1.073175003624504270e-01 -1.201140655506157118e-01
-1.179083802845405371e-01 -1.070561882834323575e-01
-1.269396330937813955e-01 -9.313199012614675754e-02
-1.343502207994099196e-01 -7.852501469257013034e-02
-1.401004348606859906e-01 -6.342156589810998835e-02
-1.441717437872244156e-01 -4.800825537815114202e-02
-1.465663582564291079e-01 -3.246962117331394365e-02
-1.473065313905325968e-01 -1.698584868914857632e-02
-1.464336117997674103e-01 -1.730623036194889677e-03
-1.440068701537309259e-01 1.313086082604359578e-02
-1.401021228156750786e-01 2.744370673660302684e-02
-1.348101784290780814e-01 4.106492467043963701e-02
-1.282351352542952239e-01 5.386482019510341335e-02
-1.204925584945181483e-01 6.572815317642452526e-02
-1.117075678114842208e-01 7.655505667209538956e-02
-1.020128657068285066e-01 8.626171080888410392e-02
-9.154673743681247811e-02 9.478077028280643135e-02
-8.045105264608699847e-02 1.020615478921443053e-01
-6.886929796715549057e-02 1.080699601530477755e-01
-5.694466846023044093e-02 1.127882445019122992e-01
-4.481824399363745076e-02 1.162144608069061724e-01
-3.262727452413346357e-02 1.183617928466172420e-01
-2.050359577105049375e-02 1.192576680257368127e-01
-8.572194034156514417e-03 1.189427158507736781e-01
3.050064067612792869e-03 1.174695875540877066e-01
1.425552430812845883e-02 1.149016607098633930e-01
2.494665065831030287e-02 1.113116537157904651e-01
3.503674192555532307e-02 1.067801749725101196e-01
4.445044485129082124e-02 1.013942325712256926e-01
5.312407237207183303e-02 9.524573307008300793e-02
6.100573857990539139e-02 8.842999000276602350e-02
6.805530558786808404e-02 8.104426677827734904e-02
7.424415583284450781e-02 7.318637637969102605e-02
7.955480213929828903e-02 6.495335824777224987e-02
8.398035019312413696e-02 5.644025065431833993e-02
8.752383008416794730e-02 4.773897453009490199e-02
9.019741524185152792e-02 3.893734215840476826e-02
9.202154838861242858e-02 3.011820142566549313e-02
9.302399505517218448e-02 2.135872348504039286e-02
9.323884573127376452e-02 1.272983878958456466e-02
9.270548786353753623e-02 4.295823539339514718e-03
9.146756866324638746e-02 -3.885964286337715689e-03
8.957196906255518454e-02 -1.176520292420539862e-02
8.706780817550323348e-02 -1.929858511091377127e-02
8.400549630395692802e-02 -2.644966538175531207e-02
8.043585290739238558e-02 -3.318858735433662804e-02
7.640930406338929115e-02 -3.949170395089952185e-02
7.197517182135218516e-02 -4.534110520538928157e-02
6.718106553745716025e-02 -5.072406967591354399e-02
6.207238281922076301e-02 -5.563245651939766750e-02
5.669192515059108539e-02 -6.006205596863772173e-02
5.107963066156073068e-02 -6.401191627457138156e-02
4.527241995148248432e-02 -6.748366518673064307e-02
3.930416419335439060e-02 -7.048084161245855850e-02
3.320576271848247468e-02 -7.300825908678375276e-02
2.700531400866957449e-02 -7.507141419904921065e-02
2.072838251413874899e-02 -7.667595330363780048e-02
1.439834591628064847e-02 -7.782721124346608788e-02
8.036809628036765615e-03 -7.852983296363133525e-02
1.664073950895537946e-03 -7.878748678848206122e-02
-4.700361755006304126e-03 -7.860267586640426463e-02
-1.103727426339910084e-02 -7.797665189678734676e-02
-1.732718780179373641e-02 -7.690943278904102676e-02
-2.354985830283894133e-02 -7.539992341153264888e-02
-2.968378708035571134e-02 -7.344613611669542630e-02
-3.570577976846760898e-02 -7.104550532471064217e-02
-4.159056537574950391e-02 -6.819528815825751100e-02
-4.731048900649930528e-02 -6.489304098898039663e-02
-5.283529021217182875e-02 -6.113715982386901809e-02
-5.813197708708536804e-02 -5.692747076446449950e-02
-6.316480414790440201e-02 -5.226585534728174498e-02
-6.789535977450857074e-02 -4.715689444885676207e-02
-7.228276658263327326e-02 -4.160851363686012688e-02
-7.628399559088697157e-02 -3.563261238748922227e-02
-7.985429248326299245e-02 -2.924565948052185171e-02
-8.294771170114954850e-02 -2.246923713233693609e-02
-8.551775157461966037e-02 -1.533051703282414281e-02
-8.751807741127837215e-02 -7.862651671204510390e-03
-8.890333237018366308e-02 -1.050703782707485277e-04
-8.963001581917859339e-02 7.896338868768558103e-03
-8.965740480150846681e-02 1.608917185761299037e-02
-8.894851306997081375e-02 2.441458052183161434e-02
-8.747106562246319272e-02 3.280748344821737134e-02
-8.519846926027035972e-02 4.119691850877328643e-02
-8.211075903625258965e-02 4.950653892049952653e-02
-7.819550017262189012e-02 5.765525125051349647e-02
-7.344862511859433229e-02 6.555799105700502172e-02
-6.787518589172196470e-02 7.312662903860005226e-02
-6.149000270133544999e-02 8.027099780684675279e-02
-5.431819107977449435e-02 8.690002674930402682e-02
-4.639555133184559282e-02 9.292296996339866055e-02
-3.776880603372292228e-02 9.825070996099312393e-02
-2.849567354167324013e-02 1.027971178147036868e-01
-1.864476797521872828e-02 1.064804486799329486e-01
-8.295318880120952990e-03 1.092247502173948476e-01
2.463293289259275900e-03 1.109612603905762440e-01
1.353218664817026386e-02 1.116297704463693058e-01
2.480380992361571127e-02 1.111799286241436785e-01
3.616295144379878812e-02 1.095724602913540902e-01
4.748791624894857510e-02 1.067802807781145780e-01
5.865185935387819127e-02 1.027894781777082267e-01
6.952426016898283212e-02 9.760014478635688218e-02
7.997251669423471876e-02 9.122703636918341741e-02
8.986364915631606110e-02 8.370004745094004883e-02
9.906608484484512311e-02 7.506448112739430578e-02
1.074514907546518377e-01 6.538110110017118781e-02
1.148966380016720051e-01 5.472596183878767478e-02
1.212852670401489558e-01 4.319000924103248013e-02
1.265099250032313272e-01 3.087844973078984409e-02
1.304737460712074026e-01 1.790988935199471291e-02
1.330921458133279556e-01 4.415248100237502415e-03
1.342944009587744847e-01 -9.463541578894736628e-03
1.340250870307038711e-01 -2.357503956285051522e-02
1.322453477177700787e-01 -3.775999001615191336e-02
1.289339717458509449e-01 -5.185318111955758424e-02
1.240882553272468769e-01 -6.568545002270036182e-02
1.177246309765562632e-01 -7.908580764649833506e-02
1.098790465561637064e-01 -9.188365546358383262e-02
1.006070818078901863e-01 -1.039110642666675743e-01
8.998379329321101738e-02 -1.150050832365492187e-01
7.810328254987626562e-02 -1.250100463777550630e-01
6.507798632083316992e-02 -1.337798426282176822e-01
5.103769186169457295e-02 -1.411801156905135579e-01
3.612828452276627827e-02 -1.470903598888537445e-01
2.051023896643172986e-02 -1.514058791332852927e-01
4.356869455542060864e-03 -1.540395773673544910e-01
-1.214764143112183857e-02 -1.549235506766154513e-01
-2.881040949457780442e-02 -1.540104518985475901e-01
-4.543219319765806619e-02 -1.512746093112171397e-01
-6.180988177136958334e-02 -1.467128709552000532e-01
-7.773908706075262354e-02 -1.403451552112861822e-01
-9.301681364062520940e-02 -1.322146991811877503e-01
-1.074441682159401473e-01 -1.223879925924381551e-01
-1.208290706943243448e-01 -1.109543916417587844e-01
-1.329889285782218378e-01 -9.802541174817899772e-02
-1.437532361417309668e-01 -8.373370283701007943e-02
-1.529660602437820371e-01 -6.823171544958893386e-02
-1.604883755872835160e-01 -5.169007060145972693e-02
-1.662002137571509663e-01 -3.429565082308266150e-02
-1.700025924439111380e-01 -1.624943414287577034e-02
-1.718191938605162783e-01 2.235903155019134704e-03
-1.715977644564860016e-01 2.093858541081648414e-02
-1.693112115860336275e-01 3.963050514248405570e-02
-1.649583767485709729e-01 5.808012336417777560e-02
-1.585644693373497172e-01 7.605546430055598606e-02
-1.501811494454365070e-01 9.332716419264164287e-02
-1.398862531230458395e-01 1.096715325168463595e-01
-1.277831584875744608e-01 1.248735831532261642e-01
-1.139997961854097019e-01 1.387299928608792809e-01
-9.868731281847367698e-02 1.510519448575998736e-01
-8.201840100325021032e-02 1.616678163583257222e-01
-6.418531465051667551e-02 1.704256705941947225e-01
-4.539759543721435392e-02 1.771955143654234399e-01
-2.587953089644057236e-02 1.818712932177874164e-01
-5.867379172272424448e-03 1.843725866546550574e-01
1.439359712557075101e-02 1.846459743649085383e-01
3.465225700583930701e-02 1.826660564635410322e-01
5.465482353849022978e-02 1.784361071905483653e-01
7.414819916906408015e-02 1.719883487813222145e-01
9.288330890666407491e-02 1.633838374357433065e-01
1.106184255072843875e-01 1.527119586974031717e-01
1.271224305437413105e-01 1.400895350319518451e-01
1.421779656821488547e-01 1.256595538855452554e-01
1.555844295725760384e-01 1.095895299308960597e-01
1.671607774983200900e-01 9.206952048999282601e-02
1.767480832945909075e-01 7.330981818106832582e-02
1.842118260143600361e-01 5.353834959747432592e-02
1.894438673486533720e-01 3.299781321613592250e-02
1.923640898540731614e-01 1.194259368649177450e-02
1.929216705472956428e-01 -9.364506893539310123e-03
1.910959693330182008e-01 -3.065567720395438039e-02
1.868970169703061956e-01 -5.166159861456719876e-02
1.803655927791641966e-01 -7.211499329495765775e-02
1.715728879667986206e-01 -9.175417002883869133e-02
1.606197562306100890e-01 -1.103265189166955235e-01
1.476355590896669678e-01 -1.275919065210530390e-01
1.327766191246677607e-01 -1.433259240715270832e-01
1.162243022465215686e-01 -1.573229414346781763e-01
9.818274669936459531e-02 -1.693989297452992149e-01
7.887627064276662991e-02 -1.793940064300132975e-01
5.854649834975516470e-02 -1.871746641832060243e-01
3.744923621246736001e-02 -1.926356571002585671e-01
1.585114215996186876e-02 -1.957015140546997933e-01
-5.973766717752556320e-03 -1.963276566325698747e-01
-2.774772105458214386e-02 -1.945011043555980590e-01
-4.919287148562166700e-02 -1.902407556156074375e-01
-7.003497605757483258e-02 -1.835972386252662791e-01
-9.000705207879093617e-02 -1.746523326811260934e-01
-1.088529419990945102e-01 -1.635179660480911012e-01
-1.263307439103081575e-01 -1.503348027236118822e-01
-1.422160589647181173e-01 -1.352704361391323384e-01
-1.563050103989916118e-01 -1.185172134215953799e-01
-1.684169918934749210e-01 -1.002897190881878453e-01
-1.783971066500195102e-01 -8.082195190628736758e-02
-1.861182627851039051e-01 -6.036423304651199889e-02
-1.914828953503216746e-01 -3.917988752509191097e-02
-1.944242904430659724e-01 -1.754174421516830132e-02
-1.949074923837051942e-01 4.271497643907554848e-03
-1.929297807334558745e-01 2.597898553456853485e-02
-1.885207099268947639e-01 4.730146317004502166e-02
-1.817417104088397406e-01 6.796500070069064203e-02
-1.726852563094660176e-01 8.770465408021217713e-02
-1.614736130097743361e-01 1.062680014537770168e-01
-1.482571755804843461e-01 1.234185132522036404e-01
-1.332124234434471921e-01 1.389387036849857038e-01
-1.165395252907519413e-01 1.526330183483055603e-01
-9.845962094328163106e-02 1.643304231056078313e-01
-7.921181964410448084e-02 1.738866564445415985e-01
-5.904995644887858774e-02 1.811861142239553357e-01
-3.823915178029529960e-02 1.861433408853243043e-01
-1.705222197864744715e-02 1.887041067354675306e-01
4.234009234477263510e-03 1.888460567322858275e-01
2.534244708810627980e-02 1.865789222387979895e-01
4.599945795469092408e-02 1.819442933661283013e-01
6.593854556606536244e-02 1.750149557146162271e-01
8.490392025093757011e-02 1.658938014546531559e-01
1.026539117556097003e-01 1.547123306767403117e-01
1.189641784775364725e-01 1.416287646972129444e-01
1.336306688809688059e-01 1.268257984490474832e-01
1.464722944326348197e-01 1.105080241376722727e-01
1.573332775413396889e-01 9.289906292698242585e-02
1.660851426482627402e-01 7.423844547483959833e-02
1.726283237268107507e-01 5.477828560202771535e-02
1.768933669378337514e-01 3.477979420434949148e-02
1.788417129680656137e-01 1.450968266406426135e-02
1.784660495727907192e-01 -5.763493546091853770e-03
1.757902309609232772e-01 -2.577299966538876275e-02
1.708687690868064823e-01 -4.525754204508364298e-02
1.637858995171425913e-01 -6.396479898165063904e-02
1.546542394568062029e-01 -8.165480731780890011e-02
1.436130644490905273e-01 -9.810315644406804314e-02
1.308262231358615357e-01 -1.131039505771878617e-01
1.164797229802591039e-01 -1.264724968277361750e-01
1.007790225355437719e-01 -1.380476825558071552e-01
8.394606988284943061e-02 -1.476940100884732987e-01
6.621613031566594976e-02 -1.553032618922512986e-01
4.783444917107097794e-02 -1.607957746845599389e-01
2.905279785766265097e-02 -1.641213066503373619e-01
1.012595257838314229e-02 -1.652594878200556172e-01
-8.691844026085422670e-03 -1.642198496768281224e-01
-2.715038808934014045e-02 -1.610414361050921395e-01
-4.500693709117112307e-02 -1.557920037830956839e-01
-6.202950173613330787e-02 -1.485668259688323889e-01
-7.799996121810551242e-02 -1.394871192491347889e-01
-9.271695873939117538e-02 -1.286981181329691082e-01
-1.059985375555963227e-01 -1.163668272959330063e-01
-1.176844817815150546e-01 -1.026794857528319505e-01
-1.276383306583005195e-01 -8.783878118523316680e-02
-1.357490398808251231e-01 -7.206085602518241817e-02
-1.419322688426590540e-01 -5.557214964761635762e-02
-1.461312781957714024e-01 -3.860612311459162699e-02
-1.483174278602407414e-01 -2.139991431636281347e-02
-1.484902738679418355e-01 -4.190973550362470622e-03
-1.466772593447822903e-01 1.278627761635710638e-02
-1.429330102035066552e-01 2.930371059939647360e-02
-1.373382551689023012e-01 4.514262927740482489e-02
-1.299983819628438286e-01 6.009674557625493962e-02
-1.210416555734796645e-01 7.397494760146466897e-02
-1.106171272942964023e-01 8.660382210264451486e-02
-9.889226752023748401e-02 9.782989692117327607e-02
-8.605035907723845856e-02 1.075215734211127927e-01
-7.228769108496437001e-02 1.155707236665847043e-01
-5.781059596538989931e-02 1.218939322135701026e-01
-4.283237417663651736e-02 1.264333677527157140e-01
-2.757015254648427505e-02 1.291572753909882021e-01
-1.224172268768380228e-02 1.300600860103154899e-01
2.937594107572692476e-03 1.291621448059896149e-01
1.775800986867106038e-02 1.265090667020716542e-01
3.201821666148961520e-02 1.221707317822785382e-01
4.552817492560441021e-02 1.162399390824896267e-01
5.811170404333491218e-02 1.088307419886445776e-01
6.960883901839963472e-02 1.000764929999838487e-01
7.987792092484347073e-02 9.012762968701537591e-02
8.879739302459077610e-02 7.914923723800502964e-02
9.626727907805048001e-02 6.731842599684192963e-02
1.022103253147235852e-01 5.482156480711086743e-02
1.065727927134233061e-01 4.185141275962903779e-02
1.093248940737942959e-01 2.860419479068858697e-02
1.104608665610606055e-01 1.527665894497116754e-02
1.099986853646074958e-01 2.063165615021692479e-03
1.079794332581813648e-01 -1.084714617148659771e-02
1.044663322034386221e-01 -2.327307964828437270e-02
9.954345729117469732e-02 -3.504394664809152432e-02
9.331415589607006122e-02 -4.600194258846391354e-02
8.589919914893265340e-02 -5.600429654976776805e-02
7.743469661401541915e-02 -6.492516660773804682e-02
6.806980834359879773e-02 -7.265725472380847594e-02
5.796429122112804061e-02 -7.911311999338932477e-02
4.728591865985296017e-02 -8.422617383458487483e-02
3.620781426733223063e-02 -8.795134569261123247e-02
2.490574099805897834e-02 -9.026541296075166199e-02
1.355538758733349641e-02 -9.116699399784419788e-02
2.329693689721380571e-03 -9.067620827546880868e-02
-8.603745854827147752e-03 -8.883401273648437735e-02
-1.908515881506463174e-02 -8.570122831373871986e-02
-2.896491880318791817e-02 -8.135727517026186684e-02
-3.810568006708170419e-02 -7.589863951101910589e-02
-4.638429319118495681e-02 -6.943709871773100228e-02
-5.369347473591636055e-02 -6.209773501507667715e-02
-5.994320790908444496e-02 -5.401677083870588814e-02
-6.506185574544576244e-02 -4.533926150074993333e-02
-6.899697290259963756e-02 -3.621668260333586048e-02
-7.171580943879857228e-02 -2.680445294837083270e-02
-7.320549592795293214e-02 -1.725942498537008304e-02
-7.347291303329724077e-02 -7.737389073009879291e-03
-7.254425791916531419e-02 1.609366957193923394e-03
-7.046431089172942863e-02 1.063441211368210473e-02
-6.729541912115044600e-02 1.919940200350067627e-02
-6.311621665669227277e-02 2.717615045305922863e-02
-5.802010388835028565e-02 3.444851221039585409e-02
-5.211351315603891809e-02 4.091404920918972898e-02
-4.551399030782250776e-02 4.648545653918412929e-02
-3.834812461677619688e-02 5.109172827558301766e-02
-3.074936154452720047e-02 5.467904760626592087e-02
-2.285573435953486277e-02 5.721139019128325398e-02
-1.480755155981715136e-02 5.867083432213946598e-02
-6.745077402378435623e-03 5.905757614522327142e-02
1.193757396403190155e-03 5.838965290021756044e-02
8.875578545897220076e-03 5.670238172684121530e-02
1.617368979485604361e-02 5.404752604001629435e-02
2.297006034322383872e-02 5.049220569556765043e-02
2.915714755451306872e-02 4.611757110083012506e-02
3.463952736816205968e-02 4.101726500698894828e-02
3.933530812373729063e-02 3.529569889839325597e-02
4.317730718159845660e-02 2.906617362091911891e-02
4.611397369722775030e-02 2.244887612657325143e-02
4.811004511397087152e-02 1.556878592276308461e-02
4.914693155495549609e-02 8.553528325264401697e-03
4.922281882219817217e-02 1.531201711906323652e-03
4.835249252087982230e-02 -5.371778597719477008e-03
4.656689515812068025e-02 -1.203278149700958387e-02
4.391241962186098052e-02 -1.833498022278280334e-02
4.044995451665930886e-02 -2.416925651281722973e-02
3.625369908310777101e-02 -2.943595876622153926e-02
3.140976901159563822e-02 -3.404648677107022237e-02
2.601461767899521105e-02 -3.792467857484001920e-02
2.017330013933534352e-02 -4.100797845611006687e-02
1.399760954436737870e-02 -4.324836865449013801e-02
7.604117522331820672e-03 -4.461305146883970396e-02
1.112151376432284891e-03 -4.508487247683073962e-02
-5.358258239836235365e-03 -4.466247989438267701e-02
-1.168842526496866735e-02 -4.336021941244886518e-02
-1.776301818357534784e-02 -4.120776815153557454e-02
-2.347199922667170952e-02 -3.824951559227415809e-02
-2.871246141641252414e-02 -3.454370340611916806e-02
-3.339033391665528760e-02 -3.016133995935429968e-02
-3.742192848038938119e-02 -2.518490883536519606e-02
-4.073530254136020767e-02 -1.970689395862972038e-02
-4.327141763360561888e-02 -1.382814675872569635e-02
-4.498507528667734096e-02 -7.656123239881382908e-03
-4.584561627861850203e-02 -1.303020784281328469e-03
-4.583737307180474341e-02 5.116154013819017472e-03
-4.495987125018365699e-02 1.148555169056896669e-02
-4.322777343553132340e-02 1.769045634919639773e-02
-4.067056867513232921e-02 2.361923238360403438e-02
-3.733201956741948740e-02 2.916520542476179825e-02
-3.326937228367404104e-02 3.422845494245668058e-02
-2.855234492978299399e-02 3.871748644888511892e-02
-2.326191197603547089e-02 4.255075627619862855e-02
-1.748890573568709014e-02 4.565802444005213900e-02
-1.133245876978327543e-02 4.798151402764393170e-02
-4.898313591180639658e-03 4.947685881267965824e-02
1.702971903861269856e-03 5.011382434689294618e-02
8.357893264173949996e-03 4.987679154960143746e-02
1.495191147112563158e-02 4.876499575126413272e-02
2.137137640592484678e-02 4.679251817974304506e-02
2.750543005789982121e-02 4.398803094321360185e-02
3.324785819220382049e-02 4.039430059539170920e-02
3.849886016045182824e-02 3.606745930170218023e-02
4.316670799300330319e-02 3.107605639578393808e-02
4.716926783153991415e-02 2.549990666373598558e-02
5.043535911239047792e-02 1.942875496198668769e-02
5.290592965499849032e-02 1.296077971156791089e-02
5.453502790007391798e-02 6.200960370378314976e-03
5.529055692692363966e-02 -7.406638745206548056e-04
5.515479850321774319e-02 -7.750815263752088187e-03
5.412469922333912331e-02 -1.471484832961245798e-02
5.221191625225930777e-02 -2.151863703897656174e-02
4.944261914235739686e-02 -2.805045566662059051e-02
4.585705162338188368e-02 -3.420281574637486222e-02
4.150886629022078333e-02 -3.987422470036050548e-02
3.646423963940039620e-02 -4.497084567355174450e-02
3.080078344708161650e-02 -4.940802878018307753e-02
2.460627085713882126e-02 -5.311168901223495276e-02
1.797719852492995693e-02 -5.601950864156862026e-02
1.101720878201051246e-02 -5.808194488279225937e-02
3.835398007675656397e-03 -5.926302682480412420e-02
-3.455460820213619288e-03 -5.954092913153143096e-02
-1.074075209806149220e-02 -5.890831369905309700e-02
-1.790587795364808124e-02 -5.737243427645002947e-02
-2.483811450054530801e-02 -5.495500294874319791e-02
-3.142843365434139918e-02 -5.169182127852816472e-02
-3.757326082196096179e-02 -4.763218274480333914e-02
-4.317613990563515247e-02 -4.283805684049898921e-02
-4.814927865716931571e-02 -3.738306873389671270e-02
-5.241494944890565111e-02 -3.135129170610075067e-02
-5.590672296096967087e-02 -2.483587259357521171e-02
-5.857051507932209411e-02 -1.793751314293892674e-02
-6.036543040931668241e-02 -1.076283248176848791e-02
-6.126438918333976247e-02 -3.422637787464724579e-03
-6.125452792294664578e-02 3.969868333443592710e-03
-6.033736794669906228e-02 1.130091428322890085e-02
-5.852875088544798321e-02 1.845798732044305612e-02
-5.585854030659925112e-02 2.533164094214556197e-02
-5.237009454686774451e-02 3.181724603628423992e-02
-4.811952446616638013e-02 3.781665298694140281e-02
-4.317474569625319447e-02 4.323974555291429378e-02
-3.761434217509759120e-02 4.800585874424408844e-02
-3.152626015711160190e-02 5.204503790641793609e-02
-2.500635462110524856e-02 5.529911888993310071e-02
-1.815681236341419938e-02 5.772261217531757943e-02
-1.108447802500296328e-02 5.928337709087694307e-02
-3.899110827018871690e-03 5.996307574830361115e-02
3.288399145020696416e-03 5.975739997221405503e-02
1.036782567918927145e-02 5.867606825345572652e-02
1.723138266456154463e-02 5.674259355083349776e-02
2.377545265836951416e-02 5.399382653933135212e-02
2.990223950561757965e-02 5.047928259296329684e-02
3.552131805080513405e-02 4.626026433652971614e-02
4.055105575035862497e-02 4.140879494466022381e-02
4.491988317561732003e-02 3.600638045383827701e-02
4.856739295328050404e-02 3.014262213314576958e-02
5.144524958050725877e-02 2.391370238684607796e-02
5.351789572733553491e-02 1.742076969707845660e-02
5.476304404706867912e-02 1.076824972476427694e-02
5.517194709930505619e-02 4.062110845255837398e-03
5.474944169104073444e-02 -2.591886916356858292e-03
5.351376879411007259e-02 -9.089928077564712189e-03
5.149617060372471689e-02 -1.533184162204370184e-02
4.874027163257391854e-02 -2.122273066936730332e-02
4.530125890848202969e-02 -2.667450082193967287e-02
4.124487287902574989e-02 -3.160726921696385694e-02
3.664622709308496679e-02 -3.595062862419596411e-02
3.158847701508891992e-02 -3.964474589284815859e-02
2.616136081114350809e-02 -4.264127686117822474e-02
2.045963704689998316e-02 -4.490408294773768488e-02
1.458144592024099295e-02 -4.640973799238908709e-02
8.626621889781157723e-03 -4.714781745247281081e-02
2.694986332295749853e-03 -4.712096572620452783e-02
-3.115350844314885605e-03 -4.634474111065756130e-02
-8.709651895973441818e-03 -4.484724164351929637e-02
-1.399814617928984983e-02 -4.266851876404866017e-02
-1.889753240440864707e-02 -3.985978929802710957e-02
-2.333236286872646809e-02 -3.648245966459847528e-02
-2.723628635173056672e-02 -3.260697936320620938e-02
-3.055312875786354854e-02 -2.831154367362353694e-02
-3.323779335250583167e-02 -2.368066804326501851e-02
-3.525696550027006965e-02 -1.880365880096187062e-02
-3.658961013410116231e-02 -1.377300658874021366e-02
-3.722725370315286414e-02 -8.682730213192236049e-03
-3.717404600866024839e-02 -3.626699463387240627e-03
-3.644660107920699027e-02 1.303034191802470397e-03
-3.507362105033767080e-02 6.017868041555986952e-03
-3.309530752061835834e-02 1.043421866769959905e-02
-3.056257004800027807e-02 1.447499990430782014e-02
-2.753604933876875605e-02 1.807097868767712501e-02
-2.408496933161190581e-02 2.116199215201231693e-02
-2.028583854374670439e-02 2.369800237663757803e-02
-1.622102313719419805e-02 2.563997030931776389e-02
-1.197721640262405796e-02 2.696053344793813977e-02
-7.643831186218957158e-03 2.764447518859968270e-02
-3.311343170065835124e-03 2.768897728734764918e-02
9.303861657703406569e-04 2.710365057678705558e-02
4.993777637879625447e-03 2.591034286653924948e-02
8.795164308788494187e-03 2.414272677490021668e-02
1.225635464207873275e-02 2.184567402451466356e-02
1.530610125400421774e-02 1.907442642404841640e-02
1.788144916241593552e-02 1.589357728876928874e-02
1.992893939125398028e-02 1.237588036607337010e-02
2.140564616275356102e-02 8.600906371139043285e-03
2.228002866198010648e-02 4.653569951183023599e-03
2.253258144508699448e-02 6.225522375381165215e-04
2.215627093380616655e-02 -3.401353927753279337e-03
2.115674903926727940e-02 -7.326947524007788870e-03
1.955233872939411699e-02 -1.106434206987067306e-02
1.737379023386925042e-02 -1.452667744181201405e-02
1.466381050493628137e-02 -1.763179069957186013e-02
1.147637348779154652e-02 -2.030381413120895678e-02
7.875819449306317027e-03 -2.247467905430744484e-02
3.935756754686632955e-03 -2.408549275351505245e-02
-2.622126208847654245e-04 -2.508775939445219427e-02
-4.629925827452453790e-03 -2.544442910477025602e-02
-9.074226105113629079e-03 -2.513075288012341438e-02
-1.349863797387780562e-02 -2.413492649323300404e-02
-1.780512257393271347e-02 -2.245851003575985438e-02
-2.189588346652511161e-02 -2.011661342464718047e-02
-2.567519207515697732e-02 -1.713784209735651556e-02
-2.905120132294882265e-02 -1.356400114091811659e-02
-3.193771591868334314e-02 -9.449560182417673926e-03
-3.425588816662272079e-02 -4.860885446476918489e-03
-3.593580912053250670e-02 1.247506088375840234e-04
-3.691796635873045851e-02 5.420367798971791225e-03
-3.715454160426862745e-02 1.093066692004414191e-02
-3.661052382427666674e-02 1.655358731470916306e-02
-3.526461627904196872e-02 2.218200887941115113e-02
-3.310991921139121857e-02 2.770557139594640589e-02
-3.015437342064274454e-02 3.301258179380166247e-02
-2.642095379733333180e-02 3.799197813731126916e-02
-2.194760594469603865e-02 4.253531781673416945e-02
-1.678692321613005009e-02 4.653875663051879052e-02
-1.100556578736391206e-02 4.990498519463193450e-02
-4.683427688493093689e-03 5.254508941257810678e-02
2.087437095466588340e-03 5.438030031551688293e-02
9.204116896645728185e-03 5.534360955196418463e-02
1.655435565247257573e-02 5.538121587722138334e-02
2.401825163936490565e-02 5.445377165548956344e-02
3.147011864930208264e-02 5.253741269186419649e-02
3.878048093399062701e-02 4.962454840213506579e-02
4.581817106181726440e-02 4.572439541153072717e-02
5.245249774246166924e-02 4.086324164400074316e-02
5.855544909425042244e-02 3.508443218745135872e-02
6.400389579020980546e-02 2.844807263197106362e-02
6.868175804204580681e-02 2.103045010840434714e-02
7.248210047986182458e-02 1.292317683213532048e-02
7.530911966315806394e-02 4.232065508773266704e-03
7.707999021018085983e-02 -4.924249588424040730e-03
7.772653734347567678e-02 -1.441592777712467910e-02
7.719670599600077232e-02 -2.410375122640617124e-02
7.545579947214775540e-02 -3.384114245046804248e-02
7.248746397101703265e-02 -4.347634080182681549e-02
6.829439900717762524e-02 -5.285470579164759652e-02
6.289877785182151904e-02 -6.182111260339254871e-02
5.634236650348914410e-02 -7.022240322514573807e-02
4.868633431598295286e-02 -7.790985524146822050e-02
4.001075419108984094e-02 -8.474162952463804022e-02
3.041379511158523452e-02 -9.058515786586350538e-02
2.001061466998781818e-02 -9.531943199844196413e-02
8.931964759245734561e-03 -9.883715416213183225e-02
-2.677473451776004286e-03 -1.010467206652042454e-01
-1.466100503893079388e-02 -1.018739993908133468e-01
-2.685205842092409229e-02 -1.012638657492134775e-01
-3.907651599428996203e-02 -9.918147666517312944e-02
-5.115520516066199286e-02 -9.561325622704998362e-02
-6.290651381710443690e-02 -9.056757319767741454e-02
-7.414909197756967829e-02 -8.407509508926647168e-02
-8.470459935730406675e-02 -7.618880829351845629e-02
-9.440045751596096157e-02 -6.698369876259645250e-02
-1.030725645439817956e-01 -5.655609288114136352e-02
-1.105679303056907870e-01 -4.502266337601498747e-02
-1.167471909269484770e-01 -3.251911029921975005e-02
-1.214869625306411599e-01 -1.919853221044985972e-02
-1.246819961653492792e-01 -5.229507599844032510e-03
-1.262470984170775967e-01 9.206088748278771702e-03
-1.261187853073438003e-01 2.391550541729320356e-02
-1.242566407206149165e-01 3.869773707651133487e-02
-1.206443547190847315e-01 5.334631381114899457e-02
-1.152904216344550065e-01 6.765221766143424131e-02
-1.082284827092899332e-01 8.140688457736257322e-02
-9.951730322337609680e-02 9.440524821294793423e-02
-8.924037940728024587e-02 1.064487808416691994e-01
-7.750517593625064205e-02 1.173484861958875580e-01
-6.444200033059717392e-02 1.269277992300842650e-01
-5.020252645074357867e-02 1.350253464524421021e-01
-3.495798418030775928e-02 1.414975311802852131e-01
-1.889703575354588147e-02 1.462208985378005699e-01
-2.223368298149400873e-03 1.490942380882847862e-01
1.484696625793356650e-02 1.500403968617929074e-01
3.208842825372520968e-02 1.490077703295441258e-01
4.926904493821832043e-02 1.459714455746649320e-01
6.615360026156198725e-02 1.409339757697130047e-01
8.250691496127683655e-02 1.339257702852607590e-01
9.809717030920031555e-02 1.250050902452446155e-01
1.126992277793857355e-01 1.142576450338194799e-01
1.260978964886473319e-01 1.017957910616508199e-01
1.380911005608012609e-01 8.775733993128408128e-02
1.484928995733048596e-01 7.230398891489835111e-02
1.571363169507415392e-01 5.561939228718743022e-02
1.638759335527432137e-01 3.790689745682157552e-02
1.685902067335542931e-01 1.938697493037814037e-02
1.711834787857862139e-01 2.943758454415079120e-04
1.715876428720034819e-01 -1.912494494721023522e-02
1.697634392361057343e-01 -3.861709855428886035e-02
1.657013596058204419e-01 -5.792367963047994478e-02
1.594221431750625362e-01 -7.678528455335281722e-02
1.509768533118502065e-01 -9.494508101820507695e-02
1.404465300907806191e-01 -1.121523787630827607e-01
1.279414198123741131e-01 -1.281661507331696426e-01
1.135997888437619285e-01 -1.427584523985001574e-01
9.758633566806466930e-02 -1.557176958275038325e-01
8.009021818732449394e-02 -1.668517271015991232e-01
6.132272255089746271e-02 -1.759906579834494000e-01
4.151460375375892742e-02 -1.829894158692105810e-01
2.091313257316776419e-02 -1.877299720282244455e-01
-2.211118178363193824e-04 -1.901232143768895599e-01
-2.161766035509730260e-02 -1.901104358858780319e-01
-4.299973723729169639e-02 -1.876644150130370725e-01
-6.408795864896583983e-02 -1.827900702129904853e-01
-8.460409605417927581e-02 -1.755246765178052060e-01
-1.042748518674442987e-01 -1.659376383258650278e-01
-1.228355948571903389e-01 -1.541298187898878791e-01
-1.400340029379610884e-01 -1.402324324695567448e-01
-1.556335620590602320e-01 -1.244055141187062064e-01
-1.694168716864959401e-01 -1.068359825214110076e-01
-1.811887098781349847e-01 -8.773532408780190806e-02
-1.907788141347841193e-01 -6.733692638454905066e-02
-1.980443380282950749e-01 -4.589309682696740555e-02
-2.028719480082326054e-01 -2.367180632572119664e-02
-2.051795297090457937e-01 -9.532016942206168481e-04
-2.049174784503014490e-01 2.197406597596221825e-02
-2.020695543669532579e-01 4.481664702512883069e-02
-1.966532886429006033e-01 6.728038103781935897e-02
-1.887199335629706209e-01 8.907421347081315166e-02
-1.783539554609156474e-01 1.099140857948428113e-01
-1.656720766841618120e-01 1.295267499851604220e-01
-1.508218766315596593e-01 1.476534517705410110e-01
-1.339799708433790648e-01 1.640534286025855659e-01
-1.153497923320394442e-01 1.785071783027745440e-01
-9.515900425336437651e-02 1.908194515851451278e-01
-7.365657852697900243e-02 2.008219268523532830e-01
-5.110957970470530326e-02 2.083755300230542284e-01
-2.779969752479273873e-02 2.133723670361096225e-01
-4.019575118513050126e-03 2.157372420222588849e-01
1.993101729613333886e-02 2.154287398601728576e-01
4.374911123170736882e-02 2.124398578593895692e-01
6.713251782209010698e-02 2.067981775514192710e-01
8.978380066490260214e-02 1.985655739332360947e-01
1.114141895698348983e-01 1.878374659037122807e-01
1.317473820015239439e-01 1.747416179722110496e-01
1.505231805854247429e-01 1.594365095094420204e-01
1.675009173466992518e-01 1.421092937659968469e-01
1.824626183415122560e-01 1.229733745194886013e-01
1.952158659734518631e-01 1.022656334474771889e-01
2.055963205121073278e-01 8.024334608686661818e-02
2.134698670847787749e-01 5.718082846470162739e-02
2.187343596270683310e-01 3.336586011168229254e-02
2.213209388784701526e-01 9.095932148458088853e-03
2.211949074145017902e-01 -1.532562857448700570e-02
2.183561510521598859e-01 -3.959360573034148567e-02
2.128391018133493628e-01 -6.340485993384431529e-02
2.047122433374805039e-01 -8.646225956050446193e-02
1.940771678994669680e-01 -1.084785212113796860e-01
1.810671986511268039e-01 -1.291799114919456315e-01
1.658455970280000580e-01 -1.483097597609151774e-01
1.486033808819616220e-01 -1.656317353121913305e-01
1.295567841188684788e-01 -1.809328458702767761e-01
1.089443933867102754e-01 -1.940261182807749285e-01
8.702400160817336250e-02 -2.047529268035992445e-01
6.406922182480628836e-02 -2.129849394004488805e-01
4.036590786926388258e-02 -2.186256577770768483e-01
1.620843076781828748e-02 -2.216115326168083544e-01
-8.104138532386943872e-03 -2.219126413426575073e-01
-3.227188853771101318e-02 -2.195329217864809834e-01
-5.599791685372342009e-02 -2.145099612386562604e-01
-7.899211873670008988e-02 -2.069143464143080868e-01
-1.009748643601111884e-01 -1.968485858166948710e-01
-1.216805164685075963e-01 -1.844456217218296556e-01
-1.408607426116018357e-01 -1.698669544710611767e-01
-1.582875792884296251e-01 -1.533004068650666296e-01
-1.737562090362244627e-01 -1.349575611340967374e-01
-1.870874157142222161e-01 -1.150709051525586057e-01
-1.981296878953097140e-01 -9.389072821584015793e-02
-2.067609453186140256e-01 -7.168180975663496213e-02
-2.128898693999023983e-01 -4.871994754929452609e-02
-2.164568219077568634e-01 -2.528837039120651262e-02
-2.174343438025277409e-01 -1.674086269898402216e-03
-2.158272336995676610e-01 2.183578382936789131e-02
-2.116722070805998335e-01 4.495764008393262484e-02
-2.050371455181468905e-01 6.741495721304097133e-02
-1.960199501403886990e-01 8.894171081240109800e-02
-1.847470187789700957e-01 1.092856326072806639e-01
-1.713713711301886600e-01 1.282112534008679749e-01
-1.560704507549825759e-01 1.455026958482740773e-01
-1.390436367858979561e-01 1.609661830268727667e-01
-1.205095017475888847e-01 1.744322330406621602e-01
-1.007028548871034268e-01 1.857575145244756698e-01
-7.987161281538091018e-02 1.948263428331873937e-01
-5.827354105503124160e-02 2.015518018381314835e-01
-3.617291125377613409e-02 2.058764815321007802e-01
-1.383711934940873647e-02 2.077728269886482959e-01
8.466690138365876722e-03 2.072430995541378052e-01
3.047494925121388420e-02 2.043189563963273558e-01
5.193089807774924765e-02 1.990606596177327825e-01
7.258768141387987594e-02 1.915559309953843159e-01
9.221127190010008912e-02 1.819184729649420129e-01
1.105831839088215474e-01 1.702861806657704757e-01
1.275029458770617075e-01 1.568190736498179250e-01
1.427903025975501006e-01 1.416969791831422520e-01
1.562871244100730583e-01 1.251170027333082524e-01
1.678589999345825867e-01 1.072908195426720418e-01
1.773964984695133307e-01 8.844182922967844251e-02
1.848160949606177939e-01 6.880221427469275508e-02
1.900607481140168253e-01 4.860994003743767528e-02
1.931001317995877375e-01 2.810573793939639964e-02
1.939305235762127655e-01 7.530111767987743635e-03
1.925743587579957228e-01 -1.287959405752414979e-02
1.890794628197971505e-01 -3.289202705942115279e-02
1.835179790518319809e-01 -5.228452504694609815e-02
1.759850121620798180e-01 -7.084564774868269688e-02
1.665970119430858487e-01 -8.837751223343351392e-02
1.554899241239478258e-01 -1.046979059607279217e-01
1.428171380834011850e-01 -1.196421549389982825e-01
1.287472631777800969e-01 -1.330647283445385853e-01
1.134617670177671123e-01 -1.448405650059993999e-01
9.715251009761760592e-02 -1.548661113242856269e-01
8.001921173522115460e-02 -1.630600644127063736e-01
6.226688232408305462e-02 -1.693638184439571759e-01
4.410325643986313243e-02 -1.737416163173099992e-01
2.573626040267059170e-02 -1.761804127519428498e-01
7.371546497018513673e-03 -1.766894587145672324e-01
-1.078987577422717802e-02 -1.752996206493921960e-01
-2.855388323998236597e-02 -1.720624512487548829e-01
-4.573533181389890373e-02 -1.670490314416311350e-01
-6.215997740699925889e-02 -1.603486071552862047e-01
-7.766620085817618757e-02 -1.520670405311740914e-01
-9.210652224922487308e-02 -1.423251063028256602e-01
-1.053488963780838256e-01 -1.312566625037148993e-01
-1.172777751508660843e-01 -1.190067194692577823e-01
-1.277949324446651935e-01 -1.057294376033230815e-01
-1.368200491709274658e-01 -9.158608271232798748e-02
-1.442910597173357734e-01 -7.674296727706303445e-02
-1.501642642626166424e-01 -6.136940519167510821e-02
-1.544142145958353751e-01 -4.563570627559111054e-02
-1.570333839859557323e-01 -2.971123528794639146e-02
-1.580316342997306889e-01 -1.376255828053290532e-02
-1.574354959225580108e-01 2.048303046118332259e-03
-1.552872780696065436e-01 1.756549072519937235e-02
-1.516440287610865134e-01 3.264078798180399671e-02
-1.465763650600274692e-01 4.713494184108235618e-02
-1.401671951236943270e-01 6.091882079062496680e-02
-1.325103541975636290e-01 7.387440027526985531e-02
-1.237091768866478286e-01 8.589557167200692622e-02
-1.138750278820621492e-01 9.688877321063170400e-02
-1.031258128160878196e-01 1.067734440273428592e-01
-9.158449008708544059e-02 1.154823051214759477e-01
-7.937760336193573629e-02 1.229614733914070890e-01
-6.663385305819823079e-02 1.291704171197902429e-01
-5.348272346471219518e-02 1.340817632307429452e-01
-4.005317856274060589e-02 1.376809703128414331e-01
-2.647244372389645495e-02 1.399658740013103864e-01
-1.286488293063217485e-02 1.409461251180536001e-01
6.490252153166913571e-04 1.406425389827089256e-01
1.395360158437833342e-02 1.390863651676113588e-01
2.693876795244312325e-02 1.363184959758952375e-01
3.950073395321193614e-02 1.323886294582140855e-01
5.154256982417831229e-02 1.273544023680669435e-01
6.297466719536870539e-02 1.212805077728795339e-01
7.371509198862084833e-02 1.142378111109758065e-01
8.368983512865907359e-02 1.063024773405220336e-01
9.283296819045690207e-02 9.755512049598979996e-02
1.010867122998958395e-01 8.807998548402584671e-02
1.084014295509809211e-01 7.796417034932368040e-02
1.147355468924180499e-01 6.729689555911617938e-02
1.200554228639906518e-01 5.616882512993853771e-02
1.243351677289429996e-01 4.467144269005914048e-02
1.275564274577034307e-01 3.289648387247922495e-02
1.297081416809955368e-01 2.093542480233946679e-02
1.307862851616820032e-01 8.879024912586581941e-03
1.307936015539552244e-01 -3.183079076148943171e-03
1.297393372491282004e-01 -1.516273241350484836e-02
1.276389819761915290e-01 -2.697358027118618162e-02
1.245140215623357638e-01 -3.853135069460394968e-02
1.203917068960157766e-01 -4.975410949079650536e-02
1.153048403421481211e-01 -6.056249699531346398e-02
1.092915836844259581e-01 -7.087994570527925142e-02
1.023952877029900982e-01 -8.063289285666987161e-02
9.466433690221905117e-02 -8.975099978625840358e-02
8.615200986100124414e-02 -9.816737637133408911e-02
7.691635018312657779e-02 -1.058188192477794165e-01
6.702004265645022940e-02 -1.126460687253863641e-01
5.653028829399556199e-02 -1.185940882179318950e-01
4.551867118177431448e-02 -1.236123687605456961e-01
3.406100951669342736e-02 -1.276552598273490158e-01
2.223718289910859430e-02 -1.306823262198638647e-01
1.013092785939171368e-02 -1.326587293049013849e-01
-2.170406247513314690e-03 -1.335556293744903922e-01
-1.457614844996286962e-02 -1.333506044154959547e-01
-2.699265130754896491e-02 -1.320280791484882421e-01
-3.932369597561833491e-02 -1.295797568590112137e-01
-5.147096208715461890e-02 -1.260050453331209019e-01
-6.333456608079073014e-02 -1.213114671543184669e-01
-7.481367015813920884e-02 -1.155150437495205962e-01
-8.580716246115277501e-02 -1.086406419129417184e-01
-9.621440735101551012e-02 -1.007222711103809010e-01
-1.059360628772410967e-01 -9.180331968985364077e-02
-1.148749606847380700e-01 -8.193671821057564586e-02
-1.229370417548371341e-01 -7.118501845885143176e-02
-1.300323395519835112e-01 -5.962037734915302117e-02
-1.360759997393434506e-01 -4.732443290946561354e-02
-1.409893252543563957e-01 -3.438807269182468651e-02
-1.447008355107594069e-01 -2.091108086926617149e-02
-1.471473216302894849e-01 -7.001652517274640358e-03
-1.482748831648856569e-01 7.224219739191422088e-03
-1.480399296449574631e-01 2.164349148183757759e-02
-1.464101296395708685e-01 3.612694427315301521e-02
-1.433652896858691461e-01 5.054019276855695186e-02
-1.388981454224406387e-01 6.474481611694184180e-02
-1.330150475568450952e-01 7.859960619622860523e-02
-1.257365259178691852e-01 9.196192283524533273e-02
-1.170977157893917653e-01 1.046891438299370203e-01
-1.071486319903143525e-01 1.166401953144124426e-01
-9.595427774333324666e-02 1.276771459389285102e-01
-8.359457724814692292e-02 1.376668463796386355e-01
-7.016412302015138935e-02 1.464825939988015913e-01
-5.577173144661021209e-02 1.540058010264066801e-01
-4.053980261657604001e-02 1.601276434786314262e-01
-2.460348326184508272e-02 1.647506671949227064e-01
-8.109634563323489531e-03 1.677903268887978860e-01
8.784390413616645701e-03 1.691764339875288514e-01
2.591215183659671684e-02 1.688544892968802946e-01
4.309969990694987457e-02 1.667868771772244019e-01
6.016730947590123724e-02 1.629538989585753717e-01
7.693135571354793589e-02 1.573546247499310047e-01
9.320631145198883527e-02 1.500075418802808147e-01
1.088068425241484061e-01 1.409509912857928315e-01
1.235499801855422242e-01 1.302433722665676530e-01
1.372573426691596488e-01 1.179630980930185813e-01
1.497573768201113931e-01 1.042083022219487259e-01
1.608875912518504814e-01 8.909628729387758517e-02
1.704967508164435541e-01 7.276271519174333513e-02
1.784470017026522082e-01 5.536054006344941908e-02
1.846158964389652546e-01 3.705868991656920824e-02
1.888982884965694775e-01 1.804050612815871757e-02
1.912080670650780911e-01 -1.498046080338054191e-03
1.914797039101244769e-01 -2.135037953087477389e-02
1.896695860079882501e-01 -4.130147918676171925e-02
1.857571098723964920e-01 -6.113026502605223289e-02
1.797455161196811757e-01 -8.061209722573789427e-02
1.716624458309015111e-01 -9.952139446614549634e-02
1.615602036272373310e-01 -1.176343337907384268e-01
1.495157160358210890e-01 -1.347315984776512321e-01
1.356301776396306724e-01 -1.506011388340877666e-01
1.200283816247367102e-01 -1.650409097457143925e-01
1.028577356046331270e-01 -1.778615482264695735e-01
8.428696795485851601e-02 -1.888889541389510152e-01
6.450453426947684588e-02 -1.979667377035613796e-01
4.371673789057168441e-02 -2.049584983900669399e-01
2.214558269850107342e-02 -2.097499012845258637e-01
2.637976142540542933e-05 -2.122505169123471702e-01
-2.239486307792455666e-02 -2.123954012741710307e-01
-4.486424281752260379e-02 -2.101463862429156504e-01
-6.712292118473354996e-02 -2.054930523083368932e-01
-8.891020461448537193e-02 -1.984533707529863578e-01
-1.099667074249318088e-01 -1.890739982512803230e-01
-1.300375582966640520e-01 -1.774302132261714460e-01
-1.488756088134055300e-01 -1.636254879530696649e-01
-1.662446020256099499e-01 -1.477906952234724069e-01
-1.819222587739696140e-01 -1.300829533049661646e-01
-1.957032398699424247e-01 -1.106841178911397716e-01
-2.074019431791192525e-01 -8.979893465432781108e-02
-2.168550961861549498e-01 -6.765287082534629515e-02
-2.239241067241115601e-01 -4.448964885747574982e-02
-2.284971372049959537e-01 -2.056850961848341597e-02
-2.304908708623553126e-01 3.838763371278117436e-03
-2.298519421734554757e-01 2.845102343677916729e-02
-2.265580077228083467e-01 5.298110549626244836e-02
-2.206184382487744178e-01 7.713929478901555836e-02
-2.120746174225830727e-01 1.006368760579249982e-01
-2.009998379809408986e-01 1.231897179749477100e-01
-1.874987911014741049e-01 1.445218465096859417e-01
-1.717066503029986979e-01 1.643689604748312938e-01
-1.537877565958909454e-01 1.824818426513551972e-01
-1.339339170259664646e-01 1.986296207060427865e-01
-1.123623333324145213e-01 2.126028322224665645e-01
-8.931318619365138933e-02 2.242162553075679465e-01
-6.504689948733048677e-02 2.333114633659623127e-01
-3.984111601339401787e-02 2.397590643282137002e-01
-1.398742348703839455e-02 2.434605956403889104e-01
1.221213025826183018e-02 2.443500455512265523e-01
3.844868966488509954e-02 2.423949770537563997e-01
6.441036558292061176e-02 2.375972358927486427e-01
8.978608321220281352e-02 2.299932294054214954e-01
1.142694544914361621e-01 2.196537685487511549e-01
1.375626247937729585e-01 2.066834712070305113e-01
1.593800436849656110e-01 1.912197306897660543e-01
1.794521100782215939e-01 1.734312591426594996e-01
1.975286433765258143e-01 1.535162213228213612e-01
2.133821341162872587e-01 1.316999797536519967e-01
2.268107301940729126e-01 1.082324775968787761e-01
2.376409179400504057e-01 8.338529058382798675e-02
2.457298610579001508e-01 5.744838396387003110e-02
2.509673647333878210e-01 3.072661458883962568e-02
2.532774369668360226e-01 3.536021897819405495e-03
2.526194243458089739e-01 -2.380004535642064184e-02
2.489887049747777081e-01 -5.095491733555449626e-02
2.424169270445742375e-01 -7.760265518396404494e-02
2.329717874781953579e-01 -1.034221146923074014e-01
2.207563511500756914e-01 -1.281009688805289926e-01
2.059079169151862843e-01 -1.513396364257721116e-01
1.885964444401724560e-01 -1.728550664303594164e-01
1.690225587735303403e-01 -1.923843288445627464e-01
1.474151566130131319e-01 -2.096879615001656649e-01
1.240286449727677348e-01 -2.245530313774861675e-01
9.913984624066488061e-02 -2.367958687887010694e-01
7.304460864394010655e-02 -2.462644379215404578e-01
4.605416516379103042e-02 -2.528403118750638390e-01
1.849128739507943306e-02 -2.564402254506428780e-01
-9.313716313210550907e-03 -2.570171844674298822e-01
-3.702710691814687510e-02 -2.545611161780825249e-01
-6.431587193012397452e-02 -2.490990513885608382e-01
-9.085188004882048529e-02 -2.406948350533942849e-01
-1.163159793267314890e-01 -2.294483683407846364e-01
-1.404019856608183514e-01 -2.154943913552357371e-01
-1.628205097908926036e-01 -1.990008217842828553e-01
-1.833025730599480985e-01 -1.801666706170513832e-01
-2.016029649391718748e-01 -1.592195616851398432e-01
-2.175032987018281627e-01 -1.364128870238495994e-01
-2.308147255998265202e-01 -1.120226348720604337e-01
-2.413802724005567613e-01 -8.634393145600864627e-02
-2.490767721180808802e-01 -5.968734147658199402e-02
-2.538163631540074627e-01 -3.237497538990510154e-02
-2.555475377757259192e-01 -4.736454093726694126e-03
-2.542557268249462932e-01 2.289521652676962740e-02
-2.499634140359874301e-01 5.018780720728367728e-02
-2.427297783737811798e-01 7.681401043914078131e-02
-2.326498699893889133e-01 1.024555142506687055e-01
-2.198533325380126469e-01 1.268069513499786860e-01
-2.045026884665190892e-01 1.495796740226509047e-01
-1.867912108428531615e-01 1.705053058222622819e-01
-1.669404104559987223e-01 1.893390246259878951e-01
-1.451971719179977471e-01 2.058625352977057621e-01
-1.218305770358396600e-01 2.198866944228697329e-01
-9.712845772996216154e-02 2.312537542937831980e-01
-7.139372420431265576e-02 2.398391984650041775e-01
-4.494051687525960070e-02 2.455531466948904784e-01
-1.809023270678612391e-02 2.483413128644788304e-01
8.832521949671528344e-03 2.481855054390499637e-01
3.550399916802632339e-02 2.451036661284469176e-01
6.160534503998197492e-02 2.391494485257172897e-01
8.682655085542095863e-02 2.304113445760241352e-01
1.108702690596142654e-01 2.190113726661391258e-01
1.334554452339384301e-01 2.051033468484921851e-01
1.543207200504997934e-01 1.888707521453482086e-01
1.732275584605015573e-01 1.705242559452495310e-01
1.899630672429186151e-01 1.502988901378604636e-01
2.043424664081247843e-01 1.284509427735720244e-01
2.162111847578997159e-01 1.052546016266513451e-01
2.254465550802950136e-01 8.099839503923590700e-02
2.319590909864655548e-01 5.598147838829821421e-02
2.356933291489916038e-01 3.050981333474899956e-02
2.366282306971258798e-01 4.892292703599629422e-03
2.347771429089769435e-01 -2.056313758509072456e-02
2.301873223635250432e-01 -4.555331116383964929e-02
2.229390304571194636e-01 -6.978357818479877239e-02
2.131442168915553825e-01 -9.297139885865357556e-02
2.009448120728824227e-01 -1.148497481391926034e-01
1.865106543641433801e-01 -1.351702890438766791e-01
1.700370827449790290e-01 -1.537062755674498127e-01
1.517422295861426129e-01 -1.702551501103023446e-01
1.318640518939862283e-01 -1.846408047471065905e-01
1.106571424729494990e-01 -1.967154804396655521e-01
8.838936495520370584e-02 -2.063612833817004555e-01
6.533835852668162802e-02 -2.134913029794680561e-01
4.178795941752159321e-02 -2.180503214450345839e-01
1.802458681143537592e-02 -2.200151105315513722e-01
-5.666359239116399577e-03 -2.193943164943745749e-01
-2.900404101934665052e-02 -2.162279398413879117e-01
-5.171562195204205958e-02 -2.105864217652517745e-01
-7.353955741228131171e-02 -2.025693542571463390e-01
-9.422869649925889879e-02 -1.923038357173822155e-01
-1.135531567587104301e-01 -1.799424983392656774e-01
-1.313029373825909951e-01 -1.656612375907412504e-01
-1.472902403731303211e-01 -1.496566777019185390e-01
-1.613514749732138376e-01 -1.321434113144311362e-01
-1.733489198672895082e-01 -1.133510485762521808e-01
-1.831720279381032768e-01 -9.352112112931167121e-02
-1.907383659827643907e-01 -7.290388536870830161e-02
-1.959941785887935051e-01 -5.175506459140880033e-02
-1.989145759409005065e-01 -3.033257523308970430e-02
-1.995033492357627669e-01 -8.893280450754265445e-03
-1.977924223403683124e-01 1.231018674048870408e-02
-1.938409530951525628e-01 3.303249018356321093e-02
-1.877341021718155756e-01 5.303850870675015650e-02
-1.795814915874355266e-01 7.210606986959779141e-02
-1.695153787967004499e-01 9.002846663745500688e-02
-1.576885756841831521e-01 1.066167278004296615e-01
-1.442721447166900040e-01 1.217016168059610604e-01
-1.294529069571312974e-01 1.351353378154353801e-01
-1.134307985590247148e-01 1.467929321612523597e-01
-9.641611373552497199e-02 1.565733529059867013e-01
-7.862667301774534101e-02 1.644002098228971587e-01
-6.028495588126195348e-02 1.702221817597508180e-01
-4.161523653233741016e-02 1.740130979490779051e-01
-2.284076081977415296e-02 1.757716943224643114e-01
-4.181000895252684306e-03 1.755210552117335010e-01
1.415097758739959459e-02 1.733077549166915088e-01
3.195100323053243208e-02 1.692007174325649843e-01
4.902611180573003546e-02 1.632898161103916168e-01
6.519665908148288003e-02 1.556842400061150267e-01
8.029820656633793186e-02 1.465106481097171176e-01
9.418316115853891946e-02 1.359111466339426588e-01
1.067221573911231181e-01 1.240411239968462614e-01
1.178051663097672563e-01 1.110669702397243386e-01
1.273423242212704254e-01 9.716371668378119553e-02
1.352644776246574032e-01 8.251262974253989468e-02
1.415234446950980329e-01 6.729879259722056084e-02
1.460919976511987628e-01 5.170870775189898710e-02
1.489635741423327442e-01 3.592795233410502748e-02
1.501517293914524653e-01 2.013891642105754276e-02
1.496893441712270900e-01 4.518652684459739492e-03
1.476276067330830333e-01 -1.076313670434316146e-02
1.440347895108310960e-01 -2.554595263923124110e-02
1.389948437499556044e-01 -3.968017079098750538e-02
1.326058371434848115e-01 -5.302851531301255861e-02
1.249782610654252696e-01 -6.546732073014627229e-02
1.162332350695755995e-01 -7.688757165863424614e-02
1.065006369585854984e-01 -8.719571352632060623e-02
9.591718692572893945e-02 -9.631423099031821700e-02
8.462451403712889508e-02 -1.041819942306978081e-01
7.276723266875499696e-02 -1.107543766809065966e-01
6.049105546031505881e-02 -1.160031509889961204e-01
4.794096792289674613e-02 -1.199161730419194688e-01
3.525948806992338508e-02 -1.224968666857273458e-01
2.258503126103746442e-02 -1.237635267431069774e-01
1.005040143415586451e-02 -1.237484497977720949e-01
-2.218574177148430106e-03 -1.224969180486054077e-01
-1.410425727304069621e-02 -1.200660615374229412e-01
-2.549824410188575308e-02 -1.165236129576215779e-01
-3.630223714354823689e-02 -1.119465803769633255e-01
-4.642873800834487752e-02 -1.064198609651523936e-01
-5.580155966057429723e-02 -1.000348188240834935e-01
-6.435615897232846438e-02 -9.288784965532541349e-02
-7.203979339929254821e-02 -8.507895428100924196e-02
-7.881150820276044966e-02 -7.671034198176317209e-02
-8.464196308180028938e-02 -6.788508325467047799e-02
-8.951310929105224523e-02 -5.870582995596936027e-02
-9.341773027216614123e-02 -4.927361891187518467e-02
-9.635886049445180346e-02 -3.968677299435000028e-02
-9.834909856226863034e-02 -3.003991140739825649e-02
-9.940983168790637481e-02 -2.042307855600804245e-02
-9.957038933978336337e-02 -1.092099841787596073e-02
-9.886714425307573106e-02 -1.612458851721522944e-03
-9.734257903549585478e-02 7.430172200801741199e-03
-9.504433632260111953e-02 1.614129908697804414e-02
-9.202426984787476227e-02 2.446232218687340379e-02
-8.833751291114873283e-02 3.234173802580139062e-02
-8.404157957773675247e-02 3.973512278240891316e-02
-7.919551254718061595e-02 4.660500804943912279e-02
-7.385908952214463585e-02 5.292066198300546948e-02
-6.809209891595120745e-02 5.865777930546163532e-02
-6.195369568681609318e-02 6.379809887390051892e-02
-5.550184094966353204e-02 6.832896791667322778e-02
-4.879283077372462141e-02 7.224285883670204800e-02
-4.188091670016831636e-02 7.553685569064159944e-02
-3.481801830270100234e-02 7.821212464568011447e-02
-2.765352608305838428e-02 8.027338234292924479e-02
-2.043419105745231112e-02 8.172837545068810383e-02
-1.320409558461159427e-02 8.258738378991890838e-02
-6.004698343518090863e-03 8.286275827999993460e-02
1.125055081637011843e-03 8.256850361120993131e-02
8.148565785176744777e-03 8.171991403093920026e-02
1.503137006359694418e-02 8.033326896577158704e-02
2.174089439140323987e-02 7.842559342616099716e-02
2.824618883657802407e-02 7.601448629099416543e-02
3.451765110619035848e-02 7.311801768349922293e-02
4.052675334233304949e-02 6.975469476573140093e-02
4.624578344873908620e-02 6.594349343395583540e-02
5.164761212801299156e-02 6.170395162839390629e-02
5.670549596217225319e-02 5.705631831312646396e-02
6.139292579346751488e-02 5.202175066832697564e-02
6.568352838082072709e-02 4.662255069748094671e-02
6.955102784608983846e-02 4.088243131352292670e-02
7.296927181347637181e-02 3.482680105273297522e-02
7.591232548885316900e-02 2.848305334298317781e-02
7.835463364054812141e-02 2.188085608280668226e-02
8.027125314179597848e-02 1.505242452186003090e-02
8.163815206774571731e-02 8.032759936681095961e-03
8.243257032427803166e-02 8.598502707777215363e-04
8.263343649328042106e-02 -6.425180659592944453e-03
8.222183325636300832e-02 -1.377798542485196912e-02
8.118150222560688301e-02 -2.115097559805291863e-02
7.949937764458464562e-02 -2.849338226280963629e-02
7.716613725458232320e-02 -3.575140040082560450e-02
7.417675767522570462e-02 -4.286842143498853508e-02
7.053106094719018004e-02 -4.978535635985933960e-02
6.623423844461083509e-02 -5.644104994888115429e-02
6.129733819879371048e-02 -6.277278452299590861e-02
5.573770179053202933e-02 -6.871686973632051831e-02
4.957933736831109106e-02 -7.420931281969871118e-02
4.285321603132334622e-02 -7.918656176105610955e-02
3.559747977173194355e-02 -8.358631203078065175e-02
2.785755038715105603e-02 -8.734836571787381321e-02
1.968613023409696711e-02 -9.041553036356088369e-02
1.114308737382842251e-02 -9.273454339609865649e-02
2.295219536891864552e-03 -9.425700691329375047e-02
-6.784106628684476691e-03 -9.494031665371979734e-02
-1.601544239210025977e-02 -9.474856836566418472e-02
-2.531386896222731150e-02 -9.365342444175395187e-02
-3.458973191269670844e-02 -9.163492147120796960e-02
-4.374949015436607747e-02 -8.868220822180927776e-02
-5.269667504722778256e-02 -8.479419396579507273e-02
-6.133294892259011366e-02 -7.998008674500774184e-02
-6.955924900126651822e-02 -7.425981389318490888e-02
-7.727700344122928611e-02 -6.766431005036464830e-02
-8.438940354651373876e-02 -6.023566167410131927e-02
-9.080271460304854825e-02 -5.202709904129525914e-02
-9.642760649498051395e-02 -4.310282893676121996e-02
-1.011804842250392245e-01 -3.353770360721516214e-02
-1.049847977383020353e-01 -2.341672408556934315e-02
-1.077723100493686720e-01 -1.283437862067605961e-02
-1.094843026122650359e-01 -1.893819639921006954e-03
-1.100726971587434183e-01 9.294114617423054545e-03
-1.095010738667673567e-01 2.061202497420736024e-02
-1.077455667038082210e-01 3.193721126259962267e-02
-1.047956181102901313e-01 4.314305341428129742e-02
-1.006545768325223522e-01 5.410049742727236766e-02
-9.534012466162063160e-02 6.467962780817192170e-02
-8.888452005979462223e-02 7.475130619408670851e-02
-8.133464912757201737e-02 8.418885423998129225e-02
-7.275187705012832462e-02 9.286975754636715708e-02
-6.321169601895670898e-02 1.006773664264247609e-01
-5.280316861428549502e-02 1.075025686931123936e-01
-4.162816870876036995e-02 1.132454094024329394e-01
-2.980042457553225277e-02 1.178166308698503778e-01
-1.744437480283565420e-02 1.211391136748888597e-01
-4.693845247989809552e-03 1.231491923229395824e-01
8.309438477194480699e-03 1.237978192419950663e-01
2.141748404424003230e-02 1.230515618763125263e-01
3.447779223112020647e-02 1.208934128003986697e-01
4.733522158022118731e-02 1.173233967228803354e-01
5.983393389646540078e-02 1.123589608880785767e-01
7.181939487037707071e-02 1.060351382787051988e-01
8.314040274616621429e-02 9.840447613566147278e-02
9.365111697305311678e-02 8.953672559607077364e-02
1.032130582004905650e-01 7.951829166073938471e-02
1.116970508201022838e-01 6.845144618690844618e-02
1.189850795281698209e-01 5.645331010927837762e-02
1.249720320849772581e-01 4.365461456865432632e-02
1.295673015772395853e-01 3.019825401970907541e-02
1.326962230365084094e-01 1.623764764442773775e-02
1.343013212126292488e-01 1.934928464346105008e-03
1.343433486234138496e-01 -1.254101762649359464e-02
1.328020956700086408e-01 -2.701663814106078018e-02
1.296769575866351942e-01 -4.131589860597533609e-02
1.249872462429090503e-01 -5.526253665565925011e-02
1.187722382916528291e-01 -6.868235531728154875e-02
1.110909548058714863e-01 -8.140552415700426370e-02
1.020216713229532834e-01 -9.326885637065521206e-02
9.166116072348269583e-02 -1.041180283009570939e-01
8.012367727691482866e-02 -1.138097139795077872e-01
6.753968983603957088e-02 -1.222136013411313782e-01
5.405437868091246545e-02 -1.292142570316296146e-01
3.982591505591698278e-02 -1.347128163342786455e-01
2.502354375804598588e-02 -1.386284710984212187e-01
9.825492867432101748e-03 -1.408997324607968449e-01
-5.583262532493743838e-03 -1.414854480672824433e-01
-2.101335339959830434e-02 -1.403655567485949385e-01
-3.627345529595844831e-02 -1.375415671337558154e-01
-5.117277965297151177e-02 -1.330367504505366172e-01
-6.552358381159389955e-02 -1.268960417095411353e-01
-7.914366527939092899e-02 -1.191856475416180339e-01
-9.185880550852811022e-02 -1.099923630981660960e-01
-1.035051288617130222e-01 -9.942260457028422038e-02
-1.139313432957491934e-01 -8.760116797469781613e-02
-1.230008306466547907e-01 -7.466972883131842154e-02
-1.305935562307069531e-01 -6.078510115973551065e-02
-1.366077697595639573e-01 -4.611727779257523280e-02
-1.409614722751234839e-01 -3.084727728815248732e-02
-1.435936269047914937e-01 -1.516482567269203385e-02
-1.444650946781432521e-01 7.340961922824439274e-04
-1.435592803838683651e-01 1.664980667954692878e-02
-1.408824774289851312e-01 3.238154428032227056e-02
-1.364639048341149685e-01 4.773011948160263418e-02
-1.303554336919481860e-01 6.250055972087792400e-02
-1.226310058832609795e-01 7.650471491599011853e-02
-1.133857493260583688e-01 8.956378467733988602e-02
-1.027348010252282368e-01 1.015107285910068491e-01
-9.081185325831950261e-02 1.121925297883637207e-01
-7.776744115047032335e-02 1.214722782968466197e-01
-6.376699407610574022e-02 1.292310443732217484e-01
-4.898867678234150591e-02 1.353695148284106142e-01
-3.362104923319824551e-02 1.398093685638472916e-01
-1.786057687757462015e-02 1.424943711088085541e-01
-1.909025305933765909e-03 1.433911718260285351e-01
1.402922495437469545e-02 1.424897915842214813e-01
2.974990647564687216e-02 1.398037930219104275e-01
4.505159801550624732e-02 1.353701299850693374e-01
5.973842465557108877e-02 1.292486772471722611e-01
7.362268732867703613e-02 1.215214461486454484e-01
8.652738494457673513e-02 1.122914962574736442e-01
9.828859373042986292e-02 1.016815574885041595e-01
1.087576703223633312e-01 8.983238126216530617e-02
1.178032475518124705e-01 7.690084317278539361e-02
1.253129947318558646e-01 6.305782321491203157e-02
1.311951175241249101e-01 4.848589282981759230e-02
1.353795761096649175e-01 3.337684083574912058e-02
1.378190043453363101e-01 1.792907265237708367e-02
1.384893168041523293e-01 2.344919086824757450e-03
1.373899950437622308e-01 -1.317210620281982630e-02
1.345440495762107724e-01 -2.842006673231679825e-02
1.299976562923176038e-01 -4.320133912002908916e-02
1.238194735614164127e-01 -5.732528328233025411e-02
1.160996499245691010e-01 -7.061081404876683176e-02
1.069485361289298775e-01 -8.288883664480581337e-02
9.649511978561733927e-02 -9.400451189470374058e-02
8.488520489239217981e-02 -1.038193194195395769e-01
7.227936210318877674e-02 -1.122128899882712388e-01
5.885067889548167147e-02 -1.190845814812614423e-01
4.478234163537118256e-02 -1.243547765982686432e-01
3.026508392705375139e-02 -1.279658844330713030e-01
1.549453752268543406e-02 -1.298830322865701381e-01
6.685234325332116900e-04 -1.300944385373643264e-01
-1.401567830653023886e-02 -1.286114619684236848e-01
-2.836404148593131558e-02 -1.254683275935346287e-01
-4.218845078719218183e-02 -1.207215336696264019e-01
-5.530926549348365306e-02 -1.144489491528039721e-01
-6.755775369821785670e-02 -1.067486152898550478e-01
-7.877836278677888271e-02 -9.773726926807940751e-02
-8.883079439226131135e-02 -8.754861181241838097e-02
-9.759185491103000709e-02 -7.633134426185116117e-02
-1.049570559664113473e-01 -6.424700392346165134e-02
-1.108419428800651585e-01 -5.146762934462794509e-02
-1.151831331962837046e-01 -3.817328951990794222e-02
-1.179390515434279446e-01 -2.454951459877543693e-02
-1.190903523327596913e-01 -1.078466027762407450e-02
-1.186400236196726854e-01 2.932752854283359606e-03
-1.166131731755830625e-01 1.641668307981938163e-02
-1.130565017064299599e-01 2.948616158349430527e-02
-1.080374718844436810e-01 4.196779802588199854e-02
-1.016431866378176285e-01 5.369816198906340876e-02
-9.397899432682021992e-02 6.452600655567257426e-02
-8.516684234887368643e-02 7.431430271121329534e-02
-7.534340430172202507e-02 8.294205614018251849e-02
-6.465800904046148379e-02 9.030588127764294093e-02
-5.327040274410319715e-02 9.632131112962342978e-02
-4.134837742009429828e-02 1.009238253331468382e-01
-2.906530108749155392e-02 1.040695831303634356e-01
-1.659758616544582815e-02 1.057358523181693155e-01
-4.122133335412634346e-03 1.059211297391366435e-01
8.186211666683393048e-03 1.046449534342509397e-01
2.015715123964715791e-02 1.019474111148541556e-01
3.162734291488818877e-02 9.788835406275452067e-02
4.244268543961768336e-02 9.254632986748430323e-02
5.246045118157902087e-02 8.601725149437786100e-02
6.155123453061213390e-02 7.841282398607168913e-02
6.960068885310817521e-02 6.985875357703252853e-02
7.651102783341916236e-02 6.049276709472738850e-02
8.220227066124663473e-02 5.046247218688258013e-02
8.661321425281723330e-02 3.992309286843704480e-02
8.970212140414246527e-02 2.903510960211122191e-02
9.144711431350155406e-02 1.796184272812603039e-02
9.184627053146746101e-02 6.867019427748062912e-03
9.091742306351380254e-02 -4.087644739442490398e-03
8.869766918728391736e-02 -1.474481215886309753e-02
8.524259746052066655e-02 -2.495380243407483573e-02
8.062524656264902223e-02 -3.457275120814414654e-02
7.493481355547224054e-02 -4.347061713631220070e-02
6.827513280765135084e-02 -5.152900808130139038e-02
6.076295014929890270e-02 -5.864380049535481559e-02
5.252601975811710400e-02 -6.472652922506953732e-02
4.370105378404474245e-02 -6.970552857528929114e-02
3.443155675897994344e-02 -7.352680934097027832e-02
2.486557838265531992e-02 -7.615466060124435888e-02
1.515341930360842963e-02 -7.757196930503938714e-02
5.445325011787723567e-03 -7.778025499765049700e-02
-4.110797078837195688e-03 -7.679942137655607071e-02
-1.337160285054737711e-02 -7.466723065642819068e-02
-2.220044559145450264e-02 -7.143851090250467883e-02
-3.046938717788506834e-02 -6.718411049499149745e-02
-3.806105658728235058e-02 -6.198961765456831308e-02
-4.487032851711240250e-02 -5.595386643378211233e-02
-5.080579780631610393e-02 -4.918725370920025430e-02
-5.579102863386769390e-02 -4.180989444817001521e-02
-5.976556063274671843e-02 -3.394964650065229045e-02
-6.268566034824045452e-02 -2.574003147318109155e-02
-6.452480568771588876e-02 -1.731808724555254295e-02
-6.527389817284612317e-02 -8.822189623611463929e-03
-6.494120345365197999e-02 -3.898720776568230669e-04
-6.355202227659580150e-02 7.844321172341820955e-03
-6.114809903147980924e-02 1.575091571560112078e-02
-5.778677901306909087e-02 2.320748937212053012e-02
-5.353992935257681496e-02 3.010052640769443968e-02
-4.849264214330319123e-02 3.632711564086524986e-02
-4.274174154974832301e-02 4.179646712870860314e-02
-3.639411960122621026e-02 4.643122508552363636e-02
-2.956492788583114581e-02 5.016855798708988456e-02
-2.237565444124983705e-02 5.296101039077238254e-02
-1.495211675493031238e-02 5.477710480189519615e-02
-7.422402914350319236e-03 5.560168587968306042e-02
8.520642695380917762e-05 5.543600333960525817e-02
7.444302488009136437e-03 5.429753400969888899e-02
1.453236682088161064e-02 5.221954757258939067e-02
2.123271230953251501e-02 4.925042450927692023e-02
2.743631660947203066e-02 4.545273859372873926e-02
3.304351977960644920e-02 4.090211990988176782e-02
3.796556013916037309e-02 3.568591771924770756e-02
4.212592505933021592e-02 2.990168554667160458e-02
4.546149642814478753e-02 2.365551352778194616e-02
4.792347329301369085e-02 1.706023676009235310e-02
4.947806071151084062e-02 1.023354473901641817e-02
5.010691244943010075e-02 3.296024553737885669e-03
4.980732165486655150e-02 -3.630827306097616537e-03
4.859215989603941910e-02 -1.042659694523333583e-02
4.648956599857588523e-02 -1.697391591507872374e-02
4.354239093437987235e-02 -2.316036384757277217e-02
3.980740883823336018e-02 -2.888028088897768436e-02
3.535430787837672700e-02 -3.403646151295332961e-02
3.026447812690837361e-02 -3.854170329396533479e-02
2.462961671213009796e-02 -4.232018663153863658e-02
1.855017333973295671e-02 -4.530866419386375687e-02
1.213366170010072090e-02 -4.745744195091997075e-02
5.492864298129441353e-03 -4.873113704279641301e-02
-1.256040180495979208e-03 -4.910920132431991630e-02
-7.995396739969413968e-03 -4.858620318519664416e-02
-1.460801032354597240e-02 -4.717186410603212143e-02
-2.097906744015771291e-02 -4.489085031375203427e-02
-2.699801251455596560e-02 -4.178232378356706855e-02
-3.256034913703591271e-02 -3.789926063765904768e-02
-3.756933768694019349e-02 -3.330754865359616262e-02
-4.193756254853088505e-02 -2.808487906088102948e-02
-4.558834429959318646e-02 -2.231945101802491893e-02
-4.845697479693254067e-02 -1.610851007526019688e-02
-5.049175596747926958e-02 -9.556744494470189449e-03
-5.165482575350945071e-02 -2.774566601037453326e-03
-5.192276078423000568e-02 4.123696180049978878e-03
-5.128694438650083232e-02 1.102166988305287865e-02
-4.975369435849811423e-02 1.780282939513308169e-02
-4.734415098351763690e-02 2.435239361986912821e-02
-4.409392690195607784e-02 3.055918918994980638e-02
-4.005252501664852138e-02 3.631745306444947308e-02
-3.528253427303217754e-02 4.152854539942113510e-02
-2.985861665554589983e-02 4.610254558373547140e-02
-2.386630202044405513e-02 4.995970626013604421e-02
-1.740061039160862785e-02 5.303174247271986996e-02
-1.056452403322518697e-02 5.526293575872086999e-02
-3.467333939748284358e-03 5.661103599127820241e-02
3.777112686374935191e-03 5.704794703271458961e-02
1.105223589466364231e-02 5.656018572258291605e-02
1.824058825418815519e-02 5.514910734599316744e-02
2.522573220730238430e-02 5.283089444781374766e-02
3.189409966881069647e-02 4.963630961814319981e-02
3.813680438343494683e-02 4.561021661438119379e-02
4.385137837399157024e-02 4.081087784617216246e-02
4.894340508399219747e-02 3.530903977372314845e-02
5.332802352012644409e-02 2.918682110209601735e-02
5.693127980420135265e-02 2.253642174180865015e-02
5.969130501623121088e-02 1.545867330121184803e-02
6.155930101037504487e-02 8.061454335155647175e-03
6.250031863087901485e-02 4.579965479457659742e-04
6.249381785811615464e-02 -7.234893603506669171e-03
6.153399970446889189e-02 -1.489866831956505877e-02
5.962990500428536761e-02 -2.241489569465180201e-02
5.680528020775099662e-02 -2.966711404977193794e-02
5.309821222366600119e-02 -3.654265333516285019e-02
4.856053853220868716e-02 -4.293439496026753288e-02
4.325704232398708965e-02 -4.874244245349686894e-02
3.726444579282053166e-02 -5.387567683358367859e-02
3.067021786374595285e-02 -5.825317246310832836e-02
2.357121552528751093e-02 -6.180545142192920421e-02
1.607218051099077241e-02 -6.447555704679552857e-02
8.284115299598821328e-03 -6.621993019103254718e-02
3.225642417173906883e-04 -6.700907491791600890e-02
-7.694172954715756095e-03 -6.682800370235141008e-02
-1.564686715883307697e-02 -6.567645572383075392e-02
-2.341719641070307695e-02 -6.356888543324025476e-02
-3.088956433236919250e-02 -6.053422220952218297e-02
-3.795287188908130077e-02 -5.661540553164267492e-02
-4.450221485895431567e-02 -5.186870361951635700e-02
-5.044048062998351956e-02 -4.636282688865500656e-02
-5.567981961819574999e-02 -4.017785076383845883e-02
-6.014296866185898927e-02 -3.340396535673879203e-02
-6.376440616017363394e-02 -2.614007218480447758e-02
-6.649132145125218052e-02 -1.849225045218681404e-02
-6.828438386975563268e-02 -1.057211821490547897e-02
-6.911830073782856965e-02 -2.495112042466260827e-03
-6.898215525962279882e-02 5.621286041772432379e-03
-6.787952042392991769e-02 1.365934453387643126e-02
-6.582834839040985209e-02 2.150287559903950318e-02
-6.286063781669887218e-02 2.903899652585437835e-02
-5.902188532049756214e-02 3.615983202125009482e-02
-5.437033065824083133e-02 4.276413093303708252e-02
-4.897600842408085520e-02 4.875877245411378014e-02
-4.291962207875441027e-02 5.406013872094178607e-02
-3.629125886014030605e-02 5.859533293786746422e-02
-2.918896656298227213e-02 6.230322470155286174e-02
-2.171721526643826880e-02 6.513530702437937692e-02
-1.398526880252355491e-02 6.705635261601299024e-02
-6.105492070003798455e-03 6.804486022852683502e-02
1.808378812755956095e-03 6.809328524987938447e-02
9.642976068826251274e-03 6.720805218846924445e-02
1.728702207784036868e-02 6.540935017215762648e-02
2.463300641243761774e-02 6.273071603258183193e-02
3.157879192145648245e-02 5.921841290449995215e-02
3.802912495934820947e-02 5.493061548660185811e-02
4.389702652912062103e-02 4.993641613344636937e-02
4.910504313944973054e-02 4.431466872995704770e-02
5.358633854129633139e-02 3.815268979628054502e-02
5.728561016605152739e-02 3.154483844256178449e-02
6.015981718314144383e-02 2.459099954616705830e-02
6.217870987863435839e-02 1.739499208323809151e-02
6.332515267202909470e-02 1.006293052324178788e-02
6.359523830849271586e-02 2.701567695067649041e-03
6.299819269153751622e-02 -4.583357167844082959e-03
6.155607353087574896e-02 -1.168873787237422780e-02
5.930326931938287999e-02 -1.851566252349826774e-02
5.628580833973254038e-02 -2.497089202498388796e-02
5.256049041438374397e-02 -3.096823275390890931e-02
4.819385690380627307e-02 -3.642978220861509131e-02
4.326101698245019694e-02 -4.128702863445578991e-02
3.784435043980750868e-02 -4.548178813525116659e-02
3.203210912987713294e-02 -4.896696553874636121e-02
2.591694069701143410e-02 -5.170712825550685676e-02
1.959435931621546223e-02 -5.367888550319072083e-02
1.316118888471047577e-02 -5.487106851010416231e-02
6.714004378961344055e-03 -5.528471060980463814e-02
3.475969443319855846e-04 -5.493282943791152895e-02
-5.846512283041874550e-03 -5.384001668897123866e-02
-1.178148559990809148e-02 -5.204184403193842789e-02
-1.737648675244251109e-02 -4.958409676618093231e-02
-2.255788263105041117e-02 -4.652184957718952241e-02
-2.726030980529013659e-02 -4.291840127716829018e-02
-3.142758944036840724e-02 -3.884408764942220982e-02
-3.501347677899346172e-02 -3.437499342085306026e-02
-3.798223450673802321e-02 -2.959158709038347060e-02
-4.030902178853759676e-02 -2.457729872390524567e-02
-4.198009336218162108e-02 -1.941706776143529295e-02
-4.299280853803233438e-02 -1.419588802204692184e-02
-4.335545122123155709e-02 -8.997371066278453747e-03
-4.308686581525524723e-02 -3.902353391851007269e-03
-4.221591695908489400e-02 1.012429145060519389e-03
-4.078078399803052728e-02 5.675577574763373406e-03
-3.882810384121608560e-02 1.002215626951969557e-02
-3.641197837119372616e-02 1.399469114658923735e-02
-3.359286480139824643e-02 1.754402345465646759e-02
-3.043636928822337009e-02 2.063000554519033719e-02
-2.701196566477367944e-02 2.322202781942175887e-02
-2.339166234705292169e-02 2.529936900691567500e-02
-1.964864125102853271e-02 2.685136502298459890e-02
-1.585589293779779765e-02 2.787739481717910195e-02
-1.208487216794681095e-02 2.838668481030274388e-02
-8.404197596050986749e-03 2.839793666899784186e-02
-4.878418479944315878e-03 2.793878623165441805e-02
-1.566870031516731437e-03 2.704510432534766931e-02
1.477362582418370769e-03 2.576015295115785184e-02
4.208353541796424312e-03 2.413361281813018039e-02
6.588103201017188673e-03 2.222050043174784648e-02
8.587149208427437286e-03 2.007999485318515825e-02
1.018501145382691604e-02 1.777419580807794441e-02
1.137046350241800556e-02 1.536683734765068032e-02
1.214162618996645314e-02 1.292197659779618230e-02
1.250588087899640911e-02 1.050268443344773948e-02
1.247960559219269544e-02 8.169764869351498274e-03
1.208773891344130935e-02 5.980522595631637163e-03
1.136317967154454149e-02 3.987602694243343182e-03
1.034603350362188999e-02 2.237923973485223591e-03
9.082720149097124260e-03 7.717257242429707322e-04
7.624957845367747074e-03 -3.782542809913699432e-04
6.028643438997459240e-03 -1.187455024264225632e-03
4.352648752332012420e-03 -1.640007768561199675e-03
2.657555320774884332e-03 -1.729081741870757902e-03
1.004350812302586948e-03 -1.457052846680298918e-03
-5.468887638529796062e-04 -8.354914006281364061e-04
-1.938306573419151238e-03 1.150318634024164333e-04
-3.115537758005320658e-03 1.365319056909932750e-03
-4.028923552359700740e-03 2.878091947117810984e-03
-4.634643641620718284e-03 4.608703465444737024e-03
-4.895744981552898473e-03 6.506002046623876947e-03
-4.783046991547191575e-03 8.513334106924416375e-03
-4.275905077973845246e-03 1.056966738093943932e-02
-3.362816821664072094e-03 1.261081552905492578e-02
-2.041857829531772053e-03 1.457074244310555683e-02
-3.209371632193074074e-04 1.638292305177295807e-02
1.782134630635889318e-03 1.798173619012689850e-02
4.239768649741873681e-03 1.930386292252949179e-02
7.014911529106145592e-03 2.028966873842041885e-02
1.006154874158464441e-02 2.088454141380705759e-02
1.332539006906630075e-02 2.104015647583581256e-02
1.674472708859665523e-02 2.071565018318742568e-02
2.025145018150648069e-02 1.987867586892481248e-02
2.377220924819925876e-02 1.850632255565022241e-02
2.722969958040264565e-02 1.658587689060827750e-02
3.054405189972307991e-02 1.411541193404750039e-02
3.363430345999033483e-02 1.110418912909989439e-02
3.641992536970613259e-02 7.572862841605786446e-03
3.882237995265482716e-02 3.553480134897706207e-03
4.076668105573030831e-02 -9.107281152155906204e-04
4.218292975273066348e-02 -5.765765112066124562e-03
4.300779789347489168e-02 -1.094749178562909493e-02
4.318593241380885850e-02 -1.638244935759123125e-02
4.267125425096260360e-02 -2.198887046779803706e-02
4.142812708973000330e-02 -2.767786511696096463e-02
3.943237297997656543e-02 -3.335476447810856865e-02
3.667211408967242098e-02 -3.892060266846660010e-02
3.314842245768871015e-02 -4.427371390584611960e-02
2.887576254823288890e-02 -4.931142014647243305e-02
2.388221463939605577e-02 -5.393178235664941589e-02
1.820947055201482812e-02 -5.803538704500990630e-02
1.191259688765342051e-02 -6.152713860516215855e-02
5.059564514393231904e-03 -6.431802626144049462e-02
-2.269451658992776167e-03 -6.632683884049084266e-02
-9.982997724117193689e-03 -6.748179555028221976e-02
-1.797947977575087980e-02 -6.772206122160144559e-02
-2.614850170037459620e-02 -6.699912189503980098e-02
-3.437238449540344631e-02 -6.527799393462060951e-02
-4.252784609737532417e-02 -6.253824319135085907e-02
-5.048781770844619488e-02 -5.877479342485993075e-02
-5.812336996736884587e-02 -5.399850625186766728e-02
-6.530572006046168887e-02 -4.823651828171449107e-02
-7.190828905078316957e-02 -4.153232477104676357e-02
-7.780877735417746077e-02 -3.394560302644683558e-02
-8.289122543628904549e-02 -2.555177284564919687e-02
-8.704802646466246185e-02 -1.644129545207902859e-02
-9.018185783627816199e-02 -6.718716578611837707e-03
-9.220749921669178784e-02 3.498536471742119767e-03
-9.305350596734218716e-02 1.408158988469489226e-02
-9.266370858920509879e-02 2.489177269546456739e-02
-9.099851105221137826e-02 3.578245894540740824e-02
-8.803596358118766230e-02 4.660107772652877928e-02
-8.377258859342351371e-02 5.719126314762584817e-02
-7.822394198619586625e-02 6.739511359334868223e-02
-7.142489580418291684e-02 7.705552742731347493e-02
-6.342963242049343142e-02 8.601858055257734226e-02
-5.431134468004348431e-02 9.413591002014051745e-02
-4.416164070115943807e-02 1.012670663896908380e-01
-3.308965781872095363e-02 1.072818005777361611e-01
-2.122089226202224926e-02 1.120622476591112693e-01
-8.695757196500160033e-03 1.155049705926484011e-01
4.332113193030882360e-03 1.175228326613790841e-01
1.769779297793024758e-02 1.180466663841827774e-01
3.122720223856083679e-02 1.170267100032982149e-01
4.473942485643511713e-02 1.144337857419592264e-01
5.804917473985903714e-02 1.102601975514516525e-01
7.096937615094581209e-02 1.045203299777553996e-01
8.331382156373709491e-02 9.725093401888386391e-02
9.489986877276175570e-02 8.851109035370959000e-02
1.055511378204836426e-01 7.838184503543367543e-02
1.151001677442423515e-01 6.696551758817888278e-02
1.233909931732573295e-01 5.438468635105236926e-02
1.302816014398207878e-01 4.078086080646406431e-02
1.356462321025379558e-01 2.631285543408039274e-02
1.393774826007962153e-01 1.115488427481918336e-02
1.413881861469084011e-01 -4.505600201139266063e-03
1.416130308851440700e-01 -2.047029622119480793e-02
1.400098927662953296e-01 -3.653263839108990968e-02
1.365608584558284377e-01 -5.248054517610472453e-02
1.312729188591521268e-01 -6.809929059781177907e-02
1.241783184487692537e-01 -8.317446025836601475e-02
1.153345504491909285e-01 -9.749495006884889570e-02
1.048239930690810645e-01 -1.108559644566560892e-01
9.275318714948477261e-02 -1.230619722259646970e-01
7.925176030202903121e-02 -1.339295759100761207e-01
6.447100884940953902e-02 -1.432902512651253735e-01
4.858215336417251451e-02 -1.509929173347540898e-01
3.177428857593190409e-02 -1.569062976171429757e-01
1.425205313223845173e-02 -1.609210359338589247e-01
-3.766950964364751495e-03 -1.629515337588635093e-01
-2.205495547987071370e-02 -1.629374794414681915e-01
-4.037700238704974853e-02 -1.608450438987217013e-01
-5.849405940294911954e-02 -1.566677219030783164e-01
-7.616623200138900041e-02 -1.504268029861811629e-01
-9.315602746783835375e-02 -1.421714611496068259e-01
-1.092316253871400272e-01 -1.319784579443567252e-01
-1.241701084308901581e-01 -1.199514589751902865e-01
-1.377606074531056990e-01 -1.062199694237528913e-01
-1.498073157125828503e-01 -9.093789968488934228e-02
-1.601323285106240335e-01 -7.428177759271858971e-02
-1.685782666463589985e-01 -5.644862889741666945e-02
-1.750106448218684829e-01 -3.765355256316683247e-02
-1.793199494396611193e-01 -1.812702201897833584e-02
-1.814233940809237555e-01 1.888052361588282192e-03
-1.812663252814283865e-01 2.213946061115528233e-02
-1.788232559727399029e-01 4.236898828030166708e-02
-1.740985090626412379e-01 6.231582469643590083e-02
-1.671264595856191137e-01 8.172003751899009627e-02
-1.579713673383066619e-01 1.003260670163276941e-01
-1.467267998353116443e-01 1.178861904009175510e-01
-1.335146520537372206e-01 1.341639076266550046e-01
-1.184837719697773573e-01 1.489372022711748789e-01
-1.018082086431822963e-01 1.620016310453358810e-01
-8.368510452922169052e-02 1.731731980481787669e-01
-6.433225881564372250e-02 1.822909726589036217e-01
-4.398539334239343068e-02 1.892194133287445068e-01
-2.289515699456174183e-02 1.938503634586921376e-01
-1.323908300256956393e-03 1.961046899692814038e-01
2.045768074211251619e-02 1.959335400241858649e-01
4.217415388739251259e-02 1.933191965917200328e-01
6.354888514111842190e-02 1.882755190435986270e-01
8.430772936607358603e-02 1.808479607200872974e-01
1.041826591365043603e-01 1.711131612533531576e-01
1.229153379845940447e-01 1.591781173526589099e-01
1.402605808941480015e-01 1.451789416314433478e-01
1.559896543023777393e-01 1.292792248130960886e-01
1.698933699533949904e-01 1.116680222067669287e-01
1.817849296779158186e-01 9.255749061707861658e-02
1.915024815146851855e-01 7.218020676636902055e-02
1.989113514933575910e-01 5.078620279441110885e-02
2.039059198109353932e-01 2.863975839394180753e-02
2.064111149919021782e-01 6.015992583346101846e-03
2.063835060027237600e-01 -1.680269855569067883e-02
2.038119734623715651e-01 -3.953031211434950010e-02
1.987179516699845994e-01 -6.188096474027520583e-02
1.911552403452991267e-01 -8.357262446044344539e-02
1.812093846788153106e-01 -1.043307991721361266e-01
1.689966326124497653e-01 -1.238921311052775531e-01
1.546624830914921089e-01 -1.420078485686628589e-01
1.383798446563908324e-01 -1.584470282500752003e-01
1.203468290969046950e-01 -1.729996239499377308e-01
1.007842098957795751e-01 -1.854792208522535457e-01
7.993257977379392143e-02 -1.957254782286478312e-01
5.804924574836842210e-02 -2.036062277767292095e-01
3.540490367665356103e-02 -2.090191995508532130e-01
1.228013722168761618e-02 -2.118933525834464648e-01
-1.103821148393201862e-02 -2.121897927447307652e-01
-3.426075053002144294e-02 -2.099022660701001242e-01
-5.709927634263298191e-02 -2.050572216165438832e-01
-7.927049099651495290e-02 -1.977134438094380053e-01
-1.004996489131491089e-01 -1.879612601250915949e-01
-1.205240842330158046e-01 -1.759213357394747990e-01
-1.390965719260871536e-01 -1.617430723781110302e-01
-1.559884781260175712e-01 -1.456026339476176046e-01
-1.709926582043887755e-01 -1.277006265412781449e-01
-1.839260646963901680e-01 -1.082594650198664826e-01
-1.946320312952760367e-01 -8.752046251133614729e-02
-2.029822052816510625e-01 -6.574068376167928329e-02
-2.088780997465169431e-01 -4.318960169151125905e-02
-2.122522485042253604e-01 -2.014560631005115482e-02
-2.130689542962827532e-01 3.107585728635432754e-03
-2.113246177685380867e-01 2.628457592101147988e-02
-2.070476463789821531e-01 4.910193293437331574e-02
-2.002979467890398935e-01 7.128179725997441096e-02
-1.911660099276168978e-01 9.255539380644173253e-02
-1.797716033898423271e-01 1.126664062954758072e-01
-1.662620910652786166e-01 1.313741695050070768e-01
-1.508104048111286455e-01 1.484566381817060965e-01
-1.336126975274240514e-01 1.637130947716043949e-01
-1.148857110920090546e-01 1.769665619435761006e-01
-9.486389621879891265e-02 1.880658901477589295e-01
-7.379632436626884506e-02 1.968874950959337289e-01
-5.194343430555625751e-02 2.033367250048101205e-01
-2.957365782873146512e-02 2.073488426335101387e-01
-6.959970316552835379e-03 2.088896124979683355e-01
1.562358752051325531e-02 2.079554890804339307e-01
3.790537046657046355e-02 2.045734072941980120e-01
5.961952662075765963e-02 1.988001818350885186e-01
8.050928796111939123e-02 1.907215272769211545e-01
1.003301113145988882e-01 1.804507157754969005e-01
1.188526298773153328e-01 1.681268939663003170e-01
1.358653784356189109e-01 1.539130850109694526e-01
1.511772606566361699e-01 1.379939073582026055e-01
1.646197245014852095e-01 1.205730378530017605e-01
1.760486220087856823e-01 1.018704608131342226e-01
1.853457377146637552e-01 8.211954434254331581e-02
1.924199649844677840e-01 6.156397916684298866e-02
1.972081206809739029e-01 4.045462403957706538e-02
1.996753923207622572e-01 1.904630046129749191e-02
1.998154169202155106e-01 -2.405420454092570964e-03
1.976499957234692795e-01 -2.364739663491848692e-02
1.932284538664047480e-01 -4.443201798290170867e-02
1.866266586959504370e-01 -6.452019397547008317e-02
1.779457148688363410e-01 -8.368418850281719723e-02
1.673103584394342314e-01 -1.017102671590351948e-01
1.548670758587942786e-01 -1.184011253049398055e-01
1.407819770990167696e-01 -1.335780687101364161e-01
1.252384549480500542e-01 -1.470829224075141106e-01
1.084346648565958637e-01 -1.587796474946309155e-01
9.058086153547462160e-02 -1.685556499301618105e-01
7.189662978102173696e-02 -1.763227698343343974e-01
5.260804773847198995e-02 -1.820179443435230027e-01
3.294482099766449235e-02 -1.856035416242079183e-01
1.313742555867809282e-02 -1.870673681544812172e-01
-6.585703178012632455e-03 -1.864223557681670140e-01
-2.600089962924863329e-02 -1.837059391661744479e-01
-4.489188154867122110e-02 -1.789791385743186025e-01
-6.305221775396344097e-02 -1.723253682322167246e-01
-8.028761764516736954e-02 -1.638489847150596257e-01
-9.641801689288323485e-02 -1.536736060533194781e-01
-1.112794416449746776e-01 -1.419402328722919049e-01
-1.247256282795521920e-01 -1.288051934681927468e-01
-1.366293844896126763e-01 -1.144379464367247384e-01
-1.468836804447456179e-01 -9.901877304063821938e-02
-1.554024627417620597e-01 -8.273639219049713778e-02
-1.621211878291424768e-01 -6.578553111588679447e-02
-1.669970755110703198e-01 -4.836448453064488839e-02
-1.700090869487422829e-01 -3.067269436040697891e-02
-1.711576352256591882e-01 -1.290838092560036426e-02
-1.704640399793596328e-01 4.733745113981163190e-03
-1.679697407785388785e-01 2.206466271201431087e-02
-1.637352868006504147e-01 3.890308724931798579e-02
-1.578391229053812406e-01 5.507736177234850289e-02
-1.503761943742720764e-01 7.042717307039729480e-02
-1.414563943729892637e-01 8.480507605497011880e-02
-1.312028795736991937e-01 9.807781310255489493e-02
-1.197502803407112931e-01 1.101274183151303154e-01
-1.072428324298375646e-01 1.208520999883631319e-01
-9.383245728423221521e-02 1.301668979031235240e-01
-7.967681773675422408e-02 1.380041153207430260e-01
-6.493737526726896248e-02 1.443135287176174897e-01
-4.977747393468000964e-02 1.490623812945260085e-01
-3.436047374137398552e-02 1.522351718739473336e-01
-1.884795723285392563e-02 1.538332417205323099e-01
-3.398030768467756677e-03 1.538741795802418544e-01
1.183626566322703438e-02 1.523910659334203888e-01
2.670842215010493792e-02 1.494315651419403090e-01
4.107978335168099154e-02 1.450568871519643532e-01
5.482072333450264262e-02 1.393406384859347813e-01
6.781166296515636627e-02 1.323675829081981947e-01
7.994392475289206768e-02 1.242323324506255516e-01
9.112042267165021414e-02 1.150379894450037910e-01
1.012561870495747307e-01 1.048947598407596465e-01
1.102787270527441771e-01 9.391855740787331819e-02
1.181282355718792920e-01 8.222961745861533112e-02
1.247576434129396977e-01 6.995113749528383829e-02
1.301325315658019288e-01 5.720796073549362648e-02
1.342309119552703711e-01 4.412531681596862376e-02
1.370428884461412089e-01 3.082763216690336330e-02
1.385702109647805047e-01 1.743742062026442871e-02
1.388257364049143572e-01 4.074262806433573934e-03
1.378328105017037897e-01 -9.146119155751303645e-03
1.356245850876927894e-01 -2.211268722071269704e-02
1.322432850941096250e-01 -3.471981078740467991e-02
1.277394393434942432e-01 -4.686788737630993851e-02
1.221710886116313399e-01 -5.846386193814069598e-02
1.156029836394731891e-01 -6.942164781013335229e-02
1.081057844202929358e-01 -7.966245676066337211e-02
9.975527098774317203e-02 -8.911503502453797798e-02
9.063157761410177427e-02 -9.771581843030655024e-02
8.081845535403678338e-02 -1.054090204945575676e-01
7.040256954831307368e-02 -1.121466530853317267e-01
5.947283728389423513e-02 -1.178884915134154748e-01
4.811980792552192354e-02 -1.226019931765796045e-01
3.643508830103687340e-02 -1.262621788179403848e-01
2.451081265129730416e-02 -1.288514851681428763e-01
1.243915607712810754e-02 -1.303595972359485600e-01
3.118889593851005169e-04 -1.307832678111970348e-01
-1.178003127997062811e-02 -1.301261308699413477e-01
-2.374683564535147798e-02 -1.283985145491099156e-01
-3.550029158120143052e-02 -1.256172582153990691e-01
-4.695402939369523743e-02 -1.218055369205773425e-01
-5.802385327284197841e-02 -1.169926952449285573e-01
-6.862804321887225334e-02 -1.112140912151166339e-01
-7.868765406883364288e-02 -1.045109496755919631e-01
-8.812681749616774196e-02 -9.693022322671987490e-02
-9.687305232661215515e-02 -8.852445765006776435e-02
-1.048575877914688786e-01 -7.935165765208841704e-02
-1.120157034417191833e-01 -6.947514779991767475e-02
-1.182870883951215313e-01 -5.896342272253710798e-02
-1.236162214082363597e-01 -4.788998002920544228e-02
-1.279527719841797584e-01 -3.633312897316896828e-02
-1.312520215816338487e-01 -2.437576496875556650e-02
-1.334753005002463355e-01 -1.210511090534727857e-02
-1.345904401455609578e-01 3.875867574637033991e-04
-1.345722338841629229e-01 1.300741955890182336e-02
-1.334028986216684032e-01 2.565623385205529489e-02
-1.310725301182381342e-01 3.823311034591653224e-02
-1.275795431541508762e-01 5.063491016791770577e-02
-1.229310867348064051e-01 6.275688996131915942e-02
-1.171434237854959842e-01 7.449338709430998462e-02
-1.102422642551278004e-01 8.573857448813004822e-02
-1.022630402448618386e-01 9.638728289953435446e-02
-9.325111171817829225e-02 1.063358867509021088e-01
-8.326189154462532160e-02 1.154832478238729393e-01
-7.236087908689575743e-02 1.237317093557919745e-01
-6.062359226149637709e-02 1.309881313396168978e-01
-4.813538898346165357e-02 1.371649561646999527e-01
-3.499117013654875347e-02 1.421812921849655575e-01
-2.129495767824169869e-02 1.459640013982942131e-01
-7.159343174871795300e-03 1.484487762003869338e-01
7.295196057275713138e-03 1.495811891695401075e-01
2.194111398170500715e-02 1.493176990739948085e-01
3.664474463689735423e-02 1.476265957955352759e-01
5.126737900955537219e-02 1.444888666522761989e-01
6.566646395487389654e-02 1.398989666958964651e-01
7.969691476783469231e-02 1.338654759646800141e-01
9.321253120395621428e-02 1.264116250895334359e-01
1.060675012021849162e-01 1.175756807566396972e-01
1.181179809520037094e-01 1.074111732478838371e-01
1.292237335588342084e-01 9.598694845857483338e-02
1.392498050646903962e-01 8.338704102613123115e-02
1.480682182078999209e-01 6.971035835960673333e-02
1.555596619063349395e-01 5.507016992461423455e-02
1.616151534005418888e-01 3.959339877851961176e-02
1.661376492700476493e-01 2.341971515528429651e-02
1.690435811615484951e-01 6.700434827214578858e-03
1.702642920600478949e-01 -1.040277202192179534e-02
1.697473493060678851e-01 -2.771935263800927654e-02
1.674577113206087153e-01 -4.507151245325480976e-02
1.633787261451561112e-01 -6.227601000060241365e-02
1.575129414309820453e-01 -7.914608838377522326e-02
1.498827074080977262e-01 -9.549352302050947983e-02
1.405305566110287840e-01 -1.111307629079757719e-01
1.295193467114682251e-01 -1.258731404481324978e-01
1.169321556763130848e-01 -1.395411229594119562e-01
1.028719215976182932e-01 -1.519625774285585651e-01
8.746082288754715439e-02 -1.629750188570299185e-01
7.083939805096677034e-02 -1.724278117594683912e-01
5.316540789157023911e-02 -1.801842940010405791e-01
3.461244672185154192e-02 -1.861237922334487149e-01
1.536831287808800711e-02 -1.901434987171403690e-01
-4.366848065336424202e-03 -1.921601784253299527e-01
-2.438260708775737487e-02 -1.921116840556642558e-01
-4.446050494825928845e-02 -1.899582501132255352e-01
-6.437647049351682971e-02 -1.856835379737943326e-01
-8.390337456154389750e-02 -1.792954166767697366e-01
-1.028136906141745160e-01 -1.708264599958475571e-01
-1.208822299241056331e-01 -1.603341454608053218e-01
-1.378889172524588591e-01 -1.479007447303723188e-01
-1.536215715035781360e-01 -1.336328986880314651e-01
-1.678786548665110179e-01 -1.176608747966104568e-01
-1.804719534721457852e-01 -1.001375085466343073e-01
-1.912291526291444166e-01 -8.123683520744576225e-02
-1.999962702610670606e-01 -6.115242247660615527e-02
-2.066399132542243167e-01 -4.009541895825441404e-02
-2.110493230357788352e-01 -1.829233762072050157e-02
-2.131381788215426509e-01 4.017402575894680680e-03
-2.128461295820566479e-01 2.658414989237271181e-02
-2.101400288455742005e-01 4.915087737532957551e-02
-2.050148499518717193e-01 7.145619114555187834e-02
-1.974942632488816685e-01 9.323745304885641683e-02
-1.876308609361580504e-01 1.142339790324046755e-01
-1.755060197506033981e-01 1.341902728297134639e-01
-1.612293964012306291e-01 1.528592532885726385e-01
-1.449380555273653559e-01 1.700054329846212853e-01
-1.267952349117207611e-01 1.854080056486270278e-01
-1.069887572145377386e-01 1.988637988441545601e-01
-8.572910495332240755e-02 2.101900554791412690e-01
-6.324717540440534524e-02 2.192270023855466266e-01
-3.979173967108676907e-02 2.258401651436883761e-01
-1.562663605000643927e-02 2.299223995396299236e-01
8.972270651407316180e-03 2.313956072130858022e-01
3.372032775851446090e-02 2.302121082344832370e-01
5.832749204519378783e-02 2.263556475402863366e-01
8.250184372628253937e-02 2.198420167239644452e-01
1.059531729638131525e-01 2.107192775668662588e-01
1.283965931332859689e-01 1.990675788342104180e-01
1.495561341116896925e-01 1.849985631875363523e-01
1.691682684921396174e-01 1.686543665038965356e-01
1.869853239134965928e-01 1.502062173690152380e-01
2.027787356207945424e-01 1.298526499504315257e-01
2.163420949382534875e-01 1.078173487808344322e-01
2.274939515264417789e-01 8.434664911576005009e-02
2.360803300851052056e-01 5.970672139985460508e-02
2.419769255208761294e-01 3.418047291133081977e-02
2.450909444837094664e-01 8.064203788419994912e-03
2.453625655387938753e-01 -1.833594168702563573e-02
2.427659950259724031e-01 -4.470768452069778798e-02
2.373101008040056914e-01 -7.073643453794613289e-02
2.290386115143173973e-01 -9.610917942565319616e-02
2.180298746554585332e-01 -1.205183893566209169e-01
2.043961723627440719e-01 -1.436658851554543370e-01
1.882826011240918973e-01 -1.652666236772227237e-01
1.698655241239019342e-01 -1.850523479894571055e-01
1.493506133652423018e-01 -2.027750505147356275e-01
1.269705046417901328e-01 -2.182102070457245802e-01
1.029820922736429667e-01 -2.311597364954322831e-01
7.766349602813700514e-02 -2.414546459084662422e-01
5.131073722841448387e-02 -2.489573241339040899e-01
2.423416516597092299e-02 -2.535634519569961443e-01
-3.245321480894014076e-03 -2.552035013481799286e-01
-3.080021051556024181e-02 -2.538438017498400590e-01
-5.810041929139550532e-02 -2.494871569139358591e-01
-8.481739317445112503e-02 -2.421730016521027873e-01
-1.106282065656906399e-01 -2.319770938851666020e-01
-1.352196133251801491e-01 -2.190107434994145175e-01
-1.582919938326714515e-01 -2.034195856489181553e-01
-1.795631470238182315e-01 -1.853819122026356125e-01
-1.987718775470029842e-01 -1.651065809385088290e-01
-2.156813306707434652e-01 -1.428305277527241735e-01
-2.300820307046504698e-01 -1.188159125021060469e-01
-2.417945824375441477e-01 -9.334693405676200428e-02
-2.506719993956346704e-01 -6.672635463927208133e-02
-2.566016275247206546e-01 -3.927177750274860740e-02
-2.595066381390889743e-01 -1.131172539691626365e-02
-2.593470695858865471e-01 1.681842995921245532e-02
-2.561204029852796604e-01 4.478063357408137990e-02
-2.498616641598173926e-01 7.223835886281414209e-02
-2.406430477125550971e-01 9.886080800572459581e-02
-2.285730682959652982e-01 1.243270433205586056e-01
-2.137952496223406440e-01 1.483300006570332230e-01
-1.964863672166712039e-01 1.705803312429230445e-01
-1.768542671478548489e-01 1.908100220707668049e-01
-1.551352885855222796e-01 2.087757477805841644e-01
-1.315913232728327942e-01 2.242619104939693464e-01
-1.065065498085328022e-01 2.370833281413112781e-01
-8.018388492862536798e-02 2.470875364412598862e-01
-5.294119771041749800e-02 2.541566747771411561e-01
-2.510733573856156753e-02 2.582089316995270778e-01
2.981985268446215708e-03 2.591995315927971277e-01
3.098837510528242370e-02 2.571212500970043169e-01
5.857499168173692372e-02 2.520044520920733944e-01
8.541073793722003815e-02 2.439166523444744605e-01
1.111743788342078737e-01 2.329616052012288552e-01
1.355585253317819205e-01 2.192779359068087186e-01
1.582734340847782029e-01 2.030373321309783818e-01
1.790505741417150187e-01 1.844423200483027991e-01
1.976459150899403105e-01 1.637236547250264795e-01
2.138428948747461700e-01 1.411373595732488273e-01
2.274550298477208132e-01 1.169614541585703438e-01
2.383281344180164241e-01 9.149241363519065862e-02
2.463421230270110840e-01 6.504140814845381369e-02
2.514123731020028174e-01 3.793036654224975213e-02
2.534906313280415602e-01 1.048791924226083819e-02
2.525654547315583920e-01 -1.695472321264613474e-02
2.486621829658270666e-01 -4.406790752820367862e-02
2.418424440047630408e-01 -7.052763570717478225e-02
2.322032018629066608e-01 -9.601957101136213146e-02
2.198753609473498849e-01 -1.202429005126052913e-01
2.050219474112438545e-01 -1.429140050574151388e-01
1.878358933408708908e-01 -1.637698902634948939e-01
1.685374546960884679e-01 -1.825713355671443883e-01
1.473712985697932243e-01 -1.991057222989972009e-01
1.246032994749218248e-01 -2.131895062247893269e-01
1.005170879536648326e-01 -2.246703048843387840e-01
7.541039778730060372e-02 -2.334285753263466434e-01
4.959126042923889255e-02 -2.393788633950166833e-01
2.337409696044592464e-02 -2.424706114991869166e-01
-2.924241143219128564e-03 -2.426885177054668719e-01
-2.898843084707946119e-02 -2.400524449622243317e-01
-5.450858481181446863e-02 -2.346168851993110094e-01
-7.918405696393820969e-02 -2.264699888782739368e-01
-1.027270980287035285e-01 -2.157321762105900709e-01
-1.248663150550021889e-01 -2.025543516414849143e-01
-1.453498919433363901e-01 -1.871157482426123730e-01
-1.639485315219770811e-01 -1.696214333019538112e-01
-1.804580838111191632e-01 -1.502995124335027022e-01
-1.947018301943067853e-01 -1.293980657188569805e-01
-2.065323953658605438e-01 -1.071818618148624308e-01
-2.158332675142654866e-01 -8.392889874222887736e-02
-2.225199114556467850e-01 -5.992681234624232245e-02
-2.265404643411532692e-01 -3.546920213112770420e-02
-2.278760095483709502e-01 -1.085192293545050868e-02
-2.265404299891601303e-01 1.363060916273517789e-02
-2.225798476120675606e-01 3.768904905245706177e-02
-2.160716612713281526e-01 6.104264661455288676e-02
-2.071232003038928071e-01 8.342261824537083870e-02
-1.958700160322223716e-01 1.045753241103660192e-01
-1.824738379298916913e-01 1.242652124429745319e-01
-1.671202252911184738e-01 1.422774957745231439e-01
-1.500159488823730458e-01 1.584205279824925650e-01
-1.313861401795531625e-01 1.725278554170092959e-01
-1.114712483707943902e-01 1.844599200442668119e-01
-9.052384730392915024e-02 1.941053974623570544e-01
-6.880533595845735040e-02 2.013821577288674725e-01
-4.658257681283645146e-02 2.062378421181686461e-01
-2.412451665586438573e-02 2.086500541267050091e-01
-1.698833961508390555e-03 2.086261681945318358e-01
2.043134407619137671e-02 2.062027646401040082e-01
4.201061334525569430e-02 2.014447041448277353e-01
6.279431408673509518e-02 1.944438597095796972e-01
8.255136481919206348e-02 1.853175302509759703e-01
1.010668764573129236e-01 1.742065559894133142e-01
1.181445140157811879e-01 1.612731689833878379e-01
1.336085808335407965e-01 1.466986157208957087e-01
1.473058039528704344e-01 1.306805809085837822e-01
1.591068024065358522e-01 1.134304515039643441e-01
1.689072252601455382e-01 9.517045959798663135e-02
1.766285509164376710e-01 7.613074366456862307e-02
1.822185438820507208e-01 5.654636804476165235e-02
1.856513698589411232e-01 3.665434033038451195e-02
1.869273745870277947e-01 1.669066556741209337e-02
1.860725362693091411e-01 -3.112525067085502185e-03
