0.000000000000000000e+00 0.000000000000000000e+00
-1.060667936016619560e-05 9.260099392314748960e-07
-4.177734994055440858e-05 8.250825782796085170e-06
-9.150299125106585441e-05 2.837873869518843788e-05
-1.564473828807624021e-04 6.724340028141140334e-05
-2.320404613711323600e-04 1.300785385646070790e-04
-3.126073498994564248e-04 2.212053166585744505e-04
-3.915303053881733679e-04 3.438415172678346886e-04
-4.614401101635507265e-04 4.999373039146294594e-04
-5.144327828851174081e-04 6.900417817809772645e-04
-5.423069085816488227e-04 9.132039667598527456e-04
-5.368164013347618288e-04 1.166911081802335381e-03
-4.899331249767035872e-04 1.447066347383593353e-03
-3.941135149276242750e-04 1.748007631520533556e-03
-2.425631739457329277e-04 2.062567488831162140e-03
-2.949336009000963271e-05 2.382174262895867325e-03
2.496366514561560758e-04 2.696993067362188704e-03
5.978971700238329152e-04 2.996104614686963090e-03
1.016691195414443864e-03 3.267719042881541726e-03
1.505588161423495426e-03 3.499421115481878789e-03
2.062192937756077669e-03 3.678442452919298070e-03
2.682054102128360144e-03 3.791955808324534109e-03
3.358614798716424814e-03 3.827385840210048660e-03
4.083208728497196224e-03 3.772730369719326515e-03
4.845102984477309138e-03 3.616885750901238129e-03
5.631588564594625264e-03 3.349969736698940950e-03
6.428118482458024946e-03 2.963635097063495316e-03
7.218492467049909128e-03 2.451367242813577273e-03
7.985086313503090422e-03 1.808759231452718597e-03
8.709123034719384523e-03 1.033757778850642349e-03
9.370982084468272577e-03 1.268742710434887788e-04
9.950542092864264609e-03 -9.086447411992223423e-04
1.042755179029306381e-02 -2.066692482662065879e-03
1.078202311054136768e-02 -3.338226544091934395e-03
1.099463987150925588e-02 -4.711246543607531916e-03
1.104717494446003437e-02 -6.170827405888399536e-03
1.092290845067154376e-02 -7.699209865949314252e-03
1.060703927615400805e-02 -9.275948813626335582e-03
1.008708207736646462e-02 -1.087811906975518460e-02
9.353241968051611080e-03 -1.248057714246994694e-02
8.398759231657204269e-03 -1.405627646969427776e-02
7.220216695280983615e-03 -1.557663262959906210e-02
5.817802827320343699e-03 -1.701193401238628930e-02
4.195524177388018292e-03 -1.833179251172385379e-02
2.361361456686118365e-03 -1.950562792937303794e-02
3.273643508680239983e-04 -2.050317900798291279e-02
-1.890318945621536793e-03 -2.129503332945633862e-02
-4.271480497618386843e-03 -2.185316775306321221e-02
-6.791961660993148242e-03 -2.215149063025662751e-02
-9.423833217373566579e-03 -2.216637673171707734e-02
-1.213564628713967308e-02 -2.187718566422047414e-02
-1.489275250835488465e-02 -2.126675454598583870e-02
-1.765769077701316581e-02 -2.032185585235777442e-02
-2.039063666646271852e-02 -1.903361163974400666e-02
-2.304990950059172469e-02 -1.739785580292288469e-02
-2.559253096558062809e-02 -1.541543661495192209e-02
-2.797482812743975339e-02 -1.309245253330366607e-02
-3.015307279501149018e-02 -1.044041512152594706e-02
-3.208414834732540438e-02 -7.476333921415754397e-03
-3.372623444542545423e-02 -4.222719203055578206e-03
-3.503949948562371658e-02 -7.074997038170735206e-04
-3.598679023522949327e-02 3.036146274383255683e-03
-3.653430783267127419e-02 6.970046726115641279e-03
-3.665225923877198783e-02 1.105137772773622830e-02
-3.631547329949189051e-02 1.523308874649816416e-02
-3.550397082488782052e-02 1.946440771179495585e-02
-3.420347850388472805e-02 2.369142075219511298e-02
-3.240587705658188461e-02 2.785772021511007807e-02
-3.010957476943757274e-02 3.190511336784666863e-02
-2.731979845541089927e-02 3.577438304958111687e-02
-2.404879492010316561e-02 3.940609052255442113e-02
-2.031593718288379757e-02 4.274140987526417468e-02
-1.614773098346401758e-02 4.572298257670317362e-02
-1.157771848196532949e-02 4.829578018293045200e-02
-6.646277515049526380e-03 5.040796276745630744e-02
-1.400316281488084985e-03 5.201172039469939556e-02
4.107135124166248936e-03 5.306408488819976815e-02
9.817433354060857431e-03 5.352769926671897133e-02
1.566692610425277424e-02 5.337153253340455594e-02
2.158764603432078086e-02 5.257152800456251635e-02
2.750808682413623599e-02 5.111117405111959000e-02
3.335405251028860513e-02 4.898198699057197680e-02
3.904956997485905384e-02 4.618389690034044315e-02
4.451785331247535421e-02 4.272552831255378020e-02
4.968230779690931131e-02 3.862436908042713585e-02
5.446756032309565954e-02 3.390682216033779478e-02
5.880050252943926081e-02 2.860813661209787168e-02
6.261133232134047377e-02 2.277221576162934483e-02
6.583457923012386859e-02 1.645130217258666469e-02
6.841009895934690999e-02 9.705540812567215250e-03
7.028402259722697776e-02 2.602423550655069695e-03
7.140964631107908633e-02 -4.783880139090424845e-03
7.174824788556169453e-02 -1.237329969435278093e-02
7.126981721646546974e-02 -2.008073899218196234e-02
6.995368881799579608e-02 -2.781704113110025287e-02
6.778906553327834761e-02 -3.549003127604832136e-02
6.477542394161564521e-02 -4.300562507345277730e-02
6.092279341563167083e-02 -5.026898899732965692e-02
5.625190237820237860e-02 -5.718573801425790720e-02
5.079418702211455083e-02 -6.366315517155797521e-02
4.459165956193754388e-02 -6.961141713284506316e-02
3.769663496323097385e-02 -7.494480931927752221e-02
3.017131701327793736e-02 -7.958291417131915790e-02
2.208724653344679850e-02 -8.345175612960673006e-02
1.352461645893071780e-02 -8.648488724629352364e-02
4.571460399732748051e-03 -8.862439787849941963e-02
-4.677276879659506004e-03 -8.982183767845103306e-02
-1.412077689180853482e-02 -9.003903307253517674e-02
-2.365348098258466050e-02 -8.924878860266945158e-02
-3.316630674950370172e-02 -8.743546087397416344e-02
-4.254793274577697848e-02 -8.459539539573977807e-02
-5.168613576253147657e-02 -8.073721829855691479e-02
-6.046916405076288581e-02 -7.588197673729779602e-02
-6.878712912903314769e-02 -7.006312372344648820e-02
-7.653339833488641275e-02 -6.332634514539126069e-02
-8.360597002650774212e-02 -5.572922880466287671e-02
-8.990881333211789284e-02 -4.734077739168534443e-02
-9.535315458046580983e-02 -3.824076941775828020e-02
-9.985869302561972694e-02 -2.851897418187022970e-02
-1.033547291987204075e-01 -1.827422885291934626e-02
-1.057811901707222252e-01 -7.613387661978429644e-03
-1.070895371823915587e-01 3.349845001610668796e-03
-1.072435424767882589e-01 1.449618413788229636e-02
-1.062199237379792549e-01 2.570212138087216852e-02
-1.040088262779328698e-01 3.684135368514347697e-02
-1.006141449990405334e-01 4.778626609607983244e-02
-9.605368016795692854e-02 5.840945036455087030e-02
-9.035912314103300425e-02 6.858524052065415044e-02
-8.357587035465489922e-02 7.819124612108047101e-02
-7.576266610630552623e-02 8.710986373729326382e-02
-6.699107687445057802e-02 9.522974736076240954e-02
-5.734480212744226535e-02 1.024472187670404377e-01
-4.691882872369619595e-02 1.086675994990797256e-01
-3.581843807813762937e-02 1.138064469949339741e-01
-2.415807723500878329e-02 1.177906784855260458e-01
-1.206010681760853395e-02 1.205595676108822123e-01
3.465595038238400427e-04 1.220656002314198102e-01
1.292790789720026957e-02 1.222751776249446087e-01
2.554635219377600006e-02 1.211691571377749715e-01
3.806231817823474417e-02 1.187432223753642629e-01
5.033586504279950052e-02 1.150080771474744634e-01
6.222832412733703134e-02 1.099894595972889105e-01
7.360393474721715901e-02 1.037279752135498029e-01
8.433145685242181278e-02 9.627874971976072005e-02
9.428574046649874918e-02 8.771090512420112728e-02
1.033492323202715168e-01 7.810686446848341680e-02
1.114134008170444556e-01 6.756149300060647345e-02
1.183800614342066237e-01 5.618108559176042405e-02
1.241625858681108113e-01 4.408221218660644813e-02
1.286869796491853513e-01 3.139043489815024346e-02
1.318928145737680580e-01 1.823891200640902210e-02
1.337340040967736898e-01 4.766905572958148041e-03
1.341794117812601106e-01 -8.881789378100522422e-03
1.332132849814164910e-01 -2.256047515450330249e-02
1.308355081169082501e-01 -3.612122144351101460e-02
1.270616721500129054e-01 -4.941655488095251375e-02
1.219229591727610668e-01 -6.230114765995056758e-02
1.154658433190382943e-01 -7.463348471109437776e-02
1.077516115058938101e-01 -8.627748926176055655e-02
9.885570974904198116e-02 -9.710408711652879221e-02
8.886692296037848604e-02 -1.069926907855304338e-01
7.788639819204354331e-02 -1.158325856120859809e-01
6.602652321545571246e-02 -1.235242013009243689e-01
5.340967409000134392e-02 -1.299802537064339847e-01
4.016684696210992556e-02 -1.351267433868405532e-01
2.643619072120900054e-02 -1.389037992425559698e-01
1.236145830725723926e-02 -1.412663575106780367e-01
-1.909604599061184849e-03 -1.421846684564449237e-01
-1.622691407890167539e-02 -1.416446252586437970e-01
-3.043972580313223861e-02 -1.396479118008119857e-01
-4.439831613013236339e-02 -1.362119683241837520e-01
-5.795564648600325802e-02 -1.313697761421677712e-01
-7.096899136074950876e-02 -1.251694648303099955e-01
-8.330151082228939852e-02 -1.176737474614342194e-01
-9.482374925640046914e-02 -1.089591915251834908e-01
-1.054150430725031562e-01 -9.911533512809905799e-02
-1.149648213571800304e-01 -8.824365988999464949e-02
-1.233737848914709390e-01 -7.645643361208256938e-02
-1.305549505537834665e-01 -6.387543727181213549e-02
-1.364345498850966787e-01 -5.063059218102786835e-02
-1.409527724725922193e-01 -3.685850421301486296e-02
-1.440643467860572846e-01 -2.270094284846326319e-02
-1.457389531514309833e-01 -8.303273401688321398e-03
-1.459614656400783916e-01 6.187138838828376564e-03
-1.447320217628585426e-01 2.062253368949315893e-02
-1.420659209569625769e-01 3.485635161170957952e-02
-1.379933549134944315e-01 4.874480129722782995e-02
-1.325589747883486880e-01 6.214838145331058605e-02
-1.258213022428324723e-01 7.493333972983844127e-02
-1.178519930499628554e-01 8.697305272185471003e-02
-1.087349636555891008e-01 9.814931216033623285e-02
-9.856539258075104615e-02 1.083535037529128331e-01
-8.744860987568930932e-02 1.174876666345310572e-01
-7.549888897199216742e-02 1.254654230136082460e-01
-6.283815621560706610e-02 1.322127693285861660e-01
-4.959463409088343822e-02 1.376687220384476551e-01
-3.590143465847848298e-02 1.417858130334747335e-01
-2.189512002492288029e-02 1.445304315437597187e-01
-7.714246739023156163e-03 1.458830113172067955e-01
6.502089126814405290e-03 1.458380637108666333e-01
2.061568979780286498e-02 1.444040591650643524e-01
3.449066065321743785e-02 1.416031612856246957e-01
4.799476698423345289e-02 1.374708194236972936e-01
6.100072842730733247e-02 1.320552271950435064e-01
7.338743791376221848e-02 1.254166558029409240e-01
8.504109318345333401e-02 1.176266723050390650e-01
9.585623023886205574e-02 1.087672540808930083e-01
1.057366495449748867e-01 9.892981170237413746e-02
1.145962272881520250e-01 8.821413317521870079e-02
1.223596055715585884e-01 7.672726310086465384e-02
1.289627570230080789e-01 6.458233070043463420e-02
1.343534209006891633e-01 5.189734084698711947e-02
1.384914093810258873e-01 3.879394227041188525e-02
1.413487842793756943e-01 2.539618693663157553e-02
1.429099059679188044e-01 1.182929426660228253e-02
1.431713576967461321e-01 -1.781566639185282880e-03
1.421417498761719522e-01 -1.531246425647158661e-02
1.398414101248261765e-01 -2.864184964833879979e-02
1.363019660152409995e-01 -4.165164841841816762e-02
1.315658284447188409e-01 -5.422828981014155003e-02
1.256855844148015988e-01 -6.626366426077684446e-02
1.187233087105884072e-01 -7.765600189267418685e-02
1.107498045268201087e-01 -8.831066564755780945e-02
1.018437834888615695e-01 -9.814085402348916853e-02
9.209099576367710260e-02 -1.070682096391069316e-01
8.158332105117807598e-02 -1.150233311071649778e-01
7.041783119474859243e-02 -1.219461869312151031e-01
5.869583495827079833e-02 -1.277864313284867714e-01
4.652191519448447415e-02 -1.325036230128162629e-01
3.400296818669596571e-02 -1.360673490295547794e-01
2.124725439492234497e-02 -1.384572567070828097e-01
8.363469192042470579e-03 -1.396629976660514472e-01
-4.540158549991513137e-03 -1.396840885988899494e-01
-1.735673295399284971e-02 -1.385296941916533131e-01
-2.998151648048577936e-02 -1.362183381032397722e-01
-4.231270876045883922e-02 -1.327775483408304702e-01
-5.425217444694212243e-02 -1.282434436746744677e-01
-6.570611650371681323e-02 -1.226602679217161374e-01
-7.658569222463680604e-02 -1.160798789997009584e-01
-8.680757012384096583e-02 -1.085611996168423798e-01
-9.629442664238352378e-02 -1.001696363241659782e-01
-1.049753823686183501e-01 -9.097647342712018859e-02
-1.127863781576144003e-01 -8.105824794016247559e-02
-1.196704921501503815e-01 -7.049611138416432554e-02
-1.255781992273752312e-01 -5.937518378389856910e-02
-1.304675748878030284e-01 -4.778390473451818443e-02
-1.343044458955977849e-01 -3.581338588515173282e-02
-1.370624903216767221e-01 -2.355676864801722892e-02
-1.387232897824942912e-01 -1.110859039617059091e-02
-1.392763367777967720e-01 1.435838124837277713e-03
-1.387190000422596770e-01 1.398104196412696537e-02
-1.370564507625052220e-01 2.643197599083851879e-02
-1.343015523778270659e-01 3.869460250178050065e-02
-1.304747164886621846e-01 5.067645152916657597e-02
-1.256037271512406572e-01 6.228716330098913595e-02
-1.197235355506611892e-01 7.343901257619170342e-02
-1.128760267293438813e-01 8.404741477668756233e-02
-1.051097597153496099e-01 9.403141396560814325e-02
-9.647968205760018567e-02 1.033141527749215083e-01
-8.704681944473481592e-02 1.118233243665205240e-01
-7.687794077307669172e-02 1.194916064216065277e-01
-6.604519874831432658e-02 1.262570769979816654e-01
-5.462574586562411044e-02 1.320636118796494896e-01
-4.270132542369607653e-02 1.368612627753610089e-01
-3.035783709790659812e-02 1.406066154112640132e-01
-1.768487653377772903e-02 1.432631262176360942e-01
-4.775248429414017531e-03 1.448014359418309527e-01
8.275547341303500504e-03 1.451996581408375175e-01
2.136985685223279086e-02 1.444436401295869643e-01
3.440844054394202878e-02 1.425271935979723070e-01
4.729106867175424805e-02 1.394522917731538525e-01
5.991714312836261824e-02 1.352292297065563198e-01
7.218634453064159961e-02 1.298767440190071731e-01
8.399930294365168248e-02 1.234220882539661529e-01
9.525829004609917550e-02 1.159010598780369217e-01
1.058679299308297878e-01 1.073579749390100729e-01
1.157359250928232386e-01 9.784558645224991635e-02
1.247737934982893065e-01 8.742494274237913587e-02
1.328976119654607657e-01 7.616518222328186316e-02
1.400287604348614545e-01 6.414326145788080968e-02
1.460946610789692623e-01 5.144361380042616200e-02
1.510295056132556490e-01 3.815773648658529749e-02
1.547749636374289306e-01 2.438370469679586663e-02
1.572808643718354438e-01 1.022561187041963818e-02
1.585058437732259073e-01 -4.207063615530540202e-03
1.584179487293992938e-01 -1.880016437861624368e-02
1.569951898553311187e-01 -3.343563057602457617e-02
1.542260343545923118e-01 -4.799234404091659578e-02
1.501098304778138992e-01 -6.234703593009111033e-02
1.446571553114462672e-01 -7.637525272545864219e-02
1.378900779698501167e-01 -8.995237435225814093e-02
1.298423307444036279e-01 -1.029546771131637228e-01
1.205593813850912716e-01 -1.152604331077397570e-01
1.100984004508511055e-01 -1.267510368296413115e-01
9.852811856028660664e-02 -1.373121487279555519e-01
8.592856939727903931e-02 -1.468348447021651237e-01
7.239071546727364470e-02 -1.552167597896947082e-01
5.801595484798603014e-02 -1.623632137171594214e-01
4.291550851923585375e-02 -1.681883055362326795e-01
2.720968927481419095e-02 -1.726159642658461058e-01
1.102705469715502956e-02 -1.755809423257232993e-01
-5.496551806044608357e-03 -1.770297385814195157e-01
-2.221906636571912425e-02 -1.769214380351680771e-01
-3.899336934143080025e-02 -1.752284555945086975e-01
-5.566854074997149709e-02 -1.719371719338406435e-01
-7.209119637846939099e-02 -1.670484502319292963e-01
-8.810689313054015370e-02 -1.605780235173978332e-01
-1.035615908483940723e-01 -1.525567434779683818e-01
-1.183031566617806091e-01 -1.430306828784533302e-01
-1.321828968571113760e-01 -1.320610851753132309e-01
-1.450571003566313022e-01 -1.197241564974201727e-01
-1.567885771660395000e-01 -1.061106968664580069e-01
-1.672481746054862717e-01 -9.132556933684332634e-02
-1.763162537971312005e-01 -7.548700762278896803e-02
-1.838841087537004537e-01 -5.872576472601241659e-02
-1.898553105052501189e-01 -4.118410705697883589e-02
-1.941469590212520635e-01 -2.301466052967304776e-02
-1.966908262347291381e-01 -4.379117078117500395e-03
-1.974343742538622049e-01 1.455318803484264081e-02
-1.963416338504466452e-01 3.360681589667497554e-02
-1.933939295366971234e-01 5.260186664288639402e-02
-1.885904389719028074e-01 7.135570958030321154e-02
-1.819485760648888173e-01 8.968478366989138251e-02
-1.735041889407133997e-01 1.074064500042887782e-01
-1.633115659012604748e-01 1.243408768121415930e-01
-1.514432446074953087e-01 1.403129366333674133e-01
-1.379896219218973985e-01 1.551540946534653853e-01
-1.230583641466747868e-01 1.687042667750192904e-01
-1.067736197487747368e-01 1.808136258515984363e-01
-8.927503904703545934e-02 1.913443346210989549e-01
-7.071660771970669779e-02 2.001721842565073739e-01
-5.126530334104555109e-02 2.071881181028771834e-01
-3.109958644266449385e-02 2.122996210871470613e-01
-1.040773978793966409e-02 2.154319564658070674e-01
1.061392838405236100e-02 2.165292330042485613e-01
3.176299947390600481e-02 2.155552873472933173e-01
5.283295859162671915e-02 2.124943682258756406e-01
7.361528664844160796e-02 2.073516112299259861e-01
9.390160824062182554e-02 2.001532951389715931e-01
1.134858720475939303e-01 1.909468732139175395e-01
1.321665396865584208e-01 1.798007753875997261e-01
1.497487584676173988e-01 1.668039799176716798e-01
1.660464932877645794e-01 1.520653557512048615e-01
1.808845929960418430e-01 1.357127795628237932e-01
1.941007669589026041e-01 1.178920341332196364e-01
2.055474482536041592e-01 9.876549739810366879e-02
2.150935209135719228e-01 7.851063408479216910e-02
2.226258899344828457e-01 5.731830433093671601e-02
2.280508743107764746e-01 3.539090601474691872e-02
2.312954051931463972e-01 1.294036968718471209e-02
2.323080133184458052e-01 -9.813973045253259614e-03
2.310595921411867093e-01 -3.264762511037961473e-02
2.275439255641804048e-01 -5.533323948206415183e-02
2.217779717958891228e-01 -7.764298936466937362e-02
2.138018976223869105e-01 -9.935096689575005635e-02
2.036788602391424452e-01 -1.202355836148847612e-01
1.914945367072652949e-01 -1.400819456666588247e-01
1.773564040444389200e-01 -1.586841767501740441e-01
1.613927758958962344e-01 -1.758476621982298926e-01
1.437516046187504448e-01 -1.913911882645259466e-01
1.245990604173606853e-01 -2.051489517107022709e-01
1.041179018526280364e-01 -2.169724161064527923e-01
8.250565457989608720e-02 -2.267319928709808086e-01
5.997261751596319468e-02 -2.343185269745184929e-01
3.673971776528067723e-02 -2.396445693626685636e-01
1.303623752100925570e-02 -2.426454205387389707e-01
-1.090256222648666035e-02 -2.432799323117716128e-01
-3.483789501430094304e-02 -2.415310574596622184e-01
-5.852995208642565450e-02 -2.374061399343773693e-01
-8.174042755237606594e-02 -2.309369412146803635e-01
-1.042350372837905770e-01 -2.221794014544496709e-01
-1.257860032794130833e-01 -2.112131371441442473e-01
-1.461744755390615436e-01 -1.981406800613275121e-01
-1.651928641329933056e-01 -1.830864652955430660e-01
-1.826470551272368903e-01 -1.661955790559246082e-01
-1.983584853165163420e-01 -1.476322797704419931e-01
-2.121660523088416406e-01 -1.275783086288722890e-01
-2.239278383803171291e-01 -1.062310081746466878e-01
-2.335226286522659178e-01 -8.380126978326948861e-02
-2.408512065091212018e-01 -6.051133284944890806e-02
-2.458374117454727725e-01 -3.659246021698901036e-02
-2.484289496723873503e-01 -1.228251580392295678e-02
-2.485979422926966331e-01 1.217652851687923976e-02
-2.463412156367091044e-01 3.654112893754344477e-02
-2.416803203968604374e-01 6.056872034051766218e-02
-2.346612860745181939e-01 8.402025312140798396e-02
-2.253541119165975437e-01 1.066626880266631217e-01
-2.138520009361492835e-01 1.282714213833621997e-01
-2.002703462427120884e-01 1.486326139848650474e-01
-1.847454817192408782e-01 1.675453980970555978e-01
-1.674332117387793417e-01 1.848239385492773945e-01
-1.485071370837832971e-01 2.002993256520396170e-01
-1.281567964847037666e-01 2.138212797169268820e-01
-1.065856452055677223e-01 2.252596492165223896e-01
-8.400889384954923766e-02 2.345056870844310359e-01
-6.065123201711385831e-02 2.414730922861767215e-01
-3.674446260721017654e-02 2.460988065574244432e-01
-1.252507339607697445e-02 2.483435590717164854e-01
1.176822694948396336e-02 2.481921547297762098e-01
3.589698107092386542e-02 2.456535047199350230e-01
5.962543610419369922e-02 2.407604009478220841e-01
8.272295107849501894e-02 2.335690388370029735e-01
1.049663325148028625e-01 2.241582958255066427e-01
1.261420732737027206e-01 2.126287755922546818e-01
1.460484710483550830e-01 1.991016306101793532e-01
1.644976045091262884e-01 1.837171780093556084e-01
1.813171469589007212e-01 1.666333259164092528e-01
1.963519994267671764e-01 1.480238293913139214e-01
2.094657273846483869e-01 1.280763967881709819e-01
2.205417876864233517e-01 1.069906688048189725e-01
2.294845348704461219e-01 8.497609364292263434e-02
2.362199986011384589e-01 6.224972256510295093e-02
2.406964267198168084e-01 3.903395070211982537e-02
2.428845910950865050e-01 1.555422822844747949e-02
2.427778561751297581e-01 -7.963233009967429776e-03
2.403920128147631619e-01 -3.129373266133773229e-02
2.357648825470002596e-01 -5.421631068802355846e-02
2.289556999612510080e-01 -7.651590859094592467e-02
2.200442832092577294e-01 -9.798544093566272095e-02
2.091300048586755000e-01 -1.184277564638613056e-01
1.963305773286115330e-01 -1.376574696784051977e-01
1.817806689500393036e-01 -1.555026455884025438e-01
1.656303682784281417e-01 -1.718063222670443979e-01
1.480435156310638822e-01 -1.864278579815026871e-01
1.291959219156630090e-01 -1.992440918720054521e-01
1.092734956517769362e-01 -2.101503094564702301e-01
8.847029965746948388e-02 -2.190610065874704082e-01
6.698655917968987517e-02 -2.259104478595004850e-01
4.502664329001378890e-02 -2.306530178265335795e-01
2.279704115373233642e-02 -2.332633657135614880e-01
5.043543186197124717e-04 -2.337363465631647486e-01
-2.164667452784450538e-02 -2.320867639226976420e-01
-4.345507680261891797e-02 -2.283489212247806766e-01
-6.472549886463596636e-02 -2.225759909210050513e-01
-8.526995134388412612e-02 -2.148392121760467344e-01
-1.049094513286160241e-01 -2.052269294993751547e-01
-1.234755433847683492e-01 -1.938434860698736717e-01
-1.408116871038267714e-01 -1.808079866833842697e-01
-1.567745006868604685e-01 -1.662529462159243743e-01
-1.712348519475180297e-01 -1.503228402406820707e-01
-1.840787900295502988e-01 -1.331725749625662647e-01
-1.952083130593112725e-01 -1.149658939408152725e-01
-2.045419688657263702e-01 -9.587373916166075372e-02
-2.120152877754205023e-01 -7.607258390585680541e-02
-2.175810483063763123e-01 -5.574275453921561513e-02
-2.212093783185449802e-01 -3.506675784981249516e-02
-2.228876958150125265e-01 -1.422762987710571997e-02
-2.226204951054626680e-01 6.592678658316433737e-03
-2.204289854298898399e-01 2.721486619282087807e-02
-2.163505903823350063e-01 4.746378039309991081e-02
-2.104383175619256585e-01 6.716984263325265214e-02
-2.027600088043887139e-01 8.617038632643037044e-02
-1.933974821068029648e-01 1.043108999048938945e-01
-1.824455769496212687e-01 1.214461666249929961e-01
-1.700111151434534618e-01 1.374412947752976233e-01
-1.562117895867628781e-01 1.521726332669026127e-01
-1.411749934198474610e-01 1.655285689657015891e-01
-1.250366020077816054e-01 1.774102034692777441e-01
-1.079397199899103793e-01 1.877319083195067018e-01
-9.003340530728423663e-02 1.964217588611665288e-01
-7.147138167489913707e-02 2.034218480937871887e-01
-5.241075041679518071e-02 2.086884829076036119e-01
-3.301071194397197511e-02 2.121922660358512847e-01
-1.343130644338497853e-02 2.139180678879646913e-01
6.167817422948029815e-03 2.138648931469190606e-01
2.562859782031797276e-02 2.120456476165957782e-01
4.479571189280624061e-02 2.084868112914111948e-01
6.351767845750011521e-02 2.032280239923735798e-01
8.164790577625344326e-02 1.963215901750277881e-01
9.904567976242360794e-02 1.878319096710563962e-01
1.155770887714987899e-01 1.778348411839158205e-01
1.311158818736989085e-01 1.664170053285477235e-01
1.455442582038684873e-01 1.536750338959011475e-01
1.587535856213501961e-01 1.397147718457113497e-01
1.706450474838822617e-01 1.246504382974346348e-01
1.811302168406097868e-01 1.086037525116457098e-01
1.901315577776107879e-01 9.170303054500081319e-02
1.975828540043615689e-01 7.408225793344433430e-02
2.034295650525691779e-01 5.588014342277788232e-02
2.076291106727927716e-01 3.723915843455549018e-02
2.101510841639074867e-01 1.830456663926759153e-02
2.109773954618733016e-01 -7.765522823208123593e-04
2.101023448549124428e-01 -1.985628086645402704e-02
2.075326281906791082e-01 -3.878684047606670293e-02
2.032872744068170145e-01 -5.742156285731052356e-02
1.973975161596568384e-01 -7.561585332765682899e-02
1.899065942573423260e-01 -9.322814234781934273e-02
1.808694965342287631e-01 -1.101208222438452844e-01
1.703526317437534798e-01 -1.261611658075176279e-01
1.584334390076013732e-01 -1.412222234155094125e-01
1.451999333497915878e-01 -1.551836951750016347e-01
1.307501878744173618e-01 -1.679327744317401505e-01
1.151917532232846070e-01 -1.793649587732266404e-01
9.864101508151257303e-02 -1.893848244336382713e-01
8.122249069078385508e-02 -1.979067597679789459e-01
6.306806558531671825e-02 -2.048556532215926318e-01
4.431617208707100408e-02 -2.101675309888820509e-01
2.511091148471730067e-02 -2.137901393436721642e-01
5.601122274210862395e-03 -2.156834664450839878e-01
-1.406060264571528523e-02 -2.158201982889091375e-01
-3.371894635714591665e-02 -2.141861033967971395e-01
-5.321694179653384260e-02 -2.107803408249744603e-01
-7.239708436390114576e-02 -2.056156861407229530e-01
-9.110247781620574303e-02 -1.987186701673562261e-01
-1.091780072756396852e-01 -1.901296255445174277e-01
-1.264715324580041322e-01 -1.799026364963016156e-01
-1.428350935065489935e-01 -1.681053876492860089e-01
-1.581261211173140002e-01 -1.548189082984642306e-01
-1.722086419781630184e-01 -1.401372091817539578e-01
-1.849544699307548168e-01 -1.241668095915426928e-01
-1.962443727180292752e-01 -1.070261535208617415e-01
-2.059692037145246235e-01 -8.884491450630963016e-02
-2.140309876675166589e-01 -6.976318988172230950e-02
-2.203439492172606096e-01 -4.993058628568916579e-02
-2.248354728270640646e-01 -2.950519946025798035e-02
-2.274469827496513330e-01 -8.652492623645161030e-03
-2.281347317947672038e-01 1.245592101909339180e-02
-2.268704879517971229e-01 3.364358476368656259e-02
-2.236421083658405029e-01 5.473058572861516646e-02
-2.184539907693972549e-01 7.553501356602049244e-02
-2.113273932354400308e-01 9.587447987331285115e-02
-2.023006140394675578e-01 1.155676864332152165e-01
-1.914290244939194641e-01 1.344360293050249622e-01
-1.787849488412373844e-01 1.523052247839666307e-01
-1.644573866524604300e-01 1.690069423579952934e-01
-1.485515746646091650e-01 1.843804290407039526e-01
-1.311883865878926692e-01 1.982741088622339554e-01
-1.125035711063416266e-01 2.105471408728430416e-01
-9.264683006411780775e-02 2.210709187697401379e-01
-7.178074065389822289e-02 2.297304952084894825e-01
-5.007952728118369307e-02 2.364259140148624316e-01
-2.772769064561952240e-02 2.410734338780153585e-01
-4.918503432908567785e-03 2.436066276850440138e-01
1.814761617656638140e-02 2.439773424511340050e-01
4.126484022923689737e-02 2.421565058064893694e-01
6.422376134068746856e-02 2.381347662156877987e-01
8.681330150947652591e-02 2.319229555187014014e-01
1.088226818532433693e-01 2.235523639841023036e-01
1.300434344813888310e-01 2.130748198395252813e-01
1.502714366669388180e-01 2.005625671750346228e-01
1.693089466329786574e-01 1.861079381817086487e-01
1.869666196436722827e-01 1.698228178681344958e-01
2.030654827012154662e-01 1.518379016670229897e-01
2.174388460101629450e-01 1.323017486763342077e-01
2.299341294884290898e-01 1.113796356461046744e-01
2.404145829856471073e-01 8.925221919433362627e-02
2.487608795168520792e-01 6.611401608273517749e-02
2.548725617314798741e-01 4.217171367539151311e-02
2.586693230097366625e-01 1.764232490983229373e-02
2.600921060021951225e-01 -7.248795799278111296e-03
2.591040030921828996e-01 -3.227005735809927722e-02
2.556909451488593721e-01 -5.718583735499153248e-02
2.498621670332421552e-01 -8.175876627400439911e-02
2.416504405981408921e-01 -1.057520674997439181e-01
2.311120683613951954e-01 -1.289319289489248566e-01
2.183266336028256427e-01 -1.510698813244451544e-01
2.033965053094422548e-01 -1.719451574287844675e-01
1.864460991393532552e-01 -1.913470067075004610e-01
1.676208983596071955e-01 -2.090769392295660778e-01
1.470862415029082215e-01 -2.249508736544712784e-01
1.250258862481323785e-01 -2.388011643877248902e-01
1.016403617250163649e-01 -2.504784840839672788e-01
7.714512403971021670e-02 -2.598535389136782947e-01
5.176853228124864148e-02 -2.668185955547932586e-01
2.574966456675266413e-02 -2.712888006898898086e-01
-6.640042156758479974e-04 -2.732032758647047754e-01
-2.721903943177736776e-02 -2.725259728727447706e-01
-5.365857333540855617e-02 -2.692462773485208571e-01
-7.972489480582065080e-02 -2.633793509503090657e-01
-1.051620746291407754e-01 -2.549662053614578094e-01
-1.297185980255178284e-01 -2.440735043039924945e-01
-1.531499757092794622e-01 -2.307930928045565377e-01
-1.752213046899479265e-01 -2.152412560440850609e-01
-1.957097502819128421e-01 -1.975577132215618203e-01
-2.144069213905107907e-01 -1.779043549307738337e-01
-2.311211120784552597e-01 -1.564637355491804160e-01
-2.456793836809153808e-01 -1.334373350323525831e-01
-2.579294633177376950e-01 -1.090436072594244687e-01
-2.677414365309003230e-01 -8.351583464959838610e-02
-2.750092139339012087e-01 -5.709981113388978152e-02
-2.796517541733328227e-01 -3.005137768930087050e-02
-2.816140281438860304e-01 -2.633836496607644406e-03
-2.808677122358765321e-01 2.488472865673719767e-02
-2.774116013958264904e-01 5.223419686157142888e-02
-2.712717359100926262e-01 7.914518967943395822e-02
-2.625012390416174846e-01 1.053518554938831508e-01
-2.511798659218348884e-01 1.305946280583056285e-01
-2.374132673839690622e-01 1.546229288226512177e-01
-2.213319756804639493e-01 1.771977831251246860e-01
-2.030901222162604935e-01 1.980943211926929348e-01
-1.828639005119999383e-01 2.171041360973348378e-01
-1.608497905490420266e-01 2.340374723499114296e-01
-1.372625634052237753e-01 2.487252206627732498e-01
-1.123330876324815791e-01 2.610206965541703172e-01
-8.630596112336602621e-02 2.708011828768566720e-01
-5.943699423466367732e-02 2.779692190012566511e-01
-3.199057165777760559e-02 2.824536222383971507e-01
-4.236921925907181918e-03 2.842102301150760679e-01
2.355067548989082590e-02 2.832223552768122765e-01
5.109871483303657369e-02 2.795009480546499225e-01
7.813628944885407657e-02 2.730844650502761706e-01
1.043978869074046051e-01 2.640384454298601025e-01
1.296261232394234630e-01 2.524547999300124634e-01
1.535743863992149183e-01 2.384508208291244713e-01
1.760093601538102737e-01 2.221679242847276470e-01
1.967134010185897508e-01 2.037701394444297043e-01
2.154867425978899687e-01 1.834423615682818642e-01
2.321495037229068248e-01 1.613883890202593430e-01
2.465434790828618106e-01 1.378287663647823347e-01
2.585336935900314215e-01 1.129984579128745226e-01
2.680097044730244127e-01 8.714437787714648942e-02
2.748866380213298988e-01 6.052280479457517598e-02
2.791059509712885411e-01 3.339670904434152710e-02
2.806359096913569329e-01 6.033023112337512761e-03
2.794717835538524930e-01 -2.130011527371305710e-02
2.756357521317546744e-01 -4.833611689787201127e-02
2.691765290930207000e-01 -7.481266169574909974e-02
2.601687088421412164e-01 -1.004743568653134189e-01
2.487118450411943960e-01 -1.250753039609321937e-01
2.349292730937757590e-01 -1.483815477360029278e-01
2.189666914601620107e-01 -1.701733810607943820e-01
2.009905192585245692e-01 -1.902474820898451546e-01
1.811860499653424050e-01 -2.084188619624836036e-01
1.597554231318991658e-01 -2.245226036626654653e-01
1.369154378598494981e-01 -2.384153752096294376e-01
1.128952333079999010e-01 -2.499767030658457678e-01
8.793386271928563258e-02 -2.591099944985779668e-01
6.227778835015999187e-02 -2.657433005799497705e-01
3.617832524716693005e-02 -2.698298145207275178e-01
9.889062044517289707e-03 -2.713481030677354910e-01
-1.633671314654440779e-02 -2.703020717167169962e-01
-4.224855411531482086e-02 -2.667206674649283404e-01
-6.760133830122759535e-02 -2.606573257153056433e-01
-9.215766307018322112e-02 -2.521891707127147386e-01
-1.156901320080498952e-01 -2.414159815105745566e-01
-1.379835083230007697e-01 -2.284589379034096535e-01
-1.588367142914305641e-01 -2.134591629907255927e-01
-1.780646577407494491e-01 -1.965760810361360245e-01
-1.954998688076768076e-01 -1.779856110323471685e-01
-2.109939326121265668e-01 -1.578782178604004327e-01
-2.244187060122786459e-01 -1.364568441271696575e-01
-2.356673092228105115e-01 -1.139347466690270733e-01
-2.446548857517936715e-01 -9.053326231623388953e-02
-2.513191268085727126e-01 -6.647952782030230878e-02
-2.556205590215180345e-01 -4.200417885749246211e-02
-2.575425969481092703e-01 -1.733905274170460808e-02
-2.570913644288032041e-01 7.285081081119110236e-03
-2.542952913005939175e-01 3.164073951434799581e-02
-2.492044943180866112e-01 5.550587110644456673e-02
-2.418899533035892002e-01 7.866590731416503446e-02
-2.324424955400928583e-01 1.009157004116721656e-01
-2.209716032118665130e-01 1.220613304367627744e-01
-2.076040602696075099e-01 1.419217654394607508e-01
-1.924824564368100566e-01 1.603303613062523891e-01
-1.757635671707601377e-01 1.771361895467925829e-01
-1.576166292382982503e-01 1.922051836198571673e-01
-1.382215321596512725e-01 2.054210966122669291e-01
-1.177669461130924772e-01 2.166862653392170324e-01
-9.644840698218187791e-02 2.259221781782193850e-01
-7.446637907234023024e-02 2.330698461539373323e-01
-5.202431563405862658e-02 2.380899789311095860e-01
-2.932673671854457015e-02 2.409629694226833041e-01
-6.577343073068349366e-03 2.416886926573335315e-01
1.602281622495302024e-02 2.402861263540642389e-01
3.827710587463464126e-02 2.367928023033451235e-01
5.999498100634342856e-02 2.312640991386776257e-01
8.099356464633149233e-02 2.237723883868097674e-01
1.010991138111556886e-01 2.144060467991688868e-01
1.201483636891260559e-01 2.032683488845295483e-01
1.379897410584753348e-01 1.904762542795451208e-01
1.544844398152884768e-01 1.761591051085451554e-01
1.695073532147495510e-01 1.604572487988218110e-01
1.829478591440294455e-01 1.435206019371218222e-01
1.947104564223350875e-01 1.255071706844644308e-01
2.047152517428684482e-01 1.065815430193657598e-01
2.128982984139561330e-01 8.691336766589652374e-02
2.192117895055811505e-01 6.667583399649743003e-02
2.236241093482282671e-01 4.604416649555963248e-02
2.261197485508602834e-01 2.519414654522640629e-02
2.266990887938607757e-01 4.300673367544527448e-03
2.253780646032396140e-01 -1.646362505443416460e-02
2.221877101191223891e-01 -3.692972133072305874e-02
2.171735995318312129e-01 -5.693344967058763806e-02
2.103951903724497474e-01 -7.631669106783796341e-02
2.019250792137285977e-01 -9.492847635112183768e-02
1.918481795658487088e-01 -1.126260019353278186e-01
1.802608318463094217e-01 -1.292755542352463649e-01
1.672698552723228260e-01 -1.447533397873273786e-01
1.529915513775377267e-01 -1.589462191560623849e-01
1.375506686040811055e-01 -1.717523436662616865e-01
1.210793370783801309e-01 -1.830816948911934139e-01
1.037159822585092678e-01 -1.928565276310639232e-01
8.560422565604203227e-02 -2.010117178305497465e-01
6.689178030106063266e-02 -2.074950175040047584e-01
4.772934804966008637e-02 -2.122672192606138153e-01
2.826952524333003341e-02 -2.153022334492108170e-01
8.665722632892905453e-03 -2.165870812757677011e-01
-1.092889511062590177e-02 -2.161218074895710495e-01
-3.036244554753255581e-02 -2.139193163924350272e-01
-4.948533607484584262e-02 -2.100051350060892219e-01
-6.815123927981846241e-02 -2.044171072446169524e-01
-8.621803279135840936e-02 -1.972050228911227110e-01
-1.035487007807123772e-01 -1.884301850811914147e-01
-1.200121946057681466e-01 -1.781649198613380891e-01
-1.354842503747812343e-01 -1.664920312300942340e-01
-1.498481614241120030e-01 -1.535042048943340287e-01
-1.629955038613619678e-01 -1.393033637954768367e-01
-1.748268134225762493e-01 -1.239999782905060050e-01
-1.852522119340589135e-01 -1.077123337218745397e-01
-1.941919816615323702e-01 -9.056575798803601085e-02
-2.015770857789715986e-01 -7.269181164117770322e-02
-2.073496331048334251e-01 -5.422744299811874114e-02
-2.114632851439954553e-01 -3.531411076021831463e-02
-2.138836033497812650e-01 -1.609687670290532030e-02
-2.145883343928348952e-01 3.276528882189343184e-03
-2.135676311035456520e-01 2.265666612856549050e-02
-2.108242066535272741e-01 4.189336581698816647e-02
-2.063734194705065805e-01 6.083672748183537038e-02
-2.002432863506275751e-01 7.933813166028799713e-02
-1.924744212527388920e-01 9.725126215337420721e-02
-1.831198973399085217e-01 1.144331337410387922e-01
-1.722450299822839981e-01 1.307451203384027705e-01
-1.599270786592446314e-01 1.460539781075650412e-01
-1.462548660028239189e-01 1.602328575601305038e-01
-1.313283126121908284e-01 1.731622982124739196e-01
-1.152578867423590669e-01 1.847311989015637812e-01
-9.816396852914299753e-02 1.948377564473824097e-01
-8.017612905465093531e-02 2.033903649721276463e-01
-6.143232527927705577e-02 2.103084678698924348e-01
-4.207801266124604200e-02 2.155233541763982297e-01
-2.226517814537767176e-02 2.189788909289568097e-01
-2.151297119150102910e-03 2.206321830435510889e-01
1.810178110508739446e-02 2.204541522789728036e-01
3.832901373076320894e-02 2.184300270161179114e-01
5.836340428046477707e-02 2.145597348609547539e-01
7.803729419131041900e-02 2.088581904876392337e-01
9.718369763592762944e-02 2.013554716770485919e-01
1.156376700390901874e-01 1.920968771767927741e-01
1.332376998460677586e-01 1.811428608104456439e-01
1.498271122518825549e-01 1.685688371929346396e-01
1.652554728383114901e-01 1.544648554600074886e-01
1.793799784044636247e-01 1.389351385844239950e-01
1.920668217331272243e-01 1.220974871197027384e-01
2.031925166237233127e-01 1.040825475714066140e-01
2.126451692571242891e-01 8.503294703156741297e-02
2.203256818496237279e-01 6.510229720753847593e-02
2.261488746128789140e-01 4.445407251426289341e-02
2.300445122714417090e-01 2.326036845915144258e-02
2.319582218049594802e-01 1.700548110805458202e-03
2.318522886811652528e-01 -2.004021401486872148e-02
2.297063196286608933e-01 -4.177247981716639830e-02
2.255177609627796453e-01 -6.330417495154418150e-02
2.193022626182828116e-01 -8.444228202925135873e-02
2.110938793513189027e-01 -1.049945848146790206e-01
2.009451020392362952e-01 -1.247714474478394536e-01
1.889267136171333406e-01 -1.435876117572744970e-01
1.751274659285607660e-01 -1.612639949346290624e-01
1.596535756163199316e-01 -1.776294692328771463e-01
1.426280391174223616e-01 -1.925226049404570317e-01
1.241897688316832282e-01 -2.057933576857175761e-01
1.044925545821692725e-01 -2.173046811498941799e-01
8.370385655253480273e-02 -2.269340465193042389e-01
6.200343794489588528e-02 -2.345748504926301048e-01
3.958184762539784796e-02 -2.401376943779728323e-01
1.663876498585347558e-02 -2.435515177645902474e-01
-6.618778878297600088e-03 -2.447645714304070019e-01
-2.997828781750033755e-02 -2.437452155398369402e-01
-5.322377763448775390e-02 -2.404825307853286354e-01
-7.613782452862299932e-02 -2.349867319154227419e-01
-9.850366479961045196e-02 -2.272893750541411795e-01
-1.201073245819199720e-01 -2.174433523306246729e-01
-1.407397575591578798e-01 -2.055226695810027371e-01
-1.601989680293002261e-01 -1.916220052311822242e-01
-1.782920963701014605e-01 -1.758560508923144583e-01
-1.948374438988878798e-01 -1.583586366712940452e-01
-2.096664143388091150e-01 -1.392816466866821923e-01
-2.226253495974427621e-01 -1.187937327550288302e-01
-2.335772383328394985e-01 -9.707883664236895138e-02
-2.424032768224568812e-01 -7.433453362936368047e-02
-2.490042629541115438e-01 -5.077021238525081248e-02
-2.533018057136656731e-01 -2.660510825541735624e-02
-2.552393343367504452e-01 -2.066209011238821780e-03
-2.547828933031750509e-01 2.261394613823751454e-02
-2.519217115614118541e-01 4.719955194017129430e-02
-2.466685367524090733e-01 7.145388327224755365e-02
-2.390597277300974821e-01 9.514167744006993277e-02
-2.291551013211720056e-01 1.180315271850256587e-01
-2.170375319979702677e-01 1.398982585251619115e-01
-2.028123059229319236e-01 1.605252673869481672e-01
-1.866062336275010336e-01 1.797067891274028439e-01
-1.685665283780292123e-01 1.972500754961512004e-01
-1.488594600216405772e-01 2.129774543438331669e-01
-1.276687967617451958e-01 2.267282484412236898e-01
-1.051940498522374035e-01 2.383605311228751134e-01
-8.164853858883891480e-02 2.477526980966128500e-01
-5.725729518457470940e-02 2.548048366487049021e-01
-3.225483111503317513e-02 2.594398756033691189e-01
-6.882788281313452494e-03 2.616045017406129491e-01
1.861250015938769459e-02 2.612698309113801187e-01
4.398251322441547317e-02 2.584318247841335126e-01
6.897908280333885089e-02 2.531114469805806899e-01
9.335694401718221125e-02 2.453545552766279725e-01
1.168762673438922262e-01 2.352315295227652425e-01
1.393051446521262338e-01 2.228366379398775965e-01
1.604220016516937353e-01 2.082871474353647778e-01
1.800179099615413780e-01 1.917221865237875300e-01
1.978987730083653640e-01 1.733013722898388564e-01
2.138873612900097920e-01 1.532032155639485027e-01
2.278251741530554209e-01 1.316233210583262203e-01
2.395741071249294085e-01 1.087724016016039658e-01
2.490179059854315535e-01 8.487412778356266674e-02
2.560633911354570080e-01 6.016283625046926764e-02
2.606414383936172530e-01 3.488112155205594367e-02
2.627077050935494595e-01 9.277337812213320989e-03
2.622430932328774777e-01 -1.639696244028128816e-02
2.592539444041920826e-01 -4.188962420071622172e-02
2.537719642828760724e-01 -6.695049218259047086e-02
2.458538775190676484e-01 -9.133399070335306014e-02
2.355808169441267752e-01 -1.148016529452402235e-01
2.230574540183269949e-01 -1.371245718649082290e-01
2.084108803794324505e-01 -1.580857459415435096e-01
1.917892531656867905e-01 -1.774822941834971746e-01
1.733602194474228586e-01 -1.951275163428917436e-01
1.533091375768546594e-01 -2.108527760969892140e-01
1.318371155258771799e-01 -2.245091870218142993e-01
1.091588882998838217e-01 -2.359690834818184424e-01
8.550055826783545254e-02 -2.451272610606293478e-01
6.109722371461375617e-02 -2.519019738310671608e-01
3.619052208426536132e-02 -2.562356785744617227e-01
1.102611522917389814e-02 -2.580955189751026890e-01
-1.414885549840992976e-02 -2.574735457994459797e-01
-3.908831628445604001e-02 -2.543866720848458329e-01
-6.354978213163170464e-02 -2.488763653722158575e-01
-8.729682495455107216e-02 -2.410080819845518141e-01
-1.101014618529448930e-01 -2.308704512428048083e-01
-1.317464380161731674e-01 -2.185742202875063100e-01
-1.520273800968531264e-01 -2.042509728058008733e-01
-1.707547975487858916e-01 -1.880516374181543382e-01
-1.877559113325198148e-01 -1.701448037284768455e-01
-2.028762915254784249e-01 -1.507148660600019230e-01
-2.159812877046544677e-01 -1.299600166644112320e-01
-2.269572384682264354e-01 -1.080901116841753579e-01
-2.357124490960332830e-01 -8.532443435230580020e-02
-2.421779290841883647e-01 -6.188938081786840573e-02
-2.463078840917976575e-01 -3.801609458179677076e-02
-2.480799596728375800e-01 -1.393807581183365008e-02
-2.474952369987765133e-01 1.011120822211681453e-02
-2.445779835729258722e-01 3.390068568631676021e-02
-2.393751646620937146e-01 5.720399042462995243e-02
-2.319557237924788351e-01 7.980169555621757782e-02
-2.224096431442009469e-01 1.014834472796667802e-01
-2.108467970038006567e-01 1.220499771856639049e-01
-1.973956135703081594e-01 1.413149730658092851e-01
-1.822015623346577018e-01 1.591067901001439466e-01
-1.654254859439479586e-01 1.752699863840330441e-01
-1.472417969041911467e-01 1.896666689878822587e-01
-1.278365606540893540e-01 2.021776391008610618e-01
-1.074054874479202504e-01 2.127033272613385873e-01
-8.615185611136896848e-02 2.211645121903655919e-01
-6.428439307735772656e-02 2.275028192882474487e-01
-4.201513017052039417e-02 2.316809973961846403e-01
-1.955726439347517387e-02 2.336829749338207862e-01
2.876957516529624059e-03 2.335136989690372589e-01
2.507830773434700442e-02 2.311987631295255863e-01
4.684257815641870715e-02 2.267838324993735888e-01
6.797249354401257992e-02 2.203338757329827979e-01
8.827951858890842329e-02 2.119322165403561553e-01
1.075855420918562788e-01 2.016794184320362393e-01
1.257244232055809707e-01 1.896920181414886442e-01
1.425433865897208219e-01 1.761011244533020048e-01
1.579042553280154415e-01 1.610509002461738004e-01
1.716845125406548656e-01 1.446969464024995267e-01
1.837781847589156081e-01 1.272046068370063787e-01
1.940965422869776469e-01 1.087472142540881481e-01
2.025686139294496646e-01 8.950429635937476314e-02
2.091415155856849450e-01 6.965976213080563029e-02
2.137805942776067891e-01 4.940008740627935269e-02
2.164693911620751698e-01 2.891251847984877693e-02
2.172094289591526006e-01 8.383311630047032836e-03
2.160198309833222252e-01 -1.200397445175811414e-02
2.129367805773883515e-01 -3.207011749002749990e-02
2.080128312025232851e-01 -5.164178714216625943e-02
2.013160787194183954e-01 -7.055300403810742249e-02
1.929292084941963970e-01 -8.864649068479570071e-02
1.829484308709265483e-01 -1.057749041691461306e-01
1.714823192653870398e-01 -1.218019422434040017e-01
1.586505656501391304e-01 -1.366033160628240539e-01
1.445826685198105810e-01 -1.500675845439349010e-01
1.294165685512520259e-01 -1.620968469996940386e-01
1.132972471120313324e-01 -1.726072923638389267e-01
9.637530253109738432e-02 -1.815296049201900186e-01
7.880551863812990110e-02 -1.888092279845518806e-01
6.074543951584773088e-02 -1.944064884299015195e-01
4.235396370687976447e-02 -1.982965862844061344e-01
2.378997028968150851e-02 -2.004694548532406917e-01
5.210988303573693692e-03 -2.009294979081878985e-01
-1.322808002066883440e-02 -1.996952114449564997e-01
-3.137617286250992538e-02 -1.967986983207976048e-01
-4.908721102943602171e-02 -1.922850847505145899e-01
-6.622116175347278477e-02 -1.862118481559185412e-01
-8.264501822223564720e-02 -1.786480662331036695e-01
-9.823369018988958867e-02 -1.696735973267683717e-01
-1.128708021823580376e-01 -1.593782022864833059e-01
-1.264493969435788734e-01 -1.478606179335605342e-01
-1.388725428510193538e-01 -1.352275920980380297e-01
-1.500538450460365547e-01 -1.215928899038602740e-01
-1.599178609667277762e-01 -1.070762805985341071e-01
-1.684004218282197929e-01 -9.180251375438426564e-02
-1.754488623603988884e-01 -7.590029312585672150e-02
-1.810221617803990657e-01 -5.950125584551085867e-02
-1.850909995432704069e-01 -4.273896399506919852e-02
-1.876377298777109348e-01 -2.574791491183665154e-02
-1.886562794750851479e-01 -8.662575899386314171e-03
-1.881519729616080439e-01 8.383551681448806608e-03
-1.861412909497592305e-01 2.525883464636830000e-02
-1.826515655415802686e-01 4.183437290847161899e-02
-1.777206181508489691e-01 5.798482407073000944e-02
-1.713963444318722940e-01 7.358918525217926498e-02
-1.637362509595285953e-01 8.853153023468282590e-02
-1.548069481088228116e-01 1.027017004823963242e-01
-1.446836033438237135e-01 1.159959489869901300e-01
-1.334493588570429823e-01 1.283175362250913720e-01
-1.211947172128370193e-01 1.395772777788886199e-01
-1.080168983539074035e-01 1.496940433667476866e-01
-9.401917103972892709e-02 1.585952071600605640e-01
-7.931016151045745810e-02 1.662170493290606732e-01
-6.400314191947166498e-02 1.725051087691657214e-01
-4.821530086109646063e-02 1.774144869171191130e-01
-3.206699814498124856e-02 1.809101024805602753e-01
-1.568100584146680382e-02 1.829668967844800820e-01
8.182624519782570605e-04 1.835699892929434918e-01
1.730553219114833174e-02 1.827147827047426454e-01
3.365545634015449511e-02 1.804070168579182398e-01
4.974340963077497624e-02 1.766627705211423760e-01
6.544628640096511463e-02 1.715084100104908582e-01
8.064329957925558956e-02 1.649804834585241742e-01
9.521677812506428029e-02 1.571255594886615814e-01
1.090529599359544299e-01 1.480000090206146923e-01
1.220427768992451423e-01 1.376697289602090424e-01
1.340826284059987439e-01 1.262098066161460863e-01
1.450751392702038234e-01 1.137041238426989426e-01
1.549298976157391650e-01 1.002449001350482483e-01
1.635641679198810150e-01 8.593217420541965357e-02
1.709035740465736641e-01 7.087322394414879989e-02
1.768827467774673756e-01 5.518192511930575944e-02
1.814459300658370910e-01 3.897804968881272980e-02
1.845475400096145135e-01 2.238650518558510383e-02
1.861526703760431334e-01 5.536517282887745695e-03
1.862375384222523522e-01 -1.143924165404600415e-02
1.847898647526865779e-01 -2.840557448244992317e-02
1.818091810439422806e-01 -4.522572734124317984e-02
1.773070596568443180e-01 -6.176239874027826537e-02
1.713072594496517775e-01 -7.787878376461515595e-02
1.638457825084715935e-01 -9.343964668576150434e-02
1.549708370227912690e-01 -1.083124145005297106e-01
1.447427021550657944e-01 -1.223682831835850859e-01
1.332334914810633653e-01 -1.354833277569400529e-01
1.205268124077101821e-01 -1.475396066634859504e-01
1.067173199009827655e-01 -1.584262503966074043e-01
9.191016386951382511e-02 -1.680405238977766835e-01
7.622033063965227839e-02 -1.762888519015924638e-01
5.977188011262990486e-02 -1.830877961946392463e-01
4.269708140048268652e-02 -1.883649736709710198e-01
2.513545097926390970e-02 -1.920599041215055869e-01
7.232698659425593202e-03 -1.941247768938215157e-01
-1.086041206340750132e-02 -1.945251259074509131e-01
-2.898928146689970162e-02 -1.932404030102556902e-01
-4.699675984707613746e-02 -1.902644403141160179e-01
-6.472449236891239521e-02 -1.856057929508555804e-01
-8.201431125548012957e-02 -1.792879546376187905e-01
-9.870966305382969375e-02 -1.713494395279789306e-01
-1.146570578296769727e-01 -1.618437250417263384e-01
-1.297075263823398994e-01 -1.508390517011531928e-01
-1.437180709517219546e-01 -1.384180774411579162e-01
-1.565530944244103995e-01 -1.246773853890849881e-01
-1.680857927482974912e-01 -1.097268457105343570e-01
-1.781994951446774778e-01 -9.368883377045912619e-02
-1.867889367714268278e-01 -7.669730854440375001e-02
-1.937614487461444823e-01 -5.889675691132187363e-02
-1.990380508869867004e-01 -4.044101114485434273e-02
-2.025544331716880031e-01 -2.149194857156165595e-02
-2.042618127495339775e-01 -2.218083959541004846e-03
-2.041276543617022710e-01 1.720693328357278395e-02
-2.021362432245533691e-01 3.660590361021213990e-02
-1.982891007975962072e-01 5.579972874598997101e-02
-1.926052353798507477e-01 7.460911408427509106e-02
-1.851212211396068841e-01 9.285630514411769010e-02
-1.758911009652932567e-01 1.103668403662162734e-01
-1.649861104093928166e-01 1.269713019082302496e-01
-1.524942219613300287e-01 1.425070456938183350e-01
-1.385195109056968354e-01 1.568198917794556557e-01
-1.231813460745128652e-01 1.697657561367869050e-01
-1.066134108609270992e-01 1.812122052105834547e-01
-8.896256190074933179e-02 1.910399151048948752e-01
-7.038753482110560178e-02 1.991440179712762326e-01
-5.105750837609503850e-02 2.054353191185175620e-01
-3.115054011183097937e-02 2.098413695255190725e-01
-1.085188840275461142e-02 2.123073798072553364e-01
9.647762746107579196e-03 2.127969632446563564e-01
3.015415835239200135e-02 2.112926972264403402e-01
5.047138759194406965e-02 2.077964943456085678e-01
7.040383945616700279e-02 2.023297764242486529e-01
8.975817820646259104e-02 1.949334468841647794e-01
1.083453173729228003e-01 1.856676591125247799e-01
1.259823707624948552e-01 1.746113807645471860e-01
1.424945589131389745e-01 1.618617562714451674e-01
1.577170496588587434e-01 1.475332721528073987e-01
1.714967119564490550e-01 1.317567320393122354e-01
1.836937628655762877e-01 1.146780505650858706e-01
1.941832885632529260e-01 9.645687746043501987e-02
2.028566215024712183e-01 7.726506523715312436e-02
2.096225572801152792e-01 5.728499578328123676e-02
2.144083964456101610e-01 3.670778294676654840e-02
2.171607983405620668e-01 1.573136976440181467e-02
2.178464360897112428e-01 -5.441459637573663188e-03
2.164524440412882167e-01 -2.660513230062773460e-02
2.129866512546703394e-01 -4.755338077595983037e-02
2.074775970276497572e-01 -6.808135683124635906e-02
1.999743269157879810e-01 -8.798774141968612739e-02
1.905459701923625793e-01 -1.070768276982870526e-01
1.792811021987452402e-01 -1.251605540465358102e-01
1.662868975108943159e-01 -1.420604644753443724e-01
1.516880822673288554e-01 -1.576095745256749781e-01
1.356256963373820845e-01 -1.716541217292376631e-01
1.182556782265554163e-01 -1.840551809294660723e-01
9.974728769059862388e-02 -1.946901262256688914e-01
8.028138293543513049e-02 -2.034539229897956158e-01
6.004857099219017280e-02 -2.102602352937221197e-01
3.924725135371077978e-02 -2.150423361528049360e-01
1.808157422210938947e-02 -2.177538102137724640e-01
-3.240664270042374617e-03 -2.183690408649062165e-01
-2.451016675210389295e-02 -2.168834761953109813e-01
-4.551829563098448717e-02 -2.133136707480017824e-01
-6.605922664074335982e-02 -2.076971025677267491e-01
-8.593207121934189063e-02 -2.000917676075981977e-01
-1.049429443684998242e-01 -1.905755560972964280e-01
-1.229069552912434860e-01 -1.792454179587429086e-01
-1.396500990082290561e-01 -1.662163267523303067e-01
-1.550110283168906200e-01 -1.516200539187692042e-01
-1.688426868622810995e-01 -1.356037672205985256e-01
-1.810137857174866916e-01 -1.183284692574865377e-01
-1.914101077042337506e-01 -9.996729370689924621e-02
-1.999356256977901369e-01 -8.070367850530195397e-02
-2.065134233292626742e-01 -6.072943651633177370e-02
-2.110864087958177482e-01 -4.024274531586930631e-02
-2.136178148865692517e-01 -1.944607854738655134e-02
-2.140914807991099456e-01 1.455898144571206310e-03
-2.125119138283828035e-01 2.225844331487845593e-02
-2.089041315249120234e-01 4.275884476079415408e-02
-2.033132874125126444e-01 6.275849038717214168e-02
-1.958040857961027836e-01 8.206488241485021540e-02
-1.864599935486281890e-01 1.004935732557949574e-01
-1.753822590140882431e-01 1.178700024310556926e-01
-1.626887502745328062e-01 1.340312151951482955e-01
-1.485126269779109554e-01 1.488274450355339673e-01
-1.330008616882878969e-01 1.621235439181472615e-01
-1.163126282801998645e-01 1.738002460268842919e-01
-9.861757623756373103e-02 1.837552527719932272e-01
-8.009401082033350272e-02 1.919041289931319727e-01
-6.092699991786814512e-02 1.981810025298637590e-01
-4.130642900885991148e-02 2.025390616469946448e-01
-2.142502598911013439e-02 2.049508471552879407e-01
-1.476377709217081835e-03 2.054083384304185578e-01
1.834704011351998704e-02 2.039228348754554276e-01
3.785579837558342153e-02 2.005246366661778135e-01
5.686539490220980653e-02 1.952625308365948664e-01
7.519805994747957856e-02 1.882030908779089851e-01
9.268446835730223543e-02 1.794298000132527604e-01
1.091653412018549346e-01 1.690420101501927674e-01
1.244929211950965842e-01 1.571537501828089989e-01
1.385323078909235506e-01 1.438923987971803820e-01
1.511626404552077474e-01 1.293972382130453569e-01
1.622781177357960347e-01 1.138179063578301370e-01
1.717888473629142210e-01 9.731276580766022588e-02
1.796215176839632277e-01 8.004720843697264721e-02
1.857198884427220531e-01 6.219191509057965528e-02
1.900450982267929412e-01 4.392108972925125310e-02
1.925757888024314524e-01 2.541068740486678024e-02
1.933080485070919063e-01 6.836655099678033698e-03
1.922551788525441452e-01 -1.162679607520423694e-02
1.894472903820935417e-01 -2.980886957310532187e-02
1.849307356027269644e-01 -4.754379618697430337e-02
1.787673884572913430e-01 -6.467236521272980154e-02
1.710337812956138626e-01 -8.104335958231718984e-02
1.618201116316551058e-01 -9.651488196283308785e-02
1.512291321237153874e-01 -1.109555603513755623e-01
1.393749381763856321e-01 -1.242456233249793901e-01
1.263816683290452103e-01 -1.362778368082345204e-01
1.123821331617209929e-01 -1.469582959746695283e-01
9.751638881324771468e-02 -1.562070676783200440e-01
8.193027136984976089e-02 -1.639586805959240279e-01
6.577390834808941045e-02 -1.701624620252678022e-01
4.920022327072977320e-02 -1.747827220095589662e-01
3.236344892596826339e-02 -1.777987871206754833e-01
1.541766432046515201e-02 -1.792048878164616277e-01
-1.484630402613307948e-03 -1.790099047712759850e-01
-1.819388769313713683e-02 -1.772369809489442727e-01
-3.456482259607954188e-02 -1.739230074293408590e-01
-5.045764777454271599e-02 -1.691179921023947264e-01
-6.573922351847545642e-02 -1.628843212970320087e-01
-8.028411399386559122e-02 -1.552959252104150201e-01
-9.397554233153707082e-02 -1.464373586401931659e-01
-1.067062385337547575e-01 -1.364028089970968083e-01
-1.183791755712500782e-01 -1.252950438871891781e-01
-1.289081904340903806e-01 -1.132243107048390152e-01
-1.382184882688089478e-01 -1.003072006735512417e-01
-1.462470290641501025e-01 -8.666548961882275526e-02
-1.529427976226152286e-01 -7.242496746368434768e-02
-1.582669587600843697e-01 -5.771426801376387805e-02
-1.621929007980701942e-01 -4.266371005627286883e-02
-1.647061714413093625e-01 -2.740416014926803923e-02
-1.658043110579334178e-01 -1.206592673788677711e-02
-1.654965891928406596e-01 3.222305582192247497e-03
-1.638036508415676162e-01 1.833449371172815243e-02
-1.607570795883888348e-01 3.314819858678412501e-02
-1.563988851670274349e-01 4.754548654496665305e-02
-1.507809233356535716e-01 6.141376442344101405e-02
-1.439642561720931024e-01 7.464654426202435578e-02
-1.360184609944568024e-01 8.714413443934004855e-02
-1.270208961024714145e-01 9.881425499719911909e-02
-1.170559314228969000e-01 1.095725757958728869e-01
-1.062141519371171405e-01 1.193431769798177777e-01
-9.459154148000173401e-02 1.280589320101991058e-01
-8.228865413708542909e-02 1.356618142292435325e-01
-6.940978004334409646e-02 1.421031285556493273e-01
-5.606211191319006304e-02 1.473436704652696383e-01
-4.235491811985166166e-02 1.513538148840258279e-01
-2.839872760516561068e-02 1.541135380091428198e-01
-1.430453134992141009e-02 1.556123753806236687e-01
-1.830045817853495627e-04 1.558493197492685223e-01
1.385624664658338147e-02 1.548326624338741131e-01
2.770541140219867290e-02 1.525797819332754546e-01
4.125916972975973707e-02 1.491168835646215773e-01
5.441535627510388218e-02 1.444786938448031355e-01
6.707558994483522885e-02 1.387081132252880045e-01
7.914586824311893587e-02 1.318558306405111236e-01
9.053712524440526987e-02 1.239799031456893241e-01
1.011657524235009264e-01 1.151453037110900801e-01
1.109540817707638932e-01 1.054234400161146307e-01
1.198308307705485687e-01 9.489164685769838070e-02
1.277315089170749651e-01 8.363265456285337573e-02
1.345987854867058964e-01 7.173403558355842535e-02
1.403828182835159810e-01 5.928763126186649413e-02
1.450415430315144527e-01 4.638896059143571976e-02
1.485409230084443755e-01 3.313661267511446018e-02
1.508551584100932819e-01 1.963162449202068491e-02
1.519668548085885973e-01 5.976845545833612411e-03
1.518671499317994222e-01 -7.723709028461592935e-03
1.505557978526338436e-01 -2.136551526795340411e-02
1.480412095457487587e-01 -3.484420536102431770e-02
1.443404486539394127e-01 -4.805623891796875768e-02
1.394791812159452693e-01 -6.089957845386516355e-02
1.334915780498217575e-01 -7.327436676940403404e-02
1.264201684689634508e-01 -8.508360364510417218e-02
1.183156440380718072e-01 -9.623381896545923908e-02
1.092366111596047296e-01 -1.066357390695691354e-01
9.924929142216230848e-02 -1.162049427921389849e-01
8.842716884424464685e-02 -1.248625033225073816e-01
7.685058341189790476e-02 -1.325356116792815730e-01
6.460627063756618771e-02 -1.391581772842508113e-01
5.178684725913135223e-02 -1.446714008317198374e-01
3.849024365030701000e-02 -1.490243143984077701e-01
2.481908402241895031e-02 -1.521742835344881140e-01
1.088001605787015588e-02 -1.540874659276461611e-01
-3.217007779427009939e-03 -1.547392211479746982e-01
-1.735949436964460968e-02 -1.541144659700464659e-01
-3.143321594236000299e-02 -1.522079698364819655e-01
-4.532305371866848787e-02 -1.490245851804723465e-01
-5.891387425428898372e-02 -1.445794075673700885e-01
-7.209143286060762379e-02 -1.388978609505123751e-01
-8.474329781131062500e-02 -1.320157037652081311e-01
-9.675978840359697464e-02 -1.239789521069704081e-01
-1.080349193477011666e-01 -1.148437168535934028e-01
-1.184673434192388686e-01 -1.046759522918173924e-01
-1.279612838380009554e-01 -9.355111459266259033e-02
-1.364274474459795661e-01 -8.155372933793478274e-02
-1.437839094575252274e-01 -6.877686822521542065e-02
-1.499569603555166719e-01 -5.532153605963799348e-02
-1.548819054179703947e-01 -4.129597016634582729e-02
-1.585038073869398934e-01 -2.681485541490883154e-02
-1.607781629416013547e-01 -1.199845912228726316e-02
-1.616715039141575494e-01 3.028308820560182690e-03
-1.611619145928526176e-01 1.813690418699543186e-02
-1.592394569913168634e-01 3.319621756816441144e-02
-1.559064966260207963e-01 4.807369599742623845e-02
-1.511779221301846055e-01 6.263650766705210204e-02
-1.450812529374335136e-01 7.675273949946061214e-02
-1.376566302842129330e-01 9.029261656673577552e-02
-1.289566878969812536e-01 1.031297316883903886e-01
-1.190462999371637159e-01 1.151422729914584331e-01
-1.080022050607818834e-01 1.262142368009054327e-01
-9.591250679602450480e-02 1.362366129524205105e-01
-8.287605183491547622e-02 1.451085294925902047e-01
-6.900168925760381822e-02 1.527383437600788874e-01
-5.440741514169041004e-02 1.590446670305689647e-01
-3.921940843574771296e-02 1.639573102605297594e-01
-2.357096537670851435e-02 1.674181389808474252e-01
-7.601341085852246493e-03 1.693818260691437594e-01
8.545491731410743280e-03 1.698164919651134752e-01
2.472215584958965123e-02 1.687042228800046395e-01
4.077924211280399558e-02 1.660414586807791304e-01
5.656672832452695060e-02 1.618392433906810646e-01
7.193543035870395008e-02 1.561233326279952149e-01
8.673847070919156466e-02 1.489341537888676514e-01
1.008327491515065288e-01 1.403266163516063980e-01
1.140803998201363467e-01 1.303697713207490338e-01
1.263502188148468430e-01 1.191463205199360387e-01
1.375190464469661089e-01 1.067519781627332826e-01
1.474730884255870123e-01 9.329468885868853756e-02
1.561091606655832797e-01 7.889370792623578987e-02
1.633358429732998662e-01 6.367855156251109316e-02
1.690745276282085985e-01 4.778782604072098761e-02
1.732603498235978368e-01 3.136794664680130074e-02
1.758429880478588614e-01 1.457175850779405743e-02
1.767873237690621713e-01 -2.442927215286012227e-03
1.760739512158978337e-01 -1.951486711599814683e-02
1.736995296121176535e-01 -3.648097363315781771e-02
1.696769719018134948e-01 -5.317794091067237772e-02
1.640354657798791527e-01 -6.944389122462218955e-02
1.568203246949746998e-01 -8.512002430259955899e-02
1.480926683991230230e-01 -1.000522515917415811e-01
1.379289345556160007e-01 -1.140927974739218836e-01
1.264202248614020307e-01 -1.271017495826367028e-01
1.136714910674196388e-01 -1.389485407469270295e-01
9.980056816622244475e-02 -1.495133456711394970e-01
8.493706383679031080e-02 -1.586883762505854334e-01
6.922111496830975208e-02 -1.663790604146134222e-01
5.280202370552458668e-02 -1.725050905700099002e-01
3.583678694682305987e-02 -1.770013290761832669e-01
1.848853456286939437e-02 -1.798185597040752315e-01
9.248927704311529774e-04 -1.809240756957639640e-01
-1.668370992274081921e-02 -1.803020968318858885e-01
-3.416577600412333549e-02 -1.779540098081399679e-01
-5.135049270418666489e-02 -1.738984281976250212e-01
-6.806948708330667897e-02 -1.681710703087627712e-01
-8.415856320709132199e-02 -1.608244553143771127e-01
-9.945940225851521155e-02 -1.519274201008600500e-01
-1.138212067618422224e-01 -1.415644613417660069e-01
-1.271022706444677741e-01 -1.298349093122499465e-01
-1.391714576327597874e-01 -1.168519419045547236e-01
-1.499095714581378802e-01 -1.027414491560897092e-01
-1.592106025287139681e-01 -8.764076033744452876e-02
-1.669828370859670064e-01 -7.169724724627278556e-02
-1.731498163988944572e-01 -5.506681879437001770e-02
-1.776511352314445458e-01 -3.791232324142274762e-02
-1.804430706324093858e-01 -2.040187550398319186e-02
-1.814990340183077477e-01 -2.707127838788202234e-03
-1.808098415256529645e-01 1.499849714525575833e-02
-1.783837996748744437e-01 3.254159176038588785e-02
-1.742466054887363835e-01 4.975054720962236721e-02
-1.684410623176677280e-01 6.645731669199328451e-02
-1.610266147171567630e-01 8.249913834146159475e-02
-1.520787077727081826e-01 9.772019918368933522e-02
-1.416879782508115582e-01 1.119732220016214641e-01
-1.299592868458394890e-01 1.251209579194276222e-01
-1.170106025699070018e-01 1.370375686328315079e-01
-1.029717519741201737e-01 1.476098835180107427e-01
-8.798304737574605405e-02 1.567385183244913438e-01
-7.219380957911324115e-02 1.643388437811378333e-01
-5.576080170322122997e-02 1.703417941979716299e-01
-3.884659165327059710e-02 1.746945080081107604e-01
-2.161786148639738628e-02 1.773607941403231025e-01
-4.243682416307886091e-03 1.783214201192955817e-01
1.310622552742504027e-02 1.775742198328881249e-01
3.026323012376191252e-02 1.751340209582152863e-01
4.706150098492425243e-02 1.710323940762667472e-01
6.333968249665548889e-02 1.653172275031952188e-01
7.894250780148154290e-02 1.580521338013033128e-01
9.372233676911673195e-02 1.493156957810825303e-01
1.075406019074851560e-01 1.392005615456244350e-01
1.202691473556829760e-01 1.278123997401265366e-01
1.317914474503542877e-01 1.152687276336557542e-01
1.420036928512519170e-01 1.016976259614630063e-01
1.508157338304226547e-01 8.723635557984847633e-02
1.581518720513473142e-01 7.202989192014043474e-02
1.639514939672574723e-01 5.622939396459308847e-02
1.681695408287484927e-01 3.999062499836625317e-02
1.707768121862640598e-01 2.347234271434721700e-02
1.717601016794379210e-01 6.834676360232140591e-03
1.711221657992218481e-01 -9.762491478486182844e-03
1.688815281672421675e-01 -2.616112116603900098e-02
1.650721236777347722e-01 -4.220657357849121050e-02
1.597427885695798522e-01 -5.774911283068527579e-02
1.529566041195866144e-01 -7.264533892155485006e-02
1.447901031550243856e-01 -8.675953607829850478e-02
1.353323499570033561e-01 -9.996492375518881146e-02
1.246839053521915097e-01 -1.121447985494266053e-01
1.129556898561768358e-01 -1.231935567160612616e-01
1.002677586274688948e-01 -1.330175884770874173e-01
8.674800270897567445e-02 -1.415360369060520984e-01
7.253079156851534315e-02 -1.486814158079562687e-01
5.775557229870741105e-02 -1.544000826837400031e-01
4.256544099907073886e-02 -1.586525645480386659e-01
2.710570184138066940e-02 -1.614137360373405494e-01
1.152242911769406006e-02 -1.626728508828865771e-01
-4.038952804442746958e-03 -1.624334294091979991e-01
-1.943505723450560108e-02 -1.607130062366521062e-01
-3.452587692740847342e-02 -1.575427437980244372e-01
-4.917606701073384823e-02 -1.529669186088578048e-01
-6.325615717589369580e-02 -1.470422884461063395e-01
-7.664368231273424592e-02 -1.398373496767622015e-01
-8.922422193731530116e-02 -1.314314949281276401e-01
-1.008923400114264957e-01 -1.219140820961135130e-01
-1.115524180620723754e-01 -1.113834263416430548e-01
-1.211193758615629890e-01 -9.994572722426539602e-02
-1.295192753058424517e-01 -8.771394346496075300e-02
-1.366898045123138283e-01 -7.480662801747491042e-02
-1.425806405311713931e-01 -6.134673616204816549e-02
-1.471536904092985987e-01 -4.746041922175633920e-02
-1.503832116472035296e-01 -3.327581624635846114e-02
-1.522558143324151403e-01 -1.892185561975127592e-02
-1.527703484036996295e-01 -4.527078034604618134e-03
-1.519376805872763025e-01 9.781508347410327459e-03
-1.497803665383647120e-01 2.387953045693605447e-02
-1.463322246100276780e-01 3.764630131966465593e-02
-1.416378184492725345e-01 5.096581110639269996e-02
-1.357518562824297781e-01 6.372765078118125537e-02
-1.287385152944675037e-01 7.582786188748627532e-02
-1.206706999284517801e-01 8.716970703067512816e-02
-1.116292432319479083e-01 9.766435664882813783e-02
-1.017020605586123755e-01 1.072314886979949533e-01
-9.098326499901673858e-02 1.157997988995805028e-01
-7.957225386987115678e-02 1.233074201935047132e-01
-6.757277544165524175e-02 1.297022509993881745e-01
-5.509198483884876485e-02 1.349421927985407776e-01
-4.223949771318537272e-02 1.389952984024723226e-01
-2.912644987823194073e-02 1.418398330608346414e-01
-1.586457061343754180e-02 1.434642512763883992e-01
-2.565276808430359129e-03 1.438670928314720598e-01
1.066120546508281079e-02 1.430568020857372613e-01
2.370668598466693991e-02 1.410514750763047498e-01
3.646581668439964619e-02 1.378785393381682101e-01
4.883685456506609013e-02 1.335743716652302848e-01
6.072237719091752584e-02 1.281838592527726473e-01
7.202994740535918761e-02 1.217599098036724337e-01
8.267272452973500885e-02 1.143629162476857558e-01
9.257001991594117352e-02 1.060601817210568426e-01
1.016477952976387045e-01 9.692531038890653261e-02
1.098391029201464808e-01 8.703756957236906400e-02
1.170844669206345806e-01 7.648122847391791712e-02
1.233322058741666422e-01 6.534487858579865471e-02
1.285386968148496956e-01 5.372074062623874435e-02
1.326685813834620198e-01 4.170396258447414684e-02
1.356949150432746609e-01 2.939191317684474239e-02
1.375992605453570661e-01 1.688347473022045256e-02
1.383717270155551959e-01 4.278339223359430704e-03
1.380109561806609764e-01 -8.323689061577387721e-03
1.365240573550758896e-01 -2.082338108996040910e-02
1.339264928763221618e-01 -3.312275788651562747e-02
1.302419157135449590e-01 -4.512574988878247789e-02
1.255019609836741379e-01 -5.673883831815754869e-02
1.197459931015236317e-01 -6.787167621007128560e-02
1.130208102693810307e-01 -7.843768687937423267e-02
1.053803079851863556e-01 -8.835463770010507090e-02
9.688510322273709285e-02 -9.754518715117466154e-02
8.760212091873552376e-02 -1.059374031228699081e-01
7.760414439575223644e-02 -1.134652504961815300e-01
6.696933136261137842e-02 -1.200690460014263855e-01
5.578069716892139485e-02 -1.256958783389241496e-01
4.412556705230611526e-02 -1.302999915077623638e-01
3.209499920827398045e-02 -1.338431292446985998e-01
1.978318063556849804e-02 -1.362948384302055671e-01
7.286797865220417253e-03 -1.376327292790735790e-01
-5.295615130748304589e-03 -1.378426901055106180e-01
-1.786434933613498255e-02 -1.369190544439749524e-01
-3.031921063028610031e-02 -1.348647183235419655e-01
-4.256022423484140393e-02 -1.316912055416142591e-01
-5.448835033705594355e-02 -1.274186788679375903e-01
-6.600620724877856449e-02 -1.220758952372716089e-01
-7.701879813983233958e-02 -1.157001031630105758e-01
-8.743423706121102035e-02 -1.083368808280152779e-01
-9.716446965463558516e-02 -1.000399135853764082e-01
-1.061259836385453070e-01 -9.087070993217602477e-02
-1.142405038747920931e-01 -8.089825540380751745e-02
-1.214356665635955290e-01 -7.019860427410865023e-02
-1.276456668951294893e-01 -5.885440943529368640e-02
-1.328118743127096602e-01 -4.695439136803754993e-02
-1.368834094228518206e-01 -3.459274769145512241e-02
-1.398176765288809131e-01 -2.186850539934304116e-02
-1.415808457740228565e-01 -8.884818536003660783e-03
-1.421482789629054111e-01 4.251785265676630982e-03
-1.415048932920561775e-01 1.743220527833170413e-02
-1.396454574641342317e-01 3.054561041406316999e-02
-1.365748149898634856e-01 4.348031872554622423e-02
-1.323080298972290625e-01 5.612470753850877514e-02
-1.268704505693366291e-01 6.836814744508934449e-02
-1.202976880188565689e-01 8.010195279255327705e-02
-1.126355055751370321e-01 9.122034075776175310e-02
-1.039396177053480558e-01 1.016213906156655800e-01
-9.427539650741927069e-02 1.112079944005343879e-01
-8.371748529264627647e-02 1.198887898316139677e-01
-7.234931961090011743e-02 1.275790661396029868e-01
-6.026255705135639962e-02 1.342016332949527713e-01
-4.755641816539776801e-02 1.396876451105605044e-01
-3.433694189366556099e-02 1.439773667756902298e-01
-2.071615992312167073e-02 1.470208775792203881e-01
-6.811195438737992908e-03 1.487786999013265832e-01
7.256707246115975951e-03 1.492223459945699604e-01
2.136321471082155976e-02 1.483347746374479026e-01
3.538198969301301067e-02 1.461107504233989107e-01
4.918582031648539854e-02 1.425570992418649097e-01
6.264778320144230583e-02 1.376928544093640183e-01
7.564242966895448617e-02 1.315492889099350304e-01
8.804698364608806727e-02 1.241698302964241163e-01
9.974253938697744126e-02 1.156098559759596300e-01
1.106152467585221760e-01 1.059363678421905430e-01
1.205574716063398666e-01 9.522754650971956836e-02
1.294689186244958323e-01 8.357218673774410855e-02
1.372577042070273756e-01 7.106901698435763581e-02
1.438413669642190362e-01 5.782590739361441468e-02
1.491478039438495218e-01 4.395897186712433014e-02
1.531161211070971029e-01 2.959157119309973119e-02
1.556973872682669013e-01 1.485322548082291388e-02
1.568552815127239042e-01 -1.215546399946747236e-04
1.565666250520490466e-01 -1.519450746455292510e-02
1.548217895511319886e-01 -3.022491867857752049e-02
1.516249751583719219e-01 -4.507096629813864275e-02
1.469943527752416157e-01 -5.959109874264471862e-02
1.409620665013222029e-01 -7.364543204465825998e-02
1.335740936701340364e-01 -8.709715169587850525e-02
1.248899614328968649e-01 -9.981390428498597422e-02
1.149823204338036170e-01 -1.116691639077614928e-01
1.039363777326107047e-01 -1.225435583286331870e-01
9.184919274874808748e-02 -1.323261400490558515e-01
7.882884160571156096e-02 -1.409155877931159984e-01
6.499345682501547761e-02 -1.482213244534083540e-01
5.047015083534393820e-02 -1.541645382471336645e-01
3.539383320499733809e-02 -1.586790947077953429e-01
1.990593285518399078e-02 -1.617123281738183926e-01
4.153037749945832913e-03 -1.632257026216666351e-01
-1.171453433150411449e-02 -1.631953330152893789e-01
-2.754421936815705518e-02 -1.616123597917222265e-01
-4.318272963621558325e-02 -1.584831706583407496e-01
-5.847759919550247348e-02 -1.538294655229582863e-01
-7.327873584708534394e-02 -1.476881620946283169e-01
-8.743996281612642640e-02 -1.401111414604631622e-01
-1.008205333379522811e-01 -1.311648347409271609e-01
-1.132866014463458776e-01 -1.209296537311997655e-01
-1.247126325818409542e-01 -1.094992702272800933e-01
-1.349827381525823822e-01 -9.697975049042084628e-02
-1.439919188868251099e-01 -8.348855300037061333e-02
-1.516472027076213314e-01 -6.915339926543880023e-02
-1.578686639275144188e-01 -5.411102897505501441e-02
-1.625903117926406072e-01 -3.850585217884920641e-02
-1.657608377878680983e-01 -2.248851243725513704e-02
-1.673442126318079870e-01 -6.214375995768108007e-03
-1.673201255252106945e-01 1.015803702637644440e-02
-1.656842599493141832e-01 2.646866268480341233e-02
-1.624484021216655583e-01 4.255752718155007830e-02
-1.576403800842300085e-01 5.826638707876499734e-02
-1.513038332998209168e-01 7.344035791239378330e-02
-1.434978145451009379e-01 8.792951341047131053e-02
-1.342962277884234279e-01 1.015904377759574428e-01
-1.237871076054862102e-01 1.142877139556894434e-01
-1.120717474923848267e-01 1.258953314801547485e-01
-9.926368616206646123e-02 1.362979983160374220e-01
-8.548756253523670523e-02 1.453923422150263378e-01
-7.087785164050972031e-02 1.530879882560213512e-01
-5.557749500255932534e-02 1.593085006492750422e-01
-3.973644030448784947e-02 1.639921783838036995e-01
-2.351010614678869168e-02 1.670926959354435970e-01
-7.057788577479802428e-03 1.685795819925027528e-01
9.458973274119941016e-03 1.684385309780601359e-01
2.587805467183764210e-02 1.666715440305445162e-01
4.203840781912922264e-02 1.632968980245056712e-01
5.778171140375031045e-02 1.583489431482273946e-01
7.295398923963893056e-02 1.518777314806497303e-01
8.740718048595007283e-02 1.439484809037343827e-01
1.010006445070556202e-01 1.346408805251488594e-01
1.136025842165455380e-01 1.240482455479393620e-01
1.250913727128125097e-01 1.122765311877124139e-01
1.353567691513646587e-01 9.944321678405651510e-02
1.443010110951743197e-01 8.567607266335615368e-02
1.518397720227977754e-01 7.111182356841477814e-02
1.579029742366640787e-01 5.589472356201281855e-02
1.624354490813353369e-01 4.017505822444698838e-02
1.653974381330143018e-01 2.410759068929429344e-02
1.667649308355004245e-01 7.849968589597435681e-03
1.665298359119405935e-01 -8.438890686637570693e-03
1.646999857534936218e-01 -2.460041890977927512e-02
1.612989748527914047e-01 -4.047800264957100019e-02
1.563658351894427478e-01 -5.591855848430911380e-02
1.499545532649189661e-01 -7.077406109629477693e-02
1.421334352039338444e-01 -8.490300823760744964e-02
1.329843279688968372e-01 -9.817180739477197882e-02
1.226017062545268349e-01 -1.104560699920545952e-01
1.110916360241523682e-01 -1.216418001370310753e-01
9.857062690225068535e-02 -1.316264662130735286e-01
8.516438673598214493e-02 -1.403199450443110008e-01
7.100649257054038321e-02 -1.476453298809495274e-01
5.623699303996480825e-02 -1.535395950570586088e-01
4.100095774985115793e-02 -1.579541118387430831e-01
2.544698961672062568e-02 -1.608550116872109470e-01
9.725716328636696550e-03 -1.622233948875910214e-01
-6.011722896659212750e-03 -1.620553842194660255e-01
-2.161517925357771611e-02 -1.603620250483145382e-01
-3.693696934216866845e-02 -1.571690348783275071e-01
-5.183330809244542092e-02 -1.525164070071671485e-01
-6.616568519026602702e-02 -1.464578744440180047e-01
-7.980217141995341046e-02 -1.390602416769088356e-01
-9.261864232336344815e-02 -1.304025931884200962e-01
-1.044999076853145026e-01 -1.205753888068758217e-01
-1.153407365754761243e-01 -1.096794570311234313e-01
-1.250467689901956225e-01 -9.782489837114607956e-02
-1.335353065266948747e-01 -8.512991149620571796e-02
-1.407359759683788347e-01 -7.171955557125406222e-02
-1.465912611451041792e-01 -5.772446258740104863e-02
-1.510568999375168919e-01 -4.327951375187351346e-02
-1.541021448014944506e-01 -2.852249409782851505e-02
-1.557098866792487046e-01 -1.359273940737990710e-02
-1.558766436203112282e-01 1.370210682985081863e-03
-1.546124168418504252e-01 1.622793990014245735e-02
-1.519404182980339801e-01 3.084444989762848144e-02
-1.478966750881596237e-01 4.508740983593094442e-02
-1.425295172001579125e-01 5.882934942099057180e-02
-1.358989561484812425e-01 7.194878472002833036e-02
-1.280759630136568406e-01 8.433126704616546176e-02
-1.191416552169658472e-01 9.587034625562201873e-02
-1.091864020616892805e-01 1.064684409184855352e-01
-9.830885963785336579e-02 1.160376089906814123e-01
-8.661494611797476706e-02 1.245002138152452031e-01
-7.421676876634365760e-02 1.317894814997560837e-01
-6.123151414506609880e-02 1.378499469385897069e-01
-4.778031302930176721e-02 1.426377869587137914e-01
-3.398709144638418361e-02 1.461210402519932394e-01
-1.997741903480308723e-02 1.482797149021516381e-01
-5.877365586739319303e-03 1.491057854084245904e-01
8.187623799439616712e-03 1.486030821394662693e-01
2.209382506294495577e-02 1.467870771104207994e-01
3.572029374427158899e-02 1.436845708548098455e-01
4.894987718359383733e-02 1.393332859540111768e-01
6.167017252157458440e-02 1.337813734850952230e-01
7.377442347315303628e-02 1.270868392486405873e-01
8.516234968543932859e-02 1.193168971393726019e-01
9.574090335704191213e-02 1.105472574230514232e-01
1.054249486761423826e-01 1.008613579834129609e-01
1.141378605169806326e-01 9.034954680494522439e-02
1.218120397082619322e-01 7.910822406395884299e-02
1.283893430421968462e-01 6.723895221606232542e-02
1.338214270201286138e-01 5.484754239812036913e-02
1.380700051216302848e-01 4.204312531332297931e-02
1.411070191312452093e-01 2.893721454618018371e-02
1.429147257544827465e-01 1.564276996776213513e-02
1.434857003972078993e-01 2.273268548484429913e-03
1.428227605662987509e-01 -1.105821049533584587e-02
1.409388118716952132e-01 -2.423987972543691430e-02
1.378566200692041832e-01 -3.716211064169136491e-02
1.336085129792712878e-01 -4.971826842760000004e-02
1.282360164500652155e-01 -6.180550922837286382e-02
1.217894288053485014e-01 -7.332553541311960521e-02
1.143273384313393259e-01 -8.418530477631677722e-02
1.059160893155328964e-01 -9.429769013014628609e-02
9.662919945838155389e-02 -1.035820862227400524e-01
8.654673714053454092e-02 -1.119649613828772317e-01
7.575466004916553420e-02 -1.193803517351915144e-01
6.434412225223344606e-02 -1.257702962482965814e-01
5.241075396496321787e-02 -1.310852112691958393e-01
4.005391898407201223e-02 -1.352842035595925863e-01
2.737595457787641781e-02 -1.383353211828512175e-01
1.448139851974564185e-02 -1.402157418948217771e-01
1.476207843419743981e-03 -1.409118989687813683e-01
-1.153302621396128796e-02 -1.404195446363429856e-01
-2.443986272767363979e-02 -1.387437515549529987e-01
-3.713879081539345206e-02 -1.358988529217066143e-01
-4.952600043914032191e-02 -1.319083220462430317e-01
-6.150014023123581697e-02 -1.268045923763527483e-01
-7.296305838126504462e-02 -1.206288191427275780e-01
-8.382052269630890784e-02 -1.134305839581808417e-01
-9.398291601281563712e-02 -1.052675438757551679e-01
-1.033659031966521064e-01 -9.620502658333747459e-02
-1.118910660201051788e-01 -8.631557359331851198e-02
-1.194865022535567811e-01 -7.567843347766055329e-02
-1.260873853585099402e-01 -6.437900740412985656e-02
-1.316364812213885738e-01 -5.250824945045991926e-02
-1.360846184282908933e-01 -4.016202441118517374e-02
-1.393911086541716193e-01 -2.744042606741164264e-02
-1.415241138304801083e-01 -1.444705916264560006e-02
-1.424609568678756044e-01 -1.288288616923840418e-03
-1.421883728499965249e-01 1.192754018504306283e-02
-1.407026977849023530e-01 2.509090588095488905e-02
-1.380099922069319696e-01 3.809193591943729751e-02
-1.341260971670748814e-01 5.082124684954152788e-02
-1.290766204377011284e-01 6.317079498560701500e-02
-1.228968510901208844e-01 7.503473200390416153e-02
-1.156316009826437174e-01 8.631025972300714055e-02
-1.073349721233909371e-01 9.689847803559475947e-02
-9.807004934594729106e-02 1.067052197023781457e-01
-8.790851825587708834e-02 1.156418654963312642e-01
-7.693020896998212232e-02 1.236261330046212609e-01
-6.522256677468173114e-02 1.305828322637649364e-01
-5.288005147072577516e-02 1.364445813274902108e-01
-4.000346784323184635e-02 1.411524748530663675e-01
-2.669923039238789736e-02 1.446566988464427772e-01
-1.307856617375782390e-02 1.469170848346684488e-01
7.433396802219993660e-04 1.479035969401794604e-01
1.464825046321246646e-02 1.475967456191167315e-01
2.851583041480747205e-02 1.459879221972627539e-01
4.222463655598698157e-02 1.430796487936962236e-01
5.565314247537969661e-02 1.388857387638213758e-01
6.868078607874368580e-02 1.334313634186884423e-01
8.118903274279248850e-02 1.267530214837716551e-01
9.306244480530539986e-02 1.188984085435157018e-01
1.041897478866423282e-01 1.099261845725179321e-01
1.144648841831149844e-01 9.990563857334855413e-02
1.237880426092603375e-01 8.891625031656726075e-02
1.320666555021786925e-01 7.704715020107953671e-02
1.392163515439941712e-01 6.439647931204393883e-02
1.451618546142552091e-01 5.107065283751231755e-02
1.498378184574949423e-01 3.718353110137400525e-02
1.531895873455721424e-01 2.285550356575367925e-02
1.551738733316130880e-01 8.212492236968623599e-03
1.557593412325700422e-01 -6.615118038718788285e-03
1.549270931390937522e-01 -2.149361389441917583e-02
1.526710450313648049e-01 -3.628714293060121554e-02
1.489981889727681752e-01 -5.085894804588385332e-02
1.439287353531333025e-01 -6.507263549088543320e-02
1.374961307513076214e-01 -7.879346483016583247e-02
1.297469481730742502e-01 -9.188964841302021958e-02
1.207406476833100678e-01 -1.042336474917457262e-01
1.105492067778460763e-01 -1.157034517959637521e-01
9.925662121648440306e-02 -1.261838291821747726e-01
8.695827844868340983e-02 -1.355675319358915221e-01
7.376020719124319613e-02 -1.437564464146591781e-01
5.977820814587549852e-02 -1.506626729873818960e-01
4.513687225627305982e-02 -1.562095236500508355e-01
2.996849428136588375e-02 -1.603324252795912952e-01
1.441189078597478537e-02 -1.629797172234364599e-01
-1.388867095647915162e-03 -1.641133328078314968e-01
-1.728579460111914073e-02 -1.637093553759325082e-01
-3.312839540107870295e-02 -1.617584406286367293e-01
-4.876511125219226694e-02 -1.582660983259358278e-01
-6.404480490516203939e-02 -1.532528278017628309e-01
-7.881826126933348664e-02 -1.467541032363995357e-01
-9.293969133268514815e-02 -1.388202062015732319e-01
-1.062682230016739754e-01 -1.295159046270437375e-01
-1.186693628673585188e-01 -1.189199790152373482e-01
-1.300164129281153047e-01 -1.071245984328362544e-01
-1.401918265085803361e-01 -9.423455051497103829e-02
-1.490884880103684196e-01 -8.036633140813161102e-02
-1.566109017114738766e-01 -6.564710323124084423e-02
-1.626762755944879957e-01 -5.021352822974933100e-02
-1.672154871229530326e-01 -3.421049031467771062e-02
-1.701739189920444539e-01 -1.778971609746097735e-02
-1.715121541438043573e-01 -1.108308833342865757e-03
-1.712065207456459071e-01 1.567279014680166699e-02
-1.692494793690846322e-01 3.239039692028227585e-02
-1.656498462570377972e-01 4.888072092579398564e-02
-1.604328483142982154e-01 6.498102426795666908e-02
-1.536400072772012848e-01 8.053128677261259249e-02
-1.453288523941103361e-01 9.537585890752631190e-02
-1.355724628562230971e-01 1.093650846022474477e-01
-1.244588431357331049e-01 1.223568761275541095e-01
-1.120901362925487976e-01 1.342182235301902782e-01
-9.858168217843414627e-02 1.448266216610342716e-01
-8.406092927564517980e-02 1.540713985802681374e-01
-6.866621063342934206e-02 1.618549300648558231e-01
-5.254539598844470971e-02 1.680937260724436333e-01
-3.585443365363216034e-02 1.727193763200089716e-01
-1.875579711506613484e-02 1.756793436012260012e-01
-1.416852470161565625e-03 1.769375950774752515e-01
1.599183614248721186e-02 1.764750635156200620e-01
3.329824514515487832e-02 1.742899322912928595e-01
5.033065555440852795e-02 1.703977399081594846e-01
6.691942343258897030e-02 1.648313017789117263e-01
8.289873754894569458e-02 1.576404490490646848e-01
9.810834506848431502e-02 1.488915862958447300e-01
1.123952263357008291e-01 1.386670719770174143e-01
1.256152002904928622e-01 1.270644275138658741e-01
1.376344427402471926e-01 1.141953828443937613e-01
1.483309006082915438e-01 1.001847681534937806e-01
1.575955863748208230e-01 8.516926325347490279e-02
1.653337382097981589e-01 6.929601772935947701e-02
1.714658327535563964e-01 5.272115645858638233e-02
1.759284391130553349e-01 3.560818644576641684e-02
1.786749043911740886e-01 1.812632206347821948e-02
1.796758629324705925e-01 4.487467455075618006e-04
1.789195634294701576e-01 -1.724917007246975359e-02
1.764120100654803791e-01 -3.479168143733341045e-02
1.721769159489857093e-01 -5.200447715110635694e-02
1.662554691960516917e-01 -6.871648411196237816e-02
1.587059141157719233e-01 -8.476163314917485592e-02
1.496029520245451827e-01 -9.998057314909307436e-02
1.390369682331532297e-01 -1.142223138626690393e-01
1.271130936921422983e-01 -1.273457795931798031e-01
1.139501116227905619e-01 -1.392212569757692864e-01
9.967922118111613439e-02 -1.497317212659252106e-01
8.444267178062805912e-02 -1.587740269373154878e-01
6.839228311731557208e-02 -1.662599499336726294e-01
5.168786718120106649e-02 -1.721170706058292588e-01
3.449556958836548504e-02 -1.762894881730710794e-01
1.698614841380964927e-02 -1.787383594557460098e-01
-6.667906604982745677e-04 -1.794422566104627859e-01
-1.828858365320530643e-02 -1.783973406362870662e-01
-3.570530262587878756e-02 -1.756173494856184125e-01
-5.274553567170715829e-02 -1.711334016821854931e-01
-6.924213341757820550e-02 -1.649936183962079639e-01
-8.503390338024606476e-02 -1.572625689290033935e-01
-9.996723420247953518e-02 -1.480205464926436509e-01
-1.138976326821897200e-01 -1.373626830121559006e-01
-1.266911575846184912e-01 -1.253979134069700407e-01
-1.382257354805319638e-01 -1.122478014051325468e-01
-1.483923452657564812e-01 -9.804524039030085292e-02
-1.570960595712317942e-01 -8.293304406178064747e-02
-1.642569329483749563e-01 -6.706244278810941095e-02
-1.698107284909526060e-01 -5.059150244352214609e-02
-1.737094764098223443e-01 -3.368348322510214543e-02
-1.759218599880389700e-01 -1.650515645013116844e-02
-1.764334262876914861e-01 7.749023756748775471e-04
-1.752466209330537372e-01 1.798802584887977674e-02
-1.723806482339512447e-01 3.496715407857094171e-02
-1.678711598158741936e-01 5.154850331364577848e-02
-1.617697767672273135e-01 6.757318642124310326e-02
-1.541434520781410911e-01 8.288876857776625307e-02
-1.450736818096637903e-01 9.735074244090566320e-02
-1.346555749786077505e-01 1.108239081444480079e-01
-1.229967935552326447e-01 1.231836446823941222e-01
-1.102163752336237368e-01 1.343170606082901286e-01
-9.644345273542942465e-02 1.441240134515895388e-01
-8.181588433612060896e-02 1.525179888260405070e-01
-6.647881105098404908e-02 1.594268318553716257e-01
-5.058315647987984831e-02 1.647933252481619815e-01
-3.428408568200340401e-02 1.685756100956157244e-01
-1.773943963351390721e-02 1.707474472218497574e-01
-1.108161813322215000e-03 1.712983186652944634e-01
1.545126673071870772e-02 1.702333705914285955e-01
3.178236785557821131e-02 1.675732006115926986e-01
4.773216690123923550e-02 1.633534940912984290e-01
6.315263864342468558e-02 1.576245155567278788e-01
7.790208474634352509e-02 1.504504627338655309e-01
9.184642983267748972e-02 1.419086920663724660e-01
1.048604244013576492e-01 1.320888257431070412e-01
1.168287440426642593e-01 1.210917513131869322e-01
1.276469757079584377e-01 1.090285258667303414e-01
1.372224831703662273e-01 9.601919750600741710e-02
1.454751452449898064e-01 8.219155741986830521e-02
1.523379618045309636e-01 6.767983630128349137e-02
1.577575241104418047e-01 5.262335911301506408e-02
1.616943474630271327e-01 3.716517231125129883e-02
1.641230656389864317e-01 2.145065758486883883e-02
1.650324880151199103e-01 5.626145964091389118e-03
1.644255216566833100e-01 -1.016245419630875182e-02
1.623189619636388747e-01 -2.577100233886586017e-02
1.587431567045707870e-01 -4.105843152075851210e-02
1.537415494144993566e-01 -5.588800324265985608e-02
1.473701091789588191e-01 -7.012850043314083903e-02
1.396966547638535672e-01 -8.365534864984712493e-02
1.308000818718247082e-01 -9.635165655112687411e-02
1.207695030059249969e-01 -1.081091677451821720e-01
1.097033099968432734e-01 -1.188291172235846072e-01
9.770816969899766280e-02 -1.284229867175450124e-01
8.489796368348456745e-02 -1.368131544642559871e-01
7.139268295370933270e-02 -1.439334360229043708e-01
5.731728878566305641e-02 -1.497295139221163918e-01
4.280055075381758445e-02 -1.541592550399143724e-01
2.797387285137203569e-02 -1.571929157018802092e-01
1.297011835715986341e-02 -1.588132355223011161e-01
-2.077556250996256265e-03 -1.590154219969155680e-01
-1.703684847637000621e-02 -1.578070287759950896e-01
-3.177742873393678974e-02 -1.552077313957068161e-01
-4.617202227313603469e-02 -1.512490050181485579e-01
-6.009744597586535314e-02 -1.459737094216497777e-01
-7.343559260045283421e-02 -1.394355870897642791e-01
-8.607435576562341706e-02 -1.316986807680693983e-01
-9.790848971688620450e-02 -1.228366772919575189e-01
-1.088403986811977003e-01 -1.129321848368206177e-01
-1.187808513845533681e-01 -1.020759510063177777e-01
-1.276496170722899171e-01 -9.036602935776091861e-02
-1.353760201250238937e-01 -7.790690206999907608e-02
-1.418994110968150313e-01 -6.480856649329165553e-02
-1.471695527097249545e-01 -5.118559328799645453e-02
-1.511469200148042313e-01 -3.715616376548039335e-02
-1.538029145690429367e-01 -2.284109389691512185e-02
-1.551199930773331237e-01 -8.362852260239153623e-03
-1.550917115054099571e-01 6.155421040630538326e-03
-1.537226861824489421e-01 2.059088772048183955e-02
-1.510284738798435555e-01 3.482197045514659473e-02
-1.470353732759177856e-01 4.872929167390763205e-02
-1.417801505960215036e-01 6.219658618811412659e-02
-1.353096925554271857e-01 7.511158218549372767e-02
-1.276805900311653030e-01 8.736684546774904636e-02
-1.189586561513998331e-01 9.886058215766903301e-02
-1.092183827205767260e-01 1.094973954476834987e-01
-9.854233909909802802e-02 1.191889923018046721e-01
-8.702051783157069287e-02 1.278548363552740597e-01
-7.474963147169874644e-02 1.354227435797822343e-01
-6.183236518849088981e-02 1.418294175964255055e-01
-4.837658986132427341e-02 1.470209218239105220e-01
-3.449454048390528799e-02 1.509530859468885544e-01
-2.030196480227044326e-02 1.535918444802765737e-01
-5.917247212145222007e-03 1.549135054921174370e-01
8.539486961872667231e-03 1.549049478324862061e-01
2.294728158745305141e-02 1.535637455020484876e-01
3.718526893393431232e-02 1.508982180842155796e-01
5.113359256501939787e-02 1.469274064626294451e-01
6.467432841904981189e-02 1.416809733541373184e-01
7.769239849410997101e-02 1.351990285095341915e-01
9.007647147416271427e-02 1.275318787729697867e-01
1.017198445602546797e-01 1.187397035484550334e-01
1.125213007110602847e-01 1.088921566003226565e-01
1.223859354536763477e-01 9.806789551516714720e-02
1.312259474030875450e-01 8.635404057641851705e-02
1.389613866318722135e-01 7.384556524925942056e-02
1.455208550655011923e-01 6.064462094223956046e-02
1.508421531480847455e-01 4.685979920098777562e-02
1.548728671336884744e-01 3.260533499631929066e-02
1.575708915142486621e-01 1.800025529034008503e-02
1.589048813012380879e-01 3.167477595555013431e-03
1.588546291387019638e-01 -1.176713622165789092e-02
1.574113625436565911e-01 -2.667576510647873961e-02
1.545779569489923178e-01 -4.142964663554223048e-02
1.503690606659993101e-01 -5.590012066409826008e-02
1.448111283895829327e-01 -6.995969148326203202e-02
1.379423604392872316e-01 -8.348310071123989096e-02
1.298125455624507540e-01 -9.634840272304634468e-02
1.204828058200859975e-01 -1.084380340520978980e-01
1.100252428281377343e-01 -1.196398678828430040e-01
9.852248543214982279e-02 -1.298482445047549616e-01
8.606713974640070597e-02 -1.389649684227330373e-01
7.276114338239508816e-02 -1.469002627248865156e-01
5.871502661825682423e-02 -1.535736713028128531e-01
4.404708421101380389e-02 -1.589148996080046727e-01
2.888246251799358316e-02 -1.628645848161427434e-01
1.335216756068266855e-02 -1.653749865628462712e-01
-2.407999377163110716e-03 -1.664105898128275807e-01
-1.825857108783173269e-02 -1.659486119308408170e-01
-3.405760028104679732e-02 -1.639794066373960191e-01
-4.966189263746585703e-02 -1.605067582534797366e-01
-6.492827698501381362e-02 -1.555480604634626729e-01
-7.971490178261622650e-02 -1.491343747493639738e-01
-9.388254645434375434e-02 -1.413103646664588264e-01
-1.072959355719772245e-01 -1.321341032320554887e-01
-1.198250434467624942e-01 -1.216767518767867262e-01
-1.313463763719174282e-01 -1.100221106501502594e-01
-1.417442195654372017e-01 -9.726604066712028762e-02
-1.509118358057700282e-01 -8.351576111700992344e-02
-1.587526028373904829e-01 -6.888902451487358136e-02
-1.651810768539551388e-01 -5.351317524413159304e-02
-1.701239697466113421e-01 -3.752409780057071320e-02
-1.735210283353240679e-01 -2.106506248565774217e-02
-1.753258044810279692e-01 -4.285477594112303834e-03
-1.755063058032533541e-01 1.266044162027778891e-02
-1.740455176968462303e-01 2.961507575260716868e-02
-1.709417884457080650e-01 4.641886330828350060e-02
-1.662090704623374049e-01 6.291180853313252386e-02
-1.598770120286387431e-01 7.893502068583049813e-02
-1.519908953634029891e-01 9.433226972185636272e-02
-1.426114183807586644e-01 1.089515428035582878e-01
-1.318143191158540617e-01 1.226465856574378149e-01
-1.196898434617501422e-01 1.352784125768813350e-01
-1.063420585664591883e-01 1.467167688239094103e-01
-9.188801596171661257e-02 1.568415293226058382e-01
-7.645677021513069826e-02 1.655440178630648018e-01
-6.018826059399549899e-02 1.727282315489951925e-01
-4.323206488121501129e-02 1.783119559232195506e-01
-2.574603607043265616e-02 1.822277570894543508e-01
-7.894834167857564533e-03 1.844238382098060680e-01
1.015163327771281820e-02 1.848647489868038563e-01
2.821984702682494434e-02 1.835319381256336757e-01
4.613437236884243564e-02 1.804241403034039237e-01
6.371959873047963741e-02 1.755575908325168744e-01
8.080150490640033989e-02 1.689660629773268030e-01
9.720943154508593365e-02 1.607007247482558632e-01
1.127778421231494799e-01 1.508298139348583089e-01
1.273480534497838934e-01 1.394381321271074003e-01
1.407699167664036854e-01 1.266263604894879991e-01
1.529034307485153954e-01 1.125102020716024220e-01
1.636202681785019486e-01 9.721935743773266192e-02
1.728051987376702237e-01 8.089634235176386412e-02
1.803573912591714401e-01 6.369515813882255240e-02
1.861915798830953983e-01 4.577982713711192114e-02
1.902390798512983150e-01 2.732280732971566206e-02
1.924486401598807517e-01 8.503301784634188787e-03
1.927871219367141564e-01 -1.049452008855684265e-02
1.912399932127340219e-01 -2.948337125418475091e-02
1.878116326894235799e-01 -4.827474651825394703e-02
1.825254371496447259e-01 -6.668085272912276096e-02
1.754237292916930591e-01 -8.451654911358412459e-02
1.665674649627231774e-01 -1.016012768040018277e-01
1.560357410019710678e-01 -1.177609565036226436e-01
1.439251071501649049e-01 -1.328298333711613322e-01
1.303486877123752607e-01 -1.466522485834702849e-01
1.154351208504087872e-01 -1.590843176547777071e-01
9.932732550100430158e-02 -1.699954964478129493e-01
8.218110794143422548e-02 -1.792700168983423215e-01
6.416362192943192433e-02 -1.868081757795076459e-01
4.545169810568226720e-02 -1.925274613423695880e-01
2.623005994200962310e-02 -1.963635043680244108e-01
6.689444926308123207e-03 -1.982708420359090562e-01
-1.297534912224675152e-02 -1.982234850315064412e-01
-3.256747173313491450e-02 -1.962152804616464630e-01
-5.189005983887336193e-02 -1.922600653922748315e-01
-7.074828808254257639e-02 -1.863916081457911988e-01
-8.895140700977748061e-02 -1.786633368655833332e-01
-1.063147467869892115e-01 -1.691478572461665719e-01
-1.226616643573159721e-01 -1.579362637099178956e-01
-1.378254124730869667e-01 -1.451372506572311261e-01
-1.516509098235113984e-01 -1.308760326977820854e-01
-1.639963925008185996e-01 -1.152930849588848922e-01
-1.747349283060737335e-01 -9.854271663606758991e-02
-1.837557768733427133e-01 -8.079149287576171956e-02
-1.909655802709918637e-01 -6.221652183682646609e-02
-1.962893706023340901e-01 -4.300362534493532007e-02
-1.996713831529056127e-01 -2.334541291231665566e-02
-2.010756657946493053e-01 -3.439280028152115476e-03
-2.004864776327150711e-01 1.651464748198549007e-02
-1.979084722415319630e-01 3.631560058709096261e-02
-1.933666632552407116e-01 5.576426284833635449e-02
-1.869061725247133099e-01 7.466485194033209427e-02
-1.785917635000648651e-01 9.282716409940833246e-02
-1.685071649145931105e-01 1.100685591127055496e-01
-1.567541922046253311e-01 1.262158641315199725e-01
-1.434516763716902898e-01 1.411071755132423666e-01
-1.287342121517074944e-01 1.545935390572730217e-01
-1.127507393748559961e-01 1.665404903874647957e-01
-9.566297325554790065e-02 1.768294388301457909e-01
-7.764370102260617634e-02 1.853588799232672724e-01
-5.887496376577654872e-02 1.920454236470672815e-01
-3.954614361907332620e-02 1.968246275661703071e-01
-1.985197740991693355e-02 1.996516262918826001e-01
9.481335744618291095e-06 2.005015509847990485e-01
1.983892963637864243e-02 1.993697349938942376e-01
3.943788890471700698e-02 1.962717041404869189e-01
5.861076278056713551e-02 1.912429525749861081e-01
7.716685660090778776e-02 1.843385075323155375e-01
9.492233669635488646e-02 1.756322886599352151e-01
1.117021084866495761e-01 1.652162698627539505e-01
1.273415933694948821e-01 1.531994537753706420e-01
1.416883856432842870e-01 1.397066710088486763e-01
1.546037721587933400e-01 1.248772182032031469e-01
1.659640990390518767e-01 1.088633506265827555e-01
1.756619716194964265e-01 9.182864657865978664e-02
1.836072757193082106e-01 7.394626216241149963e-02
1.897280104351457275e-01 5.539709607140166914e-02
1.939709248245612971e-01 3.636788488782437267e-02
1.963019530915613708e-01 1.704924999190179230e-02
1.967064451737374209e-01 -2.366282459261154214e-03
1.951891919315954238e-01 -2.168626691748060109e-02
1.917742464286773529e-01 -4.072030776883542313e-02
1.865045450387701476e-01 -5.928199155851700264e-02
1.794413342976722281e-01 -7.719076169739121085e-02
1.706634115064928348e-01 -9.427371608183660046e-02
1.602661890675434186e-01 -1.103673091222075603e-01
1.483605943705052221e-01 -1.253189409382953479e-01
1.350718187256341740e-01 -1.389884179249643859e-01
1.205379303443984418e-01 -1.512492704982575653e-01
1.049083676806370491e-01 -1.619899155804700730e-01
8.834233055413304170e-02 -1.711146532493182104e-01
7.100708737316881181e-02 -1.785444889375669419e-01
5.307621744570698019e-02 -1.842177746006831429e-01
3.472780781569828612e-02 -1.880906643461275896e-01
1.614262427990421911e-02 -1.901373821134739739e-01
-2.497723767386814120e-03 -1.903503010845150889e-01
-2.101260524540292732e-02 -1.887398365622152407e-01
-3.922415708484640329e-02 -1.853341560629203910e-01
-5.695902339876970227e-02 -1.801787122948521058e-01
-7.405002666305278425e-02 -1.733356065261513757e-01
-9.033775447593724028e-02 -1.648827915577827097e-01
-1.056720466652129320e-01 -1.549131250924694336e-01
-1.199133688596743103e-01 -1.435332857145634744e-01
-1.329340601193858273e-01 -1.308625649536111213e-01
-1.446194438069166865e-01 -1.170315499849615970e-01
-1.548687925578845492e-01 -1.021807124151211110e-01
-1.635961399521072834e-01 -8.645891930123000835e-02
-1.707309332742785457e-01 -7.002188305913452371e-02
-1.762185235631810176e-01 -5.303056722166565179e-02
-1.800204909591090752e-01 -3.564956511906292730e-02
-1.821148051489772657e-01 -1.804546847055127703e-02
-1.824958224569441512e-01 -3.852426057863525544e-04
-1.811741228157082162e-01 1.716537541469060138e-02
-1.781761914616613318e-01 3.444344012958418244e-02
-1.735439517090139605e-01 5.129030758309300470e-02
-1.673341565587181112e-01 6.755307785232640694e-02
-1.596176481742225817e-01 8.308595728902262723e-02
-1.504784953964666272e-01 9.775152872913324409e-02
-1.400130204657850930e-01 1.114219191794818820e-01
-1.283287269614093173e-01 1.239798558237470011e-01
-1.155431416550132262e-01 1.353196025822318294e-01
-1.017825835004442098e-01 1.453477708928829215e-01
-8.718087334669769040e-02 1.539839998365227502e-01
-7.187799816672388320e-02 1.611615021893244570e-01
-5.601874364416768726e-02 1.668274744328241965e-01
-3.975130885888938231e-02 1.709433701696722874e-01
-2.322591656709038430e-02 1.734850377663104126e-01
-6.593432191656350277e-03 1.744427243574496744e-01
9.995995867080401109e-03 1.738209495885774947e-01
2.639426260935331947e-02 1.716382536301788442e-01
4.245658823310277663e-02 1.679268250609439461e-01
5.804274489049368602e-02 1.627320151786401103e-01
7.301821882907523487e-02 1.561117461499549608e-01
8.725529928901364085e-02 1.481358211496338895e-01
1.006340865210197250e-01 1.388851452615257609e-01
1.130434123157528642e-01 1.284508664183380000e-01
1.243816674808291972e-01 1.169334460432591288e-01
1.345575317527746562e-01 1.044416693269927254e-01
1.434906026756691266e-01 9.109160523150752753e-02
1.511119210039604532e-01 7.700552636164799403e-02
1.573643911830709397e-01 6.231079879360398865e-02
1.622030964181355728e-01 4.713875180210930910e-02
1.655955087498344747e-01 3.162353719404301100e-02
1.675215954094057547e-01 1.590098764348906249e-02
1.679738235164438542e-01 1.074830414738783824e-04
1.669570659082384168e-01 -1.562116656787867694e-02
1.644884115447711737e-01 -3.115081338439165334e-02
1.605968845169608583e-01 -4.635003203314971149e-02
1.553230761965214424e-01 -6.109114054308309449e-02
1.487186955042779646e-01 -7.525117571891908053e-02
1.408460426415249489e-01 -8.871281709803631454e-02
1.317774119285892720e-01 -1.013652542832998160e-01
1.215944296296983251e-01 -1.131049930390976010e-01
1.103873328178496260e-01 -1.238365961238559881e-01
9.825419545260401233e-02 -1.334733554024992441e-01
8.530010791304795670e-02 -1.419378923318241892e-01
7.163631625342788134e-02 -1.491626844367613114e-01
5.737932743618523457e-02 -1.550905158931983607e-01
4.264998675240656845e-02 -1.596748508016605506e-01
2.757253356904094607e-02 -1.628801281748840923e-01
1.227364145138617677e-02 -1.646819780713253689e-01
-3.118551396308084228e-03 -1.650673586869471909e-01
-1.847541554482975620e-02 -1.640346145710255832e-01
-3.366880190245437332e-02 -1.615934564607470203e-01
-4.857200584286842926e-02 -1.577648635371082242e-01
-6.306071843785140962e-02 -1.525809091946586649e-01
-7.701395945335827442e-02 -1.460845116938237764e-01
-9.031498688288623622e-02 -1.383291113310138043e-01
-1.028521779028016975e-01 -1.293782760225965778e-01
-1.145198762411585441e-01 -1.193052374581552583e-01
-1.252192010558048907e-01 -1.081923602401070328e-01
-1.348588125213708855e-01 -9.613054669420910414e-02
-1.433556294308934165e-01 -8.321858031173813564e-02
-1.506354942298319399e-01 -6.956241107162228210e-02
-1.566337810220611304e-01 -5.527438619126357616e-02
-1.612959422235068219e-01 -4.047243016918022906e-02
-1.645779896941331200e-01 -2.527917831104211158e-02
-1.664469063578596364e-01 -9.821068272406877075e-03
-1.668809845275752990e-01 5.772605495195520103e-03
-1.658700873934796372e-01 2.137066914584317967e-02
-1.634158304120136573e-01 3.684107307166603618e-02
-1.595316796537067372e-01 5.205191578046114431e-02
-1.542429645348827594e-01 6.687248166805012661e-02
-1.475868027731585541e-01 8.117428598034122367e-02
-1.396119358720465387e-01 9.483211992221472764e-02
-1.303784739568384088e-01 1.077250885564521032e-01
-1.199575493523781095e-01 1.197376338535750123e-01
-1.084308789123233641e-01 1.307605350105283948e-01
-9.589023577689403943e-02 1.406918779606341763e-01
-8.243683194857794050e-02 1.494379858571281972e-01
-6.818061382827718397e-02 1.569143022356361550e-01
-5.323947364221447154e-02 1.630462185545411002e-01
-3.773838050570499369e-02 1.677698378831928294e-01
-2.180843570566251902e-02 1.710326666624524816e-01
-5.585857630452828460e-03 1.727942267054272674e-01
1.078909737647898437e-02 1.730265799426760620e-01
2.717327112461413730e-02 1.717147588487567822e-01
4.342178871425503989e-02 1.688570960175378999e-01
5.938928398830224664e-02 1.644654469826365151e-01
7.493115584272394547e-02 1.585653011056074591e-01
8.990484525876032973e-02 1.511957761754957608e-01
1.041711223078254922e-01 1.424094932749016273e-01
1.175953718496906553e-01 1.322723294640123781e-01
1.300488662073985280e-01 1.208630469077756064e-01
1.414100127693352360e-01 1.082727982136140743e-01
1.515655642499645905e-01 9.460450894743045736e-02
1.604117792448135349e-01 7.997213954234318189e-02
1.678555207500397051e-01 6.449983009458093441e-02
1.738152804885119140e-01 4.832093284006822032e-02
1.782221171974092411e-01 3.157693840830651244e-02
1.810204974897665908e-01 1.441630324127178217e-02
1.821690285051962566e-01 -3.006813172293863745e-03
1.816410723122843240e-01 -2.053389137947780885e-02
1.794252329139824631e-01 -3.800346433991735884e-02
1.755257077327397885e-01 -5.525258699799409645e-02
1.699624966071447973e-01 -7.211834997160981864e-02
1.627714626074615312e-01 -8.843942340992727580e-02
1.540042403626663281e-01 -1.040576163302538576e-01
1.437279890735645715e-01 -1.188194361424464579e-01
1.320249889506818208e-01 -1.325776326203641498e-01
1.189920814456485454e-01 -1.451927102949580051e-01
1.047399553230777269e-01 -1.565343931317611514e-01
8.939228232756413206e-02 -1.664830254240599605e-01
7.308470791750731888e-02 -1.749308930870013823e-01
5.596370424329637216e-02 -1.817834499801747328e-01
3.818529422080951807e-02 -1.869604345172929116e-01
1.991365717076393899e-02 -1.903968626395345087e-01
1.319628038844763984e-03 -1.920438842294655835e-01
-1.742089634025723380e-02 -1.918694912183207812e-01
-3.612862914012120175e-02 -1.898590669813966791e-01
-5.462262761073007067e-02 -1.860157681126172746e-01
-7.272207228549851243e-02 -1.803607313058813721e-01
-9.024807342458157633e-02 -1.729330998313324541e-01
-1.070254861069916408e-01 -1.637898659609410834e-01
-1.228847148979105575e-01 -1.530055276496779249e-01
-1.376634887408583197e-01 -1.406715597944281915e-01
-1.512085866653554156e-01 -1.268957024496620845e-01
-1.633774950650898339e-01 -1.118010704526916643e-01
-1.740399776923592379e-01 -9.552509097731229359e-02
-1.830795401318769666e-01 -7.821827756749860638e-02
-1.903947713582097856e-01 -6.004285117724394993e-02
-1.959005460405656707e-01 -4.117122063344091920e-02
-1.995290725278997812e-01 -2.178433672130158233e-02
-2.012307729150698277e-01 -2.069935742487725994e-03
-2.009749832430320904e-01 1.777931010764267558e-02
-1.987504637062214863e-01 3.756771687644722135e-02
-1.945657107092793048e-01 5.709856771059036024e-02
-1.884490647119428375e-01 7.617612572468626664e-02
-1.804486100019854211e-01 9.460765948548817417e-02
-1.706318648166797458e-01 1.122054592650824495e-01
-1.590852625670403087e-01 1.287888220141188700e-01
-1.459134272786832831e-01 1.441859830576008861e-01
-1.312382487203754000e-01 1.582359728243879493e-01
-1.151977650177073292e-01 1.707903774873734404e-01
-9.794486281624538437e-02 1.817149832111170094e-01
-7.964580723779111915e-02 1.908912847711275174e-01
-6.047861593749240955e-02 1.982178406144295690e-01
-4.063129349209028407e-02 2.036114579618119313e-01
-2.029994410555056167e-02 2.070081932925864898e-01
3.132178154971465567e-04 2.083641554843046195e-01
2.100193830884208857e-02 2.076561009816043635e-01
4.155805369304189922e-02 2.048818126167430143e-01
6.177365667995469989e-02 2.000602560738746760e-01
8.144327522949135201e-02 1.932315104524379157e-01
1.003660402608086144e-01 1.844564719133546526e-01
1.183478182582679838e-01 1.738163319552387953e-01
1.352032850140034992e-01 1.614118344358854429e-01
1.507579172319231109e-01 1.473623179960271146e-01
1.648498794769872045e-01 1.318045530268284471e-01
1.773317849817799552e-01 1.148913847194260318e-01
1.880723101094296523e-01 9.679019601442044596e-02
1.969576438042630884e-01 7.768120640324763237e-02
2.038927551224738177e-01 5.775562449503945928e-02
2.088024639048669251e-01 3.721367402713061240e-02
2.116323018100091102e-01 1.626251454226369797e-02
2.123491532440169027e-01 -4.885920739150124981e-03
2.109416681757433076e-01 -2.601714627472079266e-02
2.074204413844560335e-01 -4.691638042875287407e-02
2.018179553209498989e-01 -6.737081172233931603e-02
1.941882864410301168e-01 -8.717185004536801007e-02
1.846065775603905057e-01 -1.061173378553771224e-01
1.731682814497405021e-01 -1.240136967651531696e-01
1.599881835064008995e-01 -1.406779855869449147e-01
1.451992138718068426e-01 -1.559398468490789391e-01
1.289510617826977734e-01 -1.696433200200128388e-01
1.114086072178315234e-01 -1.816485011514617220e-01
9.275018700415532669e-02 -1.918330303689760041e-01
7.316571445087591274e-02 -2.000933905750176822e-01
5.285467326358124496e-02 -2.063460028632077836e-01
3.202400793295418630e-02 -2.105281064475524599e-01
1.088593397612808156e-02 -2.125984133595088810e-01
-1.034430768100109282e-02 -2.125375307293254634e-01
-3.145072726617052089e-02 -2.103481461153617060e-01
-5.221886841921727362e-02 -2.060549740441917910e-01
-7.243807085926845524e-02 -1.997044646427291736e-01
-9.190368843039940783e-02 -1.913642779486522116e-01
-1.104192380449502409e-01 -1.811225301445412439e-01
-1.277984558784309166e-01 -1.690868205424359005e-01
-1.438672382794020377e-01 -1.553830506180842175e-01
-1.584654462279343756e-01 -1.401540487284809455e-01
-1.714485537900770629e-01 -1.235580163146538235e-01
-1.826891228530785338e-01 -1.057668133684566691e-01
-1.920780884640810871e-01 -8.696410270420701361e-02
-1.995258413084133320e-01 -6.734337410294144455e-02
-2.049630962251141886e-01 -4.710587067141264184e-02
-2.083415381379044307e-01 -2.645844076547071433e-02
-2.096342393490739087e-01 -5.611339557276995293e-03
-2.088358447703347054e-01 1.522399522950455483e-02
-2.059625243166936237e-01 3.583716873663355534e-02
-2.010516943347721297e-01 5.602103099383549945e-02
-1.941615125439666856e-01 7.557383141967488616e-02
-1.853701535062709516e-01 9.430130237162480389e-02
-1.747748740784202670e-01 1.120186492829990665e-01
-1.624908806096412861e-01 1.285524261463115159e-01
-1.486500118028629136e-01 1.437422765630119448e-01
-1.333992531320628838e-01 1.574425222589636020e-01
-1.168991004811968104e-01 1.695235828414640988e-01
-9.932179222128618978e-02 1.798732126227824690e-01
-8.084943025505023084e-02 1.883975425308767326e-01
-6.167201161937874848e-02 1.950219174423580004e-01
-4.198539303464590700e-02 1.996915216768618273e-01
-2.198921131939513690e-02 2.023717878559137817e-01
-1.884782845744094326e-03 2.030485868228329160e-01
1.812699480514969735e-02 2.017281988128513670e-01
3.784771611377298756e-02 1.984370685244183918e-01
5.708349349379407411e-02 1.932213491443156850e-01
7.564691424078787141e-02 1.861462426925138414e-01
9.335890807641539224e-02 1.772951462508927101e-01
1.100505060728785567e-01 1.667686156980168477e-01
1.255644732153676502e-01 1.546831604671700111e-01
1.397567985188429840e-01 1.411698845562145699e-01
1.524980284371873496e-01 1.263729905275302601e-01
1.636744312631563392e-01 1.104481645290543435e-01
1.731889822908800336e-01 9.356086143098432673e-02
1.809621616721420467e-01 7.588450999775381289e-02
1.869325591158227662e-01 5.759865859532792287e-02
1.910572818289815733e-01 3.888708226672629026e-02
1.933121643503706577e-01 1.993587209416305961e-02
1.936917811554451641e-01 9.315276075955863933e-04
1.922092650896554122e-01 -1.794092739688645660e-02
1.888959367885786333e-01 -3.649978589032964321e-02
1.838007522452868026e-01 -5.456843659892480353e-02
1.769895775649791003e-01 -7.197706309365442534e-02
1.685443016840338093e-01 -8.856424635782716992e-02
1.585617994071430448e-01 -1.041784556049045324e-01
1.471527585163966978e-01 -1.186794136615346301e-01
1.344403859169203408e-01 -1.319393248976814259e-01
1.205590087945089955e-01 -1.438439554541678655e-01
1.056525875639327261e-01 -1.542935573640452362e-01
8.987315797736462886e-02 -1.632036300637031701e-01
7.337922013864717208e-02 -1.705055147181701036e-01
5.633409233161379426e-02 -1.761468187184425382e-01
3.890424752288777765e-02 -1.800916696232701675e-01
2.125765014756460930e-02 -1.823207996907816597e-01
3.562110338500151796e-03 -1.828314639549469545e-01
-1.401632787257773086e-02 -1.816371965278027745e-01
-3.131494865829268642e-02 -1.787674114319017793e-01
-4.817586204076833301e-02 -1.742668557717123035e-01
-6.444742341833464838e-02 -1.681949244228351514e-01
-7.998556253828202622e-02 -1.606248466412338038e-01
-9.465501080894456187e-02 -1.516427560608010205e-01
-1.083304172574550556e-01 -1.413466564484830990e-01
-1.208973449166757391e-01 -1.298452963162476381e-01
-1.322531409457056162e-01 -1.172569660452321416e-01
-1.423076753327088273e-01 -1.037082315586719816e-01
-1.509839445766837651e-01 -8.933261878825124458e-02
-1.582185382769154547e-01 -7.426926321716173507e-02
-1.639619680568281113e-01 -5.866153865835449510e-02
-1.681788596955083870e-01 -4.265567914615056577e-02
-1.708480107193619257e-01 -2.639940739328524091e-02
-1.719623170037713755e-01 -1.004058270493212238e-02
-1.715285731375022771e-01 6.274119440970494371e-03
-1.695671524000060826e-01 2.240048472780147015e-02
-1.661115731846690147e-01 3.819798371248572105e-02
-1.612079595623771566e-01 5.353093234016276236e-02
-1.549144044144536991e-01 6.826958070777809640e-02
-1.473002441690200170e-01 8.229112259086346359e-02
-1.384452546490581859e-01 9.548061934518879690e-02
-1.284387778847587147e-01 1.077318329063883529e-01
-1.173787899597965034e-01 1.189479637210122398e-01
-1.053709200553927250e-01 1.290422905374188633e-01
-9.252743083336985308e-02 1.379387100511582920e-01
-7.896617016729182148e-02 1.455721754247771560e-01
-6.480950399785923022e-02 1.518890336753680737e-01
-5.018323976469535319e-02 1.568472628351510745e-01
-3.521554946207426651e-02 1.604166106328757391e-01
-2.003590089219463993e-02 1.625786372104005284e-01
-4.774005157907549451e-03 1.633266650745761606e-01
1.044121214081669691e-02 1.626656400862866447e-01
2.548260915414062716e-02 1.606119078045443460e-01
4.022578925505411462e-02 1.571929099337999736e-01
5.455002016484222782e-02 1.524468059685198107e-01
6.833910580502075560e-02 1.464220253933891103e-01
8.148220658673091532e-02 1.391767559842881918e-01
9.387460446790840685e-02 1.307783738696652598e-01
1.054184097020243321e-01 1.213028210602870999e-01
1.160232067631152969e-01 1.108339361445985077e-01
1.256066374546852549e-01 9.946274378471535449e-02
1.340949196906591201e-01 8.728670854252541800e-02
1.414233008720001683e-01 7.440895842484664124e-02
1.475364451712874725e-01 6.093748336955383954e-02
1.523887543791919985e-01 4.698431370936952817e-02
1.559446222623526168e-01 3.266468345467986312e-02
1.581786226337590084e-01 1.809618303887658083e-02
1.590756315476180849e-01 3.397905976313515819e-03
1.586308842049838630e-01 -1.131040629978141351e-02
1.568499672991953697e-01 -2.590921731885408377e-02
1.537487476470871528e-01 -4.028004221987246947e-02
1.493532380492587075e-01 -5.430628433214574474e-02
1.436994014070017700e-01 -6.787405795588610791e-02
1.368328942015796801e-01 -8.087299367869330013e-02
1.288087505202195060e-01 -9.319702260807026517e-02
1.196910078990432447e-01 -1.047451359189020270e-01
1.095522763525198229e-01 -1.154221161110494526e-01
9.847325207763536759e-02 -1.251392363493853965e-01
8.654217746398437661e-02 -1.338149242212667289e-01
7.385424921268626819e-02 -1.413753861999929584e-01
6.051097657081983688e-02 -1.477551890533951029e-01
4.661949192629238209e-02 -1.528977943910642401e-01
3.229181628194642550e-02 -1.567560425090492315e-01
1.764408243729643708e-02 -1.592925816745786038e-01
2.795719050394895183e-03 -1.604802390030380943e-01
-1.213140087147621116e-02 -1.603023291225215696e-01
-2.701384309896485633e-02 -1.587528969049546990e-01
-4.172752254413042428e-02 -1.558368906738053505e-01
-5.614863603292396393e-02 -1.515702624828454415e-01
-7.015461220299663847e-02 -1.459799923036256830e-01
-8.362507278424261004e-02 -1.391040332656269252e-01
-9.644279906676928027e-02 -1.309911754657162863e-01
-1.084946969239311276e-01 -1.217008263046178707e-01
-1.196727533466040438e-01 -1.113027058183278517e-01
-1.298749770692671501e-01 -9.987645605109177205e-02
-1.390063155390724725e-01 -8.751116416159201994e-02
-1.469795402062132605e-01 -7.430479966174774464e-02
-1.537160919075571119e-01 -6.036356695291157648e-02
-1.591468779852099613e-01 -4.580117514068427625e-02
-1.632130127362449723e-01 -3.073802796908802967e-02
-1.658664928371987035e-01 -1.530033760812310809e-02
-1.670707995339609508e-01 3.808330547526890542e-04
-1.668014196399646987e-01 1.617059404057573369e-02
-1.650462777473087062e-01 3.193131131648908883e-02
-1.618060725292582713e-01 4.752374182644748118e-02
-1.570945105994475954e-01 6.280821221188702397e-02
-1.509384320922654010e-01 7.764583207718434021e-02
-1.433778229377507540e-01 9.189973186960340157e-02
-1.344657097183933336e-01 1.054363147295363373e-01
-1.242679340082147033e-01 1.181265110381627542e-01
-1.128628041982400187e-01 1.298470238595829107e-01
-1.003406239970269509e-01 1.404815530556085823e-01
-8.680309804866431778e-02 1.499219855552603453e-01
-7.236261642038553654e-02 1.580695390978901493e-01
-5.714142106301699220e-02 1.648358467475081468e-01
-4.127065872400307450e-02 1.701439696034654225e-01
-2.488932617775243064e-02 1.739293254143951251e-01
-8.143115013729732010e-03 1.761405212415332044e-01
8.816835429336027097e-03 1.767400789153970309e-01
2.583526709329960272e-02 1.757050427852651087e-01
4.275420306855042679e-02 1.730274601706863757e-01
5.941440602195811882e-02 1.687147259827744550e-01
7.565688185668806298e-02 1.627897841824498537e-01
9.132441434529199598e-02 1.552911800729849245e-01
1.062631156829276641e-01 1.462729588729233809e-01
1.203239772639986271e-01 1.358044075683764451e-01
1.333644045064399930e-01 1.239696386846256271e-01
1.452497192450165620e-01 1.108670163279395909e-01
1.558546130980394406e-01 9.660842661007545962e-02
1.650645352883213790e-01 8.131839635931563393e-02
1.727769986740801955e-01 6.513306582130760913e-02
1.789027882214470344e-01 4.819902283787833031e-02
1.833670568272065537e-01 3.067200773938882213e-02
1.861102942756691636e-01 1.271549987293580514e-02
1.870891561817209225e-01 -5.500801708180031585e-03
1.862771410249686455e-01 -2.380258937128909569e-02
1.836651048067043934e-01 -4.201263445581308875e-02
1.792616044487775062e-01 -5.995253463670746630e-02
1.730930627855695736e-01 -7.744450343363970535e-02
1.652037498590110953e-01 -9.431318333075280891e-02
1.556555771917649544e-01 -1.103874633029836017e-01
1.445277037632798633e-01 -1.255022810891094076e-01
1.319159545237351405e-01 -1.395003903195503325e-01
1.179320544270004434e-01 -1.522340726063417804e-01
1.027026831196570511e-01 -1.635667749386493508e-01
8.636835756225375027e-02 -1.733746532017884368e-01
6.908215195434432021e-02 -1.815480033499533852e-01
5.100826635957347865e-02 -1.879925627086625195e-01
3.232045735461635400e-02 -1.926306650551083965e-01
1.320034583038819792e-02 -1.954022345129192706e-01
-6.164381269027453120e-03 -1.962656048890736027e-01
-2.558185699800466506e-02 -1.951981528588006554e-01
-4.485798868568631470e-02 -1.921967353504981102e-01
-6.379845978838513676e-02 -1.872779235757827954e-01
-8.221075781504315338e-02 -1.804780283663135199e-01
-9.990620621079451813e-02 -1.718529137935712880e-01
-1.167019777256014801e-01 -1.614775984333044478e-01
-1.324230666989671401e-01 -1.494456460644687512e-01
-1.469041978629029854e-01 -1.358683500338914441e-01
-1.599916497053374131e-01 -1.208737179426469938e-01
-1.715449711432874558e-01 -1.046052656881447107e-01
-1.814385712242347071e-01 -8.722063219726862437e-02
-1.895631627967206689e-01 -6.889002838125818373e-02
-1.958270425553300109e-01 -4.979453590401854146e-02
-2.001571915558854331e-01 -3.012427325522225308e-02
-2.025001821956998460e-01 -1.007644833265564782e-02
-2.028228797401311068e-01 1.014668175839776587e-02
-2.011129287268800803e-01 3.033992170812360376e-02
-1.973790169675363471e-01 5.029729680263909930e-02
-1.916509123638950041e-01 6.981423575654069347e-02
-1.839792703349384939e-01 8.868975332715987869e-02
-1.744352122782186487e-01 1.067286082593160434e-01
-1.631096781348900515e-01 1.237434121976754009e-01
-1.501125587585384891e-01 1.395566655827135405e-01
-1.355716163718395928e-01 1.540026972134928007e-01
-1.196312038999247651e-01 1.669294851101038868e-01
-1.024507963638264657e-01 1.782003375311740079e-01
-8.420334977139400101e-02 1.876954144842903627e-01
-6.507350502803907477e-02 1.953130717931408078e-01
-4.525565627895793835e-02 2.009710117350699266e-01
-2.495190476375250266e-02 2.046072264140763597e-01
-4.369920691926723610e-03 2.061807223618625229e-01
1.627926318521651788e-02 2.056720173358497494e-01
3.678350173981635024e-02 2.030834028785380996e-01
5.693180620075651011e-02 1.984389688860191958e-01
7.651660598030042559e-02 1.917843891723981509e-01
9.533597811557997792e-02 1.831864697780565543e-01
1.131958191457806406e-01 1.727324645194021346e-01
1.299119348456190537e-01 1.605291649823271105e-01
1.453120241294725001e-01 1.467017747878180955e-01
1.592375346181595097e-01 1.313925804737032799e-01
1.715453688081570172e-01 1.147594337103520212e-01
1.821094214838225034e-01 9.697406177095388435e-02
1.908219309466059610e-01 7.822022518156240833e-02
1.975946287779636601e-01 5.869174325761553762e-02
2.023596751787520853e-01 3.859040977012578172e-02
2.050703694089754114e-01 1.812382225720272910e-02
2.057016274576108916e-01 -2.496850510626251463e-03
2.042502217709950829e-01 -2.305913770185210460e-02
2.007347806269008939e-01 -4.335154662206925497e-02
1.951955475262058815e-01 -6.316582823297360594e-02
1.876939037508790487e-01 -8.229920249683270184e-02
1.783116599719516138e-01 -1.005565185642517956e-01
1.671501254508155898e-01 -1.177523256325386791e-01
1.543289659292323424e-01 -1.337128313972005544e-01
1.399848637168656096e-01 -1.482777263860555750e-01
1.242699957308199821e-01 -1.613018540866948680e-01
1.073503472925870228e-01 -1.726567086330217660e-01
8.940388131952015094e-02 -1.822317438818798485e-01
7.061858413884736230e-02 -1.899354799603459043e-01
5.119041048376327119e-02 -1.956963957698674150e-01
3.132115128812171939e-02 -1.994635984649724969e-01
1.121624866699495043e-02 -2.012072635502172024e-01
-8.917417053157399021e-03 -2.009188419267561310e-01
-2.887374321304662927e-02 -1.986110329362017202e-01
-4.844959868733098030e-02 -1.943175251608578458e-01
-6.744697123607149014e-02 -1.880925094127954000e-01
-8.567504454316093865e-02 -1.800099709470748821e-01
-1.029521821281542404e-01 -1.701627704352896564e-01
-1.191077965663721594e-01 -1.586615256045639522e-01
-1.339840839476701129e-01 -1.456333076561157625e-01
-1.474376052266328785e-01 -1.312201686006302659e-01
-1.593406980432339193e-01 -1.155775174616528594e-01
-1.695827046978491681e-01 -9.887236488250331079e-02
-1.780710042205498056e-01 -8.128145700938942120e-02
-1.847318388527525168e-01 -6.298932059929282512e-02
-1.895109277292168493e-01 -4.418624210506238992e-02
-1.923738630788086323e-01 -2.506620401478122651e-02
-1.933062868216801622e-01 -5.824801964263326415e-03
-1.923138479967853309e-01 1.334283389949742285e-02
-1.894219439755414902e-01 3.224409014636482607e-02
-1.846752508743276788e-01 5.069087131740974278e-02
-1.781370509408866931e-01 6.850152949443272243e-02
-1.698883669296203935e-01 8.550270157552142258e-02
-1.600269155721645575e-01 1.015310349807942852e-01
-1.486658941686259117e-01 1.164347840576411830e-01
-1.359326160500806957e-01 1.300752611899225475e-01
-1.219670121757287506e-01 1.423281285167125043e-01
-1.069200174127841463e-01 1.530845182074414279e-01
-9.095186109120056983e-02 1.622519713944500785e-01
-7.423028221936392446e-02 1.697551881026762022e-01
-5.692869028495796402e-02 1.755365828104528958e-01
-3.922429284470570210e-02 1.795566425959083112e-01
-2.129621112835405200e-02 1.817940871410367587e-01
-3.323604650143169303e-03 1.822458321514533186e-01
1.451617465767471304e-02 1.809267599763227929e-01
3.204937898963008958e-02 1.778693033533424728e-01
4.910759302851890745e-02 1.731228502329055230e-01
6.552937640721372137e-02 1.667529795304738827e-01
8.116180388874064122e-02 1.588405393957019185e-01
9.586188838553932889e-02 1.494805811523174377e-01
1.094978735883287008e-01 1.387811634381247716e-01
1.219503847473892566e-01 1.268620422464768749e-01
1.331134280195602759e-01 1.138532635287819450e-01
1.428952307372670094e-01 9.989367575470059490e-02
1.512189169454411231e-01 8.512938033830043383e-02
1.580230145622125715e-01 6.971213812327803350e-02
1.632617925239535361e-01 5.379775018013931848e-02
1.669054282495041897e-01 3.754443100757906548e-02
1.689400076780170068e-01 2.111119185665404074e-02
1.693673619769229532e-01 4.656251319779584896e-03
1.682047467596974322e-01 -1.166451044036893522e-02
1.654843712778731046e-01 -2.769903838954106134e-02
1.612527865406429839e-01 -4.330051591712810038e-02
1.555701426532087595e-01 -5.832869163874877111e-02
1.485093268389598986e-01 -7.265110797951360166e-02
1.401549946103590183e-01 -8.614422127337442725e-02
1.306025073714193463e-01 -9.869440465394395401e-02
1.199567903659315288e-01 -1.101988266078289397e-01
1.083311253278322894e-01 -1.205661996905212502e-01
9.584589244366814587e-02 -1.297173955450787730e-01
8.262727630491867314e-02 -1.375859239935391665e-01
6.880595041540382706e-02 -1.441182755693754536e-01
5.451575453383313008e-02 -1.492741284065186302e-01
3.989237868364203798e-02 -1.530264218780618135e-01
2.507206706343901442e-02 -1.553613007688128822e-01
1.019035435522454985e-02 -1.562779350552177260e-01
-4.619153930903324018e-03 -1.557882215406277970e-01
-1.922594640129795043e-02 -1.539163746422881895e-01
-3.350370639154296587e-02 -1.506984145398352903e-01
-4.733133975056037779e-02 -1.461815616668075413e-01
-6.059392247589021757e-02 -1.404235471522963241e-01
-7.318356209098421383e-02 -1.334918492972718695e-01
-8.500016788244429966e-02 -1.254628664994558163e-01
-9.595212634060114321e-02 -1.164210372241995389e-01
-1.059568793536823789e-01 -1.064579176610693234e-01
-1.149414038780343372e-01 -9.567122761309285184e-02
-1.228425929295920427e-01 -8.416387494602571573e-02
-1.296075388015709429e-01 -7.204296858830500083e-02
-1.351937203982638835e-01 -5.941882962970940207e-02
-1.395690974746379431e-01 -4.640400953046903976e-02
-1.427121153777122786e-01 -3.311232383591673767e-02
-1.446116245919090715e-01 -1.965790910869951932e-02
-1.452667199920839036e-01 -6.154310055459608769e-03
-1.446865052020750442e-01 7.286396947678540348e-03
-1.428897878425973711e-01 2.055443852200990879e-02
-1.399047117312556821e-01 3.354313254102927327e-02
-1.357683322722512964e-01 4.614962616798920503e-02
-1.305261413485841737e-01 5.827558065277079619e-02
-1.242315480113233284e-01 6.982780061654285386e-02
-1.169453211563318412e-01 8.071880626415228743e-02
-1.087350001973927532e-01 9.086734762570446156e-02
-9.967427949570684120e-02 1.001988605323121811e-01
-8.984237199972305854e-02 1.086458645700026648e-01
-7.932335719731166412e-02 1.161483037253707162e-01
-6.820551809582831027e-02 1.226538308334991084e-01
-5.658067153620492673e-02 1.281180372613455465e-01
