0.000000000000000000e+00 0.000000000000000000e+00
-1.001313357230200126e-05 1.440868398883977530e-06
-3.914930046125271440e-05 1.022265592253071311e-05
-8.497463005573081731e-05 3.264373673249814045e-05
-1.436805531109482169e-04 7.440940419138279531e-05
-2.102059696586979377e-04 1.403823548916143177e-04
-2.784001144794491316e-04 2.343557950287899821e-04
-3.412222285526926341e-04 3.588553548856080345e-04
-3.909732511183563325e-04 5.149753629050515856e-04
-4.195539524126906238e-04 7.022542722867757296e-04
-4.187432485397758492e-04 9.185931652712947971e-04
-3.804898918274318047e-04 1.160220300508056808e-03
-2.972103244246063290e-04 1.421703636236079735e-03
-1.620852381025269162e-04 1.696012142490549955e-03
3.065273193912010287e-05 1.974625737480948089e-03
2.854476978236968640e-04 2.247692397887110765e-03
6.051728206960734499e-04 2.504229855481412449e-03
9.909131236324985031e-04 2.732368423761614550e-03
1.441785157335541412e-03 2.919630335953883084e-03
1.954799179017529653e-03 3.053240081126668785e-03
2.524768690957069055e-03 3.120459394986925886e-03
3.144271254448599909e-03 3.108939850375734906e-03
3.803663464324153008e-03 3.007085415466191885e-03
4.491151858094325280e-03 2.804416918686034911e-03
5.192920362986335608e-03 2.491930089233266449e-03
5.893313676099245016e-03 2.062438738592021949e-03
6.575074750890964187e-03 1.510894716452454043e-03
7.219633351165564983e-03 8.346765154359566275e-04
7.807441455675702933e-03 3.383881128103420410e-05
8.318350176105196794e-03 -8.886841963701859991e-04
8.732021811503140260e-03 -1.926928040983265453e-03
9.028369724962308565e-03 -3.071805359269045004e-03
9.188017913615875373e-03 -4.311075874405721590e-03
9.192771469011802241e-03 -5.629382361648889270e-03
9.026088607399521124e-03 -7.008354739141440387e-03
8.673544601536733664e-03 -8.426783125958667298e-03
8.123277777449025225e-03 -9.860859357653475876e-03
7.366407758128775199e-03 -1.128448507142732100e-02
6.397416354049946866e-03 -1.266964305309430973e-02
5.214481878400522435e-03 -1.398682735164974433e-02
3.819758245483236090e-03 -1.520552615246123854e-02
2.219591034047131359e-03 -1.629475017080929053e-02
4.246635809663968264e-04 -1.722359842368672081e-02
-1.549932720057166195e-03 -1.796185206090679040e-02
-3.684708506546213042e-03 -1.848058612520720248e-02
-5.955870159923796689e-03 -1.875278842055326523e-02
-8.335498928416873107e-03 -1.875397415841907611e-02
-1.079181571938985298e-02 -1.846278473693727107e-02
-1.328953024578641631e-02 -1.786155889768895402e-02
-1.579027161608298133e-02 -1.693686460632257834e-02
-1.825309586939653089e-02 -1.567998031925612462e-02
-2.063506440581713841e-02 -1.408731482879715426e-02
-2.289188577524818927e-02 -1.216075561866132235e-02
-2.497861189403701582e-02 -9.907936602842877180e-03
-2.685037848438154295e-02 -7.342417251144888260e-03
-2.846317840224528786e-02 -4.483766408907632721e-03
-2.977465555860927052e-02 -1.357545577728829769e-03
-3.074490636715732084e-02 2.004811983684265993e-03
-3.133727508687369351e-02 5.566228278631921676e-03
-3.151912908524167473e-02 9.284313869482014800e-03
-3.126259993793000652e-02 1.311180577614201072e-02
-3.054527641141458610e-02 1.699710644299307766e-02
-2.935083574929554795e-02 2.088491839445008255e-02
-2.766960039025791185e-02 2.471696749768447290e-02
-2.549900768569936596e-02 2.843280564795465370e-02
-2.284398190517302613e-02 3.197068241197733446e-02
-1.971719892102351268e-02 3.526847388981720760e-02
-1.613923505377394194e-02 3.826465513381533540e-02
-1.213859364524555277e-02 4.089930169229172296e-02
-7.751604647720872210e-03 4.311510483963512663e-02
-3.022194476552985190e-03 4.485838435873702734e-02
1.998474570099871474e-03 4.608008229596194383e-02
7.252493899302445493e-03 4.673672092603776973e-02
1.267582364116262919e-02 4.679130825333707028e-02
1.819902736909566332e-02 4.621417474161287897e-02
2.374811868480947857e-02 4.498372560646165391e-02
2.924550979446291152e-02 4.308709391916781817e-02
3.461105027618565505e-02 4.052068094813342930e-02
3.976314245631706878e-02 3.729057159130658855e-02
4.461991820448066304e-02 3.341281441205160713e-02
4.910046055585966934e-02 2.891355765978785575e-02
5.312605239988446582e-02 2.382903470967513704e-02
5.662143356181952719e-02 1.820539456337036399e-02
5.951604696755344315e-02 1.209837538311891829e-02
6.174525423826737053e-02 5.572821449286525022e-03
6.325150102216629822e-02 -1.297953600045567181e-03
6.398541264200123535e-02 -8.432951908028752178e-03
6.390680122172558153e-02 -1.574441712342174865e-02
6.298556677424518857e-02 -2.313889088484012008e-02
6.120247405579072597e-02 -3.051838673850813810e-02
5.854979117099252950e-02 -3.778166704966966216e-02
5.503177709861259426e-02 -4.482560744242608530e-02
5.066500526564259727e-02 -5.154662948937080436e-02
4.547851439551964248e-02 -5.784218210467715476e-02
3.951377978572571947e-02 -6.361225062847437883e-02
3.282450074858733052e-02 -6.876087166887384639e-02
2.547620264797725506e-02 -7.319763116557258253e-02
1.754565474407636383e-02 -7.683912287090459425e-02
9.120107876694259416e-03 -7.961034452088973368e-02
2.963588319024387384e-04 -8.144600939538193529e-02
-8.820348996709135789e-03 -8.229175174259245606e-02
-1.811757636552955783e-02 -8.210520566335785531e-02
-2.747707552932540306e-02 -8.085693850340786026e-02
-3.677629698696097821e-02 -7.853122157107544909e-02
-4.588999627998380237e-02 -7.512662306174910931e-02
-5.469191960021783233e-02 -7.065641040236453341e-02
-6.305654534788716903e-02 -6.514875179830716123e-02
-7.086085748137674334e-02 -5.864670953604547710e-02
-7.798612553853731533e-02 -5.120802052882597599e-02
-8.431966560765029317e-02 -4.290466264792809625e-02
-8.975655629874670915e-02 -3.382220851394266564e-02
-9.420128392237803183e-02 -2.405897158511283163e-02
-9.756929162689509383e-02 -1.372495252566026738e-02
-9.978840929733906462e-02 -2.940596402089460867e-03
-1.008001375700752211e-01 8.164624230327594337e-03
-1.005607673953035075e-01 1.945378315285274315e-02
-9.904231790567376292e-02 3.078421370024324311e-02
-9.623327204328187279e-02 4.200933824016371554e-02
-9.213909677800391496e-02 5.298059026257855714e-02
-8.678253641796156159e-02 6.354940342052393942e-02
-8.020367060251776259e-02 7.356924045220435138e-02
-7.245973182925534439e-02 8.289763387862898736e-02
-6.362468075280085233e-02 9.139820973161125184e-02
-5.378854095657011058e-02 9.894266533881308778e-02
-4.305649838824350539e-02 1.054126723845635188e-01
-3.154777411472272503e-02 1.107016770801555056e-01
-1.939428244095910137e-02 1.147165703116716923e-01
-6.739089698384347071e-03 1.173792020772579936e-01
6.265307906965317426e-03 1.186277163630671538e-01
1.945886613675656268e-02 1.184176848157093009e-01
3.267601041280252666e-02 1.167230201210749663e-01
4.574776323956698115e-02 1.135366528615395360e-01
5.850395330462302562e-02 1.088709587575392573e-01
7.077547665301693602e-02 1.027579265626345634e-01
8.239657918669208991e-02 9.524906042690238495e-02
9.320712902377908948e-02 8.641501422211367300e-02
1.030548469798552580e-01 7.634495908147555243e-02
1.117974636130109334e-01 6.514568919287415383e-02
1.193047740379359900e-01 5.294047432316648094e-02
1.254605540871672476e-01 3.986767151523792907e-02
1.301643139931336346e-01 2.607911387678402138e-02
1.333328676347628472e-01 1.173829361330935850e-02
1.349016867393334485e-01 -2.981637755962126754e-03
1.348260208630924217e-01 -1.790002653883119785e-02
1.330817648725642621e-01 -3.283100359057412182e-02
1.296660589803688701e-01 -4.758587071674869051e-02
1.245976099666528669e-01 -6.197555514435722224e-02
1.179167259905656850e-01 -7.581309916277369221e-02
1.096850613129561752e-01 -8.891615120550884488e-02
9.998507125654607086e-02 -1.011094242835842150e-01
8.891918176643490157e-02 -1.122270878000546646e-01
7.660868194425352051e-02 -1.221150593751803570e-01
6.319235185591874637e-02 -1.306331643880692395e-01
4.882484169886361358e-02 -1.376571324814899466e-01
3.367482200462747904e-02 -1.430804022633775652e-01
1.792292789405109874e-02 -1.468157078461244935e-01
1.759523445574334190e-03 -1.487964236616090563e-01
-1.461768506316862316e-02 -1.489776471387930512e-01
-3.100615596486828995e-02 -1.473370022890148068e-01
-4.720110609192432194e-02 -1.438751509645229132e-01
-6.299815732808188018e-02 -1.386160024869775853e-01
-7.819600043088004160e-02 -1.316066164299281027e-01
-9.259904024872799011e-02 -1.229167975254615852e-01
-1.060199896578760542e-01 -1.126383863307266336e-01
-1.182823674363638472e-01 -1.008842502455987167e-01
-1.292228714009064083e-01 -8.778699102329687309e-02
-1.386936012029875431e-01 -7.349738299767842598e-02
-1.465640902700634796e-01 -5.818255923983964989e-02
-1.527231214172556917e-01 -4.202396964728367934e-02
-1.570803004603481545e-01 -2.521513705870408531e-02
-1.595673653391863067e-01 -7.959240381049614843e-03
-1.601392117651227187e-01 9.533443781222561419e-03
-1.587746201886833797e-01 2.704820742867117267e-02
-1.554766728917281460e-01 4.436865021685749283e-02
-1.502728541862812239e-01 6.127945493331009991e-02
-1.432148309915493023e-01 7.756916244437485342e-02
-1.343779154013466648e-01 9.303290902812944019e-02
-1.238602151852603583e-01 1.074750893957807096e-01
-1.117814824274776520e-01 1.207119095989204888e-01
-9.828167463722649322e-02 1.325737954121812279e-01
-8.351924660598489258e-02 1.429076236515795795e-01
-6.766919498333560934e-02 1.515787462126942930e-01
-5.092088094334832477e-02 1.584727793578302457e-01
-3.347565936860238955e-02 1.634971339094738740e-01
-1.554434564623804853e-02 1.665822654751699661e-01
2.655446587942924055e-03 1.676826275881066475e-01
2.090206163695287889e-02 1.667773146456735800e-01
3.897261543935747613e-02 1.638703857091616534e-01
5.664583347575279787e-02 1.589908662956086571e-01
7.370486431178945030e-02 1.521924207470257140e-01
8.994003705564319884e-02 1.435527073307089896e-01
1.051515359243634928e-01 1.331724255538123125e-01
1.191519450396266583e-01 1.211740619976545558e-01
1.317686332921810810e-01 1.077003539163648577e-01
1.428459478731702592e-01 9.291249102214181599e-02
1.522471876803727919e-01 7.698807938037699472e-02
1.598563308078690959e-01 6.011889450524843248e-02
1.655794936760922875e-01 4.250845353656340642e-02
1.693461030081469254e-01 2.436943875353158803e-02
1.711097657560638474e-01 5.921006608661214671e-03
1.708488261722708457e-01 -1.261398208060786341e-02
1.685666034493683296e-01 -3.101177418247474948e-02
1.642913076559522068e-01 -4.905054148489594590e-02
1.580756360174362940e-01 -6.651316610452866207e-02
1.499960558683274270e-01 -8.318995761768827046e-02
1.401517847767438929e-01 -9.888126651268873413e-02
1.286634823554114460e-01 -1.133999600946725278e-01
1.156716720707016838e-01 -1.265737289618861505e-01
1.013349148905991204e-01 -1.382471945865099971e-01
8.582775982593186803e-02 -1.482837913379027872e-01
6.933849927363554266e-02 -1.565673994403826708e-01
5.206675952841025717e-02 -1.630037088156215119e-01
3.422095885789207953e-02 -1.675212974714950231e-01
1.601566310422302894e-02 -1.700724154091651785e-01
-2.331115552444004094e-03 -1.706334535379366024e-01
-2.060064482335118019e-02 -1.692051047081543635e-01
-3.857619877082199555e-02 -1.658122213403561418e-01
-5.604573762210009191e-02 -1.605033624163569039e-01
-7.280450948044465964e-02 -1.533500422025605714e-01
-8.865754065350328617e-02 -1.444456927675056845e-01
-1.034219830746993946e-01 -1.339043560741021432e-01
-1.169292894646198067e-01 -1.218591248990839593e-01
-1.290271894324294955e-01 -1.084603550115034037e-01
-1.395814426132719333e-01 -9.387367388680074864e-02
-1.484773481329846878e-01 -7.827781370637586222e-02
-1.556209931389296308e-01 -6.186229846353631656e-02
-1.609402267847775958e-01 -4.482501664009036491e-02
-1.643853498547670489e-01 -2.736971211490529798e-02
-1.659295141047185396e-01 -9.703426704211228632e-03
-1.655688293275482670e-01 7.966071992283297112e-03
-1.633221800648135547e-01 2.543284395419206922e-02
-1.592307577283453845e-01 4.249527847106612799e-02
-1.533573176142921657e-01 5.895851248512679055e-02
-1.457851738352654858e-01 7.463673529676485841e-02
-1.366169485171446762e-01 8.935535128463792387e-02
-1.259730946616056668e-01 1.029529745567436400e-01
-1.139902148240364010e-01 1.152832320404401645e-01
-1.008192001645250163e-01 1.262163543974392232e-01
-8.662321315414271694e-02 1.356405421773813902e-01
-7.157554995875406445e-02 1.434630766294390791e-01
-5.585741122729545594e-02 1.496111779512101225e-01
-3.965560098024049906e-02 1.540326120660759079e-01
-2.316019322422124133e-02 1.566960265934409235e-01
-6.562194790886332479e-03 1.575910215785496504e-01
9.948765447906059503e-03 1.567279585396091912e-01
2.618669170821754169e-02 1.541375148144934482e-01
4.197139274505842094e-02 1.498699934594148186e-01
5.713054322981700461e-02 1.439944020237672595e-01
7.150161061641421845e-02 1.365973163585586236e-01
8.493362531870324306e-02 1.277815481742504145e-01
9.728877454581326412e-02 1.176646373157587133e-01
1.084438028896308331e-01 1.063771916411820340e-01
1.182912056861561423e-01 9.406109895515281372e-02
1.267402042348717284e-01 8.086763664176709054e-02
1.337174951111158860e-01 6.695550545573115964e-02
1.391677689988541355e-01 5.248881435934909384e-02
1.430539976584830064e-01 3.763504333868371993e-02
1.453574907805977312e-01 2.256301080172237045e-02
1.460777275178039847e-01 7.440871467174728533e-03
1.452319703906903015e-01 -7.565830387717952313e-03
1.428546719918491470e-01 -2.229602881577547394e-02
1.389966874275904429e-01 -3.659490338075570975e-02
1.337243077088364207e-01 -5.031552571274507113e-02
1.271181292795381390e-01 -6.332037352053153378e-02
1.192717820504452936e-01 -7.548267800024348329e-02
1.102905391052923512e-01 -8.668760559773108776e-02
1.002898210051910155e-01 -9.683327498954252821e-02
8.939362160469942198e-02 -1.058315833827505187e-01
7.773287723931082693e-02 -1.136088434451373169e-01
6.544380185884222934e-02 -1.201062287307816390e-01
5.266621042230870686e-02 -1.252800281343523503e-01
3.954185229823534847e-02 -1.291017124872062272e-01
2.621277554704191243e-02 -1.315578188633755030e-01
1.281974182038885315e-02 -1.326496604601511420e-01
-4.992897787903150973e-04 -1.323928720259218705e-01
-1.361059314413188941e-02 -1.308168027005759126e-01
-2.638600499243897238e-02 -1.279637697884965231e-01
-3.870414109894307342e-02 -1.238881883826595809e-01
-5.045148805191321945e-02 -1.186555928867806531e-01
-6.152336180379563979e-02 -1.123415673316920382e-01
-7.182472651182268686e-02 -1.050306019476808239e-01
-8.127086938971060659e-02 -9.681489373658036524e-02
-8.978792949808360457e-02 -8.779310879076801521e-02
-9.731328055034349500e-02 -7.806912384003616978e-02
-1.037957698704066872e-01 -6.775076398490209595e-02
-1.091958175789482788e-01 -5.694855281347675074e-02
-1.134853818782199791e-01 -4.577449011918568317e-02
-1.166477979280181598e-01 -3.434087126215656233e-02
-1.186774986671017135e-01 -2.275915493546598958e-02
-1.195796267252112188e-01 -1.113890884731532152e-02
-1.193695543965587191e-01 4.131694465826494557e-04
-1.180723181972243296e-01 1.179416093864737655e-02
-1.157219808016566598e-01 2.290573828760239863e-02
-1.123609339080839098e-01 3.365488508948153573e-02
-1.080391548609133390e-01 4.395451851745938582e-02
-1.028134297080495890e-01 5.372401422042755170e-02
-9.674655500960724352e-02 6.288963397135541311e-02
-8.990653015668509385e-02 7.138485805878849733e-02
-8.236575122282498163e-02 7.915062579486192851e-02
-7.420021647733653081e-02 8.613548875033952279e-02
-6.548875266198789236e-02 9.229568240401976598e-02
-5.631226999565996927e-02 9.759512279640762678e-02
-4.675305265182969072e-02 1.020053354954955638e-01
-3.689409017845165367e-02 1.055053247092507807e-01
-2.681845402654832802e-02 1.080813907122069595e-01
-1.660872205004229260e-02 1.097269038934211710e-01
-6.346452561855755320e-03 1.104420436847217551e-01
3.888291694302478674e-03 1.102335103999519117e-01
1.401737044673962741e-02 1.091142176194730279e-01
2.396494551526510280e-02 1.071029722042815824e-01
3.365781592384502890e-02 1.042241483382346373e-01
4.302571208310125572e-02 1.005073611949966472e-01
5.200155327160284335e-02 9.598714493033383421e-02
6.052167366650860331e-02 9.070263348474866261e-02
6.852601795876427093e-02 8.469726263089898122e-02
7.595831895815158274e-02 7.801848515860643207e-02
8.276625981265993415e-02 7.071748826827238543e-02
8.890162302498788582e-02 6.284892873462777363e-02
9.432043267070469583e-02 5.447067953932974160e-02
9.898309403185286126e-02 4.564358581398798159e-02
1.028545342473891344e-01 3.643122716130284267e-02
1.059043468521217862e-01 2.689968276350826470e-02
1.081069422475181563e-01 1.711729516042682572e-02
1.094417052418608788e-01 7.154428197506329870e-03
1.098931598363423606e-01 -2.916785582540318365e-03
1.094511404416727007e-01 -1.302271289551512438e-02
1.081109677112879752e-01 -2.308850770902878824e-02
1.058736261972412773e-01 -3.303842369696401160e-02
1.027459400981291932e-01 -4.279615515044117580e-02
9.874074249904010725e-02 -5.228520975753543631e-02
9.387703272446888680e-02 -6.142931593665093559e-02
8.818011575777576216e-02 -7.015286655055077980e-02
8.168171714441048448e-02 -7.838139985625262873e-02
7.442006640765691516e-02 -8.604211747967281665e-02
6.643994177918981225e-02 -9.306443806469129332e-02
5.779266899330907231e-02 -9.938058405781513560e-02
4.853606702102094411e-02 -1.049261978769391590e-01
3.873433393233112476e-02 -1.096409825019817180e-01
2.845786569990275267e-02 -1.134693562078975398e-01
1.778300687312820219e-02 -1.163611263567591037e-01
6.791721733565839712e-03 -1.182721667048986236e-01
-4.428816737812734869e-03 -1.191650795513451294e-01
-1.578671903718139799e-02 -1.190098450890096082e-01
-2.718595554038080730e-02 -1.177844433959522319e-01
-3.852701699664028145e-02 -1.154754378725768582e-01
-4.970765747279669300e-02 -1.120785086395901242e-01
-6.062371653724903109e-02 -1.075989243239107718e-01
-7.117001586612718700e-02 -1.020519407857705396e-01
-8.124132383959141446e-02 -9.546311568669313408e-02
-9.073338010367767992e-02 -8.786852836768009600e-02
-9.954397053300215181e-02 -7.931489529856416976e-02
-1.075740415721892912e-01 -6.985957236784974544e-02
-1.147288415887543489e-01 -5.957043649813758418e-02
-1.209190756658858334e-01 -4.852564048213824782e-02
-1.260620592269847406e-01 -3.681323652119427442e-02
-1.300828550396163352e-01 -2.453066569144179976e-02
-1.329153775167647433e-01 -1.178411243820923042e-02
-1.345034478369497299e-01 1.312274820049159213e-03
-1.348017832573641939e-01 1.463729384066653899e-02
-1.337769041074347298e-01 2.806372422069081801e-02
-1.314079423317315587e-01 4.145948122725827412e-02
-1.276873361042810129e-01 5.468887835908042838e-02
-1.226213959599571357e-01 6.761398717595869245e-02
-1.162307287128876987e-01 8.009607786848690902e-02
-1.085505098134799118e-01 9.199713474547170644e-02
-9.963058942405635110e-02 1.031814239408473527e-01
-8.953542539280875956e-02 1.135170881360636069e-01
-7.834383873456736425e-02 1.228777582518783551e-01
-6.614858658276016878e-02 1.311441586243602964e-01
-5.305575107231407656e-02 1.382056844561336817e-01
-3.918394513627302539e-02 1.439619299180699141e-01
-2.466333879409520619e-02 1.483241451670611610e-01
-9.634512139156831481e-03 1.512166007529000544e-01
5.752856142312717802e-03 1.525778384176228186e-01
2.134145330890574455e-02 1.523617881450329836e-01
3.696793625194979421e-02 1.505387324925675785e-01
5.246465805815017647e-02 1.470961007232021167e-01
6.766149896653510243e-02 1.420390770377228107e-01
8.238778123588619273e-02 1.353910092685429445e-01
9.647424567200281464e-02 1.271936067117526437e-01
1.097550660660650546e-01 1.175069183163046233e-01
1.220698765948232956e-01 1.064090851861703713e-01
1.332657863552675070e-01 9.399586424733177847e-02
1.431993546713662691e-01 8.037992294783853631e-02
1.517385006342301113e-01 6.568990795451037923e-02
1.587643205304097860e-01 5.006929394083475815e-02
1.641727873814339267e-01 3.367502168244234512e-02
1.678763077610908594e-01 1.667593774375715140e-02
1.698051131321338669e-01 -7.489462636796963583e-04
1.699084628392565355e-01 -1.841236545600459865e-02
1.681556370875046946e-01 -3.612085741316847093e-02
1.645367060834648509e-01 -5.367693349426089222e-02
1.590630587637947846e-01 -7.088134901001491572e-02
1.517676792264874841e-01 -8.753544233724774859e-02
1.427051619820142725e-01 -1.034435144124178918e-01
1.319514604355043197e-01 -1.184152189133137467e-01
1.196033664461829682e-01 -1.322679326963509538e-01
1.057777223403028599e-01 -1.448290757193896883e-01
9.061037033054530898e-02 -1.559383497581646738e-01
7.425484786873713661e-02 -1.654498657242947091e-01
5.688084097938686523e-02 -1.732341303143616895e-01
3.867241103871214142e-02 -1.791798640566177325e-01
1.982601372795939065e-02 -1.831956245623361790e-01
5.483319528674777303e-04 -1.852112109145570562e-01
-1.894605266272644806e-02 -1.851788276141272949e-01
-3.843712257481459588e-02 -1.830739893221371428e-01
-5.770199207720118351e-02 -1.788961507546571461e-01
-7.651754885526264316e-02 -1.726690494609404158e-01
-9.466313673320843336e-02 -1.644407528066612612e-01
-1.119232459945866121e-01 -1.542834042424320318e-01
-1.280901770773986981e-01 -1.422926678149444846e-01
-1.429666433200024456e-01 -1.285868738215328599e-01
-1.563682787693382592e-01 -1.133058724651311994e-01
-1.681260198856998067e-01 -9.660960947388787246e-02
-1.780883245815212956e-01 -7.867642762061319295e-02
-1.861231984384001392e-01 -5.970112112758182987e-02
-1.921200067198650940e-01 -3.989277008837199823e-02
-1.959910411387663087e-01 -1.947236961244714487e-02
-1.976728199143968911e-01 1.329714871426975571e-03
-1.971271016475836524e-01 2.227643572142143022e-02
-1.943415970643152801e-01 4.312686197100448759e-02
-1.893303664494783156e-01 6.363905458925947500e-02
-1.821338945627886674e-01 8.357298236195671859e-02
-1.728188389466934760e-01 1.026934417650031683e-01
-1.614774517460738634e-01 1.207729438045843928e-01
-1.482266794054843961e-01 1.375945308903412101e-01
-1.332069488339732155e-01 1.529544873920204440e-01
-1.165806527726693798e-01 1.666649086021623760e-01
-9.853035110942776065e-02 1.785560943766855146e-01
-7.925670870250503541e-02 1.884787357341762004e-01
-5.897619384841620849e-02 1.963058651392994292e-01
-3.791856480773730248e-02 2.019345440458509833e-01
-1.632417474040001940e-02 2.052872644946429903e-01
5.558872042888868964e-03 2.063130451094027373e-01
2.747767747088209617e-02 2.049882056641755268e-01
4.917758401659337586e-02 2.013168084582425965e-01
7.040524798061960354e-02 1.953307589757042884e-01
9.091171310263190808e-02 1.870895626703732439e-01
1.104554485273201714e-01 1.766797435981662945e-01
1.288053059276642320e-01 1.642139157323662113e-01
1.457433583384399878e-01 1.498295292211490604e-01
1.610675937452007711e-01 1.336873134680595931e-01
1.745944210372155081e-01 1.159694211771840067e-01
1.861609577551359695e-01 9.687730066105536275e-02
1.956270699734845853e-01 7.662932228927499256e-02
2.028771377540187215e-01 5.545818821083558364e-02
2.078215230606326736e-01 3.360815736461949393e-02
2.103977207943023009e-01 1.133212026091069691e-02
2.105711776378493549e-01 -1.111143996204794204e-02
2.083357676415514281e-01 -3.346156215639251724e-02
2.037139178754030222e-01 -5.545795835852058986e-02
1.967563819635589073e-01 -7.684416192142681790e-02
1.875416638411903092e-01 -9.737063293007952591e-02
1.761750985731601882e-01 -1.167977817463188850e-01
1.627876014873951283e-01 -1.348988725455583515e-01
1.475341011445480965e-01 -1.514627702239954854e-01
1.305916757324177280e-01 -1.662964960519673907e-01
1.121574162842823574e-01 -1.792275598998725183e-01
9.244604362397690345e-02 -1.901060397349084718e-01
7.168730909054142619e-02 -1.988063823412190012e-01
5.012321184980571970e-02 -2.052289028092053602e-01
2.800506792295494665e-02 -2.093009642234752998e-01
5.590467922485908847e-03 -2.109778231010206451e-01
-1.685984107300662199e-02 -2.102431365876879787e-01
-3.908510425985275982e-02 -2.071091056731498847e-01
-6.082769728624374400e-02 -2.016162687586414981e-01
-8.183622519537536721e-02 -1.938329600377942663e-01
-1.018685358708204119e-01 -1.838544209369152305e-01
-1.206946118730576889e-01 -1.718015833521937541e-01
-1.380993047733483914e-01 -1.578195409148905881e-01
-1.538848782229784162e-01 -1.420757284545946797e-01
-1.678733285610578829e-01 -1.247578334926534860e-01
-1.799084547268642587e-01 -1.060714669351442985e-01
-1.898576525621338551e-01 -8.623762310411221821e-02
-1.976134122190938425e-01 -6.548996180926974775e-02
-2.030945012817070294e-01 -4.407194728760804175e-02
-2.062468203075723538e-01 -2.223388049917909837e-02
-2.070439217506134522e-01 -2.298624438460192666e-04
-2.054871875727201369e-01 2.168527315708429493e-02
-2.016056652375290137e-01 4.325901929506803523e-02
-1.954555661429925595e-01 6.424420903296290675e-02
-1.871194348333665158e-01 8.440194542044976433e-02
-1.767050014792559964e-01 1.035044119041995114e-01
-1.643437340720934614e-01 1.213375289377451038e-01
-1.501891104954985734e-01 1.377034246978065812e-01
-1.344146340626344582e-01 1.524226904180669695e-01
-1.172116192024283132e-01 1.653363938205568706e-01
-9.878677669970063746e-02 1.763078274166289816e-01
-7.935962816910477335e-02 1.852239797794011933e-01
-5.915978594416554381e-02 1.919966894266912361e-01
-3.842413862702049460e-02 1.965634870768495357e-01
-1.739396834095689390e-02 1.988881337442072184e-01
3.687959417534485921e-03 1.989608268212569309e-01
2.458029706432016820e-02 1.967980826933833083e-01
4.504597134093327876e-02 1.924423005052407210e-01
6.485495978119572291e-02 1.859610157109464201e-01
8.378695353955076253e-02 1.774458558996938051e-01
1.016338746967568457e-01 1.670112150443293086e-01
1.182022183617249117e-01 1.547926657262875261e-01
1.333151924536536692e-01 1.409451320033396626e-01
1.468146309380330417e-01 1.256408483686074495e-01
1.585626594613173956e-01 1.090671326668768704e-01
1.684430957365292691e-01 9.142400285939511484e-02
1.763625706274349614e-01 7.292166913869596589e-02
1.822513596119347268e-01 5.377793407416131544e-02
1.860639181243438633e-01 3.421553420662268308e-02
1.877791181291564859e-01 1.445945680215687118e-02
1.874001871137382369e-01 -5.265734676700651457e-03
1.849543544531394579e-01 -2.473853341181671273e-02
1.804922137474057886e-01 -4.374304842153761697e-02
1.740868132132307178e-01 -6.207145955523405562e-02
1.658324894832868823e-01 -7.952633953142773660e-02
1.558434631873417131e-01 -9.592281639866551135e-02
1.442522170292384331e-01 -1.110905610335758686e-01
1.312076769907454532e-01 -1.248755514041835213e-01
1.168732318708738949e-01 -1.371416128554096281e-01
1.014246113370011887e-01 -1.477717377272572685e-01
8.504765021633148292e-02 -1.566691453584017901e-01
6.793597015266032713e-02 -1.637580825228552861e-01
5.028860864225390831e-02 -1.689843591354280861e-01
3.230762557181998673e-02 -1.723156175191014883e-01
1.419571709395840015e-02 -1.737413369426262788e-01
-3.846133997769227326e-03 -1.732725784643234235e-01
-2.162094327465383450e-02 -1.709414783148344719e-01
-3.893791833096990618e-02 -1.668005010766889507e-01
-5.561453607951266642e-02 -1.609214667343752680e-01
-7.147848067641481007e-02 -1.533943682410774945e-01
-8.636942133388821052e-02 -1.443259985473403229e-01
-1.001406117701561516e-01 -1.338384080370233209e-01
-1.126602957217392592e-01 -1.220672149960559533e-01
-1.238129057640164066e-01 -1.091597930836331748e-01
-1.335000456099620092e-01 -9.527336077258094504e-02
-1.416412490419118875e-01 -8.057299836977543928e-02
-1.481745116349256208e-01 -6.522961851788826315e-02
-1.530565944111844934e-01 -4.941791602053507981e-02
-1.562631014825032749e-01 -3.331432243318603603e-02
-1.577883365538407245e-01 -1.709499013563310979e-02
-1.576449458383799296e-01 -9.338295664216432652e-04
-1.558633590348486864e-01 1.499938691821270202e-02
-1.524910317664566750e-01 3.054080752392051776e-02
-1.475915175534954216e-01 4.553416651647086005e-02
-1.412433826862466990e-01 5.983233605381055309e-02
-1.335389748448327640e-01 7.329872278898172389e-02
-1.245830681312481841e-01 8.580850512809130859e-02
-1.144914045665412772e-01 9.724970111431736897e-02
-1.033891527833092905e-01 1.075240593810568579e-01
-9.140930502100778898e-02 1.165477681127434217e-01
-7.869103361266054086e-02 1.242519794347019951e-01
-6.537802794426134101e-02 1.305831490889214352e-01
-5.161683238438007776e-02 1.355031936077218113e-01
-3.755520493685135519e-02 1.389894694409949671e-01
-2.334051538299877770e-02 1.410345805965370347e-01
-9.118200473750661880e-03 1.416460232913947792e-01
4.969707669013626039e-03 1.408456778627769912e-01
1.878596535154314004e-02 1.386691597310664159e-01
3.219940042568810584e-02 1.351650425296140878e-01
4.508608366045194216e-02 1.303939676049396534e-01
5.733037919978143521e-02 1.244276549392612230e-01
6.882586688312745948e-02 1.173478311513900946e-01
7.947613116694625390e-02 1.092450905922705967e-01
8.919541333429897856e-02 1.002177056719254361e-01
9.790912558733477766e-02 9.037040244298873148e-02
1.055542274566033667e-01 7.981311713344693692e-02
1.120794701066816501e-01 6.865974072522754157e-02
1.174454983006604086e-01 5.702688889712068110e-02
1.216248315123950596e-01 4.503269895378649718e-02
1.246017324188923026e-01 3.279564651952922294e-02
1.263719582953475029e-01 2.043341711226193819e-02
1.269424092725459918e-01 8.061835525178083148e-03
1.263306830609854658e-01 -4.206138308826572712e-03
1.245645463630549454e-01 -1.626133969652765118e-02
1.216813336208668467e-01 -2.799924996116436027e-02
1.177272839853791275e-01 -3.932076319800836134e-02
1.127568274479023025e-01 -5.013286599457855708e-02
1.068318309565439439e-01 -6.034922846009154601e-02
1.000208150588856593e-01 -6.989070620079855523e-02
9.239815118193944743e-02 -7.868575408436878638e-02
8.404324909705004898e-02 -8.667075374080789041e-02
7.503974343854528939e-02 -9.379025773545557332e-02
6.547468736964383307e-02 -9.999715420996635462e-02
5.543776063750532890e-02 -1.052527565112290342e-01
4.502049835210401169e-02 -1.095268229102305813e-01
3.431554588184156790e-02 -1.127975119501554435e-01
2.341594430329591719e-02 -1.150512792556817321e-01
1.241444989355021400e-02 -1.162827217864389751e-01
1.402890230582384519e-03 -1.164943755325979907e-01
-9.528441411631158320e-03 -1.156964725377902514e-01
-2.029135250474451910e-02 -1.139066629045096812e-01
-3.080028298528833183e-02 -1.111497006008731470e-01
-4.097278591179324969e-02 -1.074571156174330133e-01
-5.072997480626726535e-02 -1.028668693514575710e-01
-5.999694440455363709e-02 -9.742297991662839107e-02
-6.870315120047953972e-02 -9.117513940176447118e-02
-7.678276182445849252e-02 -8.417832038200787070e-02
-8.417497145604227460e-02 -7.649237368025962880e-02
-9.082429446787898542e-02 -6.818161876828569834e-02
-9.668082939006254761e-02 -5.931442761933264363e-02
-1.017005000764192313e-01 -4.996280229325223560e-02
-1.058452746575752751e-01 -4.020194606561858230e-02
-1.090833634913514205e-01 -3.010982751705624377e-02
-1.113893968825370173e-01 -1.976673668899853187e-02
-1.127445828562342878e-01 -9.254832196257722909e-03
-1.131368447476984312e-01 1.342321928277753111e-03
-1.125609378336922400e-01 1.194023089165695967e-02
-1.110185436930015562e-01 2.245395644003879768e-02
-1.085183404641789640e-01 3.279861773544865550e-02
-1.050760466838000923e-01 4.288990644235383259e-02
-1.007144359549005386e-01 5.264461625589172966e-02
-9.546331932816846944e-02 6.198118661532685952e-02
-8.935949199195879211e-02 7.082025978073726302e-02
-8.244664067375478966e-02 7.908524982061511388e-02
-7.477520806590634561e-02 8.670292137740659433e-02
-6.640221061076848064e-02 9.360397536289705167e-02
-5.739100128788172939e-02 9.972363333816977593e-02
-4.781099097837988865e-02 1.050022282393568568e-01
-3.773731046972499809e-02 1.093857927896805943e-01
-2.725040370256401334e-02 1.128266265514208250e-01
-1.643556637741117737e-02 1.152838484028331223e-01
-5.382423116773536048e-03 1.167239241119979454e-01
5.815656990777297655e-03 1.171211616906393804e-01
1.706220571540218930e-02 1.164581668658615787e-01
2.825836013363258389e-02 1.147262507837321643e-01
3.930362339804559929e-02 1.119257819678417532e-01
5.009667793350706250e-02 1.080664746083422056e-01
6.053624604945310322e-02 1.031676054600023235e-01
7.052199184286227218e-02 9.725815198636957037e-02
7.995545717341054348e-02 9.037684490323241726e-02
8.874102344262532749e-02 8.257212894739361653e-02
9.678688992451958684e-02 7.390202652244602655e-02
1.040060584976530977e-01 6.443389984496844525e-02
1.103173138384895141e-01 5.424410832259410342e-02
1.156461874728294537e-01 4.341755912718722049e-02
1.199258935639707230e-01 3.204715026663566835e-02
1.230982239591146277e-01 2.023310688975888880e-02
1.251143898332024162e-01 8.082213060584817962e-03
1.259357972731154351e-01 -4.293057211156632406e-03
1.255347443434806087e-01 -1.677550432060911575e-02
1.238950275736305784e-01 -2.924425586038858701e-02
1.210124422029277835e-01 -4.157589632048353662e-02
1.168951797220210004e-01 -5.364567106521618556e-02
1.115641010763739199e-01 -6.532875196433146625e-02
1.050528702927464864e-01 -7.650154254253964392e-02
9.740795497163977357e-02 -8.704301702573986887e-02
8.868848325383578424e-02 -9.683607629713170128e-02
7.896595336041041524e-02 -1.057689049349710975e-01
6.832379360511985078e-02 -1.137363128323645722e-01
5.685677267970590254e-02 -1.206410444389236503e-01
4.467026199110188389e-02 -1.263950384288053397e-01
3.187935385739574384e-02 -1.309206206010229967e-01
1.860784141782270001e-02 -1.341516130639039961e-01
4.987068150973422015e-03 -1.360343432505969619e-01
-8.845343105930424457e-03 -1.365285370572464074e-01
-2.274686981638502498e-02 -1.356080813866946400e-01
-3.657156443675532720e-02 -1.332616426112883945e-01
-5.017160880181049942e-02 -1.294931289276478326e-01
-6.339893133127685876e-02 -1.243219862494350930e-01
-7.610686883980238848e-02 -1.177833191529674695e-01
-8.815185360010607818e-02 -1.099278304332661355e-01
-9.939510541139157107e-02 -1.008215750199287497e-01
-1.097043077816625412e-01 -9.054552631539120044e-02
-1.189552469593872924e-01 -7.919495542255591825e-02
-1.270333924593983477e-01 -6.687862619216281002e-02
-1.338353979283955497e-01 -5.371781150883411793e-02
-1.392704987547707662e-01 -3.984514076807432748e-02
-1.432617964753650497e-01 -2.540328393398168585e-02
-1.457474028067119176e-01 -1.054348560284790876e-02
-1.466814211938452794e-01 4.576029610958712128e-03
-1.460347595310922120e-01 1.979176894056531438e-02
-1.437957568006438258e-01 3.493678033466385280e-02
-1.399706118518524167e-01 4.984253773416610911e-02
-1.345836048689601772e-01 6.434088071923046992e-02
-1.276771045776052549e-01 7.826598531203542153e-02
-1.193113568895074750e-01 9.145634183404925677e-02
-1.095640534460059073e-01 1.037567151378672170e-01
-9.852968135818307438e-02 1.150200622769940728e-01
-8.631865831601989725e-02 1.251093827519021429e-01
-7.305626011202234760e-02 1.338994768823749959e-01
-5.888135045606121554e-02 1.412785886049154338e-01
-4.394492570768765427e-02 1.471499100754048717e-01
-2.840848978037180048e-02 1.514329268619765134e-01
-1.244227694051744902e-02 1.540645842271747001e-01
3.776657504059375073e-03 1.550002570033222615e-01
2.006645659080151523e-02 1.542145078375648515e-01
3.624256735109401828e-02 1.517016210961174283e-01
5.211990742155042655e-02 1.474759024398368534e-01
6.751506614853754196e-02 1.415717369810333415e-01
8.224851288368821567e-02 1.340434019670800336e-01
9.614678468856928395e-02 1.249646330700989599e-01
1.090446240897710584e-01 1.144279484559055926e-01
1.207870446439132800e-01 1.025437309530617819e-01
1.312312919333519234e-01 8.943907910047738108e-02
1.402486724007648844e-01 7.525644389633003029e-02
1.477262302627210533e-01 6.015206050117939685e-02
1.535682476672659280e-01 4.429419396854294283e-02
1.576975471776000948e-01 2.786121917106880452e-02
1.600565779967033087e-01 1.103955747258923183e-02
1.606082699545922921e-01 -5.978505195214821148e-03
1.593366421282438883e-01 -2.299709238980907761e-02
1.562471560177891572e-01 -3.981907541706344866e-02
1.513668064218913478e-01 -5.624844674852368803e-02
1.447439464980719848e-01 -7.209269881516966461e-02
1.364478469158265095e-01 -8.716517804814226389e-02
1.265679924658525690e-01 -1.012873840866533454e-01
1.152131229308851756e-01 -1.142911845237441631e-01
1.025100284055459748e-01 -1.260209164091685707e-01
8.860211252778149582e-02 -1.363353469673405927e-01
7.364774020748229844e-02 -1.451094676034444253e-01
5.781838936508507110e-02 -1.522360972435690685e-01
4.129662888304519441e-02 -1.576272733610831478e-01
2.427394738774432681e-02 -1.612154116526032244e-01
6.948459583878955313e-03 -1.629542182096229697e-01
-1.047748137309639435e-02 -1.628193411489508302e-01
-2.779973558454209778e-02 -1.608087519758106820e-01
-4.481486106729090646e-02 -1.569428529570072728e-01
-6.132260186827751675e-02 -1.512643001705292478e-01
-7.712834421095461634e-02 -1.438375479068534080e-01
-9.204551074121170018e-02 -1.347481246242797637e-01
-1.058978633843759981e-01 -1.241016408686289874e-01
-1.185216842442027158e-01 -1.120225432111744412e-01
-1.297678062767384510e-01 -9.865262919301753808e-02
-1.395034673181686780e-01 -8.414934143714769554e-02
-1.476139632509090027e-01 -6.868386203416232405e-02
-1.540040786279296414e-01 -5.243903098320892853e-02
-1.585992759085688431e-01 -3.560711483879879652e-02
-1.613466275526153904e-01 -1.838745374347674696e-02
-1.622154785322351966e-01 -9.840166872263900449e-04
-1.611978303091941012e-01 1.639710389677455013e-02
-1.583084409410757676e-01 3.355022623224872963e-02
-1.535846396761515464e-01 5.027260959311962568e-02
-1.470858581223410400e-01 6.636694858286024123e-02
-1.388928837808715566e-01 8.164379931961178449e-02
-1.291068453695461415e-01 9.592390640020216630e-02
-1.178479428745496382e-01 1.090404007853804230e-01
-1.052539386155980500e-01 1.208408404170184247e-01
-9.147842874136077884e-02 1.311890674236578513e-01
-7.668891744772519947e-02 1.399668581663215949e-01
-6.106471879134143382e-02 1.470753450898282522e-01
-4.479471321975002363e-02 1.524361923393400542e-01
-2.807498744235350716e-02 1.559925140310098879e-01
-1.110638751162129276e-02 1.577095124174694440e-01
5.907979426781675807e-03 1.575748358320493703e-01
2.276526609474341378e-02 1.555986600584658153e-01
3.926539592993043282e-02 1.518134813563033758e-01
5.521353102578061695e-02 1.462736281902166646e-01
7.042246548488959035e-02 1.390544987116137110e-01
8.471491355806194667e-02 1.302515346270343710e-01
9.792566339964102473e-02 1.199789455241461189e-01
1.099035691153595756e-01 1.083682009677136987e-01
1.205133559861195219e-01 9.556631068024355746e-02
1.296372162890789548e-01 8.173391584480720062e-02
1.371761759709627937e-01 6.704321697431636640e-02
1.430512155183204237e-01 5.167576585016041973e-02
1.472041316727722149e-01 3.582015071643112475e-02
1.495981301104935823e-01 1.966960520199695708e-02
1.502181427964152105e-01 3.419572315052155868e-03
1.490708673854621025e-01 -1.273474469715863214e-02
1.461845297253772658e-01 -2.860081281166003409e-02
1.416083741678713925e-01 -4.399114961299016580e-02
1.354118899671849785e-01 -5.872562302246205068e-02
1.276837854890847390e-01 -7.263364103627040214e-02
1.185307252222516372e-01 -8.555620376091827017e-02
1.080758476339365171e-01 -9.734779202504051376e-02
9.645708470185869465e-02 -1.078780691732705022e-01
8.382530617586550492e-02 -1.170333802300688036e-01
7.034231250978524586e-02 -1.247180154298759835e-01
5.617870927022427380e-02 -1.308552333203304718e-01
4.151168749768402444e-02 -1.353880425665092146e-01
2.652273943290541988e-02 -1.382797192074612380e-01
1.139534085298953871e-02 -1.395140597399126270e-01
-3.687369417348814599e-03 -1.390953690698966683e-01
-1.854488246699613138e-02 -1.370481859122908430e-01
-3.300155500285466281e-02 -1.334167516960897415e-01
-4.688875909015986082e-02 -1.282642324021541491e-01
-6.004691862537157171e-02 -1.216717059743706586e-01
-7.232740700215331553e-02 -1.137369309612920321e-01
-8.359428252766074041e-02 -1.045729148231674677e-01
-9.372584054440612211e-02 -9.430630284212286607e-02
-1.026159638767945720e-01 -8.307561076856381788e-02
-1.101752561120068336e-01 -7.102932619664768799e-02
-1.163319453002651938e-01 -5.832390516280516746e-02
-1.210325488753876133e-01 -4.512169158592022056e-02
-1.242422939069997984e-01 -3.158878790348082499e-02
-1.259452901539152847e-01 -1.789290559795269839e-02
-1.261444567467918665e-01 -4.201224250603760764e-03
-1.248612066403701065e-01 9.321712689531419169e-03
-1.221348961955950330e-01 2.251603806596718174e-02
-1.180220503355812744e-01 3.522851094817782552e-02
-1.125953766248652954e-01 4.731435172819170587e-02
-1.059425847860887837e-01 5.863894556814237824e-02
-9.816502588066555735e-02 6.907937587963629278e-02
-8.937617984052327602e-02 7.852578065163497156e-02
-7.970001055352057828e-02 8.688252932668494299e-02
-6.926920961062266180e-02 9.406918950180265249e-02
-5.822335566680445634e-02 1.000212793887178403e-01
-4.670701532832399056e-02 1.046907993606495113e-01
-3.486781189963241573e-02 1.080465390267772441e-01
-2.285448837147981138e-02 1.100741593978301902e-01
-1.081499071147241399e-02 1.107760527924327304e-01
1.105403161581369840e-03 1.101709861406524882e-01
1.276588436364884532e-02 1.082935362268234725e-01
2.403182098795950822e-02 1.051933281386447372e-01
3.477635165547066087e-02 1.009340907169641310e-01
4.488184525572991301e-02 9.559254509701921310e-02
5.424120963595007588e-02 8.925714446743326924e-02
6.275903438155870651e-02 8.202668492226972141e-02
7.035255538991695701e-02 7.400880872270534927e-02
7.695243163119129537e-02 6.531842240192131666e-02
8.250332727588098602e-02 5.607605292806745745e-02
8.696429520578395633e-02 4.640616557910085677e-02
9.030896077249347953e-02 3.643546727851944278e-02
9.252550748351487386e-02 2.629121889610762375e-02
9.361646904041143191e-02 1.609957944134540395e-02
9.359833478721191202e-02 5.984004182450101267e-03
9.250097969463172420e-02 -3.936288839214508242e-03
9.036692295334340652e-02 -1.354774597449679568e-02
8.725043980442598324e-02 -2.274379173486803726e-02
8.321654126125946349e-02 -3.142602839133232934e-02
7.833983276297305787e-02 -3.950528875841892440e-02
7.270327345778869466e-02 -4.690253675702787950e-02
6.639685582212505321e-02 -5.354960691902075492e-02
5.951622602775076543e-02 -5.938977649475929432e-02
5.216126586380649688e-02 -6.437816636716586771e-02
4.443465710256090662e-02 -6.848196952384477676e-02
3.644044897142758449e-02 -7.168050835435386958e-02
2.828264886774228479e-02 -7.396512448586227417e-02
2.006385564018422010e-02 -7.533890721183167383e-02
1.188395367873476723e-02 -7.581626877173795742e-02
3.838884724769656490e-03 -7.542237677452506839e-02
-3.980487241212796699e-03 -7.419245589683400033e-02
-1.148940442708213175e-02 -7.217097260484080234e-02
-1.861012528113967918e-02 -6.941071802525639045e-02
-2.527270652855063970e-02 -6.597180521021991928e-02
-3.141564970255261019e-02 -6.192059789017454602e-02
-3.698640689688816735e-02 -5.732858838041959143e-02
-4.194174271213827604e-02 -5.227124259737225831e-02
-4.624795160992115073e-02 -4.682683015051725128e-02
-4.988093209076939483e-02 -4.107525721079453157e-02
-5.282612124054263808e-02 -3.509691932519815039e-02
-5.507829791052661073e-02 -2.897158435114070146e-02
-5.664125091875080176e-02 -2.277733846719717098e-02
-5.752733411792154694e-02 -1.658960039954896978e-02
-5.775692045466829239e-02 -1.048020125448133333e-02
-5.735775737345532449e-02 -4.516559424900578983e-03
-5.636424080674636017e-02 1.239045477593707237e-03
-5.481662181655148208e-02 6.730092100395536521e-03
-5.276016058818645826e-02 1.190632457852978769e-02
-5.024424286249923322e-02 1.672414380436023501e-02
-4.732147402684001858e-02 2.114688098834648089e-02
-4.404676597057651660e-02 2.514495369983031636e-02
-4.047643145485694399e-02 2.869590646402868719e-02
-3.666730015928792996e-02 3.178433979723171293e-02
-3.267586976445009672e-02 3.440173325886332345e-02
-2.855750442625937247e-02 3.654616966097553460e-02
-2.436569181661622438e-02 3.822196897999785570e-02
-2.015136856764604412e-02 3.943924174215350520e-02
-1.596232248940000070e-02 4.021337268610807036e-02
-1.184267836019525441e-02 4.056444633086424972e-02
-7.832472443148105062e-03 4.051662668400598383e-02
-3.967319190977093048e-03 4.009750370925724977e-02
-2.781718932479681767e-04 3.933741933088283349e-02
3.208822674872936244e-03 3.826878568742472786e-02
6.472377197023102338e-03 3.692540806408499410e-02
9.496027532763214388e-03 3.534182444075317092e-02
1.226801540682975061e-02 3.355266731015205811e-02
1.478108279889463195e-02 3.159207348838775908e-02
1.703219887350243544e-02 2.949314440544053770e-02
1.902223140742552790e-02 2.728745052222039669e-02
2.075555984124617323e-02 2.500460299792792856e-02
2.223964463346789211e-02 2.267189344337749990e-02
2.348456337799084692e-02 2.031400579358592917e-02
2.450252445686225411e-02 1.795280283722011302e-02
2.530736910680515817e-02 1.560718843089718699e-02
2.591407268155039578e-02 1.329304492994150960e-02
2.633825559735715818e-02 1.102324391056326396e-02
2.659571396461429815e-02 8.807726867081129216e-03
2.670197924562357772e-02 6.653651265859194044e-03
2.667191545209618431e-02 4.565596147311406887e-03
2.651936142279562314e-02 2.545820408732740216e-03
2.625682462181180843e-02 5.945659913452945068e-04
2.589523169282917370e-02 -1.289602550493709364e-03
2.544373971778834606e-02 -3.109431189794757341e-03
2.490961078414081695e-02 -4.868591754781350506e-03
2.429815108885153771e-02 -6.571289118285493502e-03
2.361271442514420102e-02 -8.221869928622296819e-03
2.285476853536064223e-02 -9.824442378466673870e-03
2.202402149531781927e-02 -1.138251614079437840e-02
2.111860404634066657e-02 -1.289867105779375633e-02
2.013530263348772484e-02 -1.437426246124380927e-02
1.906983293726463233e-02 -1.580916539497906337e-02
1.791716083400857890e-02 -1.720157639219791271e-02
1.667184942696474728e-02 -1.854787295317085125e-02
1.532841855637231271e-02 -1.984252149922942354e-02
1.388172090222680212e-02 -2.107804984067834092e-02
1.232732049972212057e-02 -2.224508156801988101e-02
1.066186434649104252e-02 -2.333243218455714058e-02
8.883437896417548801e-03 -2.432726547026257263e-02
6.991895532760407546e-03 -2.521530726757516619e-02
4.989157587927672832e-03 -2.598111263386372605e-02
2.879466119622464508e-03 -2.660838113602484109e-02
6.695924513666607313e-04 -2.708031399204774078e-02
-1.631009575107765985e-03 -2.738000581257004837e-02
-4.010109624678195005e-03 -2.749086288050396620e-02
-6.452669992052129100e-03 -2.739703924436733343e-02
-8.940880393678640042e-03 -2.708388140387456636e-02
-1.145425968766517616e-02 -2.653837204453824566e-02
-1.396982443402772917e-02 -2.574956313831280527e-02
-1.646232284942624954e-02 -2.470898877321532627e-02
-1.890453136625249234e-02 -2.341104830662193992e-02
-2.126760970046268420e-02 -2.185335085142136105e-02
-2.352150909020585268e-02 -2.003701269500382173e-02
-2.563542721138260816e-02 -1.796690000861078315e-02
-2.757830222866072475e-02 -1.565181011625200319e-02
-2.931933752123203063e-02 -1.310458564279034892e-02
-3.082854396681300457e-02 -1.034216096992866818e-02
-3.207730358649831665e-02 -7.385527576826119225e-03
-3.303893185864815313e-02 -4.259619628499913650e-03
-3.368922271876041707e-02 -9.931305002055777504e-04
-3.400697842915174907e-02 2.381749915079376702e-03
-3.397450915031224872e-02 5.829671766294928364e-03
-3.357809207323902978e-02 9.312531862124514767e-03
-3.280838048463306789e-02 1.278994516827398724e-02
-3.166075383159758228e-02 1.621977470760856480e-02
-3.013560071911702831e-02 1.955871218450638827e-02
-2.823852779874234248e-02 2.276290057095291253e-02
-2.598048867431078726e-02 2.578858894681971409e-02
-2.337782824130628725e-02 2.859280909874317364e-02
-2.045223926942533674e-02 3.113406276675415724e-02
-1.723062950992318432e-02 3.337300799820457770e-02
-1.374489913562080418e-02 3.527313283437192443e-02
-1.003162987615285884e-02 3.680140452287235936e-02
-6.131688767526130915e-03 3.792888262176106334e-02
-2.089750966395074235e-03 3.863128473853250089e-02
2.046252441098386689e-03 3.888949422524004551e-02
6.225754304662464537e-03 3.868999992219966655e-02
1.039623031977378494e-02 3.802525899643485058e-02
1.450392718084148741e-02 3.689397504317296073e-02
1.849462915277950634e-02 3.530128489230568989e-02
2.231445138021442148e-02 3.325884896701388621e-02
2.591064406693545374e-02 3.078484490153822473e-02
2.923240697834240259e-02 2.790385382761621097e-02
3.223169012759247165e-02 2.464664144648501948e-02
3.486396247690756039e-02 2.104984486342868777e-02
3.708894719484858576e-02 1.715555880419953813e-02
3.887130667814472224e-02 1.301082835398824182e-02
4.018126536393111514e-02 8.667054516464304040e-03
4.099515917040868346e-02 4.179320427340585918e-03
4.129590141303021017e-02 -3.943525132556954804e-04
4.107335623499436955e-02 -4.993808027722591338e-03
4.032461194756063044e-02 -9.557606163161345286e-03
3.905414817702859698e-02 -1.402390963879962538e-02
3.727389233809593611e-02 -1.833139189716241277e-02
3.500316267237319617e-02 -2.242015285550247317e-02
3.226849687894289137e-02 -2.623262801334223793e-02
2.910336719238906800e-02 -2.971447646093152220e-02
2.554778460311433325e-02 -3.281543345654205912e-02
2.164779673498726242e-02 -3.549011359856030223e-02
1.745488566636724942e-02 -3.769875120822023529e-02
1.302527367280884030e-02 -3.940786535362492127e-02
8.419146454683848479e-03 -4.059083797473490851e-02
3.699804863492658566e-03 -4.122839479793058426e-02
-1.067242568372523239e-03 -4.130898013988568152e-02
-5.815232881026907719e-03 -4.082901827294815877e-02
-1.047713340409048462e-02 -3.979305573428970622e-02
-1.498663994050770248e-02 -3.821378384332452943e-02
-1.927918352917484812e-02 -3.611193161914203614e-02
-2.329292039565646066e-02 -3.351603166457511884e-02
-2.696968538054445724e-02 -3.046206979796128519e-02
-3.025590334473686471e-02 -2.699301379409183715e-02
-3.310344011190636399e-02 -2.315822948023755004e-02
-3.547037892790035757e-02 -1.901279198960043743e-02
-3.732170943126289497e-02 -1.461670172629802623e-02
-3.862991736266639664e-02 -1.003401621483857031e-02
-3.937546467626770047e-02 -5.331910465611464783e-03
-3.954715133191583076e-02 -5.796797611237755957e-04
-3.914235181969229899e-02 4.152300166778664058e-03
-3.816712137067578697e-02 8.793639759848063606e-03
-3.663616881093375438e-02 1.327501265167422423e-02
-3.457269508855194406e-02 1.752922633497953214e-02
-3.200809861358711733e-02 2.149226965295944480e-02
-2.898155066481215847e-02 2.510432047739004705e-02
-2.553944620133891119e-02 2.831069739007656752e-02
-2.173473743811429187e-02 3.106273989958226525e-02
-1.762615946907495831e-02 3.331860269321836043e-02
-1.327735901880402851e-02 3.504395063202401378e-02
-8.755939043021077062e-03 3.621254262698869048e-02
-4.132433352595012675e-03 3.680669416746653461e-02
5.207733199001239512e-04 3.681761008358515330e-02
5.130563379539795736e-03 3.624558108637242898e-02
9.624222889774561307e-03 3.510004279563479906e-02
1.393058787192423542e-02 3.339948685335588502e-02
1.798117374361129714e-02 3.117122723990906064e-02
2.171126708393924035e-02 2.845103254340717452e-02
2.506097047638412151e-02 2.528261984008810595e-02
2.797618040146815019e-02 2.171701931927048912e-02
3.040948217958842209e-02 1.781181845112058196e-02
3.232094711819202132e-02 1.363029647594811433e-02
3.367881841628172362e-02 9.240461822848664367e-03
3.446007400311593138e-02 4.714006712997608622e-03
3.465085631332143201e-02 1.251946411310171940e-04
3.424676100046945837e-02 -4.450302366861319699e-03
3.325297873550828870e-02 -8.936598872817450717e-03
3.168428649275802783e-02 -1.325880499690386405e-02
2.956488705991787425e-02 -1.734423032306118759e-02
2.692809788366315113e-02 -2.112356372422294348e-02
2.381589274187809191e-02 -2.453201029209770012e-02
2.027830208000494516e-02 -2.751036705368291660e-02
1.637268012521167840e-02 -3.000601994636834663e-02
1.216284906172785535e-02 -3.197384559562996276e-02
7.718132578756350080e-03 -3.337700277954282896e-02
3.112292955763912468e-03 -3.418760005392790235e-02
-1.577612501864934531e-03 -3.438722782812174417e-02
-6.272438448481069961e-03 -3.396734519761418492e-02
-1.089220351849600615e-02 -3.292951402626462243e-02
-1.535736603750974261e-02 -3.128547844440025122e-02
-1.959011149693052831e-02 -2.905707783385959656e-02
-2.351562342839723721e-02 -2.627599705470569369e-02
-2.706331560975310316e-02 -2.298336497427420910e-02
-3.016801297874343105e-02 -1.922919629175036393e-02
-3.277105934343909482e-02 -1.507168665198150952e-02
-3.482133374769780243e-02 -1.057637062449571022e-02
-3.627615860209314896e-02 -5.815154358989081847e-03
-3.710208421745309071e-02 -8.652367999885356153e-04
-3.727553615797862124e-02 4.192064782627476401e-03
-3.678331383829284290e-02 9.272567544878857967e-03
-3.562293099439546584e-02 1.429053530946022138e-02
-3.380279102975489169e-02 1.916003039345406597e-02
-3.134219273919525844e-02 2.379628430917237608e-02
-2.827116450709933615e-02 2.811706612729854282e-02
-2.463012772330900116e-02 3.204402711899052847e-02
-2.046939281935800797e-02 3.550400045098683205e-02
-1.584849395824220256e-02 3.843023519529813886e-02
-1.083537097187943499e-02 4.076354472795325201e-02
-5.505409591569941641e-03 4.245335071959994988e-02
5.964668064566423154e-05 4.345860534969786526e-02
5.772897594598119797e-03 4.374857608596893765e-02
1.154358270570102554e-02 4.330347933758979528e-02
1.727845444969658070e-02 4.211495148610183009e-02
2.288320735913637258e-02 4.018634819020642374e-02
2.826394009221906700e-02 3.753286918520315485e-02
3.332863559276529053e-02 3.418149417727521511e-02
3.798862849395805152e-02 3.017073377163384182e-02
4.216003578217393521e-02 2.555020671036464797e-02
4.576513497450897944e-02 2.038003681949945856e-02
4.873366532206852703e-02 1.473008014775817331e-02
5.100403122286135960e-02 8.678992215205749011e-03
5.252438831529241542e-02 2.313147831891156862e-03
5.325359431980441344e-02 -4.274571679576662751e-03
5.316200858016165848e-02 -1.098610685514481503e-02
5.223212640067366463e-02 -1.771964512347052115e-02
5.045903665063479482e-02 -2.437112191556365867e-02
4.785069367798580608e-02 -3.083577590412766092e-02
4.442799730303363670e-02 -3.700973539017663599e-02
4.022467750970122602e-02 -4.279161215764886589e-02
3.528698337387867895e-02 -4.808407877275000519e-02
2.967317872221982011e-02 -5.279540532150435450e-02
2.345284995562381056e-02 -5.684093195885214084e-02
1.670603435503188391e-02 -6.014445438250010101e-02
9.522179969010460820e-03 -6.263950043601580753e-02
1.998950820106884952e-03 -6.427047747438625891e-02
-5.759106380718216449e-03 -6.499367187225893461e-02
-1.364201559344048811e-02 -6.477808409622021202e-02
-2.153592449376126594e-02 -6.360608506904140425e-02
-2.932473513490634412e-02 -6.147388209294412514e-02
-3.689178687270011636e-02 -5.839178958343041459e-02
-4.412157493542040454e-02 -5.438428654664415052e-02
-5.090147066222732580e-02 -4.948986365716604580e-02
-5.712341689088909491e-02 -4.376067052664404239e-02
-6.268558006110595826e-02 -3.726195370368248078e-02
-6.749393130985968658e-02 -3.007129524448245647e-02
-7.146373252336510329e-02 -2.227766100845161856e-02
-7.452090450668187593e-02 -1.398027072583599845e-02
-7.660325597626464755e-02 -5.287304619508482323e-03
-7.766155395175868004e-02 3.685536101358147243e-03
-7.766041829528452789e-02 1.281659526085395830e-02
-7.657902558879095545e-02 2.197993261114958297e-02
-7.441161021804160169e-02 3.104707624717653602e-02
-7.116775340702465036e-02 3.988883180133684370e-02
-6.687245397748495246e-02 4.837712264934956180e-02
-6.156597775082268964e-02 5.638683470184611274e-02
-5.530348571786211642e-02 6.379763908416145879e-02
-4.815444432885776505e-02 7.049576612499604267e-02
-4.020182445398928078e-02 7.637570458352171965e-02
-3.154109868614247969e-02 8.134180093855275517e-02
-2.227904965657447403e-02 8.530973483133466595e-02
-1.253240486532368816e-02 8.820784837845981052e-02
-2.426316149496089095e-03 8.997830903116409151e-02
7.907295715684837731e-03 9.057808792453549140e-02
1.833150870191866885e-02 8.997973820306018333e-02
2.870625294857426235e-02 8.817196527917646465e-02
3.889023300854867887e-02 8.515996610088297225e-02
4.874288221035472102e-02 8.096553735862239976e-02
5.812632021367553081e-02 7.562696097827760477e-02
6.690729382285441618e-02 6.919865306553989182e-02
7.495907018018078960e-02 6.175058364764855062e-02
8.216325520588095566e-02 5.336747379773237876e-02
8.841151106870107079e-02 4.414777994462414090e-02
9.360714776996542641e-02 3.420247826102236488e-02
9.766656558728237236e-02 2.365366493985770688e-02
1.005205271285746771e-01 1.263299086975881724e-02
1.021152400647246800e-01 1.279951665740132818e-03
1.024132342070404600e-01 -1.025994383552268630e-02
1.013940194370356873e-01 -2.183710167720017206e-02
9.905451404009323058e-02 -3.329984106398866522e-02
9.540923619783525655e-02 -4.449643530281064546e-02
9.049025471048420532e-02 -5.527716716707303801e-02
8.434689840244719017e-02 -6.549637013602759017e-02
7.704522706308564173e-02 -7.501442705433550295e-02
6.866727014113026273e-02 -8.369969825636630611e-02
5.931004269690087066e-02 -9.143035209845691569e-02
4.908435127395826408e-02 -9.809607212789225872e-02
3.811340533547452614e-02 -1.035996167716787958e-01
2.653125267738205839e-02 -1.078582094278385944e-01
1.448105974031759814e-02 -1.108047391585015168e-01
2.113262647307049408e-03 -1.123887597766245333e-01
-1.041639648010429277e-02 -1.125772590811388724e-01
-2.294891016719869878e-02 -1.113551935634634199e-01
-3.532409321554953047e-02 -1.087257931531434574e-01
-4.738269820290538781e-02 -1.047106166533709887e-01
-5.896852620886144231e-02 -9.934936076111999803e-02
-6.993050392107524882e-02 -9.269942473664645466e-02
-8.012469871685101719e-02 -8.483523617668790873e-02
-8.941624415441462581e-02 -7.584734665791528774e-02
-9.768114953471181139e-02 -6.584130920486938598e-02
-1.048079687900957818e-01 -5.493635255449422217e-02
-1.106993058975906941e-01 -4.326386999474227113e-02
-1.152731362732813541e-01 -3.096574310800244423e-02
-1.184639261480782690e-01 -1.819252301545446968e-02
-1.202235347168837259e-01 -5.101493664263401576e-03
-1.205218868527892506e-01 8.145356701071462466e-03
-1.193474073422780973e-01 2.138342851074821055e-02
-1.167072108811400555e-01 3.444764006617320046e-02
-1.126270454270064114e-01 4.717456429117963812e-02
-1.071509898852961995e-01 5.940454431801842072e-02
-1.003409104629527510e-01 7.098375953806636274e-02
-9.227568331120941658e-02 8.176621449071364012e-02
-8.305019424852114196e-02 9.161562408899803778e-02
-7.277412936339903993e-02 1.004071701697917540e-01
-6.157057310234741870e-02 1.080291061870916336e-01
-4.957443633781652426e-02 1.143841940900004739e-01
-3.693072341079747106e-02 1.193909409012985368e-01
-2.379267415804601007e-02 1.229846251470910617e-01
-1.031980951703693333e-02 1.251181133407487933e-01
3.324104274000288638e-03 1.257624418067954108e-01
1.697314119082371162e-02 1.249071611985054092e-01
3.046132283468623581e-02 1.225604401164628321e-01
4.362471977384932420e-02 1.187489275102359410e-01
5.630351908630796404e-02 1.135173768042446185e-01
6.834403099359970257e-02 1.069280378860775760e-01
7.960060846351879604e-02 9.905982618641775983e-02
8.993745500017970296e-02 9.000728102170192646e-02
9.923029751160433731e-02 7.987932812344977762e-02
1.073679031217252278e-01 6.879786380467922680e-02
1.142534210451337934e-01 5.689618048032177300e-02
1.198055331350531827e-01 4.431725523546413414e-02
1.239593994107887759e-01 3.121192479737437686e-02
1.266673877305945772e-01 1.773697159413736846e-02
1.278995797577975047e-01 4.053146558874743018e-03
1.276440484291193889e-01 -9.676845046344501045e-03
1.259069052306572012e-01 -2.329036826368962795e-02
1.227121186751244375e-01 -3.662686712325199240e-02
1.181011084104797715e-01 -4.952983144742542643e-02
1.121321223329505429e-01 -6.184869667252657077e-02
1.048794068864581652e-01 -7.344065274454020242e-02
9.643218739029782438e-02 -8.417234450242971899e-02
8.689345914684443173e-02 -9.392142987795555620e-02
7.637862053341808177e-02 -1.025779821251087687e-01
6.501397255031417244e-02 -1.100457329835357323e-01
5.293509240963890916e-02 -1.162431288437900112e-01
4.028510853898936706e-02 -1.211041923884324245e-01
2.721290033396874322e-02 -1.245791810633248842e-01
1.387124666638431085e-02 -1.266350365369921516e-01
4.149474908394872020e-04 -1.272556221479849148e-01
-1.300105710838132290e-02 -1.264417481802717624e-01
-2.622354642054938387e-02 -1.242109876049467126e-01
-3.910283380619947180e-02 -1.205972876443230091e-01
-5.149451419482442560e-02 -1.156503851148715234e-01
-6.326112323786430014e-02 -1.094350359538501238e-01
-7.427368848825445513e-02 -1.020300715989669177e-01
-8.441315473390505197e-02 -9.352729694235951963e-02
-9.357166757973690852e-02 -8.403024639446418642e-02
-1.016537015197029464e-01 -7.365281614876803551e-02
-1.085770210329248392e-01 -6.251779201790824692e-02
-1.142734656415219513e-01 -5.075529320236588093e-02
-1.186895523457533880e-01 -3.850115304678478761e-02
-1.217868913681961485e-01 -2.589525823194676127e-02
-1.235424136564561848e-01 -1.307986794332616221e-02
-1.239484110776758047e-01 -1.979343549732791568e-04
-1.230123926533535639e-01 1.260855472047245698e-02
-1.207567671534508363e-01 2.520019530121875295e-02
-1.172183436933023765e-01 3.744171861915459448e-02
-1.124476746516282905e-01 4.920345972264490025e-02
-1.065082594085301759e-01 6.036273966025729187e-02
-9.947560700441249182e-02 7.080513425932329075e-02
-9.143617800829810516e-02 8.042561979983195442e-02
-8.248622149983154961e-02 8.912958460906261760e-02
-7.273052398736755408e-02 9.683369763004655295e-02
-6.228108774699737948e-02 1.034666271090770168e-01
-5.125575647173898075e-02 1.089696046721440742e-01
-3.977680626792479135e-02 1.132968321857517058e-01
-2.796951993241775236e-02 1.164157308933229801e-01
-1.596076209869297033e-02 1.183070343547945741e-01
-3.877572264509023328e-03 1.189647286662706416e-01
8.154208075550164678e-03 1.183958452730508593e-01
2.001125895447183195e-02 1.166201133897278724e-01
3.157404203575861490e-02 1.136694805849420287e-01
4.272798452803960867e-02 1.095875114583366172e-01
5.336457558300185255e-02 1.044286755190895061e-01
6.338236538798350250e-02 9.825753635829399812e-02
7.268785877873414070e-02 9.114785498404442965e-02
8.119629685950680020e-02 8.318162075450069581e-02
8.883232179996876365e-02 7.444802370007061465e-02
9.553052165514541727e-02 6.504238217411009715e-02
1.012358537004447029e-01 5.506503971840285422e-02
1.059039514533915843e-01 4.462024120337310801e-02
1.095012998288957262e-01 3.381500996629833306e-02
1.120052958184406811e-01 2.275803755395120614e-02
1.134042072964317749e-01 1.155858659381190333e-02
1.136970190682414228e-01 3.254275652707697402e-04
1.128931784688975565e-01 -1.083418282884319669e-02
1.110122479046043165e-01 -2.181547272642417323e-02
1.080834724490349896e-01 -3.251706777709009039e-02
1.041452711644312717e-01 -4.284183877123223794e-02
9.924466121345890124e-02 -5.269767878134078848e-02
9.343662406387648334e-02 -6.199820557434074925e-02
8.678342316951070945e-02 -7.066338623910649319e-02
7.935388244550418968e-02 -7.862008212033069765e-02
7.122263465342396072e-02 -8.580251324072496466e-02
6.246934848474264973e-02 -9.215264241217854813e-02
5.317794269344594538e-02 -9.762048016910358783e-02
4.343579509558877227e-02 -1.021643124921783052e-01
3.333295364215035222e-02 -1.057508540188882296e-01
2.296135609898339661e-02 -1.083553300520437301e-01
1.241406415187451193e-02 -1.099614911748123397e-01
1.784517013683276955e-03 -1.105615646592802287e-01
-8.834191138129573670e-03 -1.101561471162889189e-01
-1.935000630452957462e-02 -1.087540429808890041e-01
-2.967257951326783549e-02 -1.063720534661039968e-01
-3.971389917096990185e-02 -1.030347205558597851e-01
-4.938889452001045399e-02 -9.877402787027503295e-02
-5.861599220384886011e-02 -9.362906802364640013e-02
-6.731763876413156267e-02 -8.764568145111667485e-02
-7.542079814709821972e-02 -8.087606093283550290e-02
-8.285740794565182865e-02 -7.337833167569771109e-02
-8.956480042559927801e-02 -6.521610836667662836e-02
-9.548608885727589979e-02 -5.645803153832133076e-02
-1.005705197202988038e-01 -4.717728518531227183e-02
-1.047737913126961101e-01 -3.745109719285146660e-02
-1.080583391825993139e-01 -2.736022379660493775e-02
-1.103935886194780808e-01 -1.698841900219566145e-02
-1.117561742027463056e-01 -6.421889660644089851e-03
-1.121301261201885779e-01 4.251263266279469745e-03
-1.115070226500717993e-01 1.494161680297722422e-02
-1.098861078629646271e-01 2.555901097629350791e-02
-1.072743732567884578e-01 3.601314622903794421e-02
-1.036866017064360934e-01 4.621419254499346818e-02
-9.914537180230546809e-02 5.607340935331472931e-02
-9.368102038488224093e-02 6.550377495543110995e-02
-8.733156086891799563e-02 7.442062382077378746e-02
-8.014255480361841266e-02 8.274228963737600973e-02
-7.216693404611142226e-02 9.039075149020467381e-02
-6.346477094421854037e-02 9.729227998631988228e-02
-5.410299403922061434e-02 1.033780795654812013e-01
-4.415504701587829456e-02 1.085849226427559322e-01
-3.370048411017575324e-02 1.128557690923436135e-01
-2.282451589056795627e-02 1.161403680091923213e-01
-1.161749299068341214e-02 1.183958384378712980e-01
-1.743181848589923108e-04 1.195872157160379479e-01
1.140619764803972071e-02 1.196879601363498441e-01
2.302203955785830924e-02 1.186804202984668849e-01
3.456875045236842969e-02 1.165562437155689413e-01
4.594024786289079704e-02 1.133167271451104158e-01
5.702969148106275254e-02 1.089730991458110199e-01
6.773039636569515298e-02 1.035467275314751606e-01
7.793678567136697044e-02 9.706924470414679540e-02
8.754537571136515595e-02 8.958258430881423096e-02
9.645578515737229797e-02 8.113892326113603115e-02
1.045717592180110955e-01 7.180052395741838567e-02
1.118021987490967900e-01 6.163947237833272697e-02
1.180621834510094947e-01 5.073730883770302680e-02
1.232739776230854373e-01 3.918454929530636871e-02
1.273680063902885851e-01 2.708009643536845104e-02
1.302837899111220776e-01 1.453054109497675661e-02
1.319708228333719424e-01 1.649356091120677452e-03
1.323893861991777554e-01 -1.144401397855510788e-02
1.315112791239479162e-01 -2.462516181998559289e-02
1.293204578928327242e-01 -3.776581868829910482e-02
1.258135706387915331e-01 -5.073503949777780075e-02
1.210003764895346834e-01 -6.340046196048597371e-02
1.149040349556651325e-01 -7.562962774867593163e-02
1.075612690966069040e-01 -8.729135319347712529e-02
9.902238588398606933e-02 -9.825713898968638227e-02
8.935113931258137354e-02 -1.084025993843248659e-01
7.862444415759198280e-02 -1.176088959238000275e-01
6.693193342397373014e-02 -1.257641591269248182e-01
5.437535855700790371e-02 -1.327648806115698521e-01
4.106783348856603288e-02 -1.385172578386714703e-01
2.713292566901572347e-02 -1.429384735094994252e-01
1.270359935185070427e-02 -1.459578917716720103e-01
-2.078981473207424345e-03 -1.475181537640365137e-01
-1.706678099399561513e-02 -1.475761556641072558e-01
-3.210633877481675058e-02 -1.461038932942850255e-01
-4.704032270557530204e-02 -1.430891584905982783e-01
-6.170917230907463358e-02 -1.385360738321567697e-01
-7.595281530429180694e-02 -1.324654539588013824e-01
-8.961243879021832393e-02 -1.249149835525841801e-01
-1.025322950865241306e-01 -1.159392041059076894e-01
-1.145615211695741043e-01 -1.056093038220215496e-01
-1.255559497981939276e-01 -9.401270736540545681e-02
-1.353798898527990013e-01 -8.125246467072765044e-02
-1.439078531303086550e-01 -6.744644059732907149e-02
-1.510262048580628402e-01 -5.272630984715675345e-02
-1.566347155209060205e-01 -3.723636421169081862e-02
-1.606479922405334992e-01 -2.113214184047762512e-02
-1.629967660190574374e-01 -4.578891036131268848e-03
-1.636290242019991237e-01 1.225011609214997355e-02
-1.625109641686465212e-01 2.917540597908329161e-02
-1.596277461137082243e-01 4.601324013193604928e-02
-1.549840398030460642e-01 6.257764468807731906e-02
-1.486043507585770584e-01 7.868251049623686821e-02
-1.405331167807342962e-01 9.414373932725733640e-02
-1.308345684668107134e-01 1.087814106536684200e-01
-1.195923502820137180e-01 1.224219425871738570e-01
-1.069089017500286370e-01 1.349002200479076929e-01
-9.290460141188251753e-02 1.460616630733841403e-01
-7.771667931467697576e-02 1.557642083680339240e-01
-6.149790689287135126e-02 1.638801777507179480e-01
-4.441507615113737123e-02 1.702980080772263927e-01
-2.664728300625035518e-02 1.749238184918837924e-01
-8.384032453552261316e-03 1.776827924861482388e-01
1.017681415001872244e-02 1.785203541966402796e-01
2.883122698887612481e-02 1.774031206395041416e-01
4.737130603269851248e-02 1.743196141267996102e-01
6.558766292055205616e-02 1.692807219137270336e-01
8.327185825081381831e-02 1.623198931488143704e-01
1.002188648571643581e-01 1.534930664050604965e-01
1.162295268357268763e-01 1.428783244176048961e-01
1.311129836602382137e-01 1.305752760993305894e-01
1.446890286926702240e-01 1.167041694044988892e-01
1.567903701630332935e-01 1.014047424943504971e-01
1.672647701728962599e-01 8.483482332965328054e-02
1.759770296743357332e-01 6.716869046404622123e-02
1.828107895006696737e-01 4.859521413486590780e-02
1.876701276360349391e-01 2.931579709779573439e-02
1.904809285191555457e-01 9.542138236675308180e-03
1.911920044740670344e-01 -1.050615544833334927e-02
1.897759522810655297e-01 -3.060408061118061185e-02
1.862297310803670558e-01 -5.052384330459476491e-02
1.805749511990226430e-01 -7.003752736161943104e-02
1.728578670652073657e-01 -8.891979291704880939e-02
1.631490710768985775e-01 -1.069505718253888765e-01
1.515428890757741787e-01 -1.239177264131488682e-01
1.381564818918899762e-01 -1.396196381206630810e-01
1.231286612194287394e-01 -1.538676931449828589e-01
1.066184318074660520e-01 -1.664886331873248193e-01
8.880327555173764265e-02 -1.773267408268244527e-01
6.987719650450120723e-02 -1.862458308717194755e-01
5.004854903240735231e-02 -1.931310212585810315e-01
2.953767430205234829e-02 -1.978902596533534952e-01
8.574372918115817990e-03 -2.004555848230781534e-01
-1.260475615790936088e-02 -2.007841050578658693e-01
-3.375907835265231499e-02 -1.988586793882675119e-01
-5.464675430965226788e-02 -1.946882910192073157e-01
-7.502760412475689700e-02 -1.883081062405058126e-01
-9.466596911893815358e-02 -1.797792171565361918e-01
-1.133335378223594425e-01 -1.691880662689537462e-01
-1.308120983890125044e-01 -1.566455597560837409e-01
-1.468961826286685202e-01 -1.422858814761167601e-01
-1.613955702009826909e-01 -1.262650174822711746e-01
-1.741376204192494892e-01 -1.087590088391056781e-01
-1.849694019410169921e-01 -8.996195308581099448e-02
-1.937595930497018060e-01 -7.008377796887278743e-02
-2.004001280219102898e-01 -4.934781405047714009e-02
-2.048075681937676085e-01 -2.798819544982415058e-02
-2.069241797459556720e-01 -6.247120255909087427e-03
-2.067187038771869101e-01 1.562799596895904017e-02
-2.041868088818934168e-01 3.738743872156764791e-02
-1.993512176396594615e-01 5.878214924566473043e-02
-1.922615081089542877e-01 7.956667894888598547e-02
-1.829935885422551700e-01 9.950210704569979747e-02
-1.716488532493481989e-01 1.183588853176925221e-01
-1.583530287762270339e-01 1.359195747433543100e-01
-1.432547242852414970e-01 1.519814400659402209e-01
-1.265237036662507641e-01 1.663588701229702649e-01
-1.083489004291090102e-01 1.788855939315694143e-01
-8.893619967851230934e-02 1.894166650816146991e-01
-6.850601441029940952e-02 1.978301898998875152e-01
-4.729068595520632967e-02 2.040287780746599666e-01
-2.553174059808434662e-02 2.079406979287503621e-01
-3.477036190062540114e-03 2.095207245891565762e-01
1.862216721797971611e-02 2.087506637852187819e-01
4.051417374882854833e-02 2.056395496834355352e-01
6.194982034416247896e-02 2.002235197499278030e-01
8.268541176236376966e-02 1.925653615806984797e-01
1.024855854228217122e-01 1.827537401042368115e-01
1.211260710977044852e-01 1.709021152898771989e-01
1.383963118601050091e-01 1.571473643471628101e-01
1.541019145311797178e-01 1.416481260622922678e-01
1.680669001029068688e-01 1.245828883403148901e-01
1.801357272166087820e-01 1.061478431621881990e-01
1.901750647148129636e-01 8.655453598424546480e-02
1.980752925154937449e-01 6.602733906862530422e-02
2.037517135396259005e-01 4.480078030632054370e-02
2.071454631085594689e-01 2.311676075454630400e-02
2.082241060677491873e-01 1.221695337656339376e-03
2.069819158368738643e-01 -2.063638805772493798e-02
2.034398335812967751e-01 -4.221075553494357813e-02
1.976451096937160978e-01 -6.325884475590230760e-02
1.896706337156585098e-01 -8.354507827284805843e-02
1.796139626651787891e-01 -1.028435787880134095e-01
1.675960614205048438e-01 -1.209407539470486181e-01
1.537597722925876376e-01 -1.376377201150776053e-01
1.382680341587541883e-01 -1.527525368016028062e-01
1.213018744847468161e-01 -1.661222259604913654e-01
1.030582003967296656e-01 -1.776045569034226113e-01
8.374741469841680275e-02 -1.870795661039896252e-01
6.359089181929797330e-02 -1.944508023333111901e-01
4.281834308581326798e-02 -1.996462922971043996e-01
2.166510260251935938e-02 -2.026192064701850259e-01
3.693681840259325317e-04 -2.033482231499853521e-01
-2.083056901951006387e-02 -2.018375890307575471e-01
-4.169907275281171249e-02 -1.981168783591700233e-01
-6.200585490429755264e-02 -1.922404564249167169e-01
-8.152858195680104392e-02 -1.842866567196131955e-01
-1.000553642348520900e-01 -1.743566845185400005e-01
-1.173870993214515268e-01 -1.625732628602843954e-01
-1.333396431351365485e-01 -1.490790398797965377e-01
-1.477457845838848483e-01 -1.340347791552416179e-01
-1.604570024106616033e-01 -1.176173571268655516e-01
-1.713449857775875274e-01 -1.000175937099648388e-01
-1.803029032606961179e-01 -8.143794393188720504e-02
-1.872464082019316967e-01 -6.209007975765806070e-02
-1.921143717449430577e-01 -4.219239221849567512e-02
-1.948693383211020091e-01 -2.196744451558485176e-02
-1.954977018066871020e-01 -1.639406936733101396e-03
-1.940096039964992469e-01 1.856849580003478925e-02
-1.904385603896125434e-01 3.843649476522503772e-02
-1.848408215174732749e-01 5.775071555734520579e-02
-1.772944811233920781e-01 7.630551783768635410e-02
-1.678983464950292714e-01 9.390571420515862744e-02
-1.567705822587978359e-01 1.103686307656617932e-01
-1.440471546346436538e-01 1.255259951377784011e-01
-1.298800965531225760e-01 1.392256432378145004e-01
-1.144356123635220657e-01 1.513330140911436361e-01
-9.789204895283616648e-02 1.617324228504358197e-01
-8.043775911427301917e-02 1.703281008671907459e-01
-6.226888381844469800e-02 1.770449946612156489e-01
-4.358708050829871589e-02 1.818293186718291932e-01
-2.459722466149652856e-02 1.846488597147514232e-01
-5.505111647194944370e-03 1.854930340707752201e-01
1.348481464165702387e-02 1.843727010587234150e-01
3.217168075990244763e-02 1.813197397600497807e-01
5.036032582190952400e-02 1.763863982322245172e-01
6.786334372114032065e-02 1.696444270419376066e-01
8.450300410621627845e-02 1.611840112394726521e-01
1.001130326649772029e-01 1.511125169580541938e-01
1.145402333627989488e-01 1.395530706358761586e-01
1.276459375363656334e-01 1.266429904070949797e-01
1.393072671261009754e-01 1.125320904785355181e-01
1.494182018056932904e-01 9.738088029243972821e-02
1.578904423013847980e-01 8.135868096767535917e-02
1.646540647529301238e-01 6.464168191178240597e-02
1.696579635189483515e-01 4.741096060739491413e-02
1.728700823395269426e-01 2.985048840607792964e-02
1.742774386450884894e-01 1.214513979476666318e-02
1.738859359998182197e-01 -5.521259396079235965e-03
1.717199822303497048e-01 -2.296783077739780396e-02
1.678219239279137298e-01 -4.001848201727543908e-02
1.622512995668460856e-01 -5.650365256532500352e-02
1.550839272840413008e-01 -7.226195402005923529e-02
1.464108413543450671e-01 -8.714169011194361492e-02
1.363370926724236376e-01 -1.010022430762202161e-01
1.249804296020479849e-01 -1.137153150858448564e-01
1.124698763740624580e-01 -1.251660153784302787e-01
9.894422680295529571e-02 -1.352537857144831546e-01
8.455047145054411795e-02 -1.438931588205454026e-01
6.944217649852872654e-02 -1.510143464741011687e-01
5.377783250714127106e-02 -1.565636558525034250e-01
3.771919094508829895e-02 -1.605037346724930702e-01
2.142960588912962844e-02 -1.628136474687644497e-01
5.072397624785691256e-03 -1.634887870802057552e-01
-1.119074595060940043e-02 -1.625406270138778642e-01
-2.720131519685936236e-02 -1.599963218249377261e-01
-4.280545804778362190e-02 -1.558981639735821101e-01
-5.785538015947921248e-02 -1.503029067882585279e-01
-7.221065456636124869e-02 -1.432809641711618731e-01
-8.573943087905987193e-02 -1.349154985232846327e-01
-9.831953546019592260e-02 -1.253014090404633019e-01
-1.098394554403067380e-01 -1.145442330399179948e-01
-1.201992045999410730e-01 -1.027589689246013460e-01
-1.293110534646609300e-01 -9.006884555658783986e-02
-1.371001332332746347e-01 -7.660404711852121518e-02
-1.435049169127766422e-01 -6.250039440124187384e-02
-1.484775649437152512e-01 -4.789800797243781716e-02
-1.519841408989162368e-01 -3.293996232843710709e-02
-1.540046993277538190e-01 -1.777094310778446970e-02
-1.545332488632589207e-01 -2.535918894365300422e-03
-1.535775946599902408e-01 1.262116149188087857e-02
-1.511590650826952209e-01 2.755863601328976953e-02
-1.473121283171230367e-01 4.213835128431936417e-02
-1.420839052245295997e-01 5.622683061898613860e-02
-1.355335853117149991e-01 6.969638039051834211e-02
-1.277317531416728991e-01 8.242612765934161090e-02
-1.187596328703033333e-01 9.430298284889039595e-02
-1.087082588675484796e-01 1.052225220641080927e-01
-9.767758057313213893e-02 1.150897844462061281e-01
-8.577550985491856628e-02 1.238199807319530499e-01
-7.311691918945677215e-02 1.313391099305127596e-01
-5.982259897760272560e-02 1.375844817411371879e-01
-4.601818225129389317e-02 1.425051430076816616e-01
-3.183304492865408897e-02 1.460622071392061183e-01
-1.739918964135825016e-02 1.482290860193580806e-01
-2.850120997852715644e-03 1.489916244815146784e-01
1.168028003478420451e-02 1.483481379436233094e-01
2.605887966462907060e-02 1.463093510770027972e-01
4.015439024686241060e-02 1.428982466408966201e-01
5.383845026120636507e-02 1.381498255120428842e-01
6.698668592956343038e-02 1.321107701297372650e-01
7.947973325126647670e-02 1.248390228158121479e-01
9.120421917073726070e-02 1.164032799808333574e-01
1.020536956644065435e-01 1.068824056839369069e-01
1.119295207528667319e-01 9.636476837238910909e-02
1.207416806683359600e-01 8.494750498518044424e-02
1.284095476398732505e-01 7.273571696582584178e-02
1.348625680033473662e-01 5.984160309529756860e-02
1.400408756044456693e-01 4.638353442801871479e-02
1.438958257459570511e-01 3.248507699240726909e-02
1.463904452402882972e-01 1.827396830185757520e-02
1.474997944698693830e-01 3.881054110431700344e-03
1.472112377368201275e-01 -1.056080776308579959e-02
1.455246186036870115e-01 -2.491786933283284683e-02
1.424523373933344883e-01 -3.905663247722893083e-02
1.380193285316474172e-01 -5.284499915236980094e-02
1.322629359841812346e-01 -6.615342349344720263e-02
1.252326856587696324e-01 -7.885605719694753490e-02
1.169899543207676279e-01 -9.083187930058883586e-02
1.076075352951664232e-01 -1.019658012483450060e-01
9.716910200801498476e-02 -1.121497379534627248e-01
8.576857124475328886e-02 -1.212836354621525392e-01
7.350936435829395765e-02 -1.292764440320113839e-01
6.050358456963020326e-02 -1.360470304621765603e-01
4.687110401573579832e-02 -1.415250222838649319e-01
3.273855758184938958e-02 -1.456515678204096942e-01
1.823826420982609109e-02 -1.483800077101593284e-01
3.507078305595130209e-03 -1.496764489497100226e-01
-1.131482038772172599e-02 -1.495202337464019426e-01
-2.608518918072101622e-02 -1.479042961298508985e-01
-4.066102696305481934e-02 -1.448354000448577317e-01
-5.489990993314863843e-02 -1.403342535304828165e-01
-6.866134687514559298e-02 -1.344354945786182254e-01
-8.180814168649315488e-02 -1.271875453543287737e-01
-9.420775032180375708e-02 -1.186523326418924829e-01
-1.057336188957213596e-01 -1.089048736452619681e-01
-1.162664893918503861e-01 -9.803272760815089082e-02
-1.256956592675269602e-01 -8.613531511388941575e-02
-1.339201812350477583e-01 -7.332310836371232210e-02
-1.408499896469278256e-01 -5.971669719790474729e-02
-1.464069402219916050e-01 -4.544573709960614272e-02
-1.505257503247351414e-01 -3.064778688740649182e-02
-1.531548276542435694e-01 -1.546704524067429344e-02
-1.542569760105224064e-01 -5.299659084250447135e-05
-1.538099677824484035e-01 1.544102176756157602e-02
-1.518069739372240046e-01 3.085931826067555075e-02
-1.482568435782534721e-01 4.604539710536860453e-02
-1.431842228596432454e-01 6.084354410787902456e-02
-1.366295198196688931e-01 7.510043211756972648e-02
-1.286487038850974984e-01 8.866673263512092618e-02
-1.193129309581249936e-01 1.013987125302092257e-01
-1.087080058810233063e-01 1.131597991135946668e-01
-9.693368074150793268e-02 1.238220961762621086e-01
-8.410279316518586012e-02 1.332678333962430683e-01
-7.034025067666523079e-02 1.413907318212870023e-01
-5.578186912942833392e-02 1.480972686617623713e-01
-4.057307508101102439e-02 1.533078253731431362e-01
-2.486748379877895543e-02 1.569577039682192865e-01
-8.825366297200334942e-03 1.589979976697520891e-01
7.387979594971250466e-03 1.593963033855971823e-01
2.360393768376250687e-02 1.581372650482138209e-01
3.965234363084233632e-02 1.552229385939664086e-01
5.536329809708134819e-02 1.506729712468954097e-01
7.056900306015881363e-02 1.445245897962547654e-01
8.510560087991214662e-02 1.368323946942913982e-01
9.881499524358820785e-02 1.276679590255763441e-01
1.115466329291293912e-01 1.171192336850040566e-01
1.231592253863409703e-01 1.052897624201777210e-01
1.335223894582422133e-01 9.229771271603365301e-02
1.425181871496536690e-01 7.827473079528651789e-02
1.500425451951906963e-01 6.336463124733143770e-02
1.560065362788153331e-01 4.772193395044498077e-02
1.603375026955400073e-01 3.151026300423209053e-02
1.629800145702629821e-01 1.490062531151403573e-02
1.638966443799884931e-01 -1.930415648004687665e-03
1.630685412255077626e-01 -1.880264930202536072e-02
1.604958029651503415e-01 -3.553418907147570804e-02
1.561976369008146459e-01 -5.194348340394429331e-02
1.502123045208952345e-01 -6.785134376511854637e-02
1.425968483435858525e-01 -8.308296607391296718e-02
1.334266015055495247e-01 -9.746992182751178235e-02
1.227944833724820967e-01 -1.108520952158951467e-01
1.108100870761117157e-01 -1.230795428753093113e-01
9.759856747268839949e-02 -1.340142535764232423e-01
8.329934053699800112e-02 -1.435317860814857016e-01
6.806460761989034658e-02 -1.515227646275358331e-01
5.205772027368743560e-02 -1.578942129876709510e-01
3.545140345742854582e-02 -1.625707098137795237e-01
1.842585684337730983e-02 -1.654953499526070626e-01
1.166755630522005706e-03 -1.666304986297438007e-01
-1.613682629444034705e-02 -1.659583277871783946e-01
-3.329454684430830508e-02 -1.634811264107586537e-01
-5.011695498749177413e-02 -1.592213793630433694e-01
-6.641765332206257810e-02 -1.532216120114063551e-01
-8.201543825876264626e-02 -1.455440007760544219e-01
-9.673639216613529046e-02 -1.362697525818654110e-01
-1.104159022154651143e-01 -1.254982590449406910e-01
-1.229005802781927975e-01 -1.133460343097322937e-01
-1.340500638175172454e-01 -9.994544750366773922e-02
-1.437386729681283670e-01 -8.544326302861426914e-02
-1.518569011283142922e-01 -6.999900644815286455e-02
-1.583127237520562947e-01 -5.378317397709247993e-02
-1.630327076028073308e-01 -3.697530623839322822e-02
-1.659629062284387335e-01 -1.976194871295323952e-02
-1.670695299624659069e-01 -2.334522818562217907e-03
-1.663393814641494217e-01 1.511286722702554278e-02
-1.637800506454937521e-01 3.238566569496503095e-02
-1.594198657606990255e-01 4.929110813637798544e-02
-1.533076004160178474e-01 6.564044877243664644e-02
-1.455119392570402292e-01 8.125114566434496477e-02
-1.361207080675862768e-01 9.594897726599935228e-02
-1.252398769311958149e-01 1.095700647179827930e-01
-1.129923479247849916e-01 1.219627753230381195e-01
-9.951654149768086877e-02 1.329894840375711040e-01
-8.496479820288820040e-02 1.425281715041767372e-01
-6.950161475813844414e-02 1.504738391158131350e-01
-5.330173549163591540e-02 1.567397238185569974e-01
-3.654812204407436455e-02 1.612582977989477362e-01
-1.942982573041028560e-02 1.639820408328319101e-01
-2.139788191752441723e-03 1.648839758618647344e-01
1.512740312682251710e-02 1.639579612757422755e-01
3.217777756484642426e-02 1.612187363754435110e-01
4.882023434938487227e-02 1.567017207457163386e-01
6.486876024242421712e-02 1.504625665461714334e-01
8.014458300375922051e-02 1.425764714006387268e-01
9.447823516948671008e-02 1.331372632101393838e-01
1.077115042434575315e-01 1.222562646404485032e-01
1.196992453912310989e-01 1.100609524756232249e-01
1.303110349524708445e-01 9.669342842790967785e-02
1.394326450884645352e-01 8.230872029728680817e-02
1.469673221277018882e-01 6.707293443508194342e-02
1.528368536349471452e-01 5.116128225936936863e-02
1.569824118759084175e-01 3.475600507254639204e-02
1.593651641459769563e-01 1.804422262475616559e-02
1.599666433412362809e-01 1.215731735925701948e-03
1.587888751351987926e-01 -1.553921817625880143e-02
1.558542611468929362e-01 -3.203214562110760083e-02
1.512052205059038201e-01 -4.807852671915364973e-02
1.449035951988361937e-01 -6.349992763972243937e-02
1.370298274811610206e-01 -7.812605420446211424e-02
1.276819204214370562e-01 -9.179669420799067836e-02
1.169741952760456893e-01 -1.043635294492181453e-01
1.050358618385744125e-01 -1.156917961932594080e-01
9.200942013811044817e-02 -1.256617747706172405e-01
7.804891384726117542e-02 -1.341700912406220136e-01
6.331805747929118711e-02 -1.411308164701709777e-01
4.798826088358526532e-02 -1.464763505742305572e-01
3.223657572037207097e-02 -1.501580857951201331e-01
1.624358805877247625e-02 -1.521468341010467074e-01
1.912860353514758271e-04 -1.524330204979284509e-01
-1.573907301858052526e-02 -1.510266466394911689e-01
-3.136907080977380247e-02 -1.479570196758477063e-01
-4.652518570111605078e-02 -1.432722537571235188e-01
-6.104077516529876624e-02 -1.370385520712196215e-01
-7.475795965336388960e-02 -1.293392799487685929e-01
-8.752938587345093779e-02 -1.202738420677706421e-01
-9.921984915760584389e-02 -1.099563791042870720e-01
-1.097077565196385440e-01 -9.851430127554805516e-02
-1.188864141478214176e-01 -8.608667808260933585e-02
-1.266651254031839757e-01 -7.282250515929065970e-02
-1.329700878754941362e-01 -5.887887045426213467e-02
-1.377450806512730830e-01 -4.441904299937694811e-02
-1.409519356365883658e-01 -2.961050823918306638e-02
-1.425707895163046135e-01 -1.462297430765182454e-02
-1.426001156850347507e-01 3.736262636459045366e-04
-1.410565382174658600e-01 1.521111513442119194e-02
-1.379744326219252970e-01 2.972500328773094655e-02
-1.334053207070182434e-01 4.375635976383518422e-02
-1.274170693544441069e-01 5.715359214800039278e-02
-1.200929053012370074e-01 6.977411832162974670e-02
-1.115302601635681373e-01 8.148591058638800233e-02
-1.018394618564674031e-01 9.216889509066879260e-02
-9.114229083956648658e-02 1.017161949086785172e-01
-7.957041710718903982e-02 1.100351938528985607e-01
-6.726374362309253674e-02 1.170484163713484266e-01
-5.436867638180087337e-02 1.226942231941047790e-01
-4.103634051721508774e-02 1.269273067934077459e-01
-2.742076614043383043e-02 1.297189866863451557e-01
-1.367706628899145738e-02 1.310573039552256902e-01
4.037086757246323269e-05 1.309469168556709473e-01
1.357965393537337653e-02 1.294088018161631271e-01
2.679310346748789082e-02 1.264797664746503958e-01
3.953889058237413517e-02 1.222117836187920914e-01
5.168258048080549838e-02 1.166711569695714074e-01
6.309856379538086868e-02 1.099375316486764231e-01
7.367136038128256625e-02 1.021027638763258305e-01
8.329678199861367816e-02 9.326966593912508485e-02
9.188294231862502437e-02 8.355064373119525101e-02
9.935110478023902181e-02 7.306624519368276616e-02
1.056363610002953451e-01 6.194363874871332970e-02
1.106881346710443803e-01 5.031504133829886594e-02
1.144705081315856438e-01 3.831611593454290615e-02
1.169623710464086086e-01 2.608435838612158802e-02
1.181573928347408736e-01 1.375749321225165113e-02
1.180638226408947250e-01 1.471897457307142464e-03
1.167041226914348889e-01 -1.063892901189425304e-02
1.141144428246557291e-01 -2.244582933419153256e-02
1.103439473444430413e-01 -3.382537922916920708e-02
1.054539988532350314e-01 -4.466117429547322715e-02
9.951721945764846478e-02 -5.484500731789342803e-02
9.261644390075758626e-02 -6.427793334557145577e-02
8.484357394316488499e-02 -7.287120093266018228e-02
7.629835227749855175e-02 -8.054704475763763138e-02
6.708707247265294216e-02 -8.723933329855514118e-02
5.732124184648804133e-02 -9.289406717857323637e-02
4.711621434320911739e-02 -9.746972574323715943e-02
3.658981044719013948e-02 -1.009374613622530115e-01
2.586094090443377333e-02 -1.032811428389909941e-01
1.504825055483547530e-02 -1.044972511366545620e-01
4.268797914168297007e-03 -1.045946323685306434e-01
-6.363214702053822912e-03 -1.035941146301842530e-01
-1.673764673412474202e-02 -1.015279967551249024e-01
-2.674954799685056589e-02 -9.843941843572806549e-02
-3.630019903728994024e-02 -9.438162235380431753e-02
-4.529805330864603019e-02 -8.941711999844784153e-02
-5.365957272619420459e-02 -8.361677370356576655e-02
-6.130994972522893494e-02 -7.705880810737142372e-02
-6.818371053795889425e-02 -6.982776471742406510e-02
-7.422519602356217328e-02 -6.201341355648733178e-02
-7.938891800108138774e-02 -5.370963596821171082e-02
-8.363979062699214428e-02 -4.501329258158331265e-02
-8.695323790748375747e-02 -3.602309017584164053e-02
-8.931518254294358583e-02 -2.683845700268435927e-02
-9.072191038185262180e-02 -1.755844946464528086e-02
-9.117982535458329929e-02 -8.280697926017616811e-03
-9.070510435332788945e-02 8.996071980539644720e-04
-8.932325070819309432e-02 9.890668029315373075e-03
-8.706855815335808046e-02 1.860496444943019953e-02
-8.398349455558071219e-02 2.696006399903701223e-02
-8.011801532124301906e-02 3.487934970234903009e-02
-7.552881689011883837e-02 4.229266031807107917e-02
-7.027854106292620584e-02 4.913683879260573317e-02
-6.443494109648477408e-02 5.535618597235796717e-02
-5.807002053808085068e-02 6.090281790069101281e-02
-5.125915566458508904e-02 6.573692626479522849e-02
-4.408021214905315233e-02 6.982694275243910009e-02
-3.661266620674840516e-02 7.314960921359417445e-02
-2.893673998404723557e-02 7.568995658396278359e-02
-2.113256035917279035e-02 7.744119650473620109e-02
-1.327934963589917465e-02 7.840453045541820321e-02
-5.454655843908189083e-03 7.858888199598329516e-02
2.266370473352393496e-03 7.801055838456730229e-02
9.811646986011612892e-03 7.669284839278539545e-02
1.711277274244762600e-02 7.466556357995136894e-02
2.410557963395353401e-02 7.196453060915607158e-02
3.073061896926095049e-02 6.863104239334158474e-02
3.693358090867651655e-02 6.471127595092224238e-02
4.266564883443463990e-02 6.025568173894299551e-02
4.788377644383324389e-02 5.531835999634027168e-02
5.255089829651077293e-02 4.995642959416866230e-02
5.663608015776362692e-02 4.422938750388251405e-02
6.011459990623360672e-02 3.819847436626100379e-02
6.296796559969804197e-02 3.192605029700977537e-02
6.518387384121085426e-02 2.547498679558145643e-02
6.675611208642302785e-02 1.890808006716843126e-02
6.768440894840438427e-02 1.228749047613654326e-02
6.797423688743085834e-02 5.674212233759183543e-03
6.763657192019832676e-02 -8.724232048454941832e-04
6.668761514737400753e-02 -7.295207189377875961e-03
6.514848098323521020e-02 -1.353947514464057950e-02
6.304485698051900955e-02 -1.955348744160554514e-02
6.040664008278667785e-02 -2.528876882479784774e-02
5.726755401178436344e-02 -3.070040589338959847e-02
5.366475231547956914e-02 -3.574730263406441372e-02
4.963841137133106346e-02 -4.039239445764503111e-02
4.523131736703899647e-02 -4.460282159433176519e-02
4.048845097597780079e-02 -4.835006305105615798e-02
3.545657311530327205e-02 -5.161003262705841227e-02
3.018381482988392872e-02 -5.436313871967474176e-02
2.471927399308521123e-02 -5.659430983201157311e-02
1.911262116401143962e-02 -5.829298781934146023e-02
1.341371659758834427e-02 -5.945309098438890383e-02
7.672236352521726033e-03 -6.007294698904672853e-02
1.937321157383988749e-03 -6.015520254754964935e-02
-3.742760753384938993e-03 -5.970671209990269235e-02
-9.320942488554567057e-03 -5.873840011998660016e-02
-1.475166652649746203e-02 -5.726510466030548807e-02
-1.999117561094158890e-02 -5.530540258317454688e-02
-2.499778621860421907e-02 -5.288141804687804953e-02
-2.973214440448664064e-02 -5.001861566080204047e-02
-3.415746389669387789e-02 -4.674557956920137591e-02
-3.823974634330299521e-02 -4.309377957532936620e-02
-4.194798361168662615e-02 -3.909732528193437390e-02
-4.525434200927356404e-02 -3.479270910584773141e-02
-4.813432823820243400e-02 -3.021853892811717998e-02
-5.056693681951449776e-02 -2.541526107071619134e-02
-5.253477863076895515e-02 -2.042487424927203962e-02
-5.402419009995106797e-02 -1.529063514059287969e-02
-5.502532249422140143e-02 -1.005675622518412138e-02
-5.553221064046386796e-02 -4.768096618636728096e-03
-5.554282032170794470e-02 5.301533090248696086e-04
-5.505907351514438552e-02 5.792792611921745646e-03
-5.408685057911081367e-02 1.097493468848488064e-02
-5.263596846311999894e-02 1.603233522088517299e-02
-5.072013401121347465e-02 2.092172172590314391e-02
-4.835687145843908102e-02 2.560112310929323065e-02
-4.556742328609746095e-02 3.003019740646065833e-02
-4.237662014406773370e-02 3.417055440231269586e-02
-3.881273065659066046e-02 3.798607312083717574e-02
-3.490728218976339725e-02 4.144321342642429129e-02
-3.069484564773983931e-02 4.451131384255015144e-02
-2.621279557028363336e-02 4.716287586846049096e-02
-2.150104213947059625e-02 4.937383144272019381e-02
-1.660173580405147759e-02 5.112379054073597218e-02
-1.155894558449596828e-02 5.239626583740823046e-02
-6.418312497691720103e-03 5.317887135530947884e-02
-1.226679931593510501e-03 5.346349205728913312e-02
3.968296799915801629e-03 5.324642143339870792e-02
9.118559090299103304e-03 5.252846427780338140e-02
1.417606883492996545e-02 5.131500205318875740e-02
1.909324397897155592e-02 4.961601849831528965e-02
2.382340205146768822e-02 4.744608344796824584e-02
2.832120758935658539e-02 4.482429320163236475e-02
3.254311906359285550e-02 4.177416619470088882e-02
3.644783067307082874e-02 3.832349318976494001e-02
3.999670417744222162e-02 3.450414171031281757e-02
4.315418580345078969e-02 3.035181497883800497e-02
4.588820318652847563e-02 2.590576618885003998e-02
4.817053730466246131e-02 2.120846952774081695e-02
4.997716442850833746e-02 1.630524996637171264e-02
5.128856325286204609e-02 1.124387443255723748e-02
5.208998259120797836e-02 6.074107579858383128e-03
5.237166223861113024e-02 8.472365801835105188e-04
5.212901266131421407e-02 -4.384431244953128359e-03
5.136274317175390514e-02 -9.568095448908790768e-03
5.007892944581995853e-02 -1.465100526910498996e-02
4.828902746775787236e-02 -1.958101371223781861e-02
4.600982893692928677e-02 -2.430713690204475835e-02
4.326335699452477784e-02 -2.878011231955874411e-02
4.007670184555414683e-02 -3.295294936399460056e-02
3.648179660051061035e-02 -3.678146554427866310e-02
3.251513443194681968e-02 -4.022480158141038958e-02
2.821742892307234352e-02 -4.324590876377263499e-02
2.363322026717539284e-02 -4.581200205325088037e-02
1.881043074662733239e-02 -4.789497269028374082e-02
1.379987366675982166e-02 -4.947175438996827268e-02
8.654720631388482591e-03 -5.052463765685211161e-02
3.429932711761381290e-03 -5.104152726938624568e-02
-1.818338331790439813e-03 -5.101613859102968607e-02
-7.033372076647293088e-03 -5.044812904718401492e-02
-1.215851755227670764e-02 -4.934316185761911805e-02
-1.713783990560315343e-02 -4.771289992376154948e-02
-2.191676779896698998e-02 -4.557492862897574715e-02
-2.644273354074290830e-02 -4.295260720659045683e-02
-3.066579787248145672e-02 -3.987484925292453242e-02
-3.453925136911994292e-02 -3.637583389832434178e-02
-3.802018455241552158e-02 -3.249465008510506875e-02
-4.107001661612681015e-02 -2.827487765640989206e-02
-4.365498310791476183e-02 -2.376410964832522885e-02
-4.574657048962663120e-02 -1.901341867001937747e-02
-4.732188632784180282e-02 -1.407677575775974355e-02
-4.836396713940579323e-02 -9.010427929705248223e-03
-4.886201661154486453e-02 -3.872241526487267636e-03
-4.881157023697425823e-02 1.278980768137067715e-03
-4.821458331396360347e-02 6.384200859602587493e-03
-4.707944022843951748e-02 1.138485539482826311e-02
-4.542088394717294642e-02 1.622356614914531592e-02
-4.325986569433001860e-02 2.084484152944282576e-02
-4.062331584388270689e-02 2.519576006516500988e-02
-3.754383812282455907e-02 2.922662687416807681e-02
-3.405933026976498690e-02 3.289159433149229511e-02
-3.021253531524662611e-02 3.614923853435005746e-02
-2.605052862914188430e-02 3.896308364282600328e-02
-2.162414680220987873e-02 4.130206677781769753e-02
-1.698736527946765815e-02 4.314093686879422185e-02
-1.219663242939440090e-02 4.446058165546880325e-02
-7.310168403125515309e-03 4.524827794937233416e-02
-2.387237700930968168e-03 4.549786124204854149e-02
2.512595189989787203e-03 4.520981179329779109e-02
7.330217399835099040e-03 4.439125543160343107e-02
1.200771664389289548e-02 4.305587843471658793e-02
1.648911761731976580e-02 4.122375701570424322e-02
2.072109405023455156e-02 3.892110340456413770e-02
2.465365273866421125e-02 3.617993133307550319e-02
2.824077609919130316e-02 3.303764322042505863e-02
3.144101058998114567e-02 2.953654612297700391e-02
3.421799871830837059e-02 2.572330203892301409e-02
3.654094524131319688e-02 2.164831943642657464e-02
3.838501094989862222e-02 1.736509387509911975e-02
3.973162836919341689e-02 1.292950634592915371e-02
4.056873473995289275e-02 8.399088596389379588e-03
4.089091874985829184e-02 3.832265225173084669e-03
4.069947864694223316e-02 -7.124172836976165255e-04
4.000239057332272141e-02 -5.177064171482989585e-03
3.881418718934109835e-02 -9.505198141911946896e-03
3.715574789874549755e-02 -1.364250675123604255e-02
3.505400321719649714e-02 -1.753756116916755856e-02
3.254155703150790613e-02 -2.114249636630642290e-02
2.965623165825279073e-02 -2.441364326352311875e-02
2.644054171078390539e-02 -2.731210399525648910e-02
2.294110380714861619e-02 -2.980426218411406925e-02
1.920799008260560062e-02 -3.186222098891699356e-02
1.529403429549721499e-02 -3.346416266102899412e-02
1.125410002147599238e-02 -3.459462441136799266e-02
7.144321007553098256e-03 -3.524468653837547344e-02
3.021324194955850220e-03 -3.541206997964069236e-02
-1.058553788940856059e-03 -3.510114170995949634e-02
-5.040044208462998200e-03 -3.432282811829964059e-02
-8.869711769677551469e-03 -3.309443681282445149e-02
-1.249669385305862343e-02 -3.143938817746890629e-02
-1.587340005563743148e-02 -2.938686226426006839e-02
-1.895616683359823557e-02 -2.697136489757927594e-02
-2.170585632236174747e-02 -2.423221901975142548e-02
-2.408839075286008796e-02 -2.121298833238398004e-02
-2.607521476502946620e-02 -1.796084127787024587e-02
-2.764367891659891274e-02 -1.452586428569545979e-02
-2.877733878338852025e-02 -1.096033396531882927e-02
-2.946616523140060950e-02 -7.317958549787742517e-03
-2.970666269444752206e-02 -3.653099372108867520e-03
-2.950189359630733810e-02 -1.998348197841166461e-05
-2.886140839488824522e-02 3.528081321850641810e-03
-2.780108207851594848e-02 6.939477761813639400e-03
-2.634285929184326455e-02 1.016502552843212559e-02
-2.451441159149153268e-02 1.315869209465049018e-02
-2.234871161015615504e-02 1.587825756245017997e-02
-1.988353012380907753e-02 1.828592383197738536e-02
-1.716086315185609557e-02 2.034885915197637285e-02
-1.422629725783166460e-02 2.203967001172927459e-02
-1.112832214283679573e-02 2.333679335665929735e-02
-7.917600421433473520e-03 2.422480323811416342e-02
-4.646205127890431358e-03 2.469462722688410550e-02
-1.366836009194194847e-03 2.474366921255454974e-02
1.867972710360641915e-03 2.437583711838328671e-02
5.006645650104534981e-03 2.360147378193530598e-02
7.999345855516606929e-03 2.243719133064327187e-02
1.079872684904809726e-02 2.090561333594308582e-02
1.336065004215205437e-02 1.903502684990656529e-02
1.564485546127327223e-02 1.685894942449681078e-02
1.761557575872725948e-02 1.441561722269642069e-02
1.924208426623905815e-02 1.174740151035134905e-02
2.049916877423867134e-02 8.900161896838770098e-03
2.136752377107695861e-02 5.922545655376991805e-03
2.183405503855306851e-02 2.865243285331896522e-03
2.189209175720015221e-02 -2.197888335582538647e-04
2.154150260892461616e-02 -3.280127312308443732e-03
2.078871375680457767e-02 -6.263690397001202455e-03
1.964662801215787818e-02 -9.119544434286077847e-03
1.813444594682637329e-02 -1.179869617964621545e-02
1.627739115296632927e-02 -1.425485911836758303e-02
1.410634327246507863e-02 -1.644518229105044679e-02
1.165738379260703762e-02 -1.833093060721821196e-02
8.971260913501108089e-03 -1.987810628587537501e-02
6.092781016687859666e-03 -2.105800187209131216e-02
3.070135384941838699e-03 -2.184767623290374480e-02
-4.582817632764800777e-05 -2.223034602093016190e-02
-3.202378300674947696e-03 -2.219568629498179513e-02
-6.345706373576060280e-03 -2.174003528685538103e-02
-9.421753305016848309e-03 -2.086650034641576723e-02
-1.237704825488622311e-02 -1.958496137823563521e-02
-1.515954394276986666e-02 -1.791197105430671760e-02
-1.771943423389401098e-02 -1.587055482050016980e-02
-2.000994526901627921e-02 -1.348991121953906080e-02
-2.198808696408402485e-02 -1.080501668965965986e-02
-2.361535344581620552e-02 -7.856140031518127689e-03
-2.485836166464702734e-02 -4.688273095831215105e-03
-2.568941826276103374e-02 -1.350485516868340889e-03
-2.608700576098178792e-02 2.104787516767494572e-03
-2.603618025059821484e-02 5.622514420144508925e-03
-2.552887401928769645e-02 9.145882362062639562e-03
-2.456409788681092332e-02 1.261714672121828397e-02
-2.314803945715096511e-02 1.597850257867412110e-02
-2.129405498894190729e-02 1.917296556775230365e-02
-1.902255412412461391e-02 2.214524917507367310e-02
-1.636077827370180371e-02 2.484262554513066990e-02
-1.334247501680167584e-02 2.721575698716303254e-02
-1.000747240244354713e-02 2.921948571616847165e-02
-6.401158530079029824e-03 3.081356987589985511e-02
-2.573873203434349187e-03 3.196335458424142545e-02
1.419780218522108438e-03 3.264036760145226646e-02
5.521693429255364154e-03 3.282283023794955318e-02
9.671071803431621414e-03 3.249607527679860414e-02
1.380530165952741951e-02 3.165286497099265017e-02
1.786085305191335501e-02 3.029360431871622183e-02
2.177420846012337319e-02 2.842644370375609422e-02
2.548280139976056430e-02 2.606726877463178688e-02
2.892595001808948019e-02 2.323957892015970569e-02
3.204577513471616040e-02 1.997425297397499577e-02
3.478808822626130309e-02 1.630920499521145567e-02
3.710323626325980062e-02 1.228893405178402981e-02
3.894689082494121046e-02 7.963973485501478489e-03
4.028076961856764948e-02 3.390246622659123885e-03
4.107327940557276014e-02 -1.371662711857056429e-03
4.130007037528843350e-02 -6.257315235010014326e-03
4.094449319458434711e-02 -1.119928600418717939e-02
3.999795128214544970e-02 -1.612808716967444045e-02
3.846014229123522615e-02 -2.097313103081881527e-02
3.633918431473107113e-02 -2.566372007448390960e-02
3.365162392969394539e-02 -3.013005018846889524e-02
3.042232485327281064e-02 -3.430421294980879471e-02
2.668423766406762335e-02 -3.812118279345697025e-02
2.247805272940178734e-02 -4.151977497313065479e-02
1.785174014532704689e-02 -4.444356053261062922e-02
1.285998211886833081e-02 -4.684172500914359633e-02
7.563504777764172918e-03 -4.866985828466000030e-02
2.028317859376167851e-03 -4.989066387639522204e-02
-3.675127913631006174e-03 -5.047457700463946900e-02
-9.472854737522724486e-03 -5.040028197776223046e-02
-1.528833007100392251e-02 -4.965512167029740437e-02
-2.104348703703473600e-02 -4.823539006205734836e-02
-2.665977659310833289e-02 -4.614650365879219285e-02
-3.205923625185152365e-02 -4.340305078754089912e-02
-3.716556314400950439e-02 -4.002871447341462691e-02
-4.190517569712276513e-02 -3.605606959875740092e-02
-4.620824918702225170e-02 -3.152625608760347559e-02
-5.000971068473225589e-02 -2.648853158834016397e-02
-5.325017938993058947e-02 -2.099970881785646892e-02
-5.587683900798591508e-02 -1.512348435733223799e-02
-5.784422968217220462e-02 -8.929667230203934547e-03
-5.911494802467694154e-02 -2.493317024858074903e-03
-5.966024498569477003e-02 4.106197372115980189e-03
-5.946051264311487394e-02 1.078620621040139727e-02
-5.850565246778787615e-02 1.746180126458754187e-02
-5.679531920100192727e-02 2.404693814986248734e-02
-5.433903614991877906e-02 3.045556391436924498e-02
-5.115617944035938391e-02 3.660275483398215540e-02
-4.727583054058335371e-02 4.240584911730339857e-02
-4.273649816004319868e-02 4.778555922022181823e-02
-3.758571240873378322e-02 5.266704867102720011e-02
-3.187949585098389521e-02 5.698095871656575634e-02
-2.568171777806834213e-02 6.066437071207234077e-02
-1.906333963336409934e-02 6.366169098406225524e-02
-1.210156102952635558e-02 6.592544588625440238e-02
-4.878877761371356800e-03 6.741697707938246187e-02
2.517938449365248951e-03 6.810702400711808602e-02
9.998922786124721240e-03 6.797618680107124500e-02
1.747204831085806542e-02 6.701526571858017201e-02
2.484439239069135066e-02 6.522546862764747044e-02
3.202332248104370477e-02 6.261848414803056206e-02
3.891768570110525766e-02 5.921641885884942891e-02
4.543898654095108319e-02 5.505159879471267781e-02
5.150253715459551102e-02 5.016623726376698983e-02
5.702856501849096205e-02 4.461197280741910354e-02
6.194326326591059056e-02 3.844928285833239257e-02
6.617976973705841370e-02 3.174678031692176189e-02
6.967906170263228616e-02 2.458040183429169995e-02
7.239075431235122982e-02 1.703249804002147580e-02
7.427379207462393718e-02 9.190837266679107928e-03
7.529702407186816826e-02 1.147535481698632029e-03
7.543965513882866514e-02 -7.002073874354836081e-03
7.469156685773560567e-02 -1.516061563930124617e-02
7.305350393207298010e-02 -2.322987915625469857e-02
7.053712326677592792e-02 -3.111203945322914277e-02
6.716490488280775495e-02 -3.871087765182534834e-02
6.296992560381597936e-02 -4.593298489016393871e-02
5.799549824743621684e-02 -5.268893426313366046e-02
5.229468080956325982e-02 -5.889440570657372698e-02
4.592966182291580157e-02 -6.447124937492997032e-02
3.897103027511368556e-02 -6.934847537310982746e-02
3.149693684977850072e-02 -7.346315292722611912e-02
2.359216015497745886e-02 -7.676120974538375163e-02
1.534709000855681398e-02 -7.919812503864426256e-02
6.856638565308545603e-03 -8.073950302471055718e-02
-1.780905928706360240e-03 -8.136152103570176708e-02
-1.046506819147730548e-02 -8.105124666622759433e-02
-1.909440269238917021e-02 -7.980682010088716027e-02
-2.756772277975432298e-02 -7.763749950711612557e-02
-3.578532664586134282e-02 -7.456356914634908184e-02
-4.365020471978794947e-02 -7.061611161996657338e-02
-5.106921337247376930e-02 -6.583664740289259243e-02
-5.795420030898448815e-02 -6.027664650396583057e-02
-6.422306770175927049e-02 -5.399691870612338684e-02
-6.980075997561681345e-02 -4.706689035992842746e-02
-7.462016417774301746e-02 -3.956377711142897158e-02
-7.862291203898744141e-02 -3.157166322179201512e-02
-8.176007413980798666e-02 -2.318049926560937501e-02
-8.399273801670126272e-02 -1.448503096334834150e-02
-8.529246356309688748e-02 -5.583672699524016431e-03
-8.564161067150295736e-02 3.422660107301083061e-03
-8.503353570936518502e-02 1.243174519020647829e-02
-8.347265509735685152e-02 2.134125934853189910e-02
-8.097437594314366160e-02 3.004998122378419595e-02
-7.756489535366750676e-02 3.845897622037106056e-02
-7.328087253247971000e-02 4.647275101123913427e-02
-6.816897505352206843e-02 5.400035865637019955e-02
-6.228530951257993387e-02 6.095644372418335122e-02
-5.569474478921454530e-02 6.726221964065724757e-02
-4.847013391641110530e-02 7.284636161442845093e-02
-4.069144598462287599e-02 7.764580654696164042e-02
-3.244481927306690910e-02 8.160645101661150036e-02
-2.382154766144626429e-02 8.468373977843464406e-02
-1.491701307156932492e-02 8.684313865446369185e-02
-5.829577213667564393e-03 8.806048718191494817e-02
3.340553737926806044e-03 8.832222791900712355e-02
1.249247774273103129e-02 8.762551085903065584e-02
2.152574497345458027e-02 8.597817295243100066e-02
3.034149176363488964e-02 8.339859426368056994e-02
3.884354715886415704e-02 7.991543377496201916e-02
4.693949931724287344e-02 7.556724927342817200e-02
5.454170966758695172e-02 7.040200710540427120e-02
6.156826353805899127e-02 6.447648883312891155e-02
6.794384690028694440e-02 5.785560297282683895e-02
7.360053992016471480e-02 5.061161101413644281e-02
7.847851915062448169e-02 4.282327780917142418e-02
8.252666142690502638e-02 3.457495716578727618e-02
8.570304381367477298e-02 2.595562407707476330e-02
8.797533528772766287e-02 1.705786546299424902e-02
8.932107720154280894e-02 7.976841587861136645e-03
8.972785226018770155e-02 -1.190771481636362060e-03
8.919333688418050465e-02 -1.034784086709544110e-02
8.772524297442646501e-02 -1.939782743602011181e-02
8.534115292008680187e-02 -2.824582125982446831e-02
8.206824701005954736e-02 -3.679954506319228769e-02
7.794292977083819296e-02 -4.497031650612177966e-02
7.301036109869399326e-02 -5.267395926170501813e-02
6.732389902948320015e-02 -5.983165365851463025e-02
6.094446185692733997e-02 -6.637071855393991693e-02
5.393981806180275090e-02 -7.222531707980238413e-02
4.638381314376542608e-02 -7.733707993926591806e-02
3.835554295010251691e-02 -8.165564101920269602e-02
2.993848346897141910e-02 -8.513908119938599917e-02
2.121958729795753520e-02 -8.775427737378944937e-02
1.228835711316469438e-02 -8.947715483478933807e-02
3.235906452414778148e-03 -9.029284229357828484e-02
-5.845982007014505731e-03 -9.019572990565999371e-02
-1.486579074428781046e-02 -8.918943172585609702e-02
-2.373318468935217695e-02 -8.728665502080956706e-02
-3.235990239652419831e-02 -8.450897980765045836e-02
-4.066061252378810886e-02 -8.088655285578581766e-02
-4.855372766898011228e-02 -7.645770117652812836e-02
-5.596216830654224955e-02 -7.126847072585744403e-02
-6.281407031711286337e-02 -6.537209665386617408e-02
-6.904343039484801825e-02 -5.882841194675095947e-02
-7.459068627499047810e-02 -5.170320002614195443e-02
-7.940322138078617642e-02 -4.406750316964550690e-02
-8.343579631885061909e-02 -3.599689339581493147e-02
-8.665090760825795713e-02 -2.757070876286018754e-02
-8.901906613787442801e-02 -1.887126777733396862e-02
-9.051899683309326539e-02 -9.983068569068265924e-03
-9.113775961700933126e-02 -9.919805855318011584e-04
-9.087079249184731866e-02 8.015563653360766386e-03
-8.972187826041616576e-02 1.695336947857897444e-02
-8.770303704885623608e-02 2.573626675127887661e-02
-8.483434737648852531e-02 3.428087576648863877e-02
-8.114369904291458824e-02 4.250634628297684375e-02
-7.666648156457943342e-02 5.033506404875037060e-02
-7.144521229187876521e-02 5.769331968506224290e-02
-6.552910867377309545e-02 6.451193530282196831e-02
-5.897360941098844789e-02 7.072684474607225658e-02
-5.183984945341139211e-02 7.627962388039567776e-02
-4.419409395527914425e-02 8.111796786308488050e-02
-3.610713640696543852e-02 8.519611284071343382e-02
-2.765366621893499896e-02 8.847520001322629890e-02
-1.891161104659437597e-02 9.092358047757202744e-02
-9.961459119467164225e-03 9.251705971482043767e-02
-8.855667797140133642e-04 9.323908101021835537e-02
8.232543651162507747e-03 9.308084749417178116e-02
1.730889066725491837e-02 9.204138286302236682e-02
2.625974229399198612e-02 9.012753007574009212e-02
3.500231496122160890e-02 8.735389110804200885e-02
4.345546346258417902e-02 8.374270913079651102e-02
5.154036137516335159e-02 7.932369048698316438e-02
5.918116083977932596e-02 7.413377087372179097e-02
6.630562990694816028e-02 6.821682689957081491e-02
7.284576345900166394e-02 6.162333499800020514e-02
7.873836386665149234e-02 5.440997988768909999e-02
8.392558768295171889e-02 4.663921497367969071e-02
8.835545481985895844e-02 3.837877728377909331e-02
9.198231679376855929e-02 2.970115973502121531e-02
9.476728076858478844e-02 2.068304372822493686e-02
9.667858627069786381e-02 1.140469527691069171e-02
9.769193160283357047e-02 1.949328091704139029e-03
9.779074714667285173e-02 -7.597562736182086190e-03
9.696641292121539746e-02 -1.714889257853769583e-02
9.521841795906012262e-02 -2.661670052945458095e-02
9.255445928012895340e-02 -3.591287972561187092e-02
8.899047848575486475e-02 -4.494992012583737262e-02
8.455063426914444236e-02 -5.364165890064485215e-02
7.926720944426803028e-02 -6.190403333811429765e-02
7.318045143696609578e-02 -6.965583093593015473e-02
6.633834556162766793e-02 -7.681943112586585298e-02
5.879632082549595545e-02 -8.332153287231065797e-02
5.061688846096656230e-02 -8.909386220681467239e-02
4.186921187143200634e-02 -9.407385327026886179e-02
3.262861549174510961e-02 -9.820529678053298295e-02
2.297602999167445634e-02 -1.014389513497058193e-01
1.299737215406550697e-02 -1.037331092215835748e-01
2.782868689291602502e-03 -1.050541107796439527e-01
-7.573674375338850136e-03 -1.053768018318962940e-01
-1.797565238360926063e-02 -1.046849277375444809e-01
-2.832448779831100646e-02 -1.029714586960409628e-01
-3.852049532406661564e-02 -1.002388408531216107e-01
-4.846378006464630017e-02 -9.649916829349182434e-02
-5.805516174104721761e-02 -9.177427148747242802e-02
-6.719711739602117484e-02 -8.609571833935032725e-02
-7.579473445382599317e-02 -7.950472464721734800e-02
-8.375666550180201064e-02 -7.205197152510352254e-02
-9.099607572398396571e-02 -6.379732815410636693e-02
-9.743157355710158063e-02 -5.480947911431258840e-02
-1.029881148662828427e-01 -4.516545649647834421e-02
-1.075978707612141455e-01 -3.495007799306095592e-02
-1.112010491021709069e-01 -2.425529321222656687e-02
-1.137466597868964646e-01 -1.317944153457954216e-02
-1.151932140702071755e-01 -1.826425927982141444e-03
-1.155093484533970261e-01 9.695191762608881131e-03
-1.146743640934523856e-01 2.127316744034716406e-02
-1.126786732243857947e-01 3.279261561754067550e-02
-1.095241447544744728e-01 4.413710580346213302e-02
-1.052243406449726859e-01 5.518980500493808616e-02
-9.980464095665231294e-02 6.583465431660874556e-02
-9.330225010226909921e-02 7.595757030470372262e-02
-8.576607729206607578e-02 8.544765869200884878e-02
-7.725649257015138049e-02 9.419842649069939955e-02
-6.784495582073653275e-02 1.021089799681433874e-01
-5.761351879737011683e-02 1.090851949347852179e-01
-4.665420169100047837e-02 1.150408456699781312e-01
-3.506824725578198965e-02 1.198986787899966322e-01
-2.296525703673703289e-02 1.235914185194175730e-01
-1.046221577137191119e-02 1.260626901574596059e-01
2.317588452014633822e-03 1.272678490373476967e-01
1.524573922400626960e-02 1.271747029595157175e-01
2.818995156281770692e-02 1.257641169362241906e-01
4.101540457955232810e-02 1.230304901111724525e-01
5.358613402425206618e-02 1.189820959055500477e-01
6.576647056424610172e-02 1.136412777818311959e-01
7.742250867285085936e-02 1.070444944961479322e-01
8.842359018996140407e-02 9.924221031452558350e-02
9.864378597253736780e-02 9.029862738072286232e-02
1.079633585966291581e-01 8.029125922482954758e-02
1.162701888153986896e-01 6.931034627130809589e-02
1.234611484292844202e-01 5.745811612039355976e-02
1.294434023920993659e-01 4.484789331385657246e-02
1.341356233647456875e-01 3.160306523029855763e-02
1.374691022109864602e-01 1.785591227750088147e-02
1.393887399198630583e-01 3.746314091474130508e-03
1.398539064044461711e-01 -1.057965721386247906e-02
1.388391521912667181e-01 -2.497124349358443088e-02
1.363347623119823548e-01 -3.927459009957480485e-02
1.323471421889230448e-01 -5.333440218038642405e-02
1.268990273460823270e-01 -6.699564979029508371e-02
1.200295107241609038e-01 -8.010530283526723361e-02
1.117938834508372531e-01 -9.251407608854823883e-02
1.022632870914991776e-01 -1.040781639436320349e-01
9.152417765524006876e-02 -1.146609442503978421e-01
7.967760392839232098e-02 -1.241346305111528658e-01
6.683830502431591103e-02 -1.323818519039036412e-01
5.313363434378020472e-02 -1.392971410537812704e-01
3.870231940474067045e-02 -1.447883101900837299e-01
2.369306919315986720e-02 -1.487776973021935623e-01
8.263042777668322056e-03 -1.512032651354517088e-01
-7.423805109082359799e-03 -1.520195373371832359e-01
-2.319848401876075522e-02 -1.511983577591997641e-01
-3.888881414692138550e-02 -1.487294608287129116e-01
-5.432133858106407559e-02 -1.446208429939237483e-01
-6.932327974303435780e-02 -1.388989275099424825e-01
-8.372451741265310443e-02 -1.316085172288815330e-01
-9.735956506953079292e-02 -1.228125325662277612e-01
-1.100695209223604698e-01 -1.125915344033169840e-01
-1.217039706311116021e-01 -1.010430345264115015e-01
-1.321228161982467841e-01 -8.828059769490584352e-02
-1.411980091610855470e-01 -7.443274423262495609e-02
-1.488151676601595363e-01 -5.964166335592951951e-02
-1.548750542386443385e-01 -4.406174916438364980e-02
-1.592948953782445942e-01 -2.785797474435910623e-02
-1.620095248020742562e-01 -1.120412168262105088e-02
-1.629723344897981152e-01 5.719115692806797484e-03
-1.621560194948821199e-01 2.272613022196961000e-02
-1.595531050037162224e-01 3.962848328620598159e-02
-1.551762466040240152e-01 5.623704366025412960e-02
-1.490582974050403131e-01 7.236415884496005813e-02
-1.412521384417095016e-01 8.782583317134837197e-02
-1.318302716650267825e-01 1.024438865712359176e-01
-1.208841777344856344e-01 1.160480678384382680e-01
-1.085234437492389736e-01 1.284780964627754984e-01
-9.487466894437598941e-02 1.395856077070803669e-01
-8.008015919995674359e-02 1.492359765114660564e-01
-6.429642392590835531e-02 1.573099970410194448e-01
-4.769249145938449230e-02 1.637053962304237942e-01
-3.044806150794999305e-02 1.683381615051298130e-01
-1.275151535927880608e-02 1.711436649529566867e-01
5.202193474359765799e-03 1.720775685580986092e-01
2.321374382815566406e-02 1.711164976635680679e-01
4.108172093560645555e-02 1.682584725672084114e-01
5.860493444639837401e-02 1.635230924827504317e-01
7.558474957964748941e-02 1.569514627240549964e-01
9.182740426472746353e-02 1.486058683010693382e-01
1.071462880785283567e-01 1.385691981525968841e-01
1.213641516133485976e-01 1.269441204467564310e-01
1.343152201204294849e-01 1.138520188469659411e-01
1.458471853262087170e-01 9.943170094812421589e-02
1.558230506428815443e-01 8.383789296520190171e-02
1.641228066395590823e-01 6.723953747571496942e-02
1.706449155860793598e-01 4.981791354259496041e-02
1.753075861051680562e-01 3.176460084118173238e-02
1.780498214431922577e-01 1.327931145261635609e-02
1.788322275647570292e-01 -5.432385261769960387e-03
1.776375701584129441e-01 -2.416141784835436346e-02
1.744710726736875550e-01 -4.269762004278890993e-02
1.693604506552860434e-01 -6.083216141069518884e-02
1.623556808587618416e-01 -7.835997220430142296e-02
1.535285068822741517e-01 -9.508213324715321380e-02
1.429716862896513729e-01 -1.108082019801911733e-01
1.307979873893576894e-01 -1.253584464866535075e-01
1.171389469310354925e-01 -1.385659603528002215e-01
1.021434029461913556e-01 -1.502786326040305431e-01
8.597581975401878684e-02 -1.603609486648083504e-01
6.881442474112230145e-02 -1.686956003047486163e-01
5.084917887152740068e-02 -1.751848848271095049e-01
3.227960387066849263e-02 -1.797518792585377778e-01
1.331249382443218214e-02 -1.823413656534982885e-01
-5.840460185853295003e-03 -1.829205030499663209e-01
-2.496510844511379279e-02 -1.814792433318733189e-01
-4.384731219183562317e-02 -1.780304765165749148e-01
-6.227541526158068136e-02 -1.726099066660490844e-01
-8.004268819768971255e-02 -1.652756597859505461e-01
-9.694971557648467131e-02 -1.561076283500683060e-01
-1.128066979953286364e-01 -1.452065603018193873e-01
-1.274356412284043671e-01 -1.326929034982593514e-01
-1.406724064531686691e-01 -1.187054195361429421e-01
-1.523685971718324594e-01 -1.033995836961391773e-01
-1.623932604743990593e-01 -8.694579032508609195e-02
-1.706343825864283792e-01 -6.952738531472253680e-02
-1.770001611859314261e-01 -5.133854939947664342e-02
-1.814200397266624298e-01 -3.258205776008244597e-02
-1.838454919339526095e-01 -1.346694286249473793e-02
-1.842505477063569874e-01 5.793911434535248609e-03
-1.826320548222827855e-01 2.498621571758658302e-02
-1.790096740749133608e-01 4.389673162432558562e-02
-1.734256086999343971e-01 6.231571000974250873e-02
-1.659440721776265781e-01 8.003928179873207038e-02
-1.566505016431734010e-01 9.687177334008920115e-02
-1.456505271868563378e-01 1.126279191118518402e-01
-1.330687102311525205e-01 1.271349459934960346e-01
-1.190470669167914414e-01 1.402345092385667569e-01
-1.037433929171626829e-01 1.517844451743921574e-01
-8.732941537239446994e-02 1.616603289645472397e-01
-6.998879173349979721e-02 1.697568291555272557e-01
-5.191497885969548198e-02 1.759888312707001690e-01
-3.330899915886261636e-02 1.802923226032918935e-01
-1.437713064937919984e-02 1.826250291832470507e-01
4.671451447154878305e-03 1.829667989315943988e-01
2.362705358656529489e-02 1.813197281048442577e-01
4.228183522116447240e-02 1.777080312316131616e-01
6.043214482747876620e-02 1.721776578149979975e-01
7.788079355554738958e-02 1.647956620787877080e-01
9.443924038148365785e-02 1.556493349362442491e-01
1.099296639245151141e-01 1.448451101214680292e-01
1.241868976607487102e-01 1.325072590120310867e-01
1.370602071056301330e-01 1.187763910569195752e-01
1.484148896194780465e-01 1.038077788781672645e-01
1.581336797867380906e-01 8.776952901347398472e-02
1.661179457984338359e-01 7.084062088976443572e-02
1.722886648955145317e-01 5.320883794706599002e-02
1.765871686736499857e-01 3.506861585522443037e-02
1.789756518717666722e-01 1.661883347396989410e-02
1.794374411309885287e-01 -1.939427405029122298e-03
1.779770230812904031e-01 -2.040512742776492972e-02
1.746198339542220923e-01 -3.857949430186522616e-02
1.694118174656075448e-01 -5.626820614803394044e-02
1.624187510701521620e-01 -7.328349549250022521e-02
1.537253598091431195e-01 -8.944615786677942437e-02
1.434342308380267550e-01 -1.045874546330251009e-01
1.316645368868638311e-01 -1.185508756344884340e-01
1.185505882391715976e-01 -1.311937475273040055e-01
1.042402317658714800e-01 -1.423886714534775277e-01
8.889311705980165734e-02 -1.520247759313135549e-01
7.267885096089408969e-02 -1.600087731882574582e-01
5.577506273208320681e-02 -1.662658096108615979e-01
3.836540283441920024e-02 -1.707401035052564520e-01
2.063749865355904087e-02 -1.733953659167909445e-01
2.780890649382415300e-03 -1.742150028172400333e-01
-1.501502775987402331e-02 -1.732020995006428588e-01
-3.256304370017223948e-02 -1.703791905039368781e-01
-4.968010954598343215e-02 -1.657878207569640217e-01
-6.618925758246008151e-02 -1.594879059407999788e-01
-8.192142455288603520e-02 -1.515569021684199380e-01
-9.671716740092584086e-02 -1.420887970745653150e-01
-1.104282530884614782e-01 -1.311929361920622095e-01
-1.229191071066709773e-01 -1.189927000822727648e-01
-1.340681071754233900e-01 -1.056240490633892359e-01
-1.437687106178559826e-01 -9.123395353054210288e-02
-1.519304059761964754e-01 -7.597872877799011215e-02
-1.584794815742062990e-01 -6.002229391099352107e-02
-1.633596095385762004e-01 -4.353437060890989058e-02
-1.665322293660771724e-01 -2.668865321439292670e-02
-1.679767423283216043e-01 -9.660966201659222305e-03
-1.676905229037107814e-01 7.372582757456247818e-03
-1.656887384956622911e-01 2.423742255291643985e-02
-1.620039872621538146e-01 4.076229581540279090e-02
-1.566857612092476815e-01 5.678097565661669593e-02
-1.497997434100223069e-01 7.213390516966443344e-02
-1.414269497731023839e-01 8.666974410226786774e-02
-1.316627271882180594e-01 1.002468084674461163e-01
-1.206156211088583313e-01 1.127343903257127106e-01
-1.084061266855931571e-01 1.240139465386326939e-01
-9.516533843207873600e-02 1.339801469342566942e-01
-8.103351408573992998e-02 1.425417740189008908e-01
-6.615856881574999626e-02 1.496224680955847153e-01
-5.069451623368426141e-02 1.551613133862662641e-01
-3.479987278087138397e-02 1.591132624826640252e-01
-1.863604200690547816e-02 1.614493981497596709e-01
-2.365695023875065677e-03 1.621570331590879432e-01
1.384883696982940060e-02 1.612396504191236923e-01
2.984714274261942787e-02 1.587166871824711445e-01
4.547226898382401850e-02 1.546231685308743220e-01
6.057220228430222619e-02 1.490091966578211136e-01
7.500128217991174073e-02 1.419393036750758175e-01
8.862153329973143645e-02 1.334916767561153961e-01
1.013039107386291271e-01 1.237572626088322969e-01
1.129294325221031348e-01 1.128387680360730533e-01
1.233902036701113314e-01 1.008495682120431058e-01
1.325903333657843519e-01 8.791252511062810915e-02
1.404467232923306275e-01 7.415873569581893365e-02
1.468897278546719143e-01 5.972622090020968111e-02
1.518636827531733846e-01 4.475856818553704264e-02
1.553272996113736204e-01 2.940354054319004387e-02
1.572539255656856261e-01 1.381166474350414841e-02
1.576316678931719562e-01 -1.865188512496665594e-03
1.564633848754272694e-01 -1.747522013876962391e-02
1.537665451652592274e-01 -3.286810185093365366e-02
1.495729589324306941e-01 -4.789634736303488571e-02
1.439283850105625984e-01 -6.241664446208088773e-02
1.368920191459483127e-01 -7.629113739119902649e-02
1.285358692580700068e-01 -8.938864959161335610e-02
1.189440243596098928e-01 -1.015858375210264147e-01
1.082118244502044413e-01 -1.127682669737138793e-01
9.644493929338156246e-02 -1.228314040684900105e-01
8.375836451095904078e-02 -1.316815138380765526e-01
7.027534388513848040e-02 -1.392364601412754976e-01
5.612622714745477137e-02 -1.454264014223654589e-01
4.144727285780891446e-02 -1.501943776556209365e-01
2.637940623832194659e-02 -1.534967846327580931e-01
1.106694202802196297e-02 -1.553037325740378449e-01
-4.343722787609341843e-03 -1.555992861140662598e-01
-1.970541948784714295e-02 -1.543815841340399897e-01
-3.487152245375254450e-02 -1.516628435873828284e-01
-4.969726898005600441e-02 -1.474692422570306749e-01
-6.404105730271529573e-02 -1.418406825314827147e-01
-7.776571811796990918e-02 -1.348304385232532987e-01
-9.073974963953651551e-02 -1.265046891665183304e-01
-1.028385064603950794e-01 -1.169419407077353368e-01
-1.139453327557448103e-01 -1.062323427682576038e-01
-1.239526306848169473e-01 -9.447690290982971306e-02
-1.327628552222059610e-01 -8.178660537032460265e-02
-1.402894270752947092e-01 -6.828144035571757919e-02
-1.464575558243253472e-01 -5.408935097218299515e-02
-1.512049659568220628e-01 -3.934510555589384312e-02
-1.544825190594021347e-01 -2.418910380359545753e-02
-1.562547260782422565e-01 -8.766125719706880509e-03
-1.565001442649132379e-01 6.775967029566324143e-03
-1.552116541868189814e-01 2.228756723346688243e-02
-1.523966130003284736e-01 3.761868512218183302e-02
-1.480768810583908690e-01 5.262032719231830857e-02
-1.422887198506696815e-01 6.714587948193422029e-02
-1.350825602497944256e-01 8.105248361264098811e-02
-1.265226410580407301e-01 9.420239370138022705e-02
-1.166865189093826277e-01 1.064643021137337553e-01
-1.056644516760998909e-01 1.177146219908405816e-01
-9.355865409108468644e-02 1.278387157249024630e-01
-8.048244329214199189e-02 1.367320518733254608e-01
-6.655927220415801260e-02 1.443012865118795118e-01
-5.192164689604508720e-02 1.504652572271551192e-01
-3.670994936673783321e-02 1.551558743569296794e-01
-2.107117050922676857e-02 1.583189015727143045e-01
-5.157563255866335489e-03 1.599146164484583355e-01
1.087477307601506307e-02 1.599183425111235513e-01
2.686736526872562925e-02 1.583208452360764795e-01
4.266088267819247160e-02 1.551285855290381877e-01
5.809668407785072847e-02 1.503638254209858638e-01
7.301838058050864888e-02 1.440645819855078669e-01
8.727339979279284676e-02 1.362844268605307441e-01
1.007145359344241431e-01 1.270921302072030856e-01
1.132014703744994022e-01 1.165711494555411731e-01
1.246022469091007806e-01 1.048189647550935161e-01
1.347946861374147431e-01 9.194626465380997815e-02
1.436677234939920389e-01 7.807598715270765155e-02
1.511226558679106269e-01 6.334222290981980641e-02
1.570742822884856338e-01 4.788898897539376615e-02
1.614519248827469278e-01 3.186888301180058197e-02
1.642003172108398579e-01 1.544162946607446733e-02
1.652803481581602008e-01 -1.227469399755148167e-03
1.646696508013464622e-01 -1.796916337547957432e-02
1.623630270607261117e-01 -3.461194959875952409e-02
1.583726976635784767e-01 -5.098381913244163371e-02
1.527283789604502173e-01 -6.691402875948941620e-02
1.454771795525366673e-01 -8.223488773486471726e-02
1.366833067747039721e-01 -9.678354387080062571e-02
1.264275907807963784e-01 -1.104037417519961872e-01
1.148068257202652376e-01 -1.229475366944560721e-01
1.019329317904546922e-01 -1.342769451277958381e-01
8.793194402850680602e-02 -1.442655123583402588e-01
7.294283577313763478e-02 -1.527997791766836366e-01
5.711618675371711584e-02 -1.597806295092004114e-01
4.061270772603219753e-02 -1.651245022758973113e-01
2.360163544474019881e-02 -1.687644518015820883e-01
