0.000000000000000000e+00 0.000000000000000000e+00
-1.009705427097473988e-05 6.337904364779005478e-07
-3.984244467408802701e-05 7.049614524884835160e-06
-8.731138857357784644e-05 2.571621098175454401e-05
-1.491607225126550802e-04 6.261852152362921639e-05
-2.207318606909222853e-04 1.229983549502425147e-04
-2.961964631082469358e-04 2.111147127108535895e-04
-3.687413309718882547e-04 3.300303452986482725e-04
-4.307880841868962063e-04 4.814305249566327733e-04
-4.742423069261560847e-04 6.654793001759671612e-04
-4.907660911228398613e-04 8.807176560514771860e-04
-4.720672806712669406e-04 1.124007058888779921e-03
-4.101982350647466577e-04 1.390520832870580569e-03
-2.978568737005543848e-04 1.673785454589914873e-03
-1.286811948682835478e-04 1.965770000721843956e-03
1.024691836795533221e-04 2.257023607840653607e-03
3.992516854491851399e-04 2.536860918770198099e-03
7.636079088905400013e-04 2.793590065494529380e-03
1.195565486226069819e-03 3.014779575092267627e-03
1.693080705807945095e-03 3.187558947635026931e-03
2.251927148591628940e-03 3.298946765194417461e-03
2.865634675318102370e-03 3.336199418461165220e-03
3.525482078044967112e-03 3.287172899323522867e-03
4.220545597383679008e-03 3.140689618998694210e-03
4.937804326711987823e-03 2.886901883913959264e-03
5.662302299865716593e-03 2.517643504484466319e-03
6.377365813601991625e-03 2.026761030868045720e-03
7.064873295407109524e-03 1.410416306989881706e-03
7.705573816078364023e-03 6.673524083722674966e-04
8.279449189766570003e-03 -2.008844241266628501e-04
8.766113525853776178e-03 -1.189773531795151624e-03
9.145243120007145662e-03 -2.291705080364180806e-03
9.397028717113536933e-03 -3.495926608974195618e-03
9.502641465601766382e-03 -4.788554575156724752e-03
9.444703327441466775e-03 -6.152653361864195841e-03
9.207752324607696229e-03 -7.568382910668094120e-03
8.778692801637618531e-03 -9.013214788742665226e-03
8.147220872350480203e-03 -1.046221511154581639e-02
7.306217215033630925e-03 -1.188839379095432691e-02
6.252091393057955526e-03 -1.326310929211173273e-02
4.985075140106216829e-03 -1.455652574094650625e-02
3.509459142846716156e-03 -1.573812214553815467e-02
1.833760051499706877e-03 -1.677723867647686745e-02
-2.918591910579139274e-05 -1.764365294087799282e-02
-2.062207544524226419e-03 -1.830817635650698952e-02
-4.243864708922304510e-03 -1.874326003369956514e-02
-6.548598056412471141e-03 -1.892359905610124793e-02
-8.946962634938295661e-03 -1.882672372993401608e-02
-1.140594443522557379e-02 -1.843356625536905075e-02
-1.388935715172069478e-02 -1.772899136884069013e-02
-1.635831492680234547e-02 -1.670227981417130719e-02
-1.877177531267815169e-02 -1.534755402176745526e-02
-2.108714522597568419e-02 -1.366413610364587174e-02
-2.326094130590589809e-02 -1.165682919847015747e-02
-2.524949484456659107e-02 -9.336114312222223294e-03
-2.700969036221380695e-02 -6.718256080278654958e-03
-2.849972597373581773e-02 -3.825312305834292336e-03
-2.967988295492585138e-02 -6.850436851536887556e-04
-3.051329138528491303e-02 2.669278213155461786e-03
-3.096667843137185933e-02 6.199164917195680580e-03
-3.101108575091205549e-02 9.861305396398182405e-03
-3.062254264881932378e-02 1.360805741959785278e-02
-2.978268200377613001e-02 1.738803079188948678e-02
-2.847929177818089505e-02 2.114675954447023387e-02
-2.670677314245518269e-02 2.482744497614043644e-02
-2.446650941740721730e-02 2.837176131920461988e-02
-2.176714516857088805e-02 3.172072456257073875e-02
-1.862475091940966540e-02 3.481560098384668678e-02
-1.506287334519984360e-02 3.759884434353175098e-02
-1.111246659863732861e-02 4.001504718137927075e-02
-6.811702285813923084e-03 4.201189104329308005e-02
-2.205657560519572354e-03 4.354108009694942355e-02
2.654117195618820729e-03 4.455924247623250373e-02
7.710147622672099306e-03 4.502878383483024938e-02
1.289969607620135121e-02 4.491867799002346312e-02
1.815552632873896136e-02 4.420518019651659136e-02
2.340676297424934202e-02 4.287244950037825963e-02
2.857983447813955413e-02 4.091306777392039740e-02
3.359948720895398339e-02 3.832844440851814610e-02
3.838985635654594553e-02 3.512909722481698249e-02
4.287557841154306104e-02 3.133480192584605500e-02
4.698292887563502301e-02 2.697460434217961028e-02
5.064096811143645877e-02 2.208669177050119267e-02
5.378267774057639283e-02 1.671812185629062419e-02
5.634606977120518168e-02 1.092440968444461855e-02
5.827525068902705135e-02 4.768975983615824157e-03
5.952142308243989904e-02 -1.677538414800609778e-03
6.004380799104505617e-02 -8.338084529809967546e-03
5.981048206091796327e-02 -1.513013780231105623e-02
5.879908259636826978e-02 -2.196673317993897215e-02
5.699739154073138470e-02 -2.875758531806344581e-02
5.440380527126345567e-02 -3.541029353516635808e-02
5.102764892246577921e-02 -4.183160629397698893e-02
4.688933809174193612e-02 -4.792872884667084832e-02
4.202038229431949434e-02 -5.361065539047774053e-02
3.646322684116717200e-02 -5.878950637315662198e-02
3.027093220607308954e-02 -6.338185116916981998e-02
2.350669238979959108e-02 -6.730999622703054408e-02
1.624319624279181237e-02 -7.050321897164356366e-02
8.561838135233422117e-03 -7.289892823315316517e-02
5.517867264258403438e-04 -7.444373276160047570e-02
-7.691077152652964211e-03 -7.509440046571552729e-02
-1.606534036520895423e-02 -7.481869237104314674e-02
-2.446533999141187535e-02 -7.359605690930000332e-02
-3.278253166665284074e-02 -7.141817200520560183e-02
-4.090692537587801297e-02 -6.828932449306929220e-02
-4.872856908403695730e-02 -6.422661864369084983e-02
-5.613905960114674853e-02 -5.926000798011646364e-02
-6.303305939553810466e-02 -5.343214707348065140e-02
-6.930979769350240072e-02 -4.679806260045626248e-02
-7.487453414623612691e-02 -3.942464557328660690e-02
-7.963996360920250206e-02 -3.138996928265436193e-02
-8.352754116347220481e-02 -2.278244008319573952e-02
-8.646872158561874633e-02 -1.369979036988756664e-02
-8.840605089268500916e-02 -4.247920338846667386e-03
-8.929412222535076937e-02 5.460381511605584548e-03
-8.910040978975436454e-02 1.530683335189986227e-02
-8.780592395506313375e-02 2.516915470889664191e-02
-8.540569026060135238e-02 3.492263819030673455e-02
-8.190904340922848526e-02 4.444177720628634393e-02
-7.733972986959322671e-02 5.360192763337298660e-02
-7.173581536870660136e-02 6.228098066215675965e-02
-6.514939628958897611e-02 7.036102368992445955e-02
-5.764611675678407710e-02 7.772996607046150919e-02
-4.930449595487992887e-02 8.428310681774077440e-02
-4.021507294141662969e-02 8.992462197575733229e-02
-3.047937884590969440e-02 9.456895030590288520e-02
-2.020874885247114436e-02 9.814205719396178196e-02
-9.522988707701060540e-03 1.005825582241321181e-01
1.451087356497657559e-03 1.018426856861986973e-01
1.258122847559402062e-02 1.018890833488362846e-01
2.373140830757640429e-02 1.007034171181094839e-01
3.476355363551946603e-02 9.828279167326930965e-02
4.553931748264708479e-02 9.463996579696598577e-02
5.592187304353675448e-02 8.980336185671145000e-02
6.577770430391216561e-02 8.381686770992302637e-02
7.497836912735778014e-02 7.673943215605058543e-02
8.340221083231239008e-02 6.864445790553236337e-02
9.093600972620784206e-02 5.961900426187166646e-02
9.747650876718069735e-02 4.976278570725090056e-02
1.029318170283502892e-01 3.918700686762105478e-02
1.072227054941865543e-01 2.801304898772749227e-02
1.102837331182037195e-01 1.637100471281159250e-02
1.120642007603235984e-01 4.398088690695198602e-03
1.125289193990618025e-01 -7.763055511618830243e-03
1.116587814826576208e-01 -1.996613020814680742e-02
1.094511269094139011e-01 -3.206301696805129858e-02
1.059198978740225616e-01 -4.390564456326008502e-02
1.010955796451065147e-01 -5.534786696011422674e-02
9.502492721002354925e-02 -6.624732663220420092e-02
8.777048059610709219e-02 -7.646727861603282161e-02
7.940987451309615419e-02 -8.587835121101908276e-02
7.003495072025507640e-02 -9.436022003355432064e-02
5.975068416552772876e-02 -1.018031732594864708e-01
4.867393643670045456e-02 -1.081095473142682367e-01
3.693205237191973106e-02 -1.131950139747860268e-01
2.466131776782756746e-02 -1.169897018073893236e-01
1.200529796982715766e-02 -1.194391370551679127e-01
-8.869212940585480612e-04 -1.205049914733997141e-01
-1.386256818725195399e-02 -1.201656271619042926e-01
-2.676707051763279818e-02 -1.184164311214390558e-01
-3.944596867871426327e-02 -1.152699350311508636e-01
-5.174683115284108015e-02 -1.107557185673851974e-01
-6.352115859182200230e-02 -1.049201080191579510e-01
-7.462622391554972479e-02 -9.782563676567407329e-02
-8.492683539574145957e-02 -8.955030901153758494e-02
-9.429702899156483520e-02 -8.018669004360676200e-02
-1.026216383655297881e-01 -6.984080019537398931e-02
-1.097977308457674939e-01 -5.863083973209344546e-02
-1.157358912002465906e-01 -4.668576105141414995e-02
-1.203613371074703786e-01 -3.414370652411218010e-02
-1.236148524299360840e-01 -2.115033197948613247e-02
-1.254535267900823980e-01 -7.857037249265180420e-03
-1.258512924805450239e-01 5.580873694613176089e-03
-1.247992523765697748e-01 1.900607965223225296e-02
-1.223057952225449080e-01 3.226115229050351835e-02
-1.183964974004616116e-01 4.519046535577420087e-02
-1.131138130191866181e-01 5.764207905638483315e-02
-1.065165568536266261e-01 6.946957609446856308e-02
-9.867918727698121728e-02 8.053382655541133084e-02
-8.969089883351195891e-02 9.070465988250063505e-02
-7.965453646170027324e-02 9.986242345742726845e-02
-6.868534556845888595e-02 1.078994088550923325e-01
-5.690957414700986705e-02 1.147211286211081982e-01
-4.446294489997092841e-02 1.202474284069049437e-01
-3.148901685417015983e-02 1.244134214626553964e-01
-1.813745721726432031e-02 1.271702348022790696e-01
-4.562245214509800910e-03 1.284855587860784243e-01
9.080172609256942709e-03 1.283440063093948813e-01
2.263274872245773714e-02 1.267472401946695693e-01
3.593969269933195571e-02 1.237138972680328630e-01
4.884831243728431083e-02 1.192793327831181832e-01
6.121080978106222675e-02 1.134951526848953229e-01
7.288600922242349789e-02 1.064285532289404590e-01
8.374099908063827036e-02 9.816147721062287723e-02
9.365266581876036112e-02 8.878959824563005532e-02
1.025091036299299874e-01 7.842114656446670662e-02
1.102108831153004176e-01 6.717559161530721468e-02
1.166721647465010225e-01 5.518219839094631873e-02
1.218216448347757414e-01 4.257847578868489968e-02
1.256033238883130509e-01 2.950853646214251710e-02
1.279770894998739361e-01 1.612138851985589136e-02
1.289191082386979548e-01 2.569180059163830420e-03
1.284220233935584321e-01 -1.099458210904152508e-02
1.264949577973667194e-01 -2.441681808946067483e-02
1.231633233279508660e-01 -3.754664359558043674e-02
1.184684409953368073e-01 -5.023710084150868893e-02
1.124669777648220903e-01 -6.234683144156576845e-02
1.052302084006165733e-01 -7.374167203937513626e-02
9.684311262187828007e-02 -8.429615452390845642e-02
8.740331971876991179e-02 -9.389489403136216938e-02
7.701991446010800213e-02 -1.024338494590702892e-01
6.581211961819224965e-02 -1.098214429093030686e-01
5.390787632976104526e-02 -1.159795343153862679e-01
4.144232240884740404e-02 -1.208442185458735302e-01
2.855620567534558618e-02 -1.243664496704087324e-01
1.539425525960304124e-02 -1.265125055568932233e-01
2.103514615164391987e-03 -1.272642659501061480e-01
-1.116833774506516969e-02 -1.266193096601138657e-01
-2.427466025023251872e-02 -1.245908316282471895e-01
-3.707149380256066773e-02 -1.212073827336331427e-01
-4.941916218334763133e-02 -1.165124372333052882e-01
-6.118380944436327407e-02 -1.105637946704479957e-01
-7.223885735889466753e-02 -1.034328249167847658e-01
-8.246636715425602338e-02 -9.520356671666134474e-02
-9.175829106195118601e-02 -8.597169165409873637e-02
-1.000176006842598692e-01 -7.584334685424992673e-02
-1.071592807666977704e-01 -6.493389094377655102e-02
-1.131111786634379501e-01 -5.336653881978670189e-02
-1.178147015654210095e-01 -4.127093160564709179e-02
-1.212253554061362704e-01 -2.878164879808875476e-02
-1.233131212451159808e-01 -1.603668003027160227e-02
-1.240626668313472014e-01 -3.175874088838747528e-03
-1.234733929456993257e-01 9.660617169095251505e-03
-1.215593159911266818e-01 2.233388254659692679e-02
-1.183487901209514526e-01 3.470776582149437406e-02
-1.138840739489637433e-01 4.665033415675150230e-02
-1.082207485516683276e-01 5.803528487075033937e-02
-1.014270034039825019e-01 6.874327600335854160e-02
-9.358277408907067496e-02 7.866316954910607118e-02
-8.477876078147951466e-02 8.769316660778805894e-02
-7.511535637628473372e-02 9.574182900483897696e-02
-6.470147194011975633e-02 1.027289787070548438e-01
-5.365328190918503687e-02 1.085864651802758013e-01
-4.209290374190138850e-02 1.132587939721139136e-01
-3.014702723284413965e-02 1.167036114223656273e-01
-1.794550901770034998e-02 1.188920420509484988e-01
-5.619947946217875023e-03 1.198088768290364731e-01
6.697743026288898067e-03 1.194526121853047435e-01
1.887675297448139153e-02 1.178353412180235121e-01
3.078876207151901023e-02 1.149825001581140510e-01
4.230928901370292761e-02 1.109324746419472207e-01
5.331898288948944131e-02 1.057360717903989555e-01
6.370484638380739806e-02 9.945586543870996166e-02
7.336137813740092883e-02 9.216542310745123867e-02
8.219162312343245014e-02 8.394842443710864854e-02
9.010812104615653628e-02 7.489768181788179768e-02
9.703374399501506209e-02 6.511407482403427927e-02
1.029024158872899330e-01 5.470541080189936928e-02
1.076597075882070736e-01 4.378522455757119514e-02
1.112633029938664003e-01 3.247153054114757659e-02
1.136833327841578756e-01 2.088554122741595118e-02
1.149025739846320643e-01 9.150365547853339665e-03
1.149165215179794863e-01 -2.610290877663604039e-03
1.137333157371660797e-01 -1.427343700918599911e-02
1.113735335219455530e-01 -2.571808204936362405e-02
1.078698653268972407e-01 -3.682647068967328380e-02
1.032666647600630344e-01 -4.748528098328980845e-02
9.761938164935436701e-02 -5.758676370983678572e-02
9.099388584649699407e-02 -6.702981215136298576e-02
8.346569003933010378e-02 -7.572095206471077256e-02
7.511908076425335978e-02 -8.357524259116029530e-02
6.604616762395895679e-02 -9.051707987843025938e-02
5.634586141549831340e-02 -9.648089629109800336e-02
4.612279245529986998e-02 -1.014117492412313359e-01
3.548618084728830113e-02 -1.052657948691267942e-01
2.454867077529143335e-02 -1.080106430320175587e-01
1.342514111036269969e-02 -1.096255913036753987e-01
2.231504707779838250e-03 -1.101017369376568605e-01
-8.916491271505830318e-03 -1.094419669892918168e-01
-1.990445184201977344e-02 -1.076608280144798063e-01
-3.062049558450066766e-02 -1.047842779553508907e-01
-4.095637944680698833e-02 -1.008493239728598251e-01
-5.080857595735191468e-02 -9.590355108390680172e-02
-6.007929245676500024e-02 -9.000454749580562297e-02
-6.867742265114246125e-02 -8.321923349501882117e-02
-7.651942157422927937e-02 -7.562310163175717248e-02
-8.353009590746512947e-02 -6.729937673988603541e-02
-8.964330283411577061e-02 -5.833811786086609552e-02
-9.480255594708632272e-02 -4.883523232540636777e-02
-9.896151938700178952e-02 -3.889143957532079088e-02
-1.020843955942525305e-01 -2.861122146926971255e-02
-1.041462057515361583e-01 -1.810173090225762615e-02
-1.051329585371869463e-01 -7.471682746638998347e-03
-1.050417065189475085e-01 3.169761615712864480e-03
-1.038804906357149171e-01 1.371410494611919467e-02
-1.016681743170904650e-01 2.405460891711137111e-02
-9.843416986668482305e-02 3.408736218652035771e-02
-9.421806077547312253e-02 4.371231133115573847e-02
-8.906912462648468309e-02 5.283424465431707517e-02
-8.304576219281160909e-02 6.136371943487883146e-02
-7.621483920875908591e-02 6.921792382601081595e-02
-6.865094810105724921e-02 7.632146533159986368e-02
-6.043559769667525977e-02 8.260707858074600729e-02
-5.165633956946061311e-02 8.801624597726438737e-02
-4.240584024404493030e-02 9.249972571332147619e-02
-3.278090893763645902e-02 9.601798259500710087e-02
-2.288149088470539660e-02 9.854151812339220773e-02
-1.280963655324048912e-02 1.000510972976097063e-01
-2.668457222480210417e-03 1.005378706466727723e-01
7.438922550034088310e-03 1.000033910442202495e-01
1.741040508960650310e-02 9.845952590501960699e-02
2.714594205884115694e-02 9.592826639372563358e-02
3.654852154887246185e-02 9.244144875475074352e-02
4.552513888424693234e-02 8.804035624522271730e-02
5.398771167675958660e-02 8.277522397798786624e-02
6.185392372360332125e-02 7.670468278242216498e-02
6.904801548756520080e-02 6.989511196472518451e-02
7.550150333666838520e-02 6.241991867196577254e-02
8.115382083240740840e-02 5.435875156056440421e-02
8.595287617378366551e-02 4.579665707379151213e-02
8.985552077608825738e-02 3.682318715121329911e-02
9.282792487964436345e-02 2.753146762116694471e-02
9.484585703563880310e-02 1.801723686164125385e-02
9.589486529409317617e-02 8.377864552430225320e-03
9.597035891342557690e-02 -1.288639519830856589e-03
9.507759041181951254e-02 -1.088461660334750537e-02
9.323153877769224662e-02 -2.031374013003736656e-02
9.045669564033592680e-02 -2.948197709156412383e-02
8.678675716249742433e-02 -3.829852011878769752e-02
8.226422534474447934e-02 -4.667668109101436730e-02
7.693992331781018823e-02 -5.453473754147445535e-02
7.087243003504366257e-02 -6.179672365074265206e-02
6.412744055434553558e-02 -6.839315822468795825e-02
5.677705881005430666e-02 -7.426170273152411794e-02
4.889903041330504602e-02 -7.934774321668855435e-02
4.057592357822265711e-02 -8.360489071676283079e-02
3.189426674563380221e-02 -8.699539564598357533e-02
2.294366520842049811e-02 -8.949047964420392409e-02
1.381586158873570648e-02 -9.107056606102574559e-02
4.603786223600466604e-03 -9.172540719049575297e-02
-4.599371099953181684e-03 -9.145413139255934021e-02
-1.370110085099588565e-02 -9.026519146967407203e-02
-2.261050052885521522e-02 -8.817621947630528700e-02
-3.123917924563025111e-02 -8.521379002279916293e-02
-3.950213113849651569e-02 -8.141309504678753695e-02
-4.731856900390012804e-02 -7.681753390157514128e-02
-5.461271000153627986e-02 -7.147822344302812159e-02
-6.131450581193045868e-02 -6.545343357615650282e-02
-6.736031024142945245e-02 -5.880795444220852236e-02
-7.269347794613421898e-02 -5.161240207970486937e-02
-7.726488868432521140e-02 -4.394246997174271890e-02
-8.103339229711106761e-02 -3.587813439186055692e-02
-8.396617045119822431e-02 -2.750282187711770160e-02
-8.603901204700908911e-02 -1.890254748593152637e-02
-8.723650009068462108e-02 -1.016503273682822783e-02
-8.755210874037891444e-02 -1.378812270617876291e-03
-8.698821015630371634e-02 7.367661668266208171e-03
-8.555599170064481784e-02 1.598690787537365016e-02
-8.327528493832687950e-02 2.439328903077072133e-02
-8.017430877350446849e-02 3.250386004252512478e-02
-7.628932991054651613e-02 4.023918349644117765e-02
-7.166424464358690793e-02 4.752410421183914102e-02
-6.635010127647683609e-02 5.428847471945810743e-02
-6.040452394820569615e-02 6.046783315774800771e-02
-5.389107445602772661e-02 6.600400901129148401e-02
-4.687858848208462798e-02 7.084566021345289899e-02
-3.944044921661657432e-02 7.494874182783170524e-02
-3.165382039942528369e-02 7.827689812747956610e-02
-2.359884679737492968e-02 8.080177468170614274e-02
-1.535783040413643379e-02 8.250324789421209504e-02
-7.014390830484877604e-03 8.336957028960788330e-02
1.347381551941028615e-03 8.339743070914604206e-02
9.643771143594333239e-03 8.259192944177451423e-02
1.779227283675440321e-02 8.096646917458294457e-02
2.571240959757579991e-02 7.854256348884054717e-02
3.332652383451533556e-02 7.534956544527798838e-02
4.056053480530449201e-02 7.142431958713077456e-02
4.734465471837716322e-02 6.681074143402834786e-02
5.361405665933077075e-02 6.155932923685086128e-02
5.930948801297891704e-02 5.572661340657686369e-02
6.437782365074275204e-02 4.937454961269966552e-02
6.877255380494999570e-02 4.256986206380676541e-02
7.245420224891022110e-02 3.538334392978331050e-02
7.539067113692059230e-02 2.788912223789792588e-02
7.755750962384490299e-02 2.016389487063197442e-02
7.893810417151223002e-02 1.228614750929686410e-02
7.952378925057804193e-02 4.335358503080195651e-03
7.931388901577912653e-02 -3.608792902992051781e-03
7.831565927989150855e-02 -1.146723489492720155e-02
7.654414611750511022e-02 -1.916229113830604860e-02
7.402199062651974859e-02 -2.661843417787775057e-02
7.077915029056019991e-02 -3.376302176382343229e-02
6.685254964256137633e-02 -4.052699904023097238e-02
6.228566425770606929e-02 -4.684555988401891552e-02
5.712804273232935381e-02 -5.265876114526540225e-02
5.143477188182486032e-02 -5.791208406042265555e-02
4.526589090962097883e-02 -6.255693768252711118e-02
3.868576075642665008e-02 -6.655109979089317285e-02
3.176239523057291375e-02 -6.985909140029253339e-02
2.456676084289073636e-02 -7.245248167966453212e-02
1.717205252060283877e-02 -7.431012080547146070e-02
9.652952552762078531e-03 -7.541829900768431960e-02
2.084880223623057464e-03 -7.577083080968180506e-02
-5.456760380293208985e-03 -7.536906420967093290e-02
-1.289732694810060559e-02 -7.422181529325702631e-02
-2.016367258329025344e-02 -7.234522949708402373e-02
-2.718485936724838320e-02 -6.976257145516223668e-02
-3.389284496777477534e-02 -6.650394604589061898e-02
-4.022313573424204924e-02 -6.260595391231325857e-02
-4.611540010382297189e-02 -5.811128534469917062e-02
-5.151403658294285981e-02 -5.306825698747094644e-02
-5.636869105971539784e-02 -4.753029635690839139e-02
-6.063472389198218404e-02 -4.155539044182332553e-02
-6.427361162871080003e-02 -3.520546833048037588e-02
-6.725327798959412906e-02 -2.854575360340953077e-02
-6.954836980916298539e-02 -2.164411082773420869e-02
-7.114046235217123815e-02 -1.457035868344579502e-02
-7.201819509297500976e-02 -7.395568615380861653e-03
-7.217733713136721685e-02 -1.913559820691839634e-04
-7.162078210863452588e-02 6.970829307603614022e-03
-7.035847317469209883e-02 1.402040572684356071e-02
-6.840725923322028834e-02 2.088834980407877975e-02
-6.579068435046923902e-02 2.750786588790156417e-02
-6.253871284891746041e-02 3.381502959702493288e-02
-5.868739321322892499e-02 3.974939885055312622e-02
-5.427846450730842293e-02 4.525458673237368890e-02
-4.935890953277063953e-02 5.027879085449935004e-02
-4.398045944592687828e-02 5.477527434345417362e-02
-3.819905498820881651e-02 5.870279407656134318e-02
-3.207426987023997977e-02 6.202597233607815008e-02
-2.566870217900019124e-02 6.471560862306707795e-02
-1.904733994816709339e-02 6.674892897408919723e-02
-1.227690724165893255e-02 6.810977074647540930e-02
-5.425197247961779240e-03 6.878870147585534889e-02
1.439601032965075102e-03 6.878307105666166266e-02
8.249575907855665954e-03 6.809699714625540301e-02
1.493775935361054200e-02 6.674128434004657218e-02
2.143877950491362983e-02 6.473328914966788861e-02
2.768950018183146886e-02 6.209669928759179586e-02
3.362962654958898123e-02 5.886125205745987299e-02
3.920227829454565188e-02 5.506241737563728755e-02
4.435452930597472143e-02 5.074101587890168796e-02
4.903790556218756008e-02 4.594278679011162825e-02
5.320883660337166060e-02 4.071791002978950719e-02
5.682905644686561675e-02 3.512048747961418055e-02
5.986595031126436262e-02 2.920798867296736309e-02
6.229284405854366297e-02 2.304066650431753696e-02
6.408923383305931143e-02 1.668094881088306655e-02
6.524095396750904940e-02 1.019281188457245302e-02
6.574028183298166739e-02 3.641142117644945424e-03
6.558597892716336308e-02 -2.908907929124692621e-03
6.478326811588283607e-02 -9.392562722262397593e-03
6.334374756242647231e-02 -1.574605993789950434e-02
6.128524249063724977e-02 -2.190727344922081821e-02
5.863159652613049444e-02 -2.781631709275311781e-02
5.541240493914345588e-02 -3.341612339960183670e-02
5.166269266728629184e-02 -3.865299174530535675e-02
4.742254052161217620e-02 -4.347710069211283002e-02
4.273666346993680587e-02 -4.784297966690387316e-02
3.765394534258793835e-02 -5.170993553303851464e-02
3.222693471354889233e-02 -5.504243007101392721e-02
2.651130707076767776e-02 -5.781040487641811443e-02
2.056530397574842309e-02 -5.998955928852970493e-02
1.444913445152809506e-02 -6.156155498506913487e-02
8.224366396413626198e-03 -6.251415685314880288e-02
1.953318080916457457e-03 -6.284133074661378549e-02
-4.301562248222369836e-03 -6.254327237747790702e-02
-1.047831523400689566e-02 -6.162637454477898347e-02
-1.651608165597422823e-02 -6.010313326692822561e-02
-2.235570006249023092e-02 -5.799199398108061815e-02
-2.794028494548652167e-02 -5.531713955809741678e-02
-3.321577982353364489e-02 -5.210822244826070204e-02
-3.813147986278728196e-02 -4.840004381582849180e-02
-4.264051898113888767e-02 -4.423218303458837514e-02
-4.670031674581655301e-02 -3.964858139655889901e-02
-5.027298078504943701e-02 -3.469708432725617658e-02
-5.332566088621498723e-02 -2.942894679928967014e-02
-5.583085144169313424e-02 -2.389830698739676615e-02
-5.776663942464926177e-02 -1.816163350903988657e-02
-5.911689562512063845e-02 -1.227715184254719351e-02
-5.987140744657468844e-02 -6.304255706818544594e-03
-6.002595214901865206e-02 -3.029093210449513890e-04
-5.958231002096958662e-02 5.666953461817177129e-03
-5.854821756317636627e-02 1.154602713854866250e-02
-5.693726136588947440e-02 1.727622369135138961e-02
-5.476871395267744053e-02 2.280124701491436853e-02
-5.206731344160926700e-02 2.806714693640836172e-02
-4.886299790187906278e-02 3.302285186455621024e-02
-4.519056912485189953e-02 3.762066504744761286e-02
-4.108931245332461679e-02 4.181671836028803824e-02
-3.660259068510369335e-02 4.557139514328285845e-02
-3.177738942814156697e-02 4.884970609085769605e-02
-2.666382807223682816e-02 5.162161701220150528e-02
-2.131464142831000774e-02 5.386232533840756148e-02
-1.578463736920080948e-02 5.555248277766207388e-02
-1.013013603432012799e-02 5.667836207192891718e-02
-4.408396332043358276e-03 5.723196638041127410e-02
1.322964413290575849e-03 5.721108040117858784e-02
7.006551769727737029e-03 5.661926293673411742e-02
1.258577056860582521e-02 5.546578120576920595e-02
1.800539051281181344e-02 5.376548779568569858e-02
2.321209532428437916e-02 5.153864173269322863e-02
2.815500991808298631e-02 4.881067571223680901e-02
3.278620033208855949e-02 4.561191207642041612e-02
3.706114143697503832e-02 4.197723064146306055e-02
4.093914779739279974e-02 3.794569196147157958e-02
4.438376344872915769e-02 3.356012006011310084e-02
4.736310679024380299e-02 2.886664906421744850e-02
4.985016727022669597e-02 2.391423852897690827e-02
5.182305104701939030e-02 1.875416254943876315e-02
5.326517334581742230e-02 1.343947800425927819e-02
5.416539578959739254e-02 8.024477472837571526e-03
5.451811686965884335e-02 2.564133512305574389e-03
5.432328691009964683e-02 -2.886467461817587843e-03
5.358636543095199323e-02 -8.272682442308144923e-03
5.231824179844625500e-02 -1.354085948800214968e-02
5.053509208022412269e-02 -1.863887536177269780e-02
4.825818280530427828e-02 -2.351665450366289406e-02
4.551362392544855417e-02 -2.812666410255279179e-02
4.233207379129457631e-02 -3.242438030206851868e-02
3.874839944181120155e-02 -3.636872090005752178e-02
3.480129595418721133e-02 -3.992244027194422062e-02
3.053286900859687736e-02 -4.305248266278657171e-02
2.598818518408979594e-02 -4.573029044626733541e-02
2.121479481433502859e-02 -4.793206443625944863e-02
1.626223249189941156e-02 -4.963897385242246191e-02
1.118150051480793113e-02 -5.083731408002117869e-02
6.024540717056670221e-03 -5.151861091989223818e-02
8.437002143321250354e-04 -5.167967059116519712e-02
-4.308803373302541595e-03 -5.132257532093638386e-02
-9.381411688672512336e-03 -5.045462492523442033e-02
-1.432374494879241726e-02 -4.908822534835530216e-02
-1.908710549887238095e-02 -4.724072567666397909e-02
-2.362496050777490586e-02 -4.493420567263528564e-02
-2.789339895675424508e-02 -4.219521637952534932e-02
-3.185155837625216341e-02 -3.905447682117411945e-02
-3.546201713475429645e-02 -3.554653026037267460e-02
-3.869115514241672216e-02 -3.170937000251380228e-02
-4.150946202862130369e-02 -2.758401703642425484e-02
-4.389179612921616236e-02 -2.321407471945599252e-02
-4.581761042407839213e-02 -1.864527308281490811e-02
-4.727112451098004070e-02 -1.392498747456530697e-02
-4.824144637336283403e-02 -9.101744274372469343e-03
-4.872264309789983011e-02 -4.224718900661744540e-03
-4.871376023975565461e-02 6.567686320796292622e-04
-4.821879007413353707e-02 5.493755367499816508e-03
-4.724658950613264824e-02 1.023812910953368627e-02
-4.581074893152602828e-02 1.484310913813299652e-02
-4.392941384316195741e-02 1.926370908580267438e-02
-4.162506145602579144e-02 2.345717735389587014e-02
-3.892423507345280781e-02 2.738341072618381139e-02
-3.585723933329361401e-02 3.100533715921569705e-02
-3.245779985154082642e-02 3.428926409064755182e-02
-2.876269111842260154e-02 3.720518900358667919e-02
-2.481133679500596712e-02 3.972706941251447077e-02
-2.064538680417646321e-02 4.183304988939615804e-02
-1.630827580650041561e-02 4.350564422212790938e-02
-1.184476779715176904e-02 4.473187128591672029e-02
-7.300491653845418011e-03 4.550334370637993536e-02
-2.721472507166360078e-03 4.581630889544981156e-02
1.846336205907734944e-03 4.567164254185757805e-02
6.357515206273415230e-03 4.507479513198361931e-02
1.076763309106102372e-02 4.403570059986744445e-02
1.503368617668055310e-02 4.256862321637736035e-02
1.911451332368855477e-02 4.069196314608020809e-02
2.297119071937365337e-02 3.842803864386507007e-02
2.656740030519354201e-02 3.580282272045361841e-02
2.986976790807874260e-02 3.284564568511715021e-02
3.284816797725022275e-02 2.958886699417910895e-02
3.547599221155977450e-02 2.606752010761779342e-02
3.773037976892756884e-02 2.231893428716797204e-02
3.959240717446040753e-02 1.838233745625491786e-02
4.104723648268605862e-02 1.429844438335293490e-02
4.208422069695455514e-02 1.010903454515243820e-02
4.269696590068235154e-02 5.856524073807508821e-03
4.288335000561313559e-02 1.583536194044922463e-03
4.264549846727009458e-02 -2.667525488199293943e-03
4.198971775244889071e-02 -6.854896572766066426e-03
4.092638776359144859e-02 -1.093786018671665666e-02
3.946981482595578183e-02 -1.487714007157664269e-02
3.763804722172085088e-02 -1.863527467843354921e-02
3.545265560722384718e-02 -2.217696875905176765e-02
3.293848097188174090e-02 -2.546941921933744760e-02
3.012335308730785394e-02 -2.848261230857845883e-02
2.703778265017136098e-02 -3.118958955000290800e-02
2.371463054048563238e-02 -3.356668017120100628e-02
2.018875779684520949e-02 -3.559369816300968214e-02
1.649666352794115082e-02 -3.725410825648810959e-02
1.267610116713446637e-02 -3.853514347244364063e-02
8.765691333690945469e-03 -3.942788160506890266e-02
4.804537930091075555e-03 -3.992729476374151654e-02
8.318394290457552112e-04 -4.003225515222010034e-02
-3.113495992391096361e-03 -3.974550248598995861e-02
-6.993227735804587696e-03 -3.907357389285725374e-02
-1.077014887814078427e-02 -3.802669749975823299e-02
-1.440843764482928162e-02 -3.661865124826015755e-02
-1.787399101906734719e-02 -3.486658879958914187e-02
-2.113473747285053370e-02 -3.279083468436046200e-02
-2.416092605686914752e-02 -3.041465111993662748e-02
-2.692538936071636746e-02 -2.776397915736485492e-02
-2.940377814852040972e-02 -2.486715702850759296e-02
-3.157476578505299947e-02 -2.175461874098222337e-02
-3.342022089016706554e-02 -1.845857611244881499e-02
-3.492534699159917377e-02 -1.501268754605801850e-02
-3.607878828420486156e-02 -1.145171692505798922e-02
-3.687270094417263028e-02 -7.811186046780291790e-03
-3.730278978654013450e-02 -4.127024024751758773e-03
-3.736831038982939973e-02 -4.352170632235665771e-04
-3.707203713995960853e-02 3.228538048382267357e-03
-3.642019796361063017e-02 6.829173461357640473e-03
-3.542237682610544641e-02 1.033257967118473598e-02
-3.409138535818777294e-02 1.370592180049479136e-02
-3.244311072222602621e-02 1.691794090069062562e-02
-3.049632418604575346e-02 1.993923709139642717e-02
-2.827246546882325115e-02 2.274252780998545914e-02
-2.579541545369268274e-02 2.530288494978381181e-02
-2.309124280043062596e-02 2.759794720763387998e-02
-2.018793281086309760e-02 2.960810566747405781e-02
-1.711510132183835867e-02 3.131666122556356346e-02
-1.390369649880353678e-02 3.270995274502986466e-02
-1.058569147314295314e-02 3.377745511471606787e-02
-7.193770808650534060e-03 3.451184667739230771e-02
-3.761013796724378862e-03 3.490904578253421764e-02
-3.205775666255681927e-04 3.496821650634989592e-02
3.094617042966354026e-03 3.469174386405620564e-02
6.452193970719916072e-03 3.408517911425198998e-02
9.720621988023155080e-03 3.315715602048524557e-02
1.286950364756053039e-02 3.191927918840203188e-02
1.586985058623409037e-02 3.038598583621382465e-02
1.869434280053925909e-02 2.857438257974770010e-02
2.131756968819775375e-02 2.650405901962265762e-02
2.371625084265754566e-02 2.419688010558928085e-02
2.586943479474071439e-02 2.167675942052258928e-02
2.775867411656355449e-02 1.896941567269759543e-02
2.936817553455731838e-02 1.610211480897185896e-02
3.068492393887109135e-02 1.310340026276898308e-02
3.169877942352126304e-02 1.000281392882916738e-02
3.240255046277258633e-02 6.830614185710532499e-03
3.279203287569944919e-02 3.617480670746577379e-03
3.286601850478161613e-02 3.942205581398630795e-04
3.262628366337643609e-02 -2.808516241908477675e-03
3.207754718851329317e-02 -5.960522378391463344e-03
3.122740164329804169e-02 -9.032311762575920278e-03
3.008621853726954620e-02 -1.199538919923969459e-02
2.866702865671097444e-02 -1.482250856999587502e-02
2.698537880895940377e-02 -1.748791731583405548e-02
2.505916648382943909e-02 -1.996758510755840960e-02
2.290845411957481009e-02 -2.223941475146225602e-02
2.055526482900031648e-02 -2.428343355174854279e-02
1.802336159214951855e-02 -2.608196353938921352e-02
1.533801205447904784e-02 -2.761976917762469855e-02
1.252574118255682378e-02 -2.888418136561303820e-02
9.614074122108988082e-03 -2.986519678189377205e-02
6.631271674951829016e-03 -3.055555183643138967e-02
3.606060861728065114e-03 -3.095077073201782381e-02
5.673630661290864552e-04 -3.104918737100766102e-02
-2.455977737033379019e-03 -3.085194107977281761e-02
-5.435464182625061869e-03 -3.036294635880072007e-02
-8.343209694556872821e-03 -2.958883709906525925e-02
-1.115219525174918416e-02 -2.853888593310779584e-02
-1.383651642792093489e-02 -2.722489961040913328e-02
-1.637161849174496517e-02 -2.566109149922576535e-02
-1.873451660892511833e-02 -2.386393799031103630e-02
-2.090400402705321417e-02 -2.185200372108644928e-02
-2.286083897484829722e-02 -1.964574819257107821e-02
-2.458791035529392724e-02 -1.726732701549576685e-02
-2.607038461671586441e-02 -1.474037326905393644e-02
-2.729583050837844360e-02 -1.208976637566161819e-02
-2.825432067726182939e-02 -9.341390696587662315e-03
-2.893850927928925953e-02 -6.521886139716093905e-03
-2.934368500203446070e-02 -3.658393136146161854e-03
-2.946779912505800847e-02 -7.782943862307527966e-04
-2.931146847631035945e-02 2.091044202553121213e-03
-2.887795337631245129e-02 4.922530964001380939e-03
-2.817311089407750768e-02 7.689601908818343400e-03
-2.720532396784497431e-02 1.036646779345188306e-02
-2.598540716751251978e-02 1.292835253503002782e-02
-2.452649009209454181e-02 1.535172077358550741e-02
-2.284387960231470602e-02 1.761449249165125339e-02
-2.095490228375089525e-02 1.969624272957079536e-02
-1.887872871815884923e-02 2.157838458159340445e-02
-1.663618130755472810e-02 2.324433382176795820e-02
-1.424952754592948012e-02 2.467965368802503556e-02
-1.174226076548493675e-02 2.587217854612419710e-02
-9.138870496776734659e-03 2.681211536043680635e-02
-6.464604673869081726e-03 2.749212211390159033e-02
-3.745225985845132555e-03 2.790736254283853260e-02
-1.006770147955257785e-03 2.805553991246547210e-02
1.724709410511931357e-03 2.793690214077082165e-02
4.423393550806457158e-03 2.755421955617297358e-02
7.063934681143903445e-03 2.691274509918487740e-02
9.621694169640301886e-03 2.602014917060937668e-02
1.207297160076331241e-02 2.488643186304614549e-02
1.439522372312492318e-02 2.352381353912296955e-02
1.656727104600061104e-02 2.194660492536116420e-02
1.856949017132282498e-02 2.017105808391249366e-02
2.038399009579137597e-02 1.821519980366709951e-02
2.199477088261818716e-02 1.609864911558740383e-02
2.338786328244171764e-02 1.384242078289352890e-02
2.455144807648619587e-02 1.146871674348209046e-02
2.547595411990102865e-02 9.000707588554580224e-03
2.615413427728784102e-02 6.462306246683305853e-03
2.658111866366130727e-02 3.877936105706901795e-03
2.675444482988192929e-02 1.272295845160280412e-03
2.667406475957632278e-02 -1.329876730526661100e-03
2.634232877276940221e-02 -3.904039573308693261e-03
2.576394665716986998e-02 -6.426077731124445365e-03
2.494592656902388378e-02 -8.872528940546456008e-03
2.389749245948281919e-02 -1.122080133998806621e-02
2.262998098729586058e-02 -1.344938126464226107e-02
2.115671907213080918e-02 -1.553802919781493465e-02
1.949288342328593313e-02 -1.746796208516634627e-02
1.765535061165656242e-02 -1.922201879262427568e-02
1.566251834039305083e-02 -2.078481491513698917e-02
1.353411265871019668e-02 -2.214287508076244818e-02
1.129099849450740205e-02 -2.328474274196244351e-02
8.954974311794098446e-03 -2.420107295456169066e-02
6.548559624748907793e-03 -2.488470436019427079e-02
4.094777470509385758e-03 -2.533070987476136043e-02
1.616933970275591728e-03 -2.553642579813445584e-02
-8.616028859258284068e-04 -2.550145927348009336e-02
-3.317623111128886922e-03 -2.522767423583765697e-02
-5.728291166812462219e-03 -2.471915619688820273e-02
-8.071356955426033444e-03 -2.398215641400305159e-02
-1.032535941005998520e-02 -2.302501618479787723e-02
-1.246982082591890223e-02 -2.185807219160949139e-02
-1.448543018987900194e-02 -2.049354399167679919e-02
-1.635421389178484328e-02 -1.894540490705529448e-02
-1.805969234263693837e-02 -1.722923771167526180e-02
-1.958702117842315085e-02 -1.536207664053264310e-02
-2.092311589276693584e-02 -1.336223735681804116e-02
-2.205675891468838676e-02 -1.124913660564669238e-02
-2.297868832753898610e-02 -9.043103357760642544e-03
-2.368166760998062156e-02 -6.765183302521603388e-03
-2.416053596757631455e-02 -4.436938586504051568e-03
-2.441223901206056660e-02 -2.080244712029712725e-03
-2.443583973299632769e-02 2.829134905226377331e-04
-2.423251573284142604e-02 2.630639417309753314e-03
-2.380552756328354475e-02 4.941333324895321594e-03
-2.316016446506503207e-02 7.193892405322025417e-03
-2.230368402147339321e-02 9.367893065233327821e-03
-2.124522997883274145e-02 1.144377192993703551e-02
-1.999573372920041697e-02 1.340299726861433199e-02
-1.856780054466081187e-02 1.522822940396146435e-02
-1.697558177409383071e-02 1.690346879141343614e-02
-1.523463432116120043e-02 1.841419058468745859e-02
-1.336176881590970915e-02 1.974746464395046863e-02
-1.137488797155023108e-02 2.089206008907376622e-02
-9.292816682117540153e-03 2.183853365159313734e-02
-7.135125465611466891e-03 2.257930123380739659e-02
-4.921948890906323315e-03 2.310869224031570843e-02
-2.673800645409124630e-03 2.342298640445439339e-02
-4.113869044094844996e-04 2.352043298862216414e-02
1.844580347603575659e-03 2.340125239177310787e-02
4.073568417636819726e-03 2.306762034804748715e-02
6.255405838546026359e-03 2.252363504677017819e-02
8.370459599050470920e-03 2.177526764432874407e-02
1.039980619327121082e-02 2.083029677206073293e-02
1.232539508669555292e-02 1.969822777031124406e-02
1.413020327857845981e-02 1.839019749631881293e-02
1.579837973283067937e-02 1.691886566180555648e-02
1.731537854959860206e-02 1.529829375478114310e-02
1.866808355150353926e-02 1.354382026046029724e-02
1.984491561243582544e-02 1.167190848683489872e-02
2.083592036955653898e-02 9.699988159896335421e-03
2.163284897209317992e-02 7.646305342427207191e-03
2.222922182293908533e-02 5.529758024703623764e-03
2.262037676412294307e-02 3.369727126482823226e-03
2.280350142528635507e-02 1.185904346016320842e-03
2.277764958222366562e-02 -1.001881697708041771e-03
2.254374149968333546e-02 -3.173839583851132719e-03
2.210454835807737495e-02 -5.310388035004571378e-03
2.146466098709998854e-02 -7.392326275216135750e-03
2.063044324950643119e-02 -9.401000418039177561e-03
1.960997053478414145e-02 -1.131846454248030057e-02
1.841295393451252219e-02 -1.312763516446922331e-02
1.705065077820560812e-02 -1.481243786954339337e-02
1.553576231011686085e-02 -1.635794493887477927e-02
1.388231938279115354e-02 -1.775050287509078589e-02
1.210555713205306583e-02 -1.897784881559181833e-02
1.022177967996335847e-02 -2.002921490926088538e-02
8.248215986408733921e-03 -2.089541982662601258e-02
6.202868036587630765e-03 -2.156894667328778520e-02
4.104352609731148731e-03 -2.204400668143286640e-02
1.971737923756428004e-03 -2.231658816354026298e-02
-1.756235088967650283e-04 -2.238449032532928429e-02
-2.318264447638634061e-03 -2.224734165128368704e-02
-4.436774955059029357e-03 -2.190661087593703468e-02
-6.511975086312175864e-03 -2.136558474608870120e-02
-8.525079510221357862e-03 -2.062933106034593039e-02
-1.045786198308080311e-02 -1.970466338647912721e-02
-1.229281587550035137e-02 -1.860008239210466860e-02
-1.401330884547903957e-02 -1.732570259730941906e-02
-1.560373035320042172e-02 -1.589316509894947091e-02
-1.704963076034977584e-02 -1.431553693120727472e-02
-1.833785081405871209e-02 -1.260719783805685362e-02
-1.945664038231233184e-02 -1.078371534015022497e-02
-2.039576538407849443e-02 -8.861709080538649266e-03
-2.114660194300981011e-02 -6.858705529555118169e-03
-2.170221688800275800e-02 -4.792984218125111856e-03
-2.205743382666268057e-02 -2.683416749912511529e-03
-2.220888412809112269e-02 -5.492999157290748714e-04
-2.215504226932454857e-02 1.589815702624696771e-03
-2.189624512395507358e-02 3.714300198588477934e-03
-2.143469490140338662e-02 5.804620393690750058e-03
-2.077444558013546300e-02 7.841515962222621317e-03
-1.992137281650365258e-02 9.806174093480491544e-03
-1.888312745245606869e-02 1.168040115020035560e-02
-1.766907288850937466e-02 1.344678978800897297e-02
-1.629020673184500972e-02 1.508888002000905587e-02
-1.475906727226399852e-02 1.659131274322670282e-02
-1.308962547970901613e-02 1.793997429003706470e-02
-1.129716413325478758e-02 1.912213768384373250e-02
-9.398139158986087982e-03 2.012657800245781781e-02
-7.410034910955248973e-03 2.094367413875655379e-02
-5.351210616225698415e-03 2.156551128909054912e-02
-3.240735249938224427e-03 2.198596174685280707e-02
-1.098214747815151084e-03 2.220074985603198714e-02
1.056386938069628573e-03 2.220750036873632774e-02
3.202931355891782631e-03 2.200576959269896424e-02
5.321291993702545291e-03 2.159705886515619205e-02
7.391541941638721594e-03 2.098481004719654486e-02
9.394141040425187453e-03 2.017438289670452078e-02
1.131012075993895021e-02 1.917301434661122100e-02
1.312126504823739326e-02 1.798975988663777809e-02
1.481028540511777382e-02 1.663541741938950186e-02
1.636098846482350946e-02 1.512243413423586084e-02
1.775843442074849510e-02 1.346479711306907724e-02
1.898908469052123724e-02 1.167790854829338539e-02
2.004093730229879883e-02 9.778446614334650525e-03
2.090364858225080003e-02 7.784213187233733622e-03
2.156863983794509235e-02 5.713969750925067953e-03
2.202918786244798671e-02 3.587262962163247863e-03
2.228049822816953462e-02 1.424241466432290713e-03
2.231976049619553704e-02 -7.545343364492432042e-04
2.214618463508707946e-02 -2.928287787286406544e-03
2.176101812138430194e-02 -5.076224859222360636e-03
2.116754529333774587e-02 -7.177738657958389508e-03
2.037106077469696963e-02 -9.212605738933734092e-03
1.937882659559824264e-02 -1.116117850073569673e-02
1.820001366944688434e-02 -1.300458179811719156e-02
1.684562126514062980e-02 -1.472489961131329822e-02
1.532837804541595933e-02 -1.630535346379071923e-02
1.366262550461976033e-02 -1.773047074299939976e-02
1.186418482741187844e-02 -1.898624116198829870e-02
9.950208369422515464e-03 -2.006025970255390783e-02
7.939017130425654253e-03 -2.094185450190024986e-02
5.849925747839943360e-03 -2.162219828415204437e-02
3.703056681285451374e-03 -2.209440209391515947e-02
1.519145385768162380e-03 -2.235359025980861170e-02
-6.806616199260141081e-04 -2.239695569979722675e-02
-2.875013792680136855e-03 -2.222379487558866218e-02
-5.042566645503440692e-03 -2.183552190852257324e-02
-7.162192753842006564e-03 -2.123566158138444696e-02
-9.213191546155649267e-03 -2.042982116791609848e-02
-1.117549573356860920e-02 -1.942564125167830016e-02
-1.302987225236908533e-02 -1.823272591601089038e-02
-1.475811563532189799e-02 -1.686255290509052623e-02
-1.634323179290931780e-02 -1.532836456944099840e-02
-1.776961027259728668e-02 -1.364504061555411180e-02
-1.902318317272806009e-02 -1.182895387642581876e-02
-2.009156901676230345e-02 -9.897810505196676101e-03
-2.096420107560111740e-02 -7.870475430216185633e-03
-2.163243496134139437e-02 -5.766786601863341591e-03
-2.208963809734847475e-02 -3.607359679368173349e-03
-2.233126106184648088e-02 -1.413382678044055717e-03
-2.235488669440782727e-02 7.935952849604651846e-04
-2.216025765821815277e-02 2.991879435596811031e-03
-2.174928210298018166e-02 5.159846763963239075e-03
-2.112601730346512843e-02 7.276163177213419708e-03
-2.029663138084616958e-02 9.319998134770812043e-03
-1.926934344608501395e-02 1.127123453492669819e-02
-1.805434273422657637e-02 1.311067166505022752e-02
-1.666368752259358640e-02 1.482021909476258573e-02
-1.511118484211764271e-02 1.638307948166981345e-02
-1.341225219671306548e-02 1.778391837179249882e-02
-1.158376269896754622e-02 1.900901921036589337e-02
-9.643875209033854132e-03 2.004642193211217741e-02
-7.611851224997067192e-03 2.088604367125131839e-02
-5.507860416008890370e-03 2.151978031901666949e-02
-3.352776812038317684e-03 2.194158785791283997e-02
-1.167967765315455547e-03 2.214754261511639455e-02
1.024922123206486405e-03 2.213587980042754783e-02
3.204189864766373609e-03 2.190700992406175926e-02
5.348293453139163836e-03 2.146351292379199138e-02
7.436069460757720184e-03 2.081011006726708051e-02
9.446946596131988727e-03 1.995361393089032168e-02
1.136115136747814156e-02 1.890285809600634331e-02
1.315990892873879561e-02 1.766860456913987854e-02
1.482563312855410612e-02 1.626343067500521378e-02
1.634210069110023089e-02 1.470159964987368534e-02
1.769461295211502069e-02 1.299891336517000617e-02
1.887014168637739589e-02 1.117254952175302310e-02
1.985745753495342034e-02 9.240885036073351669e-03
2.064723972746166508e-02 7.223307482631347205e-03
2.123216599496207183e-02 5.140016579687240773e-03
2.160698178087693336e-02 3.011817806441382823e-03
2.176854807857345891e-02 8.599103183807079451e-04
2.171586745200058260e-02 -1.294328617700756835e-03
2.145008802770080603e-02 -3.429560416587471884e-03
2.097448547977932842e-02 -5.524700936612440827e-03
2.029442326188246257e-02 -7.559132969519495593e-03
1.941729156938764439e-02 -9.512913258731853228e-03
1.835242573783002484e-02 -1.136697191166419034e-02
1.711100499831715721e-02 -1.310330215963191949e-02
1.570593271449996844e-02 -1.470513852836898352e-02
1.415169941695310768e-02 -1.615712161171107761e-02
1.246423012710947374e-02 -1.744544778972813986e-02
1.066071762221621963e-02 -1.855800239842304508e-02
8.759443434003229625e-03 -1.948447503898013966e-02
6.779588495173215386e-03 -2.021645590877803669e-02
4.741035448094978004e-03 -2.074751224171803368e-02
2.664169152515035843e-03 -2.107324410355042310e-02
5.696641249581714138e-04 -2.119132096166392865e-02
-1.521730207787605049e-03 -2.110149434913262748e-02
-3.589394819905422727e-03 -2.080558892727285905e-02
-5.613048293897262252e-03 -2.030747336993918989e-02
-7.572949433314195983e-03 -1.961301052257923005e-02
-9.450093206072341170e-03 -1.872998747342657921e-02
-1.122639802626277522e-02 -1.766802638226375177e-02
-1.288488248584773732e-02 -1.643847710951384586e-02
-1.440982977055934970e-02 -1.505429287367257042e-02
-1.578693813568443280e-02 -1.352989033615714654e-02
-1.700345597521435090e-02 -1.188099566743839978e-02
-1.804830019035417663e-02 -1.012447828554170412e-02
-1.891215674847084374e-02 -8.278174075881697749e-03
-1.958756251926867253e-02 -6.360699999299972672e-03
-2.006896767925308786e-02 -4.391262071957028820e-03
-2.035277818575052799e-02 -2.389458755580096874e-03
-2.043737803597327554e-02 -3.750818289855784070e-04
-2.032313124201798327e-02 1.632083178295488718e-03
-2.001236366738852121e-02 3.612454921672478975e-03
-1.950932508194327605e-02 5.546850512571839878e-03
-1.882013199776807685e-02 7.416674147494634398e-03
-1.795269204639822133e-02 9.204098194642214639e-03
-1.691661084584240513e-02 1.089223493464042299e-02
-1.572308248190568136e-02 1.246529726751859947e-02
-1.438476996284058368e-02 1.390874328594556009e-02
-1.291566309644471937e-02 1.520941609585302681e-02
-1.133092193803612868e-02 1.635566544687612131e-02
-9.646720180417484025e-03 1.733744563332496880e-02
-7.880075651739372813e-03 1.814640074384726853e-02
-6.048674011561384206e-03 1.877593201643427620e-02
-4.170687535496609907e-03 1.922124680338603911e-02
-2.264590908570033364e-03 1.947938885118516775e-02
-3.489759557981612784e-04 1.954924980098191392e-02
1.557632774060966349e-03 1.943156201488355217e-02
3.436959689131473955e-03 1.912887302932893274e-02
5.271155270526301471e-03 1.864550212690736439e-02
7.042966867963418483e-03 1.798747970022331055e-02
8.735901510024421043e-03 1.716247025345180380e-02
1.033437917205154433e-02 1.617968004775308111e-02
1.182387506804953060e-02 1.504975054398621781e-02
1.319104967015654120e-02 1.378463892850831374e-02
1.442386530871836263e-02 1.239748712383087481e-02
1.551168836531776479e-02 1.090248078458714610e-02
1.644537623872870460e-02 9.314699860256179728e-03
1.721734843745430232e-02 7.649962367952726182e-03
1.782164133013653881e-02 5.924663061294558990e-03
1.825394626468537437e-02 4.155608704944085616e-03
1.851163094625060332e-02 2.359851668768000663e-03
1.859374414111748461e-02 5.545235409516027563e-04
1.850100660375888009e-02 -1.243322944646981128e-03
1.823578321757575449e-02 -3.016883333935295800e-03
1.780203550323126993e-02 -4.749764483591494175e-03
1.720526473863092862e-02 -6.426127590381689077e-03
1.645243997835918459e-02 -8.030830622752838099e-03
1.555191316666602701e-02 -9.549561793964048834e-03
1.451332243105813574e-02 -1.096896294080283545e-02
1.334748473934267536e-02 -1.227674180217890043e-02
1.206627918305648237e-02 -1.346177232927414646e-02
1.068252221447326192e-02 -1.451418230193916685e-02
9.209836212402636169e-03 -1.542542767316146084e-02
7.662512783730941052e-03 -1.618835321233340688e-02
6.055372223078430566e-03 -1.679723916710925899e-02
4.403620552487668913e-03 -1.724783381080985736e-02
2.722705547575888889e-03 -1.753737188624906324e-02
1.028173126594225618e-03 -1.766457909591830078e-02
-6.644745648317735513e-04 -1.762966292123101242e-02
-2.339918097075789540e-03 -1.743429017835902359e-02
-3.983155519443985597e-03 -1.708155183393076509e-02
-5.579631811856129893e-03 -1.657591571021492516e-02
-7.115361981030964532e-03 -1.592316780465796722e-02
-8.577046850927862523e-03 -1.513034303255889924e-02
-9.952180696988856962e-03 -1.420564627380611726e-02
-1.122914997789006310e-02 -1.315836466474145164e-02
-1.239732252571529650e-02 -1.199877212404446697e-02
-1.344712510640141273e-02 -1.073803405414969908e-02
-1.437011643537525196e-02 -9.388092715865480400e-03
-1.515904512808218842e-02 -7.961547082377496559e-03
-1.580789335654476588e-02 -6.471543287167940209e-03
-1.631191239035520088e-02 -4.931656051116095271e-03
-1.666764701875439111e-02 -3.355768647814046188e-03
-1.687294893943336663e-02 -1.757952413062207611e-03
-1.692697928579309924e-02 -1.523467695993119394e-04
-1.683020054375440958e-02 1.446959303198196200e-03
-1.658435818160522088e-02 3.026043471733106532e-03
-1.619245238187210292e-02 4.571263091454241638e-03
-1.565870032244539786e-02 6.069364314807324141e-03
-1.498848950504369851e-02 7.507586545529518381e-03
-1.418832267279626635e-02 8.873761580331004581e-03
-1.326575489582717052e-02 1.015640683928783691e-02
-1.222932343447261268e-02 1.134481214671139750e-02
-1.108847101444029176e-02 1.242911958442230458e-02
-9.853463167021001001e-03 1.340039599824222050e-02
-8.535300301497407774e-03 1.425069779560213072e-02
-7.145625186805788787e-03 1.497312772779958029e-02
-5.696626525416620575e-03 1.556188340372179416e-02
-4.200939304906590316e-03 1.601229733297892047e-02
-2.671542612654521573e-03 1.632086834521371405e-02
-1.121655596981684837e-03 1.648528427908084112e-02
4.353677459795188601e-04 1.650443587906849641e-02
1.986138722829934936e-03 1.637842564587504643e-02
3.517346727855726399e-03 1.610856227163712587e-02
5.015869050578002780e-03 1.569734317914743202e-02
6.468867760215797971e-03 1.514843600357693859e-02
7.863890720876405560e-03 1.446664900329997817e-02
9.188969842670813293e-03 1.365789317717336186e-02
1.043271594423292314e-02 1.272913630538240540e-02
1.158440961278296710e-02 1.168834917001156451e-02
1.263408745958457050e-02 1.054444425140603665e-02
1.357262318180216601e-02 9.307207237333336644e-03
1.439180285719984624e-02 7.987221723846762989e-03
1.508439391608555093e-02 6.595787529854933023e-03
1.564420725564925202e-02 5.144833091375538778e-03
1.606615198588419793e-02 3.646822446334593935e-03
1.634628232445237486e-02 2.114657366279266721e-03
1.648183619044593998e-02 5.615752371042193178e-04
1.647126508442621831e-02 -9.989566639786136900e-04
1.631425488425837164e-02 -2.553349803619815121e-03
1.601173723387571898e-02 -4.088005204907554056e-03
1.556589125569740606e-02 -5.589425661937891081e-03
1.498013537643088505e-02 -7.044328543233459826e-03
1.425910912037312017e-02 -8.439758337129517340e-03
1.340864479437394764e-02 -9.763198062984080466e-03
1.243572906394750481e-02 -1.100267864847919927e-02
1.134845449981463673e-02 -1.214688535615328357e-02
1.015596871676360119e-02 -1.318525875512198409e-02
8.868399449476425597e-03 -1.410809700919458780e-02
7.496769010597002791e-03 -1.490664814263084441e-02
6.052915186901973790e-03 -1.557319220095419038e-02
4.549396870508040473e-03 -1.610111896060292813e-02
2.999392015501182399e-03 -1.648499727375573459e-02
1.416588630387758795e-03 -1.672063525168905260e-02
-1.849303955193098016e-04 -1.680513054665409498e-02
-1.790807749924264560e-03 -1.673691005921241690e-02
-3.386536479145031264e-03 -1.651575847500803829e-02
-4.957588061311031524e-03 -1.614283512161278009e-02
-6.489542675222508168e-03 -1.562067873201778735e-02
-7.968220514143952923e-03 -1.495319980543257168e-02
-9.379812949055767526e-03 -1.414566036755428996e-02
-1.071101231250191216e-02 -1.320464105051742491e-02
-1.194913905290660890e-02 -1.213799553602547092e-02
-1.308226500099764558e-02 -1.095479253218275585e-02
-1.409933149489054141e-02 -9.665245583966391996e-03
-1.499026112920716705e-02 -8.280631147883386195e-03
-1.574606192703085356e-02 -6.813195491337522072e-03
-1.635892278102642899e-02 -5.276051104963415915e-03
-1.682229907153423576e-02 -3.683063439725355829e-03
-1.713098744497973044e-02 -2.048728898996677109e-03
-1.728118882493189304e-02 -3.880451269360510281e-04
-1.727055882947985468e-02 1.283625263288235875e-03
-1.709825155598168264e-02 2.950690013069893428e-03
-1.676493863735841611e-02 4.597482178268677555e-03
-1.627280941352786739e-02 6.208413681747923171e-03
-1.562557013067778292e-02 7.768116947530212535e-03
-1.482842318827087662e-02 9.261593803231953428e-03
-1.388803157345404153e-02 1.067436257152352443e-02
-1.281246862689441705e-02 1.199260184908367347e-02
-1.161115343996298004e-02 1.320328948168367905e-02
-1.029477233851215298e-02 1.429433527091255110e-02
-8.875187061512799722e-03 1.525470599151779877e-02
-7.365330391332181731e-03 1.607454135818381022e-02
-5.779090134839324350e-03 1.674525965654954929e-02
-4.131182489001615846e-03 1.725965184433973093e-02
-2.437015949679017992e-03 1.761196303378372366e-02
-7.125470362286973492e-04 1.779796038531438265e-02
1.025870794121771503e-03 1.781498657348307146e-02
2.761643580816846265e-03 1.766199812767822383e-02
4.478097109570883944e-03 1.733958810091420707e-02
6.158639386468571161e-03 1.684999267828084582e-02
7.786923706316884602e-03 1.619708150102902242e-02
9.347010662514162668e-03 1.538633165057317481e-02
1.082352744083365896e-02 1.442478540676035530e-02
1.220182275262442217e-02 1.332099206556349238e-02
1.346811579399456553e-02 1.208493427031712836e-02
1.460963766597540847e-02 1.072793947577462687e-02
1.561476852950939576e-02 9.262585504919328833e-03
1.647315832249096612e-02 7.702573934995598191e-03
1.717582957516968975e-02 6.062594564648386350e-03
1.771527715074531703e-02 4.358196016499871726e-03
1.808555117151948444e-02 2.605637713767560738e-03
1.828232498535249315e-02 8.217337834814618380e-04
1.830294738297442644e-02 -9.763095903979612800e-04
1.814647843325908894e-02 -2.771061763746526969e-03
1.781370846752614728e-02 -4.545038518092802543e-03
1.730715991365125786e-02 -6.280874530907372411e-03
1.663107185421300316e-02 -7.961495699498812029e-03
1.579136735859817606e-02 -9.570289579284982015e-03
1.479560381473498699e-02 -1.109127220667694563e-02
1.365290666033724433e-02 -1.250924960384128953e-02
1.237388708450537847e-02 -1.380997230734744979e-02
1.097054443638742320e-02 -1.498028132458230702e-02
9.456154236589110751e-03 -1.600824400033109066e-02
7.845142837513247383e-03 -1.688327837000833109e-02
6.152949919435476110e-03 -1.759626468487631226e-02
4.395880138309681863e-03 -1.813964291758700040e-02
2.590945357723594984e-03 -1.850749519181078828e-02
7.556989998454626770e-04 -1.869561222605648984e-02
-1.091935862351518793e-03 -1.870154303845076790e-02
-2.933842977876935550e-03 -1.852462732399122458e-02
-4.751892206952176498e-03 -1.816601008699637171e-02
-6.528123451146613382e-03 -1.762864584073906005e-02
-8.244926136542020390e-03 -1.691726734250401099e-02
-9.885209994215132800e-03 -1.603833903703066541e-02
-1.143257911340288084e-02 -1.500000860897617375e-02
-1.287149820052202465e-02 -1.381203313921893806e-02
-1.418745105064770501e-02 -1.248568880076702560e-02
-1.536708960016543168e-02 -1.103366490892986052e-02
-1.639837201369238190e-02 -9.469943301827862814e-03
-1.727068835868119170e-02 -7.809664180102786867e-03
-1.797497253645524359e-02 -6.068979677339114004e-03
-1.850379926765811228e-02 -4.264896563733641156e-03
-1.885146507249579884e-02 -2.415109603536078238e-03
-1.901405233983616272e-02 -5.378271903619763440e-04
-1.898947574302930694e-02 1.348409027030988408e-03
-1.877751043298658482e-02 3.224908743895871406e-03
-1.837980161879629315e-02 5.073019984158548719e-03
-1.779985533136694761e-02 6.874316594487478449e-03
-1.704301035415937624e-02 8.610784353397262642e-03
-1.611639149549180458e-02 1.026500380142619795e-02
-1.502884456745363743e-02 1.182032791826424616e-02
-1.379085362493382740e-02 1.326105281146989535e-02
-1.241444120272077942e-02 1.457257963892050201e-02
-1.091305246742574862e-02 1.574156606365973224e-02
-9.301424372062808490e-03 1.675606563413171990e-02
-7.595441062763327172e-03 1.760565359430849366e-02
-5.811973017067127018e-03 1.828154339331961031e-02
-3.968710308444529759e-03 1.877667332614769979e-02
-2.083991946727175703e-03 1.908577888090523880e-02
-1.766194468739878303e-04 1.920545880562769814e-02
1.734332813199797102e-03 1.913421588994464184e-02
3.629710885526294187e-03 1.887247840772776630e-02
5.490476219799093199e-03 1.842260188220606193e-02
7.297900296509904697e-03 1.778885103726801989e-02
9.033756903414650805e-03 1.697736200456846992e-02
1.068051004167906541e-02 1.599608506339490060e-02
1.222149547772452202e-02 1.485470839691657198e-02
1.364109400821019759e-02 1.356456355237761063e-02
1.492489457788793300e-02 1.213851349123285829e-02
1.605984548286079269e-02 1.059082430660868157e-02
1.703439200475745721e-02 8.937021867311370146e-03
1.783859895330360684e-02 7.193734817876926146e-03
1.846425674480639198e-02 5.378525520617613576e-03
1.890496981025133888e-02 3.509710666378691897e-03
1.915622630771642715e-02 1.606173404336345674e-03
1.921544830816112465e-02 -3.128310544448771146e-04
1.908202182889003062e-02 -2.227874320837008783e-03
1.875730630300136495e-02 -4.119556097500671511e-03
1.824462329388447032e-02 -5.968705693874904947e-03
1.754922448868335635e-02 -7.756581629036193165e-03
1.667823923118203280e-02 -9.465067172625940203e-03
1.564059607014335260e-02 -1.107686338171995528e-02
1.444693491753935854e-02 -1.257566333400280192e-02
1.310950514396093738e-02 -1.394632037663990666e-02
1.164203370693389292e-02 -1.517501216382392652e-02
1.005958213334479795e-02 -1.624938587959785449e-02
8.378389069173127271e-03 -1.715868800916160383e-02
6.615700069141941704e-03 -1.789387720119835559e-02
4.789586449309404977e-03 -1.844771894546305344e-02
2.918755156230804209e-03 -1.881486098762980355e-02
1.022351715259485656e-03 -1.899188861480247473e-02
-8.802415934221482574e-04 -1.897735916788726232e-02
-2.769610121119661650e-03 -1.877181536901551331e-02
-4.626511553230929635e-03 -1.837777728984422293e-02
-6.432078671661855401e-03 -1.779971302775949435e-02
-8.168017936700933471e-03 -1.704398839869641219e-02
-9.816801690356459498e-03 -1.611879619462848814e-02
-1.136185185179507118e-02 -1.503406578767488289e-02
-1.278771306931134402e-02 -1.380135408812397171e-02
-1.408021341130377170e-02 -1.243371907811387581e-02
-1.522661082013376278e-02 -1.094557734329489745e-02
-1.621572371541451715e-02 -9.352547209158871763e-03
-1.703804431550881224e-02 -7.671279254293655175e-03
-1.768583344575894167e-02 -5.919276117335076776e-03
-1.815319581658766598e-02 -4.114703636379534075e-03
-1.843613498162576664e-02 -2.276195457261407946e-03
-1.853257800597313959e-02 -4.226501755207098376e-04
-1.844239596066084286e-02 1.426962789681942168e-03
-1.816740725240587745e-02 3.253803376655423421e-03
-1.771134012369207644e-02 5.039365485850757706e-03
-1.707978270126315687e-02 6.765671764417358416e-03
-1.628011300768008804e-02 8.415461553641747847e-03
-1.532140982972558102e-02 9.972369913956162513e-03
-1.421434555776657054e-02 1.142109575623818929e-02
-1.297106231624093470e-02 1.274755724590970543e-02
-1.160503289435018195e-02 1.393903280595626751e-02
-1.013090815576801404e-02 1.498428622434658589e-02
-8.564352754259997244e-03 1.587367456859850937e-02
-6.921871106799522798e-03 1.659923782182255378e-02
-5.220625675895453760e-03 1.715476937840589022e-02
-3.478249686732022908e-03 1.753586677052757989e-02
-1.712656451914845506e-03 1.773996223580167134e-02
5.815250368331071885e-05 1.776633297840138001e-02
1.816278333154410472e-03 1.761609121750478194e-02
3.544112622611259294e-03 1.729215435506634840e-02
5.224519921931764822e-03 1.679919582658101138e-02
6.841013048380241608e-03 1.614357742077752664e-02
8.377919270683847897e-03 1.533326406399407142e-02
9.820535613916991924e-03 1.437772225971779144e-02
1.115527167847640833e-02 1.328780355120379522e-02
1.236977853742974275e-02 1.207561453302531500e-02
1.345305004330557379e-02 1.075437046935288909e-02
1.439553055373077317e-02 9.338253872282461024e-03
1.518921049827912789e-02 7.842256858746607384e-03
1.582767836908142642e-02 6.282007367864381360e-03
1.630616547313359227e-02 4.673598329761714625e-03
1.662157233367553277e-02 3.033414555285407835e-03
1.677247677517742716e-02 1.377959331967633719e-03
1.675912394329749297e-02 -2.763173240998579444e-04
1.658339872049106531e-02 -1.913186870431470704e-03
1.624878119672875862e-02 -3.516805086609546809e-03
1.576028604093018468e-02 -5.071867864505471418e-03
1.512438678988666657e-02 -6.563758358583951860e-03
1.434892622531964458e-02 -7.978684054142804599e-03
1.344301414517393156e-02 -9.303802465766506866e-03
1.241691395037768618e-02 -1.052733434516929696e-02
1.128191956238328714e-02 -1.163866345412655802e-02
1.005022425894399468e-02 -1.262842214179340887e-02
8.734783065256995424e-03 -1.348856215349066370e-02
7.349170365094944216e-03 -1.421241028739408420e-02
5.907434401944075715e-03 -1.479470870383683447e-02
4.423950324319777909e-03 -1.523163987655952456e-02
2.913273392995603586e-03 -1.552083635370005849e-02
1.389993912021119391e-03 -1.566137566632664485e-02
-1.314046281474148380e-04 -1.565376088175659056e-02
-1.636682796783382092e-03 -1.549988744602927293e-02
-3.111962884496835384e-03 -1.520298994880541800e-02
-4.543863781448096752e-03 -1.476759754794486346e-02
-5.919634038478902363e-03 -1.419946945497788104e-02
-7.227247449902037511e-03 -1.350550534699387906e-02
-8.455500386632354079e-03 -1.269365695022340625e-02
-9.594098573505779881e-03 -1.177283199283794303e-02
-1.063373281608897582e-02 -1.075279176988580380e-02
-1.156614332732866859e-02 -9.644043577921665097e-03
-1.238417244637387421e-02 -8.457729274781304249e-03
-1.308180567858848245e-02 -7.205511201832414010e-03
-1.365420111576474450e-02 -5.899456673404442422e-03
-1.409770741731455196e-02 -4.551922191770273185e-03
-1.440987064495550043e-02 -3.175438488132113768e-03
-1.458943034460975612e-02 -1.782597421812443829e-03
-1.463630535861991724e-02 -3.859416928154911714e-04
-1.455156992850454613e-02 1.002141760647158987e-03
-1.433742071309677263e-02 2.369523896612847451e-03
-1.399713539864746309e-02 3.704430544581146546e-03
-1.353502361670417056e-02 4.995533623551556661e-03
-1.295637091255526056e-02 6.232036098025797374e-03
-1.226737652261136735e-02 7.403750258430200591e-03
-1.147508572373048992e-02 8.501169000613864254e-03
-1.058731751218478130e-02 9.515529862995489307e-03
-9.612588355869949863e-03 1.043887165832817904e-02
-8.560032741593243816e-03 1.126408360918354501e-02
-7.439334244469956135e-03 1.198493704246169841e-02
-6.260632805278259355e-03 1.259613568288965937e-02
-5.034422906298785354e-03 1.309335008558117769e-02
-3.771478134942139043e-03 1.347322400960073753e-02
-2.482765255897618692e-03 1.373338624777487374e-02
-1.179358774129830260e-03 1.387245549768780645e-02
1.276435444888447560e-04 1.389003849533175516e-02
1.427203767761881566e-03 1.378672164782270872e-02
2.708425116508790878e-03 1.356405641095940508e-02
3.960631151174899035e-03 1.322453866180355909e-02
5.173442497079569664e-03 1.277158231729814790e-02
6.336850804245418300e-03 1.220948744795600713e-02
7.441289657404217238e-03 1.154340313201420061e-02
8.477702166983234686e-03 1.077928529112832934e-02
9.437604982500007178e-03 9.923849744496960820e-03
1.031314847613193884e-02 8.984520715634382662e-03
1.109717284719040180e-02 7.969375025665293572e-03
1.178325989817111119e-02 6.887082209302898897e-03
1.236578023071146365e-02 5.746840795461550383e-03
1.283993560608575474e-02 4.558311004317163601e-03
1.320179621089241119e-02 3.331544126904723360e-03
1.344833256512545198e-02 2.076908872115859703e-03
1.357744180802377548e-02 8.050149889990972996e-04
1.358796809784142134e-02 -4.733655004011607802e-04
1.347971686590687147e-02 -1.747379091281467053e-03
1.325347296959949323e-02 -3.006160670811486562e-03
1.291099682388885742e-02 -4.238934811977105102e-03
1.245500446125884231e-02 -5.435111193138743128e-03
1.188916185089140820e-02 -6.584354108722923621e-03
1.121806482209235234e-02 -7.676666172958289576e-03
1.044721174860369431e-02 -8.702471035102771202e-03
9.582968927748144669e-03 -9.652694489453285051e-03
8.632528640769588854e-03 -1.051884333207377120e-02
7.603859940010263344e-03 -1.129308128955595035e-02
6.505652274047636803e-03 -1.196830132399822472e-02
5.347252133148270442e-03 -1.253819360444110090e-02
4.138592973172064600e-03 -1.299730842915181386e-02
2.890118755734322892e-03 -1.334111338608909986e-02
1.612701524561629398e-03 -1.356604405148201589e-02
3.175535215950784761e-04 -1.366954754923474860e-02
-9.838655697768899488e-04 -1.365011832754946947e-02
-2.279945584934793545e-03 -1.350732555414371240e-02
-3.559026293278321190e-03 -1.324183158725298660e-02
-4.809500445571605193e-03 -1.285540104619940782e-02
-6.019918561934282930e-03 -1.235090008249779131e-02
-7.179094508172769069e-03 -1.173228553973297561e-02
-8.276210856221179885e-03 -1.100458378692129036e-02
-9.300922983114025613e-03 -1.017385911457692471e-02
-1.024346083317057531e-02 -9.247171694075380713e-03
-1.109472725083968797e-02 -8.232525217721430380e-03
-1.184639718494420388e-02 -7.138818374462104453e-03
-1.249100635510872262e-02 -5.975755651778564409e-03
-1.302202352506478394e-02 -4.753752268610029162e-03
-1.343392620877289015e-02 -3.483859322767124400e-03
-1.372226557325303790e-02 -2.177666185337498363e-03
-1.388372184737040466e-02 -8.471958757176961891e-04
-1.391614942991364900e-02 4.952056446184055017e-04
-1.381861098580972752e-02 1.836985223691954680e-03
-1.359139992739203696e-02 3.165502192483805963e-03
-1.323605079673443631e-02 4.468150760875077947e-03
-1.275533719422951642e-02 5.732483874113059735e-03
-1.215325703587120422e-02 6.946337220242973509e-03
-1.143500506533623971e-02 8.097952046808916393e-03
-1.060693269512280948e-02 9.176095429486946439e-03
-9.676495401920878758e-03 1.017017663683681544e-02
-8.652188053028021103e-03 1.107035825442708767e-02
-7.543468690329877685e-03 1.186766076871741647e-02
-6.360671444177045004e-03 1.255405936549812765e-02
-5.114909389521595483e-03 1.312257176898150302e-02
-3.817968288720206306e-03 1.356733603542182622e-02
-2.482192287445111802e-03 1.388367731843597776e-02
-1.120362740535899492e-03 1.406816274079024723e-02
2.544285588162559209e-04 1.411864363790792977e-02
1.628910391807909157e-03 1.403428457984424310e-02
2.989765948859751752e-03 1.381557872916098530e-02
4.323767738759097361e-03 1.346436212410802302e-02
5.617918575846330212e-03 1.298378750120839781e-02
6.859582106382259258e-03 1.237828375134918113e-02
8.036609573751426691e-03 1.165352817478029247e-02
9.137465144187020827e-03 1.081639271474612619e-02
1.015134522527382128e-02 9.874877342236163674e-03
1.106829042562209459e-02 8.838031280077108739e-03
1.187928888571410276e-02 7.715862900879527642e-03
1.257636980803127774e-02 6.519239269541625588e-03
1.315268612745602687e-02 5.259776425388125627e-03
1.360258538958572863e-02 3.949721609767702264e-03
1.392166804307233031e-02 2.601828740141985501e-03
1.410683250017203544e-02 1.229228510611757048e-03
1.415630647558715344e-02 -1.547054396693373589e-04
1.406966427555445855e-02 -1.536492805501006370e-03
1.384782987460920524e-02 -2.902683832786251503e-03
1.349306578394451721e-02 -4.239995959315645893e-03
1.300894788072568843e-02 -5.535448378207842753e-03
1.240032653009841453e-02 -6.776493054905515651e-03
1.167327448860959634e-02 -7.951140778695972924e-03
1.083502222733696667e-02 -9.048080896950401117e-03
9.893881453565941952e-03 -1.005679346358073073e-02
8.859157739054308520e-03 -1.096765263157059578e-02
7.741053279292128830e-03 -1.177202023087562527e-02
6.550560910602969307e-03 -1.246232859592425954e-02
5.299355193420444976e-03 -1.303216160305766848e-02
3.999663454799263010e-03 -1.347630540601535420e-02
2.664138643664162257e-03 -1.379078314705216995e-02
1.305738183789612516e-03 -1.397289675140800727e-02
-6.240603634673283224e-05 -1.402124686598855800e-02
-1.427118410697346363e-03 -1.393573947472225710e-02
-2.775309721006051847e-03 -1.371757927607479902e-02
-4.094105251264886294e-03 -1.336925005239952835e-02
-5.370969607153427972e-03 -1.289448239917083752e-02
-6.593826995440532635e-03 -1.229820931304845266e-02
-7.751175790660477100e-03 -1.158651025979434875e-02
-8.832196300643007508e-03 -1.076654445458662124e-02
-9.826850736769213168e-03 -9.846474187527851779e-03
-1.072597449791189844e-02 -8.835379115101084022e-03
-1.152135798754262003e-02 -7.743162513313937845e-03
-1.220581829950187144e-02 -6.580450549936643807e-03
-1.277326022754513360e-02 -5.358485680843865298e-03
-1.321872617556977582e-02 -4.089015309455257957e-03
-1.353843466793262090e-02 -2.784176868950605666e-03
-1.372980728079179619e-02 -1.456380494040204754e-03
-1.379148393448521685e-02 -1.181904434915725997e-04
-1.372332660255005943e-02 1.217793582904445199e-03
-1.352641160352803518e-02 2.539054118475899020e-03
-1.320301074599589813e-02 3.833271519826250261e-03
-1.275656169463213266e-02 5.088436446493063009e-03
-1.219163458493994351e-02 6.292964300225530050e-03
-1.151387256025497227e-02 7.435795215505457481e-03
-1.072992734104278451e-02 8.506483448320912091e-03
-9.847399921215081384e-03 9.495292695737492586e-03
-8.874765656065665073e-03 1.039327974985228796e-02
-7.821292373676199880e-03 1.119237032616350082e-02
-6.696952316162151086e-03 1.188542654649656777e-02
-5.512328745671917808e-03 1.246630563800804441e-02
-4.278518070561221180e-03 1.292990949088797074e-02
-3.007028360232640724e-03 1.327222479740036189e-02
-1.709675123261786321e-03 1.349035357336115550e-02
-3.984752230315745142e-04 1.358253393927831565e-02
9.144602008505913360e-04 1.354815111197043079e-02
2.217032948340393050e-03 1.338773862808346517e-02
3.497264271060454826e-03 1.310296988848240474e-02
4.743399859860442103e-03 1.269664017696010838e-02
5.944012510385673215e-03 1.217263936767134895e-02
7.088101695717815252e-03 1.153591559367965827e-02
8.165189304500131487e-03 1.079243020435810378e-02
9.165410834842338192e-03 9.949104391500816422e-03
1.007960136828046221e-02 9.013757913562866694e-03
1.089937568423908661e-02 7.995040394786497029e-03
1.161720191374302283e-02 6.902355720582526583e-03
1.222646817117981240e-02 5.745780093227204413e-03
1.272154164501649448e-02 4.535974352655676271e-03
1.309782615918665682e-02 3.284088601793632833e-03
1.335179666959706614e-02 2.001664800391689345e-03
1.348102677737134797e-02 7.005404277471900289e-04
1.348422054778353196e-02 -6.072562275675499020e-04
1.336122792873209279e-02 -1.909611923299552125e-03
1.311305055679286118e-02 -3.194435713712257940e-03
1.274183779375008367e-02 -4.449766765500385267e-03
1.225087290139483150e-02 -5.663881888145620366e-03
1.164454933087262500e-02 -6.825401909110716432e-03
1.092833717478878044e-02 -7.923396010600413861e-03
1.010873990576644649e-02 -8.947483136247911389e-03
9.193241603701248280e-03 -9.887929573648583659e-03
8.190244955369621258e-03 -1.073574182294256135e-02
7.109000393391049638e-03 -1.148275387316278172e-02
5.959526826234933482e-03 -1.212170802749329077e-02
4.752524496689408511e-03 -1.264632844651872139e-02
3.499280591847863699e-03 -1.305138661523326873e-02
2.211568312220245011e-03 -1.333275798565270592e-02
9.015401898906550034e-04 -1.348746910300580373e-02
-4.183834757553890594e-04 -1.351373458897053674e-02
-1.735630122071032261e-03 -1.341098343060905841e-02
-3.037593356039910986e-03 -1.317987410858460252e-02
-4.311753244389217830e-03 -1.282229819195145754e-02
-5.545797336868498253e-03 -1.234137212922273644e-02
-6.727741255925508840e-03 -1.174141707551860231e-02
-7.846052241320023921e-03 -1.102792697635086513e-02
-8.889760359803622683e-03 -1.020752207585939181e-02
-9.848565615403263168e-03 -9.287894076622994072e-03
-1.071294925943337868e-02 -8.277740403801862185e-03
-1.147427413194563456e-02 -7.186686198673287312e-03
-1.212487737475894702e-02 -6.025195977345411749e-03
-1.265815440475349940e-02 -4.804475680787752452e-03
-1.306863310280240165e-02 -3.536365968365984269e-03
-1.335203725558194859e-02 -2.233227727285396359e-03
-1.350533838374269949e-02 -9.078208826618909977e-04
-1.352679520031431493e-02 4.268223042251001226e-04
-1.341598006661666453e-02 1.757528170515256383e-03
-1.317379194814856380e-02 3.071115461990226586e-03
-1.280245551810682038e-02 4.354530598319335602e-03
-1.230550620981200535e-02 5.594982925321911188e-03
-1.168776118001527836e-02 6.780078456090889161e-03
-1.095527631036595333e-02 7.897950590911091695e-03
-1.011528954221121990e-02 8.937386312887372550e-03
-9.176151008179405516e-03 9.887946383072361914e-03
-8.147240589693576993e-03 1.074007810521178385e-02
-7.038873690926996350e-03 1.148521929591075214e-02
-5.862196174351991251e-03 1.211589218091228999e-02
-4.629069548001861316e-03 1.262578604126014803e-02
-3.351947628217789507e-03 1.300982755356738796e-02
-2.043746021616735676e-03 1.326423790478359344e-02
-7.177049526695383069e-04 1.338657772764877477e-02
6.127507216681456117e-04 1.337577324536108614e-02
1.934153290542752705e-03 1.323212821434713998e-02
3.233136773627304315e-03 1.295732421957506569e-02
4.496580199554238606e-03 1.255440356940313446e-02
5.711748478519151385e-03 1.202773695892780242e-02
6.866429203831055615e-03 1.138297621619079741e-02
7.949063757167749641e-03 1.062699263391011367e-02
8.948871154502102687e-03 9.767801572645508704e-03
9.855963152948838193e-03 8.814474196417967922e-03
1.066144924266901328e-02 7.777037366763489903e-03
1.135753027099420387e-02 6.666362873368899232e-03
1.193757958640144327e-02 5.494047316433864521e-03
1.239621074573258458e-02 4.272284075469165963e-03
1.272933099694206760e-02 3.013728899972427117e-03
1.293417992985858127e-02 1.731360737789423235e-03
1.300935287586064797e-02 4.383394754121670367e-04
1.295480883143511341e-02 -8.521376993949139351e-04
1.277186287783885557e-02 -2.126979589594582120e-03
1.246316326593287227e-02 -3.373342223287918197e-03
1.203265352938215869e-02 -4.578766352083904305e-03
1.148552017814777684e-02 -5.731309591360926776e-03
1.082812670423079215e-02 -6.819671658669324184e-03
1.006793480093060369e-02 -7.833311265428574005e-03
9.213413852751850194e-03 -8.762553334839355210e-03
8.273943543920428412e-03 -9.598686247081211764e-03
7.259699797212505745e-03 -1.033404684780263143e-02
6.181532772914043530e-03 -1.096209053750262820e-02
5.050846199215842935e-03 -1.147744950411476103e-02
3.879468330231807243e-03 -1.187597679179524732e-02
2.679519814445717463e-03 -1.215477601081834703e-02
1.463280100229374676e-03 -1.231221654073589265e-02
2.430539992109973825e-04 -1.234793426712063602e-02
-9.689600000214407954e-04 -1.226281807710375565e-02
-2.160798124912253950e-03 -1.205898251731142741e-02
-3.320854945780714416e-03 -1.173972718785432079e-02
-4.438000852913951376e-03 -1.130948360516306934e-02
-5.501692106986488112e-03 -1.077375041242492788e-02
-6.502072308049651993e-03 -1.013901794686887514e-02
-7.430064263628477668e-03 -9.412683287060153239e-03
-8.277451383263174575e-03 -8.602956999358094686e-03
-9.036947882118361031e-03 -7.718762879073449990e-03
-9.702257237563164174e-03 -6.769632038794253653e-03
-1.026811850785428609e-02 -5.765592732842291131e-03
-1.073034028804380376e-02 -4.717057322597716963e-03
-1.108582224268011424e-02 -3.634707783421002158e-03
-1.133256431544590534e-02 -2.529381130559182206e-03
-1.146966386995934561e-02 -1.411956099170554816e-03
-1.149730116169899764e-02 -2.932423539605110568e-04
-1.141671367607364693e-02 8.161265715626756867e-04
-1.123016719510518471e-02 1.905792743032213568e-03
-1.094090406890608005e-02 2.965776067791513551e-03
-1.055307984222447933e-02 3.986565514183111961e-03
-1.007170689781084275e-02 4.959196834845436622e-03
-9.502584878241430652e-03 5.875326311226568982e-03
-8.852225280921064213e-03 6.727295805460023655e-03
-8.127771301927941630e-03 7.508188741985512803e-03
-7.336914014472850805e-03 8.211876773891058773e-03
-6.487805961327326905e-03 8.833057018882182337e-03
-5.588973218855904437e-03 9.367279874478549526e-03
-4.649226954002720798e-03 9.810967540263093242e-03
-3.677575446175350773e-03 1.016142348496571444e-02
-2.683137484957202369e-03 1.041683319646439197e-02
-1.675057983267441404e-03 1.057625664167621653e-02
-6.624265663836672105e-04 1.063961294038695028e-02
3.458001888503946350e-04 1.060765782179988286e-02
1.340872280861297007e-03 1.048195448357067995e-02
2.314315085355259701e-03 1.026483851127200919e-02
3.257993035691201557e-03 9.959377541314276550e-03
4.164167877945203385e-03 9.569326362191746607e-03
5.025551287325808608e-03 9.099078148781357053e-03
5.835351718665031905e-03 8.553612513085116428e-03
6.587315444218831695e-03 7.938441032700071023e-03
7.275761805706871393e-03 7.259550887028687512e-03
7.895612773106155252e-03 6.523347192114026596e-03
8.442424829034846437e-03 5.736602317929669070e-03
8.912403192321593712e-03 4.906385877354800876e-03
9.302404839092543939e-03 4.039999400048926124e-03
9.609952907290454302e-03 3.144927864771064705e-03
9.833240664900469788e-03 2.228782926474005052e-03
9.971131252438715162e-03 1.299247340359262161e-03
1.002315349706884955e-02 3.640207963015597401e-04
9.989494087375375836e-03 -5.692326725388472319e-04
9.870986382087554301e-03 -1.492935587792720668e-03
9.669096104463599517e-03 -2.399646149832513221e-03
9.385904147502493328e-03 -3.282105538510840526e-03
9.024086685125430954e-03 -4.133283365983948625e-03
8.586892752509072899e-03 -4.946421273905118529e-03
8.078119425507851101e-03 -5.715074676111459896e-03
7.502084696922670624e-03 -6.433152649175408883e-03
6.863598116814112471e-03 -7.094955967496700822e-03
6.167929236628227375e-03 -7.695213266406088388e-03
5.420773874312519343e-03 -8.229115297779240890e-03
4.628218200107835599e-03 -8.692347218720322677e-03
3.796700631187746242e-03 -9.081118825486508145e-03
2.932971518944208714e-03 -9.392192613590573044e-03
2.044050615839630974e-03 -9.622909512271649382e-03
1.137182319268942267e-03 -9.771212108131322946e-03
2.197887081442165551e-04 -9.835665140380448965e-03
-7.005795860558856804e-04 -9.815473020139922622e-03
-1.616299743671522661e-03 -9.710505906271829635e-03
-2.519730026182613776e-03 -9.521296046434417348e-03
-3.403256302799707953e-03 -9.249032829683588239e-03
-4.259350712923851319e-03 -8.895578310006450537e-03
-5.080629335850504226e-03 -8.463465660855724187e-03
-5.859910925741824636e-03 -7.955892879502558454e-03
-6.590276341032912794e-03 -7.376711443726605144e-03
-7.265128239365013958e-03 -6.730409650317798441e-03
-7.878250552553735242e-03 -6.022090401636653531e-03
-8.423867203199356460e-03 -5.257443253416090728e-03
-8.896699476494277295e-03 -4.442710593162786138e-03
-9.292021419199368928e-03 -3.584647883655431647e-03
-9.605712604575220373e-03 -2.690477978934825275e-03
-9.834307577384493113e-03 -1.767839600200071934e-03
-9.975041279277912024e-03 -8.247301448144144474e-04
-1.002588975234819553e-02 1.305569087756892378e-04
-9.985605428004595135e-03 1.089499644463887704e-03
-9.853746330990583932e-03 2.043419950701349554e-03
-9.630698563977073412e-03 2.983559819304556701e-03
-9.317691486528879158e-03 3.901161068491545546e-03
-8.916805063833176462e-03 4.787547772175746591e-03
-8.430968934771732731e-03 5.634210598453697795e-03
-7.863952834450665258e-03 6.432892189229124508e-03
-7.220348102672343414e-03 7.175672651702640764e-03
-6.505540115853274651e-03 7.855054182697140605e-03
-5.725671346875483951e-03 8.464057038778427175e-03
-4.887589905128890584e-03 8.996285609772993949e-03
-3.998798400849880655e-03 9.445989809508920088e-03
-3.067393914517667179e-03 9.808148958269598261e-03
-2.101997144802043166e-03 1.007853674950413662e-02
-1.111674027928787100e-03 1.025377928575504916e-02
-1.058505202838798333e-04 1.033140526349972735e-02
9.057786467297417954e-04 1.030988745837054660e-02
1.913346320838627164e-03 1.018867474923756088e-02
2.906913373855811444e-03 9.968214021591242230e-03
3.876572131750858491e-03 9.649961405636866413e-03
4.812551610166907433e-03 9.236382431276335403e-03
5.705323317631457586e-03 8.730940818971539424e-03
6.545706346569327150e-03 8.138075770243169416e-03
7.324970448178697371e-03 7.463167772491547010e-03
8.034935781857018358e-03 6.712493087083050772e-03
8.668068043152106147e-03 5.893167245601261921e-03
9.217567707214316050e-03 5.013078034109228268e-03
9.677452176932391931e-03 4.080808596335217323e-03
1.004262969553362632e-02 3.105551431672202989e-03
1.030896397225897210e-02 2.097014200555085469e-03
1.047332857556910329e-02 1.065318375650532376e-03
1.053365026937875572e-02 2.089189026446897004e-05
1.048894060280751786e-02 -1.025642966304739353e-03
1.033931521103126014e-02 -2.063585074958150523e-03
1.008600508222075309e-02 -3.082283732943165693e-03
9.731340186060088993e-03 -4.071246770216232526e-03
9.278728048903332748e-03 -5.020243877821754276e-03
8.732629250293886744e-03 -5.919431847010046474e-03
8.098513221236225412e-03 -6.759465695010520581e-03
7.382801967638816763e-03 -7.531604649513382217e-03
6.592802335414087167e-03 -8.227811637685829294e-03
5.736627590229376877e-03 -8.840845002327625893e-03
4.823109231916474643e-03 -9.364341262952135744e-03
3.861700098152473157e-03 -9.792887852692621492e-03
2.862369932104965719e-03 -1.012208489049825494e-02
1.835494692786065725e-03 -1.034859519036258196e-02
7.917409725870472271e-04 -1.047018186354919944e-02
-2.580530463472812687e-04 -1.048573303296325421e-02
-1.302998618479495139e-03 -1.039527334928604801e-02
-2.332277939923599244e-03 -1.019996217307515829e-02
-3.335264623262596158e-03 -9.902078463397918917e-03
-4.301641649919598319e-03 -9.504992589313771695e-03
-5.221515345606549813e-03 -9.013125452533509233e-03
-6.085523982219517326e-03 -8.431895475288065864e-03
-6.884939686916890199e-03 -7.767654164824310155e-03
-7.611762434687638530e-03 -7.027611112399721055e-03
-8.258805012641076693e-03 -6.219749417936140667e-03
-8.819767970944084740e-03 -5.352732650125150565e-03
-9.289303714830374203e-03 -4.435804553831604498e-03
-9.663076653623682566e-03 -3.478674555563098306e-03
-9.937791945633484350e-03 -2.491412049481578697e-03
-1.011121724050399739e-02 -1.484343274843312986e-03
-1.018220761685814657e-02 -4.679293407872438682e-04
-1.015070850602034502e-02 5.473497813458314942e-04
-1.001774604911278947e-02 1.551110225141490813e-03
-9.785405167814084301e-03 2.533176771552163569e-03
-9.456795783820247034e-03 3.483691634604735646e-03
-9.036007768725920139e-03 4.393218227666205282e-03
-8.528055342165689542e-03 5.252838733907430613e-03
-7.938811759412042410e-03 6.054244405534232355e-03
-7.274935239002093892e-03 6.789817630027223175e-03
-6.543787174663341644e-03 7.452704926669218022e-03
-5.753343753488104548e-03 8.036880169989376460e-03
-4.912102162605849580e-03 8.537197477324559927e-03
-4.028982608760969981e-03 8.949433342615021117e-03
-3.113227399793604133e-03 9.270317745393876971e-03
-2.174298343607898500e-03 9.497554111097750856e-03
-1.221773709211949801e-03 9.629828143629380957e-03
-2.652459666406623159e-04 9.666805691270648898e-03
6.857785212072049514e-04 9.609119941165056647e-03
1.621976740430514227e-03 9.458348363499693989e-03
2.534302159456989709e-03 9.216979942398085060e-03
3.414072795636187777e-03 8.888373335404440093e-03
4.253053351183539409e-03 8.476706695740519534e-03
5.043538661300818113e-03 7.986915431964409368e-03
5.778411297697279812e-03 7.424628950482778378e-03
6.451194249559333641e-03 6.796107590856317014e-03
7.056111947357814052e-03 6.108165380968666805e-03
7.588133815421505002e-03 5.368091600575486226e-03
8.043009057954249308e-03 4.583569519303172524e-03
8.417292598985944008e-03 3.762593288492589901e-03
8.708362205665353545e-03 2.913383946833129987e-03
8.914426927929609487e-03 2.044305468560797100e-03
9.034527084515096840e-03 1.163781740203061622e-03
9.068526113621027882e-03 2.802152992630070616e-04
9.017094685692046349e-03 -5.980913926682809509e-04
8.881687544935365150e-03 -1.463011438133604005e-03
8.664513605165234320e-03 -2.306665122203530125e-03
8.368499873908396766e-03 -3.121487107644630669e-03
7.997249815702515627e-03 -3.900288733743552481e-03
7.554996791961023257e-03 -4.636315026495477047e-03
7.046553230831104769e-03 -5.323296108694721557e-03
6.477256186427642233e-03 -5.955492777609167759e-03
5.852909943375178212e-03 -6.527736093863802276e-03
5.179726310620112045e-03 -7.035460897341014319e-03
4.464263228867579834e-03 -7.474733233108371913e-03
3.713362289486542376e-03 -7.842271731814110663e-03
2.934085730694476618e-03 -8.135463044144591524e-03
2.133653440408733899e-03 -8.352371477168508626e-03
1.319373922795652162e-03 -8.491741078230424442e-03
4.985905424839142709e-04 -8.552993299720571332e-03
-3.213721019114186474e-04 -8.536224338282561927e-03
-1.133273673291861679e-03 -8.442193550494202919e-03
-1.930014719291608342e-03 -8.272307662733331332e-03
-2.704691011239768184e-03 -8.028600662579815986e-03
-3.450645352555104049e-03 -7.713709663487618162e-03
-4.161516644019193530e-03 -7.330847033586829209e-03
-4.831286023847714342e-03 -6.883769075296071981e-03
-5.454319927497314202e-03 -6.376741535154097258e-03
-6.025409934677832327e-03 -5.814502213922385920e-03
-6.539809289287277019e-03 -5.202220936585798955e-03
-6.993265992153091699e-03 -4.545457131054612618e-03
-7.382052376896414310e-03 -3.850115254786819988e-03
-7.702991086533560877e-03 -3.122398299598705407e-03
-7.953477372318775232e-03 -2.368759597748715338e-03
-8.131497637797007599e-03 -1.595853148219929327e-03
-8.235644150993924259e-03 -8.104826805686912022e-04
-8.265125846628354131e-03 -1.954967527455801692e-05
-8.219775138794505748e-03 7.699994353689962236e-04
-8.100050663853278904e-03 1.551226653437858460e-03
-7.907035874044824122e-03 2.317256144587901724e-03
-7.642433404845636741e-03 3.061328051786062297e-03
-7.308555144482004051e-03 3.776852117906513793e-03
-6.908307942921180188e-03 4.457460822151540318e-03
-6.445170333228645264e-03 5.097060698999286016e-03
-5.923174694141348368e-03 5.689882432798192523e-03
-5.346884379196565305e-03 6.230532900001250173e-03
-4.721356875327377758e-03 6.714043197580072363e-03
-4.052107281043161938e-03 7.135914304792626180e-03
-3.345067462399657805e-03 7.492160035363503237e-03
-2.606541016886127025e-03 7.779346850833448318e-03
-1.843154221682690927e-03 7.994630098584297809e-03
-1.061803192352129719e-03 8.135786236473261865e-03
-2.695975300883893624e-04 8.201240610641469947e-03
5.261992100502157002e-04 8.190090364255974906e-03
1.318231842010695980e-03 8.102122073359075555e-03
2.099118219252322972e-03 7.937823732154637366e-03
2.861515754978612852e-03 7.698390744795976029e-03
3.598189242412035225e-03 7.385725622977946242e-03
4.302079376821150124e-03 7.002431138580266119e-03
4.966371336787861294e-03 6.551796738705126938e-03
5.584562744070369067e-03 6.037778095640459683e-03
6.150530290363105494e-03 5.464969735999648456e-03
6.658594295965786919e-03 4.838570770842137020e-03
7.103580451223673840e-03 4.164343830995989072e-03
7.480877987524618862e-03 3.448567398076050460e-03
7.786493530714823884e-03 2.697981809997502568e-03
8.017099906863865005e-03 1.919729309386681215e-03
8.170079198805798443e-03 1.121288592690754780e-03
8.243556113253530659e-03 3.104059829282744521e-04
8.236431767619718444e-03 -5.049793147328540547e-04
8.148408979343485861e-03 -1.316816208050629192e-03
7.980002642222337739e-03 -2.117022243762698916e-03
7.732545214673289952e-03 -2.897566863053344360e-03
7.408183461015353105e-03 -3.650555723200012235e-03
7.009866250997774662e-03 -4.368315135181002895e-03
6.541323330670333058e-03 -5.043475633960504273e-03
6.007035090525379706e-03 -5.669053678048697337e-03
5.412193473185677312e-03 -6.238530468569143499e-03
4.762654281273787094e-03 -6.745926885616189937e-03
4.064881264666535439e-03 -7.185873561480967363e-03
3.325882483363937474e-03 -7.553675146894232167e-03
2.553139555630488076e-03 -7.845367878013263449e-03
1.754530508730205336e-03 -8.057769617252822855e-03
9.382470500343831213e-04 -8.188521619744929675e-03
1.127071681553997644e-04 -8.236121368876287915e-03
-7.135359452248159033e-04 -8.199945927690089828e-03
-1.531887593563358192e-03 -8.080265366625738119e-03
-2.333806779095367549e-03 -7.878245950469629083e-03
-3.110901756754868522e-03 -7.595942897099807259e-03
-3.855024758653697019e-03 -7.236282655899270791e-03
-4.558364700933102004e-03 -6.803034791761708618e-03
-5.213536693071364574e-03 -6.300773700171813721e-03
-5.813667195054141035e-03 -5.734830517608238178e-03
-6.352470508773744307e-03 -5.111238796042090471e-03
-6.824326667099273741e-03 -4.436666905465747220e-03
-7.224349955950027172e-03 -3.718339760202196958e-03
-7.548442293734138400e-03 -2.963959894390176888e-03
-7.793341223103363545e-03 -2.181620263073325277e-03
-7.956658046279778754e-03 -1.379712054192697374e-03
-8.036905565425123826e-03 -5.668286542518382676e-04
-8.033515026057411190e-03 2.483330291115687827e-04
-7.946842004769397519e-03 1.057072640910872597e-03
-7.778161130687872432e-03 1.850786576496101822e-03
-7.529649680870100122e-03 2.621067022958915513e-03
-7.204360240882733829e-03 3.359798574436821672e-03
-6.806182771129070351e-03 4.059251180379165429e-03
-6.339796564415967062e-03 4.712168233157055380e-03
-5.810612718549142651e-03 5.311848665808485692e-03
-5.224707877245814494e-03 5.852222011459171092e-03
-4.588750111963719493e-03 6.327915472072569332e-03
-3.909917923983968063e-03 6.734312154267349873e-03
-3.195813438367609179e-03 7.067599752411827217e-03
-2.454370938344099893e-03 7.324809091755604684e-03
-1.693761948837306693e-03 7.503842085471563138e-03
-9.222981199884697874e-04 7.603488807104518028e-03
-1.483331854760715446e-04 7.623433530827780809e-03
6.198347242414804694e-04 7.564249744567804433e-03
1.374059147076407868e-03 7.427384292809900007e-03
2.106434028823639566e-03 7.215135589373231767e-03
2.809389579287870087e-03 6.930614541428173868e-03
3.475780179572134868e-03 6.577692160590221243e-03
4.098956659605681660e-03 6.160947990508925699e-03
4.672836792269140574e-03 5.685607112043238043e-03
5.191967803368545756e-03 5.157470114221132489e-03
5.651580195107790833e-03 4.582837047795119620e-03
6.047632311362275206e-03 3.968426448213422698e-03
6.376845210414121799e-03 3.321290567681006983e-03
6.636727553028947540e-03 2.648727991107170752e-03
6.825590358144860426e-03 1.958194827934661708e-03
6.942551622801135247e-03 1.257215671352485001e-03
6.987530945311819751e-03 5.532954979786830095e-04
6.961234428385282280e-03 -1.461663549232780602e-04
6.865130270015853096e-03 -8.339590497435949877e-04
6.701415572305963533e-03 -1.503138928812426927e-03
6.472975010721079142e-03 -2.147103078436644365e-03
6.183332106630678830e-03 -2.759656934287084418e-03
5.836593932719859844e-03 -3.335075190577170643e-03
5.437390153241274116e-03 -3.868155388781250540e-03
4.990807358119451510e-03 -4.354263682039540007e-03
4.502319690753312474e-03 -4.789372396910428209e-03
3.977716793892254951e-03 -5.170089141730033200e-03
3.423030106115762094e-03 -5.493677339159785955e-03
2.844458533317272084e-03 -5.758068186952979006e-03
2.248301192940884482e-03 -5.961869315481716988e-03
1.640875614452131509e-03 -6.104358011603160973e-03
1.028441146388448619e-03 -6.185461307415296948e-03
4.171395258803042199e-04 -6.205739329566611895e-03
-1.870683152445585173e-04 -6.166358372458228577e-03
-7.784608688117915232e-04 -6.069057792044060644e-03
-1.351609509576676572e-03 -5.916111415985071849e-03
-1.901426311969611500e-03 -5.710284217766637554e-03
-2.423205844958125060e-03 -5.454785040113342524e-03
-2.912660672154027391e-03 -5.153216176503556956e-03
-3.365950390747338931e-03 -4.809520628776248370e-03
-3.779704147481218260e-03 -4.427927854542118395e-03
-4.151036671341636237e-03 -4.012898800440779616e-03
-4.477557958672598835e-03 -3.569070986684531530e-03
-4.757376835837672305e-03 -3.101204366586422009e-03
-4.989098705732934735e-03 -2.614128632649953109e-03
-5.171817856681582871e-03 -2.112692579925096441e-03
-5.305104774247601518e-03 -1.601716068857542488e-03
-5.388988947473128538e-03 -1.085945055164619670e-03
-5.423937700649947118e-03 -5.700100756889986062e-04
-5.410831609741163437e-03 -5.838849777511120713e-05
-5.350937078753883677e-03 4.446292429845379143e-04
-5.245876655994084585e-03 9.349692733686639813e-04
-5.097597663577032451e-03 1.408799717849595814e-03
-4.908339696265727643e-03 1.862551950533016714e-03
-4.680610254601307897e-03 2.292941519439292957e-03
-4.417140833680036419e-03 2.696981494561147014e-03
-4.120845322707393510e-03 3.071985586490480480e-03
-3.794797407009481600e-03 3.415575544536660242e-03
-3.442199742648935357e-03 3.725683686765692958e-03
-3.066354552120139840e-03 4.000552589023197506e-03
-2.670635864477351445e-03 4.238732284504111505e-03
-2.258463562031398468e-03 4.439075336279411227e-03
-1.833279335322195950e-03 4.600730146680408195e-03
-1.398524589490669550e-03 4.723132859887162020e-03
-9.576202902695426242e-04 4.805998197710226356e-03
-5.139486877971334491e-04 4.849309544983484120e-03
-7.083681176630001028e-05 4.853308570599648014e-03
3.684584065285969202e-04 4.818484633553946767e-03
8.007635603976694756e-04 4.745564182478834853e-03
1.223000940298399819e-03 4.635500312888119791e-03
1.632199665848213998e-03 4.489462600174487852e-03
2.025505997211716341e-03 4.308827279293574695e-03
2.400193044500887034e-03 4.095167795206434806e-03
2.753670084650159441e-03 3.850245703421358023e-03
3.083491678861413968e-03 3.576001858013820676e-03
3.387366760637166695e-03 3.274547786269459311e-03
3.663167835309937698e-03 2.948157116136220293e-03
3.908940397702799149e-03 2.599256895308193777e-03
4.122912635911859906e-03 2.230418620116871118e-03
4.303514533772385270e-03 1.844347777284164854e-03
4.449378259994998981e-03 1.443870575697916731e-03
4.559339023531806638e-03 1.031926308769653793e-03
4.632454976798543352e-03 6.115565989311462936e-04
4.668018032313310355e-03 1.858922783099844079e-04
4.665564528477122823e-03 -2.418611660315001877e-04
4.624885521908950539e-03 -6.684397112786324025e-04
4.546036453644201891e-03 -1.090538574824896287e-03
4.429345912304925512e-03 -1.504831697978380699e-03
4.275423199464594565e-03 -1.907992942848044278e-03
4.085164391886678993e-03 -2.296718958733234839e-03
3.859756592970830635e-03 -2.667753623765362417e-03
3.600680071096362938e-03 -3.017913916320418520e-03
3.309707995964638726e-03 -3.344117019414263349e-03
2.988903505642838149e-03 -3.643408411923434488e-03
2.640613866283706215e-03 -3.912990654103678211e-03
2.267461522922099848e-03 -4.150252532687591193e-03
1.872331882965923983e-03 -4.352798193542533299e-03
1.458357722952829949e-03 -4.518475858456537722e-03
1.028900163374987927e-03 -4.645405698493984895e-03
5.875262143321257225e-04 -4.732006419875625994e-03
1.379829553677625021e-04 -4.777020109822195486e-03
-3.158315247466103462e-04 -4.779534890005719509e-03
-7.699002396058749744e-04 -4.739004934134157833e-03
-1.220122217101776360e-03 -4.655267424078953636e-03
-1.662357055380501341e-03 -4.528557401089394231e-03
-2.092457461395200082e-03 -4.359512679027919245e-03
-2.506302376212432917e-03 -4.149179815559746708e-03
-2.899846207183985006e-03 -3.899018449900037552e-03
-3.269162097295533545e-03 -3.610898008349007655e-03
-3.610485423967396863e-03 -3.287089610580727021e-03
-3.920256959770148340e-03 -2.930253086004220089e-03
-4.195165111154354649e-03 -2.543419081059209580e-03
-4.432186644478842107e-03 -2.129966311710434004e-03
-4.628625310988159630e-03 -1.693594089798446112e-03
-4.782147794295540412e-03 -1.238290326700934281e-03
-4.890816426233256242e-03 -7.682952906782850467e-04
-4.953118148399594106e-03 -2.880614641948358277e-04
-4.967989237044393575e-03 1.977900861522763820e-04
-4.934835358027829001e-03 6.845163534515975564e-04
-4.853546575323633601e-03 1.167301519866372102e-03
-4.724507000080447119e-03 1.641307996265536700e-03
-4.548598836818068883e-03 2.101728757500529506e-03
-4.327200657474277942e-03 2.543840328221527985e-03
-4.062179812288928792e-03 2.963055753215817004e-03
-3.755878966901130163e-03 3.354976875403445011e-03
-3.411096836099642825e-03 3.715445243685025663e-03
-3.031063265791699921e-03 4.040590981884419411e-03
-2.619408894422000159e-03 4.326878969138875201e-03
-2.180129702188139933e-03 4.571151710914838143e-03
-1.717542766804385466e-03 4.770669915937844618e-03
-1.236245499770540456e-03 4.923143305122531892e-03
-7.410722232090998125e-04 5.026759784012842062e-03
-2.370390610347821055e-04 5.080212501093384417e-03
2.707101468209378013e-04 5.082718644994529966e-03
7.769599034467483201e-04 5.034032272734928308e-03
1.276480404989837648e-03 4.934450963902150752e-03
1.764085479257878480e-03 4.784816176853654880e-03
2.234690400567636032e-03 4.586507265364413687e-03
2.683368868207211197e-03 4.341429196829967203e-03
3.105408444903883305e-03 4.051994095516099972e-03
3.496363771226832125e-03 3.721096814734358230e-03
3.852106900529192121e-03 3.352084818816873212e-03
4.168874136142562865e-03 2.948722728809858792e-03
4.443308798168120119e-03 2.515151953705463753e-03
4.672499400146286862e-03 2.055845890704285223e-03
4.854012775378337488e-03 1.575561232630156953e-03
4.985921757874203428e-03 1.079285967924131394e-03
5.066827092541130451e-03 5.721846978854127578e-04
5.095873323170653328e-03 5.954192658727156207e-05
5.072758483075620432e-03 -4.532959997144896743e-04
4.997737490407510100e-03 -9.609796144470455874e-04
4.871619228059446971e-03 -1.458215020813371978e-03
4.695757365307622749e-03 -1.939821862444291974e-03
4.472035054048114147e-03 -2.400789900843462287e-03
4.202841945404826168e-03 -2.836333350106206089e-03
3.891049365940265660e-03 -3.241941858003603415e-03
3.539980070478769818e-03 -3.613430053800709921e-03
3.153369346087987746e-03 -3.946982777890617293e-03
2.735323414703349360e-03 -4.239195714970472005e-03
2.290273868739256535e-03 -4.487111297455457191e-03
1.822928684950875016e-03 -4.688249501106650334e-03
1.338220395991016227e-03 -4.840633218792605129e-03
8.412520251990991162e-04 -4.942807964653104374e-03
3.372414089121958847e-04 -4.993855728859967341e-03
-1.685354576487633257e-04 -4.993402872212842833e-03
-6.708014114838609316e-04 -4.941622019177826543e-03
-1.164334814607342894e-03 -4.839227976285285886e-03
-1.644025324161351321e-03 -4.687467769437094617e-03
-2.104928133525628322e-03 -4.488104958225468295e-03
-2.542316102501912100e-03 -4.243398446925817323e-03
-2.951729225122567881e-03 -3.956076069560921470e-03
-3.329020919608979487e-03 -3.629303280226793549e-03
-3.670400665689041095e-03 -3.266647329135263875e-03
-3.972472560197729680e-03 -2.872037349396812291e-03
-4.232269411344066756e-03 -2.449720818089072029e-03
-4.447282043999870906e-03 -2.004216887904544664e-03
-4.615483543035673805e-03 -1.540267113197345706e-03
-4.735348218356006354e-03 -1.062784115437258271e-03
-4.805865133261384009e-03 -5.767987485601436693e-04
-4.826544895596827922e-03 -8.740857759393943387e-05
-4.797424376570999863e-03 4.002778503733640542e-04
-4.719064376923088472e-03 8.811978269788544411e-04
-4.592539231806816447e-03 1.350385794651982841e-03
-4.419422718019643849e-03 1.803025181093520155e-03
-4.201768780538147827e-03 2.234498355433748532e-03
-3.942087316009412583e-03 2.640434197744107210e-03
-3.643315299202599597e-03 3.016752802505227784e-03
-3.308783582951705174e-03 3.359706869833709898e-03
-2.942179743077338438e-03 3.665919375239834119e-03
-2.547507377406989411e-03 3.932417149020268031e-03
-2.129042300987607061e-03 4.156660040401431722e-03
-1.691286107734744915e-03 4.336565388126006719e-03
-1.238917592499769703e-03 4.470527567586225597e-03
-7.767425465246137299e-04 4.557432435206835129e-03
-3.096424534397297212e-04 4.596666542877399404e-03
1.574773780300662586e-04 4.588121048040054266e-03
6.197397045554263809e-04 4.532190298557684828e-03
1.072346722715429882e-03 4.429765125186487483e-03
1.510630394837349450e-03 4.282220928289304576e-03
1.930101205223394957e-03 4.091400697742698933e-03
2.326494842051466446e-03 3.859593155757568873e-03
2.695816321329766799e-03 3.589506262035356641e-03
3.034381095306605547e-03 3.284236367787875949e-03
3.338852718274796638e-03 2.947233350040358302e-03
3.606275051527299720e-03 2.582264878281406717e-03
3.834104898973730163e-03 2.193372484593745630e-03
4.020238192908544804e-03 1.784823571115226994e-03
4.163028036637056277e-03 1.361066898573027586e-03
4.261299998205485794e-03 9.266839241781855627e-04
4.314362264246537383e-03 4.863388722270548014e-04
4.322010548353057667e-03 4.472807477132905753e-05
4.284527703820335993e-03 -3.934708706942905776e-04
4.202678046916632527e-03 -8.236495757241901923e-04
4.077696453661515050e-03 -1.241318418739107560e-03
3.911272350157416443e-03 -1.642154644706411357e-03
3.705528772981659617e-03 -2.022048479058324508e-03
3.462996730690494525e-03 -2.377146748010851730e-03
3.186585150107330237e-03 -2.703893522344556245e-03
2.879546741567179380e-03 -2.999067332522426053e-03
2.545440164728467788e-03 -3.259814539349807205e-03
2.188088919976235308e-03 -3.483678485529925328e-03
1.811537429499869914e-03 -3.668624099531675540e-03
1.420004806578932218e-03 -3.813057673560423921e-03
1.017836840512068410e-03 -3.915841591988889966e-03
6.094567472792387875e-04 -3.976303843944650751e-03
1.993152528028499819e-04 -3.994242213325250972e-03
-2.081594139356739831e-04 -3.969923101505947946e-03
-6.086110373120254356e-04 -3.904075000804929814e-03
-9.978038638284673217e-04 -3.797876700418457551e-03
-1.371667755563484199e-03 -3.652941825547079309e-03
-1.726345319199124170e-03 -3.471296030316982448e-03
-2.058235097160180781e-03 -3.255348598911971154e-03
-2.364028205664785338e-03 -3.007862746832361180e-03
-2.640743330952753133e-03 -2.731920885019636230e-03
-2.885757665190583684e-03 -2.430886378265832010e-03
-3.096833422734564158e-03 -2.108362267363742167e-03
-3.272139631178890267e-03 -1.768147462869886812e-03
-3.410268949861927114e-03 -1.414190950477466763e-03
-3.510249330361806062e-03 -1.050544573238433328e-03
-3.571550398157989810e-03 -6.813149743273270737e-04
-3.594084501696249642e-03 -3.106152947353507969e-04
-3.578202442604758345e-03 5.748277713313000641e-05
-3.524683968096428786e-03 4.189960115983978992e-04
-3.434723173928396628e-03 7.700751197967801911e-04
-3.309909031942970606e-03 1.107048152442664411e-03
-3.152201318880893787e-03 1.426461283832716406e-03
-2.963902282291499234e-03 1.725116485039095973e-03
-2.747624434304851357e-03 2.000105632279758783e-03
-2.506254913874798179e-03 2.248840645014659519e-03
-2.242916901505780363e-03 2.469079302346173163e-03
-1.960928607424000224e-03 2.658946444896859509e-03
-1.663760384177920401e-03 2.816950332297929547e-03
-1.354990536779739074e-03 2.941993992268213294e-03
-1.038260417931092562e-03 3.033381465699258595e-03
-7.172300635752875200e-04 3.090817962246229789e-03
-3.955332300446187666e-04 3.114406869318947241e-03
-7.673320145964611025e-05 3.104641835814936791e-03
2.357185902887922065e-04 3.062392063522162075e-03
5.385223216982841597e-04 2.988884059884292215e-03
8.285668977615853227e-04 2.885679146914326993e-03
1.102963977243036483e-03 2.754647084674481227e-03
1.359078491163807001e-03 2.597936218420780936e-03
1.594555295499633547e-03 2.417940603172350541e-03
1.807341657122010087e-03 2.217264597093998851e-03
1.995705333846640398e-03 1.998685445457663423e-03
2.158248074980498570e-03 1.765114399621502909e-03
2.293914435917467683e-03 1.519556929422189633e-03
2.401995867949001818e-03 1.265072593353834497e-03
2.482130113095074031e-03 1.004735128730687441e-03
2.534296001351656318e-03 7.415933133482831112e-04
2.558803812953463781e-03 4.786331313999399296e-04
2.556281430447618613e-03 2.187417494477630431e-04
2.527656563663073768e-03 -3.532622580605070388e-05
2.474135384316986791e-03 -2.809797771253072962e-04
2.397177954547271422e-03 -5.158194100836876453e-04
2.298470874835471366e-03 -7.376616588118508006e-04
2.179897611167726755e-03 -9.445598897289596502e-04
2.043506987928181157e-03 -1.134821189114261844e-03
1.891480352190155149e-03 -1.307019183408883976e-03
1.726096799999306697e-03 -1.459999111320138890e-03
1.549701912597509397e-03 -1.592885180055345897e-03
1.364674656105196180e-03 -1.705085325996975572e-03
1.173392449873671183e-03 -1.796284460862914226e-03
9.781992534070916602e-04 -1.866437010237949031e-03
7.813752874260533957e-04 -1.915755796297078511e-03
5.851088066848038989e-04 -1.944697537178562488e-03
3.914703017516570180e-04 -1.953945283234945381e-03
2.023894606822778915e-04 -1.944388152660028735e-03
1.963517027624003540e-05 -1.917098764644764065e-03
-1.552012182023530980e-04 -1.873308796709720510e-03
-3.207191920753162812e-04 -1.814383114381087209e-03
-4.757188420319439278e-04 -1.741792934594680112e-03
-6.192070415367792067e-04 -1.657088489643503181e-03
-7.504000544359449264e-04 -1.561871656655161719e-03
-8.687226437796050863e-04 -1.457769007886140344e-03
-9.738038119493007362e-04 -1.346405719900203857e-03
-1.065469356266125203e-03 -1.229380754963644955e-03
-1.143731474304659611e-03 -1.108243696955342255e-03
-1.208775698748059887e-03 -9.844735871073803223e-04
-1.260945481445601563e-03 -8.594600622887926551e-04
-1.300724780018162538e-03 -7.344870515203596236e-04
-1.328719027581945315e-03 -6.107192356403500248e-04
-1.345634886144340264e-03 -4.891914216094895478e-04
-1.352259197303432459e-03 -3.708009276841068473e-04
-1.349434415162149500e-03 -2.563088866431353897e-04
-1.338043094232905898e-03 -1.463344035800365759e-04
-1.318989122981289444e-03 -4.134855455660857188e-05
-1.293173061257163296e-03 5.831653718143406867e-05
-1.261472998942309107e-03 1.524608529622145452e-04
-1.224726935993906279e-03 2.410071474548717500e-04
-1.183716993621492398e-03 3.239893936268836965e-04
-1.139155727064524891e-03 4.015393005785363638e-04
-1.091674766534950691e-03 4.738712331143721018e-04
-1.041815964963555430e-03 5.412658878313984356e-04
-9.900251804744132546e-04 6.040530994147343775e-04
-9.366487687522816619e-04 6.625941632718078227e-04
-8.819328067442653435e-04 7.172640653804762158e-04
-8.260250159475096771e-04 7.684340075205953885e-04
-7.689793006730148445e-04 8.164546069718521060e-04
-7.107627657383961762e-04 8.616401335907324403e-04
-6.512650299296109200e-04 9.042541243313635159e-04
-5.903096069592607539e-04 9.444966858415990802e-04
-5.276670856126484824e-04 9.824937609320249371e-04
-4.630698054556341365e-04 1.018288595039847696e-03
-3.962276950764220644e-04 1.051835594492187345e-03
-3.268449166829807333e-04 1.082996720586365015e-03
-2.546369442226743113e-04 1.111540513050505996e-03
-1.793476926474554800e-04 1.137143784303613339e-03
-1.007663132045017124e-04 1.159395973134036591e-03
-1.874805576176780323e-05 1.177813471126735491e-03
6.677914729953669576e-05 1.191843878580519690e-03
1.558046285871603784e-04 1.200868208242926059e-03
2.482165719042256878e-04 1.204220600708696097e-03
3.437919679609874888e-04 1.201203902478781673e-03
4.421888656976060913e-04 1.191106844790131665e-03
5.429411449815557504e-04 1.173222496026536492e-03
6.454559911725127374e-04 1.146867630875565312e-03
7.490142031296048199e-04 1.111402635744719938e-03
8.527734141153689787e-04 1.066251552731164705e-03
9.557742506636869107e-04 1.010921854516532315e-03
1.056949399119034216e-03 9.450235395302800665e-04
1.155135493893319747e-03 8.682871413931225009e-04
1.249087686966093239e-03 7.805802590054615117e-04
1.337496705131020931e-03 6.819222325110589709e-04
1.419008151127942874e-03 5.724966163156859069e-04
1.492243758019572760e-03 4.526611328470877497e-04
1.555824263729316953e-03 3.229548296473415750e-04
1.608393535572719482e-03 1.841022066567289542e-04
1.648643543081003112e-03 3.701412936156397011e-05
1.675339752547473637e-03 -1.172146033470303564e-04
1.687346498863230614e-03 -2.773111114233139636e-04
1.683651879578093287e-03 -4.418337222831519450e-04
1.663391713378785039e-03 -6.091846522095567887e-04
1.625872110041629882e-03 -7.776259770962976395e-04
1.570595724504933628e-03 -9.453066675515161589e-04
1.497270677917513773e-03 -1.110279100648960560e-03
1.405822377137152168e-03 -1.270513336355365459e-03
1.296413919442860989e-03 -1.423930315697779017e-03
1.169455973514411029e-03 -1.568430628967796246e-03
1.025613091916017855e-03 -1.701924859793206958e-03
8.658062286463699556e-04 -1.822365055111347613e-03
6.912112925481184948e-04 -1.927776840460234363e-03
5.032536283577691925e-04 -2.016291676726692395e-03
3.035983814134006215e-04 -2.086178738737488013e-03
9.413676867496869585e-05 -2.135875888669211322e-03
-1.230316538553173102e-04 -2.164019218258593589e-03
-3.456205697099340012e-04 -2.169470643525297452e-03
-5.711821027451099942e-04 -2.151343054372719006e-03
-7.971353523850816490e-04 -2.109022548075111230e-03
-1.020797914823826221e-03 -2.042187310575735697e-03
-1.239419985317426025e-03 -1.950822752104664631e-03
-1.450220585675476327e-03 -1.835232553693381301e-03
-1.650425416377155480e-03 -1.696045337742756263e-03
-1.837305794866839247e-03 -1.534216737780784955e-03
-2.008218111712676852e-03 -1.351026709781854131e-03
-2.160643214877552235e-03 -1.148071998519207713e-03
-2.292225119724467918e-03 -9.272537461946491009e-04
-2.400808439298821213e-03 -6.907603061101085136e-04
-2.484473935810587071e-03 -4.410453998665421569e-04
-2.541576568645855048e-03 -1.807941215250959935e-04
-2.570766534643378551e-03 8.710191418456920964e-05
-2.571012453328340702e-03 3.595688292371135969e-04
-2.541630890888730860e-03 6.333943067724283294e-04
-2.482304757197557107e-03 9.052680383461689934e-04
-2.393096886799050364e-03 1.171824589501867589e-03
-2.274458489232480517e-03 1.429688098453392496e-03
-2.127232226346552346e-03 1.675518182077118980e-03
-1.952649751500704208e-03 1.906056392016725227e-03
-1.752323626903489048e-03 2.118172541687218715e-03
-1.528233619893789880e-03 2.308910213099983361e-03
-1.282707464963309726e-03 2.475530751314581820e-03
-1.018396264535764576e-03 2.615555063976083422e-03
-7.382447865317191913e-04 2.726802563996700429e-03
-4.454569992655470429e-04 2.807426624545384178e-03
-1.434572630452863099e-04 2.855945956989012265e-03
1.641523285473596027e-04 2.871271373750090665e-03
4.736378976406746869e-04 2.852727458858180833e-03
7.811824016953164982e-04 2.800068738177038767e-03
1.082936253049137688e-03 2.713490017639793098e-03
1.375069226290124690e-03 2.593630641000487912e-03
1.653822910366588425e-03 2.441572506961518264e-03
1.915562942340688982e-03 2.258831777565951503e-03
2.156830251450441837e-03 2.047344304454936509e-03
2.374390545860724337e-03 1.809444894995333817e-03
2.565284427520756784e-03 1.547833516934107694e-03
2.726864159256776887e-03 1.265548872299706229e-03
2.856832112227173856e-03 9.659397345474489849e-04
2.953281171152914199e-03 6.526165329981131616e-04
3.014725194153009425e-03 3.294048665555572835e-04
3.040123830282097026e-03 2.954023250027228154e-07
3.028901258509139952e-03 -3.306091438917728919e-04
2.980958499360083364e-03 -6.591491948378056529e-04
2.896679044314788912e-03 -9.811648742566823206e-04
2.776927647099603283e-03 -1.292553121582027103e-03
2.623042223971919912e-03 -1.589324517882519886e-03
2.436818915188260562e-03 -1.867658977326891196e-03
2.220490465202973676e-03 -2.123959466911341538e-03
1.976698183079896986e-03 -2.354902938939618193e-03
1.708457845669725250e-03 -2.557487695560713842e-03
1.419120002664309155e-03 -2.729076452129535618e-03
1.112325232850918180e-03 -2.867434425724926100e-03
7.919549831042065361e-04 -2.970761846183346197e-03
4.620786947888910149e-04 -3.037720368112118742e-03
1.268979849751841803e-04 -3.067452952165844460e-03
-2.093112990632197746e-04 -3.059596881772441018e-03
-5.422582951084206626e-04 -3.014289685499862027e-03
-8.676967288930635767e-04 -2.932167843505321860e-03
-1.181484011347873168e-03 -2.814358267827314457e-03
-1.479638940061391928e-03 -2.662462658371524387e-03
-1.758397595795777816e-03 -2.478528345223133741e-03
-2.014261638060879135e-03 -2.265025778478526371e-03
-2.244048225484116411e-03 -2.024820852031988024e-03
-2.444936196293213872e-03 -1.761127626147855705e-03
-2.614504808173341750e-03 -1.477462257748098822e-03
-2.750766554125184948e-03 -1.177592543560096981e-03
-2.852193548540092518e-03 -8.654838449107598534e-04
-2.917737078449791042e-03 -5.452422222756498531e-04
-2.946840022548560725e-03 -2.210556536350659438e-04
-2.939441953435517705e-03 1.028657573793734492e-04
-2.895976854891749164e-03 4.223496602836209965e-04
-2.817363504197775790e-03 7.333204981673333185e-04
-2.704988686955313564e-03 1.031856797607724708e-03
-2.560683526719254813e-03 1.314245824179259472e-03
-2.386693322330225506e-03 1.577034762527678314e-03
-2.185641390307681894e-03 1.817077636792575326e-03
-1.960487505998374617e-03 2.031577257276522257e-03
-1.714481623411286907e-03 2.218121561537900795e-03
-1.451113628709835681e-03 2.374713810733839955e-03
-1.174059944897533131e-03 2.499796203485301835e-03
-8.871278541279824584e-04 2.592266578739199981e-03
-5.941984384034801770e-04 2.651487993827344319e-03
-2.991690583591170806e-04 2.677291081952911083e-03
-5.896293131718685805e-06 2.669969213162164470e-03
2.818597481481361884e-04 2.630266601973837992e-03
5.604864764227169378e-04 2.559353199477692933e-03
8.265681740119112898e-04 2.458807383688041762e-03
1.076937068728857491e-03 2.330591591451602450e-03
1.308714774815760698e-03 2.177008984217906201e-03
1.519349192042405332e-03 2.000662124392079810e-03
1.706645612033325186e-03 1.804407626686616072e-03
1.868791589436249664e-03 1.591307587895904405e-03
2.004375246499184426e-03 1.364578647462302494e-03
2.112396795864327891e-03 1.127539564910551599e-03
2.192273185855144867e-03 8.835582180180981491e-04
2.243835893126309468e-03 6.359989272610188683e-04
2.267322007575891304e-03 3.881709976379542001e-04
2.263358870981194756e-03 1.432793385965910134e-04
2.232942641919667508e-03 -9.562202300575516523e-05
2.177411263392679385e-03 -3.256727820884749774e-04
2.098412404466243070e-03 -5.442448651902857771e-04
1.997867031343053112e-03 -7.489760151903274502e-04
1.877929334385909123e-03 -9.377979513897019169e-04
1.740943794905097479e-03 -1.108958710027347413e-03
1.589400218226178808e-03 -1.261038881266028817e-03
1.425887586790782445e-03 -1.392961574551035073e-03
1.253047598191333028e-03 -1.503996062582474424e-03
1.073528747693568977e-03 -1.593755172466605535e-03
8.899417932554586031e-04 -1.662186609189941072e-03
7.048174038308465273e-04 -1.709558508665308570e-03
5.205713623750057081e-04 -1.736433107676935844e-03
3.394673932534564178e-04 -1.743651029687269711e-03
1.635785112248682360e-04 -1.732308480369810014e-03
-5.237189616999439629e-06 -1.703717064402720128e-03
-1.653584500884887213e-04 -1.659368061257830880e-03
-3.154172576070794591e-04 -1.600894542883701593e-03
-4.543095539775674494e-04 -1.530032146149528640e-03
-5.812001552353266874e-04 -1.448579329833680736e-03
-6.955219178553760651e-04 -1.358357946304973541e-03
-7.969693025416089722e-04 -1.261174941557110813e-03
-8.854865999645671754e-04 -1.158785964393615597e-03
-9.612511906776330687e-04 -1.052861617377198180e-03
-1.024652311008268646e-03 -9.449570191297035305e-04
-1.076265886195685272e-03 -8.364852709044954355e-04
-1.116826069621766051e-03 -7.286953319957978391e-04
-1.147194191523809000e-03 -6.226547103057628214e-04
-1.168325870816260686e-03 -5.192372674416885622e-04
-1.181237077426291852e-03 -4.191163245601952649e-04
-1.186969949707087670e-03 -3.227631385004832714e-04
-1.186559172150848489e-03 -2.304507000558860268e-04
-1.180999702543559637e-03 -1.422626892620820489e-04
-1.171216604955972350e-03 -5.810730887222948085e-05
-1.158037695917387517e-03 2.226439063075962753e-05
-1.142169646871583162e-03 9.923618135964001657e-05
-1.124178107988381891e-03 1.733009003347344573e-04
-1.104478012536486272e-03 2.450254640946391356e-04
-1.083320439618961706e-03 3.150297398815795420e-04
-1.060779082220696373e-03 3.839603814058136465e-04
-1.036753916602918416e-03 4.524506101006485698e-04
-1.010976256874600385e-03 5.210879005344426365e-04
-9.830190833973093643e-04 5.903827841221497789e-04
-9.523124364246020497e-04 6.607395772565373068e-04
-9.181635475587979428e-04 7.324298042068748578e-04
-8.797812686476332716e-04 8.055690324638570265e-04
-8.363042531989011439e-04 8.800977690702921916e-04
-7.868322516706576257e-04 9.557669822669965110e-04
-7.304598003299695406e-04 1.032128715907059541e-03
-6.663115164488580145e-04 1.108532155500274513e-03
-5.935781617800143942e-04 1.184125386654919301e-03
-5.115526029707095738e-04 1.257862961834812967e-03
-4.196647822073793117e-04 1.328519262445625572e-03
-3.175148141609336811e-04 1.394707512088665764e-03
-2.049033479420046757e-04 1.454904166193058800e-03
-8.185837445700041551e-05 1.507478276358952679e-03
5.134228096536097325e-05 1.550725307685613943e-03
1.941534642935823906e-04 1.582904775903866109e-03
3.457507880054999649e-04 1.602280970754318707e-03
5.050247999450751006e-04 1.607165945308922095e-03
6.705815905185366936e-04 1.595963879266252845e-03
8.407500735134857978e-04 1.567215870325121274e-03
1.013601693093183582e-03 1.519649910019774900e-03
1.186968164970758676e-03 1.452214787258714231e-03
1.358460895592189521e-03 1.364115424982729943e-03
1.525508478690560787e-03 1.254856708101152740e-03
1.685395843395329609e-03 1.124275968358656817e-03
1.835308589170560768e-03 9.725701986662576735e-04
1.972381781514553640e-03 8.003172152538381252e-04
2.093752368523435665e-03 6.084900876508745650e-04
2.196614278926397983e-03 3.984642740790756907e-04
2.278275179491198559e-03 1.720170319203242159e-04
2.336213805916433160e-03 -6.868118288812933897e-05
2.368136737360827197e-03 -3.210834612562555777e-04
2.372033462447707686e-03 -5.822913057869581180e-04
2.346228584668270944e-03 -8.490874271794104401e-04
2.289430038257615676e-03 -1.117976121806325785e-03
2.200772231378276059e-03 -1.385230721144976949e-03
2.079853100758671369e-03 -1.646947450886393494e-03
1.926764151432394049e-03 -1.899104893548177273e-03
1.742112665154644559e-03 -2.137628116865233126e-03
1.527035388973522166e-03 -2.358456414540618939e-03
1.283203159246563323e-03 -2.557613507788692852e-03
1.012816073869936360e-03 -2.731278977593961255e-03
7.185889941692760220e-04 -2.875859640989788732e-03
4.037273346368345107e-04 -2.988059550916598306e-03
7.189327993133527099e-05 -3.064947290429085452e-03
-2.728424966401656526e-04 -3.104023620128598671e-03
-6.260493231069728676e-04 -3.103272225069886574e-03
-9.829892768533278914e-04 -3.061207858919348657e-03
-1.338688204265553244e-03 -2.976925990413525555e-03
-1.688008960576129012e-03 -2.850138319277298066e-03
-2.025729796033337755e-03 -2.681198814459424904e-03
-2.346626634950693679e-03 -2.471119548423621540e-03
-2.645557893624521373e-03 -2.221575769973877564e-03
-2.917550405519977498e-03 -1.934899840176245757e-03
-3.157884969462454016e-03 -1.614063848956394116e-03
-3.362180010420939488e-03 -1.262650930521431103e-03
-3.526471843244570730e-03 -8.848154988297840702e-04
-3.647290058167292244e-03 -4.852328276339205361e-04
-3.721726602846244999e-03 -6.903859909826349660e-05
-3.747497218827171468e-03 3.582407632716485342e-04
-3.722993999293534167e-03 7.907659817164334288e-04
-3.647327967472702333e-03 1.222469870655615428e-03
-3.520360730248042747e-03 1.647148034311409805e-03
-3.342724436685868498e-03 2.058553880937670760e-03
-3.115829462894252090e-03 2.450496417074708028e-03
-2.841859449503568447e-03 2.816939209177544284e-03
-2.523753532630151463e-03 3.152098851242778835e-03
-2.165175830255063136e-03 3.450541257296618151e-03
-1.770472469333132185e-03 3.707274107182393589e-03
-1.344616660358186836e-03 3.917833814175396279e-03
-8.931374706927942136e-04 4.078368410276158283e-03
-4.220471327277873583e-04 4.185703280046577761e-03
6.223804455301926955e-05 4.237400910657477052e-03
5.529953335919172465e-04 4.231815779713953875e-03
1.043295519366037880e-03 4.168133097991996543e-03
1.526107733109526932e-03 4.046394689204003796e-03
1.994407504117422843e-03 3.867511388757241802e-03
2.441286267719723971e-03 3.633261567328918262e-03
2.860060520235571408e-03 3.346275618071737137e-03
3.244378795636152033e-03 3.010006485169304438e-03
3.588324654537292796e-03 2.628686552119363119e-03
3.886513923916942378e-03 2.207271444815934319e-03
4.134184505001864927e-03 1.751371534347800213e-03
4.327277175984379880e-03 1.267172142912204860e-03
4.462505954120938798e-03 7.613436593638276892e-04
4.537416746097597611e-03 2.409429545666131570e-04
4.550433203104465966e-03 -2.866923524817749543e-04
4.500888905307270753e-03 -8.140550910770258559e-04
4.389045225867617417e-03 -1.333583403579942850e-03
4.216094463229794025e-03 -1.837777407758830464e-03
3.984148077658025699e-03 -2.319315741517989551e-03
3.696210119474130362e-03 -2.771170063094119222e-03
3.356136188551662580e-03 -3.186715601355758713e-03
2.968578512476935816e-03 -3.559835905462430203e-03
2.538917969782273926e-03 -3.885020030765207535e-03
2.073179073846103358e-03 -4.157452498880836664e-03
1.577943462454075522e-03 -4.373085931539454595e-03
1.060256121810855328e-03 -4.528705521521719096e-03
5.275133340211261498e-04 -4.621984490724805397e-03
-1.265094110385533641e-05 -4.651522346285933036e-03
-5.524827986910385179e-04 -4.616868404578643691e-03
-1.084228303450446209e-03 -4.518530152331444970e-03
-1.600253610982549542e-03 -4.357966270227744271e-03
-2.093163311864361473e-03 -4.137564403744694620e-03
-2.555915040341352404e-03 -3.860604025019791913e-03
-2.981928449232326261e-03 -3.531204983691326772e-03
-3.365186745739833646e-03 -3.154262588174517028e-03
-3.700329107371913909e-03 -2.735370288496239907e-03
-3.982732451056610577e-03 -2.280731243121067366e-03
-4.208581209105056488e-03 -1.797060241557275331e-03
-4.374923969901863864e-03 -1.291477618289874453e-03
-4.479716065259495630e-03 -7.713969286838413472e-04
-4.521847426378852210e-03 -2.444082621993577610e-04
-4.501155282241372374e-03 2.818408596514116317e-04
-4.418421533584931081e-03 7.997650153975105480e-04
-4.275354897514543895e-03 1.301958857768124736e-03
-4.074558177020207346e-03 1.781311573615202044e-03
-3.819481262861872898e-03 2.231115938718262505e-03
-3.514360717370125769e-03 2.645170175013655117e-03
-3.164147016217275319e-03 3.017870947729002235e-03
-2.774415961125356947e-03 3.344297329584569253e-03
-2.351279560091641425e-03 3.620277926530210497e-03
-1.901290380593797721e-03 3.842448918607127041e-03
-1.431329665972426793e-03 4.008301185870737776e-03
-9.484953570521233732e-04 4.116210647774096003e-03
-4.599876264304199325e-04 4.165453867799727428e-03
2.700612780406623812e-05 4.156208776921305713e-03
5.054248851994908335e-04 4.089540627865536487e-03
9.684442969034980433e-04 3.967373546658998183e-03
1.409581835448979774e-03 3.792448294897820052e-03
1.822795068337317460e-03 3.568267091209684303e-03
2.202571456706981651e-03 3.299026558452175604e-03
2.544008241195720894e-03 2.989540061200416862e-03
2.842881162510229893e-03 2.645150872132786754e-03
3.095700970484204124e-03 2.271637753209319096e-03
3.299756898837153622e-03 1.875114655469297537e-03
3.453146519457900559e-03 1.461926327693334167e-03
3.554791635075121251e-03 1.038541678142655559e-03
3.604440118401386339e-03 6.114467540908361887e-04
3.602653854869169309e-03 1.870391906102465631e-04
3.550783190200922784e-03 -2.284740667485165395e-04
3.450928517878120837e-03 -6.291740396407399403e-04
3.305889862338441329e-03 -1.009520377853867631e-03
3.119105517063242104e-03 -1.364433923514681794e-03
2.894580978659457189e-03 -1.689369861521733754e-03
2.636805243533863093e-03 -1.980381166145754948e-03
2.350668746605199307e-03 -2.234166669168412625e-03
2.041377143539753903e-03 -2.448110299905325703e-03
1.714352563463017497e-03 -2.620309406774218829e-03
1.375137126587769798e-03 -2.749588295845769616e-03
1.029296469698965993e-03 -2.835498839268989473e-03
6.823250010844673788e-04 -2.878308373953092445e-03
3.395545501442770800e-04 -2.878975339331524014e-03
6.067989962976966931e-06 -2.839113319894082457e-03
-3.133807037907902250e-04 -2.760944360277938978e-03
-6.144386348077269210e-04 -2.647242604431509355e-03
-8.932172495253861083e-04 -2.501269471970422355e-03
-1.146345705638220167e-03 -2.326701722020472086e-03
-1.371013568582523431e-03 -2.127553864832301168e-03
-1.565002269723659873e-03 -1.908096462572601284e-03
-1.726704978516697270e-03 -1.672771911868058906e-03
-1.855134763424678979e-03 -1.426109321158372956e-03
-1.949921137951293477e-03 -1.172640085819919064e-03
-2.011295304930998170e-03 -9.168157237072066534e-04
-2.040064620337929749e-03 -6.629294644417924607e-04
-2.037576993396372250e-03 -4.150429886938259891e-04
-2.005676117979967015e-03 -1.769195911552856300e-04
-1.946648589281997806e-03 4.803510332478293715e-05
-1.863164096647576280e-03 2.568239052434357034e-04
-1.758209995345341465e-03 4.468995230016641171e-04
-1.635017560849546386e-03 6.161970889162686309e-04
-1.496993300426750165e-03 7.631525108319145434e-04
-1.347649961446329911e-03 8.867132905052938852e-04
-1.190529180709871612e-03 9.863409179532967551e-04
-1.029129457661617309e-03 1.062001160251841011e-03
-8.668370926565188185e-04 1.114144547276425421e-03
-7.068613957581615197e-04 1.143677657923738988e-03
-5.521753650282786724e-04 1.151925981552827339e-03
-4.054629041852601812e-04 1.140589282359357913e-03
-2.690735013932122580e-04 1.111690527127169635e-03
-1.449851268263142976e-04 1.067519546860454770e-03
-3.477593012063753819e-05 1.010572688042312524e-03
6.039486694292806838e-05 9.434897687574171458e-04
1.397966785235729952e-04 8.689896874296405794e-04
2.031278520288076371e-04 7.898060369654767883e-04
2.505067328289718254e-04 7.086240552626988601e-04
2.824538586212161739e-04 6.280201951155195200e-04
2.998658197267534522e-04 5.504055237537677997e-04
3.039814827617383971e-04 4.779740661404565435e-04
2.963414203822238102e-04 4.126570891900906190e-04
2.787415165840831204e-04 3.560841883707726490e-04
2.531818219671047869e-04 3.095518865576720878e-04
2.218118156289485574e-04 2.740002920204384217e-04
1.868732888946374312e-04 2.499981899715916539e-04
1.506420992373710998e-04 2.377367641503492818e-04
1.153661210110558779e-04 2.370297845784907005e-04
8.321153778800350134e-05 2.473284324574667563e-04
5.621347346360466520e-05 2.677417948291415739e-04
3.622218946874593591e-05 2.970604083128329585e-04
2.485733259977246715e-05 3.337897996015814247e-04
2.346782729437582102e-05 3.761902388160103580e-04
3.309821979191520519e-05 4.223218007626147155e-04
5.446214166700859689e-05 4.700937279339397834e-04
8.792340763374386270e-05 5.173170096278417035e-04
1.334851010766973051e-04 5.617590345685932133e-04
1.907868337034652854e-04 6.011991408848867255e-04
2.591101968784170566e-04 6.334838779272080429e-04
