0.000000000000000000e+00 0.000000000000000000e+00
-1.051797379794916104e-05 5.085994668529612878e-07
-4.157456102371037666e-05 6.743255787360150054e-06
-9.126816103097552195e-05 2.546989177385640239e-05
-1.562143869012105652e-04 6.297551979135924602e-05
-2.316479885684051142e-04 1.247976840513767181e-04
-3.115691705298715667e-04 2.154733120117371275e-04
-3.889308860581812042e-04 3.383137672301684737e-04
-4.558627012854700911e-04 4.952123277882930106e-04
-5.039259243794306500e-04 6.864896076503475535e-04
-5.243939061087818159e-04 9.107816069371098841e-04
-5.085507551598871792e-04 1.164974137474850124e-03
-4.480011889699102041e-04 1.444186340699104426e-03
-3.349838637099011407e-04 1.741804923671568060e-03
-1.626803398900378078e-04 2.049569561183513505e-03
7.448822185142394596e-05 2.357708787771103584e-03
3.805844339155896035e-04 2.655124523230896136e-03
7.579055877595755088e-04 2.929622190847531570e-03
1.206769123771405132e-03 3.168182319329841939e-03
1.725339076631962707e-03 3.357268478727047645e-03
2.309499147226267216e-03 3.483165459694182765e-03
2.952777158760497549e-03 3.532340775788161275e-03
3.646324644584564376e-03 3.491821868200414326e-03
4.378954206833034213e-03 3.349580837358097363e-03
5.137236099004846741e-03 3.094918129424402073e-03
5.905654244366203252e-03 2.718836378278062169e-03
6.666820629279181232e-03 2.214395552316161635e-03
7.401745730837037095e-03 1.577040684390891003e-03
8.090161376593560383e-03 8.048937729564347452e-04
8.710891215769137053e-03 -1.009980697712012924e-04
9.242262830700970905e-03 -1.136465487405167790e-03
9.662554458153255199e-03 -2.294077209953395650e-03
9.950468344712882010e-03 -3.563063317741582171e-03
1.008562194936527510e-02 -4.929305806746573336e-03
1.004904754777052010e-02 -6.375399604140337927e-03
9.823690302477972730e-03 -7.880785869683146205e-03
9.394894554178320409e-03 -9.421958034645305097e-03
8.750867970788731368e-03 -1.097273959999207384e-02
7.883113295883753882e-03 -1.250463136064845597e-02
6.786817570553694244e-03 -1.398722391000370782e-02
5.461189457657613169e-03 -1.538867029818291425e-02
3.909735806593596721e-03 -1.667621244322830057e-02
2.140469360029385090e-03 -1.781675312265845051e-02
1.660406859080387027e-04 -1.877746460025426015e-02
-1.996211435433585361e-03 -1.952642384586240898e-02
-4.324295604971811931e-03 -2.003326345504688119e-02
-6.791692361181747919e-03 -2.026982670224884014e-02
-9.367569129754962920e-03 -2.021081468212687637e-02
-1.201708537691891648e-02 -1.983441322215997310e-02
-1.470178611274077819e-02 -1.912288719516041721e-02
-1.738008021339040171e-02 -1.806313002913321336e-02
-2.000779836998803352e-02 -1.664715660614749307e-02
-2.253882385645067030e-02 -1.487252835981770632e-02
-2.492578776952666594e-02 -1.274270021690456813e-02
-2.712081896006703075e-02 -1.026728007276132143e-02
-2.907633757334716906e-02 -7.462192729344160023e-03
-3.074587997397053643e-02 -4.349741641082513315e-03
-3.208494187134438430e-02 -9.585633874265660388e-04
-3.305182570600057740e-02 2.676528502420527991e-03
-3.360847782310331239e-02 6.514811933774091596e-03
-3.372130066183271629e-02 1.051003650993926133e-02
-3.336192513866372694e-02 1.461091340723401355e-02
-3.250792860555015013e-02 1.876171064147542922e-02
-3.114348445320244685e-02 2.290294784059639099e-02
-2.925992909578786424e-02 2.697218177906536563e-02
-2.685623460576434807e-02 3.090487310034367371e-02
-2.393937603084736465e-02 3.463532345519667460e-02
-2.052458275910693311e-02 3.809766924784705605e-02
-1.663546597848408054e-02 4.122691780806841955e-02
-1.230401579820569399e-02 4.396001044968167459e-02
-7.570463561448737694e-03 4.623689595788485485e-02
-2.483006966387177588e-03 4.800159737917455982e-02
2.902602205444661937e-03 4.920325458507385924e-02
8.523605712794561293e-03 4.979712495714389009e-02
1.431091752370384010e-02 4.974552470411996996e-02
2.018992696990131591e-02 4.901869377618179452e-02
2.608141762317019163e-02 4.759556808531657107e-02
3.190259101399311320e-02 4.546444376865130255e-02
3.756818232012296144e-02 4.262351953293670725e-02
4.299165331885073521e-02 3.908130467779685063e-02
4.808644625487384916e-02 3.485688219315218744e-02
5.276728085652424710e-02 2.998001833837193528e-02
5.695147556437094027e-02 2.449111230926452609e-02
6.056027314199105560e-02 1.844098195249277081e-02
6.352015023913951119e-02 1.189048396083481132e-02
6.576409018838694220e-02 4.909969539761906317e-03
6.723279834857232018e-02 -2.421420863081219857e-03
6.787583966821204851e-02 -1.001661756929518414e-02
6.765267954178791343e-02 -1.778162806094663387e-02
6.653360699494577368e-02 -2.561667760825130438e-02
6.450052475263889917e-02 -3.341747048047529617e-02
6.154759178016412646e-02 -4.107655727000970175e-02
5.768170226025987057e-02 -4.848478944009277508e-02
5.292279018948231606e-02 -5.553284171778116035e-02
4.730395038072154196e-02 -6.211278121277340886e-02
4.087136924194590543e-02 -6.811966092685965701e-02
3.368406144156674970e-02 -7.345311442187757445e-02
2.581341142847717526e-02 -7.801892785603746494e-02
1.734252170763464149e-02 -8.173056539430799405e-02
8.365372735954765271e-03 -8.451062415790654148e-02
-1.014197747018950706e-03 -8.629219540497326535e-02
-1.068368524949056542e-02 -8.702010952771989383e-02
-2.052326543050207730e-02 -8.665204370350762519e-02
-3.040728125347997440e-02 -8.515947263552139934e-02
-4.020585182730421203e-02 -8.252844474448915724e-02
-4.978658216525312652e-02 -7.876016840242476558e-02
-5.901635115714259222e-02 -7.387139530377732910e-02
-6.776315342072339321e-02 -6.789459081509240101e-02
-7.589796940483772847e-02 -6.087788409357047792e-02
-8.329663718416262241e-02 -5.288479387629433509e-02
-8.984169883362029541e-02 -4.399372907084678208e-02
-9.542419411420594022e-02 -3.429726657756600877e-02
-9.994537444973640439e-02 -2.390121209505342154e-02
-1.033183122853783414e-01 -1.292345266531705165e-02
-1.054693759718613733e-01 -1.492613427483626895e-03
-1.063395495084169806e-01 1.025346494721643409e-02
-1.058855780538460190e-01 2.216941150511599068e-02
-1.040809148442046611e-01 3.410415146384889601e-02
-1.009164536726277622e-01 4.590285044562770339e-02
-9.640103240837605281e-02 5.740895099638546745e-02
-9.056169609888753413e-02 6.846627411957872944e-02
-8.344371148139163863e-02 7.892115714882946831e-02
-7.511032818370744213e-02 8.862459827795521328e-02
-6.564228546829224686e-02 9.743437748072286686e-02
-5.513706701810280886e-02 1.052171234002393929e-01
-4.370790992437187383e-02 1.118502960773220256e-01
-3.148257766109575223e-02 1.172240561200097453e-01
-1.860191036490368641e-02 1.212429920875210121e-01
-5.218169128796735362e-03 1.238276794597747144e-01
8.506805787699295643e-03 1.249160465699030303e-01
2.240359998049239187e-02 1.244645252675746772e-01
3.629736764598080756e-02 1.224489668249956476e-01
5.001008421649223712e-02 1.188653066591641716e-01
6.336287910147107849e-02 1.137299647822455351e-01
7.617841720247912896e-02 1.070799724611844611e-01
8.828329675459278825e-02 9.897281931838693148e-02
9.951043038419160602e-02 8.948601898479974226e-02
1.097013760780611719e-01 7.871639536988493668e-02
1.187085873351066134e-01 6.677909583157765061e-02
1.263975433838327722e-01 5.380633940297625817e-02
1.326487326454502125e-01 3.994591703414634987e-02
1.373594651926149657e-01 2.535946026035822143e-02
1.404454800220814314e-01 1.022049792711497533e-02
1.418423246203575905e-01 -5.287674118464039813e-03
1.415064850292660215e-01 -2.097428333022409788e-02
1.394162478685592732e-01 -3.664350117932514000e-02
1.355722793190041464e-01 -5.209696255861774594e-02
1.299979098631643681e-01 -6.713635043315145656e-02
1.227391175700453252e-01 -8.156601103661621777e-02
1.138642068381180705e-01 -9.519556413504218217e-02
1.034631837208641048e-01 -1.078424725956129149e-01
9.164683319012684182e-02 -1.193345357180591454e-01
7.854550788471376110e-02 -1.295122715096198029e-01
6.430764198452570968e-02 -1.382311543054928482e-01
4.909800778466741344e-02 -1.453636758412992502e-01
3.309573626211061853e-02 -1.508012000514947770e-01
1.649212637489337607e-02 -1.544555844701979430e-01
-5.117290405284307016e-04 -1.562605441143878338e-01
-1.770747015102156971e-02 -1.561727370936966675e-01
-3.488211681787770774e-02 -1.541725548704663828e-01
-5.182080022671550767e-02 -1.502646040379300718e-01
-6.830954316066477350e-02 -1.444778706387858935e-01
-8.413805169526565597e-02 -1.368655623532311905e-01
-9.910248363284830664e-02 -1.275046295336853264e-01
-1.130081477800354284e-01 -1.164949640954309473e-01
-1.256721015300983069e-01 -1.039582907230602316e-01
-1.369256182277231726e-01 -9.003676386665575293e-02
-1.466164815458109727e-01 -7.489128301172823243e-02
-1.546110775403107540e-01 -5.869954903958631010e-02
-1.607962550537388458e-01 -4.165388626101890202e-02
-1.650809281551159358e-01 -2.395885803793835339e-02
-1.673973977002459756e-01 -5.828706865974952675e-03
-1.677023728250163215e-01 1.251534766722379836e-02
-1.659776771942804707e-01 3.084791754537046307e-02
-1.622306290642759330e-01 4.894232450293505010e-02
-1.564940886184340296e-01 6.657350952078319728e-02
-1.488261705433329973e-01 8.352093486993181215e-02
-1.393096243602631457e-01 9.957143990212541373e-02
-1.280508895545185433e-01 1.145220122896972587e-01
-1.151788369854023081e-01 1.281824374519716370e-01
-1.008432123524435203e-01 1.403777904578114577e-01
-8.521280157691521473e-02 1.509507367429198943e-01
-6.847334177474527495e-02 1.597636104981724481e-01
-5.082520499340426046e-02 1.667002425368691865e-01
-3.248088501193387850e-02 1.716675127934448597e-01
-1.366232021577083733e-02 1.745966062973002275e-01
5.401912181870645313e-03 1.754439554515166422e-01
2.447949352443232196e-02 1.741918556715732480e-01
4.333731753460667163e-02 1.708487484081528396e-01
6.174445315471543266e-02 1.654491583088407713e-01
7.947508034255124088e-02 1.580532938199672444e-01
9.631136845247638412e-02 1.487463196489098305e-01
1.120462501671010414e-01 1.376373021523214779e-01
1.264860568116228379e-01 1.248578448560722087e-01
1.394529802941625318e-01 1.105604322610367340e-01
1.507873292855194114e-01 9.491650399945342209e-02
1.603495500627254433e-01 7.811428500862394042e-02
1.680219856525219657e-01 6.035640063247918463e-02
1.737103504777548213e-01 4.185730840245990153e-02
1.773449015810805718e-01 2.284058064853397574e-02
1.788812916214835846e-01 3.536074016622250613e-03
1.783010931517417519e-01 -1.582297660531308339e-02
1.756119881283889905e-01 -3.500290134213767529e-02
1.708476211175083970e-01 -5.377253697770049273e-02
1.640671191766778780e-01 -7.190612835557927407e-02
1.553542858525805981e-01 -8.918615157884172973e-02
1.448164810732288643e-01 -1.054060222509102529e-01
1.325832028734408030e-01 -1.203726536949289855e-01
1.188043908149579719e-01 -1.339088322561237665e-01
1.036484745948456632e-01 -1.458553793980750524e-01
8.730019462837691757e-02 -1.560730733110634316e-01
6.995822430134576719e-02 -1.644443061146657614e-01
5.183262607324054527e-02 -1.708744564087258944e-01
3.314217290366993501e-02 -1.752929647380126188e-01
1.411157729308227041e-02 -1.776540867215086750e-01
-5.031336085084610332e-03 -1.779373267971489370e-01
-2.405848541600502308e-02 -1.761475553891983514e-01
-4.274436960656863294e-02 -1.723147977853148327e-01
-6.086885386274468179e-02 -1.664937042331642303e-01
-7.821986705786840299e-02 -1.587627105720645915e-01
-9.459597643376098375e-02 -1.492229027723182833e-01
-1.098088071005867694e-01 -1.379966025961213150e-01
-1.236852761534816270e-01 -1.252256951673352270e-01
-1.360696139678105598e-01 -1.110697224953481332e-01
-1.468251483286944492e-01 -9.570376989796419709e-02
-1.558358304478089928e-01 -7.931617477245167525e-02
-1.630074855711136639e-01 -6.210608924120993024e-02
-1.682687747316393978e-01 -4.428092982401637262e-02
-1.715718581959193856e-01 -2.605374844419554650e-02
-1.728927552337297113e-01 -7.640559749916960020e-03
-1.722313989504677678e-01 1.074234008023974146e-02
-1.696113890018636494e-01 2.888102817373063361e-02
-1.650794490049162788e-01 4.656654933807242991e-02
-1.587045993119374776e-01 6.359741709501261220e-02
-1.505770594739533341e-01 7.978199015957010420e-02
-1.408068981363831962e-01 9.494069521744911977e-02
-1.295224512388528648e-01 1.089080692956590213e-01
-1.168685321918319781e-01 1.215345977960414769e-01
-1.030044583393626700e-01 1.326883321838440155e-01
-8.810192508393856203e-02 1.422562541949523307e-01
-7.234275962144430527e-02 1.501453842110576364e-01
-5.591657796209939524e-02 1.562836325197418663e-01
-3.901838131911871538e-02 1.606203715387255204e-01
-2.184612324213185824e-02 1.631267312304784667e-01
-4.598279380488241863e-03 1.637956185289533295e-01
1.252854881842596461e-02 1.626414652708851050e-01
2.934196617269856089e-02 1.596997126711358073e-01
4.565602269103233996e-02 1.550260437565599836e-01
6.129333223678701259e-02 1.486953783306550758e-01
7.608704592860758564e-02 1.408006479405208566e-01
8.988265770260275844e-02 1.314513709214558679e-01
1.025396221551829606e-01 1.207720498708592799e-01
1.139327677033963176e-01 1.089004158252633581e-01
1.239534911950584545e-01 9.598554496121960988e-02
1.325107233264478934e-01 8.218587479719231814e-02
1.395316575320157404e-01 6.766714763037391667e-02
1.449622383492581157e-01 5.260030929628080332e-02
1.487674085838265048e-01 3.715939129298735655e-02
1.509311178574245793e-01 2.151940387465903215e-02
1.514560982682249535e-01 5.854266905056602910e-03
1.503634158870677251e-01 -9.665195909354827239e-03
1.476918096123103208e-01 -2.487317529043552022e-02
1.434968314753202467e-01 -3.961068485379709569e-02
1.378498041938084062e-01 -5.372724475563955132e-02
1.308366137944876884e-01 -6.708240646764333792e-02
1.225563623912485911e-01 -7.954711427753774489e-02
1.131198976007002782e-01 -9.100490150603633699e-02
1.026482417236678213e-01 -1.013528953761635015e-01
9.127094447983025161e-02 -1.105026285971797972e-01
7.912438280734231111e-02 -1.183806533475907641e-01
6.635003121764412870e-02 -1.249289561734312770e-01
5.309272583607110157e-02 -1.301051750866933643e-01
3.949894457572996481e-02 -1.338826228144249786e-01
2.571512490447732877e-02 -1.362501226742036664e-01
1.188603939610713596e-02 -1.372116659019528839e-01
-1.846752265761687946e-03 -1.367859014025195330e-01
-1.534635790854569672e-02 -1.350054708051549035e-01
-2.848189912966600512e-02 -1.319162033624000918e-01
-4.112973629732833564e-02 -1.275761866138446499e-01
-5.317456160445295510e-02 -1.220547298325702079e-01
-6.451035177394461029e-02 -1.154312380734728860e-01
-7.504117434116443219e-02 -1.077940151456988904e-01
-8.468184376986556683e-02 -9.923901403763829565e-02
-9.335842595382715103e-02 -8.986855323860688805e-02
-1.010085918823483420e-01 -7.979001703738394791e-02
-1.075818233700919779e-01 -6.911455724935336442e-02
-1.130394757395353084e-01 -5.795581295025677149e-02
-1.173547041695970211e-01 -4.642866369824315276e-02
-1.205122625287552984e-01 -3.464802551696279098e-02
-1.225081807801477463e-01 -2.272771708170679555e-02
-1.233493386801534086e-01 -1.077939807284798886e-02
-1.230529452133138357e-01 1.088421743234533169e-03
-1.216459338860931133e-01 1.277128016435977002e-02
-1.191642886130576395e-01 2.416956579726704801e-02
-1.156523135878269049e-01 3.518922288889899525e-02
-1.111618605216602856e-01 4.574235553244596075e-02
-1.057515263910694669e-01 5.574773077536820942e-02
-9.948583437567196097e-02 6.513118180934505952e-02
-9.243441000549337816e-02 7.382591396175504361e-02
-8.467116369316637914e-02 8.177271761083161616e-02
-7.627348982383222453e-02 8.892009339117193378e-02
-6.732149143923120416e-02 9.522429612538710342e-02
-5.789723830952323014e-02 1.006493047976539101e-01
-4.808406486515621331e-02 1.051667265659366746e-01
-3.796591309074957149e-02 1.087556432859000249e-01
-2.762672409284765151e-02 1.114024092892750978e-01
-1.714988067257185861e-02 1.131004092249373871e-01
-6.617701890876324239e-03 1.138497846383820788e-01
3.889010664855115443e-03 1.136571376445635190e-01
1.429137639373580064e-02 1.125352195536413191e-01
2.451279153220707260e-02 1.105026116556755977e-01
3.447924084653248428e-02 1.075834045782205345e-01
4.411956946695343856e-02 1.038068817220173801e-01
5.336572083064740346e-02 9.920720714675038132e-02
6.215294106762625503e-02 9.382313341548598196e-02
7.041996244632046931e-02 8.769772477569175162e-02
7.810917089642452349e-02 8.087808728313816697e-02
8.516675919019660312e-02 7.341511834302380524e-02
9.154287316347831105e-02 6.536327088859153478e-02
9.719175598276592887e-02 5.678033021579179801e-02
1.020718948851431079e-01 4.772720057709517461e-02
1.061461740987795360e-01 3.826769783294850513e-02
1.093820368112912722e-01 2.846834378506521088e-02
1.117516581123871033e-01 1.839815728839224243e-02
1.132321298188979225e-01 8.128436871751567802e-03
1.138056570192025885e-01 -2.267470599028667110e-03
1.134597650761725030e-01 -1.271442070063534026e-02
1.121875147297375225e-01 -2.313574699847335131e-02
1.099877218688930097e-01 -3.345356634335733270e-02
1.068651775250149538e-01 -4.358911838792167703e-02
1.028308626994727526e-01 -5.346314311154627685e-02
9.790215180313099896e-02 -6.299629930839391323e-02
9.210299777601542448e-02 -7.210962602065396077e-02
8.546409139251609499e-02 -8.072504780687872472e-02
7.802298685865607930e-02 -8.876592354479306834e-02
6.982418558775486950e-02 -9.615763720295698869e-02
6.091917001049398928e-02 -1.028282277019532120e-01
5.136637944254399124e-02 -1.087090536506807870e-01
4.123111949913890739e-02 -1.137354841681483264e-01
3.058540227380421306e-02 -1.178476184046792358e-01
1.950770535607215805e-02 -1.209910203479204194e-01
8.082644786492057185e-03 -1.231174520961137442e-01
-3.599438726852316126e-03 -1.241856051096664609e-01
-1.544298484356265017e-02 -1.241618153884771480e-01
-2.734781133153045898e-02 -1.230207507939210382e-01
-3.920980441240242559e-02 -1.207460582240781344e-01
-5.092169996330392356e-02 -1.173309580478557601e-01
-6.237395211202615558e-02 -1.127787731224688256e-01
-7.345568401236790557e-02 -1.071033798699159711e-01
-8.405571383077950487e-02 -1.003295692782757709e-01
-9.406364724714164072e-02 -9.249330632529723095e-02
-1.033710261041125844e-01 -8.364187719302092205e-02
-1.118725212635241495e-01 -7.383391474683495548e-02
-1.194671562765855510e-01 -6.313929407987987907e-02
-1.260595471776680132e-01 -5.163889145928315938e-02
-1.315611425978463200e-01 -3.942420173545228834e-02
-1.358914474903991365e-01 -2.659681116687175398e-02
-1.389792130894832167e-01 -1.326772464432243726e-02
-1.407635753052045302e-01 4.434515591909947581e-04
-1.411951236095571327e-01 1.440946816534359291e-02
-1.402368826003126123e-01 2.849652678107424467e-02
-1.378651888516383150e-01 4.256550141547334187e-02
-1.340704463740936270e-01 5.647327748994064589e-02
-1.288577448815718673e-01 7.007419332727632399e-02
-1.222473281434422604e-01 8.322157788108221210e-02
-1.142748961022984622e-01 9.576936320427086036e-02
-1.049917314342986574e-01 1.075737476585662961e-01
-9.446464263402319650e-02 1.184948984786442366e-01
-8.277571618599938175e-02 1.283986701360665394e-01
-7.002187358214699564e-02 1.371583165231488877e-01
-5.631423153906964935e-02 1.446561742298654030e-01
-4.177726647696976964e-02 1.507852937530202997e-01
-2.654778710449452045e-02 1.554509953720268622e-01
-1.077372177043562501e-02 1.585723266607377280e-01
5.387269948181881186e-03 1.600833991858253424e-01
2.176934919441753102e-02 1.599345828698877647e-01
3.820019842534883026e-02 1.580935377670926734e-01
5.450285323398734033e-02 1.545460646006818761e-01
7.049764563293094144e-02 1.492967573296238859e-01
8.600423690279455913e-02 1.423694432255222520e-01
1.008437162328558179e-01 1.338073984249860127e-01
1.148407397949396114e-01 1.236733296468061349e-01
1.278256836247711747e-01 1.120491156929492443e-01
1.396367827640608295e-01 9.903530544925864820e-02
1.501222285629744690e-01 8.475037232421238353e-02
1.591421958728310715e-01 6.932972836779745240e-02
1.665707720838497663e-01 5.292450465110790786e-02
1.722977605878766583e-01 3.570010781283436407e-02
1.762303332434020930e-01 1.783456877818812708e-02
1.782945052480459924e-01 -4.833090867271985194e-04
1.784364077552792471e-01 -1.905597633704800287e-02
1.766233413513708106e-01 -3.767931078653719013e-02
1.728445895893887529e-01 -5.614492207277600733e-02
1.671119771625749761e-01 -7.424255754798773921e-02
1.594601600934353602e-01 -9.176258065922597573e-02
1.499466386344785185e-01 -1.084984914150815966e-01
1.386514870892151530e-01 -1.242494573588023288e-01
1.256767984213479072e-01 -1.388228227033696249e-01
1.111458452767438987e-01 -1.520365629505950333e-01
9.520196284533806452e-02 -1.637216524256864814e-01
7.800716278566580120e-02 -1.737243127167659718e-01
5.974049116972016127e-02 -1.819081110148924596e-01
4.059614702679718856e-02 -1.881558787972103797e-01
2.078138151937457961e-02 -1.923714231703818334e-01
5.142010209638008368e-04 -1.944810054736903215e-01
-1.997909966319753178e-02 -1.944345644052093425e-01
-4.046654503209280024e-02 -1.922066639485060235e-01
-6.071319637406448477e-02 -1.877971497044108873e-01
-8.048394587644069897e-02 -1.812315008303990727e-01
-9.954635273923519156e-02 -1.725608686127248215e-01
-1.176734856245959249e-01 -1.618617966934877972e-01
-1.346467351937830625e-01 -1.492356220931156385e-01
-1.502585603854161012e-01 -1.348075603528160471e-01
-1.643151344168805872e-01 -1.187254860644951365e-01
-1.766388513135250249e-01 -1.011584081695254822e-01
-1.870706585959301393e-01 -8.229466538022330024e-02
-1.954721910875377722e-01 -6.233986800487020807e-02
-2.017276712405805528e-01 -4.151459748421134494e-02
-2.057455501113562013e-01 -2.005189434695520481e-02
-2.074598651891926826e-01 1.805435745881287706e-03
-2.068312947287361259e-01 2.380766550055359032e-02
-2.038478919879239681e-01 4.570110437541391457e-02
-1.985254867856825478e-01 6.723113534192984297e-02
-1.909077460115307656e-01 8.814529213283851805e-02
-1.810658890880612326e-01 1.081963382016946779e-01
-1.690980588483729785e-01 1.271453082409775559e-01
-1.551283527838905052e-01 1.447644732477330332e-01
-1.393055240826588104e-01 1.608401907886125581e-01
-1.218013662531800545e-01 1.751756032950587683e-01
-1.028087993540016121e-01 1.875931489020397080e-01
-8.253967986611224217e-02 1.979368515108440585e-01
-6.122235999779819526e-02 2.060743593818690766e-01
-3.909902564732551516e-02 2.118987046144309161e-01
-1.642284531909349310e-02 2.153297593086940243e-01
6.545035050033162771e-03 2.163153679855734923e-01
2.953861418401338562e-02 2.148321399146800315e-01
5.229023557679361028e-02 2.108858893145255653e-01
7.453382548592135670e-02 2.045117158861841089e-01
9.600813028299295948e-02 1.957737280179751849e-01
1.164599076142138617e-01 1.847643934049723602e-01
1.356470290513586974e-01 1.716035365777665300e-01
1.533414632148231982e-01 1.564370040710810206e-01
1.693320953239844662e-01 1.394349961853786624e-01
1.834273479038025234e-01 1.207900908297432907e-01
1.954575687758938474e-01 1.007149833359533980e-01
2.052771553560276685e-01 7.943996988315708829e-02
2.127663875908639146e-01 5.721020556877281366e-02
2.178329455513325075e-01 3.428277115759100629e-02
2.204130917096914777e-01 1.092358509635274477e-02
2.204725022088046826e-01 -1.259580053991202035e-02
2.180067359285415562e-01 -3.600147992957027088e-02
2.130413348054142897e-01 -5.902050792693312037e-02
2.056315536054289517e-01 -8.138420723329348183e-02
1.958617221230892769e-01 -1.028314265679514811e-01
1.838442475176099156e-01 -1.231117086835291641e-01
1.697182691371310892e-01 -1.419883282039863248e-01
1.536479826608888322e-01 -1.592411609241312920e-01
1.358206546478805121e-01 -1.746693483738764874e-01
1.164443525615904973e-01 -1.880937240899441809e-01
9.574541899063336581e-02 -1.993589711166352807e-01
7.396572205611205708e-02 -2.083354837341470922e-01
5.135971684466195120e-02 -2.149209102408580208e-01
2.819135509396458392e-02 -2.190413577433976133e-01
4.730880448388815468e-03 -2.206522512031893479e-01
-1.874844795405890968e-02 -2.197388147755156840e-01
-4.197365757967062155e-02 -2.163161857517069131e-01
-6.467535742256683151e-02 -2.104291740032848690e-01
-8.659098048469060505e-02 -2.021516494184030233e-01
-1.074679333698485700e-01 -1.915855731998593880e-01
-1.270666136894219311e-01 -1.788596862775443941e-01
-1.451632578024508458e-01 -1.641278724434888647e-01
-1.615525837221134242e-01 -1.475672179272134177e-01
-1.760501967815778224e-01 -1.293757929388777983e-01
-1.884947288261783482e-01 -1.097701841681143348e-01
-1.987496852417700299e-01 -8.898281029267206266e-02
-2.067049779920268338e-01 -6.725905518390506987e-02
-2.122781269673379156e-01 -4.485425566261235647e-02
-2.154151162883877757e-01 -2.203058233214316708e-02
-2.160908966994611324e-01 9.461468237487636766e-04
-2.143095297692433621e-01 2.380967975578607981e-02
-2.101039742287065804e-01 4.629653015026059804e-02
-2.035355193548800679e-01 6.814912371505961464e-02
-1.946928747949903116e-01 8.911885189489376913e-02
-1.836909305583620811e-01 1.089689954098613245e-01
-1.706692050267946126e-01 1.274774819429263795e-01
-1.557900026943032368e-01 1.444394446857694414e-01
-1.392363068945214610e-01 1.596695512536886463e-01
-1.212094359636832763e-01 1.730040756582612027e-01
-1.019264936258352794e-01 1.843026977633506480e-01
-8.161764475706149990e-02 1.934499850351227013e-01
-6.052326085399113709e-02 2.003565573330096383e-01
-3.889096531048882865e-02 2.049599402841824625e-01
-1.697261578639514684e-02 2.072250745479501388e-01
4.978736636263660781e-03 2.071444859714887954e-01
2.671187333457256813e-02 2.047381178770361354e-01
4.798038147030137673e-02 2.000528310242202235e-01
6.854553823387125877e-02 1.931615809777462722e-01
8.817907101449307117e-02 1.841622866254267465e-01
1.066657604788080749e-01 1.731764073826296269e-01
1.238058559246093121e-01 1.603472501383139681e-01
1.394172750337047961e-01 1.458380302008311369e-01
1.533375632375302000e-01 1.298297133493130917e-01
1.654255912854647459e-01 1.125186685547444609e-01
1.755629732202589055e-01 9.411416297543506726e-02
1.836551907661659322e-01 7.483573243235257244e-02
1.896324140699477134e-01 5.491046171469927961e-02
1.934500127483759491e-01 3.457020974573653954e-02
1.950887552332547514e-01 1.404881485017818454e-02
1.945546984117826339e-01 -6.420684889019147648e-03
1.918787734828137082e-01 -2.660878190511786756e-02
1.871160777367112393e-01 -4.629214692145819376e-02
1.803448855690011343e-01 -6.525616265759325019e-02
1.716653954101420299e-01 -8.329731385531170818e-02
1.611982337817477462e-01 -1.002254150646628150e-01
1.490827306624441517e-01 -1.158656256536788054e-01
1.354750043159173856e-01 -1.300602458381277804e-01
1.205458795249984699e-01 -1.426702948897962397e-01
1.044786615995210444e-01 -1.535768299308227780e-01
8.746679959343021948e-02 -1.626820017340243341e-01
6.971146963804376873e-02 -1.699098393222816528e-01
5.141910973349213265e-02 -1.752067587754519984e-01
3.279893735438809549e-02 -1.785417952610196812e-01
1.406048082617496892e-02 -1.799065608559165808e-01
-4.588845371468771792e-03 -1.793149341744507685e-01
-2.294609239983347662e-02 -1.768024911161217294e-01
-4.081502852115397734e-02 -1.724256891552189419e-01
-5.800826466036961698e-02 -1.662608204729000561e-01
-7.434923067466547852e-02 -1.584027518472257146e-01
-8.967398136810644793e-02 -1.489634715370709572e-01
-1.038328139435143183e-01 -1.380704653963543416e-01
-1.166916814209033454e-01 -1.258649461150404825e-01
-1.281333895283318369e-01 -1.124999607875265539e-01
-1.380585676428994490e-01 -9.813840294730595548e-02
-1.463864074823225392e-01 -8.295095577458919123e-02
-1.530551663767661941e-01 -6.711399338161289085e-02
-1.580224350429852986e-01 -5.080746691467679516e-02
-1.612651727963673176e-01 -3.421280169356762796e-02
-1.627795160312767442e-01 -1.751083075381886997e-02
-1.625803718661490704e-01 -8.797806946895571096e-04
-1.607007941254373073e-01 1.550664380162991400e-02
-1.571911714595360943e-01 3.148106822266777405e-02
-1.521182443541876650e-01 4.688415034481029087e-02
-1.455639562692737088e-01 6.156613481356264933e-02
-1.376241628932015904e-01 7.538825296036795465e-02
-1.284072195823442730e-01 8.822395574390448636e-02
-1.180324679652988290e-01 9.995997023833580464e-02
-1.066286432882114915e-01 1.104971726744469057e-01
-9.433222436093512131e-02 1.197512736337103534e-01
-8.128574793981095670e-02 1.276533135626962689e-01
-6.763610906129052802e-02 1.341499692798701626e-01
-5.353286823547293016e-02 1.392036745546542387e-01
-3.912658553782961957e-02 1.427925601179959314e-01
-2.456720052229687673e-02 1.449102205857545900e-01
-1.000247554397643880e-02 1.455653177153349298e-01
4.423481448028394707e-03 1.447810311500529468e-01
1.857160027840244754e-02 1.425943693163752302e-01
3.230912552883809935e-02 1.390553544120700091e-01
4.551077651636742383e-02 1.342260964481632735e-01
5.805978163970126199e-02 1.281797720783020011e-01
6.984878049547486867e-02 1.209995244637080136e-01
8.078058919904398949e-02 1.127773006824852875e-01
9.076882634987704090e-02 1.036126432046306223e-01
9.973839903000628060e-02 9.361145172846954687e-02
1.076258548140806709e-01 8.288472419308895445e-02
1.143795851825200327e-01 7.154731132204232569e-02
1.199599026106674265e-01 5.971669071013258057e-02
1.243390025332708204e-01 4.751175534864362365e-02
1.275008015075525525e-01 3.505164911045954151e-02
1.294406662938209496e-01 2.245465428486614207e-02
1.301650432770416477e-01 9.837140672467768396e-03
1.296909983772986386e-01 -2.687415685130545035e-03
1.280456781206410488e-01 -1.500933754050911423e-02
1.252657028654350080e-01 -2.702357012618819554e-02
1.213965033074523303e-01 -3.863041984855745958e-02
1.164916113272397996e-01 -4.973620578057622726e-02
1.106119160065525131e-01 -6.025382311478411079e-02
1.038248952403278136e-01 -7.010321902588906307e-02
9.620383282278829884e-02 -7.921178257783619003e-02
8.782703020886771517e-02 -8.751465137749110668e-02
7.877702136506953279e-02 -9.495493861238740729e-02
6.913979824823755782e-02 -1.014838849028461554e-01
5.900405350858137915e-02 -1.070609400417388557e-01
4.846044602718110883e-02 -1.116537801839316002e-01
3.760089389067189369e-02 -1.152382663808732693e-01
2.651789839908698376e-02 -1.177983505358435878e-01
1.530390171833471459e-02 -1.193259348870313596e-01
4.050679846733673366e-03 -1.198206910166574463e-01
-7.151228315847606674e-03 -1.192898441452195368e-01
-1.821306110136294495e-02 -1.177479227424561847e-01
-2.904832556680973787e-02 -1.152164922726956198e-01
-3.957325850255352662e-02 -1.117238730813386455e-01
-4.970726625738147719e-02 -1.073048309338020811e-01
-5.937332816034408822e-02 -1.020002585042244780e-01
-6.849837236249636807e-02 -9.585684620035117565e-02
-7.701362664075492304e-02 -8.892674405740966237e-02
-8.485494669713149196e-02 -8.126721574554574001e-02
-9.196312435715654765e-02 -7.294028507677820239e-02
-9.828417782856767315e-02 -6.401237478657659241e-02
-1.037696258350417483e-01 -5.455393681889303403e-02
-1.083767470019347673e-01 -4.463907287695909748e-02
-1.120688253557539094e-01 -3.434514362858134134e-02
-1.148153822222704595e-01 -2.375236468501514334e-02
-1.165923941870727759e-01 -1.294338731530340209e-02
-1.173824961352852303e-01 -2.002861819145316993e-03
-1.171751677331900193e-01 8.983018435906806043e-03
-1.159669010729323935e-01 1.992699410247829317e-02
-1.137613465916232913e-01 3.074123953210851357e-02
-1.105694338167435009e-01 4.133788607193452508e-02
-1.064094629987047125e-01 5.162956946214819487e-02
-1.013071632853936865e-01 6.153000117701963589e-02
-9.529571278758591779e-02 7.095456282958095828e-02
-8.841571569139516917e-02 7.982092196978694820e-02
-8.071513150537389103e-02 8.804966676506714718e-02
-7.224914661285274098e-02 9.556495235273637645e-02
-6.308000040410524645e-02 1.022951639235089305e-01
-5.327674727298198354e-02 1.081735896842463407e-01
-4.291494275314033935e-02 1.131390859526930082e-01
-3.207626671548075015e-02 1.171367381272755415e-01
-2.084807544752738384e-02 1.201185074032937311e-01
-9.322881066009430437e-03 1.220438550792704024e-01
2.402242292667981175e-03 1.228803357720747169e-01
1.422632496807474736e-02 1.226041504611927596e-01
2.604523924911134741e-02 1.212006500264405373e-01
3.775250488200239396e-02 1.186647798425176092e-01
4.924015839377663545e-02 1.150014560585709278e-01
6.039968071688914947e-02 1.102258644290482759e-01
7.112297630982242214e-02 1.043636729782562861e-01
8.130339570630014390e-02 9.745115037671807368e-02
9.083679221672592841e-02 8.953518268089806498e-02
9.962260237409271968e-02 8.067318203408108124e-02
1.075649386868349905e-01 7.093288203679627701e-02
1.145736823558662493e-01 6.039201575856206761e-02
1.205655628539080149e-01 4.913787376418819047e-02
1.254652106718961713e-01 3.726674104976620411e-02
1.292061691272610724e-01 2.488321340546440635e-02
1.317318509171836460e-01 1.209939542155580652e-02
1.329964250985644358e-01 -9.660158940941834284e-04
1.329656203943141435e-01 -1.418875614111338515e-02
1.316174271203828516e-01 -2.744011684936883619e-02
1.289426983738735100e-01 -4.058816454423364029e-02
1.249456269853038703e-01 -5.349904378610286643e-02
1.196440806330629214e-01 -6.603834268982788913e-02
1.130697985043886411e-01 -7.807251458329847460e-02
1.052684367556106226e-01 -8.947033860401276684e-02
9.629945634075830208e-02 -1.001044027060547514e-01
8.623584863993288829e-02 -1.098525915818110293e-01
7.516369631869483647e-02 -1.185995612511010766e-01
6.318156896123189314e-02 -1.262381815539286023e-01
5.039975521488896520e-02 -1.326709275173855174e-01
3.693933543129750835e-02 -1.378112005644749893e-01
2.293110105772119128e-02 -1.415845608010863621e-01
8.514329288044734934e-03 -1.439298521614254256e-01
-6.164576307902500975e-03 -1.448002030120934813e-01
-2.095356632941342348e-02 -1.441638859067034817e-01
-3.569653240294431290e-02 -1.420050215381534475e-01
-5.023498362489014352e-02 -1.383241135419684686e-01
-6.440979417278129560e-02 -1.331384026448537983e-01
-7.806300218876290054e-02 -1.264820307072439809e-01
-9.103963879468583709e-02 -1.184060074529293405e-01
-1.031895651130501357e-01 -1.089779750851464502e-01
-1.143692944632361264e-01 -9.828176852611612835e-02
-1.244437764950224734e-01 -8.641677165255783055e-02
-1.332881199244038695e-01 -7.349707259767822298e-02
-1.407892278439122347e-01 -5.965042646851355379e-02
-1.468473331101850521e-01 -4.501702756343960166e-02
-1.513774032517015977e-01 -2.974810386419644154e-02
-1.543103899998245210e-01 -1.400435509744488161e-02
-1.555943139532267316e-01 2.045756593033574641e-03
-1.551951636986556859e-01 1.822784309947473452e-02
-1.530975942224865882e-01 3.436353342462212385e-02
-1.493054117594533048e-01 5.027250104222768384e-02
-1.438418347596431279e-01 6.577455164315834657e-02
-1.367495233809579991e-01 8.069174609511266250e-02
-1.280903727971551553e-01 9.485053248924674163e-02
-1.179450686137853421e-01 1.080838605284670240e-01
-1.064124057659836114e-01 1.202332512445020013e-01
-9.360837539149795272e-02 1.311507951240871439e-01
-7.966502728668911626e-02 1.407010521836371542e-01
-6.472911861902604092e-02 1.487628283564272347e-01
-4.896056254338121416e-02 1.552308037411292418e-01
-3.253069320838682804e-02 1.600169897949192954e-01
-1.562036630171647136e-02 1.630519944224820827e-01
1.582083270211587017e-03 1.642860760933535502e-01
1.888300277907708005e-02 1.636899705886566414e-01
3.608567645262087537e-02 1.612554767044791504e-01
5.299264634952066677e-02 1.569957901889368623e-01
6.940807080214710101e-02 1.509455783257625805e-01
8.514009101915516464e-02 1.431607908583601430e-01
1.000031739343175269e-01 1.337182092752387252e-01
1.138204087981841833e-01 1.227147289594781587e-01
1.264257202713791328e-01 1.102663836095368333e-01
1.376659668501644673e-01 9.650712906441660799e-02
1.474029035693096845e-01 8.158739073186731250e-02
1.555149799094227570e-01 6.567239293375358444e-02
1.618989483439959298e-01 4.894028909596723209e-02
1.664712611655412566e-01 3.158011451113224705e-02
1.691692357569716532e-01 1.378958594277234287e-02
1.699519712925930681e-01 -4.227225417876719592e-03
1.688010029271164170e-01 -2.226231922030112026e-02
1.657206828214788930e-01 -4.010625947632020377e-02
1.607382808180619627e-01 -5.755070519841736648e-02
1.539038011694216501e-01 -7.439094625897021973e-02
1.452895153960307995e-01 -9.042841223421410612e-02
1.349892150503605448e-01 -1.054731220837068079e-01
1.231171918466875681e-01 -1.193460430326659383e-01
1.098069562279377492e-01 -1.318813279672735039e-01
9.520970893289559811e-02 -1.429284020123463839e-01
7.949258345075524423e-02 -1.523538707213030474e-01
6.283668035876853464e-02 -1.600432244490462841e-01
4.543491738883520537e-02 -1.659023159727471275e-01
2.748972161973389783e-02 -1.698585912420081112e-01
9.210592406664415768e-03 -1.718620562422333020e-01
-9.188434493349623838e-03 -1.718859663028410034e-01
-2.749138808177167825e-02 -1.699272314357056501e-01
-4.548300226016663284e-02 -1.660065207818580690e-01
-6.295135376172943109e-02 -1.601680689660240908e-01
-7.969046341915919651e-02 -1.524791947110902823e-01
-9.550283315824151242e-02 -1.430295259117012330e-01
-1.102018836203243479e-01 -1.319299433336485194e-01
-1.236142609256413172e-01 -1.193112555758123750e-01
-1.355819826911119630e-01 -1.053226214852377024e-01
-1.459643954221222506e-01 -9.012973956678903276e-02
-1.546399177821034532e-01 -7.391282703045688740e-02
-1.615075469754037318e-01 -5.686441392877499695e-02
-1.664881085219950263e-01 -3.918698031484148941e-02
-1.695252330165508414e-01 -2.109046646345306281e-02
-1.705860470050873379e-01 -2.789687914164415503e-03
-1.696615688321495008e-01 1.549831160864420347e-02
-1.667668041602994311e-01 3.355693548594562009e-02
-1.619405397893846910e-01 5.117270338523660644e-02
-1.552448383525208142e-01 6.813788006445496703e-02
-1.467642403852463806e-01 8.425303003893086506e-02
-1.366046841005969792e-01 9.932946531144450086e-02
-1.248921569036274271e-01 1.131915547639476965e-01
-1.117710961937412872e-01 1.256788656280605210e-01
-9.740256028412909439e-02 1.366481096656504413e-01
-8.196219326992548737e-02 1.459748692706601958e-01
-6.563801035946036089e-02 1.535550816138657459e-01
-4.862803427824106267e-02 1.593062666360861857e-01
-3.113780603770489874e-02 1.631684708728166067e-01
-1.337781126208695270e-02 1.651049222735291311e-01
4.439144001122554209e-03 1.651023991246178824e-01
2.210058040525275658e-02 1.631712959404586771e-01
3.939697838429612881e-02 1.593453903453727616e-01
5.612436324453471542e-02 1.536813149437505632e-01
7.208680905259400029e-02 1.462577420477367551e-01
8.709882927691819932e-02 1.371742928891468150e-01
1.009876237388478981e-01 1.265501865336214060e-01
1.135951534327277468e-01 1.145226470917602157e-01
1.247800171534497321e-01 1.012450909385140402e-01
1.344191065910292637e-01 8.688511846652788306e-02
1.424090195770397471e-01 7.162233737382932286e-02
1.486672144546971608e-01 5.564604658843159968e-02
1.531328920472425081e-01 3.915281163452286745e-02
1.557675953693050397e-01 2.234396352504669156e-02
1.565555210122568652e-01 5.423054107658695396e-03
1.555035399848210265e-01 -1.140669881453709733e-02
1.526409296513270286e-01 -2.794494332297000824e-02
1.480188222289853528e-01 -4.399666942527909186e-02
1.417093790301353629e-01 -5.937459748472054960e-02
1.338047032149019822e-01 -7.390144859291453150e-02
1.244155072055827260e-01 -8.741206821466185328e-02
1.136695540608275573e-01 -9.975537658375055461e-02
1.017098973207233858e-01 -1.107961268137538924e-01
8.869293455120588754e-02 -1.204164354477880866e-01
7.478631212487045488e-02 -1.285170743417806405e-01
6.016671135796345521e-02 -1.350185214389082733e-01
4.501753779924017040e-02 -1.398617443847253450e-01
2.952654822336730003e-02 -1.430087135387247133e-01
1.388344700339336907e-02 -1.444426402944749832e-01
-1.722516338699647646e-03 -1.441679403280781147e-01
-1.710491691396176170e-02 -1.422099250771498846e-01
-3.208246082780537300e-02 -1.386142283589842372e-01
-4.648119851700723004e-02 -1.334459785175851343e-01
-6.013661700220170048e-02 -1.267887297974829020e-01
-7.289558490866732132e-02 -1.187431697330915414e-01
-8.461812636102443441e-02 -1.094256221746098545e-01
-9.517900241591153998e-02 -9.896636810787538818e-02
-1.044690815225108732e-01 -8.750780863332364989e-02
-1.123964835521779754e-01 -7.520249632040408583e-02
-1.188874851707600738e-01 -6.221106262580707036e-02
-1.238871776935942109e-01 -4.870007013959481990e-02
-1.273598720153021613e-01 -3.483981909150357659e-02
-1.292892486951535413e-01 -2.080213780485048319e-02
-1.296782547546505293e-01 -6.758186628141479163e-03
-1.285487521584414983e-01 7.123695689004084022e-03
-1.259409262552994568e-01 2.068007516651904076e-02
-1.219124656073343749e-01 3.375440863599753899e-02
-1.165375306881620693e-01 4.619891275792301077e-02
-1.099055167446728598e-01 5.787627902979219918e-02
-1.021196425960503168e-01 6.866122045419362219e-02
-9.329539000292230710e-02 7.844184494981343292e-02
-8.355880645777594151e-02 8.712082536218501705e-02
-7.304470054248773936e-02 9.461635797348313948e-02
-6.189475589561996977e-02 1.008629002461170487e-01
-5.025559054210861076e-02 1.058116817131297127e-01
-3.827678866271837232e-02 1.094309851469760092e-01
-2.610893182036967686e-02 1.117061983506855705e-01
-1.390165622095066583e-02 1.126396400758805233e-01
-1.801761778745305902e-03 1.122501666360379985e-01
1.004860240242643789e-02 1.105725687080924696e-01
2.151365301045710457e-02 1.076567705608177938e-01
3.246556664011617660e-02 1.035668464773723124e-01
4.278593378125616215e-02 9.837987141845461192e-02
5.236705572723450441e-02 9.218462497231021124e-02
6.111306996241055306e-02 8.508016933338992394e-02
6.894089226352631550e-02 7.717432342260463485e-02
7.578096654872529259e-02 6.858205629371755263e-02
8.157781638734479257e-02 5.942382365247318721e-02
8.629039500022959996e-02 4.982387164290968951e-02
8.989223349096980842e-02 3.990853202955847723e-02
9.237138991062565641e-02 2.980453253074285061e-02
9.373020453091975013e-02 1.963734534787597852e-02
9.398487312331994803e-02 9.529591090561406047e-03
9.316483500033291565e-02 -4.004683743424131484e-04
9.131200181588039477e-02 -1.004033404470539709e-02
8.847984657024021704e-02 -1.928456675154473568e-02
8.473235675807522238e-02 -2.803594799919877437e-02
8.014287457104195267e-02 -3.620649561945545741e-02
7.479284348448381192e-02 -4.371832374680972855e-02
6.877048146142432372e-02 -5.050433912611993620e-02
6.216940159264323917e-02 -5.650876833514013875e-02
5.508720125579458227e-02 -6.168751310288655282e-02
4.762404082101136249e-02 -6.600833349089056667e-02
3.988123256178495446e-02 -6.945086123921126453e-02
3.195985975931749795e-02 -7.200644802510748621e-02
2.395944503172158305e-02 -7.367785570391173489e-02
1.597668569622959570e-02 -7.447879776577963351e-02
8.104272506582745408e-03 -7.443334321839430168e-02
4.298064260316694402e-04 -7.357519586755020824e-02
-6.965173771187768009e-03 -7.194686349171000583e-02
-1.400604229806934158e-02 -6.959873267405583541e-02
-2.062580692116112654e-02 -6.658806605149901470e-02
-2.676569288735590468e-02 -6.297793945425293749e-02
-3.237558607481705319e-02 -5.883613683617947704e-02
-3.741433351391804107e-02 -5.423402103407631847e-02
-4.184990168111105135e-02 -4.924539824680329581e-02
-4.565939516540876153e-02 -4.394539370053419242e-02
-4.882894464473894192e-02 -3.840935098675263282e-02
-5.135345598124717997e-02 -3.271178195444361669e-02
-5.323624241478724928e-02 -2.692537843044444379e-02
-5.448855600746215638e-02 -2.112008676903628229e-02
-5.512901596926213232e-02 -1.536226909775795929e-02
-5.518295178403137546e-02 -9.713958075708403056e-03
-5.468167490984132684e-02 -4.232213374456599703e-03
-5.366169355709560218e-02 1.031413821509262864e-03
-5.216388552099596870e-02 6.031303966550306817e-03
-5.023264425964298063e-02 1.072807762046234896e-02
-4.791501336659419880e-02 1.508878887226986626e-02
-4.525982429290965892e-02 1.908700529985463135e-02
-4.231685163835213065e-02 2.270277790545058988e-02
-3.913599956811103509e-02 2.592250622402980653e-02
-3.576653193738268954e-02 2.873870542680589599e-02
-3.225635754176105208e-02 3.114968371070058958e-02
-2.865138057997541204e-02 3.315913955484783154e-02
-2.499492494276497542e-02 3.477568951853853008e-02
-2.132723935533386087e-02 3.601233813649205168e-02
-1.768508873013134239e-02 3.688590212583132966e-02
-1.410143536186121010e-02 3.741640154739152291e-02
-1.060521184836150412e-02 3.762643075875518606e-02
-7.221185880032530112e-03 3.754052195844932022e-02
-3.969915336972294762e-03 3.718451385476657933e-02
-8.677904960281932487e-04 3.658493750722947163e-02
2.072845811266576296e-03 3.576842701482456366e-02
4.843491114616967075e-03 3.476117463731717011e-02
7.439209833628367304e-03 3.358843776764899175e-02
9.858308841240517872e-03 3.227409486071369099e-02
1.210195717118477815e-02 3.084026740220983248e-02
1.417376526724404943e-02 2.930701076263068222e-02
1.607933453998187240e-02 2.769207785102078059e-02
1.782578831885170065e-02 2.601075792442696100e-02
1.942129539454359385e-02 2.427579133274429188e-02
2.087459723883795804e-02 2.249735941368856754e-02
2.219454967165648482e-02 2.068314722725174415e-02
2.338968922562360830e-02 1.883847536059896771e-02
2.446783374895990931e-02 1.696649566887909952e-02
2.543572590287349749e-02 1.506844456896004603e-02
2.629872716775495667e-02 1.314394639350036781e-02
2.706056879399492202e-02 1.119135836123501433e-02
2.772316484103150638e-02 9.208147942155535740e-03
2.828649106705378308e-02 7.191292806464197676e-03
2.874853198784189240e-02 5.137693153427002474e-03
2.910529694372944454e-02 3.044586026615172039e-03
2.935090452628573432e-02 9.099512379105270969e-04
2.947773324873161419e-02 -1.267101257208663517e-03
2.947663492359080262e-02 -3.485972271106300979e-03
2.933720586392709814e-02 -5.744251709827371925e-03
2.904810977564233065e-02 -8.037442651700933346e-03
2.859744071216804503e-02 -1.035873544945848691e-02
2.797313256753955132e-02 -1.269884556921547537e-02
2.716339371848375955e-02 -1.504591925968072619e-02
2.615714992937642758e-02 -1.738550097278569392e-02
2.494449944684537512e-02 -1.970057334698735452e-02
2.351716485411963972e-02 -2.197166858416556290e-02
2.186893118471275668e-02 -2.417705060769522601e-02
1.999605993781455870e-02 -2.629296591016285975e-02
1.789766898249969471e-02 -2.829395954995146678e-02
1.557606887897537012e-02 -3.015325136344352425e-02
1.303704687349713232e-02 -3.184316614986432148e-02
1.029009072682277905e-02 -3.333561038338277854e-02
7.348545598531235588e-03 -3.460258693470618513e-02
4.229698412704859488e-03 -3.561673836255026954e-02
9.547854532655230837e-04 -3.635190858193326768e-02
-2.451079643619204478e-03 -3.678371214619220730e-02
-5.959058842312207546e-03 -3.689010000475061168e-02
-9.536823412879071038e-03 -3.665191042735643778e-02
-1.314886664355346263e-02 -3.605339382260164260e-02
-1.675689227372828202e-02 -3.508270042522439874e-02
-2.032027385754883383e-02 -3.373232028044738373e-02
-2.379657883090324083e-02 -3.199946560826302105e-02
-2.714214970962554319e-02 -2.988638647641531781e-02
-3.031273361899990484e-02 -2.740061173468166800e-02
-3.326415026727252283e-02 -2.455510834856778138e-02
-3.595298339148405437e-02 -2.136835625280746054e-02
-3.833729798807176264e-02 -1.786432849954474461e-02
-4.037735983974991005e-02 -1.407237450184417073e-02
-4.203633785338668077e-02 -1.002701408782761226e-02
-4.328098997015026456e-02 -5.767635983236051728e-03
-4.408231546950174690e-02 -1.338104761688248398e-03
-4.441616147923942853e-02 3.213719676937430020e-03
-4.426377203144513106e-02 7.836544427354380157e-03
-4.361226874326250974e-02 1.247628048633717644e-02
-4.245505314176307998e-02 1.707674559392070510e-02
-4.079212178000529709e-02 2.158042304088554977e-02
-3.863028658972750967e-02 2.592926531036961191e-02
-3.598329436480949411e-02 3.006553042833990524e-02
-3.287184084584935523e-02 3.393263809524176694e-02
-2.932347655468629799e-02 3.747603207545170678e-02
-2.537240328125634631e-02 4.064403494486332202e-02
-2.105916192504458245e-02 4.338868114914200269e-02
-1.643021420979308075e-02 4.566651441122193678e-02
-1.153742259267775266e-02 4.743933584794494257e-02
-6.437434447417553218e-03 4.867488970989813923e-02
-1.190978284742435665e-03 4.934747443906270514e-02
4.137918645720366044e-03 4.943846773558738944e-02
9.482780578407104879e-03 4.893675552391291150e-02
1.477558919287885741e-02 4.783905609210351018e-02
1.994773211323734932e-02 4.615013222588967845e-02
2.493097598441811752e-02 4.388288816198043091e-02
2.965846210754134737e-02 4.105834241330597045e-02
3.406569896518309853e-02 3.770547472137458084e-02
3.809152957956373625e-02 3.386095495595407845e-02
4.167907056057229553e-02 2.956874993323223635e-02
4.477660336732547375e-02 2.487961359923766824e-02
4.733840313921053311e-02 1.985046657419692676e-02
4.932549122685996740e-02 1.454367290270818826e-02
5.070629856196164076e-02 9.026223601382837511e-03
5.145722823344167640e-02 3.368838210383514730e-03
5.156310706886986506e-02 -2.355002989634844262e-03
5.101751763295814257e-02 -8.070082163665113703e-03
4.982300382560660851e-02 -1.370050751770018373e-02
4.799114516317951051e-02 -1.917080147414957497e-02
4.554249682927274251e-02 -2.440699700589763974e-02
4.250639465394880079e-02 -2.933772537043083037e-02
3.892062629061926460e-02 -3.389527841155189763e-02
3.483097197389419669e-02 -3.801662878944552654e-02
3.029062032588472272e-02 -4.164439195989586007e-02
2.535946669888285154e-02 -4.472771444564084542e-02
2.010330346602936732e-02 -4.722307391820588368e-02
1.459291346676357473e-02 -4.909497782399468990e-02
8.903079450555207233e-03 -5.031654872687220392e-02
3.111523812949872070e-03 -5.086998618011633749e-02
-2.702205842614783561e-03 -5.074689675920616289e-02
-8.457885304262993328e-03 -4.994848794802116826e-02
-1.407579077334733531e-02 -4.848561681376057503e-02
-1.947787708594397524e-02 -4.637869139259767626e-02
-2.458893325656594589e-02 -4.365743182740937367e-02
-2.933770851101888399e-02 -4.036048806325531063e-02
-3.365798734773852580e-02 -3.653491993259612436e-02
-3.748959667966710041e-02 -3.223554640874472937e-02
-4.077932901183870668e-02 -2.752417290404123376e-02
-4.348176677340590685e-02 -2.246870746649368145e-02
-4.555999433064752274e-02 -1.714217855278220987e-02
-4.698618583933674570e-02 -1.162166869639954560e-02
-4.774205892678680396e-02 -5.987179819786379864e-03
-4.781918619861025288e-02 -3.204471342352786713e-04
-4.721915871245096347e-02 5.296280489730233361e-03
-4.595359781791924503e-02 1.078147513276798281e-02
-4.404401409392355582e-02 1.605556048878689288e-02
-4.152151448532030720e-02 2.104211956306243150e-02
-3.842636111319011616e-02 2.566906060191674957e-02
-3.480738756969019299e-02 2.986972295721479487e-02
-3.072128077219986667e-02 3.358390538758420502e-02
-2.623173860611510699e-02 3.675880037746839107e-02
-2.140851559637726997e-02 3.934981940000779194e-02
-1.632637068188287979e-02 4.132129564115180620e-02
-1.106393279409090442e-02 4.264705251710479428e-02
-5.702501334278731876e-03 4.331082832830033397e-02
-3.248028169973876146e-04 4.330655156562046582e-02
4.986287434385444986e-03 4.263845704534949266e-02
1.014903038981731717e-02 4.132104045619215682e-02
1.508409031589104735e-02 3.937885748248392409e-02
1.971577355241840510e-02 3.684616433575833849e-02
2.397321612812450264e-02 3.376640561179621719e-02
2.779150138424059738e-02 3.019155656579796190e-02
3.111268974400233783e-02 2.618132922195975931e-02
3.388674402198401520e-02 2.180225392598414413e-02
3.607233519207760780e-02 1.712664997457008856e-02
3.763751530468161660e-02 1.223150078175212069e-02
3.856024623619142694e-02 7.197250638047614398e-03
3.882877513742557379e-02 2.106541458083459589e-03
3.844184978920107271e-02 -2.957091027057230821e-03
3.740876953723869941e-02 -7.910541413633710717e-03
3.574927002712413593e-02 -1.267245843483106107e-02
3.349324255376674719e-02 -1.716454763540391920e-02
3.068029143832593647e-02 -2.131283230535565426e-02
2.735913540821321641e-02 -2.504885258551956678e-02
2.358686144212978134e-02 -2.831078349504848740e-02
1.942804191268193356e-02 -3.104445377520569094e-02
1.495372807603015212e-02 -3.320424887961100774e-02
1.024033498553981493e-02 -3.475388314769541076e-02
5.368434711488481031e-03 -3.566702815062722243e-02
4.214763018353488710e-04 -3.592778636846771789e-02
-4.515545246599392097e-03 -3.553100377525055670e-02
-9.357459109164507557e-03 -3.448241027811933118e-02
-1.402029885841015594e-02 -3.279858563626141671e-02
-1.842266722015767008e-02 -3.050675648379547189e-02
-2.248707198893295373e-02 -2.764442077973655251e-02
-2.614120881013724113e-02 -2.425880583144912617e-02
-2.931917020062204185e-02 -2.040616726394657576e-02
-3.196256118993536649e-02 -1.615093885460716291e-02
-3.402150328869387591e-02 -1.156474556264499437e-02
-3.545551010970995204e-02 -6.725294316490303299e-03
-3.623421985835547504e-02 -1.715159144108752230e-03
-3.633797204349258764e-02 3.379520991694962700e-03
-3.575821810750186985e-02 8.470411788100574990e-03
-3.449775819830126766e-02 1.346839955888243581e-02
-3.257079896964472365e-02 1.828503160109527445e-02
-3.000283005790546631e-02 2.283395847269856921e-02
-2.683031970165680388e-02 2.703235548124310883e-02
-2.310023280122638564e-02 3.080230083508923161e-02
-1.886937751510973926e-02 3.407208841202139654e-02
-1.420358921499657173e-02 3.677745395007998158e-02
-9.176763228388592000e-03 3.886269465102943493e-02
-3.869750246149601929e-03 4.028166369194176311e-02
1.630869477174723848e-03 4.099862294366288240e-02
7.234114985998871782e-03 4.098893927045913627e-02
1.284601665541489079e-02 4.023961210255734555e-02
1.837108794880475127e-02 3.874962484952623049e-02
2.371384192706344277e-02 3.653010692591544123e-02
2.878032218217817587e-02 3.360430418857092427e-02
3.347962175529895640e-02 3.000736307345230891e-02
3.772537319449640464e-02 2.578592332934562942e-02
4.143718366129745673e-02 2.099752570431622639e-02
4.454199224233645893e-02 1.570984203677993837e-02
4.697532763472195283e-02 9.999738010334532912e-03
4.868244572973130097e-02 3.952181501307370538e-03
4.961932830057029509e-02 -2.340988061628785852e-03
4.975352598242843705e-02 -8.782411634881946011e-03
4.906483098841381979e-02 -1.527066408714084639e-02
4.754576750032045440e-02 -2.170178788045458440e-02
4.520189037180663560e-02 -2.797088405679445944e-02
4.205188564337875023e-02 -3.397373660896146896e-02
3.812746935082264588e-02 -3.960844560031515083e-02
3.347308416651962465e-02 -4.477704405497812817e-02
2.814539650016784078e-02 -4.938707367648794561e-02
2.221259975482396676e-02 -5.335309487014725655e-02
1.575353243892876898e-02 -5.659810733857513487e-02
8.856622728857782914e-03 -5.905485868141322620e-02
1.618673814779706972e-03 -6.066701994335944870e-02
-5.856493097424347177e-03 -6.139020889880511533e-02
-1.345951895358282052e-02 -6.119284401031123422e-02
-2.107708898607373038e-02 -6.005681442115257118e-02
-2.859359213548067283e-02 -5.797795688848568496e-02
-3.589284017036374619e-02 -5.496632263815780933e-02
-4.285981419513249652e-02 -5.104623152562165478e-02
-4.938241089327227024e-02 -4.625611810998399298e-02
-5.535316831047946279e-02 -4.064816145964156996e-02
-6.067094267452430301e-02 -3.428770454491904263e-02
-6.524251065547902184e-02 -2.725246985663681842e-02
-6.898407238151026133e-02 -1.963158099738177009e-02
-7.182263181369455407e-02 -1.152440297438341553e-02
-7.369723273094923310e-02 -3.039216733725629265e-03
-7.456003056033710941e-02 5.708253928049210335e-03
-7.437718258068413968e-02 1.459644259721934803e-02
-7.312954159587303771e-02 2.349964509279706126e-02
-7.081314098124451284e-02 3.228980467773464452e-02
-6.743946201139215668e-02 4.083835199993217369e-02
-6.303547753632843254e-02 4.901807312870640199e-02
-5.764346933903777281e-02 5.670497843969675433e-02
-5.132061983255673671e-02 6.378014488970287776e-02
-4.413838208958421189e-02 7.013150441774579358e-02
-3.618163549253831240e-02 7.565555180872222951e-02
-2.754763749767848158e-02 8.025894635430506907e-02
-1.834478507530035857e-02 8.385998302915934066e-02
-8.691202272860671860e-03 8.638991065022122440e-02
1.286826994452486750e-03 8.779407657831526934e-02
1.145655943109447593e-02 8.803287992515081151e-02
2.168060084694876238e-02 8.708252152728314377e-02
3.181880417205770750e-02 8.493552810298933553e-02
4.173022261497740665e-02 8.160104626504850744e-02
5.127508917859764648e-02 7.710490944142903147e-02
6.031680027770407876e-02 7.148946436566204488e-02
6.872387246488884105e-02 6.481316102385754896e-02
7.637184399108484789e-02 5.714991024470560815e-02
8.314509356875939006e-02 4.858821650384763380e-02
8.893854975323037260e-02 3.923009680269918392e-02
9.365926579649733186e-02 2.918979962551924295e-02
9.722783663841405577e-02 1.859234093067094196e-02
9.957963685642240437e-02 7.571876848745967559e-03
1.006658608667393984e-01 -3.730064798891885754e-03
1.004543494214217569e-01 -1.516646991901715938e-02
9.893018943749781746e-02 -2.658681447639560033e-02
9.609607738317225978e-02 -3.783910429470516146e-02
9.197243978579178192e-02 -4.877194986774927021e-02
8.659730786835986849e-02 -5.923664710738454908e-02
8.002594681589546288e-02 -6.908923475954741045e-02
7.233024366900206448e-02 -7.819249944601991409e-02
6.359786128876317168e-02 -8.641789993444927431e-02
5.393116918430927026e-02 -9.364738329378946569e-02
4.344596519334477380e-02 -9.977506704191628495e-02
3.227000500996475563e-02 -1.047087632160310089e-01
2.054135931949209459e-02 -1.083713224684374199e-01
8.406622836083845265e-03 -1.107017831758347476e-01
-3.981008608168928702e-03 -1.116562965636246352e-01
-1.646375745022072776e-02 -1.112088203533947994e-01
-2.888135125490788949e-02 -1.093515815066120611e-01
-4.107315561971570939e-02 -1.060952880504174578e-01
-5.288032071844194631e-02 -1.014690902014904750e-01
-6.414791185763200898e-02 -9.552029070317871740e-02
-7.472699461100949792e-02 -8.831380780642307526e-02
-8.447664570680793461e-02 -7.993139779146497814e-02
-9.326586186176009929e-02 -7.047064729503368929e-02
-1.009753401683905899e-01 -6.004374892832287092e-02
-1.074991054283443576e-01 -4.877607669843664340e-02
-1.127459619575319483e-01 -3.680458053692615278e-02
-1.166407498376608454e-01 -2.427602175384507843e-02
-1.191253883174766548e-01 -1.134507343885446384e-02
-1.201596920360333692e-01 1.827688308617267214e-03
-1.197219489064250131e-01 1.507787494620800410e-02
-1.178092518157738966e-01 2.823942937550926249e-02
-1.144375797179699311e-01 4.114679397276186507e-02
-1.096416271704163947e-01 5.363707330032191356e-02
-1.034743848449997394e-01 6.555216216436850207e-02
-9.600647697690216364e-02 7.674081022487722059e-02
-8.732526505383074455e-02 8.706059530727527918e-02
-7.753373024540409497e-02 9.637977889640936269e-02
-6.674915008276514905e-02 1.045790189918996416e-01
-5.510159052737598900e-02 1.115529225227373522e-01
-4.273222328592560237e-02 1.172114031196927614e-01
-2.979150284579025476e-02 1.214808328305548440e-01
-1.643723075863045766e-02 1.243049855986268909e-01
-2.832523687782775162e-03 1.256457460930977266e-01
1.085628330016217419e-02 1.254835794207148914e-01
2.446176988719516929e-02 1.238177563578581747e-01
3.781757143193234527e-02 1.206663321098046943e-01
5.076049905371622650e-02 1.160658799794433427e-01
6.313261069824055438e-02 1.100709846628993988e-01
7.478320584531621129e-02 1.027535031373489893e-01
8.557071772946224508e-02 9.420160422116423404e-02
9.536447850904442025e-02 8.451860082519124795e-02
1.040463347147857348e-01 7.382159163600122975e-02
1.115120925041121897e-01 6.223993144041735370e-02
1.176727747103580857e-01 4.991355148254096596e-02
1.224556743681252807e-01 3.699115311129446554e-02
1.258051922778421206e-01 2.362829950443489854e-02
1.276834492011938715e-01 9.985431425442442901e-03
1.280706664102400638e-01 -3.774166230648068592e-03
1.269653115012759625e-01 -1.748641992530308026e-02
1.243840095840178100e-01 -3.098851778093295040e-02
1.203612231219674950e-01 -4.412092782134462848e-02
1.149487067862844242e-01 -5.672935797364558885e-02
1.082147466501935384e-01 -6.866663271751254072e-02
1.002431998248758394e-01 -7.979446775700328731e-02
9.113233485889285501e-02 -8.998510708884793763e-02
8.099350380336065025e-02 -9.912280779604110137e-02
6.994967009888930498e-02 -1.071051685430632477e-01
5.813379993654153172e-02 -1.138442718606485216e-01
4.568714463533590092e-02 -1.192676316095371836e-01
3.275743769682096240e-02 -1.233189357331473668e-01
1.949703101739213434e-02 -1.259585772865953468e-01
6.060995209143823365e-03 -1.271639696627058225e-01
-7.394790901502659025e-03 -1.269296448820487200e-01
-2.071553675788705487e-02 -1.252671367314928952e-01
-3.374939826978237689e-02 -1.222046533831177700e-01
-4.634927434813005537e-02 -1.177865468631035945e-01
-5.837451960720357880e-02 -1.120725893311201316e-01
-6.969255255350058353e-02 -1.051370685401741834e-01
-8.018034033057602761e-02 -9.706771704349337337e-02
-8.972574306944147704e-02 -8.796449167105234446e-02
-9.822870307265768597e-02 -7.793822149005254218e-02
-1.056022664020697110e-01 -6.710914387160440975e-02
-1.117734269086828047e-01 -5.560534939507794094e-02
-1.166837853006256059e-01 -4.356115712184082528e-02
-1.202900184530101141e-01 -3.111544225590735097e-02
-1.225641567832693180e-01 -1.840993837964345278e-02
-1.234936701092426703e-01 -5.587536312078959615e-03
-1.230813649380229774e-01 7.209398805890847653e-03
-1.213451036968686420e-01 1.984067588216074929e-02
-1.183173359046809925e-01 3.216986037251309133e-02
-1.140444665860061990e-01 4.406577527243139836e-02
-1.085860814924578116e-01 5.540391685112140696e-02
-1.020140258874651790e-01 6.606775702079036028e-02
-9.441135795852967361e-02 7.594992203918833618e-02
-8.587119312194269050e-02 8.495323597112607039e-02
-7.649545647878580601e-02 9.299161944023530413e-02
-6.639356140580020271e-02 9.999083638148614783e-02
-5.568103271687536993e-02 1.058890837239096494e-01
-4.447809301119171055e-02 1.106374211578007860e-01
-3.290823073733226828e-02 1.142000403382802259e-01
-2.109676815786847362e-02 1.165543750156444180e-01
-9.169446808675455959e-03 1.176910556323227663e-01
2.748952772307944412e-03 1.176137138585235109e-01
1.453594130169613176e-02 1.163386443284033511e-01
2.607258646493942900e-02 1.138943324633374665e-01
3.724470094151406674e-02 1.103208587093262860e-01
4.794394111236146422e-02 1.056691907559544896e-01
5.806880644840758943e-02 1.000003763323971673e-01
6.752553128715026165e-02 9.338464998330939237e-02
7.622886246393578702e-02 8.590046780938480342e-02
8.410271804654306793e-02 7.763348451305061848e-02
9.108072419742591075e-02 6.867548722201062550e-02
9.710662892981108962e-02 5.912330047854609527e-02
1.021345991360324695e-01 4.907767312032490503e-02
1.061293833548512255e-01 3.864216817454953906e-02
1.090663595277377163e-01 2.792206898062015233e-02
1.109314829382689882e-01 1.702330228326105407e-02
1.117211215543717079e-01 6.051398320295308005e-03
1.114417925212807248e-01 -4.889503963516382903e-03
1.101098078823967985e-01 -1.569759768844133582e-02
1.077508383265169400e-01 -2.627428715760558864e-02
1.043994043023028784e-01 -3.652499897493634989e-02
1.000983042036644177e-01 -4.635992013315639454e-02
9.489798951550205974e-02 -5.569465935501378973e-02
8.885589682360563180e-02 -6.445082925861826684e-02
8.203574644405611793e-02 -7.255654815811507508e-02
7.450681712752861563e-02 -7.994686148388506497e-02
6.634320585615875732e-02 -8.656408389391948011e-02
5.762308119094870090e-02 -9.235806413419700434e-02
4.842793796363009662e-02 -9.728637557749592046e-02
3.884186035747064225e-02 -1.013144361165616847e-01
2.895079960669320190e-02 -1.044155617012502424e-01
1.884187168450797076e-02 -1.065709582854149490e-01
8.602679465980566861e-03 -1.077696572861196467e-01
-1.679337035417677402e-03 -1.080083998563971942e-01
-1.191751962986385346e-02 -1.072914753372410240e-01
-2.202657822016741707e-02 -1.056305191915252462e-01
-3.192314326949700909e-02 -1.030442755413431277e-01
-4.152629008534503008e-02 -9.955832734503686221e-02
-5.075801604484168200e-02 -9.520480137201887960e-02
-5.954368562436529455e-02 -9.002205543309271807e-02
-6.781245597211214837e-02 -8.405434326950889101e-02
-7.549766580450005538e-02 -7.735146407073267838e-02
-8.253719567084143172e-02 -6.996839855544133291e-02
-8.887380144169380880e-02 -6.196493333651414276e-02
-9.445542286443689428e-02 -5.340527470664153953e-02
-9.923546891009960014e-02 -4.435765242618514015e-02
-1.031730814152988507e-01 -3.489391358588696257e-02
-1.062333782117788616e-01 -2.508910616942982078e-02
-1.083876765450488833e-01 -1.502105156860816630e-02
-1.096136971265903592e-01 -4.769905018983600781e-03
-1.098957486562922581e-01 5.582297263830442689e-03
-1.092248921097229569e-01 1.595210555025783003e-02
-1.075990835260963591e-01 2.625513994193130057e-02
-1.050232934754577879e-01 3.640659073470726287e-02
-1.015096008460733001e-01 4.632173668922518611e-02
-9.707725809344980306e-02 5.591648174185999409e-02
-9.175272464843869935e-02 6.510791023028070224e-02
-8.556966481013822401e-02 7.381486015604608875e-02
-7.856890616517471504e-02 8.195851337283080462e-02
-7.079835439207178560e-02 8.946300088638496628e-02
-6.231286023950510095e-02 9.625602069657629434e-02
-5.317403451970947881e-02 1.022694648199990175e-01
-4.345000193818344264e-02 1.074400510301692091e-01
-3.321510608284172078e-02 1.117099528397788727e-01
-2.254955158790689779e-02 1.150274274740870767e-01
-1.153897003470271375e-02 1.173474310211991833e-01
-2.739236086893969270e-04 1.186322132460549406e-01
1.115065972697264207e-02 1.188518851888565875e-01
2.263611967589580082e-02 1.179849512720133470e-01
3.408076476269989580e-02 1.160187972668118850e-01
4.538063916388503788e-02 1.129501252338138279e-01
5.643035199339761082e-02 1.087853264631622185e-01
6.712396458824196332e-02 1.035407835137974186e-01
7.735593008466423726e-02 9.724309269260578148e-02
8.702207832161282242e-02 8.992919873139193498e-02
9.602063787946729656e-02 8.164643401373200549e-02
1.042532858830281239e-01 7.245245547441857281e-02
1.116262150931428832e-01 6.241507323715860672e-02
1.180512068054037772e-01 5.161196616389274183e-02
1.234466971905626292e-01 4.013028075067434641e-02
1.277388239718959539e-01 2.806611120633743794e-02
1.308624397601662881e-01 1.552386007396128545e-02
1.327620779754045965e-01 2.615480381329806162e-03
1.333928570923177404e-01 -1.054039798748064409e-02
1.327213089656383016e-01 -2.381945324653592794e-02
1.307261172329507171e-01 -3.709276174697963974e-02
1.273987522617425205e-01 -5.022798507065173029e-02
1.227439861738874871e-01 -6.309064502443921529e-02
1.167802868525397858e-01 -7.554547144623707799e-02
1.095400735603655057e-01 -8.745781527694981849e-02
1.010698167022280186e-01 -9.869511104276512681e-02
9.142998485676144538e-02 -1.091283700461093686e-01
8.069482960725243847e-02 -1.186336886192840279e-01
6.895200404728211996e-02 -1.270937533744989911e-01
5.630201290360750677e-02 -1.343993246400545238e-01
4.285749440158426876e-02 -1.404506787714089877e-01
2.874233626777304706e-02 -1.451589897844981214e-01
1.409063058863296684e-02 -1.484476307900039760e-01
-9.545254100034019024e-04 -1.502533760204665392e-01
-1.624237326539699697e-02 -1.505274848422154532e-01
-3.161597018127268455e-02 -1.492366500317295896e-01
-4.691378505197031645e-02 -1.463637937674187317e-01
-6.197139764840582654e-02 -1.419086962346309544e-01
-7.662328308294302781e-02 -1.358884434511572759e-01
-9.070466193455789528e-02 -1.283376828754534127e-01
-1.040533948994811358e-01 -1.193086775388379622e-01
-1.165118995646023392e-01 -1.088711518206708639e-01
-1.279290659070597691e-01 -9.711192453292066817e-02
-1.381621464259092935e-01 -8.413432766525887063e-02
-1.470785964289424153e-01 -7.005741192861777988e-02
-1.545578399437030903e-01 -5.501494308640014763e-02
-1.604929370060399763e-01 -3.915419593872386528e-02
-1.647921269784617115e-01 -2.263455507527482521e-02
-1.673802302883927451e-01 -5.625937595054969834e-03
-1.681998843566964996e-01 1.169295030111210110e-02
-1.672125900070821625e-01 2.913650501935683562e-02
-1.643995557298543464e-01 4.651424316220699462e-02
-1.597623227078206476e-01 6.363292364958335334e-02
-1.533231575819167247e-01 8.029875011085230163e-02
-1.451252026729389910e-01 9.631962766179896773e-02
-1.352323763173297333e-01 1.115074468704733424e-01
-1.237290190820793390e-01 1.256803667468751606e-01
-1.107192848562090354e-01 1.386650679841074651e-01
-9.632627913113699092e-02 1.502989474488410360e-01
-8.069095013471071220e-02 1.604322250774270209e-01
-6.397074182760979777e-02 1.689299348861270644e-01
-4.633802105930482501e-02 1.756737727494668000e-01
-2.797829436692220173e-02 1.805637749337733466e-01
-9.088232938022834662e-03 1.835198030819975290e-01
1.012647289740068943e-02 1.844828134138842834e-01
2.945340567230276402e-02 1.834158903099395721e-01
4.867583298013841708e-02 1.803050271608249711e-01
6.757521154071087499e-02 1.751596403533459967e-01
8.593375313779354208e-02 1.680128054932396031e-01
1.035370211339334406e-01 1.589212083927297181e-01
1.201765253679447920e-01 1.479648069331087334e-01
1.356522827572009537e-01 1.352462036024509318e-01
1.497753107949727214e-01 1.208897326913832421e-01
1.623700220936876160e-01 1.050402682062226839e-01
1.732764876209943461e-01 8.786176414034808924e-02
1.823525385787540254e-01 6.953554287597991934e-02
1.894756786716522978e-01 5.025834848363718715e-02
1.945447800350812162e-01 3.024018669505863094e-02
1.974815387362347519e-01 9.701975967025400563e-03
1.982316685645282295e-01 -1.112696319834322739e-02
1.967658149458835493e-01 -3.201155109026650875e-02
1.930801742112757680e-01 -5.271369213918572494e-02
1.871968070800883732e-01 -7.299508547459337970e-02
1.791636390365028697e-01 -9.262006814654387410e-02
1.690541442325115828e-01 -1.113584556712106793e-01
1.569667135919618761e-01 -1.289883442243415501e-01
1.430237118624103354e-01 -1.452988389377914136e-01
1.273702324107022499e-01 -1.600926733560533721e-01
1.101725625291673921e-01 -1.731886861779527720e-01
9.161637585783849458e-02 -1.844241229330581822e-01
7.190467218122571780e-02 -1.936567322061292229e-01
5.125548827519346706e-02 -2.007666284031284221e-01
2.989940661252854168e-02 -2.056578958201096263e-01
8.076891540580818929e-03 -2.082599118972933150e-01
-1.396451501918083253e-02 -2.085283709753665837e-01
-3.597310426696938290e-02 -2.064459935754816289e-01
-5.769598193373466632e-02 -2.020229101505398861e-01
-7.888208435001167751e-02 -1.952967145613450917e-01
-9.928519041265077005e-02 -1.863321775201504105e-01
-1.186668906048739258e-01 -1.752206266336101825e-01
-1.367994789631977459e-01 -1.620790032009236659e-01
-1.534687296400594758e-01 -1.470485988499743435e-01
-1.684765230332745112e-01 -1.302934884709019414e-01
-1.816432879716598781e-01 -1.119986775374793297e-01
-1.928102286442402169e-01 -9.236798563456297129e-02
-2.018413075762822972e-01 -7.162169146793735675e-02
-2.086249589555304595e-01 -4.999396777400801767e-02
-2.130755099576486788e-01 -2.773013732809139278e-02
-2.151342913674446078e-01 -5.083783633364190660e-03
-2.147704226941596906e-01 1.768624817491787002e-02
-2.119812610835981048e-01 4.031892318056470165e-02
-2.067925075829242232e-01 6.255412324747869346e-02
-1.992579686592647059e-01 8.413574972196249946e-02
-1.894589752531898597e-01 1.048147836852602738e-01
-1.775034660045574364e-01 1.243522656444263214e-01
-1.635247455631784197e-01 1.425221575244369487e-01
-1.476799330335159532e-01 1.591140512823281117e-01
-1.301481195462335927e-01 1.739356903858644832e-01
-1.111282576475417089e-01 1.868152727593707096e-01
-9.083680860098181098e-02 1.976035065664953905e-01
-6.950517676059339567e-02 2.061753933369570024e-01
-4.737696285900590276e-02 2.124317164098773469e-01
-2.470506980348398038e-02 2.163002205612989115e-01
-1.748696557815309889e-03 2.177364557324679706e-01
2.122973870622095818e-02 2.167242833633692412e-01
4.396771205298184715e-02 2.132760481249809659e-01
6.620570470006628683e-02 2.074324007492917010e-01
8.769027253892354434e-02 1.992617789548120633e-01
1.081770364527147310e-01 1.888595536239977279e-01
1.274335567279775983e-01 1.763468515933212799e-01
1.452420564293928906e-01 1.618690704608225506e-01
1.614019606271395180e-01 1.455941046470992650e-01
1.757322208055250579e-01 1.277103055141988741e-01
1.880733966058703022e-01 1.084242016068355102e-01
1.982894702270180942e-01 8.795800799024443284e-02
2.062693722798933649e-01 6.654695618219125253e-02
2.119282016209750319e-01 4.443647828193234006e-02
2.152081256228574324e-01 2.187928056086385284e-02
2.160789514253808330e-01 -8.676570210960602055e-04
2.145383628934127429e-01 -2.354611818565495798e-02
2.106118222316543387e-01 -4.589968716349360212e-02
2.043521394170201289e-01 -6.767674778993554296e-02
1.958387167499865411e-01 -8.863340839602143473e-02
1.851764798439223536e-01 -1.085363172006794247e-01
1.724945102139834874e-01 -1.271653345319400941e-01
1.579443982456147921e-01 -1.443160302462405120e-01
1.416983386713953075e-01 -1.598019771445600701e-01
1.239469944697864645e-01 -1.734568195679137836e-01
1.048971521766011161e-01 -1.851360772286371748e-01
8.476920682783402328e-02 -1.947186743910416518e-01
6.379450627819614750e-02 -2.021081906545208473e-01
4.221258479963553578e-02 -2.072338038254409875e-01
2.026832253347049528e-02 -2.100509214494907795e-01
-1.790934063016004626e-03 -2.105414962513311450e-01
-2.371825551068091828e-02 -2.087140247050299768e-01
-4.526998140547641714e-02 -2.046032319015108625e-01
-6.620850714887017985e-02 -1.982694497368744369e-01
-8.630497233698147808e-02 -1.897976991684958981e-01
-1.053418194336823155e-01 -1.792964908272145497e-01
-1.231151933322302966e-01 -1.668963615896593422e-01
-1.394371547378548404e-01 -1.527481677643814928e-01
-1.541376829450540609e-01 -1.370211582926411376e-01
-1.670664464993510956e-01 -1.199008537776403149e-01
-1.780943233819723970e-01 -1.015867592078940201e-01
-1.871146556928374727e-01 -8.228993990964279803e-02
-1.940442272860172235e-01 -6.223049153359425795e-02
-1.988239563848396285e-01 -4.163493574230741484e-02
-2.014192988229873971e-01 -2.073357371133189436e-02
-2.018203611752409921e-01 2.421704094535624392e-04
-2.000417266097953284e-01 2.106238430165810124e-02
-1.961219997675651971e-01 4.150124954793308479e-02
-1.901230803088888033e-01 6.133954110967480139e-02
-1.821291805182798651e-01 8.036702193803335614e-02
-1.722455920167943466e-01 9.838468897185106976e-02
-1.605972322501742211e-01 1.152068550368877953e-01
-1.473269928756348324e-01 1.306630595611155965e-01
-1.325939035943178301e-01 1.445997708435525497e-01
-1.165711400312544888e-01 1.568818686939236762e-01
-9.944390176542970694e-02 1.673938939063097098e-01
-8.140718767717342041e-02 1.760410541157229614e-01
-6.266349648164624975e-02 1.827499787389620378e-01
-4.342048065440796967e-02 1.874692188776139745e-01
-2.388858193166659358e-02 1.901694912197686438e-01
-4.278676192282815892e-03 1.908436680771465888e-01
1.520024518594726218e-02 1.895065186968725168e-01
3.434333143941634831e-02 1.861942098552764879e-01
5.295204128146038802e-02 1.809635764407750980e-01
7.083620140693892842e-02 1.738911752330868921e-01
8.781593339023859024e-02 1.650721373593183605e-01
1.037234298044519554e-01 1.546188369300774690e-01
1.184045626495579540e-01 1.426593951110745051e-01
1.317203095869678986e-01 1.293360403522134383e-01
1.435479860012393305e-01 1.148033466658331253e-01
1.537822735109711791e-01 9.922637271174394868e-02
1.623360381937051511e-01 8.277872500662711297e-02
1.691409344383844326e-01 6.564056883107662055e-02
1.741477929588649554e-01 4.799661036504178357e-02
1.773267984386916740e-01 3.003406783851701040e-02
1.786674445653350929e-01 1.194066870659933610e-02
1.781782873619850993e-01 -6.097310962864411349e-03
1.758865104692044212e-01 -2.389695894922406680e-02
1.718372978386884797e-01 -4.128055639596599213e-02
1.660930312851817137e-01 -5.807731086333931675e-02
1.587323264490981267e-01 -7.412497678341571639e-02
1.498489221180012987e-01 -8.927134899069189000e-02
1.395504390181623589e-01 -1.033756169150080173e-01
1.279570251118342938e-01 -1.163095690153047035e-01
1.151999051191239937e-01 -1.279586390734318846e-01
1.014198524263623113e-01 -1.382227880281671761e-01
8.676560175000440356e-02 -1.470172170829552039e-01
7.139222090384148012e-02 -1.542729098400976717e-01
5.545945977810641525e-02 -1.599370031742674003e-01
3.913009419500512731e-02 -1.639729884362715051e-01
2.256828167176254049e-02 -1.663607463531860675e-01
5.937945316910129244e-03 -1.670964206449438993e-01
-1.059879887257377494e-02 -1.661921368944647981e-01
-2.688315713608221622e-02 -1.636755745755412161e-01
-4.276110252033066272e-02 -1.595894013498209418e-01
-5.808473721102037912e-02 -1.539905797841223667e-01
-7.271356229715281172e-02 -1.469495575076445459e-01
-8.651564604237092782e-02 -1.385493525238541690e-01
-9.936868316390803924e-02 -1.288845459150997630e-01
-1.111609445290945158e-01 -1.180601906922192496e-01
-1.217920941858492007e-01 -1.061906587235044441e-01
-1.311738858297435417e-01 -9.339843738607972456e-02
-1.392307457485904010e-01 -7.981287658060076673e-02
-1.459002239333259121e-01 -6.556890901801164240e-02
-1.511333200894660334e-01 -5.080575340192958894e-02
-1.548946861531367292e-01 -3.566561217094347397e-02
-1.571627079226629031e-01 -2.029237491518743122e-02
-1.579294693232585756e-01 -4.830337956802040027e-03
-1.572006036249237182e-01 1.057705010035292492e-02
-1.549950366307633054e-01 2.578840777504669279e-02
-1.513446274451873963e-01 4.066559674891411652e-02
-1.462937129212822096e-01 5.507484699887348761e-02
-1.398985622782857319e-01 6.888782425556591593e-02
-1.322267486792937097e-01 8.198263379059100853e-02
-1.233564447731192310e-01 9.424475528528813983e-02
-1.133756493407656052e-01 1.055679042560134645e-01
-1.023813522552167038e-01 1.158548161980269137e-01
-9.047864497274082929e-02 1.250179502566566292e-01
-7.777978373451624461e-02 1.329801098365094025e-01
-6.440321257900198659e-02 1.396749781149490832e-01
-5.047255315777764845e-02 1.450475669343012641e-01
-3.611556821984886201e-02 1.490545780092893680e-01
-2.146310549024517400e-02 1.516646758045112342e-01
-6.648028525835937563e-03 1.528586718150643509e-01
8.195864524293836398e-03 1.526296184347727403e-01
2.293491028834451079e-02 1.509828160239520545e-01
3.743664469272101752e-02 1.479357365542762481e-01
5.157086694090255025e-02 1.435178568550899703e-01
6.521067967309611413e-02 1.377704071621333182e-01
7.823350519871553888e-02 1.307460358618143526e-01
9.052207192019512405e-02 1.225083921875691345e-01
1.019653651089027779e-01 1.131316289091794103e-01
1.124595362282349298e-01 1.026998273586914173e-01
1.219087650307013049e-01 9.130634746291149684e-02
1.302260686913110366e-01 7.905310580635821482e-02
1.373340522860430624e-01 6.604978513284508190e-02
1.431655949894138913e-01 5.241297911006238819e-02
1.476644664573925347e-01 3.826527662967427190e-02
1.507858679895645038e-01 2.373429039410335922e-02
1.524968932358524987e-01 8.951635047368292769e-03
1.527769034363177236e-01 -5.948139363445672720e-03
1.516178124650769121e-01 -2.082865226323767083e-02
1.490242772979101793e-01 -3.555282887169214368e-02
1.450137899434487121e-01 -4.998406052820077161e-02
1.396166673744031750e-01 -6.398738102534333450e-02
1.328759365712145479e-01 -7.743065042918563512e-02
1.248471124473728155e-01 -9.018573736787355299e-02
1.155978671633011157e-01 -1.021296903168100179e-01
1.052075901521948992e-01 -1.131458880116268245e-01
9.376683460727242014e-02 -1.231251585781958646e-01
8.137666531622719801e-02 -1.319668555444562796e-01
6.814790081959375134e-02 -1.395798849259375085e-01
5.420024387310920511e-02 -1.458836691178605760e-01
3.966131827796794129e-02 -1.508090366212924971e-01
2.466561318873405559e-02 -1.542990280099277856e-01
9.353341593209165208e-03 -1.563096080527643372e-01
-6.130779184369947524e-03 -1.568102743610771954e-01
-2.163881596669887247e-02 -1.557845535205988619e-01
-3.702096710031863025e-02 -1.532303764031396343e-01
-5.212695758397533491e-02 -1.491603252252096112e-01
-6.680746982933304101e-02 -1.436017459313475853e-01
-8.091559704817873067e-02 -1.365967206212483631e-01
-9.430830548149653214e-02 -1.282018960044096489e-01
-1.068478910320947994e-01 -1.184881652434609800e-01
-1.184034153498308151e-01 -1.075402020248458768e-01
-1.288521060615407110e-01 -9.545584725811818994e-02
-1.380807056495080842e-01 -8.234535043575144653e-02
-1.459867534737208927e-01 -6.833046936514695913e-02
-1.524797856131260565e-01 -5.354343369287454385e-02
-1.574824375759327766e-01 -3.812577935616705965e-02
-1.609314355024612508e-01 -2.222706279531544427e-02
-1.627784622570569439e-01 -6.003465419132224083e-03
-1.629908857762102925e-01 1.038369959007274732e-02
-1.615523382032539867e-01 2.676956453973120681e-02
-1.584631330219675727e-01 4.298735422383727356e-02
-1.537405194520717333e-01 5.887008321318439041e-02
-1.474187624948694042e-01 7.425229051543903724e-02
-1.395490375086122226e-01 8.897179280585969241e-02
-1.301991441499230906e-01 1.028714346396157886e-01
-1.194530361084149145e-01 1.158008173826511333e-01
-1.074101676655773857e-01 1.276179870651977799e-01
-9.418466028863622941e-02 1.381910613140787947e-01
-7.990429467421245047e-02 1.473997757183636570e-01
-6.470933585662645704e-02 1.551369304326751797e-01
-4.875120116220255095e-02 1.613097185249953991e-01
-3.219098289415429220e-02 1.658409185291706278e-01
-1.519783964288312639e-02 1.686699348608726723e-01
2.052727995418595925e-03 1.697536711903734064e-01
1.938069977140949307e-02 1.690672235233994236e-01
3.660343712587492415e-02 1.666043816063878524e-01
5.353764308539865624e-02 1.623779293251969291e-01
7.000135914000381321e-02 1.564197369841971996e-01
8.581597664593233754e-02 1.487806407103375861e-01
1.008082396735646563e-01 1.395301066963313408e-01
1.148122158746825994e-01 1.287556805484673939e-01
1.276712118854861910e-01 1.165622246058786032e-01
1.392396100189415287e-01 1.030709487161794446e-01
1.493846035351566737e-01 8.841824255308625147e-02
1.579878086105345747e-01 7.275432011033755586e-02
1.649467315633768860e-01 5.624168902870557013e-02
1.701760739491302854e-01 3.905346185154185551e-02
1.736088567994329979e-01 2.137152510406406872e-02
1.751973466272258029e-01 3.384585456022330859e-03
1.749137716129790243e-01 -1.471388413628633811e-02
1.727508161585448732e-01 -3.272777593958581949e-02
1.687218851350381077e-01 -5.046053236078301696e-02
1.628611318453728751e-01 -6.771735903476086560e-02
1.552232465320353971e-01 -8.430744015752685006e-02
1.458830051512474413e-01 -1.000461297694192481e-01
1.349345810691987280e-01 -1.147570926508491018e-01
1.224906252766569392e-01 -1.282743687838498736e-01
1.086811236266115588e-01 -1.404443359572709049e-01
9.365204243717627219e-02 -1.511275460480830668e-01
7.756377653070599398e-02 -1.602004117877318112e-01
6.058941636292607819e-02 -1.675567224080957429e-01
4.291285329728915937e-02 -1.731089684393765371e-01
2.472674426626168473e-02 -1.767894580810308869e-01
6.230359001805939496e-03 -1.785512099616332615e-01
-1.237266531611009440e-02 -1.783686097157270167e-01
-3.087663577619243621e-02 -1.762378206034040939e-01
-4.907615455244285219e-02 -1.721769413468944299e-01
-6.676848084331878097e-02 -1.662259074208446152e-01
-8.375587559261842008e-02 -1.584461351703057019e-01
-9.984790064451409819e-02 -1.489199113024472776e-01
-1.148636452019094478e-01 -1.377495342201680018e-01
-1.286338501118985955e-01 -1.250562133565423228e-01
-1.410029043688074413e-01 -1.109787407650546370e-01
-1.518306915353335729e-01 -9.567195086410647253e-02
-1.609942605514256553e-01 -7.930498328887715387e-02
-1.683893005237265261e-01 -6.205936978812993943e-02
-1.739314007528982853e-01 -4.412696747183835616e-02
-1.775570798199813116e-01 -2.570776273410919910e-02
-1.792245703363500586e-01 -7.007571896495203359e-03
-1.789143489297545520e-01 1.176433398465921709e-02
-1.766294041536973503e-01 3.039765164661054064e-02
-1.723952382291231433e-01 4.868348628495186570e-02
-1.662596018146320909e-01 6.641678082427188157e-02
-1.582919643116722785e-01 8.339870430733321849e-02
-1.485827255013752179e-01 9.943897033335596936e-02
-1.372421775369771502e-01 1.143580572648725396e-01
-1.243992294378933328e-01 1.279893030733576242e-01
-1.101999092075324760e-01 1.401808491925601308e-01
-9.480566148772517909e-02 1.507974095766241585e-01
-7.839146123138961142e-02 1.597218432947057065e-01
-6.114376618787697309e-02 1.668565114077117939e-01
-4.325833302178633266e-02 1.721244015351089396e-01
-2.493792359908494558e-02 1.754700063962382206e-01
-6.389929351449082431e-03 1.768599456640733425e-01
1.217605734741152024e-02 1.762833236602915077e-01
3.055069674463223306e-02 1.737518212452127675e-01
4.852734690989191080e-02 1.692995126867927747e-01
6.590447069684877979e-02 1.629824166750341030e-01
8.248798036746705920e-02 1.548777918126764130e-01
9.809348736669179503e-02 1.450831775151052438e-01
1.125484309353679546e-01 1.337151953082878209e-01
1.256940599008356807e-01 1.209081256658270792e-01
1.373872438661635220e-01 1.068122782892228645e-01
1.475020921994689704e-01 9.159217626513088684e-02
1.559313616752537324e-01 7.542457679732578191e-02
1.625876363077164710e-01 5.849635318035274756e-02
1.674042658060157507e-01 4.100226433157810185e-02
1.703360521352972334e-01 2.314263950795313052e-02
1.713596768447747387e-01 5.121006787275321319e-03
1.704738650834938807e-01 -1.285830552018833207e-02
1.676992855229045842e-01 -3.059256515146463115e-02
1.630781886999694841e-01 -4.788300064639725018e-02
1.566737895423811755e-01 -6.453710589729139135e-02
1.485694029965023144e-01 -8.037085670781497770e-02
1.388673447081550383e-01 -9.521081282250441757e-02
1.276876115675676659e-01 -1.088960804658944820e-01
1.151663595863030853e-01 -1.212801123171526885e-01
1.014541989923683912e-01 -1.322323240159134772e-01
8.671432857984105735e-02 -1.416395087178829726e-01
7.112053320483632812e-02 -1.494070338616493021e-01
5.485506866436904577e-02 -1.554598114775052053e-01
3.810646215753357713e-02 -1.597430183214542387e-01
2.106725868240029789e-02 -1.622225686651234122e-01
3.931735680537702150e-03 -1.628853445571925018e-01
-1.310638335274860213e-02 -1.617391693638358663e-01
-2.985618855531401231e-02 -1.588125315817809080e-01
-4.613178935807937114e-02 -1.541540645217456540e-01
-6.175443971300198509e-02 -1.478317904545562445e-01
-7.655455773195714297e-02 -1.399321406704188142e-01
-9.037361613655747750e-02 -1.305587655875297681e-01
-1.030658817624145462e-01 -1.198311515260198079e-01
-1.144999844643604797e-01 -1.078830630066919261e-01
-1.245602981017422811e-01 -9.486083141415996289e-02
-1.331481188123722348e-01 -8.092151255760172968e-02
-1.401826284750131713e-01 -6.623093705021435018e-02
-1.456016340765323991e-01 -5.096167849568991604e-02
-1.493620766029497282e-01 -3.529096520617069216e-02
-1.514403060246438115e-01 -1.939856157522977173e-02
-1.518321219058510196e-01 -3.464645290084797033e-03
-1.505525820984829066e-01 1.233229370736893538e-02
-1.476355848422230277e-01 2.781750720339555560e-02
-1.431332323502616244e-01 4.282197124983101039e-02
-1.371149865781144395e-01 5.718427408457019134e-02
-1.296666303192667291e-01 7.075238776139018693e-02
-1.208890490160990927e-01 8.338530356980529412e-02
-1.108968506869092430e-01 9.495451895055233293e-02
-9.981684051348514719e-02 1.053453430910686467e-01
-8.778637743154039941e-02 1.144580187627700918e-01
-7.495163059586039400e-02 1.222086617350529036e-01
-6.146575715417004759e-02 1.285299922364023795e-01
-4.748702599432512439e-02 1.333718582954623588e-01
-3.317691113512685058e-02 1.367015479981227577e-01
-1.869817841683804258e-02 1.385038903789331532e-01
-4.212988830370366193e-03 1.387811473064808621e-01
1.011895878676175899e-02 1.375527012886595124e-01
2.414222385133395557e-02 1.348545465825160550e-01
3.770733825178567561e-02 1.307385933140172707e-01
5.067241940221513252e-02 1.252717964674491258e-01
6.290466447536265104e-02 1.185351235668026526e-01
7.428170997549379817e-02 1.106223766199553316e-01
8.469284279932379200e-02 1.016388854115691798e-01
9.404005105962967570e-02 9.170009049678373714e-02
1.022389051812311878e-01 8.093003525297703948e-02
1.092192620908920414e-01 6.945978708287889325e-02
1.149257876792655619e-01 5.742580832472585911e-02
1.193182950821373850e-01 4.496829761334469877e-02
1.223718986782428991e-01 3.222952235320677983e-02
1.240769860010674935e-01 1.935216261736574794e-02
1.244390119827712415e-01 6.477686185030484718e-03
1.234781220619153574e-01 -6.255226411158627126e-03
1.212286142728258298e-01 -1.871219512728737946e-02
1.177382429451408474e-01 -3.076455766482966148e-02
1.130673863499868648e-01 -4.229068566990751288e-02
1.072880908825185609e-01 -5.317720074324031737e-02
1.004830000958722575e-01 -6.332006028918633900e-02
9.274418723983191004e-02 -7.262550891113150886e-02
8.417190778943445251e-02 -8.101088741948532512e-02
7.487328900623113626e-02 -8.840529350402043240e-02
6.496097389667114530e-02 -9.475009013179934436e-02
5.455173701988115520e-02 -9.999925973777853971e-02
4.376508945599660166e-02 -1.041196042504753810e-01
3.272188988423437722e-02 -1.070907929139927328e-01
2.154297814804458089e-02 -1.089052617058282879e-01
1.034784691653033162e-02 -1.095679698846679373e-01
-7.466338971233414537e-04 -1.090960208131775133e-01
-1.162742641010185499e-02 -1.075181556693725060e-01
-2.218645544009338610e-02 -1.048741299707065117e-01
-3.232164964776803456e-02 -1.012139839744509440e-01
-4.193788370061628940e-02 -9.659721897591150297e-02
-5.094781355475817147e-02 -9.109189229507219654e-02
-5.927259855056337540e-02 -8.477364431782097309e-02
-6.684250564512715653e-02 -7.772467133835481157e-02
-7.359739273648260860e-02 -7.003265813585461685e-02
-7.948706964818082199e-02 -6.178968421499014124e-02
-8.447153691680159282e-02 -5.309111745280883921e-02
-8.852110716795284773e-02 -4.403450283004622240e-02
-9.161640003461499204e-02 -3.471847493476260677e-02
-9.374822790910326831e-02 -2.524169894791086430e-02
-9.491738089614432106e-02 -1.570183697050536384e-02
-9.513430681178539072e-02 -6.194566797393218603e-03
-9.441869829738597231e-02 3.187342289575628793e-03
-9.279899558738365084e-02 1.235488840627227414e-02
-9.031181414191337409e-02 2.122362349997664738e-02
-8.700130687453531964e-02 2.971436142076582312e-02
-8.291847107018722463e-02 3.775380296156034127e-02
-7.812041030031879885e-02 4.527507444562470229e-02
-7.266956170454506869e-02 5.221817767543762701e-02
-6.663289892676597936e-02 5.853035026179172207e-02
-6.008112077622945052e-02 6.416633651048564424e-02
-5.308783533993402526e-02 6.908857014108889250e-02
-4.572874881315355106e-02 7.326727113458209040e-02
-3.808086775217482678e-02 7.668045994256447728e-02
-3.022172280106203562e-02 7.931389313035634714e-02
-2.222862121681468128e-02 8.116092526181324651e-02
-1.417793472965532889e-02 8.222230245912895419e-02
-6.144428442671840546e-03 8.250589358248369698e-02
1.799364386980727322e-03 8.202636537029321662e-02
9.583717719477944513e-03 8.080480816117524556e-02
1.714223516646405307e-02 7.886831898564200527e-02
2.441231725963169050e-02 7.624954887283218186e-02
3.133557631867081583e-02 7.298621649190020766e-02
3.785818353091049970e-02 6.912060704609201967e-02
4.393116207980602567e-02 6.469905855581266352e-02
4.951063278212261554e-02 5.977142863139470186e-02
5.455799987318509653e-02 5.439056076171713827e-02
5.904008404645553348e-02 4.861175179981769984e-02
6.292920519296121840e-02 4.249222545684318286e-02
6.620321766837149180e-02 3.609061610065152081e-02
6.884550121520599530e-02 2.946646661881383022e-02
7.084491088511378487e-02 2.267974355947633205e-02
7.219568944338845828e-02 1.579037221891051862e-02
7.289734579833744010e-02 8.857793812380504103e-03
7.295450298660698107e-02 1.940546355193515250e-03
7.237671916814979178e-02 -4.904129597519716992e-03
7.117828494831138220e-02 -1.162065964270691740e-02
6.937800015752443317e-02 -1.815547833625932514e-02
6.699893299009547498e-02 -2.445734613953795891e-02
6.406816414173628627e-02 -3.047764081625072008e-02
6.061651830039393313e-02 -3.617062381835219748e-02
5.667828504622908492e-02 -4.149368236848274827e-02
5.229093091381523117e-02 -4.640754805647141074e-02
4.749480407205620286e-02 -5.087649282029635400e-02
4.233283279372188762e-02 -5.486850318060696591e-02
3.685021862499883449e-02 -5.835543354667576538e-02
3.109412493335629579e-02 -6.131313931579555204e-02
2.511335680075485119e-02 -6.372158692133399194e-02
1.895804788627994050e-02 -6.556494957935979362e-02
1.267934152256405822e-02 -6.683168752778735622e-02
6.329058949436118520e-03 -6.751460221409691376e-02
-4.063058222588262065e-05 -6.761087366253487607e-02
-6.377542843739010883e-03 -6.712207830960931210e-02
-1.262981453036264405e-02 -6.605418671748074233e-02
-1.874624163086779927e-02 -6.441754039594625725e-02
-2.467661968966690378e-02 -6.222680681133163638e-02
-3.037208517390882143e-02 -5.950091154188365261e-02
-3.578545691369463405e-02 -5.626294646055476911e-02
-4.087157631415484077e-02 -5.254005279279456986e-02
-4.558764475104188502e-02 -4.836327791348483257e-02
-4.989355626490288298e-02 -4.376740481667034527e-02
-5.375222337139284878e-02 -3.879075331618742073e-02
-5.712989351573657948e-02 -3.347495221537426929e-02
-5.999645342674474885e-02 -2.786468191909082306e-02
-6.232571837895992811e-02 -2.200738724925455081e-02
-6.409570315902902993e-02 -1.595296056272359556e-02
-6.528887136237959687e-02 -9.753395653065441775e-03
-6.589235952614266867e-02 -3.462413339752385202e-03
-6.589817254065832852e-02 2.864939897248867592e-03
-6.530334678048217711e-02 9.172718400513575274e-03
-6.411007746112175332e-02 1.540452660393820151e-02
-6.232580686312708118e-02 2.150398825397864533e-02
-5.996326599711902100e-02 2.741522989692003753e-02
-5.704048092142502413e-02 3.308337998877324687e-02
-5.358072995230916263e-02 3.845507974827114955e-02
-4.961244219414383955e-02 4.347899295456586488e-02
-4.516904938726925417e-02 4.810631579390850510e-02
-4.028878530231868454e-02 5.229128001875654741e-02
-3.501443222783563736e-02 5.599164374250577281e-02
-2.939301474817436477e-02 5.916916400087818273e-02
-2.347544169655121221e-02 6.179004509740340656e-02
-1.731609788380319634e-02 6.382535672143746508e-02
-1.097238793611423138e-02 6.525141588753270716e-02
-4.504235313175238009e-03 6.605012689802823578e-02
2.026459690022592436e-03 6.620927377830353178e-02
8.556398441645528957e-03 6.572275997649722201e-02
1.502149377394603781e-02 6.459079055524334645e-02
2.135750525078569662e-02 6.281999262915266558e-02
2.750069348339499037e-02 6.042347041373968136e-02
3.338848656060442593e-02 5.742079194301265288e-02
3.896015122218454002e-02 5.383790527628642963e-02
4.415746105396816529e-02 4.970698284079041324e-02
4.892535372975129193e-02 4.506619343482251572e-02
5.321256917496978295e-02 3.995940233490058446e-02
5.697226048674906146e-02 3.443580089695852386e-02
6.016256951845047607e-02 2.854946800265260182e-02
6.274715922696180725e-02 2.235886666320884703e-02
6.469569148278067616e-02 1.592628172476994938e-02
6.598425522371477447e-02 9.317200456421035823e-03
6.659572897086792065e-02 2.599641013765761292e-03
6.652006500388855936e-02 -4.156558081349687704e-03
6.575450167407063951e-02 -1.088048410816608649e-02
6.430369545708422563e-02 -1.750092288294089957e-02
6.217976928514706847e-02 -2.394714921824082215e-02
5.940227470044223690e-02 -3.014972580308724823e-02
5.599806643390508459e-02 -3.604130086095196084e-02
5.200108912218020379e-02 -4.155739472675541030e-02
4.745207701559207153e-02 -4.663716539900752273e-02
4.239816868555839474e-02 -5.122414317336670270e-02
3.689243989467039242e-02 -5.526692465154218331e-02
3.099335892997519271e-02 -5.871981674501663973e-02
2.476416980303515133e-02 -6.154342175479830118e-02
1.827220977254615311e-02 -6.370515520259217856e-02
1.158816863049391688e-02 -6.517968880962089762e-02
4.785298095566087491e-03 -6.594931185899495507e-02
-2.061419536695327601e-03 -6.600420512635346570e-02
-8.876133642092122120e-03 -6.534262261000503558e-02
-1.558300799627495084e-02 -6.397097742283350263e-02
-2.210711312503683967e-02 -6.190382940920970134e-02
-2.837531711864068815e-02 -5.916377330521564032e-02
-3.431716360107535391e-02 -5.578122755270305266e-02
-3.986572554627895726e-02 -5.179412518934950471e-02
-4.495842067345972443e-02 -4.724751099057350467e-02
-4.953778773200269436e-02 -4.219304596858218515e-02
-5.355220539560284071e-02 -3.668842365356821122e-02
-5.695653837309205825e-02 -3.079670999728548186e-02
-5.971271159219726510e-02 -2.458561084917218129e-02
-6.179020095934474599e-02 -1.812667636962082482e-02
-6.316643359087079079e-02 -1.149445199028983379e-02
-6.382709153312220163e-02 -4.765586349132467335e-03
-6.376631420672622397e-02 1.982092687359237639e-03
-6.298679610779107929e-02 8.670522261638021963e-03
-6.149977765865674573e-02 1.522235698234233187e-02
-5.932492850457372902e-02 2.156191733531753751e-02
-5.649012398108883837e-02 2.761612172233627455e-02
-5.303111691011772044e-02 3.331538990993680033e-02
-4.899110830051917054e-02 3.859450594816254271e-02
-4.442022191134731290e-02 4.339342906308354952e-02
-3.937488896300531810e-02 4.765804163325618181e-02
-3.391715053402575425e-02 5.134082412174700155e-02
-2.811388634082348167e-02 5.440144774276690909e-02
-2.203597964730714259e-02 5.680727668392775848e-02
-1.575742897492398917e-02 5.853377286813226527e-02
-9.354418067453035973e-03 5.956479750780927646e-02
-2.904356196453015179e-03 5.989280506164151863e-02
3.515098637425587928e-03 5.951892663166709341e-02
9.827020752934366443e-03 5.845294131711512020e-02
1.595618638728371272e-02 5.671313701736216406e-02
2.183002788721533083e-02 5.432605904495801247e-02
2.737955265651313697e-02 5.132614923706101812e-02
3.254020980560139165e-02 4.775528521504228407e-02
3.725270148332831405e-02 4.366222188647685132e-02
4.146372494904193573e-02 3.910194327887823312e-02
4.512663534997314596e-02 3.413493323793308915e-02
4.820202021829372158e-02 2.882637465894542783e-02
5.065817788141411399e-02 2.324528792694351489e-02
5.247149327215983039e-02 1.746362010348388380e-02
5.362670601475136301e-02 1.155529710362631496e-02
5.411706712880379883e-02 5.595251644041195245e-03
5.394438221647659959e-02 -3.415598956783788640e-04
5.311894055613988752e-02 -6.181138377655171975e-03
5.165933109751711522e-02 -1.185140726240239625e-02
4.959214791599173000e-02 -1.728314929698218302e-02
4.695158921539476643e-02 -2.241090179194153015e-02
4.377895544723129501e-02 -2.717379830200545437e-02
4.012205351873517067e-02 -3.151634525580212370e-02
3.603451537210558553e-02 -3.538912297309474569e-02
3.157504041376564541e-02 -3.874940155193393188e-02
2.680657233807273720e-02 -4.156166328847168967e-02
2.179542180899586568e-02 -4.379802459253104296e-02
1.661034722225933347e-02 -4.543855176421895958e-02
1.132160635802419331e-02 -4.647146648120319828e-02
5.999994706881048301e-03 -4.689323993171311267e-02
7.158753874839155450e-04 -4.670857109951477570e-02
-4.461778963483531250e-03 -4.593024974895679180e-02
-9.466314618103804229e-03 -4.457891145244198550e-02
-1.423429075779224055e-02 -4.268268430737155728e-02
-1.870632376333175237e-02 -4.027673351055841011e-02
-2.282787008699679876e-02 -3.740271048941880977e-02
-2.654993687965584090e-02 -3.410811463547946953e-02
-2.982971058126132266e-02 -3.044557691806806798e-02
-3.263109485930112269e-02 -2.647207575654153544e-02
-3.492515057994696748e-02 -2.224809648196686418e-02
-3.669043190224693246e-02 -1.783674650980169099e-02
-3.791321407668200166e-02 -1.330283896216599704e-02
-3.858761008436540491e-02 -8.711957912577126054e-03
-3.871557484972346780e-02 -4.129518670982366448e-03
-3.830679737465267354e-02 3.801634212558713710e-04
-3.737848275255414854e-02 4.754782359109345491e-03
-3.595502760297181882e-02 8.934916011739566996e-03
-3.406759399884495138e-02 1.286485336024697536e-02
-3.175358841636005680e-02 1.649336266793708858e-02
-2.905605360078013233e-02 1.977438968897839155e-02
-2.602298249053747181e-02 2.266767605248436526e-02
-2.270656445803119483e-02 2.513928913331527071e-02
-1.916237509257043975e-02 2.716205602132662489e-02
-1.544852155451999567e-02 2.871589560858660642e-02
-1.162475869248107488e-02 2.978804580795273160e-02
-7.751580620522959507e-03 3.037317961057315469e-02
-3.889307907418113140e-03 3.047340859292818616e-02
-9.718815432427615531e-05 3.009817921336445379e-02
3.567484871862289502e-03 2.926405984302677538e-02
7.050217790013000446e-03 2.799442291312366493e-02
1.030011742705177341e-02 2.631902722208328757e-02
1.327063220191343311e-02 2.427350690925524079e-02
1.592022423893468125e-02 2.189877496934363246e-02
1.821296241448461598e-02 1.924035043356691482e-02
2.011902772082967486e-02 1.634761946116840975e-02
2.161512363835306483e-02 1.327304155179285378e-02
2.268478562222661643e-02 1.007131289104678216e-02
2.331858531176039459e-02 6.798499466345005529e-03
2.351422663790794440e-02 3.511153028535406173e-03
2.327653261379744598e-02 2.654232201465483261e-04
2.261732322102105036e-02 -2.883820760392839886e-03
2.155518642677999031e-02 -5.883845738463751480e-03
2.011514595992703464e-02 -8.684874511802125399e-03
1.832823101395998980e-02 -1.124085782870767360e-02
1.623095450929482736e-02 -1.351018677588934451e-02
1.386470791398163906e-02 -1.545633484785786764e-02
1.127508187113817305e-02 -1.704842002155383326e-02
8.511122994146630774e-03 -1.826167835619207577e-02
5.624538150474398673e-03 -1.907784196160228901e-02
2.668860799421671551e-03 -1.948541693887496234e-02
-3.014159673066274569e-04 -1.947985419094064308e-02
-3.231720085065714013e-03 -1.906361018440762625e-02
-6.068277201998000317e-03 -1.824610126810688807e-02
-8.758977784144979239e-03 -1.704354871418424858e-02
-1.125421869862962276e-02 -1.547871748122138860e-02
-1.350770640182868444e-02 -1.358055257048980217e-02
-1.547720941850136249e-02 -1.138371839203707221e-02
-1.712524854119798837e-02 -8.928048024731566681e-03
-1.841971409625963937e-02 -6.257910621779089362e-03
-1.933440070006669023e-02 -3.421506460161153045e-03
-1.984945115124653672e-02 -4.701002402375915271e-04
-1.995170245349416061e-02 2.542795806266893565e-03
-1.963492841974372877e-02 5.562276659897472282e-03
-1.889997485030818491e-02 8.532924169071689699e-03
-1.775478488264203500e-02 1.139969826970630568e-02
-1.621431375493299562e-02 1.410882621044168110e-02
-1.430033388554049004e-02 1.660867621588223153e-02
-1.204113282083787463e-02 1.885060221300240493e-02
-9.471108220861203242e-03 2.078974663810812668e-02
-6.630265611320504404e-03 2.238578892814509572e-02
-3.563626108786956299e-03 2.360362807245103278e-02
-3.205527012084342432e-04 2.441398854828283338e-02
3.045995082244408458e-03 2.479394007204868688e-02
6.480267168438674091e-03 2.472732285213199988e-02
9.924575511874759309e-03 2.420507256727044004e-02
1.332018780484931289e-02 2.322543713808687682e-02
1.660824329820854636e-02 2.179408108524900564e-02
1.973067322392826201e-02 1.992407930406220329e-02
2.263111894360348916e-02 1.763579668835386569e-02
2.525583156226818282e-02 1.495665535287076658e-02
2.755453937376900128e-02 1.192079226155950272e-02
2.948126991894765153e-02 8.568611710796010875e-03
3.099511404942856263e-02 4.946238698427594775e-03
3.206092018940789878e-02 1.104880707976842657e-03
3.264990796424893649e-02 -2.899893169699469496e-03
3.274019150405681200e-02 -7.008945588328556811e-03
3.231720401648192909e-02 -1.116042546127212105e-02
3.137401663729488116e-02 -1.529067136983010278e-02
2.991154608942718854e-02 -1.933515081200929894e-02
2.793864728920479601e-02 -2.322942164453345448e-02
2.547208870910656897e-02 -2.691010167412024104e-02
2.253641001531251492e-02 -3.031583216130106020e-02
1.916366322069759306e-02 -3.338822101466662473e-02
1.539304030470287077e-02 -3.607275167574949121e-02
1.127039192569269377e-02 -3.831964412212004317e-02
6.847643464473077667e-03 -4.008465504296406662e-02
2.182116165970133907e-03 -4.132980505883172145e-02
-2.664237432786295805e-03 -4.202402185402426271e-02
-7.625673307212138888e-03 -4.214368925216322587e-02
-1.263355755950290593e-02 -4.167309473955780469e-02
-1.761732325747105907e-02 -4.060476553152342349e-02
-2.250546408675773921e-02 -3.893968764538310173e-02
-2.722654783235389786e-02 -3.668740776897751882e-02
-3.171024100159893638e-02 -3.386601246749720157e-02
-3.588832792845803726e-02 -3.050198486295571665e-02
-3.969570972593488428e-02 -2.662993995869114561e-02
-4.307136866894785421e-02 -2.229224152615795831e-02
-4.595928401315917122e-02 -1.753850518007319531e-02
-4.830928588043937461e-02 -1.242499391603232688e-02
-5.007783466027402458e-02 -7.013913948178640730e-03
-5.122871437707417208e-02 -1.372620140786182585e-03
-5.173362964203510883e-02 4.427258344398505262e-03
-5.157269712839778614e-02 1.031076038281909801e-02
-5.073482396204133382e-02 1.620059038587294206e-02
-4.921796698469962233e-02 2.201815730973274293e-02
-4.702926850250979673e-02 2.768464087580838756e-02
-4.418506585453815805e-02 3.312207026126408327e-02
-4.071077389988857903e-02 3.825440028262328679e-02
-3.664064130290494575e-02 4.300857007151115408e-02
-3.201738326848098393e-02 4.731552942956270685e-02
-2.689169511833269452e-02 5.111121844697728150e-02
-2.132165277952792481e-02 5.433748657065770593e-02
-1.537200785472294697e-02 5.694293810493894492e-02
-9.113386436670771820e-03 5.888369210937931947e-02
-2.621403605176505711e-03 6.012404727807523636e-02
4.024299636356537188e-03 6.063703844341133964e-02
1.074107957309851369e-02 6.040487771882396134e-02
1.744435753660364408e-02 5.941927793821040471e-02
2.404872246817603768e-02 5.768164930154036363e-02
3.046905170621096517e-02 5.520316712607107462e-02
3.662163484659552298e-02 5.200470926618303708e-02
4.242528545272174212e-02 4.811666355269381135e-02
4.780242553063210331e-02 4.357860738613031359e-02
5.268012803314675585e-02 3.843886337279540238e-02
5.699110320940542485e-02 3.275393659293886900e-02
6.067461536507796904e-02 2.658784071317431275e-02
6.367731753281048734e-02 2.001132167785657501e-02
6.595399265889741180e-02 1.310098911524508296e-02
6.746819117490608642e-02 5.938366854576422257e-03
6.819275622410031490e-02 -1.391124947685524115e-03
6.811022933214165576e-02 -8.799242645233651752e-03
6.721313092819468371e-02 -1.619603273258225090e-02
6.550411181344782674e-02 -2.349097155112611635e-02
6.299597341544539708e-02 -3.059411600791184238e-02
5.971155643413538633e-02 -3.741725010656510308e-02
5.568349925448749099e-02 -4.387501216012184430e-02
5.095386924635020298e-02 -4.988598783233169631e-02
4.557367177077173426e-02 -5.537375463272700693e-02
3.960224333988870277e-02 -6.026786416397120899e-02
3.310653817928719406e-02 -6.450475131486961555e-02
2.616031277356672957e-02 -6.802855302517617220e-02
1.884322406181601975e-02 -7.079182839094728952e-02
1.123985434258614226e-02 -7.275617619965610294e-02
3.438671341231625770e-03 -7.389273609341713567e-02
-4.469061259847916488e-03 -7.418256874007349289e-02
-1.239040862471274193e-02 -7.361691032490939868e-02
-2.023191028494608287e-02 -7.219729835440291676e-02
-2.790073154859904619e-02 -6.993556747376818150e-02
-3.530580595486842999e-02 -6.685371571830890647e-02
-4.235895411975314218e-02 -6.298364332110684138e-02
-4.897596470120436224e-02 -5.836676786301572828e-02
-5.507762378476394050e-02 -5.305352115276873448e-02
-6.059067974310560628e-02 -4.710273474365134216e-02
-6.544873154348160305e-02 -4.058092240847502308e-02
-6.959302955186767725e-02 -3.356146918794205430e-02
-7.297317909555189885e-02 -2.612373778218438081e-02
-7.554773837916700652e-02 -1.835210405670124542e-02
-7.728470378337103097e-02 -1.033493426979737069e-02
-7.816187708996966133e-02 -2.163517289035713550e-03
-7.816711075073216886e-02 6.069034458137515832e-03
-7.729842892735050430e-02 1.426890126424962095e-02
-7.556402365454087389e-02 2.234267551609761190e-02
-7.298212709484079574e-02 3.019847011552556637e-02
-6.958076244018913947e-02 3.774700217229085691e-02
-6.539737908879438011e-02 4.490264131642603129e-02
-6.047837172570202924e-02 5.158440259448109771e-02
-5.487849644406329885e-02 5.771687533290712629e-02
-4.866019350831243817e-02 6.323108394734051896e-02
-4.189282075069614142e-02 6.806526297571627304e-02
-3.465181004446729607e-02 7.216553985015582151e-02
-2.701775803704918599e-02 7.548651796011027204e-02
-1.907546301980531100e-02 7.799175392098556259e-02
-1.091292033816582824e-02 7.965412438463408129e-02
-2.620289102138172524e-03 8.045607919036340538e-02
5.711156859514363547e-03 8.038977913693290400e-02
1.399008084755094285e-02 7.945711813687386660e-02
2.212612514844032249e-02 7.766963097424714468e-02
3.003093042808523128e-02 7.504828930608256621e-02
3.761912067433668266e-02 7.162318990762782389e-02
4.480924232920965866e-02 6.743314044473817936e-02
5.152464701803807778e-02 6.252514924719218548e-02
5.769430817266962830e-02 5.695382664000125938e-02
6.325356284459542067e-02 5.078070635327480015e-02
6.814477109579858416e-02 4.407349636421525191e-02
7.231788652319698363e-02 3.690526921875968147e-02
7.573093269923947268e-02 2.935360242881911164e-02
7.835038157844470552e-02 2.149967993972795241e-02
8.015143120917765651e-02 1.342736590945282395e-02
8.111818138356259589e-02 5.222262136530987989e-03
8.124370935919511538e-02 -3.029242646298930305e-03
8.053003865174235276e-02 -1.124091230007692038e-02
7.898801123006879421e-02 -1.932758415785063716e-02
7.663706926177711598e-02 -2.720606925388945399e-02
7.350494344570832062e-02 -3.479601335227054670e-02
6.962725633586251683e-02 -4.202071225119708570e-02
6.504704706806389847e-02 -4.880787315257033993e-02
5.981422466642304786e-02 -5.509031475799938682e-02
5.398495775652170647e-02 -6.080659969142263727e-02
4.762100904096827625e-02 -6.590159383969777795e-02
4.078902329717061515e-02 -7.032694823045129717e-02
3.355977793548690219e-02 -7.404150011563635780e-02
2.600740530886287705e-02 -7.701159098430472583e-02
1.820859599498727763e-02 -7.921130027411128760e-02
1.024179218310374700e-02 -8.062259457373333049e-02
2.186380095681617064e-03 -8.123539309427674215e-02
-5.878109932525591753e-03 -8.104755112442341147e-02
-1.387278750021740149e-02 -8.006476406032431159e-02
-2.172016258416759743e-02 -7.830039540721672742e-02
-2.934487522513699875e-02 -7.577523287702850330e-02
-3.667438793060374264e-02 -7.251717734800200432e-02
-4.363963495563170231e-02 -6.856087000341899718e-02
-5.017562334924798029e-02 -6.394726342324039137e-02
-5.622198140739848027e-02 -5.872314276301866809e-02
-6.172345094243530256e-02 -5.294060341852388496e-02
-6.663032365830659498e-02 -4.665648876750132928e-02
-7.089880878337628811e-02 -3.993180218558081696e-02
-7.449134020993113114e-02 -3.283109787680780350e-02
-7.737682719303771994e-02 -2.542184838264629695e-02
-7.953083846768087273e-02 -1.777380349610124463e-02
-8.093572419918253213e-02 -9.958344522016403244e-03
-8.158067704734393855e-02 -2.047839714970404578e-03
-8.146173414203014551e-02 5.884993621943794898e-03
-8.058172222281484443e-02 1.376771528361511732e-02
-7.895014858526537560e-02 2.152877188192549307e-02
-7.658304080028172089e-02 2.909808590755617874e-02
-7.350273843082627545e-02 3.640762036031235105e-02
-6.973764016388686593e-02 4.339191563236693971e-02
-6.532190990729430657e-02 4.998859578207532489e-02
-6.029514547496759441e-02 5.613884177581884849e-02
-5.470201350510614513e-02 6.178782969457485147e-02
-4.859185422949638400e-02 6.688513229435259777e-02
-4.201825964488950516e-02 7.138508267008090991e-02
-3.503862853632534746e-02 7.524709909695670440e-02
-2.771370167462489792e-02 7.843597040879317361e-02
-2.010708036361995299e-02 8.092210151786888295e-02
-1.228473135457661819e-02 8.268171888475261966e-02
-4.314480983014623572e-03 8.369703591027635725e-02
3.734498776189588455e-03 8.395637834712926795e-02
1.179220978937722819e-02 8.345426991840576569e-02
1.978835421517176341e-02 8.219147607082659401e-02
2.765285290679857233e-02 8.017501137361851549e-02
3.531636377920664704e-02 7.741811086267168240e-02
4.271080470391595135e-02 7.394015788744449924e-02
4.976986649948419994e-02 6.976657489059413797e-02
5.642951818256392027e-02 6.492867599253375477e-02
6.262850233403617628e-02 5.946348162316575370e-02
6.830881837595839667e-02 5.341349544525192394e-02
7.341619146979579125e-02 4.682644383438189228e-02
7.790052463824100049e-02 3.975497822528357289e-02
8.171633158650071227e-02 3.225634070864329128e-02
8.482314755981790189e-02 2.439199337131037204e-02
8.718591542855920473e-02 1.622721201943253672e-02
8.877534404743704644e-02 7.830645111364213651e-03
8.956823579891147469e-02 -7.261610433069049528e-04
8.954778011038090624e-02 -9.369269490274391779e-03
8.870380963843309263e-02 -1.802289060067540846e-02
8.703301574917085559e-02 -2.660994881008995824e-02
8.453911989923901249e-02 -3.505267574281106108e-02
8.123299754496102199e-02 -4.327322691802100441e-02
7.713275128372172607e-02 -5.119431878963057875e-02
7.226373006836746271e-02 -5.873988240874107591e-02
6.665849153685983464e-02 -6.583572952511518306e-02
6.035670476964286046e-02 -7.241022647071404528e-02
5.340499112879065063e-02 -7.839497070408241175e-02
4.585669716397700740e-02 -8.372546319405328730e-02
3.777161109262216349e-02 -8.834177258516109910e-02
2.921561250883430993e-02 -9.218918710671569761e-02
2.026024711826279398e-02 -9.521884199461305709e-02
1.098223970238912557e-02 -9.738831834107897212e-02
1.462942210660777946e-03 -9.866220595614581812e-02
-8.212281058714776191e-03 -9.901262301249935671e-02
-1.795472839843798712e-02 -9.841968523235360145e-02
-2.767309210356092009e-02 -9.687191746026030392e-02
-3.727424183240475586e-02 -9.436660065532415098e-02
-4.666405451819374828e-02 -9.091004763476953632e-02
-5.574828456716589969e-02 -8.651780131118702588e-02
-6.443346723883733307e-02 -8.121474968925268545e-02
-7.262784730423176016e-02 -7.503515252357827181e-02
-8.024232433323306990e-02 -6.802257528504473960e-02
-8.719140528765531584e-02 -6.022972693383426418e-02
-9.339415450665176921e-02 -5.171819894680473179e-02
-9.877513067957206794e-02 -4.255810408630402580e-02
-1.032653000213265698e-01 -3.282761451652145557e-02
-1.068029146085428538e-01 -2.261240005972008082e-02
-1.093343447117551825e-01 -1.200496862427014554e-02
-1.108148539784025027e-01 -1.103912113812215157e-03
-1.112093064904387946e-01 9.986937574684433272e-03
-1.104927950438678030e-01 2.115943655457188516e-02
-1.086511804783049651e-01 3.230213375941149573e-02
-1.056815289024986976e-01 4.330134395456088775e-02
-1.015924491342961589e-01 5.404227813245851553e-02
-9.640431524967103816e-02 6.441022441130095366e-02
-9.014935987435196418e-02 7.429176480371092739e-02
-8.287164383346301566e-02 8.357601474873661840e-02
-7.462689446004716620e-02 9.215587257544011202e-02
-6.548220989442678219e-02 9.992926475257944696e-02
-5.551562825871763501e-02 1.068003722981056836e-01
-4.481556221833012804e-02 1.126808234153600097e-01
-3.348010112504077457e-02 1.174908373008643481e-01
-2.161618465276793355e-02 1.211603041400251962e-01
-9.338653564875676327e-03 1.236297865779807381e-01
3.230815032943770270e-03 1.248514284265361401e-01
1.596487892158872032e-02 1.247897570451593774e-01
2.873179782920102371e-02 1.234223667119724033e-01
4.139678414153144526e-02 1.207404713741127011e-01
5.382342365742329854e-02 1.167493164273769590e-01
6.587515149465526798e-02 1.114684406113652382e-01
7.741676711549208556e-02 1.049317807042424583e-01
8.831597147995570718e-02 9.718761344377296885e-02
9.844490856642253152e-02 8.829833096903694223e-02
1.076816929398985850e-01 7.834004804839529712e-02
1.159119047118208762e-01 6.740204140991466752e-02
1.230300331323450624e-01 5.558602359500981749e-02
1.289408501947270635e-01 4.300525588739543409e-02
1.335606934886470476e-01 2.978350646473534521e-02
1.368186481443950664e-01 1.605386531763465172e-02
1.386576067211978958e-01 1.957422804410286540e-03
1.390351856960366506e-01 -1.235817480264970319e-02
1.379244918708676104e-01 -2.674027592844624088e-02
1.353147236545092502e-01 -4.103286526209939944e-02
1.312115962957607351e-01 -5.507827846091890855e-02
1.256375820968922141e-01 -6.871897084884501239e-02
1.186319587505864082e-01 -8.179931986102123576e-02
1.102506611939815528e-01 -9.416744011770390721e-02
1.005659347335383230e-01 -1.056769893965352342e-01
8.966578963482590980e-02 -1.161889434260626741e-01
7.765325986104426592e-02 -1.255733173555649562e-01
6.464547115096228036e-02 -1.337108119734488343e-01
5.077252611783375502e-02 -1.404943632516648389e-01
3.617621649220639085e-02 -1.458305745857027824e-01
2.100857498985979344e-02 -1.496410121738437071e-01
5.430281528446852593e-03 -1.518633453265474664e-01
-1.039105938924519794e-02 -1.524523151043532532e-01
-2.628275139169955477e-02 -1.513805165338470704e-01
-4.206892861238978321e-02 -1.486389817259146928e-01
-5.757254580334909833e-02 -1.442375534950564864e-01
-7.261741305306612659e-02 -1.382050415262106868e-01
-8.703025103259946771e-02 -1.305891557268248071e-01
-1.006427420477663398e-01 -1.214562141049003174e-01
-1.132935506960878747e-01 -1.108906248004792455e-01
-1.248302923283648030e-01 -9.899414722001598221e-02
-1.351114227254075206e-01 -8.588493577165048909e-02
-1.440080221617378864e-01 -7.169637450115257105e-02
-1.514054539886848516e-01 -5.657571570295462371e-02
-1.572048747695553583e-01 -4.068253568072119353e-02
-1.613245755649522217e-01 -2.418702405561982960e-02
-1.637011358043975184e-01 -7.268125323048518771e-03
-1.642903732811464845e-01 9.888446548182997647e-03
-1.630680761461802408e-01 2.709229782656746507e-02
-1.600305053270935085e-01 4.415052480415507241e-02
-1.551946585270417567e-01 6.086993812836798828e-02
-1.485982898343723435e-01 7.705931516530897807e-02
-1.402996819590095479e-01 9.253165322449577457e-02
-1.303771711691890378e-01 1.071063961593790581e-01
-1.189284280924177706e-01 1.206116068906866734e-01
-1.060695006274296193e-01 1.328860587838792962e-01
-9.193362824899015129e-02 1.437812195463969989e-01
-7.666983993446124801e-02 1.531631023888333221e-01
-6.044135076064044432e-02 1.609139606059187544e-01
-4.342377487350720933e-02 1.669338034629062051e-01
-2.580317498589988073e-02 1.711417133009548175e-01
-7.773970775003022533e-03 1.734769460774866490e-01
1.046326949804974454e-02 1.738998001065190646e-01
2.870412816785932950e-02 1.723922405284572523e-01
4.674270087738469776e-02 1.689582703288369792e-01
6.437399457697583205e-02 1.636240403998374393e-01
8.139633135606294534e-02 1.564376961175953373e-01
9.761372936550656576e-02 1.474689612055856691e-01
1.128382315771560979e-01 1.368084611026820219e-01
1.268921536416623697e-01 1.245667927350079529e-01
1.396102229734814404e-01 1.108733504448748131e-01
1.508415823788525623e-01 9.587492092142368971e-02
1.604516330753340547e-01 7.973406292306557674e-02
1.683236938121132342e-01 6.262729034238778691e-02
1.743604549662416403e-01 4.474307970312188520e-02
1.784852089344969583e-01 2.627972546204139850e-02
1.806428408332328706e-01 7.443068485541578030e-03
1.808005664254661027e-01 -1.155587524593837921e-02
1.789484072787019819e-01 -3.050335730561509404e-02
1.750993963792355779e-01 -4.918538146842076769e-02
1.692895107475987926e-01 -6.739020032510427416e-02
1.615773309727726037e-01 -8.491079360380671126e-02
1.520434309662346550e-01 -1.015472980787978652e-01
1.407895045870808659e-01 -1.171093594659359804e-01
1.279372390629828771e-01 -1.314183775999718251e-01
1.136269482861259894e-01 -1.443096174492213002e-01
9.801598205755597537e-02 -1.556341601325999247e-01
8.127693014870576715e-02 -1.652606700421721253e-01
6.359564260895016197e-02 -1.730769564165679786e-01
4.516908944162589812e-02 -1.789913119598066094e-01
2.620308630866922256e-02 -1.829336066191592780e-01
6.909914688637043730e-03 -1.848561271307422593e-01
-1.249413745138068348e-02 -1.847341554697361776e-01
-3.179128336952742606e-02 -1.825662737413580039e-01
-5.076476357122149813e-02 -1.783743936733113156e-01
-6.920135967761402440e-02 -1.722035104470232281e-01
-8.689386585593922296e-02 -1.641211839985836363e-01
-1.036434880852962065e-01 -1.542167542695886129e-01
-1.192621424622697934e-01 -1.426003001500311396e-01
-1.335746250416441350e-01 -1.294013549882590264e-01
-1.464206273408020231e-01 -1.147673945068986567e-01
-1.576565735902528131e-01 -9.886211572091953281e-02
-1.671572580610394265e-01 -8.186352796995136072e-02
-1.748172633126654496e-01 -6.396187942004678828e-02
-1.805521429493977814e-01 -4.535744433258369346e-02
-1.842993554122146493e-01 -2.625819801619404606e-02
-1.860189384297557813e-01 -6.877407652182192244e-03
-1.856939169639971188e-01 1.256883189989982386e-02
-1.833304407732544161e-01 3.186408766198312731e-02
-1.789576510340680771e-01 5.079407363348466264e-02
-1.726272787718713397e-01 6.914910179362400433e-02
-1.644129811058146207e-01 8.672646994796943953e-02
-1.544094244744246003e-01 1.033327582841973707e-01
-1.427311270361313889e-01 1.187860077741870052e-01
-1.295110750121311050e-01 1.329177583447037625e-01
-1.148991299958757040e-01 1.455749136963592205e-01
-9.906025067050826249e-02 1.566214180449615467e-01
-8.217254823160699551e-02 1.659397328283035711e-01
-6.442519972255646155e-02 1.734320874323501682e-01
-4.601624537033525281e-02 1.790214938025964375e-01
-2.715029675310867696e-02 1.826525146025575475e-01
-8.036183490967633430e-03 1.842917776433656563e-01
1.111543333977467463e-02 1.839282324327022877e-01
3.009445271313142267e-02 1.815731478374080776e-01
4.869370192225775523e-02 1.772598529818789626e-01
6.671125399493554875e-02 1.710432265742233282e-01
8.395266751836416574e-02 1.629989428257744288e-01
1.002331233344577188e-01 1.532224849702835956e-01
1.153794340667890356e-01 1.418279400624574971e-01
1.292319042189340184e-01 1.289465912095915934e-01
1.416460206152628520e-01 1.147253256360168949e-01
1.524939552102191342e-01 9.932487897242890662e-02
1.616658647393276471e-01 8.291793787904455648e-02
1.690709742909782543e-01 6.568712453496240722e-02
1.746384346072808735e-01 4.782288764225967048e-02
1.783179457387365496e-01 2.952132539255200236e-02
1.800801425442443149e-01 1.098196632059815839e-02
1.799167404081279120e-01 -7.594465876976149582e-03
1.778404424029262632e-01 -2.600827764654557728e-02
1.738846127101934258e-01 -4.406299975474448072e-02
1.681027186789736949e-01 -6.156751341705968272e-02
1.605675573764089592e-01 -7.833809193580908159e-02
1.513702770638927220e-01 -9.420034529800783152e-02
1.406192041791964886e-01 -1.089910344604631265e-01
1.284384935560022589e-01 -1.225597403555543363e-01
1.149666196905860388e-01 -1.347703707611536406e-01
1.003547284212381180e-01 -1.455024903450458373e-01
8.476486967969704134e-02 -1.546524614972822620e-01
6.836813299459136573e-02 -1.621343859715638214e-01
5.134270816762077916e-02 -1.678808398367477861e-01
3.387189400074490375e-02 -1.718433967594120704e-01
1.614207812752680923e-02 -1.739929371658152091e-01
-1.659289101814868592e-03 -1.743197433349505387e-01
-1.934570410643000199e-02 -1.728333829231168406e-01
-3.673358099070122423e-02 -1.695623857854084704e-01
-5.364416282817260906e-02 -1.645537212134619842e-01
-6.990535335969108588e-02 -1.578720848265575960e-01
-8.535345046876478825e-02 -1.495990063120264668e-01
-9.983476430118498612e-02 -1.398317909908057266e-01
-1.132071045635855699e-01 -1.286823097678013172e-01
-1.253411233418319781e-01 -1.162756534003220321e-01
-1.361215016988019666e-01 -1.027486681702686894e-01
-1.454479703154140380e-01 -8.824839096928530080e-02
-1.532361565016251981e-01 -7.293040249613086390e-02
-1.594182541934315855e-01 -5.695711337173549327e-02
-1.639435047685657565e-01 -4.049601468409238375e-02
-1.667784967373205918e-01 -2.371790649834754766e-02
-1.679072865967824180e-01 -6.795112448410165623e-03
-1.673313356944263197e-01 1.010028809873963693e-02
-1.650692707064036757e-01 2.679819597170138984e-02
-1.611564739636927035e-01 4.313217896451496114e-02
-1.556445114982723810e-01 5.894109318102769279e-02
-1.486004081789903120e-01 7.407062382095380704e-02
-1.401057806502856717e-01 8.837473153828923067e-02
-1.302558399664485722e-01 1.017169918756742480e-01
-1.191582768222205768e-01 1.139718167399389054e-01
-1.069320431124292786e-01 1.250255484134500106e-01
-9.370604420665709644e-02 1.347774181721208830e-01
-7.961775679979737896e-02 1.431403631834569645e-01
-6.481178749821062124e-02 1.500416969668821876e-01
-4.943838742870623748e-02 1.554236302948074910e-01
-3.365193812038688032e-02 1.592436409786045781e-01
-1.760942371596349240e-02 1.614746925022972623e-01
-1.468904229539170483e-03 1.621053029233396059e-01
1.461199590646886440e-02 1.611394668410112141e-01
3.047757035916817334e-02 1.585964345271357878e-01
4.597547153709988926e-02 1.545103535113022675e-01
6.095809721575423668e-02 1.489297790057177440e-01
7.528391188699079528e-02 1.419170605373309413e-01
8.881869591825855559e-02 1.335476093811361342e-01
1.014367012078007529e-01 1.239090652294714823e-01
1.130217160182629271e-01 1.131003686407144326e-01
1.234680365391338380e-01 1.012307390972042587e-01
1.326813277696338444e-01 8.841857954501702865e-02
1.405793727984015751e-01 7.479031547779817213e-02
1.470927064671535833e-01 6.047917959122720011e-02
1.521651304477661393e-01 4.562395312688559412e-02
1.557541077762200077e-01 3.036767502473210201e-02
1.578310358654831658e-01 1.485632991941192131e-02
1.583813979569134167e-01 -7.624741450440888999e-04
1.574047938616268960e-01 -1.634082763698956400e-02
1.549148516862084990e-01 -3.173183074051537378e-02
1.509390230290211798e-01 -4.679088382886573139e-02
1.455182648731605244e-01 -6.137694758544123830e-02
1.387066120897459953e-01 -7.535376357767996358e-02
1.305706451015409830e-01 -8.859102654924880249e-02
1.211888578433564234e-01 -1.009655001828417414e-01
1.106509316943878884e-01 -1.123620685945556086e-01
9.905692155104409147e-02 -1.226747163471930691e-01
8.651636065975361334e-02 -1.318074303106858969e-01
7.314729124047954223e-02 -1.396750172507248977e-01
5.907522830603564867e-02 -1.462038315900127672e-01
4.443206442241431214e-02 -1.513324083594653480e-01
2.935492346344497835e-02 -1.550119969390356955e-01
1.398496776671701719e-02 -1.572069894392204847e-01
-1.533819739173104303e-03 -1.578952457961509681e-01
-1.705588009876634822e-02 -1.570683130305739472e-01
-3.243534740143150935e-02 -1.547315288786265119e-01
-4.752732064347978125e-02 -1.509040146983551822e-01
-6.218913345769756795e-02 -1.456185556060761721e-01
-7.628161231735591796e-02 -1.389213678622484571e-01
-8.967031375746575828e-02 -1.308717542247577470e-01
-1.022267311312471255e-01 -1.215416487052414229e-01
-1.138294614386021336e-01 -1.110150529011325188e-01
-1.243653228304120728e-01 -9.938736683151083717e-02
-1.337304135125986504e-01 -8.676461797686682575e-02
-1.418311029521640010e-01 -7.326259300878061598e-02
-1.485849465289580951e-01 -5.900587749157922002e-02
-1.539215150866555248e-01 -4.412680963954806329e-02
-1.577831312189942603e-01 -2.876435501448249693e-02
-1.601255045868871241e-01 -1.306290984249895183e-02
-1.609182591020529296e-01 2.828958591682640290e-03
-1.601453454359465234e-01 1.875982525895557654e-02
-1.578053330206417026e-01 3.457676447161193989e-02
-1.539115765014985038e-01 5.012674012390225947e-02
-1.484922524790975029e-01 6.525801784442201992e-02
-1.415902633378942899e-01 7.982158725596157078e-02
-1.332630059977054082e-01 9.367258205295284079e-02
-1.235820045362727299e-01 1.066716852082593009e-01
-1.126324032541520526e-01 1.186865053714123985e-01
-1.005123327829856583e-01 1.295929125225445122e-01
-8.733214375306375121e-02 1.392763219227819982e-01
-7.321350502492492140e-02 1.476329086227385345e-01
-5.828838290301141534e-02 1.545707415673701624e-01
-4.269790431235036265e-02 1.600108244995916973e-01
-2.659111196620593531e-02 1.638880314540557270e-01
-1.012362088178879807e-02 1.661519252577626504e-01
6.543813108797715515e-03 1.667674482297539784e-01
2.324680097181748215e-02 1.657154751971569306e-01
3.981889117012786528e-02 1.629932200162290679e-01
5.609318934108523808e-02 1.586144879995642631e-01
7.190401189314475638e-02 1.526097679967202136e-01
8.708855763199012390e-02 1.450261593454079123e-01
1.014885808426820024e-01 1.359271304920313117e-01
1.149520487289555915e-01 1.253921077595508693e-01
1.273347657581825609e-01 1.135158945011391085e-01
1.385019472926868056e-01 1.004079227016971831e-01
1.483297249150943853e-01 8.619134095613412150e-02
1.567065660850773812e-01 7.100194464197999433e-02
1.635345912026865411e-01 5.498695599180208199e-02
1.687307718022537373e-01 3.830366363438410943e-02
1.722279944606718016e-01 2.111793298846202649e-02
1.739759760719365167e-01 3.602600634420605966e-03
1.739420174104319705e-01 -1.406423256682924963e-02
1.721115809607184910e-01 -3.170099332015868104e-02
1.684886903812889136e-01 -4.912449393510312512e-02
1.630961386398677160e-01 -6.615184047684592727e-02
1.559754935063053793e-01 -8.260236947018097242e-02
1.471869036724336721e-01 -9.829959185453182591e-02
1.368087012476381370e-01 -1.130731234479153413e-01
1.249368010278595342e-01 -1.267605802715865981e-01
1.116838992792892199e-01 -1.392094169883270893e-01
9.717847715046738777e-02 -1.502786868676327103e-01
8.156361619852645073e-02 -1.598407021158211594e-01
6.499563585674050792e-02 -1.677825741002851034e-01
4.764256495077916209e-02 -1.740076139532641397e-01
