5.000000000000000000e-01 0.000000000000000000e+00
4.973377581712919993e-01 -5.132330000224521321e-02
4.893804034997910613e-01 -1.020908448771514210e-01
4.762157104396693708e-01 -1.517531360186900047e-01
4.579888473131318860e-01 -1.997731143787099262e-01
4.349007068724237701e-01 -2.456321970160698920e-01
4.072055973168033915e-01 -2.888360963097270084e-01
3.752083215649009706e-01 -3.289203535789625432e-01
3.392606799200940659e-01 -3.654555223741398073e-01
2.997574381604854454e-01 -3.980519410156053706e-01
2.571318094493361683e-01 -4.263640390109051381e-01
2.118505042169177011e-01 -4.500941277062766033e-01
1.644084072392903717e-01 -4.689956318537082947e-01
1.153229454352092676e-01 -4.828757256119656782e-01
6.512821357905761166e-02 -4.915973437827717563e-01
1.436892766105215928e-02 -4.950805467219466793e-01
-3.640572257786914984e-02 -4.933032251503851606e-01
-8.664824926329343924e-02 -4.863011391290383845e-01
-1.358189975955624573e-01 -4.741672934836309583e-01
-1.833921609056219371e-01 -4.570506599311215945e-01
-2.288616095492399249e-01 -4.351542639645814003e-01
-2.717464662184287949e-01 -4.087326620969870539e-01
-3.115963636539983428e-01 -3.780888422534546822e-01
-3.479963249179310880e-01 -3.435705868468209578e-01
-3.805712112716707063e-01 -3.055663442905391380e-01
-4.089896882405072986e-01 -2.645006603202028628e-01
-4.329676665511326128e-01 -2.208292254434690849e-01
-4.522711812282436128e-01 -1.750335990596236513e-01
-4.667186791401145007e-01 -1.276156742361953811e-01
-4.761826926009533612e-01 -7.909194976291661350e-02
-4.805908841748567362e-01 -2.998767789579057791e-02
-4.799264554853536757e-01 1.916904286002876767e-02
-4.742279205181408885e-01 6.785316050527631648e-02
-4.635882515153836869e-01 1.155484791967545943e-01
-4.481534130023503426e-01 1.617533187680559037e-01
-4.281203066686468661e-01 2.059859595240445818e-01
-4.037341566586059582e-01 2.477898109114449743e-01
-3.752853712254941021e-01 2.867382465903620670e-01
-3.431059224818579501e-01 3.224390530386881393e-01
-3.075652917358555616e-01 3.545384438892447143e-01
-2.690660320620617552e-01 3.827245981811418507e-01
-2.280390036523574082e-01 4.067306866911439278e-01
-1.849383413612619986e-01 4.263373569938543328e-01
-1.402362158901193923e-01 4.413746548462339492e-01
-9.441745185743413704e-02 4.517233664598044318e-01
-4.797406689882788983e-02 4.573157733340962317e-01
-1.399796035458433525e-03 4.581358184435124214e-01
4.481533514628693871e-02 4.542186896064812074e-01
9.019032642885271844e-02 4.456498327324444064e-01
1.342583481466013973e-01 4.325634142541700533e-01
1.765716586671280119e-01 4.151402583298454130e-01
2.167062407902696219e-01 3.936052902666665188e-01
2.542661078555920606e-01 3.682245230068852404e-01
2.888872350591804028e-01 3.393016283674574196e-01
3.202410766608757009e-01 3.071741389824919066e-01
3.480376353401302691e-01 2.722093305191611301e-01
3.720280558547908178e-01 2.347998366871638654e-01
3.920067212918207367e-01 1.953590518132325982e-01
4.078128364898934710e-01 1.543163772891439911e-01
4.193314895779316487e-01 1.121123690174948007e-01
4.264941889285041587e-01 6.919384307707253379e-02
4.292788790895908924e-01 2.600899622129269201e-02
4.277094453543176522e-01 -1.699740346965715465e-02
4.218547223096072440e-01 -5.938870249227388293e-02
4.118270278956044361e-01 -1.007408732452681477e-01
3.977802489576344191e-01 -1.406468034455493621e-01
3.799075088009047363e-01 -1.787203196850749576e-01
3.584384524364388480e-01 -2.145999049220147503e-01
3.336361882609015783e-01 -2.479520746229244288e-01
3.057939282063383835e-01 -2.784743809942293868e-01
2.752313709466164271e-01 -3.058980198413676077e-01
2.422908746861887064e-01 -3.299900198823128572e-01
2.073334673736657308e-01 -3.505549997461223644e-01
1.707347428760731256e-01 -3.674364833339741621e-01
1.328806917265426824e-01 -3.805177696383805208e-01
9.416351453364837920e-02 -3.897223584365026028e-01
5.497746503750793740e-02 -3.950139384293901434e-01
1.571476814626810922e-02 -3.963959493280955204e-01
-2.323834387651840458e-02 -3.939107340322117734e-01
-6.150543653501508445e-02 -3.876383013540984357e-01
-9.872348204873876432e-02 -3.776947236665506580e-01
-1.345462380595644492e-01 -3.642301973531151815e-01
-1.686473657659004477e-01 -3.474267969857747218e-01
-2.007232611381063736e-01 -3.274959567186367937e-01
-2.304955770482337574e-01 -3.046757144503364767e-01
-2.577134184574759734e-01 -2.792277558613135979e-01
-2.821551971849163287e-01 -2.514342964716222428e-01
-3.036301371708027830e-01 -2.215948403944335010e-01
-3.219794252918560806e-01 -1.900228543308300211e-01
-3.370770077394007469e-01 -1.570423956293765244e-01
-3.488300353225997075e-01 -1.229847312317394331e-01
-3.571789646054919221e-01 -8.818498329444732220e-02
-3.620973264939145730e-01 -5.297883630290139284e-02
-3.635911765014601671e-01 -1.769933767608201231e-02
-3.616982440869564996e-01 1.732617833538883587e-02
-3.564868011125503222e-01 5.177901631559585216e-02
-3.480542717564738542e-01 8.535187064998195350e-02
-3.365256081129958665e-01 1.177513805747671116e-01
-3.220514572152575195e-01 1.487004712568102682e-01
-3.048061463222495604e-01 1.779404660858598941e-01
-2.849855140227367523e-01 2.052329586158872510e-01
-2.628046150359545918e-01 2.303614358205619550e-01
-2.384953265462878003e-01 2.531326474854575515e-01
-2.123038835168659100e-01 2.733777196048404190e-01
-1.844883697095689723e-01 2.909530125460699779e-01
-1.553161901248106547e-01 3.057407274559549859e-01
-1.250615492955322317e-01 3.176492668816077725e-01
-9.400295836069269551e-02 3.266133578389372460e-01
-6.242079214084256256e-02 3.325939475654960398e-01
-3.059491558015264498e-02 3.355778839266940761e-01
1.197603055760667560e-03 3.355773938963997338e-01
3.268467689002427928e-02 3.326293747008306489e-01
6.360126980979177724e-02 3.267945130996471326e-01
9.369133916305946719e-02 3.181562486632084630e-01
1.227096431964147388e-01 3.068195982332644345e-01
1.504234060133774475e-01 2.929098574228451990e-01
1.766138343156170298e-01 2.765711951840182370e-01
2.010774830953858394e-01 2.579651581890031187e-01
2.236274684041842653e-01 2.372691002466199017e-01
2.440945269563818965e-01 2.146745515396395465e-01
2.623279236434915562e-01 1.903855416407303491e-01
2.781962091692413708e-01 1.646168893358017637e-01
2.915878309623677889e-01 1.375924712835095431e-01
3.024116012823501176e-01 1.095434804981743337e-01
3.105970270065367966e-01 8.070668458921731458e-02
3.160945059826846260e-01 5.132269265090544375e-02
3.188753950599848008e-01 2.163423869727500171e-02
3.189319549887204008e-01 -8.115511398244609764e-03
3.162771773212877946e-01 -3.768462335039671901e-02
3.109444982754661080e-01 -6.683402293901834212e-02
3.029874042566048642e-01 -9.532908479289739501e-02
2.924789334023811804e-01 -1.229411772686686277e-01
2.795110771364914259e-01 -1.494491595922878002e-01
2.641940853209754914e-01 -1.746408276766963918e-01
2.466556782055548958e-01 -1.983143051436220272e-01
2.270401680103706077e-01 -2.202793760654999378e-01
2.055074926685297454e-01 -2.403587558143435166e-01
1.822321640178060365e-01 -2.583892961705699376e-01
1.574021327886842292e-01 -2.742231202595980522e-01
1.312175719931740481e-01 -2.877286836414899018e-01
1.038895810105296830e-01 -2.987917557907527333e-01
7.563881337983538455e-02 -3.073163160774671776e-01
4.669403048816835045e-02 -3.132253591395314229e-01
1.729058452932375617e-02 -3.164616029421558618e-01
-1.233116541132695150e-02 -3.169880927153743144e-01
-4.192749953838836863e-02 -3.147886936259047252e-01
-7.125304031435848728e-02 -3.098684648005947118e-01
-1.000625057538497426e-01 -3.022539071974557068e-01
-1.281125055133852664e-01 -2.919930778375498526e-01
-1.551633711047190334e-01 -2.791555630849258396e-01
-1.809810103705121742e-01 -2.638323040077252268e-01
-2.053387751496113800e-01 -2.461352673835039973e-01
-2.280193298524310075e-01 -2.261969566341273108e-01
-2.488165074938409882e-01 -2.041697578947520297e-01
-2.675371386212279101e-01 -1.802251175377429793e-01
-2.840028375591358567e-01 -1.545525487819195964e-01
-2.980517294989432631e-01 -1.273584665120182646e-01
-3.095401012214215597e-01 -9.886485110008752519e-02
-3.183439576793426484e-01 -6.930774384288422574e-02
-3.243604663121114062e-01 -3.893557858637494012e-02
-3.275092708377054795e-01 -8.007356175537714768e-03
-3.277336563888988974e-01 2.320932948325274067e-02
-3.250015482471493300e-01 5.444040275998851541e-02
-3.193063273339608044e-01 8.540754154041677038e-02
-3.106674457202830419e-01 1.158305219704191674e-01
-2.991308273958112052e-01 1.454296542840455009e-01
-2.847690416511086675e-01 1.739282896773608200e-01
-2.676812368238087325e-01 2.010553776590078834e-01
-2.479928250820924718e-01 2.265480502773748739e-01
-2.258549110691174533e-01 2.501542084234079089e-01
-2.014434597852758080e-01 2.716350841087573631e-01
-1.749582018418986695e-01 2.907677515936575308e-01
-1.466212771494643241e-01 3.073475595172168173e-01
-1.166756211706071328e-01 3.211904557904860513e-01
-8.538310103474157364e-02 3.321351769714779856e-01
-5.302241203528188646e-02 3.400452741682367663e-01
-1.988674826809718257e-02 3.448109482230662381e-01
1.371873562505278137e-02 3.463506680246124514e-01
4.747965151906571868e-02 3.446125472755075525e-01
8.107527058727931335e-02 3.395754569066393724e-01
1.141815558931241620e-01 3.312498525638192803e-01
1.464743062813035901e-01 3.196782991816888853e-01
1.776323807236065422e-01 3.049356775802902764e-01
2.073409702486557760e-01 2.871290612433236578e-01
2.352948829069552161e-01 2.663972549298096459e-01
2.612018059277680382e-01 2.429099904937684351e-01
2.847855083433623036e-01 2.168667791961519375e-01
3.057889469146335415e-01 1.884954238421594208e-01
3.239772385363068885e-01 1.580501985705421997e-01
3.391404616413749018e-01 1.258097067032733496e-01
3.510962511370503414e-01 9.207443354552484471e-02
3.596921536082511306e-01 5.716401452032711383e-02
3.648077095673866732e-01 2.141424129314668454e-02
3.663562330863920913e-01 -1.482616614003288286e-02
3.642862617442552686e-01 -5.119899034528947734e-02
3.585826530784206323e-01 -8.734011606715770537e-02
3.492673073681572538e-01 -1.228832614614844276e-01
3.363995005633397817e-01 -1.574638013840262696e-01
3.200758154584540383e-01 -1.907226411600536631e-01
3.004296637492301358e-01 -2.223100977225720143e-01
2.776303963437904421e-01 -2.518897439767086577e-01
2.518820041733839665e-01 -2.791421717502170496e-01
2.234214166983924388e-01 -3.037686287429667287e-01
1.925164102697774771e-01 -3.254944855025650452e-01
1.594631434195189490e-01 -3.440724896322752135e-01
1.245833409503788736e-01 -3.592857661768496524e-01
8.822115331041770203e-02 -3.709505254198059432e-01
5.073972210729809501e-02 -3.789184421423306692e-01
1.251748667998970471e-02 -3.830786737122087171e-01
-2.605572965738850097e-02 -3.833594881564910128e-01
-6.458281180762102947e-02 -3.797294775826742796e-01
-1.026635788186608667e-01 -3.721983369022413002e-01
-1.398990965542850906e-01 -3.608171927239156029e-01
-1.758960288026431007e-01 -3.456784729532771938e-01
-2.102709758470461543e-01 -3.269153108407807928e-01
-2.426547503019302610e-01 -3.047004858975008723e-01
-2.726965411299336894e-01 -2.792449089470389612e-01
-3.000679149321724970e-01 -2.507956618345577593e-01
-3.244666064636673175e-01 -2.196336099747793202e-01
-3.456200519560944651e-01 -1.860706107002843002e-01
-3.632886213769389583e-01 -1.504463455036166575e-01
-3.772685088776254192e-01 -1.131248091100165026e-01
-3.873942443497231936e-01 -7.449049280640022974e-02
-3.935407931767118117e-01 -3.494430352478809787e-02
-3.956252158908267758e-01 5.100736222067399871e-03
-3.936078644654714687e-01 4.522395937967547963e-02
-3.874930973330397155e-01 8.500164568560936162e-02
-3.773295008502057790e-01 1.240116807180006164e-01
-3.632096107680574670e-01 1.618382288145072678e-01
-3.452691332298634119e-01 1.980763654113547323e-01
-3.236856708394709181e-01 2.323366144170104786e-01
-2.986769653417064574e-01 2.642493369756290789e-01
-2.704986743557937778e-01 2.934689193872176416e-01
-2.394417053276062246e-01 3.196777100212706557e-01
-2.058291353421639602e-01 3.425896577664164777e-01
-1.700127505926715132e-01 3.619536078699427950e-01
-1.323692440687904426e-01 3.775562148992922529e-01
-9.329611434176317275e-02 3.892244369564981099e-01
-5.320731161812797261e-02 3.968275808611201327e-01
-1.252868220511455660e-02 4.002788701631337931e-01
2.830673617981625118e-02 3.995365178710836851e-01
6.886351531942129511e-02 3.946042908599568522e-01
1.087086763053437127e-01 3.855315555141619610e-01
1.474165120342378343e-01 3.724128034877745574e-01
1.845733358897528043e-01 3.553866619020104589e-01
2.197821008596118342e-01 3.346343985142061217e-01
2.526668347793435410e-01 3.103779384912950801e-01
2.828768395111959655e-01 2.828774153260847912e-01
3.100906046327391863e-01 2.524282840711513098e-01
3.340193895904594035e-01 2.193580303608644033e-01
3.544104322270571483e-01 1.840225135792549205e-01
3.710497460674364034e-01 1.468019869477521222e-01
3.837644736909600063e-01 1.080968411959296605e-01
3.924247688637592657e-01 6.832312179086387494e-02
3.969451857868400713e-01 2.790787239458262375e-02
3.972855597611263390e-01 -1.271564073950514663e-02
3.934513697038075075e-01 -5.311276735670925758e-02
3.854935791933795097e-01 -9.285231803391953698e-02
3.735079589942681411e-01 -1.315113585439505461e-01
3.576339002362742825e-01 -1.686798977726579885e-01
3.380527335204984718e-01 -2.039654146319571648e-01
3.149855751149022165e-01 -2.369971715032573867e-01
2.886907270151595206e-01 -2.674302644783480565e-01
2.594606624032502751e-01 -2.949493650313354531e-01
2.276186344470034761e-01 -3.192721072788494707e-01
1.935149499305914289e-01 -3.401520853204135220e-01
1.575229509828897090e-01 -3.573814292999085152e-01
1.200347546096515450e-01 -3.707929289355480496e-01
8.145680079642508842e-02 -3.802616832021695759e-01
4.220526223288756373e-02 -3.857062595429553986e-01
2.701370058349568913e-03 -3.870893519682789830e-01
-3.663328930159478330e-02 -3.844179334749550647e-01
-7.538145115024701137e-02 -3.777429043121718899e-01
-1.131347690213191926e-01 -3.671582436535122951e-01
-1.494982776580094652e-01 -3.527996781316853903e-01
-1.840946714608113766e-01 -3.348428863801377053e-01
-2.165683500082375146e-01 -3.135012641331069716e-01
-2.465891854427756658e-01 -2.890232794965869045e-01
-2.738559702325450984e-01 -2.616894526557873579e-01
-2.980995080156225163e-01 -2.318089984745170806e-01
-3.190853148514123383e-01 -1.997161741194796170e-01
-3.366159031793052869e-01 -1.657663769658798136e-01
-3.505326260526774318e-01 -1.303320405757017741e-01
-3.607170647062977742e-01 -9.379837846024942360e-02
-3.670919481555242614e-01 -5.655902662602536879e-02
-3.696215992430987307e-01 -1.901163654819061286e-02
-3.683119072705014485e-01 1.844652978240065785e-02
-3.632098330030473221e-01 5.542295172693132571e-02
-3.544024569803133073e-01 9.153410040170854856e-02
-3.420155882251129653e-01 1.264095353806524435e-01
-3.262119558751027104e-01 1.596958053068942007e-01
-3.071890082931602595e-01 1.910601126040415709e-01
-2.851763511309757249e-01 2.201936988826071195e-01
-2.604328588003777534e-01 2.468149172176014317e-01
-2.332434972567300757e-01 2.706719602888844056e-01
-2.039158988715898124e-01 2.915452179352362450e-01
-1.727767324985258202e-01 3.092492424883436231e-01
-1.401679135952980104e-01 3.236343052587466462e-01
-1.064427004439998936e-01 3.345875326755060053e-01
-7.196172310261779448e-02 3.420336157675256672e-01
-3.708899172894105506e-02 3.459350918500510019e-01
-2.187930350695165872e-03 3.462922023789878345e-01
3.238251896857202022e-02 3.431423358945981938e-01
6.627167827562122082e-02 3.365590697339826409e-01
9.914076105274571837e-02 3.266508286914333592e-01
1.306663062134274800e-01 3.135591829945310605e-01
1.605433833064468518e-01 2.974568117941431833e-01
1.884885368882162904e-01 2.785451617962632076e-01
2.142424417684858085e-01 2.570518336570552509e-01
2.375722448488329919e-01 2.332277312901485100e-01
2.582735734992657739e-01 2.073440112745906228e-01
2.761721947969363322e-01 1.796888710873038586e-01
2.911253144226803591e-01 1.505642159068346919e-01
3.030225084281121806e-01 1.202822425483766750e-01
3.117862851476888575e-01 8.916198595173652208e-02
3.173722812253042536e-01 5.752586459130307195e-02
3.197690968109190290e-01 2.569625997874598958e-02
3.189977803302151416e-01 -6.007827181061839439e-03
3.151109774515943318e-01 -3.727401034737766461e-02
3.081917621427070486e-01 -6.779960674554813549e-02
2.983521709425591140e-01 -9.729455253291721673e-02
2.857314644566992246e-01 -1.254841157416335395e-01
2.704941425843658265e-01 -1.521113823643659713e-01
2.528277420860486902e-01 -1.769394943128559383e-01
2.329404467820270497e-01 -1.997536215038754337e-01
2.110585419276141961e-01 -2.203626539615489988e-01
1.874237451357062267e-01 -2.386006035180916474e-01
1.622904466145098090e-01 -2.543277083964232688e-01
1.359228914665375487e-01 -2.674312376188185403e-01
1.085923363682226583e-01 -2.778259957587486118e-01
8.057421213714005548e-02 -2.854545319940404169e-01
5.214532251994521972e-02 -2.902870606873249049e-01
2.358110802718312721e-02 -2.923211037771281662e-01
-4.846998166723614013e-03 -2.915808680767029704e-01
-3.287409731333116453e-02 -2.881163731192228350e-01
-6.024421252575926089e-02 -2.820023474334864555e-01
-8.671251640437269148e-02 -2.733369130651434609e-01
-1.120473813318553086e-01 -2.622400797611103562e-01
-1.360322379734224263e-01 -2.488520695802393934e-01
-1.584672281734901822e-01 -2.333315012052628590e-01
-1.791706459265267892e-01 -2.158534547869367659e-01
-1.979801594168313361e-01 -1.966074374020941318e-01
-2.147538091365138735e-01 -1.757952793203019781e-01
-2.293707818694766809e-01 -1.536289833074888644e-01
-2.417319621333766377e-01 -1.303285503527106537e-01
-2.517602650512504869e-01 -1.061198042963368143e-01
-2.594007568242472916e-01 -8.123223669573462202e-02
-2.646205709747278534e-01 -5.589689191660891787e-02
-2.674086303069759252e-01 -3.034431091504177780e-02
-2.677751860773072701e-01 -4.802550508837868590e-03
-2.657511871671728865e-01 2.050470684032594873e-02
-2.613874931069793961e-01 4.535993956735393656e-02
-2.547539456041066352e-01 6.955345860036597772e-02
-2.459383137893819404e-01 9.288495466086676977e-02
-2.350451287194097461e-01 1.151649138118969184e-01
-2.221944227685707929e-01 1.362158956505843121e-01
-2.075203894284491923e-01 1.558736703221858533e-01
-1.911699787210919821e-01 1.739882122185489044e-01
-1.733014429455176919e-01 1.904245497943479748e-01
-1.540828468360340153e-01 2.050634723720968222e-01
-1.336905554395258489e-01 2.178020960978429843e-01
-1.123077121413760121e-01 2.285542923431891360e-01
-9.012271831113666254e-02 2.372509828190245418e-01
-6.732772422909821808e-02 2.438403044583582480e-01
-4.411714402238634675e-02 2.482876554935194990e-01
-2.068619910296465997e-02 2.505756259017613008e-01
2.770502885590094087e-03 2.507038138165461061e-01
2.606034441871038151e-02 2.486885405269696203e-01
4.899402557792334467e-02 2.445624689725506562e-01
7.138683817025535949e-02 2.383741323442492011e-01
9.305988276292481709e-02 2.301873792154379983e-01
1.138412256063356109e-01 2.200807413547965496e-01
1.335669930032485908e-01 2.081467300359964856e-01
1.520824011566730971e-01 1.944910662765220177e-01
1.692427198915862352e-01 1.792318500301222639e-01
1.849141688972341935e-01 1.624986729441021960e-01
1.989747452816759687e-01 1.444316788930901929e-01
2.113149812754237244e-01 1.251805761331553080e-01
2.218386308761632897e-01 1.049036046007754686e-01
2.304632841036587942e-01 8.376646162491008241e-02
2.371209073471689521e-01 6.194118913989389574e-02
2.417583080528971085e-01 3.960502539217704981e-02
2.443375217333808580e-01 1.693922413258775947e-02
2.448361190024955225e-01 -5.872155617547909073e-03
2.432474300676132906e-01 -2.864348594168363016e-02
2.395806838632850155e-01 -5.118882896505403540e-02
2.338610588070984542e-01 -7.332321438448367867e-02
2.261296420158954990e-01 -9.486393114563018703e-02
2.164432924663829694e-01 -1.156318263154849507e-01
2.048744096888879263e-01 -1.354526108594099332e-01
1.915106001632210786e-01 -1.541581637067966915e-01
1.764542371891794081e-01 -1.715878220098365214e-01
1.598219161614777006e-01 -1.875896555648915165e-01
1.417438016359224562e-01 -2.020217153551357170e-01
1.223628648999996599e-01 -2.147532471118450970e-01
1.018340115344468777e-01 -2.256658601542237685e-01
8.032309935487723374e-02 -2.346546411992740944e-01
5.800584814722066496e-02 -2.416292023550989931e-01
3.506664374760978115e-02 -2.465146521435414850e-01
1.169724025328648664e-02 -2.492524781603210615e-01
-1.190463452980602792e-02 -2.498013298902790336e-01
-3.553676391344438856e-02 -2.481376902673551044e-01
-5.899400951103113411e-02 -2.442564248164258434e-01
-8.206995141463942212e-02 -2.381711976472941361e-01
-1.045585905571028845e-01 -2.299147441970093020e-01
-1.262561010372992010e-01 -2.195389914391180641e-01
-1.469626188297405989e-01 -2.071150172976879977e-01
-1.664840520263477786e-01 -1.927328422166997568e-01
-1.846338965957892153e-01 -1.765010472346884851e-01
-2.012350406203256004e-01 -1.585462144896693237e-01
-2.161215391069071790e-01 -1.390121878161518498e-01
-2.291403407919170299e-01 -1.180591529766920333e-01
-2.401529478889716518e-01 -9.586253907393633977e-02
-2.490369877367714091e-01 -7.261174655453686566e-02
-2.556876831448861020e-01 -4.850870308123173685e-02
-2.600191969435076689e-01 -2.376625674740269825e-02
-2.619658296863325297e-01 1.393578081793568797e-03
-2.614830584955511461e-01 2.674151481704192465e-02
-2.585483982840896533e-01 5.204301260938058032e-02
-2.531620700106532174e-01 7.706040153126479664e-02
-2.453474622120216664e-01 1.015550963291979719e-01
-2.351513738952932531e-01 1.252898783134238359e-01
-2.226440289445135723e-01 1.480312233478476569e-01
-2.079188544814558615e-01 1.695516525185932766e-01
-1.910920180953608050e-01 1.896320809205274682e-01
-1.723017214936903574e-01 2.080641391330860235e-01
-1.517072508945662979e-01 2.246524413819768196e-01
-1.294877873477653929e-01 2.392167741203648501e-01
-1.058409830986638545e-01 2.515941788264652312e-01
-8.098131306009241637e-02 2.616409032142604785e-01
-5.513821339092764978e-02 2.692341957958963028e-01
-2.855402205676518465e-02 2.742739198189467764e-01
-1.481739026218819796e-03 2.766839640250354226e-01
2.581737360440206075e-02 2.764134294290994665e-01
5.307632880484541849e-02 2.734375733867989711e-01
8.002506412649740275e-02 2.677584945822521489e-01
1.063931765529601559e-01 2.594055452057650313e-01
1.319127139952104011e-01 2.484354594734615729e-01
1.563209912126021228e-01 2.349321922056499812e-01
1.793634061916037636e-01 2.190064594998752112e-01
2.007962192925646372e-01 2.007949808343769404e-01
2.203892595018437095e-01 1.804594296933799413e-01
2.379285326526961453e-01 1.581850946862312368e-01
2.532186977195181043e-01 1.341792616750123457e-01
2.660853806129608312e-01 1.086693299778385136e-01
2.763772962169392944e-01 8.190067914518160685e-02
2.839681511152827298e-01 5.413430610101142154e-02
2.887583015411026022e-01 2.564425555344316404e-02
2.906761435258681803e-01 -3.285130533350973450e-03
2.896792150023993484e-01 -3.236211599490821517e-02
2.857549926962946185e-01 -6.129059532635081076e-02
2.789213699888384856e-01 -8.977320765258139934e-02
2.692268055121765369e-01 -1.175145055185044668e-01
2.567501360017340750e-01 -1.442241430130589419e-01
2.416000508356210552e-01 -1.696200469673637135e-01
2.239142296876482363e-01 -1.934315346327293572e-01
2.038581487592147357e-01 -2.154023413594851333e-01
1.816235650841004079e-01 -2.352935223674499088e-01
1.574266923669691287e-01 -2.528861937223345069e-01
1.315060856691675495e-01 -2.679840791022272684e-01
1.041202559431139846e-01 -2.804158308413576828e-01
7.554503888972113890e-02 -2.900370960554004007e-01
4.607074582470740282e-02 -2.967323013587807035e-01
1.599912960000144865e-02 -3.004161338547335913e-01
-1.435980920744437186e-02 -3.010346961277381439e-01
-4.469113442315745394e-02 -2.985663182031700891e-01
-7.467836313778612733e-02 -2.930220181214782671e-01
-1.040069006256168216e-01 -2.844455999410198666e-01
-1.323674794172686464e-01 -2.729133856049377194e-01
-1.594595628817043198e-01 -2.585335808962838100e-01
-1.849946737777103944e-01 -2.414452800694032730e-01
-2.086996088282592199e-01 -2.218171180872144932e-01
-2.303195014487280368e-01 -1.998455836579779987e-01
-2.496206963114716015e-01 -1.757530103966107871e-01
-2.663934014381088011e-01 -1.497852673811523039e-01
-2.804540859543563913e-01 -1.222091740833187168e-01
-2.916475944917939489e-01 -9.330966807472403091e-02
-2.998489524425609898e-01 -6.338675700232684895e-02
-3.049648398276365024e-01 -3.275228904711818129e-02
-3.069347153834918740e-01 -1.726578392826099003e-03
-3.057315765580158606e-01 2.936507589451894940e-02
-3.013623453838699673e-01 6.019593776530918205e-02
-2.938678746123550845e-01 9.044140812598701340e-02
-2.833225729880178290e-01 1.197825836522644488e-01
-2.698336530669841471e-01 1.479097593820321854e-01
-2.535400094732875864e-01 1.745258345709701508e-01
-2.346107398905024621e-01 1.993495823679167778e-01
-2.132433253451117283e-01 2.221187454253833737e-01
-1.896614930877816019e-01 2.425929222765448312e-01
-1.641127780434772365e-01 2.605562102046927175e-01
-1.368658168486835969e-01 2.758195723242849451e-01
-1.082074108785310573e-01 2.882229049781906971e-01
-7.843938382441184576e-02 2.976367802207539603e-01
-4.787527288349507915e-02 3.039638436367034235e-01
-1.683689177684166358e-02 3.071398517587750621e-01
1.434919472541715604e-02 3.071343376332644759e-01
4.535524411793495636e-02 3.039508975004340807e-01
7.585591618109871481e-02 2.976270960499571294e-01
1.055318186011195147e-01 2.882339922237950880e-01
1.340729776054439826e-01 2.758752920133937803e-01
1.611821940455950009e-01 2.606861390788778321e-01
1.865782468526159255e-01 2.428315582504611270e-01
2.099989077397363679e-01 2.225045710041880787e-01
2.312037334061373406e-01 1.999240057858040487e-01
2.499766042728024384e-01 1.753320295419562580e-01
2.661279819194710128e-01 1.489914299650376694e-01
2.794968608492847117e-01 1.211826807294190955e-01
2.899523939396107530e-01 9.220082436025059391e-02
2.973951748952548546e-01 6.235220930462335304e-02
3.017581651528091768e-01 3.195111924761625394e-02
3.030072569392792681e-01 1.316333717605759797e-03
3.011414685103410149e-01 -2.923234045263257974e-02
2.961927719290619598e-01 -5.937752720262302886e-02
2.882255608872091313e-01 -8.880768993681270596e-02
2.773357586894990567e-01 -1.172204531235976205e-01
2.636495851764167342e-01 -1.443257970810372659e-01
2.473220052985102557e-01 -1.698490933844648554e-01
2.285348709948931134e-01 -1.935339478534622015e-01
2.074947829336003524e-01 -2.151448203973118645e-01
1.844306988531096980e-01 -2.344693942875625270e-01
1.595913179029109785e-01 -2.513206706300810667e-01
1.332422726553292025e-01 -2.655387672660924347e-01
1.056631623273736054e-01 -2.769924049960526546e-01
7.714446219226311907e-02 -2.855800678435360118e-01
4.798434516324321525e-02 -2.912308280089751511e-01
1.848545209096034633e-02 -2.939048301547049213e-01
-1.104835257058998238e-02 -2.935934336628951424e-01
-4.031520340051893136e-02 -2.903190154668097711e-01
-6.901839937586305707e-02 -2.841344399248945107e-01
-9.686947755857656939e-02 -2.751222059398569786e-01
-1.235911622580407043e-01 -2.633932850770812073e-01
-1.489201587477530786e-01 -2.490856677673662090e-01
-1.726097628757898850e-01 -2.323626377506302354e-01
-1.944322604711953284e-01 -2.134107976964010334e-01
-2.141810932753751562e-01 -1.924378713945364416e-01
-2.316727711788732214e-01 -1.696703100212923199e-01
-2.467485137774582948e-01 -1.453507317321415249e-01
-2.592756076335877569e-01 -1.197352251992934713e-01
-2.691484720277794174e-01 -9.309054891878375260e-02
-2.762894177902256443e-01 -6.569125643787528113e-02
-2.806491015771740982e-01 -3.781678373037550972e-02
-2.822066824282174480e-01 -9.748529317182081516e-03
-2.809696754753123193e-01 1.823304258653155041e-02
-2.769735126622521193e-01 4.585124434197676568e-02
-2.702808206406958069e-01 7.283592314672947265e-02
-2.609804289350826645e-01 9.892610743154656161e-02
-2.491861241704703689e-01 1.238725154042323445e-01
-2.350351686070832613e-01 1.474399018696233854e-01
-2.186866033997136027e-01 1.694092217967515523e-01
-2.003193588798868330e-01 1.895795916343265552e-01
-1.801301957290822875e-01 2.077700320573279136e-01
-1.583315021619745855e-01 2.238209786232535636e-01
-1.351489731638032821e-01 2.375955496885767126e-01
-1.108191984242282990e-01 2.489805638465169835e-01
-8.558718588436679819e-02 2.578873020592839516e-01
-5.970384777129006393e-02 2.642520125356275784e-01
-3.342347564619933820e-02 2.680361592135919735e-01
-7.001230353575877557e-03 2.692264174166260626e-01
1.930932815305682823e-02 2.678344228289443185e-01
4.525864729640387968e-02 2.638962823563156812e-01
7.060350225056555296e-02 2.574718576774545631e-01
9.510920937827110899e-02 2.486438343283724761e-01
1.185517136701987884e-01 2.375165909804068110e-01
1.407195359808911250e-01 2.242148858900856467e-01
1.614155563719290865e-01 2.088823745573562263e-01
1.804586254665827560e-01 1.916799821257043623e-01
1.976849998358482241e-01 1.727841495477624445e-01
2.129495839703420268e-01 1.523849707762498229e-01
2.261269751192211686e-01 1.306842428170582882e-01
2.371123067370421167e-01 1.078934492391627198e-01
2.458218883971188817e-01 8.423169762463632304e-02
2.521936420714838145e-01 5.992363111741327159e-02
2.561873366221328885e-01 3.519733370703660713e-02
2.577846241775104130e-01 1.028224818088863818e-02
2.569888837664648373e-01 -1.459287518565883547e-02
2.538248791363028056e-01 -3.920198213690163913e-02
2.483382390820476349e-01 -6.332365420321434124e-02
2.405947698534106061e-01 -8.674297001095848669e-02
2.306796102799878456e-01 -1.092532747214567945e-01
2.186962411622500879e-01 -1.306578455412124862e-01
2.047653612170660387e-01 -1.507714426373452099e-01
1.890236424453428654e-01 -1.694217361995462023e-01
1.716223782116838847e-01 -1.864506017943321770e-01
1.527260375995830310e-01 -2.017152775421119648e-01
1.325107397401943388e-01 -2.150893779973958864e-01
1.111626618191885740e-01 -2.264637609141009755e-01
8.887639435687470779e-02 -2.357472443200780143e-01
6.585325714470184610e-02 -2.428671724985730362e-01
4.229958606037344943e-02 -2.477698318295651903e-01
1.842501155259439194e-02 -2.504207120954031751e-01
-5.559263067476224313e-03 -2.508046206747112095e-01
-2.944217879661932893e-02 -2.489256528085622144e-01
-5.301451385538277772e-02 -2.448070167454017843e-01
-7.607054415131581093e-02 -2.384907195700648463e-01
-9.840966113261351289e-02 -2.300371182823531258e-01
-1.198379374363758854e-01 -2.195243412343435008e-01
-1.401696312925677090e-01 -2.070475855167960288e-01
-1.592286211910305671e-01 -1.927182963114303926e-01
-1.768497628499184904e-01 -1.766632346056756508e-01
-1.928801610367744113e-01 -1.590234400082942701e-01
-2.071803492868979635e-01 -1.399530957165505962e-01
-2.196253710380885737e-01 -1.196183029765775230e-01
-2.301057561582534050e-01 -9.819577265599777061e-02
-2.385283872861578836e-01 -7.587144181862254255e-02
-2.448172508404665160e-01 -5.283902346110536108e-02
-2.489140679839513537e-01 -2.929849784553757025e-02
-2.507788012650249976e-01 -5.454554143522871018e-03
-2.503900331048780070e-01 1.848500860181607683e-02
-2.477452127631938894e-01 4.231091188882785820e-02
-2.428607689065034325e-01 6.581404992921362218e-02
-2.357720854284207079e-01 8.878715364817751921e-02
-2.265333387375492169e-01 1.110264562667753474e-01
-2.152171953433559826e-01 1.323333499101117527e-01
-2.019143665693438894e-01 1.525160241823523555e-01
-1.867330278809399835e-01 1.713910689309913193e-01
-1.697981007073717519e-01 1.887850364246082269e-01
-1.512503915999741655e-01 2.045359533539581331e-01
-1.312455992587650833e-01 2.184947648694210154e-01
-1.099531909613699759e-01 2.305267011820946177e-01
-8.755515317079309856e-02 2.405125549154432663e-01
-6.424462217833247502e-02 2.483498574802961434e-01
-4.022440175987188060e-02 2.539539429333627085e-01
-1.570537597781254679e-02 2.572588880789877241e-01
9.095173564914673867e-03 2.582183179952189933e-01
3.395533553167900259e-02 2.568060667166483513e-01
5.865041006094268150e-02 2.530166834945254961e-01
8.295481057184347917e-02 2.468657758840314131e-01
1.066440122584189770e-01 2.383901818819477436e-01
1.294965323233519539e-01 2.276479644555285398e-01
1.512959260423785146e-01 2.147182230629953725e-01
1.718327818914683336e-01 1.997007181629585626e-01
1.909066982299014448e-01 1.827153062367757874e-01
2.083282234323066417e-01 1.639011844942882545e-01
2.239207409196068976e-01 1.434159461867402230e-01
2.375222802694589019e-01 1.214344492956258847e-01
2.489872355064154386e-01 9.814750328488797138e-02
2.581879717940075980e-01 7.376038057618572452e-02
2.650163020863221530e-01 4.849116141064636898e-02
2.693848135048664827e-01 2.256892045417137338e-02
2.712280323977377394e-01 -3.768224104851840457e-03
2.705034100907237060e-01 -3.027519159137196519e-02
2.671921077966133984e-01 -5.670213686674407949e-02
2.612995739783607330e-01 -8.279673948253017668e-02
2.528559006998275516e-01 -1.083065668254135083e-01
2.419159491813862584e-01 -1.329814898454765026e-01
2.285592368684171982e-01 -1.565761286504847860e-01
2.128895805869418512e-01 -1.788523041465518437e-01
1.950344927812354412e-01 -1.995814710340114984e-01
1.751443303790926886e-01 -2.185471068476627643e-01
1.533911984844740228e-01 -2.355470313813137762e-01
1.299676138249876434e-01 -2.503956307732910225e-01
1.050849356512953553e-01 -2.629259607644963137e-01
7.897157456350099858e-02 -2.729917041822661483e-01
5.187099249091911557e-02 -2.804689585563848730e-01
2.403950974044841149e-02 -2.852578309387091560e-01
-4.256062381229635226e-03 -2.872838184713246146e-01
-3.274094241147763873e-02 -2.864989550219873560e-01
-6.113502979717877484e-02 -2.828827062674857951e-01
-8.915566085845902378e-02 -2.764425979388491217e-01
-1.165204424862632537e-01 -2.672145645262086200e-01
-1.429501348371040315e-01 -2.552630085507267554e-01
-1.681715530126992597e-01 -2.406805635177090563e-01
-1.919204567581415943e-01 -2.235875568366687272e-01
-2.139443947106305921e-01 -2.041311695132118631e-01
-2.340054758291949255e-01 -1.824843048713190030e-01
-2.518830358194299457e-01 -1.588441651162764146e-01
-2.673761613249266422e-01 -1.334305409446044921e-01
-2.803060467287682433e-01 -1.064838364090834877e-01
-2.905181532829044233e-01 -7.826284255268745049e-02
-2.978841431683162955e-01 -4.904227967624303491e-02
-3.023035631026904646e-01 -1.911013116095372846e-02
-3.037052544744345273e-01 1.123520538392440080e-02
-3.020484696704926475e-01 4.168792127644984497e-02
-2.973236772540123751e-01 7.193792353279723772e-02
-2.895530419054085924e-01 1.016740525709597942e-01
-2.787905685315262283e-01 1.305873565224679733e-01
-2.651219036334140355e-01 1.583743865651917604e-01
-2.486637908613534842e-01 1.847404768318565704e-01
-2.295631816311037854e-01 2.094029720125678562e-01
-2.079960056804459612e-01 2.320943657687407624e-01
-1.841656104610144007e-01 2.525653135182737707e-01
-1.583008822370532143e-01 2.705874840398694303e-01
-1.306540656497528208e-01 2.859562156746203732e-01
-1.014983022531294465e-01 2.984929446660597452e-01
-7.112491208595890513e-02 3.080473753608076182e-01
-3.984044566665654458e-02 3.144993645700102647e-01
-7.963536839159696817e-03 3.177604953408464383e-01
2.417841038428040351e-02 3.177753186761069215e-01
5.625266417665972241e-02 3.145222421939384283e-01
8.792470151244087539e-02 3.080140618029560406e-01
1.188618011186631379e-01 2.982981188173116638e-01
1.487366476771791735e-01 2.854560709666217888e-01
1.772309098765847413e-01 2.696032858328519244e-01
2.040387509016130252e-01 2.508878564635158570e-01
2.288702308946022890e-01 2.294892467025828608e-01
2.514545617748645823e-01 2.056165781808227955e-01
2.715431761390550425e-01 1.795065752096826062e-01
2.889125737774024816e-01 1.514211879726711785e-01
3.033669116091297635e-01 1.216449183525024069e-01
3.147403055417699047e-01 9.048187641992443131e-02
3.228988158637796091e-01 5.825259899306652056e-02
3.277420912528803409e-01 2.529066470956236115e-02
3.292046502838869015e-01 -8.060857302944181291e-03
3.272567834048757396e-01 -4.145308585497999021e-02
3.219050626708863105e-01 -7.453509215864924375e-02
3.131924510280608698e-01 -1.069577079842248674e-01
3.011980075736300222e-01 -1.383773343904314002e-01
2.860361899218550330e-01 -1.684597076455014719e-01
2.678557595251007117e-01 -1.968835792131074236e-01
2.468383004742421838e-01 -2.233442674545610407e-01
2.231963668754911867e-01 -2.475570399894067020e-01
1.971712783143244330e-01 -2.692602874473263852e-01
1.690305871161555118e-01 -2.882184516152821452e-01
1.390652456758166011e-01 -3.042246703692269572e-01
1.075865047123324009e-01 -3.171031186633254673e-01
7.492257434361786206e-02 -3.267110107292987009e-01
4.141508902506177425e-02 -3.329402330218529382e-01
7.415414922479584420e-03 -3.357185986950921297e-01
-2.671915869871371862e-02 -3.350107050820030352e-01
-6.062930093324167546e-02 -3.308183836536616185e-01
-9.395754948669832185e-02 -3.231807366752907362e-01
-1.263522052635012993e-01 -3.121737595927385200e-01
-1.574711669750680776e-01 -2.979095530159798777e-01
-1.869856621193121682e-01 -2.805351329563165463e-01
-2.145838318739116402e-01 -2.602308526619803164e-01
-2.399741291457361536e-01 -2.372084539250934321e-01
-2.628884912061978385e-01 -2.117087700456564137e-01
-2.830852509898316716e-01 -1.839991066825096555e-01
-3.003517542080150760e-01 -1.543703305475299103e-01
-3.145066528929669203e-01 -1.231336992623074944e-01
-3.254018497957128497e-01 -9.061746865548943319e-02
-3.329240721680003512e-01 -5.716331629836205602e-02
-3.369960578109689742e-01 -2.312262212623304725e-02
-3.375773408185349655e-01 1.114735145007129946e-02
-3.346646291245006788e-01 4.528733649226849428e-02
-3.282917707213770520e-01 7.893994956764416315e-02
-3.185293101971110596e-01 1.117535508942604783e-01
-3.054836419746490006e-01 1.433860291511684371e-01
-2.892957712078745303e-01 1.735084661826019337e-01
-2.701396995900859355e-01 2.018086508833773773e-01
-2.482204518525256975e-01 2.279943969165310613e-01
-2.237717689609970417e-01 2.517966205965483373e-01
-1.970534965013319151e-01 2.729721556915434277e-01
-1.683486983407497251e-01 2.913062716465418256e-01
-1.379605294340830735e-01 3.066148686002206358e-01
-1.062089041963222291e-01 3.187463264596353540e-01
-7.342699896514959246e-02 3.275829894300026357e-01
-3.995762870711444537e-02 3.330422717171083735e-01
-6.149539262981063015e-03 3.350773745740127096e-01
2.764634292798041210e-02 3.336776093958891964e-01
6.108066154159397243e-02 3.288683261210751385e-01
9.380933979139255419e-02 3.207104507169971086e-01
1.254972076739593323e-01 3.092996399618538339e-01
1.558215074661537525e-01 2.947650660237678966e-01
1.844752396704588682e-01 2.772678474379074998e-01
2.111703137967373134e-01 2.569991469411948559e-01
2.356404709540049491e-01 2.341779601996076821e-01
2.576439481681806476e-01 2.090486227148193044e-01
2.769658576008620643e-01 1.818780650896781315e-01
2.934202573763016741e-01 1.529528493354616048e-01
3.068518944823460659e-01 1.225760209929272204e-01
3.171376041474373020e-01 9.106381349448267049e-02
3.241873541595939878e-01 5.874224240261070179e-02
3.279449259884521517e-01 2.594363113236697327e-02
3.283882331960175649e-01 -6.996902574336579320e-03
3.255292728773728772e-01 -3.974495545050905909e-02
3.194137157600100974e-01 -7.197029741766129696e-02
3.101201468603553835e-01 -1.033502529814846610e-01
2.977589679600973205e-01 -1.335729668805459569e-01
2.824709781599750169e-01 -1.623405203655213791e-01
2.644256520823698442e-01 -1.893718666679433948e-01
2.438191383231792519e-01 -2.144055567212272972e-01
2.208720034673042898e-01 -2.372022289864536004e-01
1.958267493545065296e-01 -2.575468402717216998e-01
1.689451332921141358e-01 -2.752506176753381495e-01
1.405053225418317064e-01 -2.901527151864347620e-01
1.107989156486137994e-01 -3.021215619975800570e-01
8.012786402427250765e-02 -3.110558931778130698e-01
4.880132764636548048e-02 -3.168854569767520779e-01
1.713249878817639169e-02 -3.195713966371595549e-01
-1.456457263272521729e-02 -3.191063081420814629e-01
-4.597811919812886533e-02 -3.155139787727307965e-01
-7.680172978611003731e-02 -3.088488146662961009e-01
-1.067373265627572093e-01 -2.991949687032761651e-01
-1.354980163953959094e-01 -2.866651829893702708e-01
-1.628107898754059812e-01 -2.713993628985464368e-01
-1.884190433452083702e-01 -2.535629020866192462e-01
-2.120849017422795635e-01 -2.333447800474984790e-01
-2.335913213261849863e-01 -2.109554585931683324e-01
-2.527439608312958552e-01 -1.866245939480547233e-01
-2.693728010040642995e-01 -1.605985949083887920e-01
-2.833335005991127753e-01 -1.331380614855376121e-01
-2.945084854055451951e-01 -1.045151231001832798e-01
-3.028077631209241116e-01 -7.501070693814651524e-02
-3.081694617429031613e-01 -4.491176447152633866e-02
-3.105600919775483026e-01 -1.450848382432282091e-02
-3.099745368928827904e-01 1.590848494425648602e-02
-3.064357746487729184e-01 4.605076543497900465e-02
-2.999943425853231482e-01 7.563492629058468641e-02
-2.907275532298740361e-01 1.043850646050458464e-01
-2.787384748690939218e-01 1.320352791280482163e-01
-2.641546912124357327e-01 1.583320127296384272e-01
-2.471268563346777913e-01 1.830362454296204366e-01
-2.278270625200516930e-01 2.059255212512692279e-01
-2.064470398336048784e-01 2.267957942019030448e-01
-1.831962072152072407e-01 2.454630807867959064e-01
-1.582995956293685447e-01 2.617649086015280679e-01
-1.319956643140794694e-01 2.755615526959369066e-01
-1.045340314612137472e-01 2.867370535365360573e-01
-7.617314073905759320e-02 2.952000124914512802e-01
-4.717788494584157499e-02 3.008841628023759540e-01
-1.781720777514567838e-02 3.037487159736425579e-01
1.163829580534572403e-02 3.037784853834254450e-01
4.091875884577755862e-02 3.009837932686466044e-01
6.975738905280484681e-02 2.954001593531979664e-01
9.789275797549033820e-02 2.870877807886585975e-01
1.250710133737456264e-01 2.761308184119351528e-01
1.510480048552878263e-01 2.626364912974394894e-01
1.755913054486943903e-01 2.467339922802940788e-01
1.984821153543185890e-01 2.285732360141846109e-01
2.195170353578806965e-01 2.083234519919769656e-01
2.385096986580753087e-01 1.861716356929657701e-01
2.552922511368165837e-01 1.623208716330182544e-01
2.697166713775545066e-01 1.369885425894888653e-01
2.816559230037972705e-01 1.104044396590792704e-01
2.910049331585648491e-01 8.280878809191327683e-02
2.976813921696310206e-01 5.445020403745520071e-02
3.016263706403689016e-01 2.558359744609324526e-02
3.028047513686312198e-01 -3.531963597351645088e-03
3.012054746246926040e-01 -3.263541186722790366e-02
2.968415964134750173e-01 -6.146584817242616711e-02
2.897501604068776770e-01 -8.976470171752122529e-02
2.799918852608172526e-01 -1.172778688510870693e-01
2.676506700310962716e-01 -1.437578156435006249e-01
2.528329213755425853e-01 -1.689656300175863268e-01
2.356667071804237623e-01 -1.926730094744727173e-01
2.163007421803802011e-01 -2.146641708131468984e-01
1.949032120563740367e-01 -2.347376686357477427e-01
1.716604456756662123e-01 -2.527081120129464065e-01
1.467754358785888502e-01 -2.684077615334214406e-01
1.204662249173235333e-01 -2.816879965243510031e-01
9.296416796467910082e-02 -2.924206474620262841e-01
6.451207817087070695e-02 -3.004991769178674832e-01
3.536226770882463372e-02 -3.058397007345096674e-01
5.774497392251002476e-03 -3.083818402740908793e-01
-2.398615173156479208e-02 -3.080893973997269608e-01
-5.365147062027433855e-02 -3.049508447459565730e-01
-8.295236335354806700e-02 -2.989796248092029263e-01
-1.116211214594454715e-01 -2.902142524487502651e-01
-1.393937151166329824e-01 -2.787182165349825769e-01
-1.660120842985193246e-01 -2.645796777159689084e-01
-1.912264124007648503e-01 -2.479109605956845985e-01
-2.147973644577928498e-01 -2.288478400252637046e-01
-2.364982717202747109e-01 -2.075486226988520200e-01
-2.561172441476494699e-01 -1.841930268120479108e-01
-2.734591922810644671e-01 -1.589808641756403351e-01
-2.883477400157712922e-01 -1.321305308703385473e-01
-3.006270100003575751e-01 -1.038773142672316657e-01
-3.101632637645781454e-01 -7.447152600954073942e-02
-3.168463792279408442e-01 -4.417647233754243979e-02
-3.205911489759360467e-01 -1.326627492219891596e-02
-3.213383836162035934e-01 1.797644286581840181e-02
-3.190558056471417547e-01 4.926298760767306578e-02
-3.137387232320081876e-01 8.030112878229130058e-02
-3.054104633764542220e-01 1.107977093004274133e-01
-2.941225615738280452e-01 1.404613125209225044e-01
-2.799547042895418336e-01 1.690049685959562342e-01
-2.630144097635600531e-01 1.961488718648950191e-01
-2.434364462127617257e-01 2.216230856242081826e-01
-2.213819859363666542e-01 2.451702087941342034e-01
-1.970374963205988039e-01 2.665479784753529979e-01
-1.706133713347341152e-01 2.855317821089606301e-01
-1.423423097845245011e-01 3.019170529373962353e-01
-1.124774493130735187e-01 3.155215227268653444e-01
-8.129026788367435530e-02 3.261873062644569110e-01
-4.906826721212802916e-02 3.337827929934895077e-01
-1.611245530433124545e-02 3.382043223029664869e-01
1.726535213595041182e-02 3.393776204418204601e-01
5.074538916928413024e-02 3.372589787823497276e-01
8.400293134739526824e-02 3.318361552021295013e-01
1.167113949380390869e-01 3.231289826777521412e-01
1.485455149383947404e-01 3.111896717707602900e-01
1.791845714753912966e-01 2.961027965156305952e-01
2.083156327808625141e-01 2.779849562670867469e-01
2.356367818286961568e-01 2.569841093009266886e-01
2.608602929554815208e-01 2.332785773568051280e-01
2.837157243774373061e-01 2.070757238275776901e-01
3.039528924826353506e-01 1.786103118994423200e-01
3.213446970821465243e-01 1.481425514731697368e-01
3.356897551720738337e-01 1.159558504910941368e-01
3.468148183978075338e-01 8.235428909113227947e-02
3.545769494939410849e-01 4.765983279354201602e-02
3.588654200995369248e-01 1.220931154390078079e-02
3.596033070564657042e-01 -2.364880858657118778e-02
3.567487638770195923e-01 -5.955783083678929668e-02
3.502959471141351422e-01 -9.515637742997326565e-02
3.402755807323363246e-01 -1.300820482081447849e-01
3.267551452276989399e-01 -1.639751509175077226e-01
3.098386821438890437e-01 -1.964824641875866085e-01
2.896662087375009298e-01 -2.272609930137871048e-01
2.664127418145468273e-01 -2.559816757605400395e-01
2.402869341427581740e-01 -2.823330013716614517e-01
2.115293312902905287e-01 -3.060244956218409751e-01
1.804102611973218973e-01 -3.267900358783608628e-01
1.472273731982392808e-01 -3.443909549692753536e-01
1.123028475232162454e-01 -3.586188963711505195e-01
7.598030046353083933e-02 -3.692983850275153301e-01
3.862141433020749304e-02 -3.762890806734279225e-01
6.023250171856791126e-04 -3.794876835507201007e-01
-3.769019665288099452e-02 -3.788294658250382363e-01
-7.586273061808106177e-02 -3.742894058262697943e-01
-1.135193185232581947e-01 -3.658829063892321543e-01
-1.502656559949546722e-01 -3.536660830272246869e-01
-1.857133238177263168e-01 -3.377356119038810722e-01
-2.194840014689032337e-01 -3.182281329449074825e-01
-2.512136223720387029e-01 -2.953192112166679872e-01
-2.805564299410981954e-01 -2.692218588421506631e-01
-3.071888777192559039e-01 -2.401846288749201475e-01
-3.308133309515046694e-01 -2.084892971276786633e-01
-3.511615253698113226e-01 -1.744481527187414782e-01
-3.679977411572343815e-01 -1.384009229249512363e-01
-3.811216527805040832e-01 -1.007113625214662300e-01
-3.903708186137486713e-01 -6.176354208708648846e-02
-3.956227779871167027e-01 -2.195787370075016204e-02
-3.967967274441706049e-01 1.829308400342377627e-02
-3.938547525361258406e-01 5.856899636824941524e-02
-3.868025963686103630e-01 9.844625119085119447e-02
-3.756899512918560613e-01 1.375025354539038680e-01
-3.606102655279229130e-01 1.753214391403396799e-01
-3.417000620948118517e-01 2.114970340782275360e-01
-3.191377730503549559e-01 2.456383754940382191e-01
-2.931420977697313246e-01 2.773738743091445635e-01
-2.639698996193073355e-01 3.063554891990402651e-01
-2.319136609259096482e-01 3.322626890423262536e-01
-1.972985214949392052e-01 3.548061386039263465e-01
-1.604789310347764786e-01 3.737310631032934594e-01
-1.218349506330583393e-01 3.888202506848664197e-01
-8.176824284029206302e-02 3.998966556986165433e-01
-4.069779064721702061e-02 4.068255703187239058e-01
9.445979320549917086e-04 4.095163343589336979e-01
4.271895574790462308e-02 4.079235647743834625e-01
8.418194771525182307e-02 4.020478858673549039e-01
1.248917233923791531e-01 3.919361472230966648e-01
1.644127788433673576e-01 3.776811247457471099e-01
2.023207721154154093e-01 3.594207052445148598e-01
2.382072368672742135e-01 3.373365610870551756e-01
2.716841395593452280e-01 3.116523274637452712e-01
3.023882271532070121e-01 2.826313007185398685e-01
3.299851144534829972e-01 2.505736819254711367e-01
3.541730630348042808e-01 2.158133953527940629e-01
3.746864070998247032e-01 1.787145165902759292e-01
3.912985855718082995e-01 1.396673498540502156e-01
4.038247441909686986e-01 9.908419826726672097e-02
4.121238763045880216e-01 5.739487468848946533e-02
4.161004763580544719e-01 1.504200387460644973e-02
4.157056857431247199e-01 -2.752383062097674832e-02
4.109379165722994998e-01 -6.984903943533732340e-02
4.018429450519560575e-01 -1.114820235717336044e-01
3.885134723469144680e-01 -1.519781564305208443e-01
3.710881570888582281e-01 -1.909046944144523750e-01
3.497501299031884892e-01 -2.278455595707482573e-01
3.247250064365005962e-01 -2.624059391582700407e-01
2.962784212842465292e-01 -2.942166491203491163e-01
2.647131077406814637e-01 -3.229382121837552355e-01
2.303655657637339038e-01 -3.482645991745262903e-01
1.936023514996563499e-01 -3.699265960907001660e-01
1.548160236634573139e-01 -3.876947583034172085e-01
1.144208028105285213e-01 -4.013819144113286441e-01
7.284799073877569475e-02 -4.108451929956355997e-01
3.054120287095142550e-02 -4.159875494910809657e-01
-1.204853139905977949e-02 -4.167587762919262584e-01
-5.446774394348650322e-02 -4.131559853109101343e-01
-9.626552148260121566e-02 -4.052235584277692482e-01
-1.369984601770977695e-01 -3.930525675250753359e-01
-1.762355244919278086e-01 -3.767796720354708029e-01
-2.135627548694756794e-01 -3.565855080390517573e-01
-2.485877706907857476e-01 -3.326925888774304729e-01
-2.809440175823519348e-01 -3.053627429192817822e-01
-3.102947113087164421e-01 -2.748941194518024211e-01
-3.363364342362644144e-01 -2.416177986187944549e-01
-3.588023446126115124e-01 -2.058940458195046286e-01
-3.774649636240439143e-01 -1.681082549694363770e-01
-3.921385103101593939e-01 -1.286666284582176634e-01
-4.026807598650146147e-01 -8.799164448066154609e-02
-4.089944065686246799e-01 -4.651736463348557504e-02
-4.110279184995392909e-01 -4.684636237952693842e-03
-4.087758772043662003e-01 3.706375524748370398e-02
-4.022788015683957941e-01 7.828792812754373220e-02
-3.916224583531028869e-01 1.185556872462188438e-01
-3.769366783487292372e-01 1.574471870824610820e-01
-3.583936915943187196e-01 1.945594294472397512e-01
-3.362059968581936342e-01 2.295105475478842194e-01
-3.106238012447787855e-01 2.619438234944311827e-01
-2.819320600223129136e-01 2.915313979673979095e-01
-2.504471535185705533e-01 3.179776324310988334e-01
-2.165132418316875196e-01 3.410220886775229832e-01
-1.804983414778374429e-01 3.604420952667122258e-01
-1.427901709103953365e-01 3.760548755277970945e-01
-1.037918140674014139e-01 3.877192171342111471e-01
-6.391725271446212220e-02 3.953366687984650185e-01
-2.358681933555871121e-02 3.988522552759784512e-01
1.677737732046723218e-02 3.982547075529402347e-01
5.675600220169290527e-02 3.935762107494004125e-01
9.593696847484238510e-02 3.848916778263709038e-01
1.339197871437528553e-01 3.723175625773394448e-01
1.703197443577798564e-01 3.560102305459430516e-01
2.047718615980738677e-01 3.361639113820152347e-01
2.369345970233097953e-01 3.130082606718002647e-01
2.664932498037870801e-01 2.868055634039213819e-01
2.931630332234894665e-01 2.578476149156770925e-01
3.166917866289139516e-01 2.264523183656491911e-01
3.368623008928613993e-01 1.929600404664373325e-01
3.534942368797255319e-01 1.577297693606188600e-01
3.664456190618243236e-01 1.211351177952626340e-01
3.756138998180140742e-01 8.356022617530653451e-02
3.809365872346461845e-01 4.539560524218534676e-02
3.823914295601144042e-01 7.033961859229784577e-03
3.799961676709114888e-01 -3.113393831270732173e-02
3.738078634305075920e-01 -6.872332902444482083e-02
3.639218182333856522e-01 -1.053593792396643192e-01
3.504701004197920411e-01 -1.406809654190898928e-01
3.336197043318095412e-01 -1.743442418045049180e-01
3.135703675142913482e-01 -2.060259732457983550e-01
2.905520759065362002e-01 -2.354265984952178814e-01
2.648222897896750916e-01 -2.622729955791984757e-01
2.366629257241362749e-01 -2.863209247972487437e-01
2.063771317111732506e-01 -3.073571290350334273e-01
1.742858943287479423e-01 -3.252010753593128634e-01
1.407245176180899893e-01 -3.397063262295558772e-01
1.060390140325511710e-01 -3.507615330588686464e-01
7.058244781085964981e-02 -3.582910492303799099e-01
3.471127071461722891e-02 -3.622551639711389937e-01
-1.218310807236649279e-03 -3.626499626530344522e-01
-3.685389927291309042e-02 -3.595068230814056909e-01
-7.185036459898705430e-02 -3.528915611026706145e-01
-1.058731633483844248e-01 -3.429032423723352707e-01
-1.386014872512136287e-01 -3.296726803386502147e-01
-1.697312121643111127e-01 -3.133606433843476036e-01
-1.989776198790906836e-01 -2.941557938552196161e-01
-2.260778740245532603e-01 -2.722723957173256437e-01
-2.507932305044156540e-01 -2.479478129001308206e-01
-2.729109609069586551e-01 -2.214398244147375849e-01
-2.922459811023210285e-01 -1.930237967913571440e-01
-3.086421750576693879e-01 -1.629897431459890189e-01
-3.219734084863073997e-01 -1.316393014419695306e-01
-3.321442303920904560e-01 -9.928266433210929109e-02
-3.390902639109283911e-01 -6.623549242700949025e-02
-3.427782910495968949e-01 -3.281584195585182662e-02
-3.432060389448218785e-01 6.588634077405108262e-04
-3.404016780827003874e-01 3.387478826226379691e-02
-3.344230455040358985e-01 6.652454218055438295e-02
-3.253566083534718545e-01 9.830991279940318184e-02
-3.133161851921773544e-01 1.289444528450402194e-01
-2.984414442725675798e-01 1.581559009424235995e-01
-2.808961994609415203e-01 1.856884184724603704e-01
-2.608665256862640058e-01 2.113046272383399815e-01
-2.385587166911836143e-01 2.347874352448598434e-01
-2.141971084694932470e-01 2.559416404488982777e-01
-1.880217921011860527e-01 2.745953048726320067e-01
-1.602862397541877093e-01 2.906008939533460400e-01
-1.312548674261003745e-01 3.038361784068520643e-01
-1.012005575680473834e-01 3.142048981804960173e-01
-7.040216408647449742e-02 3.216371902444458697e-01
-3.914202246008729319e-02 3.260897809952118531e-01
-7.703483715098387308e-03 3.275459584968706817e-01
2.363150960387585056e-02 3.260153247743455829e-01
5.458478279826381452e-02 3.215333313121326309e-01
8.488420949044794828e-02 3.141606173366756627e-01
1.142658973728037375e-01 3.039821590388639971e-01
1.424762652671271446e-01 2.911062420157838893e-01
1.692739990262285554e-01 2.756632699854541513e-01
1.944318753046851700e-01 2.578044234290458592e-01
2.177384437012602758e-01 2.377001822517432472e-01
2.389995592140906899e-01 2.155387268377207954e-01
2.580397583365732772e-01 1.915242320201966109e-01
2.747034734446415771e-01 1.658750685089922516e-01
2.888560813751577250e-01 1.388219262312281321e-01
3.003847832634642945e-01 1.106058738619941223e-01
3.091993137914412215e-01 8.147636856744698564e-02
3.152324789939758842e-01 5.168922966894079485e-02
3.184405226823545654e-01 2.150458957899619925e-02
3.188033223707818498e-01 -8.815165027318046936e-03
3.163244163422052613e-01 -3.900744924544691239e-02
3.110308641688528386e-01 -6.881152102667223436e-02
3.029729436199085635e-01 -9.797049556614728649e-02
2.922236874533282180e-01 -1.262333216335202735e-01
2.788782641115416516e-01 -1.533567088565042091e-01
2.630532068328781392e-01 -1.791069953157469197e-01
2.448854966293704527e-01 -2.032619420164107626e-01
2.245315045870830972e-01 -2.256124538712753758e-01
2.021657967022601476e-01 -2.459642108232991120e-01
1.779798108546472302e-01 -2.641391932602024650e-01
1.521804120664349280e-01 -2.799771021278296135e-01
1.249883332430744010e-01 -2.933366616510610370e-01
9.663650937754728054e-02 -3.040967959874638638e-01
6.736831379438283640e-02 -3.121576714325116075e-01
3.743570564129661271e-02 -3.174415961226625393e-01
7.097298503629527987e-03 -3.198937695561010486e-01
-2.338363928365414998e-02 -3.194828746828133892e-01
-5.374124132558481121e-02 -3.162015058178684335e-01
-8.370914481311270139e-02 -3.100664262156070383e-01
-1.130226243273980691e-01 -3.011186498181537274e-01
-1.414207442560548866e-01 -2.894233424681117994e-01
-1.686485155447935425e-01 -2.750695387596073238e-01
-1.944590418118585518e-01 -2.581696716991140339e-01
-2.186156392077767685e-01 -2.388589134605300923e-01
-2.408939138272933322e-01 -2.172943267480862417e-01
-2.610837799926595815e-01 -1.936538276234541223e-01
-2.789914023465862591e-01 -1.681349621046731302e-01
-2.944410444379423342e-01 -1.409535003961329414e-01
-3.072768063718429032e-01 -1.123418542498193368e-01
-3.173642341452855842e-01 -8.254732467448337718e-02
-3.245917835157138276e-01 -5.183018898469582414e-02
-3.288721215589709423e-01 -2.046164113976443877e-02
-3.301432515580982052e-01 1.127841145462316758e-02
-3.283694420765889688e-01 4.310367419678756695e-02
-3.235419479718091851e-01 7.472389148161188988e-02
-3.156795113890382698e-01 1.058473644057619234e-01
-3.048286304648059608e-01 1.361835372895377205e-01
-2.910635859647472956e-01 1.654456318274198090e-01
-2.744862179936640167e-01 1.933533062861237939e-01
-2.552254470244674223e-01 2.196353159471793881e-01
-2.334365357827787590e-01 2.440321499680013495e-01
-2.093000909760406592e-01 2.662986190369971418e-01
-1.830208064473324014e-01 2.862063676484357666e-01
-1.548259520385452115e-01 3.035462845431421419e-01
-1.249636152359438201e-01 3.181307848702890073e-01
-9.370070551135786796e-02 3.297959379390349999e-01
-6.132073412988601341e-02 3.384034150582104772e-01
-2.812138503363931230e-02 3.438422329153559831e-01
5.588104807181509988e-03 3.460302692265082580e-01
3.948973449852026529e-02 3.449155289939862534e-01
7.325967415352663270e-02 3.404771416351066171e-01
1.065713196447732880e-01 3.327260714794721963e-01
1.390984390069321119e-01 3.217055266606254071e-01
1.705183804031512873e-01 3.074910542290197890e-01
2.005153099360671431e-01 2.901903123623852943e-01
2.287834462680093661e-01 2.699425138171165917e-01
2.550302573834453690e-01 2.469175413311943401e-01
2.789795883035654511e-01 2.213147270474748740e-01
3.003746800281018592e-01 1.933613061734013039e-01
3.189810458674804394e-01 1.633105607303779183e-01
3.345891738530719639e-01 1.314396564819315383e-01
3.470170209416721385e-01 9.804719214505891456e-02
3.561122675231052082e-01 6.345048076606997489e-02
3.617543026275465978e-01 2.798258668518199821e-02
3.638559125257545546e-01 -8.010855121989783612e-03
3.623646481037587908e-01 -4.417500740130868991e-02
3.572638494507962004e-01 -8.014935388789398707e-02
3.485733094968577195e-01 -1.155713421526577966e-01
3.363495622402389862e-01 -1.500801085099663645e-01
3.206857850770459262e-01 -1.833202456798903035e-01
3.017113089401786685e-01 -2.149455725392725169e-01
2.795907343272623913e-01 -2.446228643944399761e-01
2.545226557941731582e-01 -2.720355017875644710e-01
2.267380020591172052e-01 -2.968869959253359614e-01
1.964980034454050783e-01 -3.189043494034180526e-01
1.640918029313151449e-01 -3.378412119972675765e-01
1.298337315142809867e-01 -3.534807928967793611e-01
9.406027287562822303e-02 -3.656384928694940695e-01
5.712674639369089147e-02 -3.741642224286179652e-01
1.940374134148757299e-02 -3.789443751349231837e-01
-1.872666143313121007e-02 -3.799034286462686927e-01
-5.687483973925237107e-02 -3.770051530410022944e-01
-9.464771522367247669e-02 -3.702533985273546158e-01
-1.316529233524181275e-01 -3.596924523058770973e-01
-1.675030217588002746e-01 -3.454069620625885850e-01
-2.018196942422616214e-01 -3.275214121692720526e-01
-2.342379008424364251e-01 -3.061991554881355881e-01
-2.644099262262914474e-01 -2.816410061995630598e-01
-2.920092791635838236e-01 -2.540834042973831308e-01
-3.167343969855384023e-01 -2.237961675683110274e-01
-3.383121106181258830e-01 -1.910798519249267413e-01
-3.565008280415414288e-01 -1.562627458292653593e-01
-3.710933968307771336e-01 -1.196975291628676469e-01
-3.819196097505582199e-01 -8.175763120734624856e-02
-3.888483211762608360e-01 -4.283332633881201806e-02
-3.917891463489392434e-01 -3.327609555554764120e-03
-3.906937200992329218e-01 3.634810299829747265e-02
-3.855564966379866343e-01 7.577840082372050423e-02
-3.764150772522229516e-01 1.145483835105694237e-01
-3.633500582006691237e-01 1.522481917853424349e-01
-3.464843967069214936e-01 1.884775133359303800e-01
-3.259822986314770965e-01 2.228500114331019855e-01
-3.020476370954671697e-01 2.549976248481588548e-01
-2.749219169574352861e-01 2.845746886787161034e-01
-2.448818055384668624e-01 3.112618274315836486e-01
-2.122362552801029811e-01 3.347695740567617761e-01
-1.773232508474462676e-01 3.548416744179817006e-01
-1.405062092688894315e-01 3.712580294644569068e-01
-1.021700796211807288e-01 3.838372426777152402e-01
-6.271718762750533305e-02 3.924387488021981452e-01
-2.256286580285605040e-02 3.969644889302482715e-01
1.786907890876916413e-02 3.973601129796868747e-01
5.815100828458674709e-02 3.936156937148985180e-01
9.785615349038050137e-02 3.857659421952142065e-01
1.365633190890918336e-01 3.738899204183250280e-01
1.738615359676154160e-01 3.581102528881844327e-01
2.093546091762168992e-01 3.385918448017207760e-01
2.426655077545713801e-01 3.155401204416363736e-01
2.734405453490951210e-01 2.891988011092175848e-01
3.013533027885275661e-01 2.598472474585845071e-01
3.261082467508760185e-01 2.277973963319434025e-01
3.474440021892430397e-01 1.933903270774466332e-01
3.651362402436368892e-01 1.569924967948992389e-01
3.790001479006460117e-01 1.189916879427318080e-01
3.888924506166266948e-01 7.979271520134728624e-02
3.947129644310372609e-01 3.981294137882687711e-02
3.964056596983278058e-01 -5.223455719599113048e-04
3.939592243890394641e-01 -4.078464070974455180e-02
3.874071208802958299e-01 -8.054696073158998382e-02
3.768271361975228939e-01 -1.193885580492151793e-01
3.623404317069348624e-01 -1.568995556508629430e-01
3.441101066267308606e-01 -1.926854516755177049e-01
3.223392846560426128e-01 -2.263714350798412545e-01
2.972687547261802510e-01 -2.576064649652757832e-01
2.691741978835459626e-01 -2.860670740782228494e-01
2.383630259087298198e-01 -3.114608459424236808e-01
2.051708725975925351e-01 -3.335295283698334057e-01
1.699577797252095623e-01 -3.520517485935021895e-01
1.331041231930045199e-01 -3.668453001499872856e-01
9.500632776756320896e-02 -3.777689768705516093e-01
5.607242112193919908e-02 -3.847239348525923752e-01
1.671747956012905809e-02 -3.876545690047275561e-01
-2.264098117548755604e-02 -3.865488966176300334e-01
-6.158761625536866152e-02 -3.814384463334568043e-01
-9.971380981745481265e-02 -3.723976567945168070e-01
-1.366221282274377447e-01 -3.595427950721223898e-01
-1.719306176427186084e-01 -3.430304106363786243e-01
-2.052768971883450755e-01 -3.230553460564303814e-01
-2.363220018458773719e-01 -2.998483307513284957e-01
-2.647539324919501169e-01 -2.736731888813324076e-01
-2.902908743561667393e-01 -2.448236968204366704e-01
-3.126840494456389341e-01 -2.136201295312948611e-01
-3.317201731483093718e-01 -1.804055385281420065e-01
-3.472234902168890303e-01 -1.455418069234478418e-01
-3.590573705837996066e-01 -1.094055292790895306e-01
-3.671254508960819507e-01 -7.238376559987516612e-02
-3.713723161857677146e-01 -3.486971769265220095e-02
-3.717837087870882740e-01 2.741616380300189882e-03
-3.683862753616378161e-01 4.005775999696305212e-02
-3.612468650757918454e-01 7.669300490367308987e-02
-3.504713828495872319e-01 1.122725335126707330e-01
-3.362032195718914762e-01 1.464363719596008806e-01
-3.186212826214969152e-01 1.788431304972116220e-01
-2.979376544881183198e-01 2.091734908979659968e-01
-2.743949113405317886e-01 2.371334040906741270e-01
-2.482631369948091471e-01 2.624569652134151609e-01
-2.198366708537786429e-01 2.849089375711021388e-01
-1.894306309863952043e-01 3.042869015813154387e-01
-1.573772555668478679e-01 3.204230096137188344e-01
-1.240221073797447282e-01 3.331853326115647440e-01
-8.972018700906288224e-02 3.424787894623360085e-01
-5.483200066198572892e-02 3.482456551919890231e-01
-1.971962833918647004e-02 3.504656491276753050e-01
1.525716273698004416e-02 3.491556091428176245e-01
4.974471586585328675e-02 3.443687629039395293e-01
8.339915206807831105e-02 3.361936116217904003e-01
1.158898673625736314e-01 3.247524461150800845e-01
1.469028235208300337e-01 3.101995189731716063e-01
1.761435988756628879e-01 2.927189002092418502e-01
2.033401692883242129e-01 2.725220469883695151e-01
2.282453932018361498e-01 2.498451207626167792e-01
2.506391821935933240e-01 2.249460859210393182e-01
2.703303282420407849e-01 1.981016303323691885e-01
2.871579827279008845e-01 1.696039474786781298e-01
3.009927845504478117e-01 1.397574139865094822e-01
3.117376220954850563e-01 1.088752060888049933e-01
3.193280326160641835e-01 7.727589376475800520e-02
3.237322432077137102e-01 4.528005129763537639e-02
3.249508616841667030e-01 1.320692180323386478e-02
3.230162295722423527e-01 -1.862882834274011065e-02
3.179914530996475475e-01 -4.992023127904116064e-02
3.099691314056256530e-01 -8.037098413202445335e-02
2.990698042252906141e-01 -1.096982314069168823e-01
2.854401439533806317e-01 -1.376351375200511595e-01
2.692509192570923249e-01 -1.639332269318361512e-01
2.506947592617738696e-01 -1.883644727609692648e-01
2.299837487648691559e-01 -2.107231183139620934e-01
2.073468859362525007e-01 -2.308272195989951592e-01
1.830274345367274846e-01 -2.485199005582376941e-01
1.572802028368762983e-01 -2.636703163978572628e-01
1.303687811572905031e-01 -2.761743239715078180e-01
1.025627692957173376e-01 -2.859548616350013339e-01
7.413502407913025172e-02 -2.929620442940285008e-01
4.535895590617723683e-02 -2.971729824736542014e-01
1.650590145902425254e-02 -2.985913371123861126e-01
-1.215740220200007236e-02 -2.972466243939358987e-01
-4.037122285917429942e-02 -2.931932864713059916e-01
-6.788508551210740982e-02 -2.865095474021093769e-01
-9.445986200524789100e-02 -2.772960773792786937e-01
-1.198696900052580311e-01 -2.656744826510953339e-01
-1.439036972679212933e-01 -2.517856453713862019e-01
-1.663675251882699158e-01 -2.357879367646113222e-01
-1.870846446250441775e-01 -2.178553272674743357e-01
-2.058974597244070392e-01 -1.981754173096469673e-01
-2.226681981152091316e-01 -1.769474120867518263e-01
-2.372795883743682721e-01 -1.543800630782302674e-01
-2.496353280346664816e-01 -1.306895981942753360e-01
-2.596603476007338651e-01 -1.060976613261038343e-01
-2.673008780284272801e-01 -8.082928075172962634e-02
-2.725243308887635441e-01 -5.511088434655034285e-02
-2.753190019650141318e-01 -2.916837789759017807e-02
-2.756936103100963154e-01 -3.225301056277057963e-03
-2.736766858151865045e-01 2.249892637825889191e-02
-2.693158191082937747e-01 4.779065704082589849e-02
-2.626767881165704699e-01 7.244355854059797428e-02
-2.538425758958636758e-01 9.626003893121515276e-02
-2.429122943668725609e-01 1.190525499066914378e-01
-2.300000284143974838e-01 1.406447642646120599e-01
-2.152336144229360648e-01 1.608726258181956692e-01
-1.987533667595643427e-01 1.795852714514201975e-01
-1.807107649972541363e-01 1.966458263777935978e-01
-1.612671100327840723e-01 2.119320748567755097e-01
-1.405921715728245536e-01 2.253370079814545068e-01
-1.188628295417825109e-01 2.367692570421160436e-01
-9.626171014391859959e-02 2.461534146028702963e-01
-7.297583595256758315e-02 2.534302478035725392e-01
-4.919529303784547086e-02 2.585568103183653599e-01
-2.511192079182026499e-02 2.615064587246926364e-01
-9.180291112073221075e-04 2.622687790181518763e-01
2.319485332410809592e-02 2.608494288464959232e-01
4.703719676425238000e-02 2.572699007478086441e-01
7.042265189587369745e-02 2.515672112829791529e-01
9.316919353336111653e-02 2.437935204725965033e-01
1.151002253424030092e-01 2.340156854061378466e-01
1.360456447606586405e-01 2.223147513105983020e-01
1.558428674563847594e-01 2.087853827706242782e-01
1.743378107025278512e-01 1.935352372067384585e-01
1.913858349462957964e-01 1.766842821657104989e-01
2.068526426312289057e-01 1.583640574796809919e-01
2.206151329921944848e-01 1.387168829288447647e-01
2.325622111083683885e-01 1.178950117148071658e-01
2.425955489826411571e-01 9.605972983417596089e-02
2.506302958377246703e-01 7.338040134774430345e-02
2.565957342011341291e-01 5.003345957987340165e-02
2.604358777161520089e-01 2.620134446216090471e-02
2.621100059877291555e-01 2.071386558438198609e-03
2.615931274939433115e-01 -2.216536195602333836e-02
2.588763755446331083e-01 -4.631534387311901646e-02
2.539673246475289692e-01 -7.018376441849207004e-02
2.468902121867820876e-01 -9.357590539593078904e-02
2.376860695945714197e-01 -1.162984788099092476e-01
2.264127525914675643e-01 -1.381610162645958428e-01
2.131448635630197597e-01 -1.589772878017360336e-01
1.979735593690073736e-01 -1.785667426760163268e-01
1.810062382909485013e-01 -1.967559633826513887e-01
1.623661004192467339e-01 -2.133801230744822031e-01
1.421915765665129894e-01 -2.282844353623803002e-01
1.206356217669441178e-01 -2.413255844113855741e-01
9.786487057801465661e-02 -2.523731222539364327e-01
7.405865273097902990e-02 -2.613108193684915426e-01
4.940786916770696646e-02 -2.680379538434207176e-01
2.411373013628088577e-02 -2.724705238873441071e-01
-1.613641223910664392e-03 -2.745423680810609168e-01
-2.755673451896034631e-02 -2.742061776132289630e-01
-5.349229973981056013e-02 -2.714343848193371822e-01
-7.919310771081866651e-02 -2.662199126651386138e-01
-1.044298121681587199e-01 -2.585767703916341809e-01
-1.289729003239809824e-01 -2.485404813748638697e-01
-1.525947168630391315e-01 -2.361683303517899679e-01
-1.750715444995659953e-01 -2.215394185205510902e-01
-1.961857225282564177e-01 -2.047545166318435195e-01
-2.157277798619865461e-01 -1.859357066492807464e-01
-2.334985707945705369e-01 -1.652258117566093032e-01
-2.493113858685256923e-01 -1.427876043777658588e-01
-2.629940061082730596e-01 -1.188027903702585236e-01
-2.743906866835920666e-01 -9.347077572279152702e-02
-2.833640426635031795e-01 -6.700721772782684826e-02
-2.897968125661961603e-01 -3.964236748881351524e-02
-2.935934757655849769e-01 -1.161921345444554172e-02
-2.946817005097761566e-01 1.680856149399773819e-02
-2.930136003452203930e-01 4.537879408305006690e-02
-2.885667781214563687e-01 7.382320778591917876e-02
-2.813451384686949663e-01 1.018699124460782923e-01
-2.713794516822589653e-01 1.292460133551591450e-01
-2.587276542969894066e-01 1.556803045467182178e-01
-2.434748742689141765e-01 1.809060191072408286e-01
-2.257331715735187982e-01 2.046636076299355178e-01
-2.056409881479910329e-01 2.267035145789324246e-01
-1.833623044126593549e-01 2.467889213211983679e-01
-1.590855030644912071e-01 2.646984239463422428e-01
-1.330219443996204787e-01 2.802286137512647324e-01
-1.054042610463363228e-01 2.931965284329235977e-01
-7.648438362656444223e-02 3.034419426184164492e-01
-4.653131246294126000e-02 3.108294673714245282e-01
-1.582865395969787481e-02 3.152504297461149463e-01
1.532805634168789115e-02 3.166245053060823267e-01
4.663421583034141338e-02 3.149010768519183712e-01
7.777918214290722998e-02 3.100603043334335673e-01
1.084494312508914871e-01 3.021138794822689211e-01
1.383318053380085122e-01 2.911054472290605655e-01
1.671168241329218929e-01 2.771106880992580956e-01
1.945020204804205344e-01 2.602370505681217416e-01
2.201952623126636199e-01 2.406231289271478779e-01
2.439180224924728524e-01 2.184376864021869702e-01
2.654085577855486711e-01 1.938783275490306435e-01
2.844249584909014916e-01 1.671698282803016078e-01
3.007480310251861022e-01 1.385621361914609884e-01
3.141839770167851320e-01 1.083280580961913930e-01
3.245668342123935179e-01 7.676065579476849809e-02
3.317606467186731134e-01 4.417037502653314851e-02
3.356613347737598119e-01 1.088193624398937909e-02
3.361982373409278524e-01 -2.276898076145958058e-02
3.333353043062707854e-01 -5.643922330326942016e-02
3.270719189046566444e-01 -8.978178557472910049e-02
3.174433351489203692e-01 -1.224495217881369780e-01
3.045207194468415590e-01 -1.540989109491096576e-01
2.884107902053181793e-01 -1.843938302717930133e-01
2.692550539841144785e-01 -2.130092934964039897e-01
2.472286416127321695e-01 -2.396351101642388570e-01
2.225387525613899964e-01 -2.639794222472501839e-01
1.954227206977835474e-01 -2.857720754224925552e-01
1.661457218671076319e-01 -3.047677813993596718e-01
1.349981390327106012e-01 -3.207490402011549668e-01
1.022926141137892042e-01 -3.335287780894722331e-01
6.836082454657819996e-02 -3.429526641164682421e-01
3.355001185517539342e-02 -3.489010825656012060e-01
-1.780697824881892965e-03 -3.512907319263226524e-01
-3.726414042089089967e-02 -3.500758281025097007e-01
-7.252908452343417856e-02 -3.452488941027853642e-01
-1.072042807347888815e-01 -3.368411232748863560e-01
-1.409225432255516164e-01 -3.249223081663955015e-01
-1.733248161655467079e-01 -3.096003322576906247e-01
-2.040641774832062660e-01 -2.910202270547379011e-01
-2.328097327854237175e-01 -2.693628022826791701e-01
-2.592503532370334374e-01 -2.448428621187090648e-01
-2.830982127474057086e-01 -2.177070254774610136e-01
-3.040920819253047913e-01 -1.882311732481495581e-01
-3.220003389187078291e-01 -1.567175500162679702e-01
-3.366236604230308238e-01 -1.234915521228866497e-01
-3.477973597815534057e-01 -8.889823786450348764e-02
-3.553933431717544167e-01 -5.329859916351399607e-02
-3.593216593208968801e-01 -1.706563709655640679e-02
-3.595316229684386578e-01 1.941971378592372705e-02
-3.560124973321419639e-01 5.577276541517638825e-02
-3.487937260758395275e-01 9.160931207394822084e-02
-3.379447106535669043e-01 1.265498729862261085e-01
-3.235741364497281558e-01 1.602238896006430158e-01
-3.058288493003926689e-01 1.922738373684581559e-01
-2.848922956235735438e-01 2.223591964400200016e-01
-2.609825498804133059e-01 2.501602306936674958e-01
-2.343499459183454592e-01 2.753815391977749161e-01
-2.052743408273288994e-01 2.977553355164266335e-01
-1.740620428843475398e-01 3.170444164970737111e-01
-1.410424391988253090e-01 3.330447858806099282e-01
-1.065643622703618121e-01 3.455879022043124582e-01
-7.099223778463566170e-02 3.545425249734904249e-01
-3.470205856422418217e-02 3.598161379011000083e-01
1.922768373949318606e-03 3.613559330944996484e-01
3.849565324887670864e-02 3.591493453401976010e-01
7.463108417230905622e-02 3.532241310337062012e-01
1.099488675237147578e-01 3.436479917538176054e-01
1.440782988973422218e-01 3.305277479195246615e-01
1.766622164413695073e-01 3.140080733245509403e-01
2.073608899645304759e-01 2.942698065514408046e-01
2.358557013086808318e-01 2.715278602589519252e-01
2.618525741474420077e-01 2.460287540507411497e-01
2.850851145353647254e-01 2.180478010115007581e-01
3.053174271566405085e-01 1.878859819849438562e-01
3.223465762590981831e-01 1.558665452177910027e-01
3.360046646547842908e-01 1.223313720626126311e-01
3.461605088651842355e-01 8.763715198394873840e-02
3.527208950773236262e-01 5.215141491316532124e-02
3.556314003107021171e-01 1.624845842233208631e-02
3.548767721319160406e-01 -1.969477535857117045e-02
3.504808710644352621e-01 -5.530282042330706554e-02
3.425061751203976046e-01 -9.020576657408663213e-02
3.310528564675976892e-01 -1.240432484375411787e-01
3.162574442424475052e-01 -1.564682986937243059e-01
2.982910923016797167e-01 -1.871510224034853564e-01
2.773574752130094634e-01 -2.157820518321800773e-01
2.536903399635168088e-01 -2.420757441526949494e-01
2.275507446646012344e-01 -2.657730878256924778e-01
1.992240189098850589e-01 -2.866442872521792196e-01
1.690164833592545657e-01 -3.044909994207842252e-01
1.372519685466232764e-01 -3.191482006736229282e-01
1.042681748160501770e-01 -3.304856663314109100e-01
7.041291666268593985e-02 -3.384090506896002548e-01
3.604029558099380165e-02 -3.428605597604199584e-01
1.506845799424365827e-03 -3.438192140280945108e-01
-3.283230298792264718e-02 -3.413007033438610893e-01
-6.662720258518600724e-02 -3.353568408526694800e-01
-9.953676096638860993e-02 -3.260746274556109436e-01
-1.312322744789803930e-01 -3.135749427150603674e-01
-1.614007796771477210e-01 -2.980108822506142285e-01
-1.897481895822148157e-01 -2.795657655048198187e-01
-2.160021822515284795e-01 -2.584508412348761053e-01
-2.399148141848346238e-01 -2.349027241020035517e-01
-2.612648312149707941e-01 -2.091805860321740429e-01
-2.798596548389641891e-01 -1.815631448077997256e-01
-2.955370318052332190e-01 -1.523454923892104684e-01
-3.081663312181929237e-01 -1.218357920660284172e-01
-3.176494814102167608e-01 -9.035188663879188675e-02
-3.239215426218109428e-01 -5.821785697929018899e-02
-3.269509158344506838e-01 -2.576057010944025893e-02
-3.267391923086649941e-01 6.693744741146381849e-03
-3.233206524410813243e-01 3.882285477068068980e-02
-3.167614264197264884e-01 7.031178116530488464e-02
-3.071583327820653908e-01 1.008559217732122176e-01
-2.946374143243641330e-01 1.301640074039908945e-01
-2.793521938379982528e-01 1.579608629116809604e-01
-2.614816748273835478e-01 1.839899471509077733e-01
-2.412281146697912160e-01 2.080156490652291801e-01
-2.188145995895756646e-01 2.298253205286679146e-01
-1.944824523242531522e-01 2.492310300670380063e-01
-1.684885044492540063e-01 2.660710251861375109e-01
-1.411022659997137607e-01 2.802108946801843414e-01
-1.126030252847978752e-01 2.915444259377406588e-01
-8.327691164176129202e-02 2.999941558568623434e-01
-5.341395333750013213e-02 3.055116174814074825e-01
-2.330516191399726461e-02 3.080772878340038989e-01
6.760326985425564594e-03 3.077002456088994142e-01
3.649802865727792833e-02 3.044175533959557756e-01
6.563077260401291302e-02 2.982933692663694569e-01
9.389122760645410293e-02 2.894178114063822860e-01
1.210242703634138578e-01 2.779056007757167435e-01
1.467891762919683873e-01 2.638944932279071454e-01
1.709616156658747277e-01 2.475435266302906112e-01
1.933354409029698628e-01 2.290311065937563895e-01
2.137242536268976478e-01 2.085529552958543253e-01
2.319627429613635161e-01 1.863199484234104863e-01
2.479077893278485711e-01 1.625558654792975677e-01
2.614393307736595506e-01 1.374950786037624773e-01
2.724609915219673439e-01 1.113802046691496489e-01
2.809004749774702270e-01 8.445974473712300479e-02
2.867097258120208658e-01 5.698573404203242238e-02
2.898648679689913576e-01 2.921142450818969491e-02
2.903659274420640202e-01 1.389020450143691778e-03
2.882363504862596737e-01 -2.623251342697384414e-02
2.835223294931540905e-01 -5.340955428459707305e-02
2.762919500993603061e-01 -7.990581800873264307e-02
2.666341741925792874e-01 -1.054942368774979267e-01
2.546576743320460579e-01 -1.299587061603832694e-01
2.404895357131209277e-01 -1.530956897027032915e-01
2.242738421859441500e-01 -1.747156764686052521e-01
2.061701629957796433e-01 -1.946444818971977964e-01
1.863519568613468957e-01 -2.127243897436795206e-01
1.650049093941779177e-01 -2.288151349115682409e-01
1.423252195137221787e-01 -2.427947167462815858e-01
1.185178531259420409e-01 -2.545600497919934813e-01
9.379477575046188398e-02 -2.640274603481679860e-01
6.837317841406660712e-02 -2.711330223812370988e-01
4.247371009478610737e-02 -2.758327400763586623e-01
1.631872872406705741e-02 -2.781025821136016707e-01
-9.869418242067048291e-03 -2.779383735045278803e-01
-3.587007368417668290e-02 -2.753555514234863888e-01
-6.146590212082969629e-02 -2.703887919192354272e-01
-8.644446443974138083e-02 -2.630915147057546477e-01
-1.105997289869053157e-01 -2.535352734177470091e-01
-1.337335128228227255e-01 -2.418090387899254068e-01
-1.556568477650112081e-01 -2.280183821950598766e-01
-1.761912665652183296e-01 -2.122845668705976852e-01
-1.951700052109659189e-01 -1.947435539950843619e-01
-2.124391178899029120e-01 -1.755449305617378108e-01
-2.278585016105784955e-01 -1.548507657555685535e-01
-2.413028278361810386e-01 -1.328344022902558097e-01
-2.526623787628139439e-01 -1.096791889186897184e-01
-2.618437860679111995e-01 -8.557716011261336242e-02
-2.687706700767570345e-01 -6.072766872657131554e-02
-2.733841773572146527e-01 -3.533597733196595231e-02
-2.756434147680019708e-01 -9.611813838865130438e-03
-2.755257779689397890e-01 1.623210297566500190e-02
-2.730271724726781590e-01 4.198156546261942040e-02
-2.681621234418200550e-01 6.742239136903567520e-02
-2.609637759840975346e-01 9.234195025790395417e-02
-2.514837819137797359e-01 1.165307025246772876e-01
-2.397920699942898970e-01 1.397837347326869040e-01
-2.259764985943167881e-01 1.619022870998478025e-01
-2.101423891201291139e-01 1.826952654586166680e-01
-1.924119388937918784e-01 2.019807294902735695e-01
-1.729235125562932074e-01 2.195873484927106378e-01
-1.518308115940738556e-01 2.353558153951119947e-01
-1.293019222223242282e-01 2.491402092017012126e-01
-1.055182426110775618e-01 2.608092955496520426e-01
-8.067329130997780151e-02 2.702477546234686723e-01
-5.497139971094910232e-02 2.773573252999881333e-01
-2.862629247802510324e-02 2.820578541247507065e-01
-1.859561060387028304e-03 2.842882375612018619e-01
2.510096332473186337e-02 2.840072459272960370e-01
5.202292951401086413e-02 2.811942175562109902e-01
7.867126991148749859e-02 2.758496120037191024e-01
1.048100771633476286e-01 2.679954115865672004e-01
1.302045420415258170e-01 2.576753611835229663e-01
1.546229391802373399e-01 2.449550370700321056e-01
1.778386459512885376e-01 2.299217365918757305e-01
1.996321784777019270e-01 2.126841817124771605e-01
2.197932275981359374e-01 1.933720308885753247e-01
2.381226771471430803e-01 1.721351922736077400e-01
2.544345821508432470e-01 1.491429450512918586e-01
2.685580917828589986e-01 1.245828634247572869e-01
2.803392958477776697e-01 9.865953804888934198e-02
2.896429715359937762e-01 7.159310812744312802e-02
2.963542109416844594e-01 4.361760761400599457e-02
3.003799087700873560e-01 1.497913414141843758e-02
3.016500901336163776e-01 -1.406614832961821694e-02
3.001190590912555800e-01 -4.325415978799371231e-02
2.957663496271007442e-01 -7.231519169343783582e-02
2.885974620925581546e-01 -1.009763138038347052e-01
2.786443697487583360e-01 -1.289638802234941706e-01
2.659657819328512529e-01 -1.560061125840187524e-01
2.506471525210449136e-01 -1.818357364456918424e-01
2.328004247549954331e-01 -2.061926453973578210e-01
2.125635061144847959e-01 -2.288265659689965870e-01
1.900994697320055604e-01 -2.494996953836846054e-01
1.655954818236862747e-01 -2.679892833915361594e-01
1.392614577220971095e-01 -2.840901289712621791e-01
1.113284523027559259e-01 -2.976169625749782166e-01
8.204679385773959444e-02 -3.084066848443215436e-01
5.168397374456878968e-02 -3.163204333515579059e-01
2.052230738264811116e-02 -3.212454499239187911e-01
-1.114361466187085981e-02 -3.230967224933971038e-01
-4.300966371420813367e-02 -3.218183771727077258e-01
-7.476507460883061174e-02 -3.173847955100910223e-01
-1.060954798342564342e-01 -3.098014453860175044e-01
-1.366860519475974201e-01 -2.991054043598905809e-01
-1.662247228005181710e-01 -2.853655546627826278e-01
-1.944054418216760172e-01 -2.686824479082445261e-01
-2.209314399668429185e-01 -2.491878301194193623e-01
-2.455184631843734810e-01 -2.270438240155124854e-01
-2.678979386262622109e-01 -2.024417694382171229e-01
-2.878200366570093371e-01 -1.756007268359502937e-01
-3.050565919883876931e-01 -1.467656528104842317e-01
-3.194038480065773400e-01 -1.162052608145731081e-01
-3.306849895615109891e-01 -8.420958411698904744e-02
-3.387524311528298804e-01 -5.108726206898215466e-02
-3.434898295623954323e-01 -1.716257445975623644e-02
-3.448137925332576126e-01 1.722774771472126640e-02
-3.426752580565082806e-01 5.173790347647271720e-02
-3.370605221715949895e-01 8.601656053847545058e-02
-3.279918968777183474e-01 1.197105142901380842e-01
-3.155279837537180443e-01 1.524684277725830706e-01
-2.997635531462244929e-01 1.839446115742323640e-01
-2.808290232612739024e-01 2.138028013022952312e-01
-2.588895381296255072e-01 2.417198895087326882e-01
-2.341436481541606107e-01 2.673895686899356861e-01
-2.068216017299863152e-01 2.905258422509571781e-01
-1.771832611935816315e-01 3.108663611340999888e-01
-1.455156594525337244e-01 3.281755426087595295e-01
-1.121302257586632295e-01 3.422474391295413643e-01
-7.735970143023589152e-02 3.529083174429878955e-01
-4.155477479147040576e-02 3.600189075183976573e-01
-5.080475454240596621e-03 3.634762982648816476e-01
3.168763605964051988e-02 3.632154511995502877e-01
6.836744226047240802e-02 3.592103095284432945e-01
1.045743625779561176e-01 3.514744845984505983e-01
1.399255215517943574e-01 3.400615064614339045e-01
1.740439441948119781e-01 3.250646303041395124e-01
2.065627304690911825e-01 3.066161956785778964e-01
2.371291604662151276e-01 2.848865407536441685e-01
2.654086821244294181e-01 2.600824791340077269e-01
2.910887341525594807e-01 2.324453520895335412e-01
3.138823582593154859e-01 2.022486742401299054e-01
3.335315567958362926e-01 1.697953957798662150e-01
3.498103544899451300e-01 1.354148091347542049e-01
3.625275260560212875e-01 9.945913246735690882e-02
3.715289550708350541e-01 6.229980660813408400e-02
3.766995935724596345e-01 2.432354575192159987e-02
3.779649963194126050e-01 -1.407181444326214420e-02
3.752924084876373967e-01 -5.248162492471158264e-02
3.686913907258007050e-01 -9.049883880263558111e-02
3.582139708722673621e-01 -1.277184840491852880e-01
3.439543171939682953e-01 -1.637421419258133781e-01
3.260479317175760672e-01 -1.981823771674210977e-01
3.046703767335892099e-01 -2.306670737720655784e-01
2.800355401139282274e-01 -2.608436236736907388e-01
2.523934541375152940e-01 -2.883829129838725303e-01
2.220276970478095580e-01 -3.129830645005867718e-01
1.892524029035913269e-01 -3.343728901749560833e-01
1.544089124610609209e-01 -3.523150120829012799e-01
1.178621022599381507e-01 -3.666086141906623741e-01
7.999643308739236292e-02 -3.770917914244171776e-01
4.121176250905547733e-02 -3.836434672038278593e-01
1.918969139869110621e-03 -3.861848556206494143e-01
-3.746456126041353835e-02 -3.846804497748963492e-01
-7.651953597389242467e-02 -3.791385233566474944e-01
-1.148293887201256719e-01 -3.696111383121520877e-01
-1.519848926522888444e-01 -3.561936572868429907e-01
-1.875886994635405647e-01 -3.390237654220031871e-01
-2.212597518844099387e-01 -3.182800119224600821e-01
-2.526375182678240461e-01 -2.941798875365209676e-01
-2.813860000020529384e-01 -2.669774596245320653e-01
-3.071974651384926092e-01 -2.369605917693892172e-01
-3.297958648381769109e-01 -2.044477798347820452e-01
-3.489398929882226441e-01 -1.697846409427537506e-01
-3.644256535702501409e-01 -1.333400959641334038e-01
-3.760889050241755793e-01 -9.550228974205243748e-02
-3.838068558841196687e-01 -5.667429635499336010e-02
-3.874994891368130356e-01 -1.726966085764748693e-02
-3.871304078017220873e-01 2.229217472184649718e-02
-3.827071865889226654e-01 6.159050747308809914e-02
-3.742812229095729970e-01 1.002080131732125123e-01
-3.619470969044220610e-01 1.377353402478888600e-01
-3.458414465472259836e-01 1.737756041291209086e-01
-3.261413720631424762e-01 2.079487304516390855e-01
-3.030623894238756444e-01 2.398955974765051014e-01
-2.768559579436884466e-01 2.692819306728816975e-01
-2.478066119387383193e-01 2.958019054927346625e-01
-2.162287309663203372e-01 3.191814179974747923e-01
-1.824629872754868209e-01 3.391809870926512649e-01
-1.468725127270081587e-01 3.555982566434044978e-01
-1.098388305361266415e-01 3.682700706209986463e-01
-7.175759972041993728e-02 3.770740996065877759e-01
-3.303422206920526849e-02 3.819300023862085558e-01
5.920637230076953444e-03 3.828001119420147424e-01
4.469556348149739816e-02 3.796896408085497221e-01
8.288288899939207088e-02 3.726464064482347127e-01
1.200831209372191233e-01 3.617600829363267767e-01
1.559092502912530209e-01 3.471609907626156399e-01
1.899908937237783091e-01 3.290184418874272931e-01
2.219782221993871207e-01 3.075386622683518589e-01
2.515456333117166987e-01 2.829623188405748779e-01
2.783951275557365324e-01 2.555616823313777153e-01
3.022593503833113093e-01 2.256374624074972413e-01
3.229042756466486419e-01 1.935153515896834708e-01
3.401314975934410789e-01 1.595423194591010507e-01
3.537801050835518435e-01 1.240827055304397630e-01
3.637281278684914576e-01 8.751415406788137785e-02
3.698935404525320325e-01 5.022343906591802964e-02
3.722348167785954343e-01 1.260222773939514811e-02
3.707510342864779318e-01 -2.495716897704916559e-02
3.654815311464038596e-01 -6.206601084846521954e-02
3.565051256127509394e-01 -9.834326060610726339e-02
3.439389114087806898e-01 -1.334195885400625559e-01
3.279366477841947902e-01 -1.669412059722685249e-01
3.086867673279993785e-01 -1.985734867303278195e-01
2.864100287187331673e-01 -2.280043387604987482e-01
2.613568453069581299e-01 -2.549472914437023729e-01
2.338043237110733197e-01 -2.791442679624671630e-01
2.040530494331569134e-01 -3.003680161567041651e-01
1.724236588393037450e-01 -3.184241756462684036e-01
1.392532386781884790e-01 -3.331529635303464021e-01
1.048915956186347032e-01 -3.444304656382515262e-01
6.969743906505385111e-02 -3.521695250430176838e-01
3.403452075894457945e-02 -3.563202242982142498e-01
-1.732225597777288604e-03 -3.568699625605867287e-01
-3.724050224239495305e-02 -3.538431333591378625e-01
-7.213438158749189977e-02 -3.473004132102354147e-01
-1.060679151281095911e-01 -3.373376762199785661e-01
-1.387085867407289452e-01 -3.240845519139416986e-01
-1.697405704944456861e-01 -3.077026472023689507e-01
-1.988677568953465813e-01 -2.883834609595992138e-01
-2.258165258592241542e-01 -2.663460178677700130e-01
-2.503382389841228850e-01 -2.418342526352639799e-01
-2.722114297049702536e-01 -2.151141776134057881e-01
-2.912436737735727976e-01 -1.864708685222651319e-01
-3.072731264787456618e-01 -1.562053042345317444e-01
-3.201697170512362578e-01 -1.246310973517430337e-01
-3.298359947349445709e-01 -9.207115264208932948e-02
-3.362076249995716304e-01 -5.885429030185791721e-02
-3.392535382720247017e-01 -2.531187046713758923e-02
-3.389757373290289699e-01 8.225545542259944318e-03
-3.354087730789002686e-01 4.143146309470789601e-02
-3.286189018274341400e-01 7.398661876964349182e-02
-3.187029402365370578e-01 1.055820110786490074e-01
-3.057868370141678671e-01 1.359217692336600891e-01
-2.900239828947330789e-01 1.647258343644381340e-01
-2.715932826595845451e-01 1.917324303520018813e-01
-2.506970147921012138e-01 2.167003043789902383e-01
-2.275585058505519565e-01 2.394107203594859623e-01
-2.024196477692298546e-01 2.596691915570300546e-01
-1.755382870639594917e-01 2.773069418882058157e-01
-1.471855153266215799e-01 2.921820885990819572e-01
-1.176428925784314683e-01 3.041805425108780048e-01
-8.719962606186325293e-02 3.132166246321352876e-01
-5.614973761577962685e-02 3.192333992584148183e-01
-2.478925165365640851e-02 3.222027305268895803e-01
6.586576274320402567e-03 3.221250691492434370e-01
3.768596304570790562e-02 3.190289790168056583e-01
6.822321013368369547e-02 3.129704157233610951e-01
9.792120265510501076e-02 3.040317710535311302e-01
1.265137755277366549e-01 2.923206992396087944e-01
1.537479290378210850e-01 2.779687422884867809e-01
1.793858782788990969e-01 2.611297729181205618e-01
2.032069231381470331e-01 2.419782746191427025e-01
2.250091277465088302e-01 2.207074790748948245e-01
2.446108005440240651e-01 1.975273816389897241e-01
2.618517683142522756e-01 1.726626557935821149e-01
2.765944396860305354e-01 1.463504875068175892e-01
2.887246556639293527e-01 1.188383501900826256e-01
2.981523267104079222e-01 9.038174054254653755e-02
3.048118577454739797e-01 6.124189498172121632e-02
3.086623641394150575e-01 3.168350561540014126e-02
3.096876833398095608e-01 1.972453834311953605e-03
3.078961881877214646e-01 -2.762642138143581172e-02
3.033204092350221259e-01 -5.685150442307729257e-02
2.960164744735465647e-01 -8.544651840174494195e-02
2.860633758285712758e-01 -1.131625611896320271e-01
2.735620745845843138e-01 -1.397600497171664624e-01
2.586344503719953947e-01 -1.650105620217184321e-01
2.414221090128105540e-01 -1.886985647312443004e-01
2.220850652260193125e-01 -2.106230186236835999e-01
2.008003059227711218e-01 -2.305988547920520271e-01
1.777602481656388178e-01 -2.484583143547260953e-01
1.531711039490468163e-01 -2.640521460739537196e-01
1.272511639554356200e-01 -2.772506572136991254e-01
1.002290123798811328e-01 -2.879446138704332969e-01
7.234168480877133101e-02 -2.960459878468532091e-01
4.383278099912422954e-02 -3.014885479104751353e-01
1.495054424658581217e-02 -3.042282939903877548e-01
-1.405408113688044053e-02 -3.042437335218738936e-01
-4.292940288061936061e-02 -3.015359997574236228e-01
-7.142493315053902170e-02 -2.961288124325305859e-01
-9.929332922715841669e-02 -2.880682817152845909e-01
-1.262923115363341064e-01 -2.774225568905436257e-01
-1.521865482076322218e-01 -2.642813217431252415e-01
-1.767494954214087199e-01 -2.487551391207503126e-01
-1.997651828755702130e-01 -2.309746476868028697e-01
-2.210299337615734272e-01 -2.110896144250203332e-01
-2.403540086932648701e-01 -1.892678470416846170e-01
-2.575631630902024405e-01 -1.656939710330940507e-01
-2.725001075891922420e-01 -1.405680768527867719e-01
-2.850258611552404231e-01 -1.141042433280661517e-01
-2.950209886235916623e-01 -8.652894448937935301e-02
-3.023867069547024888e-01 -5.807934591692109211e-02
-3.070458539043950386e-01 -2.900150190296819225e-02
-3.089437140096779055e-01 4.515378859947817829e-04
-3.080486870506850550e-01 3.002170299100174328e-02
-3.043527923144351277e-01 5.944794592536045003e-02
-2.978720007912726842e-01 8.846834274698951728e-02
-2.886463881857619929e-01 1.168222370870476701e-01
-2.767401025034041950e-01 1.442524133248048457e-01
-2.622411409879768507e-01 1.705072836745861464e-01
-2.452609323342767600e-01 1.953430730800161386e-01
-2.259337213876481121e-01 2.185259850135672921e-01
-2.044157549621185288e-01 2.398343305760356758e-01
-1.808842689575356211e-01 2.590606027017216539e-01
-1.555362786240186146e-01 2.760134768212620382e-01
-1.285871755975136199e-01 2.905197190351057612e-01
-1.002691371984439500e-01 3.024259827253328314e-01
-7.082935542866128364e-02 3.116004745991951541e-01
-4.052809509966228546e-02 3.179344714297735464e-01
-9.636592554358905383e-03 3.213436692505980963e-01
2.156519151965416090e-02 3.217693474823170585e-01
5.279094967254784054e-02 3.191793314279117166e-01
8.375051819229306638e-02 3.135687377725542846e-01
1.141524611581206383e-01 3.049604891654602024e-01
1.437067269070080311e-01 2.934055856406901919e-01
1.721273559287212485e-01 2.789831231134090594e-01
1.991352107882412292e-01 2.618000482198432621e-01
2.244607054000036794e-01 2.419906468002702982e-01
2.478465113796549935e-01 2.197157626613119030e-01
2.690502088047324603e-01 1.951617438257347570e-01
2.878468551820738131e-01 1.685391193720719993e-01
3.040314445919867214e-01 1.400810119470664861e-01
3.174212290928991598e-01 1.100412940334134088e-01
3.278578749150726779e-01 7.869249909256577358e-02
3.352094267577911957e-01 4.632350173970732621e-02
3.393720546366024160e-01 1.323698410593625134e-02
3.402715592063683125e-01 -2.025329153939687057e-02
3.378646133078441749e-01 -5.382538103661990703e-02
3.321397196410624808e-01 -8.715220195022999050e-02
3.231178669436503559e-01 -1.199046946152196869e-01
3.108528698271053603e-01 -1.517550704919900517e-01
2.954313804747668581e-01 -1.823801157980770304e-01
2.769725637028523368e-01 -2.114645167914088741e-01
2.556274303971015072e-01 -2.387041718332625906e-01
2.315778280247893783e-01 -2.638094544877847558e-01
2.050350907439541237e-01 -2.865083914430112122e-01
1.762383555442126049e-01 -3.065497189852174342e-01
1.454525548094188214e-01 -3.237057821385525003e-01
1.129660996424684538e-01 -3.377752414042145546e-01
7.908827218614178367e-02 -3.485855533011495422e-01
4.414634738071272074e-02 -3.559951935245358468e-01
8.482474170669374730e-03 -3.598955893353214530e-01
-2.754965681352332732e-02 -3.602127373651122233e-01
-6.358833091419462125e-02 -3.569084832798464779e-01
-9.926747275714525864e-02 -3.499814391101236932e-01
-1.342204189899609268e-01 -3.394675220608568411e-01
-1.680837607730111261e-01 -3.254401013607348681e-01
-2.005012146698454678e-01 -3.080097439439128393e-01
-2.311274793660056392e-01 -2.873235541993358622e-01
-2.596320349147627216e-01 -2.635641076258983251e-01
-2.857028409856885998e-01 -2.369479829396319848e-01
-3.090498908917316823e-01 -2.077239019350801685e-01
-3.294085790004697145e-01 -1.761704911477953717e-01
-3.465428404965036902e-01 -1.425936840381841486e-01
-3.602480243485945977e-01 -1.073237869580925125e-01
-3.703534627341482088e-01 -7.071223651040917102e-02
-3.767247030650356376e-01 -3.312808000971621814e-02
-3.792653721156448166e-01 5.045785458062949230e-03
-3.779186455430182945e-01 4.341657645074362831e-02
-3.726683002701672298e-01 8.158574711670080193e-02
-3.635393317315352424e-01 1.191532291708932434e-01
-3.505981228031286867e-01 1.557217413355307389e-01
-3.339521563033108209e-01 1.909011201509009659e-01
-3.137492681938736094e-01 2.243126230922477815e-01
-2.901764439716176813e-01 2.555931545406212591e-01
-2.634581648996404124e-01 2.843993665702180262e-01
-2.338543206234646732e-01 3.104115819070192295e-01
-2.016577057173511989e-01 3.333374958117397702e-01
-1.671911203991013339e-01 3.529156136108466679e-01
-1.308041076773916178e-01 3.689183774742930688e-01
-9.286935933676832011e-02 3.811549445779076617e-01
-5.377882843426465970e-02 3.894735809864631193e-01
-1.393958988540566074e-02 3.937636397213656325e-01
2.623050583835244420e-02 3.939570960386106213e-01
6.630733794277481052e-02 3.900296178861122898e-01
1.058651291318941923e-01 3.820011547771074434e-01
1.444811158769274684e-01 3.699360338456304520e-01
1.817402218121261792e-01 3.539425575744992725e-01
2.172396803934786291e-01 3.341721035360792347e-01
2.505935530641467124e-01 3.108177323891987420e-01
2.814370899346619881e-01 2.841123162584412443e-01
3.094308814028865484e-01 2.543262054106791292e-01
3.342647511967593577e-01 2.217644567646894771e-01
3.556613440017336591e-01 1.867636531510829812e-01
3.733793641062434499e-01 1.496883473121005392e-01
3.872164253262908584e-01 1.109271693280479698e-01
3.970114768107012582e-01 7.088864041748420275e-02
4.026467741311512971e-01 2.999673982517245957e-02
4.040493702688687794e-01 -1.131372526541655349e-02
4.011921066604404729e-01 -5.260189422359167616e-02
3.940940894706703168e-01 -9.342571869439347809e-02
3.828206449624163010e-01 -1.333468589883014810e-01
3.674827521412482034e-01 -1.719355581960834156e-01
3.482359543384796474e-01 -2.087754398881001561e-01
3.252787625019668560e-01 -2.434681690004451837e-01
2.988505663701978565e-01 -2.756379229208733572e-01
2.692290761092305251e-01 -3.049356202846381092e-01
2.367273226496380001e-01 -3.310428576877890716e-01
2.016902502938930641e-01 -3.536755078390924623e-01
1.644909401057617071e-01 -3.725869365622347384e-01
1.255265070793290527e-01 -3.875708004805067386e-01
8.521371805889793594e-02 -3.984633921129920875e-01
4.398438079127577061e-02 -4.051455044243978953e-01
2.280557295071986273e-03 -4.075437925345638535e-01
-3.945034310856074256e-02 -4.056316162383016288e-01
-8.076053427075534363e-02 -3.994293531376925110e-01
-1.212068295644471716e-01 -3.890041784707684580e-01
-1.603555663810400933e-01 -3.744693140542691978e-01
-1.977874216528793250e-01 -3.559827550648881900e-01
-2.331020625818606973e-01 -3.337454895843249281e-01
-2.659225787353718395e-01 -3.079992318511779459e-01
-2.958996443058524717e-01 -2.790236959221846780e-01
-3.227153625862548836e-01 -2.471334418748468709e-01
-3.460867485493394069e-01 -2.126743317156545854e-01
-3.657688097854394083e-01 -1.760196367306527121e-01
-3.815571905592812230e-01 -1.375658406195426620e-01
-3.932903497094999978e-01 -9.772819224098039381e-02
-4.008512493366620522e-01 -5.693605691982794870e-02
-4.041685344080875320e-01 -1.562811783343073108e-02
-4.032171919053582632e-01 2.575251204107877404e-02
-3.980186836375503301e-01 6.676321203919291514e-02
-3.886405531152409276e-01 1.069667529197963624e-01
-3.751955131104240948e-01 1.459361164145300260e-01
-3.578400266503500848e-01 1.832591798426544683e-01
-3.367724001330998362e-01 2.185432122721837345e-01
-3.122304129362734604e-01 2.514191312028216108e-01
-2.844885132479773593e-01 2.815454718475172702e-01
-2.538546148163397520e-01 3.086120247553061358e-01
-2.206665338304126811e-01 3.323431016995696541e-01
-1.852881091580097506e-01 3.525003943976884324e-01
-1.481050526280075219e-01 3.688853956694598812e-01
-1.095205789165052956e-01 3.813413580171026718e-01
-6.995086684638886221e-02 3.897547702498040945e-01
-2.982040551488106261e-02 3.940563386083736352e-01
1.044272039140403154e-02 3.942214647964520369e-01
5.041155145596274562e-02 3.902702193188274937e-01
8.966492631443426231e-02 3.822668144896630982e-01
1.277920531467307552e-01 3.703185873298713848e-01
1.643969283411632343e-01 3.545745082514960567e-01
1.991025530746377559e-01 3.352232368587295119e-01
2.315549015214111161e-01 3.124907499918990750e-01
2.614265967460345785e-01 2.866375771642493686e-01
2.884202568579511405e-01 2.579556764465004148e-01
3.122714759297506304e-01 2.267649872425022695e-01
3.327514088760494815e-01 1.934097066410257748e-01
3.496689355097046814e-01 1.582543335274339824e-01
3.628723838221996623e-01 1.216795280903567450e-01
3.722507979385403232e-01 8.407783594196524546e-02
3.777347417065597956e-01 4.584932703950580363e-02
3.792966344261302636e-01 7.397199946484817740e-03
3.769506207358472860e-01 -3.087659829163943645e-02
3.707519820851011838e-01 -6.857568724828971840e-02
3.607961024621541002e-01 -1.053134552329011431e-01
3.472170060610972886e-01 -1.407171024690073158e-01
3.301854892934364405e-01 -1.744314819054780807e-01
3.099068739292762942e-01 -2.061226972435986904e-01
2.866184121396224138e-01 -2.354814212108189420e-01
2.605863777620448518e-01 -2.622259009475562674e-01
2.321028811900312516e-01 -2.861046215420201544e-01
2.014824478617104342e-01 -3.068986031918575219e-01
1.690584023731822594e-01 -3.244233121301819955e-01
1.351791017495867775e-01 -3.385301702652063760e-01
1.002040623647311168e-01 -3.491076533843933127e-01
6.450002540630117576e-02 -3.560819727029053139e-01
2.843700564431006148e-02 -3.594173394301866664e-01
-7.615632857281159906e-03 -3.591158157638230097e-01
-4.329302936107714411e-02 -3.552167644500574539e-01
-7.823856826153216537e-02 -3.477959088893921580e-01
-1.121074712023972797e-01 -3.369640189412938525e-01
-1.445702013620858428e-01 -3.228652471782747502e-01
-1.753156469451523369e-01 -3.056751397898280764e-01
-2.040540535095363706e-01 -2.855983504234747561e-01
-2.305196782996785654e-01 -2.628660879850797660e-01
-2.544731435281796239e-01 -2.377333317195437778e-01
-2.757034695003025004e-01 -2.104758487383578403e-01
-2.940297725522570960e-01 -1.813870505410934975e-01
-3.093026169215419841e-01 -1.507747259888667646e-01
-3.214050138318634842e-01 -1.189576886306414755e-01
-3.302530652037156123e-01 -8.626237626554132676e-02
-3.357962534439711266e-01 -5.301944015960489281e-02
-3.380173826757224553e-01 -1.956036044266203089e-02
-3.369321804982492452e-01 1.378587708563107361e-02
-3.325885728752150938e-01 4.669600918329862987e-02
-3.250656480000304605e-01 7.885559688373430798e-02
-3.144723279483920275e-01 1.099619714799175835e-01
-3.009457695718413817e-01 1.397269981376141057e-01
-2.846495183904783621e-01 1.678796333108995842e-01
-2.657714411907158847e-01 1.941682551257416511e-01
-2.445214646135854819e-01 2.183627490270728111e-01
-2.211291482243750439e-01 2.402563342072865926e-01
-1.958411207631233220e-01 2.596671188469918401e-01
-1.689184115776756478e-01 2.764393782507789665e-01
-1.406337050321137538e-01 2.904445504063699057e-01
-1.112685467112392579e-01 3.015819453864832522e-01
-8.111053252332969810e-02 3.097791722880017806e-01
-5.045050808751741500e-02 3.149922875346946594e-01
-1.957980538997827410e-02 3.172056717035993123e-01
1.121245773424347537e-02 3.164316445623496232e-01
4.164199138898863617e-02 3.127098303065364293e-01
7.143183861409972690e-02 3.061062870443539419e-01
1.003147515354273767e-01 2.967124163764316425e-01
1.280354207401489808e-01 2.846436704523226946e-01
1.543525421697618250e-01 2.700380751464165341e-01
1.790407081004223022e-01 2.530545889840938867e-01
2.018921110822671783e-01 2.338713181668239383e-01
2.227180520046828094e-01 2.126836084995365472e-01
2.413502457137742252e-01 1.897020352254412678e-01
2.576419198043748970e-01 1.651503117361835526e-01
2.714687043172913650e-01 1.392631378653168273e-01
2.827293120714423069e-01 1.122840080094591048e-01
2.913460112315888195e-01 8.446299867507260639e-02
2.972648934402004062e-01 5.605455424199010800e-02
3.004559424147766888e-01 2.731528879106802365e-02
3.009129093211699857e-01 -1.498179213271111148e-03
2.986530024740426392e-01 -3.013134374017192516e-02
2.937163993268895879e-01 -5.833386457659831686e-02
2.861655924941522433e-01 -8.586154530282798236e-02
2.760845781995370785e-01 -1.124782237333032953e-01
2.635778969253361192e-01 -1.379575626547109857e-01
2.487695396424174088e-01 -1.620847328448853653e-01
2.318017304321458028e-01 -1.846579798603208145e-01
2.128335972307398016e-01 -2.054900675887036676e-01
1.920397424870405045e-01 -2.244095926691230813e-01
1.696087254915231157e-01 -2.412621649187479678e-01
1.457414680236557014e-01 -2.559114498644632363e-01
1.206495947926060075e-01 -2.682400703576191536e-01
9.455371992874839204e-02 -2.781503650486511492e-01
6.768169053575873173e-02 -2.855650022173723546e-01
4.026679804962728093e-02 -2.904274480980574280e-01
1.254596788471946771e-02 -2.927022894119945540e-01
-1.524206241050587302e-02 -2.923754103318245146e-01
-4.285856650473551799e-02 -2.894540245611496032e-01
-7.006664437198979745e-02 -2.839665636302834417e-01
-9.663301952891135971e-02 -2.759624228962633263e-01
-1.223298089811790668e-01 -2.655115671045502057e-01
-1.469362565519250763e-01 -2.527039977336122956e-01
-1.702404203444684294e-01 -2.376490847140245721e-01
-1.920408051415744000e-01 -2.204747655025202091e-01
-2.121479305698339424e-01 -2.013266149093885238e-01
-2.303858258686691252e-01 -1.803667895342727923e-01
-2.465934414812566977e-01 -1.577728515060949910e-01
-2.606259703755063328e-01 -1.337364757092007472e-01
-2.723560683634232982e-01 -1.084620459488710165e-01
-2.816749632542140946e-01 -8.216514743235113494e-02
-2.884934458766958421e-01 -5.507096160328514567e-02
-2.927427335066787872e-01 -2.741257124179002566e-02
-2.943751971599159467e-01 5.708156121949526252e-04
-2.933649445397994993e-01 2.863571347437826251e-02
-2.897082508577522586e-01 5.653626861983265806e-02
-2.834238302844211965e-01 8.402621839183047059e-02
-2.745529414509073063e-01 1.108608883948334900e-01
-2.631593212089028966e-01 1.367992144240151864e-01
-2.493289417820399589e-01 1.616057750862651965e-01
-2.331695875007031571e-01 1.850528202187276816e-01
-2.148102485090013225e-01 2.069222794307814528e-01
-1.944003301625787661e-01 2.270077344047013723e-01
-1.721086782935276338e-01 2.451163380098981548e-01
-1.481224220947882364e-01 2.610706628361343373e-01
-1.226456380590122963e-01 2.747104614522270505e-01
-9.589784018081372319e-02 2.858943205670587684e-01
-6.811230347868957313e-02 2.945011913261807446e-01
-3.953422979302656515e-02 3.004317782348424615e-01
-1.041876674644636770e-02 3.036097696694304293e-01
1.897110731291655472e-02 3.039828936337693466e-01
4.836681765275863826e-02 3.015237833411847923e-01
7.749652957672721609e-02 2.962306386371412192e-01
1.060875705249950118e-01 2.881276698398769764e-01
1.338689163052418640e-01 2.772653125615861525e-01
1.605737187450337888e-01 2.637202051396571600e-01
1.859418537564817286e-01 2.475949206009843417e-01
2.097224650563324078e-01 2.290174481756621638e-01
2.316764785011204697e-01 2.081404216554644249e-01
2.515790613067201420e-01 1.851400944581877983e-01
2.692220000027752969e-01 1.602150639481457473e-01
2.844159708443385060e-01 1.335847503459892949e-01
2.969926765814631664e-01 1.054876384050122545e-01
3.068068239845243017e-01 7.617929290114731911e-02
3.137379173466416371e-01 4.593016184306809163e-02
3.176918443382243384e-01 1.502318411881834598e-02
3.186022320712811329e-01 -1.624877898304458862e-02
3.164315530368148055e-01 -4.758566634622663633e-02
3.111719626966298335e-01 -7.868306923551629528e-02
3.028458529256135567e-01 -1.092351864631110892e-01
2.915061081916229258e-01 -1.389378538558174447e-01
2.772360543024955937e-01 -1.674916176657621492e-01
2.601490927139812892e-01 -1.946048201760296192e-01
2.403880167450019312e-01 -2.199966646998174069e-01
2.181240095503298171e-01 -2.434002264824222661e-01
1.935553273149121789e-01 -2.645653757105285164e-01
1.669056748152884240e-01 -2.832615789290979236e-01
1.384222848696050889e-01 -2.992805459322386841e-01
1.083737140538869881e-01 -3.124386893917569519e-01
7.704737439972356161e-02 -3.225793660102587168e-01
4.474682397311750826e-02 -3.295748710741728260e-01
1.178883913457270255e-02 -3.333281587510138477e-01
-2.149970280278105245e-02 -3.337742637691839542e-01
-5.478509968613344550e-02 -3.308814029159838355e-01
-8.773022605750033232e-02 -3.246517380264599129e-01
-1.199980245888778302e-01 -3.151217856729011668e-01
-1.512550501092360944e-01 -3.023624625640169983e-01
-1.811750275421404599e-01 -2.864787596814305504e-01
-2.094423841429827737e-01 -2.676090423725795975e-01
-2.357557159593669793e-01 -2.459239779334912446e-01
-2.598311484531241611e-01 -2.216250965995821831e-01
-2.814055517276367602e-01 -1.949429962629269375e-01
-3.002395718031801719e-01 -1.661352055943469408e-01
-3.161204408728632842e-01 -1.354837245116148614e-01
-3.288645314428870203e-01 -1.032922650446736201e-01
-3.383196216970700831e-01 -6.988321954964619998e-02
-3.443668423042567373e-01 -3.559438686193858864e-02
-3.469222781793926402e-01 -7.754903038306236278e-04
-3.459382023797978323e-01 3.421547557419500618e-02
-3.414039233269715035e-01 6.901603008032738962e-02
-3.333462308454608891e-01 1.032630817438440485e-01
-3.218294310536712888e-01 1.365968507639039042e-01
-3.069549656885042221e-01 1.686647944293105383e-01
-2.888606129430849045e-01 1.991254903432833900e-01
-2.677192761681690403e-01 2.276524319239335292e-01
-2.437373715860486623e-01 2.539376927044697529e-01
-2.171528268633162728e-01 2.776954155440722327e-01
-1.882327105380440790e-01 2.986650849192959423e-01
-1.572705160484026421e-01 3.166145425672792779e-01
-1.245831284605639494e-01 3.313427093878761887e-01
-9.050750604692080203e-02 3.426819796322089218e-01
-5.539711256641671050e-02 3.505002569757955100e-01
-1.961813939634367288e-02 3.547026060547727733e-01
1.645444048668081444e-02 3.552324973874778635e-01
5.244094232028537195e-02 3.520726282591823963e-01
8.796111697399328078e-02 3.452453070589352468e-01
1.226383284986487521e-01 3.348123936642408705e-01
1.561037136269055325e-01 3.208747937085539292e-01
1.880002749227670522e-01 3.035715098729321326e-01
2.179868597501392891e-01 2.830782586498438724e-01
2.457419782940336028e-01 2.596056662667982073e-01
2.709674155141355567e-01 2.333970625631748286e-01
2.933915941219531476e-01 2.047258965197829017e-01
3.127726484252085215e-01 1.738928017837523821e-01
3.289011721448439340e-01 1.412223448509599411e-01
3.416026070424679206e-01 1.070594925077268667e-01
3.507392433543884969e-01 7.176583864108367072e-02
3.562118085505545650e-01 3.571563350388187036e-02
3.579606217997220452e-01 -7.083392055195000684e-04
3.559663015855522028e-01 -3.711898881666538669e-02
3.502500194038402626e-01 -7.312919952027667481e-02
3.408732927441814331e-01 -1.083561178627839017e-01
3.279373200659065346e-01 -1.424253958121668162e-01
3.115818649905154336e-01 -1.749753399165176193e-01
2.919837023411926968e-01 -2.056609181349484672e-01
2.693546439208173715e-01 -2.341575775768579559e-01
2.439391669662472895e-01 -2.601648286201134197e-01
2.160116729843352956e-01 -2.834095536637919466e-01
1.858734091034395242e-01 -3.036490020719297411e-01
1.538490881067894334e-01 -3.206734366396995495e-01
1.202832468997684645e-01 -3.343084011147905432e-01
8.553638625657708494e-02 -3.444165828811637242e-01
4.998093725387021263e-02 -3.508992498016118011e-01
1.399710179778507028e-02 -3.536972453573730135e-01
-2.203138393838010786e-02 -3.527915315519265516e-01
-5.772151354269087348e-02 -3.482032744941345737e-01
-9.269525204430588416e-02 -3.399934730737534383e-01
-1.265837058526338987e-01 -3.282621366201334268e-01
-1.590311725954679511e-01 -3.131470228232046682e-01
-1.896990241201852445e-01 -2.948219524264716340e-01
-2.182693781172656833e-01 -2.734947222088340846e-01
-2.444485165612119981e-01 -2.494046424928485495e-01
-2.679700135155951846e-01 -2.228197300012313142e-01
-2.885975341781747416e-01 -1.940335895241196984e-01
-3.061272763102969585e-01 -1.633620241775526338e-01
-3.203900303309452635e-01 -1.311394151099786465e-01
-3.312528332036667744e-01 -9.771491343809668439e-02
-3.386202006370222506e-01 -6.344849048131553926e-02
-3.424349262530493876e-01 -2.870689329944234314e-02
-3.426784416545414214e-01 6.140446672313265748e-03
-3.393707366341656706e-01 4.072550390394340941e-02
-3.325698440486817287e-01 7.468570038140823208e-02
-3.223708990627465187e-01 1.076678519487238028e-01
-3.089047874838015684e-01 1.393319743368666708e-01
-2.923364026997315457e-01 1.693549059324981343e-01
-2.728625352352700983e-01 1.974337069486968022e-01
-2.507094231066490653e-01 2.232887977428012205e-01
-2.261299949268295306e-01 2.466668025392569907e-01
-1.994008410515071550e-01 2.673430687089298763e-01
-1.708189509207741763e-01 2.851238359770357778e-01
-1.406982571112631308e-01 2.998480344222084759e-01
-1.093660284442040109e-01 3.113886948288764334e-01
-7.715915577872216324e-02 3.196539598014969119e-01
-4.442037484693876770e-02 3.245876889785273556e-01
-1.149447065551473766e-02 3.261696566321075630e-01
2.127549240786233420e-02 3.244153448426240760e-01
5.355187155270738075e-02 3.193753402333058267e-01
8.500603700644829286e-02 3.111343474099234618e-01
1.153218109335042707e-01 2.998098340205118673e-01
1.441987180050073314e-01 2.855503308690761632e-01
1.713550158470088791e-01 2.685334124244841414e-01
1.965304707381556604e-01 2.489633842223589189e-01
2.194888517525143412e-01 2.270687093116281474e-01
2.400201194133643467e-01 2.030992077145450936e-01
2.579422889978448818e-01 1.773230649794470815e-01
2.731029528802230710e-01 1.500236875291894034e-01
2.853804506652322104e-01 1.214964436326428088e-01
2.946846802838011259e-01 9.204532944629172098e-02
3.009575476431618490e-01 6.197959968913703543e-02
3.041730567844345146e-01 3.161040213485232647e-02
3.043370467477838903e-01 1.247454245071322665e-03
3.014865854251351784e-01 -2.880420105237836009e-02
2.956890345434807776e-01 -5.824732518986919239e-02
2.870408035221548304e-01 -8.679546629525891621e-02
2.756658132437217468e-01 -1.141757634594695175e-01
2.617136937339032410e-01 -1.401315452022856289e-01
2.453577423302501226e-01 -1.644246975235651720e-01
2.267926711067572154e-01 -1.868377802795668785e-01
2.062321740930362357e-01 -2.071758741581946062e-01
1.839063461688402734e-01 -2.252681441915990179e-01
1.600589864207378199e-01 -2.409691094880574147e-01
1.349448192167972127e-01 -2.541596126357890117e-01
1.088266653116633648e-01 -2.647474868132638215e-01
8.197259848036654584e-02 -2.726679185212219636e-01
5.465311885284934029e-02 -2.778835130924704466e-01
2.713837121282711845e-02 -2.803840719420888639e-01
-3.045595013895525255e-04 -2.801860897968619368e-01
-2.741424868429137227e-02 -2.773319868828288404e-01
-5.393740309043109499e-02 -2.718890926947185593e-01
-7.963117934033264733e-02 -2.639484003419761415e-01
-1.042653294416053811e-01 -2.536231125135076092e-01
-1.276241556279217038e-01 -2.410470018099663270e-01
-1.495082597094632149e-01 -2.263726095465527777e-01
-1.697360751002499613e-01 -2.097693081245434465e-01
-1.881451726966286153e-01 -1.914212527051245838e-01
-2.045933347841262240e-01 -1.715252481988993050e-01
-2.189593941053495640e-01 -1.502885575180483713e-01
-2.311438380901500167e-01 -1.279266766397441635e-01
-2.410691809940111452e-01 -1.046611013176787924e-01
-2.486801092777617406e-01 -8.071710927616944364e-02
-2.539434079610402573e-01 -5.632158045450552653e-02
-2.568476778670955030e-01 -3.170087636735529485e-02
-2.574028556253768474e-01 -7.078797942027519746e-03
-2.556395499932592186e-01 1.732536068099273935e-02
-2.516082094860709883e-01 4.129864690635413893e-02
-2.453781374569125873e-01 6.463615962987877273e-02
-2.370363716408162569e-01 8.714262317010755543e-02
-2.266864450348432813e-01 1.086338172184340006e-01
-2.144470478072144637e-01 1.289378525153127009e-01
-2.004506079734332258e-01 1.478962904352489061e-01
-1.848418063326688343e-01 1.653651056239487938e-01
-1.677760450506745327e-01 1.812154877224642635e-01
-1.494178861271001635e-01 1.953344845703515742e-01
-1.299394756484879565e-01 2.076254898026121953e-01
-1.095189687341743129e-01 2.180085792845480597e-01
-8.833896895018629458e-02 2.264207021752553950e-01
-6.658499472420696674e-02 2.328157335631539093e-01
-4.444398397163844272e-02 2.371643965685509281e-01
-2.210284676774487700e-02 2.394540625556176860e-01
2.529254975592934440e-04 2.396884386400838507e-01
2.244058743973499637e-02 2.378871520240154747e-01
4.428139779517642483e-02 2.340852408434143384e-01
6.560180396096029765e-02 2.283325611895931917e-01
8.623454981775452444e-02 2.206931197759036678e-01
1.060197048278211790e-01 2.112443413846572526e-01
1.248056134188751387e-01 2.000762797644840552e-01
1.424497645556058734e-01 1.872907800772483922e-01
1.588195821536512176e-01 1.730006003386682645e-01
1.737931375989077709e-01 1.573284985815361914e-01
1.872597860949950788e-01 1.404062917188599879e-01
1.991207288736884795e-01 1.223738913201686263e-01
2.092895034708822100e-01 1.033783207609094562e-01
2.176924038386272575e-01 8.357271637740119885e-02
2.242688333304332926e-01 6.311531925510403818e-02
2.289715928470240913e-01 4.216845744623491654e-02
2.317671040011011208e-01 2.089751852072133098e-02
2.326355696887943414e-01 -5.300825015728950589e-04
2.315710726291451693e-01 -2.194593973607966361e-02
2.285816121487654895e-01 -4.318169642270845016e-02
2.236890789755977549e-01 -6.407008724684976064e-02
2.169291672951235983e-01 -8.444598183394752544e-02
2.083512228364119145e-01 -1.041474280478043024e-01
1.980180253155432168e-01 -1.230166933911065047e-01
1.860055031906421019e-01 -1.409013023634548001e-01
1.724023783950287825e-01 -1.576550670890814188e-01
1.573097385300069595e-01 -1.731391078978474773e-01
1.408405339314489912e-01 -1.872228598460074223e-01
1.231189970869192019e-01 -1.997850604167518140e-01
1.042799820820093787e-01 -2.107147128656677859e-01
8.446822210212023840e-02 -2.199120188953515298e-01
6.383750351205634554e-02 -2.272892735798001385e-01
4.254975568002351133e-02 -2.327717147366887007e-01
2.077405650092607400e-02 -2.362983182880146193e-01
-1.314445501237994276e-03 -2.378225305801558997e-01
-2.353569056150668290e-02 -2.373129281754706721e-01
-4.570594546017514581e-02 -2.347537953000259636e-01
-6.763911535842563605e-02 -2.301456089548350181e-01
-8.914812376654153436e-02 -2.235054206372705243e-01
-1.100463538292189569e-01 -2.148671281251230691e-01
-1.301491431986349367e-01 -2.042816255319259422e-01
-1.492753213769284770e-01 -1.918168206284988353e-01
-1.672487787607709331e-01 -1.775575145399251598e-01
-1.839000547982753697e-01 -1.616051355652357857e-01
-1.990679314299637348e-01 -1.440773211089455275e-01
-2.126010168569773817e-01 -1.251073430712174583e-01
-2.243593036916741168e-01 -1.048433735806472838e-01
-2.342156847245156492e-01 -8.344758965491605451e-02
-2.420574089111406646e-01 -6.109511722066215955e-02
-2.477874597668711376e-01 -3.797281689224971113e-02
-2.513258381719200574e-01 -1.427791597390613322e-02
-2.526107316553663495e-01 9.783506717559642754e-03
-2.515995525520455245e-01 3.399817444245105402e-02
-2.482698280224537035e-01 5.814739359922171252e-02
-2.426199257960077460e-01 8.200894917164572306e-02
-2.346696006425630365e-01 1.053590993977308321e-01
-2.244603479915051047e-01 1.279746525171141236e-01
-2.120555527929646744e-01 1.496351066101763994e-01
-1.975404236381866907e-01 1.701248318681633231e-01
-1.810217043077920751e-01 1.892352731619407480e-01
-1.626271572753037742e-01 2.067671495383378577e-01
-1.425048162325336376e-01 2.225326262954670509e-01
-1.208220073931848826e-01 2.363574345969635948e-01
-9.776414225529474200e-02 2.480829122720460134e-01
-7.353328733985008137e-02 2.575679431826726207e-01
-4.834651844321371378e-02 2.646907680060523460e-01
-2.243407161962001142e-02 2.693506399357625258e-01
3.962695058296196449e-03 2.714693045550172767e-01
3.059351203648601539e-02 2.709922806699616715e-01
5.720156141863829563e-02 2.678899214850248844e-01
8.352597049631321768e-02 2.621582374939092630e-01
1.093044111508081617e-01 2.538194647621468403e-01
1.342757785458619235e-01 2.429223648677414360e-01
1.581829207511671886e-01 2.295422456178792814e-01
1.807753894729597077e-01 2.137806947401069690e-01
2.018121809488809260e-01 1.957650220197477420e-01
2.210644353148218944e-01 1.756474087819220875e-01
2.383180623918090546e-01 1.536037671534805638e-01
2.533762618863286131e-01 1.298323151419631671e-01
2.660619064575455717e-01 1.045518771878959641e-01
2.762197569836969957e-01 7.799992343453930610e-02
2.837184806557428440e-01 5.043036446618107821e-02
2.884524442314230219e-01 2.211112164287643705e-02
2.903432568835395688e-01 -6.678503642382828918e-03
2.893410395531033630e-01 -3.565063548577120794e-02
2.854254005457975141e-01 -6.451177477397664062e-02
2.786061002585168977e-01 -9.296586487553354372e-02
2.689233913559681555e-01 -1.207174382945088997e-01
2.564480245029380767e-01 -1.474748083872547688e-01
2.412809135762345736e-01 -1.729532723459197840e-01
2.235524575234892619e-01 -1.968782866123103548e-01
2.034215217206883364e-01 -2.189885755689191527e-01
1.810740848985324947e-01 -2.390391386911147331e-01
1.567215619638817337e-01 -2.568041186085303074e-01
1.305988172308132911e-01 -2.720794944246329727e-01
1.029618865750031448e-01 -2.846855661933656023e-01
7.408543085364445446e-02 -2.944691984583218680e-01
4.425994653799683598e-02 -3.013057932036747877e-01
1.378876283627700206e-02 -3.051009654212940569e-01
-1.701514240662954994e-02 -3.057918977335363220e-01
-4.783247310307089245e-02 -3.033483540888652352e-01
-7.834105444261012241e-02 -2.977733364254598336e-01
-1.082193425721237195e-01 -2.891033723294226809e-01
-1.371499641400667491e-01 -2.774084260482660436e-01
-1.648232445703067539e-01 -2.627914297029013135e-01
-1.909406836001600327e-01 -2.453874361156468675e-01
-2.152183368042479283e-01 -2.253623992792722908e-01
-2.373900625335577941e-01 -2.029115930732167117e-01
-2.572105949237047939e-01 -1.782576833280742346e-01
-2.744584053569536497e-01 -1.516484726890333090e-01
-2.889383169813161678e-01 -1.233543418754157461e-01
-3.004838395725445976e-01 -9.366541482126909679e-02
-3.089591951402785308e-01 -6.288847875856755365e-02
-3.142610083619285510e-01 -3.134369429830480280e-02
-3.163196394605907180e-01 6.388698252489416907e-04
-3.151001409059695502e-01 3.272283618532154104e-02
-3.106028252333741246e-01 6.456920935306859066e-02
-3.028634346269795663e-01 9.584011751946400204e-02
-2.919529080323863823e-01 1.262025606549690149e-01
-2.779767464112788411e-01 1.553321212861107636e-01
-2.610739816147381598e-01 1.829165941929286054e-01
-2.414157591710374418e-01 2.086594921024061411e-01
-2.192035499963358169e-01 2.322833857630275112e-01
-1.946670105815872798e-01 2.535330386198281216e-01
-1.680615155271732164e-01 2.721782986461313558e-01
-1.396653903320395351e-01 2.880167126992317361e-01
-1.097768760438614932e-01 3.008758320179139023e-01
-7.871086069262844820e-02 3.106151811293106357e-01
-4.679541531869045590e-02 3.171278664352725207e-01
-1.436817482993612942e-02 3.203418050534810324e-01
1.822739415034261082e-02 3.202205590412607328e-01
5.064579487839990929e-02 3.167637648723951038e-01
8.254332709664419232e-02 3.100071529086401156e-01
1.135818939076142925e-01 3.000221565457594775e-01
1.434327444133882967e-01 2.869151156556056792e-01
1.717801084129920441e-01 2.708260838278415128e-01
1.983246807864245675e-01 2.519272536749760372e-01
2.227869150537934717e-01 2.304210190417887161e-01
2.449100882035367965e-01 2.065376981242597054e-01
2.644631010960832862e-01 1.805329421061022954e-01
2.812429818986563745e-01 1.526848621078955304e-01
2.950770652444588138e-01 1.232909102877493696e-01
3.058248221098706088e-01 9.266454959187217510e-02
3.133793203131354232e-01 6.113175249425593233e-02
3.176682999853284728e-01 2.902737010454632671e-02
3.186548530469022755e-01 -3.308585596293353841e-03
3.163377005194172309e-01 -3.553470278749214228e-02
3.107510663504695625e-01 -6.731193019993744753e-02
3.019641512682332829e-01 -9.830729320237621693e-02
2.900802149488383441e-01 -1.281975226970979709e-01
2.752352794146853965e-01 -1.566725552445471237e-01
2.575964710265604141e-01 -1.834388646456949212e-01
2.373600226317290618e-01 -2.082225874985220160e-01
2.147489613323615432e-01 -2.307724079779711335e-01
1.900105108962417133e-01 -2.508621702289714483e-01
1.634132410022145487e-01 -2.682931902663026613e-01
1.352439982591591983e-01 -2.828962430953995688e-01
1.058046562282181358e-01 -2.945332048532250391e-01
7.540872348866417552e-02 -3.030983340635193812e-01
4.437785009975736550e-02 -3.085191805493219808e-01
1.303827361261438236e-02 -3.107571150893913003e-01
-1.828275392732168700e-02 -3.098074774851467539e-01
-4.926051677311289040e-02 -3.056993452622444596e-01
-7.957632385940854869e-02 -2.984949306603754127e-01
-1.089208951014192239e-01 -2.882886139517663593e-01
-1.369976074807697786e-01 -2.752056304424307931e-01
-1.635255667320586748e-01 -2.594004321325431017e-01
-1.882424710731418482e-01 -2.410547437907932800e-01
-2.109072370316781297e-01 -2.203753404514676717e-01
-2.313023605851038111e-01 -1.975915752799562997e-01
-2.492359903413740863e-01 -1.729526892803288640e-01
-2.645436932296224009e-01 -1.467249364216331453e-01
-2.770898970919455917e-01 -1.191885594174677127e-01
-2.867689986168270866e-01 -9.063465259218797532e-02
-2.935061291774117009e-01 -6.136194899916255774e-02
-2.972575752800005744e-01 -3.167356922047739193e-02
-2.980108544364401535e-01 -1.873769078300347064e-03
-2.957844512966083528e-01 2.773527716322504721e-02
-2.906272227640915862e-01 5.685662261336278667e-02
-2.826174845222624854e-01 8.520158859491644421e-02
-2.718617948754921687e-01 1.124926684018048573e-01
-2.584934550212440452e-01 1.384662641054909271e-01
-2.426707477777244604e-01 1.628752290977157902e-01
-2.245749393678255768e-01 1.854911918906717583e-01
-2.044080710776271792e-01 2.061066397644847337e-01
-1.823905694464370009e-01 2.245367441108297446e-01
-1.587587050905278629e-01 2.406209127242701917e-01
-1.337619313052906267e-01 2.542240577921826006e-01
-1.076601339914071559e-01 2.652375729909864921e-01
-8.072082513225126155e-02 2.735800120823064230e-01
-5.321631248239486883e-02 2.791974707845180648e-01
-2.542087549562588311e-02 2.820636769310147507e-01
2.392021641372337436e-03 2.821797915393449707e-01
2.995245072445179568e-02 2.795739311060277954e-01
5.699664643510809342e-02 2.743004232237075679e-01
8.326951372966462372e-02 2.664388102963497484e-01
1.085269921266040494e-01 2.560926185435991598e-01
1.325382556359652741e-01 2.433879116141121068e-01
1.550877295871199435e-01 2.284716499512254861e-01
1.759769082651981564e-01 2.115098785591474906e-01
1.950259600222209733e-01 1.926857669952700969e-01
2.120751093467400095e-01 1.721975262603919477e-01
2.269857882160619678e-01 1.502562277746265773e-01
2.396415518795586286e-01 1.270835498182035228e-01
2.499487569933133979e-01 1.029094766933379007e-01
2.578370027106937079e-01 7.796997544008553438e-02
2.632593378981814003e-01 5.250467423364732489e-02
2.661922400616875684e-01 2.675456562437638144e-02
2.666353738097113069e-01 9.597565791922643306e-04
2.646111387237318202e-01 -2.464271412888435417e-02
2.601640183346571322e-01 -4.982097222888860755e-02
2.533597435024863009e-01 -7.435030074626529373e-02
2.442842848541394718e-01 -9.801501393347114566e-02
2.330426899259955276e-01 -1.206102001844861216e-01
2.197577814381497796e-01 -1.419433187065194668e-01
2.045687351367972973e-01 -1.618356431458173317e-01
1.876295536997489299e-01 -1.801235474383505730e-01
1.691074545475861057e-01 -1.966596246902315714e-01
1.491811893876677508e-01 -2.113136369070649501e-01
1.280393128763130661e-01 -2.239732939917981891e-01
1.058784173100973530e-01 -2.345448621707815207e-01
8.290134961497265531e-02 -2.429536036241044528e-01
5.931542611345872601e-02 -2.491440505735509348e-01
3.533065963830460399e-02 -2.530801184076966748e-01
1.115801254945941560e-02 -2.547450635900938010e-01
